codigo_bcra,nombre_banco,tipo_entidad,fuente,variable,periodo,valor,scraping_fecha
00340,BACS BANCO DE CREDITO Y SECURITIZAC,privado_nacional,informacion_estructura,Cantidad de cuentas corrientes,Dic-2023,,2026-04-19
00340,BACS BANCO DE CREDITO Y SECURITIZAC,privado_nacional,informacion_estructura,Cantidad de cuentas de ahorro,Dic-2023,65.0,2026-04-19
00340,BACS BANCO DE CREDITO Y SECURITIZAC,privado_nacional,informacion_estructura,Cantidad de operaciones a plazo fijo Empresas,Dic-2023,7.0,2026-04-19
00340,BACS BANCO DE CREDITO Y SECURITIZAC,privado_nacional,informacion_estructura,Cantidad de operaciones por préstamos hipotecarios,Dic-2023,85.0,2026-04-19
00340,BACS BANCO DE CREDITO Y SECURITIZAC,privado_nacional,informacion_estructura,Cantidad de operaciones por préstamos prendarios,Dic-2023,8.0,2026-04-19
00340,BACS BANCO DE CREDITO Y SECURITIZAC,privado_nacional,informacion_estructura,Cantidad de operaciones por otros préstamos,Dic-2023,734.0,2026-04-19
00340,BACS BANCO DE CREDITO Y SECURITIZAC,privado_nacional,informacion_estructura,Dotación de personal,Dic-2023,69.0,2026-04-19
00340,BACS BANCO DE CREDITO Y SECURITIZAC,privado_nacional,informacion_estructura,Cantidad de cuentas corrientes,Dic-2024,,2026-04-19
00340,BACS BANCO DE CREDITO Y SECURITIZAC,privado_nacional,informacion_estructura,Cantidad de cuentas de ahorro,Dic-2024,13.0,2026-04-19
00340,BACS BANCO DE CREDITO Y SECURITIZAC,privado_nacional,informacion_estructura,Cantidad de operaciones a plazo fijo Empresas,Dic-2024,15.0,2026-04-19
00340,BACS BANCO DE CREDITO Y SECURITIZAC,privado_nacional,informacion_estructura,Cantidad de operaciones por préstamos hipotecarios,Dic-2024,18.0,2026-04-19
00340,BACS BANCO DE CREDITO Y SECURITIZAC,privado_nacional,informacion_estructura,Cantidad de operaciones por préstamos prendarios,Dic-2024,2.0,2026-04-19
00340,BACS BANCO DE CREDITO Y SECURITIZAC,privado_nacional,informacion_estructura,Cantidad de operaciones por otros préstamos,Dic-2024,12008.0,2026-04-19
00340,BACS BANCO DE CREDITO Y SECURITIZAC,privado_nacional,informacion_estructura,Dotación de personal,Dic-2024,74.0,2026-04-19
00340,BACS BANCO DE CREDITO Y SECURITIZAC,privado_nacional,informacion_estructura,Cantidad de cuentas corrientes,Jun-2025,1.0,2026-04-19
00340,BACS BANCO DE CREDITO Y SECURITIZAC,privado_nacional,informacion_estructura,Cantidad de cuentas de ahorro,Jun-2025,13.0,2026-04-19
00340,BACS BANCO DE CREDITO Y SECURITIZAC,privado_nacional,informacion_estructura,Cantidad de operaciones a plazo fijo Empresas,Jun-2025,8.0,2026-04-19
00340,BACS BANCO DE CREDITO Y SECURITIZAC,privado_nacional,informacion_estructura,Cantidad de operaciones por préstamos hipotecarios,Jun-2025,,2026-04-19
00340,BACS BANCO DE CREDITO Y SECURITIZAC,privado_nacional,informacion_estructura,Cantidad de operaciones por préstamos prendarios,Jun-2025,1.0,2026-04-19
00340,BACS BANCO DE CREDITO Y SECURITIZAC,privado_nacional,informacion_estructura,Cantidad de operaciones por otros préstamos,Jun-2025,18223.0,2026-04-19
00340,BACS BANCO DE CREDITO Y SECURITIZAC,privado_nacional,informacion_estructura,Dotación de personal,Jun-2025,72.0,2026-04-19
00340,BACS BANCO DE CREDITO Y SECURITIZAC,privado_nacional,informacion_estructura,Cantidad de cuentas corrientes,Set-2025,1.0,2026-04-19
00340,BACS BANCO DE CREDITO Y SECURITIZAC,privado_nacional,informacion_estructura,Cantidad de cuentas de ahorro,Set-2025,17.0,2026-04-19
00340,BACS BANCO DE CREDITO Y SECURITIZAC,privado_nacional,informacion_estructura,Cantidad de operaciones a plazo fijo Empresas,Set-2025,8.0,2026-04-19
00340,BACS BANCO DE CREDITO Y SECURITIZAC,privado_nacional,informacion_estructura,Cantidad de operaciones por préstamos hipotecarios,Set-2025,,2026-04-19
00340,BACS BANCO DE CREDITO Y SECURITIZAC,privado_nacional,informacion_estructura,Cantidad de operaciones por préstamos prendarios,Set-2025,1.0,2026-04-19
00340,BACS BANCO DE CREDITO Y SECURITIZAC,privado_nacional,informacion_estructura,Cantidad de operaciones por otros préstamos,Set-2025,17897.0,2026-04-19
00340,BACS BANCO DE CREDITO Y SECURITIZAC,privado_nacional,informacion_estructura,Dotación de personal,Set-2025,72.0,2026-04-19
00340,BACS BANCO DE CREDITO Y SECURITIZAC,privado_nacional,informacion_estructura,Cantidad de cuentas corrientes,Dic-2025,1.0,2026-04-19
00340,BACS BANCO DE CREDITO Y SECURITIZAC,privado_nacional,informacion_estructura,Cantidad de cuentas de ahorro,Dic-2025,19.0,2026-04-19
00340,BACS BANCO DE CREDITO Y SECURITIZAC,privado_nacional,informacion_estructura,Cantidad de operaciones a plazo fijo Empresas,Dic-2025,39.0,2026-04-19
00340,BACS BANCO DE CREDITO Y SECURITIZAC,privado_nacional,informacion_estructura,Cantidad de operaciones por préstamos hipotecarios,Dic-2025,,2026-04-19
00340,BACS BANCO DE CREDITO Y SECURITIZAC,privado_nacional,informacion_estructura,Cantidad de operaciones por préstamos prendarios,Dic-2025,1.0,2026-04-19
00340,BACS BANCO DE CREDITO Y SECURITIZAC,privado_nacional,informacion_estructura,Cantidad de operaciones por otros préstamos,Dic-2025,31070.0,2026-04-19
00340,BACS BANCO DE CREDITO Y SECURITIZAC,privado_nacional,informacion_estructura,Dotación de personal,Dic-2025,71.0,2026-04-19
00340,BACS BANCO DE CREDITO Y SECURITIZAC,privado_nacional,informacion_estructura,CABA,Habilitadas,1.0,2026-04-19
00340,BACS BANCO DE CREDITO Y SECURITIZAC,privado_nacional,informacion_estructura,CABA,Habilitadas,,2026-04-19
00340,BACS BANCO DE CREDITO Y SECURITIZAC,privado_nacional,informacion_estructura,CABA,Habilitadas,,2026-04-19
00340,BACS BANCO DE CREDITO Y SECURITIZAC,privado_nacional,informacion_estructura,CABA,Habilitadas,,2026-04-19
00340,BACS BANCO DE CREDITO Y SECURITIZAC,privado_nacional,informacion_estructura,CABA,Habilitadas,,2026-04-19
00340,BACS BANCO DE CREDITO Y SECURITIZAC,privado_nacional,informacion_estructura,CABA,Habilitadas,,2026-04-19
00340,BACS BANCO DE CREDITO Y SECURITIZAC,privado_nacional,informacion_estructura,CABA,Habilitadas,,2026-04-19
00340,BACS BANCO DE CREDITO Y SECURITIZAC,privado_nacional,informacion_estructura,CABA,Pendientes de habilitación,,2026-04-19
00340,BACS BANCO DE CREDITO Y SECURITIZAC,privado_nacional,informacion_estructura,CABA,Total,1.0,2026-04-19
00017,BANCO BBVA ARGENTINA S.A.,extranjero,informacion_estructura,Cantidad de cuentas corrientes,Dic-2023,2179022.0,2026-04-19
00017,BANCO BBVA ARGENTINA S.A.,extranjero,informacion_estructura,Cantidad de cuentas de ahorro,Dic-2023,6073203.0,2026-04-19
00017,BANCO BBVA ARGENTINA S.A.,extranjero,informacion_estructura,Cantidad de cajas de ahorro de ayuda social,Dic-2023,384288.0,2026-04-19
00017,BANCO BBVA ARGENTINA S.A.,extranjero,informacion_estructura,Cantidad de cuentas previsionales,Dic-2023,221880.0,2026-04-19
00017,BANCO BBVA ARGENTINA S.A.,extranjero,informacion_estructura,Cantidad de operaciones a plazo fijo Individuos,Dic-2023,453380.0,2026-04-19
00017,BANCO BBVA ARGENTINA S.A.,extranjero,informacion_estructura,Cantidad de operaciones a plazo fijo Empresas,Dic-2023,6392.0,2026-04-19
00017,BANCO BBVA ARGENTINA S.A.,extranjero,informacion_estructura,Cantidad de operaciones por préstamos hipotecarios,Dic-2023,4383.0,2026-04-19
00017,BANCO BBVA ARGENTINA S.A.,extranjero,informacion_estructura,Cantidad de operaciones por préstamos prendarios,Dic-2023,17653.0,2026-04-19
00017,BANCO BBVA ARGENTINA S.A.,extranjero,informacion_estructura,Cantidad de operaciones por otros préstamos,Dic-2023,3278760.0,2026-04-19
00017,BANCO BBVA ARGENTINA S.A.,extranjero,informacion_estructura,Dotación de personal,Dic-2023,5918.0,2026-04-19
00017,BANCO BBVA ARGENTINA S.A.,extranjero,informacion_estructura,Cantidad de titulares por tarjetas de crédito,Dic-2023,4951122.0,2026-04-19
00017,BANCO BBVA ARGENTINA S.A.,extranjero,informacion_estructura,Cantidad de tarjetas de crédito (plásticos),Dic-2023,5337069.0,2026-04-19
00017,BANCO BBVA ARGENTINA S.A.,extranjero,informacion_estructura,Cantidad de tarjetas de débito,Dic-2023,4010963.0,2026-04-19
00017,BANCO BBVA ARGENTINA S.A.,extranjero,informacion_estructura,Cantidad de cuentas corrientes,Dic-2024,2239373.0,2026-04-19
00017,BANCO BBVA ARGENTINA S.A.,extranjero,informacion_estructura,Cantidad de cuentas de ahorro,Dic-2024,6437239.0,2026-04-19
00017,BANCO BBVA ARGENTINA S.A.,extranjero,informacion_estructura,Cantidad de cajas de ahorro de ayuda social,Dic-2024,386663.0,2026-04-19
00017,BANCO BBVA ARGENTINA S.A.,extranjero,informacion_estructura,Cantidad de cuentas previsionales,Dic-2024,258673.0,2026-04-19
00017,BANCO BBVA ARGENTINA S.A.,extranjero,informacion_estructura,Cantidad de operaciones a plazo fijo Individuos,Dic-2024,294253.0,2026-04-19
00017,BANCO BBVA ARGENTINA S.A.,extranjero,informacion_estructura,Cantidad de operaciones a plazo fijo Empresas,Dic-2024,5970.0,2026-04-19
00017,BANCO BBVA ARGENTINA S.A.,extranjero,informacion_estructura,Cantidad de operaciones por préstamos hipotecarios,Dic-2024,4298.0,2026-04-19
00017,BANCO BBVA ARGENTINA S.A.,extranjero,informacion_estructura,Cantidad de operaciones por préstamos prendarios,Dic-2024,15230.0,2026-04-19
00017,BANCO BBVA ARGENTINA S.A.,extranjero,informacion_estructura,Cantidad de operaciones por otros préstamos,Dic-2024,3417520.0,2026-04-19
00017,BANCO BBVA ARGENTINA S.A.,extranjero,informacion_estructura,Dotación de personal,Dic-2024,6193.0,2026-04-19
00017,BANCO BBVA ARGENTINA S.A.,extranjero,informacion_estructura,Cantidad de titulares por tarjetas de crédito,Dic-2024,5300275.0,2026-04-19
00017,BANCO BBVA ARGENTINA S.A.,extranjero,informacion_estructura,Cantidad de tarjetas de crédito (plásticos),Dic-2024,5216767.0,2026-04-19
00017,BANCO BBVA ARGENTINA S.A.,extranjero,informacion_estructura,Cantidad de tarjetas de débito,Dic-2024,4232586.0,2026-04-19
00017,BANCO BBVA ARGENTINA S.A.,extranjero,informacion_estructura,Cantidad de cuentas corrientes,Jun-2025,2378868.0,2026-04-19
00017,BANCO BBVA ARGENTINA S.A.,extranjero,informacion_estructura,Cantidad de cuentas de ahorro,Jun-2025,6875324.0,2026-04-19
00017,BANCO BBVA ARGENTINA S.A.,extranjero,informacion_estructura,Cantidad de cajas de ahorro de ayuda social,Jun-2025,385038.0,2026-04-19
00017,BANCO BBVA ARGENTINA S.A.,extranjero,informacion_estructura,Cantidad de cuentas previsionales,Jun-2025,272251.0,2026-04-19
00017,BANCO BBVA ARGENTINA S.A.,extranjero,informacion_estructura,Cantidad de operaciones a plazo fijo Individuos,Jun-2025,286289.0,2026-04-19
00017,BANCO BBVA ARGENTINA S.A.,extranjero,informacion_estructura,Cantidad de operaciones a plazo fijo Empresas,Jun-2025,6480.0,2026-04-19
00017,BANCO BBVA ARGENTINA S.A.,extranjero,informacion_estructura,Cantidad de operaciones por préstamos hipotecarios,Jun-2025,5697.0,2026-04-19
00017,BANCO BBVA ARGENTINA S.A.,extranjero,informacion_estructura,Cantidad de operaciones por préstamos prendarios,Jun-2025,19597.0,2026-04-19
00017,BANCO BBVA ARGENTINA S.A.,extranjero,informacion_estructura,Cantidad de operaciones por otros préstamos,Jun-2025,3633459.0,2026-04-19
00017,BANCO BBVA ARGENTINA S.A.,extranjero,informacion_estructura,Dotación de personal,Jun-2025,6407.0,2026-04-19
00017,BANCO BBVA ARGENTINA S.A.,extranjero,informacion_estructura,Cantidad de titulares por tarjetas de crédito,Jun-2025,5589604.0,2026-04-19
00017,BANCO BBVA ARGENTINA S.A.,extranjero,informacion_estructura,Cantidad de tarjetas de crédito (plásticos),Jun-2025,3602985.0,2026-04-19
00017,BANCO BBVA ARGENTINA S.A.,extranjero,informacion_estructura,Cantidad de tarjetas de débito,Jun-2025,4309785.0,2026-04-19
00017,BANCO BBVA ARGENTINA S.A.,extranjero,informacion_estructura,Cantidad de cuentas corrientes,Set-2025,2333465.0,2026-04-19
00017,BANCO BBVA ARGENTINA S.A.,extranjero,informacion_estructura,Cantidad de cuentas de ahorro,Set-2025,6951156.0,2026-04-19
00017,BANCO BBVA ARGENTINA S.A.,extranjero,informacion_estructura,Cantidad de cajas de ahorro de ayuda social,Set-2025,373899.0,2026-04-19
00017,BANCO BBVA ARGENTINA S.A.,extranjero,informacion_estructura,Cantidad de cuentas previsionales,Set-2025,277626.0,2026-04-19
00017,BANCO BBVA ARGENTINA S.A.,extranjero,informacion_estructura,Cantidad de operaciones a plazo fijo Individuos,Set-2025,318569.0,2026-04-19
00017,BANCO BBVA ARGENTINA S.A.,extranjero,informacion_estructura,Cantidad de operaciones a plazo fijo Empresas,Set-2025,9868.0,2026-04-19
00017,BANCO BBVA ARGENTINA S.A.,extranjero,informacion_estructura,Cantidad de operaciones por préstamos hipotecarios,Set-2025,6491.0,2026-04-19
00017,BANCO BBVA ARGENTINA S.A.,extranjero,informacion_estructura,Cantidad de operaciones por préstamos prendarios,Set-2025,21240.0,2026-04-19
00017,BANCO BBVA ARGENTINA S.A.,extranjero,informacion_estructura,Cantidad de operaciones por otros préstamos,Set-2025,3705999.0,2026-04-19
00017,BANCO BBVA ARGENTINA S.A.,extranjero,informacion_estructura,Dotación de personal,Set-2025,6527.0,2026-04-19
00017,BANCO BBVA ARGENTINA S.A.,extranjero,informacion_estructura,Cantidad de titulares por tarjetas de crédito,Set-2025,5665745.0,2026-04-19
00017,BANCO BBVA ARGENTINA S.A.,extranjero,informacion_estructura,Cantidad de tarjetas de crédito (plásticos),Set-2025,3511298.0,2026-04-19
00017,BANCO BBVA ARGENTINA S.A.,extranjero,informacion_estructura,Cantidad de tarjetas de débito,Set-2025,4325062.0,2026-04-19
00017,BANCO BBVA ARGENTINA S.A.,extranjero,informacion_estructura,Cantidad de cuentas corrientes,Dic-2025,2232705.0,2026-04-19
00017,BANCO BBVA ARGENTINA S.A.,extranjero,informacion_estructura,Cantidad de cuentas de ahorro,Dic-2025,6967131.0,2026-04-19
00017,BANCO BBVA ARGENTINA S.A.,extranjero,informacion_estructura,Cantidad de cajas de ahorro de ayuda social,Dic-2025,370851.0,2026-04-19
00017,BANCO BBVA ARGENTINA S.A.,extranjero,informacion_estructura,Cantidad de cuentas previsionales,Dic-2025,290416.0,2026-04-19
00017,BANCO BBVA ARGENTINA S.A.,extranjero,informacion_estructura,Cantidad de operaciones a plazo fijo Individuos,Dic-2025,242057.0,2026-04-19
00017,BANCO BBVA ARGENTINA S.A.,extranjero,informacion_estructura,Cantidad de operaciones a plazo fijo Empresas,Dic-2025,7503.0,2026-04-19
00017,BANCO BBVA ARGENTINA S.A.,extranjero,informacion_estructura,Cantidad de operaciones por préstamos hipotecarios,Dic-2025,6954.0,2026-04-19
00017,BANCO BBVA ARGENTINA S.A.,extranjero,informacion_estructura,Cantidad de operaciones por préstamos prendarios,Dic-2025,21355.0,2026-04-19
00017,BANCO BBVA ARGENTINA S.A.,extranjero,informacion_estructura,Cantidad de operaciones por otros préstamos,Dic-2025,3634274.0,2026-04-19
00017,BANCO BBVA ARGENTINA S.A.,extranjero,informacion_estructura,Dotación de personal,Dic-2025,6586.0,2026-04-19
00017,BANCO BBVA ARGENTINA S.A.,extranjero,informacion_estructura,Cantidad de titulares por tarjetas de crédito,Dic-2025,2038645.0,2026-04-19
00017,BANCO BBVA ARGENTINA S.A.,extranjero,informacion_estructura,Cantidad de tarjetas de crédito (plásticos),Dic-2025,4859546.0,2026-04-19
00017,BANCO BBVA ARGENTINA S.A.,extranjero,informacion_estructura,Cantidad de tarjetas de débito,Dic-2025,4294107.0,2026-04-19
00017,BANCO BBVA ARGENTINA S.A.,extranjero,informacion_estructura,Cantidad de Cuentas,Dic-2023,775418.0,2026-04-19
00017,BANCO BBVA ARGENTINA S.A.,extranjero,informacion_estructura,Cantidad de Empresas,Dic-2023,48115.0,2026-04-19
00017,BANCO BBVA ARGENTINA S.A.,extranjero,informacion_estructura,Cantidad de Cuentas,Dic-2024,866488.0,2026-04-19
00017,BANCO BBVA ARGENTINA S.A.,extranjero,informacion_estructura,Cantidad de Empresas,Dic-2024,68687.0,2026-04-19
00017,BANCO BBVA ARGENTINA S.A.,extranjero,informacion_estructura,Cantidad de Cuentas,Nov-2025,850502.0,2026-04-19
00017,BANCO BBVA ARGENTINA S.A.,extranjero,informacion_estructura,Cantidad de Empresas,Nov-2025,68886.0,2026-04-19
00017,BANCO BBVA ARGENTINA S.A.,extranjero,informacion_estructura,Cantidad de Cuentas,Dic-2025,862833.0,2026-04-19
00017,BANCO BBVA ARGENTINA S.A.,extranjero,informacion_estructura,Cantidad de Empresas,Dic-2025,70059.0,2026-04-19
00017,BANCO BBVA ARGENTINA S.A.,extranjero,informacion_estructura,Cantidad de Cuentas,Ene-2026,854997.0,2026-04-19
00017,BANCO BBVA ARGENTINA S.A.,extranjero,informacion_estructura,Cantidad de Empresas,Ene-2026,69672.0,2026-04-19
00017,BANCO BBVA ARGENTINA S.A.,extranjero,informacion_estructura,CABA,Habilitadas,81.0,2026-04-19
00017,BANCO BBVA ARGENTINA S.A.,extranjero,informacion_estructura,BUENOS AIRES,Habilitadas,84.0,2026-04-19
00017,BANCO BBVA ARGENTINA S.A.,extranjero,informacion_estructura,CATAMARCA,Habilitadas,1.0,2026-04-19
00017,BANCO BBVA ARGENTINA S.A.,extranjero,informacion_estructura,CÓRDOBA,Habilitadas,15.0,2026-04-19
00017,BANCO BBVA ARGENTINA S.A.,extranjero,informacion_estructura,CORRIENTES,Habilitadas,2.0,2026-04-19
00017,BANCO BBVA ARGENTINA S.A.,extranjero,informacion_estructura,CHACO,Habilitadas,2.0,2026-04-19
00017,BANCO BBVA ARGENTINA S.A.,extranjero,informacion_estructura,CHUBUT,Habilitadas,5.0,2026-04-19
00017,BANCO BBVA ARGENTINA S.A.,extranjero,informacion_estructura,ENTRE RÍOS,Habilitadas,6.0,2026-04-19
00017,BANCO BBVA ARGENTINA S.A.,extranjero,informacion_estructura,FORMOSA,Habilitadas,1.0,2026-04-19
00017,BANCO BBVA ARGENTINA S.A.,extranjero,informacion_estructura,JUJUY,Habilitadas,1.0,2026-04-19
00017,BANCO BBVA ARGENTINA S.A.,extranjero,informacion_estructura,LA PAMPA,Habilitadas,2.0,2026-04-19
00017,BANCO BBVA ARGENTINA S.A.,extranjero,informacion_estructura,LA RIOJA,Habilitadas,1.0,2026-04-19
00017,BANCO BBVA ARGENTINA S.A.,extranjero,informacion_estructura,MENDOZA,Habilitadas,11.0,2026-04-19
00017,BANCO BBVA ARGENTINA S.A.,extranjero,informacion_estructura,MISIONES,Habilitadas,2.0,2026-04-19
00017,BANCO BBVA ARGENTINA S.A.,extranjero,informacion_estructura,NEUQUÉN,Habilitadas,4.0,2026-04-19
00017,BANCO BBVA ARGENTINA S.A.,extranjero,informacion_estructura,RÍO NEGRO,Habilitadas,3.0,2026-04-19
00017,BANCO BBVA ARGENTINA S.A.,extranjero,informacion_estructura,SALTA,Habilitadas,2.0,2026-04-19
00017,BANCO BBVA ARGENTINA S.A.,extranjero,informacion_estructura,SAN JUAN,Habilitadas,2.0,2026-04-19
00017,BANCO BBVA ARGENTINA S.A.,extranjero,informacion_estructura,SAN LUIS,Habilitadas,2.0,2026-04-19
00017,BANCO BBVA ARGENTINA S.A.,extranjero,informacion_estructura,SANTA CRUZ,Habilitadas,3.0,2026-04-19
00017,BANCO BBVA ARGENTINA S.A.,extranjero,informacion_estructura,SANTA FE,Habilitadas,11.0,2026-04-19
00017,BANCO BBVA ARGENTINA S.A.,extranjero,informacion_estructura,SANTIAGO DEL ESTERO,Habilitadas,1.0,2026-04-19
00017,BANCO BBVA ARGENTINA S.A.,extranjero,informacion_estructura,TUCUMÁN,Habilitadas,3.0,2026-04-19
00017,BANCO BBVA ARGENTINA S.A.,extranjero,informacion_estructura,TIERRA DE FUEGO,Habilitadas,2.0,2026-04-19
00017,BANCO BBVA ARGENTINA S.A.,extranjero,informacion_estructura,CABA,Habilitadas,,2026-04-19
00017,BANCO BBVA ARGENTINA S.A.,extranjero,informacion_estructura,BUENOS AIRES,Habilitadas,,2026-04-19
00017,BANCO BBVA ARGENTINA S.A.,extranjero,informacion_estructura,CATAMARCA,Habilitadas,,2026-04-19
00017,BANCO BBVA ARGENTINA S.A.,extranjero,informacion_estructura,CÓRDOBA,Habilitadas,,2026-04-19
00017,BANCO BBVA ARGENTINA S.A.,extranjero,informacion_estructura,CORRIENTES,Habilitadas,,2026-04-19
00017,BANCO BBVA ARGENTINA S.A.,extranjero,informacion_estructura,CHACO,Habilitadas,,2026-04-19
00017,BANCO BBVA ARGENTINA S.A.,extranjero,informacion_estructura,CHUBUT,Habilitadas,,2026-04-19
00017,BANCO BBVA ARGENTINA S.A.,extranjero,informacion_estructura,ENTRE RÍOS,Habilitadas,,2026-04-19
00017,BANCO BBVA ARGENTINA S.A.,extranjero,informacion_estructura,FORMOSA,Habilitadas,,2026-04-19
00017,BANCO BBVA ARGENTINA S.A.,extranjero,informacion_estructura,JUJUY,Habilitadas,,2026-04-19
00017,BANCO BBVA ARGENTINA S.A.,extranjero,informacion_estructura,LA PAMPA,Habilitadas,,2026-04-19
00017,BANCO BBVA ARGENTINA S.A.,extranjero,informacion_estructura,LA RIOJA,Habilitadas,,2026-04-19
00017,BANCO BBVA ARGENTINA S.A.,extranjero,informacion_estructura,MENDOZA,Habilitadas,,2026-04-19
00017,BANCO BBVA ARGENTINA S.A.,extranjero,informacion_estructura,MISIONES,Habilitadas,,2026-04-19
00017,BANCO BBVA ARGENTINA S.A.,extranjero,informacion_estructura,NEUQUÉN,Habilitadas,,2026-04-19
00017,BANCO BBVA ARGENTINA S.A.,extranjero,informacion_estructura,RÍO NEGRO,Habilitadas,,2026-04-19
00017,BANCO BBVA ARGENTINA S.A.,extranjero,informacion_estructura,SALTA,Habilitadas,,2026-04-19
00017,BANCO BBVA ARGENTINA S.A.,extranjero,informacion_estructura,SAN JUAN,Habilitadas,,2026-04-19
00017,BANCO BBVA ARGENTINA S.A.,extranjero,informacion_estructura,SAN LUIS,Habilitadas,,2026-04-19
00017,BANCO BBVA ARGENTINA S.A.,extranjero,informacion_estructura,SANTA CRUZ,Habilitadas,,2026-04-19
00017,BANCO BBVA ARGENTINA S.A.,extranjero,informacion_estructura,SANTA FE,Habilitadas,,2026-04-19
00017,BANCO BBVA ARGENTINA S.A.,extranjero,informacion_estructura,SANTIAGO DEL ESTERO,Habilitadas,,2026-04-19
00017,BANCO BBVA ARGENTINA S.A.,extranjero,informacion_estructura,TUCUMÁN,Habilitadas,,2026-04-19
00017,BANCO BBVA ARGENTINA S.A.,extranjero,informacion_estructura,TIERRA DE FUEGO,Habilitadas,,2026-04-19
00017,BANCO BBVA ARGENTINA S.A.,extranjero,informacion_estructura,CABA,Habilitadas,1.0,2026-04-19
00017,BANCO BBVA ARGENTINA S.A.,extranjero,informacion_estructura,BUENOS AIRES,Habilitadas,,2026-04-19
00017,BANCO BBVA ARGENTINA S.A.,extranjero,informacion_estructura,CATAMARCA,Habilitadas,,2026-04-19
00017,BANCO BBVA ARGENTINA S.A.,extranjero,informacion_estructura,CÓRDOBA,Habilitadas,,2026-04-19
00017,BANCO BBVA ARGENTINA S.A.,extranjero,informacion_estructura,CORRIENTES,Habilitadas,,2026-04-19
00017,BANCO BBVA ARGENTINA S.A.,extranjero,informacion_estructura,CHACO,Habilitadas,,2026-04-19
00017,BANCO BBVA ARGENTINA S.A.,extranjero,informacion_estructura,CHUBUT,Habilitadas,,2026-04-19
00017,BANCO BBVA ARGENTINA S.A.,extranjero,informacion_estructura,ENTRE RÍOS,Habilitadas,,2026-04-19
00017,BANCO BBVA ARGENTINA S.A.,extranjero,informacion_estructura,FORMOSA,Habilitadas,,2026-04-19
00017,BANCO BBVA ARGENTINA S.A.,extranjero,informacion_estructura,JUJUY,Habilitadas,,2026-04-19
00017,BANCO BBVA ARGENTINA S.A.,extranjero,informacion_estructura,LA PAMPA,Habilitadas,,2026-04-19
00017,BANCO BBVA ARGENTINA S.A.,extranjero,informacion_estructura,LA RIOJA,Habilitadas,,2026-04-19
00017,BANCO BBVA ARGENTINA S.A.,extranjero,informacion_estructura,MENDOZA,Habilitadas,,2026-04-19
00017,BANCO BBVA ARGENTINA S.A.,extranjero,informacion_estructura,MISIONES,Habilitadas,,2026-04-19
00017,BANCO BBVA ARGENTINA S.A.,extranjero,informacion_estructura,NEUQUÉN,Habilitadas,,2026-04-19
00017,BANCO BBVA ARGENTINA S.A.,extranjero,informacion_estructura,RÍO NEGRO,Habilitadas,,2026-04-19
00017,BANCO BBVA ARGENTINA S.A.,extranjero,informacion_estructura,SALTA,Habilitadas,,2026-04-19
00017,BANCO BBVA ARGENTINA S.A.,extranjero,informacion_estructura,SAN JUAN,Habilitadas,,2026-04-19
00017,BANCO BBVA ARGENTINA S.A.,extranjero,informacion_estructura,SAN LUIS,Habilitadas,,2026-04-19
00017,BANCO BBVA ARGENTINA S.A.,extranjero,informacion_estructura,SANTA CRUZ,Habilitadas,,2026-04-19
00017,BANCO BBVA ARGENTINA S.A.,extranjero,informacion_estructura,SANTA FE,Habilitadas,,2026-04-19
00017,BANCO BBVA ARGENTINA S.A.,extranjero,informacion_estructura,SANTIAGO DEL ESTERO,Habilitadas,,2026-04-19
00017,BANCO BBVA ARGENTINA S.A.,extranjero,informacion_estructura,TUCUMÁN,Habilitadas,1.0,2026-04-19
00017,BANCO BBVA ARGENTINA S.A.,extranjero,informacion_estructura,TIERRA DE FUEGO,Habilitadas,,2026-04-19
00017,BANCO BBVA ARGENTINA S.A.,extranjero,informacion_estructura,CABA,Habilitadas,282.0,2026-04-19
00017,BANCO BBVA ARGENTINA S.A.,extranjero,informacion_estructura,BUENOS AIRES,Habilitadas,338.0,2026-04-19
00017,BANCO BBVA ARGENTINA S.A.,extranjero,informacion_estructura,CATAMARCA,Habilitadas,3.0,2026-04-19
00017,BANCO BBVA ARGENTINA S.A.,extranjero,informacion_estructura,CÓRDOBA,Habilitadas,34.0,2026-04-19
00017,BANCO BBVA ARGENTINA S.A.,extranjero,informacion_estructura,CORRIENTES,Habilitadas,9.0,2026-04-19
00017,BANCO BBVA ARGENTINA S.A.,extranjero,informacion_estructura,CHACO,Habilitadas,7.0,2026-04-19
00017,BANCO BBVA ARGENTINA S.A.,extranjero,informacion_estructura,CHUBUT,Habilitadas,15.0,2026-04-19
00017,BANCO BBVA ARGENTINA S.A.,extranjero,informacion_estructura,ENTRE RÍOS,Habilitadas,15.0,2026-04-19
00017,BANCO BBVA ARGENTINA S.A.,extranjero,informacion_estructura,FORMOSA,Habilitadas,5.0,2026-04-19
00017,BANCO BBVA ARGENTINA S.A.,extranjero,informacion_estructura,JUJUY,Habilitadas,2.0,2026-04-19
00017,BANCO BBVA ARGENTINA S.A.,extranjero,informacion_estructura,LA PAMPA,Habilitadas,3.0,2026-04-19
00017,BANCO BBVA ARGENTINA S.A.,extranjero,informacion_estructura,LA RIOJA,Habilitadas,4.0,2026-04-19
00017,BANCO BBVA ARGENTINA S.A.,extranjero,informacion_estructura,MENDOZA,Habilitadas,35.0,2026-04-19
00017,BANCO BBVA ARGENTINA S.A.,extranjero,informacion_estructura,MISIONES,Habilitadas,6.0,2026-04-19
00017,BANCO BBVA ARGENTINA S.A.,extranjero,informacion_estructura,NEUQUÉN,Habilitadas,14.0,2026-04-19
00017,BANCO BBVA ARGENTINA S.A.,extranjero,informacion_estructura,RÍO NEGRO,Habilitadas,10.0,2026-04-19
00017,BANCO BBVA ARGENTINA S.A.,extranjero,informacion_estructura,SALTA,Habilitadas,7.0,2026-04-19
00017,BANCO BBVA ARGENTINA S.A.,extranjero,informacion_estructura,SAN JUAN,Habilitadas,10.0,2026-04-19
00017,BANCO BBVA ARGENTINA S.A.,extranjero,informacion_estructura,SAN LUIS,Habilitadas,6.0,2026-04-19
00017,BANCO BBVA ARGENTINA S.A.,extranjero,informacion_estructura,SANTA CRUZ,Habilitadas,9.0,2026-04-19
00017,BANCO BBVA ARGENTINA S.A.,extranjero,informacion_estructura,SANTA FE,Habilitadas,43.0,2026-04-19
00017,BANCO BBVA ARGENTINA S.A.,extranjero,informacion_estructura,SANTIAGO DEL ESTERO,Habilitadas,4.0,2026-04-19
00017,BANCO BBVA ARGENTINA S.A.,extranjero,informacion_estructura,TUCUMÁN,Habilitadas,18.0,2026-04-19
00017,BANCO BBVA ARGENTINA S.A.,extranjero,informacion_estructura,TIERRA DE FUEGO,Habilitadas,9.0,2026-04-19
00017,BANCO BBVA ARGENTINA S.A.,extranjero,informacion_estructura,CABA,Habilitadas,265.0,2026-04-19
00017,BANCO BBVA ARGENTINA S.A.,extranjero,informacion_estructura,BUENOS AIRES,Habilitadas,294.0,2026-04-19
00017,BANCO BBVA ARGENTINA S.A.,extranjero,informacion_estructura,CATAMARCA,Habilitadas,3.0,2026-04-19
00017,BANCO BBVA ARGENTINA S.A.,extranjero,informacion_estructura,CÓRDOBA,Habilitadas,50.0,2026-04-19
00017,BANCO BBVA ARGENTINA S.A.,extranjero,informacion_estructura,CORRIENTES,Habilitadas,6.0,2026-04-19
00017,BANCO BBVA ARGENTINA S.A.,extranjero,informacion_estructura,CHACO,Habilitadas,9.0,2026-04-19
00017,BANCO BBVA ARGENTINA S.A.,extranjero,informacion_estructura,CHUBUT,Habilitadas,14.0,2026-04-19
00017,BANCO BBVA ARGENTINA S.A.,extranjero,informacion_estructura,ENTRE RÍOS,Habilitadas,16.0,2026-04-19
00017,BANCO BBVA ARGENTINA S.A.,extranjero,informacion_estructura,FORMOSA,Habilitadas,6.0,2026-04-19
00017,BANCO BBVA ARGENTINA S.A.,extranjero,informacion_estructura,JUJUY,Habilitadas,3.0,2026-04-19
00017,BANCO BBVA ARGENTINA S.A.,extranjero,informacion_estructura,LA PAMPA,Habilitadas,7.0,2026-04-19
00017,BANCO BBVA ARGENTINA S.A.,extranjero,informacion_estructura,LA RIOJA,Habilitadas,4.0,2026-04-19
00017,BANCO BBVA ARGENTINA S.A.,extranjero,informacion_estructura,MENDOZA,Habilitadas,37.0,2026-04-19
00017,BANCO BBVA ARGENTINA S.A.,extranjero,informacion_estructura,MISIONES,Habilitadas,10.0,2026-04-19
00017,BANCO BBVA ARGENTINA S.A.,extranjero,informacion_estructura,NEUQUÉN,Habilitadas,12.0,2026-04-19
00017,BANCO BBVA ARGENTINA S.A.,extranjero,informacion_estructura,RÍO NEGRO,Habilitadas,11.0,2026-04-19
00017,BANCO BBVA ARGENTINA S.A.,extranjero,informacion_estructura,SALTA,Habilitadas,12.0,2026-04-19
00017,BANCO BBVA ARGENTINA S.A.,extranjero,informacion_estructura,SAN JUAN,Habilitadas,11.0,2026-04-19
00017,BANCO BBVA ARGENTINA S.A.,extranjero,informacion_estructura,SAN LUIS,Habilitadas,7.0,2026-04-19
00017,BANCO BBVA ARGENTINA S.A.,extranjero,informacion_estructura,SANTA CRUZ,Habilitadas,7.0,2026-04-19
00017,BANCO BBVA ARGENTINA S.A.,extranjero,informacion_estructura,SANTA FE,Habilitadas,45.0,2026-04-19
00017,BANCO BBVA ARGENTINA S.A.,extranjero,informacion_estructura,SANTIAGO DEL ESTERO,Habilitadas,8.0,2026-04-19
00017,BANCO BBVA ARGENTINA S.A.,extranjero,informacion_estructura,TUCUMÁN,Habilitadas,16.0,2026-04-19
00017,BANCO BBVA ARGENTINA S.A.,extranjero,informacion_estructura,TIERRA DE FUEGO,Habilitadas,4.0,2026-04-19
00017,BANCO BBVA ARGENTINA S.A.,extranjero,informacion_estructura,CABA,Habilitadas,2.0,2026-04-19
00017,BANCO BBVA ARGENTINA S.A.,extranjero,informacion_estructura,BUENOS AIRES,Habilitadas,2.0,2026-04-19
00017,BANCO BBVA ARGENTINA S.A.,extranjero,informacion_estructura,CATAMARCA,Habilitadas,,2026-04-19
00017,BANCO BBVA ARGENTINA S.A.,extranjero,informacion_estructura,CÓRDOBA,Habilitadas,,2026-04-19
00017,BANCO BBVA ARGENTINA S.A.,extranjero,informacion_estructura,CORRIENTES,Habilitadas,,2026-04-19
00017,BANCO BBVA ARGENTINA S.A.,extranjero,informacion_estructura,CHACO,Habilitadas,,2026-04-19
00017,BANCO BBVA ARGENTINA S.A.,extranjero,informacion_estructura,CHUBUT,Habilitadas,1.0,2026-04-19
00017,BANCO BBVA ARGENTINA S.A.,extranjero,informacion_estructura,ENTRE RÍOS,Habilitadas,,2026-04-19
00017,BANCO BBVA ARGENTINA S.A.,extranjero,informacion_estructura,FORMOSA,Habilitadas,,2026-04-19
00017,BANCO BBVA ARGENTINA S.A.,extranjero,informacion_estructura,JUJUY,Habilitadas,,2026-04-19
00017,BANCO BBVA ARGENTINA S.A.,extranjero,informacion_estructura,LA PAMPA,Habilitadas,,2026-04-19
00017,BANCO BBVA ARGENTINA S.A.,extranjero,informacion_estructura,LA RIOJA,Habilitadas,,2026-04-19
00017,BANCO BBVA ARGENTINA S.A.,extranjero,informacion_estructura,MENDOZA,Habilitadas,,2026-04-19
00017,BANCO BBVA ARGENTINA S.A.,extranjero,informacion_estructura,MISIONES,Habilitadas,,2026-04-19
00017,BANCO BBVA ARGENTINA S.A.,extranjero,informacion_estructura,NEUQUÉN,Habilitadas,,2026-04-19
00017,BANCO BBVA ARGENTINA S.A.,extranjero,informacion_estructura,RÍO NEGRO,Habilitadas,,2026-04-19
00017,BANCO BBVA ARGENTINA S.A.,extranjero,informacion_estructura,SALTA,Habilitadas,,2026-04-19
00017,BANCO BBVA ARGENTINA S.A.,extranjero,informacion_estructura,SAN JUAN,Habilitadas,,2026-04-19
00017,BANCO BBVA ARGENTINA S.A.,extranjero,informacion_estructura,SAN LUIS,Habilitadas,,2026-04-19
00017,BANCO BBVA ARGENTINA S.A.,extranjero,informacion_estructura,SANTA CRUZ,Habilitadas,,2026-04-19
00017,BANCO BBVA ARGENTINA S.A.,extranjero,informacion_estructura,SANTA FE,Habilitadas,2.0,2026-04-19
00017,BANCO BBVA ARGENTINA S.A.,extranjero,informacion_estructura,SANTIAGO DEL ESTERO,Habilitadas,,2026-04-19
00017,BANCO BBVA ARGENTINA S.A.,extranjero,informacion_estructura,TUCUMÁN,Habilitadas,,2026-04-19
00017,BANCO BBVA ARGENTINA S.A.,extranjero,informacion_estructura,TIERRA DE FUEGO,Habilitadas,,2026-04-19
00017,BANCO BBVA ARGENTINA S.A.,extranjero,informacion_estructura,CABA,Habilitadas,4.0,2026-04-19
00017,BANCO BBVA ARGENTINA S.A.,extranjero,informacion_estructura,BUENOS AIRES,Habilitadas,9.0,2026-04-19
00017,BANCO BBVA ARGENTINA S.A.,extranjero,informacion_estructura,CATAMARCA,Habilitadas,,2026-04-19
00017,BANCO BBVA ARGENTINA S.A.,extranjero,informacion_estructura,CÓRDOBA,Habilitadas,,2026-04-19
00017,BANCO BBVA ARGENTINA S.A.,extranjero,informacion_estructura,CORRIENTES,Habilitadas,,2026-04-19
00017,BANCO BBVA ARGENTINA S.A.,extranjero,informacion_estructura,CHACO,Habilitadas,,2026-04-19
00017,BANCO BBVA ARGENTINA S.A.,extranjero,informacion_estructura,CHUBUT,Habilitadas,,2026-04-19
00017,BANCO BBVA ARGENTINA S.A.,extranjero,informacion_estructura,ENTRE RÍOS,Habilitadas,,2026-04-19
00017,BANCO BBVA ARGENTINA S.A.,extranjero,informacion_estructura,FORMOSA,Habilitadas,,2026-04-19
00017,BANCO BBVA ARGENTINA S.A.,extranjero,informacion_estructura,JUJUY,Habilitadas,,2026-04-19
00017,BANCO BBVA ARGENTINA S.A.,extranjero,informacion_estructura,LA PAMPA,Habilitadas,,2026-04-19
00017,BANCO BBVA ARGENTINA S.A.,extranjero,informacion_estructura,LA RIOJA,Habilitadas,,2026-04-19
00017,BANCO BBVA ARGENTINA S.A.,extranjero,informacion_estructura,MENDOZA,Habilitadas,,2026-04-19
00017,BANCO BBVA ARGENTINA S.A.,extranjero,informacion_estructura,MISIONES,Habilitadas,,2026-04-19
00017,BANCO BBVA ARGENTINA S.A.,extranjero,informacion_estructura,NEUQUÉN,Habilitadas,,2026-04-19
00017,BANCO BBVA ARGENTINA S.A.,extranjero,informacion_estructura,RÍO NEGRO,Habilitadas,1.0,2026-04-19
00017,BANCO BBVA ARGENTINA S.A.,extranjero,informacion_estructura,SALTA,Habilitadas,,2026-04-19
00017,BANCO BBVA ARGENTINA S.A.,extranjero,informacion_estructura,SAN JUAN,Habilitadas,,2026-04-19
00017,BANCO BBVA ARGENTINA S.A.,extranjero,informacion_estructura,SAN LUIS,Habilitadas,,2026-04-19
00017,BANCO BBVA ARGENTINA S.A.,extranjero,informacion_estructura,SANTA CRUZ,Habilitadas,,2026-04-19
00017,BANCO BBVA ARGENTINA S.A.,extranjero,informacion_estructura,SANTA FE,Habilitadas,1.0,2026-04-19
00017,BANCO BBVA ARGENTINA S.A.,extranjero,informacion_estructura,SANTIAGO DEL ESTERO,Habilitadas,,2026-04-19
00017,BANCO BBVA ARGENTINA S.A.,extranjero,informacion_estructura,TUCUMÁN,Habilitadas,,2026-04-19
00017,BANCO BBVA ARGENTINA S.A.,extranjero,informacion_estructura,TIERRA DE FUEGO,Habilitadas,,2026-04-19
00017,BANCO BBVA ARGENTINA S.A.,extranjero,informacion_estructura,CABA,Pendientes de habilitación,,2026-04-19
00017,BANCO BBVA ARGENTINA S.A.,extranjero,informacion_estructura,BUENOS AIRES,Pendientes de habilitación,,2026-04-19
00017,BANCO BBVA ARGENTINA S.A.,extranjero,informacion_estructura,CATAMARCA,Pendientes de habilitación,,2026-04-19
00017,BANCO BBVA ARGENTINA S.A.,extranjero,informacion_estructura,CÓRDOBA,Pendientes de habilitación,,2026-04-19
00017,BANCO BBVA ARGENTINA S.A.,extranjero,informacion_estructura,CORRIENTES,Pendientes de habilitación,,2026-04-19
00017,BANCO BBVA ARGENTINA S.A.,extranjero,informacion_estructura,CHACO,Pendientes de habilitación,,2026-04-19
00017,BANCO BBVA ARGENTINA S.A.,extranjero,informacion_estructura,CHUBUT,Pendientes de habilitación,,2026-04-19
00017,BANCO BBVA ARGENTINA S.A.,extranjero,informacion_estructura,ENTRE RÍOS,Pendientes de habilitación,,2026-04-19
00017,BANCO BBVA ARGENTINA S.A.,extranjero,informacion_estructura,FORMOSA,Pendientes de habilitación,,2026-04-19
00017,BANCO BBVA ARGENTINA S.A.,extranjero,informacion_estructura,JUJUY,Pendientes de habilitación,,2026-04-19
00017,BANCO BBVA ARGENTINA S.A.,extranjero,informacion_estructura,LA PAMPA,Pendientes de habilitación,,2026-04-19
00017,BANCO BBVA ARGENTINA S.A.,extranjero,informacion_estructura,LA RIOJA,Pendientes de habilitación,,2026-04-19
00017,BANCO BBVA ARGENTINA S.A.,extranjero,informacion_estructura,MENDOZA,Pendientes de habilitación,,2026-04-19
00017,BANCO BBVA ARGENTINA S.A.,extranjero,informacion_estructura,MISIONES,Pendientes de habilitación,,2026-04-19
00017,BANCO BBVA ARGENTINA S.A.,extranjero,informacion_estructura,NEUQUÉN,Pendientes de habilitación,,2026-04-19
00017,BANCO BBVA ARGENTINA S.A.,extranjero,informacion_estructura,RÍO NEGRO,Pendientes de habilitación,,2026-04-19
00017,BANCO BBVA ARGENTINA S.A.,extranjero,informacion_estructura,SALTA,Pendientes de habilitación,,2026-04-19
00017,BANCO BBVA ARGENTINA S.A.,extranjero,informacion_estructura,SAN JUAN,Pendientes de habilitación,,2026-04-19
00017,BANCO BBVA ARGENTINA S.A.,extranjero,informacion_estructura,SAN LUIS,Pendientes de habilitación,,2026-04-19
00017,BANCO BBVA ARGENTINA S.A.,extranjero,informacion_estructura,SANTA CRUZ,Pendientes de habilitación,,2026-04-19
00017,BANCO BBVA ARGENTINA S.A.,extranjero,informacion_estructura,SANTA FE,Pendientes de habilitación,,2026-04-19
00017,BANCO BBVA ARGENTINA S.A.,extranjero,informacion_estructura,SANTIAGO DEL ESTERO,Pendientes de habilitación,,2026-04-19
00017,BANCO BBVA ARGENTINA S.A.,extranjero,informacion_estructura,TUCUMÁN,Pendientes de habilitación,,2026-04-19
00017,BANCO BBVA ARGENTINA S.A.,extranjero,informacion_estructura,TIERRA DE FUEGO,Pendientes de habilitación,,2026-04-19
00017,BANCO BBVA ARGENTINA S.A.,extranjero,informacion_estructura,CABA,Total,81.0,2026-04-19
00017,BANCO BBVA ARGENTINA S.A.,extranjero,informacion_estructura,BUENOS AIRES,Total,84.0,2026-04-19
00017,BANCO BBVA ARGENTINA S.A.,extranjero,informacion_estructura,CATAMARCA,Total,1.0,2026-04-19
00017,BANCO BBVA ARGENTINA S.A.,extranjero,informacion_estructura,CÓRDOBA,Total,15.0,2026-04-19
00017,BANCO BBVA ARGENTINA S.A.,extranjero,informacion_estructura,CORRIENTES,Total,2.0,2026-04-19
00017,BANCO BBVA ARGENTINA S.A.,extranjero,informacion_estructura,CHACO,Total,2.0,2026-04-19
00017,BANCO BBVA ARGENTINA S.A.,extranjero,informacion_estructura,CHUBUT,Total,5.0,2026-04-19
00017,BANCO BBVA ARGENTINA S.A.,extranjero,informacion_estructura,ENTRE RÍOS,Total,6.0,2026-04-19
00017,BANCO BBVA ARGENTINA S.A.,extranjero,informacion_estructura,FORMOSA,Total,1.0,2026-04-19
00017,BANCO BBVA ARGENTINA S.A.,extranjero,informacion_estructura,JUJUY,Total,1.0,2026-04-19
00017,BANCO BBVA ARGENTINA S.A.,extranjero,informacion_estructura,LA PAMPA,Total,2.0,2026-04-19
00017,BANCO BBVA ARGENTINA S.A.,extranjero,informacion_estructura,LA RIOJA,Total,1.0,2026-04-19
00017,BANCO BBVA ARGENTINA S.A.,extranjero,informacion_estructura,MENDOZA,Total,11.0,2026-04-19
00017,BANCO BBVA ARGENTINA S.A.,extranjero,informacion_estructura,MISIONES,Total,2.0,2026-04-19
00017,BANCO BBVA ARGENTINA S.A.,extranjero,informacion_estructura,NEUQUÉN,Total,4.0,2026-04-19
00017,BANCO BBVA ARGENTINA S.A.,extranjero,informacion_estructura,RÍO NEGRO,Total,3.0,2026-04-19
00017,BANCO BBVA ARGENTINA S.A.,extranjero,informacion_estructura,SALTA,Total,2.0,2026-04-19
00017,BANCO BBVA ARGENTINA S.A.,extranjero,informacion_estructura,SAN JUAN,Total,2.0,2026-04-19
00017,BANCO BBVA ARGENTINA S.A.,extranjero,informacion_estructura,SAN LUIS,Total,2.0,2026-04-19
00017,BANCO BBVA ARGENTINA S.A.,extranjero,informacion_estructura,SANTA CRUZ,Total,3.0,2026-04-19
00017,BANCO BBVA ARGENTINA S.A.,extranjero,informacion_estructura,SANTA FE,Total,11.0,2026-04-19
00017,BANCO BBVA ARGENTINA S.A.,extranjero,informacion_estructura,SANTIAGO DEL ESTERO,Total,1.0,2026-04-19
00017,BANCO BBVA ARGENTINA S.A.,extranjero,informacion_estructura,TUCUMÁN,Total,3.0,2026-04-19
00017,BANCO BBVA ARGENTINA S.A.,extranjero,informacion_estructura,TIERRA DE FUEGO,Total,2.0,2026-04-19
00426,BANCO BICA S.A.,privado_nacional,informacion_estructura,Cantidad de cuentas corrientes,Dic-2023,4243.0,2026-04-19
00426,BANCO BICA S.A.,privado_nacional,informacion_estructura,Cantidad de cuentas de ahorro,Dic-2023,56616.0,2026-04-19
00426,BANCO BICA S.A.,privado_nacional,informacion_estructura,Cantidad de operaciones a plazo fijo Individuos,Dic-2023,1840.0,2026-04-19
00426,BANCO BICA S.A.,privado_nacional,informacion_estructura,Cantidad de operaciones a plazo fijo Empresas,Dic-2023,3442.0,2026-04-19
00426,BANCO BICA S.A.,privado_nacional,informacion_estructura,Cantidad de operaciones por préstamos hipotecarios,Dic-2023,8.0,2026-04-19
00426,BANCO BICA S.A.,privado_nacional,informacion_estructura,Cantidad de operaciones por préstamos prendarios,Dic-2023,15.0,2026-04-19
00426,BANCO BICA S.A.,privado_nacional,informacion_estructura,Cantidad de operaciones por otros préstamos,Dic-2023,173030.0,2026-04-19
00426,BANCO BICA S.A.,privado_nacional,informacion_estructura,Dotación de personal,Dic-2023,1312.0,2026-04-19
00426,BANCO BICA S.A.,privado_nacional,informacion_estructura,Cantidad de titulares por tarjetas de crédito,Dic-2023,5845.0,2026-04-19
00426,BANCO BICA S.A.,privado_nacional,informacion_estructura,Cantidad de tarjetas de crédito (plásticos),Dic-2023,13520.0,2026-04-19
00426,BANCO BICA S.A.,privado_nacional,informacion_estructura,Cantidad de tarjetas de débito,Dic-2023,45126.0,2026-04-19
00426,BANCO BICA S.A.,privado_nacional,informacion_estructura,Cantidad de cuentas corrientes,Dic-2024,4254.0,2026-04-19
00426,BANCO BICA S.A.,privado_nacional,informacion_estructura,Cantidad de cuentas de ahorro,Dic-2024,57527.0,2026-04-19
00426,BANCO BICA S.A.,privado_nacional,informacion_estructura,Cantidad de operaciones a plazo fijo Individuos,Dic-2024,1513.0,2026-04-19
00426,BANCO BICA S.A.,privado_nacional,informacion_estructura,Cantidad de operaciones a plazo fijo Empresas,Dic-2024,3548.0,2026-04-19
00426,BANCO BICA S.A.,privado_nacional,informacion_estructura,Cantidad de operaciones por préstamos hipotecarios,Dic-2024,2.0,2026-04-19
00426,BANCO BICA S.A.,privado_nacional,informacion_estructura,Cantidad de operaciones por préstamos prendarios,Dic-2024,12.0,2026-04-19
00426,BANCO BICA S.A.,privado_nacional,informacion_estructura,Cantidad de operaciones por otros préstamos,Dic-2024,152498.0,2026-04-19
00426,BANCO BICA S.A.,privado_nacional,informacion_estructura,Dotación de personal,Dic-2024,187.0,2026-04-19
00426,BANCO BICA S.A.,privado_nacional,informacion_estructura,Cantidad de titulares por tarjetas de crédito,Dic-2024,5586.0,2026-04-19
00426,BANCO BICA S.A.,privado_nacional,informacion_estructura,Cantidad de tarjetas de crédito (plásticos),Dic-2024,11661.0,2026-04-19
00426,BANCO BICA S.A.,privado_nacional,informacion_estructura,Cantidad de tarjetas de débito,Dic-2024,51106.0,2026-04-19
00426,BANCO BICA S.A.,privado_nacional,informacion_estructura,Cantidad de cuentas corrientes,Jun-2025,4374.0,2026-04-19
00426,BANCO BICA S.A.,privado_nacional,informacion_estructura,Cantidad de cuentas de ahorro,Jun-2025,59688.0,2026-04-19
00426,BANCO BICA S.A.,privado_nacional,informacion_estructura,Cantidad de operaciones a plazo fijo Individuos,Jun-2025,1557.0,2026-04-19
00426,BANCO BICA S.A.,privado_nacional,informacion_estructura,Cantidad de operaciones a plazo fijo Empresas,Jun-2025,3823.0,2026-04-19
00426,BANCO BICA S.A.,privado_nacional,informacion_estructura,Cantidad de operaciones por préstamos hipotecarios,Jun-2025,4.0,2026-04-19
00426,BANCO BICA S.A.,privado_nacional,informacion_estructura,Cantidad de operaciones por préstamos prendarios,Jun-2025,14.0,2026-04-19
00426,BANCO BICA S.A.,privado_nacional,informacion_estructura,Cantidad de operaciones por otros préstamos,Jun-2025,198313.0,2026-04-19
00426,BANCO BICA S.A.,privado_nacional,informacion_estructura,Dotación de personal,Jun-2025,188.0,2026-04-19
00426,BANCO BICA S.A.,privado_nacional,informacion_estructura,Cantidad de titulares por tarjetas de crédito,Jun-2025,5516.0,2026-04-19
00426,BANCO BICA S.A.,privado_nacional,informacion_estructura,Cantidad de tarjetas de crédito (plásticos),Jun-2025,11952.0,2026-04-19
00426,BANCO BICA S.A.,privado_nacional,informacion_estructura,Cantidad de tarjetas de débito,Jun-2025,53624.0,2026-04-19
00426,BANCO BICA S.A.,privado_nacional,informacion_estructura,Cantidad de cuentas corrientes,Set-2025,4446.0,2026-04-19
00426,BANCO BICA S.A.,privado_nacional,informacion_estructura,Cantidad de cuentas de ahorro,Set-2025,61127.0,2026-04-19
00426,BANCO BICA S.A.,privado_nacional,informacion_estructura,Cantidad de operaciones a plazo fijo Individuos,Set-2025,1557.0,2026-04-19
00426,BANCO BICA S.A.,privado_nacional,informacion_estructura,Cantidad de operaciones a plazo fijo Empresas,Set-2025,3823.0,2026-04-19
00426,BANCO BICA S.A.,privado_nacional,informacion_estructura,Cantidad de operaciones por préstamos hipotecarios,Set-2025,4.0,2026-04-19
00426,BANCO BICA S.A.,privado_nacional,informacion_estructura,Cantidad de operaciones por préstamos prendarios,Set-2025,14.0,2026-04-19
00426,BANCO BICA S.A.,privado_nacional,informacion_estructura,Cantidad de operaciones por otros préstamos,Set-2025,198313.0,2026-04-19
00426,BANCO BICA S.A.,privado_nacional,informacion_estructura,Dotación de personal,Set-2025,188.0,2026-04-19
00426,BANCO BICA S.A.,privado_nacional,informacion_estructura,Cantidad de titulares por tarjetas de crédito,Set-2025,5516.0,2026-04-19
00426,BANCO BICA S.A.,privado_nacional,informacion_estructura,Cantidad de tarjetas de crédito (plásticos),Set-2025,11952.0,2026-04-19
00426,BANCO BICA S.A.,privado_nacional,informacion_estructura,Cantidad de tarjetas de débito,Set-2025,53624.0,2026-04-19
00426,BANCO BICA S.A.,privado_nacional,informacion_estructura,Cantidad de cuentas corrientes,Dic-2025,4510.0,2026-04-19
00426,BANCO BICA S.A.,privado_nacional,informacion_estructura,Cantidad de cuentas de ahorro,Dic-2025,62472.0,2026-04-19
00426,BANCO BICA S.A.,privado_nacional,informacion_estructura,Cantidad de operaciones a plazo fijo Individuos,Dic-2025,1577.0,2026-04-19
00426,BANCO BICA S.A.,privado_nacional,informacion_estructura,Cantidad de operaciones a plazo fijo Empresas,Dic-2025,5903.0,2026-04-19
00426,BANCO BICA S.A.,privado_nacional,informacion_estructura,Cantidad de operaciones por préstamos hipotecarios,Dic-2025,5.0,2026-04-19
00426,BANCO BICA S.A.,privado_nacional,informacion_estructura,Cantidad de operaciones por préstamos prendarios,Dic-2025,11.0,2026-04-19
00426,BANCO BICA S.A.,privado_nacional,informacion_estructura,Cantidad de operaciones por otros préstamos,Dic-2025,220626.0,2026-04-19
00426,BANCO BICA S.A.,privado_nacional,informacion_estructura,Dotación de personal,Dic-2025,190.0,2026-04-19
00426,BANCO BICA S.A.,privado_nacional,informacion_estructura,Cantidad de titulares por tarjetas de crédito,Dic-2025,5248.0,2026-04-19
00426,BANCO BICA S.A.,privado_nacional,informacion_estructura,Cantidad de tarjetas de crédito (plásticos),Dic-2025,10978.0,2026-04-19
00426,BANCO BICA S.A.,privado_nacional,informacion_estructura,Cantidad de tarjetas de débito,Dic-2025,56157.0,2026-04-19
00426,BANCO BICA S.A.,privado_nacional,informacion_estructura,Cantidad de Cuentas,Dic-2023,2446.0,2026-04-19
00426,BANCO BICA S.A.,privado_nacional,informacion_estructura,Cantidad de Empresas,Dic-2023,282.0,2026-04-19
00426,BANCO BICA S.A.,privado_nacional,informacion_estructura,Cantidad de Cuentas,Dic-2024,2068.0,2026-04-19
00426,BANCO BICA S.A.,privado_nacional,informacion_estructura,Cantidad de Empresas,Dic-2024,254.0,2026-04-19
00426,BANCO BICA S.A.,privado_nacional,informacion_estructura,Cantidad de Cuentas,Nov-2025,1735.0,2026-04-19
00426,BANCO BICA S.A.,privado_nacional,informacion_estructura,Cantidad de Empresas,Nov-2025,230.0,2026-04-19
00426,BANCO BICA S.A.,privado_nacional,informacion_estructura,Cantidad de Cuentas,Dic-2025,1836.0,2026-04-19
00426,BANCO BICA S.A.,privado_nacional,informacion_estructura,Cantidad de Empresas,Dic-2025,248.0,2026-04-19
00426,BANCO BICA S.A.,privado_nacional,informacion_estructura,Cantidad de Cuentas,Ene-2026,1723.0,2026-04-19
00426,BANCO BICA S.A.,privado_nacional,informacion_estructura,Cantidad de Empresas,Ene-2026,232.0,2026-04-19
00426,BANCO BICA S.A.,privado_nacional,informacion_estructura,CABA,Habilitadas,1.0,2026-04-19
00426,BANCO BICA S.A.,privado_nacional,informacion_estructura,ENTRE RÍOS,Habilitadas,1.0,2026-04-19
00426,BANCO BICA S.A.,privado_nacional,informacion_estructura,SANTA FE,Habilitadas,7.0,2026-04-19
00426,BANCO BICA S.A.,privado_nacional,informacion_estructura,CABA,Habilitadas,,2026-04-19
00426,BANCO BICA S.A.,privado_nacional,informacion_estructura,ENTRE RÍOS,Habilitadas,,2026-04-19
00426,BANCO BICA S.A.,privado_nacional,informacion_estructura,SANTA FE,Habilitadas,,2026-04-19
00426,BANCO BICA S.A.,privado_nacional,informacion_estructura,CABA,Habilitadas,,2026-04-19
00426,BANCO BICA S.A.,privado_nacional,informacion_estructura,ENTRE RÍOS,Habilitadas,,2026-04-19
00426,BANCO BICA S.A.,privado_nacional,informacion_estructura,SANTA FE,Habilitadas,,2026-04-19
00426,BANCO BICA S.A.,privado_nacional,informacion_estructura,CABA,Habilitadas,2.0,2026-04-19
00426,BANCO BICA S.A.,privado_nacional,informacion_estructura,ENTRE RÍOS,Habilitadas,4.0,2026-04-19
00426,BANCO BICA S.A.,privado_nacional,informacion_estructura,SANTA FE,Habilitadas,22.0,2026-04-19
00426,BANCO BICA S.A.,privado_nacional,informacion_estructura,CABA,Habilitadas,2.0,2026-04-19
00426,BANCO BICA S.A.,privado_nacional,informacion_estructura,ENTRE RÍOS,Habilitadas,2.0,2026-04-19
00426,BANCO BICA S.A.,privado_nacional,informacion_estructura,SANTA FE,Habilitadas,13.0,2026-04-19
00426,BANCO BICA S.A.,privado_nacional,informacion_estructura,CABA,Habilitadas,,2026-04-19
00426,BANCO BICA S.A.,privado_nacional,informacion_estructura,ENTRE RÍOS,Habilitadas,,2026-04-19
00426,BANCO BICA S.A.,privado_nacional,informacion_estructura,SANTA FE,Habilitadas,,2026-04-19
00426,BANCO BICA S.A.,privado_nacional,informacion_estructura,CABA,Habilitadas,,2026-04-19
00426,BANCO BICA S.A.,privado_nacional,informacion_estructura,ENTRE RÍOS,Habilitadas,,2026-04-19
00426,BANCO BICA S.A.,privado_nacional,informacion_estructura,SANTA FE,Habilitadas,,2026-04-19
00426,BANCO BICA S.A.,privado_nacional,informacion_estructura,CABA,Pendientes de habilitación,,2026-04-19
00426,BANCO BICA S.A.,privado_nacional,informacion_estructura,ENTRE RÍOS,Pendientes de habilitación,,2026-04-19
00426,BANCO BICA S.A.,privado_nacional,informacion_estructura,SANTA FE,Pendientes de habilitación,,2026-04-19
00426,BANCO BICA S.A.,privado_nacional,informacion_estructura,CABA,Total,1.0,2026-04-19
00426,BANCO BICA S.A.,privado_nacional,informacion_estructura,ENTRE RÍOS,Total,1.0,2026-04-19
00426,BANCO BICA S.A.,privado_nacional,informacion_estructura,SANTA FE,Total,7.0,2026-04-19
00331,BANCO CETELEM ARGENTINA S.A.,extranjero,informacion_estructura,Dotación de personal,Dic-2023,5.0,2026-04-19
00331,BANCO CETELEM ARGENTINA S.A.,extranjero,informacion_estructura,Dotación de personal,Dic-2024,5.0,2026-04-19
00331,BANCO CETELEM ARGENTINA S.A.,extranjero,informacion_estructura,Dotación de personal,Jun-2025,5.0,2026-04-19
00331,BANCO CETELEM ARGENTINA S.A.,extranjero,informacion_estructura,Dotación de personal,Set-2025,5.0,2026-04-19
00331,BANCO CETELEM ARGENTINA S.A.,extranjero,informacion_estructura,Dotación de personal,Dic-2025,5.0,2026-04-19
00331,BANCO CETELEM ARGENTINA S.A.,extranjero,informacion_estructura,BUENOS AIRES,Habilitadas,1.0,2026-04-19
00331,BANCO CETELEM ARGENTINA S.A.,extranjero,informacion_estructura,BUENOS AIRES,Habilitadas,,2026-04-19
00331,BANCO CETELEM ARGENTINA S.A.,extranjero,informacion_estructura,BUENOS AIRES,Habilitadas,,2026-04-19
00331,BANCO CETELEM ARGENTINA S.A.,extranjero,informacion_estructura,BUENOS AIRES,Habilitadas,,2026-04-19
00331,BANCO CETELEM ARGENTINA S.A.,extranjero,informacion_estructura,BUENOS AIRES,Habilitadas,,2026-04-19
00331,BANCO CETELEM ARGENTINA S.A.,extranjero,informacion_estructura,BUENOS AIRES,Habilitadas,,2026-04-19
00331,BANCO CETELEM ARGENTINA S.A.,extranjero,informacion_estructura,BUENOS AIRES,Habilitadas,,2026-04-19
00331,BANCO CETELEM ARGENTINA S.A.,extranjero,informacion_estructura,BUENOS AIRES,Pendientes de habilitación,,2026-04-19
00331,BANCO CETELEM ARGENTINA S.A.,extranjero,informacion_estructura,BUENOS AIRES,Total,1.0,2026-04-19
00319,BANCO CMF S.A.,privado_nacional,informacion_estructura,Cantidad de cuentas corrientes,Dic-2023,1099.0,2026-04-19
00319,BANCO CMF S.A.,privado_nacional,informacion_estructura,Cantidad de cuentas de ahorro,Dic-2023,1748.0,2026-04-19
00319,BANCO CMF S.A.,privado_nacional,informacion_estructura,Cantidad de operaciones a plazo fijo Individuos,Dic-2023,42.0,2026-04-19
00319,BANCO CMF S.A.,privado_nacional,informacion_estructura,Cantidad de operaciones a plazo fijo Empresas,Dic-2023,21.0,2026-04-19
00319,BANCO CMF S.A.,privado_nacional,informacion_estructura,Cantidad de operaciones por préstamos hipotecarios,Dic-2023,1.0,2026-04-19
00319,BANCO CMF S.A.,privado_nacional,informacion_estructura,Cantidad de operaciones por préstamos prendarios,Dic-2023,1.0,2026-04-19
00319,BANCO CMF S.A.,privado_nacional,informacion_estructura,Cantidad de operaciones por otros préstamos,Dic-2023,132.0,2026-04-19
00319,BANCO CMF S.A.,privado_nacional,informacion_estructura,Dotación de personal,Dic-2023,178.0,2026-04-19
00319,BANCO CMF S.A.,privado_nacional,informacion_estructura,Cantidad de titulares por tarjetas de crédito,Dic-2023,,2026-04-19
00319,BANCO CMF S.A.,privado_nacional,informacion_estructura,Cantidad de tarjetas de crédito (plásticos),Dic-2023,,2026-04-19
00319,BANCO CMF S.A.,privado_nacional,informacion_estructura,Cantidad de cuentas corrientes,Dic-2024,1007.0,2026-04-19
00319,BANCO CMF S.A.,privado_nacional,informacion_estructura,Cantidad de cuentas de ahorro,Dic-2024,2042.0,2026-04-19
00319,BANCO CMF S.A.,privado_nacional,informacion_estructura,Cantidad de operaciones a plazo fijo Individuos,Dic-2024,368.0,2026-04-19
00319,BANCO CMF S.A.,privado_nacional,informacion_estructura,Cantidad de operaciones a plazo fijo Empresas,Dic-2024,34.0,2026-04-19
00319,BANCO CMF S.A.,privado_nacional,informacion_estructura,Cantidad de operaciones por préstamos hipotecarios,Dic-2024,,2026-04-19
00319,BANCO CMF S.A.,privado_nacional,informacion_estructura,Cantidad de operaciones por préstamos prendarios,Dic-2024,1.0,2026-04-19
00319,BANCO CMF S.A.,privado_nacional,informacion_estructura,Cantidad de operaciones por otros préstamos,Dic-2024,55.0,2026-04-19
00319,BANCO CMF S.A.,privado_nacional,informacion_estructura,Dotación de personal,Dic-2024,194.0,2026-04-19
00319,BANCO CMF S.A.,privado_nacional,informacion_estructura,Cantidad de titulares por tarjetas de crédito,Dic-2024,90.0,2026-04-19
00319,BANCO CMF S.A.,privado_nacional,informacion_estructura,Cantidad de tarjetas de crédito (plásticos),Dic-2024,90.0,2026-04-19
00319,BANCO CMF S.A.,privado_nacional,informacion_estructura,Cantidad de cuentas corrientes,Jun-2025,998.0,2026-04-19
00319,BANCO CMF S.A.,privado_nacional,informacion_estructura,Cantidad de cuentas de ahorro,Jun-2025,2087.0,2026-04-19
00319,BANCO CMF S.A.,privado_nacional,informacion_estructura,Cantidad de operaciones a plazo fijo Individuos,Jun-2025,108.0,2026-04-19
00319,BANCO CMF S.A.,privado_nacional,informacion_estructura,Cantidad de operaciones a plazo fijo Empresas,Jun-2025,43.0,2026-04-19
00319,BANCO CMF S.A.,privado_nacional,informacion_estructura,Cantidad de operaciones por préstamos hipotecarios,Jun-2025,4.0,2026-04-19
00319,BANCO CMF S.A.,privado_nacional,informacion_estructura,Cantidad de operaciones por préstamos prendarios,Jun-2025,1.0,2026-04-19
00319,BANCO CMF S.A.,privado_nacional,informacion_estructura,Cantidad de operaciones por otros préstamos,Jun-2025,62.0,2026-04-19
00319,BANCO CMF S.A.,privado_nacional,informacion_estructura,Dotación de personal,Jun-2025,190.0,2026-04-19
00319,BANCO CMF S.A.,privado_nacional,informacion_estructura,Cantidad de titulares por tarjetas de crédito,Jun-2025,211.0,2026-04-19
00319,BANCO CMF S.A.,privado_nacional,informacion_estructura,Cantidad de tarjetas de crédito (plásticos),Jun-2025,211.0,2026-04-19
00319,BANCO CMF S.A.,privado_nacional,informacion_estructura,Cantidad de cuentas corrientes,Set-2025,1080.0,2026-04-19
00319,BANCO CMF S.A.,privado_nacional,informacion_estructura,Cantidad de cuentas de ahorro,Set-2025,2166.0,2026-04-19
00319,BANCO CMF S.A.,privado_nacional,informacion_estructura,Cantidad de operaciones a plazo fijo Individuos,Set-2025,133.0,2026-04-19
00319,BANCO CMF S.A.,privado_nacional,informacion_estructura,Cantidad de operaciones a plazo fijo Empresas,Set-2025,80.0,2026-04-19
00319,BANCO CMF S.A.,privado_nacional,informacion_estructura,Cantidad de operaciones por préstamos hipotecarios,Set-2025,4.0,2026-04-19
00319,BANCO CMF S.A.,privado_nacional,informacion_estructura,Cantidad de operaciones por préstamos prendarios,Set-2025,1.0,2026-04-19
00319,BANCO CMF S.A.,privado_nacional,informacion_estructura,Cantidad de operaciones por otros préstamos,Set-2025,96.0,2026-04-19
00319,BANCO CMF S.A.,privado_nacional,informacion_estructura,Dotación de personal,Set-2025,197.0,2026-04-19
00319,BANCO CMF S.A.,privado_nacional,informacion_estructura,Cantidad de titulares por tarjetas de crédito,Set-2025,283.0,2026-04-19
00319,BANCO CMF S.A.,privado_nacional,informacion_estructura,Cantidad de tarjetas de crédito (plásticos),Set-2025,283.0,2026-04-19
00319,BANCO CMF S.A.,privado_nacional,informacion_estructura,Cantidad de cuentas corrientes,Dic-2025,1336.0,2026-04-19
00319,BANCO CMF S.A.,privado_nacional,informacion_estructura,Cantidad de cuentas de ahorro,Dic-2025,2167.0,2026-04-19
00319,BANCO CMF S.A.,privado_nacional,informacion_estructura,Cantidad de operaciones a plazo fijo Individuos,Dic-2025,112.0,2026-04-19
00319,BANCO CMF S.A.,privado_nacional,informacion_estructura,Cantidad de operaciones a plazo fijo Empresas,Dic-2025,53.0,2026-04-19
00319,BANCO CMF S.A.,privado_nacional,informacion_estructura,Cantidad de operaciones por préstamos hipotecarios,Dic-2025,1.0,2026-04-19
00319,BANCO CMF S.A.,privado_nacional,informacion_estructura,Cantidad de operaciones por préstamos prendarios,Dic-2025,1.0,2026-04-19
00319,BANCO CMF S.A.,privado_nacional,informacion_estructura,Cantidad de operaciones por otros préstamos,Dic-2025,58.0,2026-04-19
00319,BANCO CMF S.A.,privado_nacional,informacion_estructura,Dotación de personal,Dic-2025,199.0,2026-04-19
00319,BANCO CMF S.A.,privado_nacional,informacion_estructura,Cantidad de titulares por tarjetas de crédito,Dic-2025,287.0,2026-04-19
00319,BANCO CMF S.A.,privado_nacional,informacion_estructura,Cantidad de tarjetas de crédito (plásticos),Dic-2025,287.0,2026-04-19
00319,BANCO CMF S.A.,privado_nacional,informacion_estructura,Cantidad de Cuentas,Dic-2023,7.0,2026-04-19
00319,BANCO CMF S.A.,privado_nacional,informacion_estructura,Cantidad de Empresas,Dic-2023,1.0,2026-04-19
00319,BANCO CMF S.A.,privado_nacional,informacion_estructura,Cantidad de Cuentas,Dic-2024,4.0,2026-04-19
00319,BANCO CMF S.A.,privado_nacional,informacion_estructura,Cantidad de Empresas,Dic-2024,1.0,2026-04-19
00319,BANCO CMF S.A.,privado_nacional,informacion_estructura,Cantidad de Cuentas,Nov-2025,4.0,2026-04-19
00319,BANCO CMF S.A.,privado_nacional,informacion_estructura,Cantidad de Empresas,Nov-2025,1.0,2026-04-19
00319,BANCO CMF S.A.,privado_nacional,informacion_estructura,Cantidad de Cuentas,Dic-2025,4.0,2026-04-19
00319,BANCO CMF S.A.,privado_nacional,informacion_estructura,Cantidad de Empresas,Dic-2025,1.0,2026-04-19
00319,BANCO CMF S.A.,privado_nacional,informacion_estructura,Cantidad de Cuentas,Ene-2026,3.0,2026-04-19
00319,BANCO CMF S.A.,privado_nacional,informacion_estructura,Cantidad de Empresas,Ene-2026,1.0,2026-04-19
00319,BANCO CMF S.A.,privado_nacional,informacion_estructura,CABA,Habilitadas,1.0,2026-04-19
00319,BANCO CMF S.A.,privado_nacional,informacion_estructura,CABA,Habilitadas,,2026-04-19
00319,BANCO CMF S.A.,privado_nacional,informacion_estructura,CABA,Habilitadas,,2026-04-19
00319,BANCO CMF S.A.,privado_nacional,informacion_estructura,CABA,Habilitadas,,2026-04-19
00319,BANCO CMF S.A.,privado_nacional,informacion_estructura,CABA,Habilitadas,,2026-04-19
00319,BANCO CMF S.A.,privado_nacional,informacion_estructura,CABA,Habilitadas,,2026-04-19
00319,BANCO CMF S.A.,privado_nacional,informacion_estructura,CABA,Habilitadas,,2026-04-19
00319,BANCO CMF S.A.,privado_nacional,informacion_estructura,CABA,Pendientes de habilitación,,2026-04-19
00319,BANCO CMF S.A.,privado_nacional,informacion_estructura,CABA,Total,1.0,2026-04-19
00431,BANCO COINAG S.A.,privado_nacional,informacion_estructura,Cantidad de cuentas corrientes,Dic-2023,3770.0,2026-04-19
00431,BANCO COINAG S.A.,privado_nacional,informacion_estructura,Cantidad de cuentas de ahorro,Dic-2023,16356.0,2026-04-19
00431,BANCO COINAG S.A.,privado_nacional,informacion_estructura,Cantidad de cajas de ahorro de ayuda social,Dic-2023,470.0,2026-04-19
00431,BANCO COINAG S.A.,privado_nacional,informacion_estructura,Cantidad de operaciones a plazo fijo Individuos,Dic-2023,1318.0,2026-04-19
00431,BANCO COINAG S.A.,privado_nacional,informacion_estructura,Cantidad de operaciones a plazo fijo Empresas,Dic-2023,445.0,2026-04-19
00431,BANCO COINAG S.A.,privado_nacional,informacion_estructura,Cantidad de operaciones por préstamos prendarios,Dic-2023,1.0,2026-04-19
00431,BANCO COINAG S.A.,privado_nacional,informacion_estructura,Cantidad de operaciones por otros préstamos,Dic-2023,49154.0,2026-04-19
00431,BANCO COINAG S.A.,privado_nacional,informacion_estructura,Dotación de personal,Dic-2023,195.0,2026-04-19
00431,BANCO COINAG S.A.,privado_nacional,informacion_estructura,Cantidad de titulares por tarjetas de crédito,Dic-2023,10295.0,2026-04-19
00431,BANCO COINAG S.A.,privado_nacional,informacion_estructura,Cantidad de tarjetas de crédito (plásticos),Dic-2023,10752.0,2026-04-19
00431,BANCO COINAG S.A.,privado_nacional,informacion_estructura,Cantidad de tarjetas de débito,Dic-2023,23826.0,2026-04-19
00431,BANCO COINAG S.A.,privado_nacional,informacion_estructura,Cantidad de cuentas corrientes,Dic-2024,4043.0,2026-04-19
00431,BANCO COINAG S.A.,privado_nacional,informacion_estructura,Cantidad de cuentas de ahorro,Dic-2024,18128.0,2026-04-19
00431,BANCO COINAG S.A.,privado_nacional,informacion_estructura,Cantidad de cajas de ahorro de ayuda social,Dic-2024,376.0,2026-04-19
00431,BANCO COINAG S.A.,privado_nacional,informacion_estructura,Cantidad de operaciones a plazo fijo Individuos,Dic-2024,1048.0,2026-04-19
00431,BANCO COINAG S.A.,privado_nacional,informacion_estructura,Cantidad de operaciones a plazo fijo Empresas,Dic-2024,414.0,2026-04-19
00431,BANCO COINAG S.A.,privado_nacional,informacion_estructura,Cantidad de operaciones por préstamos prendarios,Dic-2024,,2026-04-19
00431,BANCO COINAG S.A.,privado_nacional,informacion_estructura,Cantidad de operaciones por otros préstamos,Dic-2024,37779.0,2026-04-19
00431,BANCO COINAG S.A.,privado_nacional,informacion_estructura,Dotación de personal,Dic-2024,198.0,2026-04-19
00431,BANCO COINAG S.A.,privado_nacional,informacion_estructura,Cantidad de titulares por tarjetas de crédito,Dic-2024,6349.0,2026-04-19
00431,BANCO COINAG S.A.,privado_nacional,informacion_estructura,Cantidad de tarjetas de crédito (plásticos),Dic-2024,11000.0,2026-04-19
00431,BANCO COINAG S.A.,privado_nacional,informacion_estructura,Cantidad de tarjetas de débito,Dic-2024,19525.0,2026-04-19
00431,BANCO COINAG S.A.,privado_nacional,informacion_estructura,Cantidad de cuentas corrientes,Jun-2025,4311.0,2026-04-19
00431,BANCO COINAG S.A.,privado_nacional,informacion_estructura,Cantidad de cuentas de ahorro,Jun-2025,19093.0,2026-04-19
00431,BANCO COINAG S.A.,privado_nacional,informacion_estructura,Cantidad de cajas de ahorro de ayuda social,Jun-2025,360.0,2026-04-19
00431,BANCO COINAG S.A.,privado_nacional,informacion_estructura,Cantidad de operaciones a plazo fijo Individuos,Jun-2025,1337.0,2026-04-19
00431,BANCO COINAG S.A.,privado_nacional,informacion_estructura,Cantidad de operaciones a plazo fijo Empresas,Jun-2025,460.0,2026-04-19
00431,BANCO COINAG S.A.,privado_nacional,informacion_estructura,Cantidad de operaciones por préstamos prendarios,Jun-2025,,2026-04-19
00431,BANCO COINAG S.A.,privado_nacional,informacion_estructura,Cantidad de operaciones por otros préstamos,Jun-2025,36400.0,2026-04-19
00431,BANCO COINAG S.A.,privado_nacional,informacion_estructura,Dotación de personal,Jun-2025,194.0,2026-04-19
00431,BANCO COINAG S.A.,privado_nacional,informacion_estructura,Cantidad de titulares por tarjetas de crédito,Jun-2025,4914.0,2026-04-19
00431,BANCO COINAG S.A.,privado_nacional,informacion_estructura,Cantidad de tarjetas de crédito (plásticos),Jun-2025,10671.0,2026-04-19
00431,BANCO COINAG S.A.,privado_nacional,informacion_estructura,Cantidad de tarjetas de débito,Jun-2025,18195.0,2026-04-19
00431,BANCO COINAG S.A.,privado_nacional,informacion_estructura,Cantidad de cuentas corrientes,Set-2025,4315.0,2026-04-19
00431,BANCO COINAG S.A.,privado_nacional,informacion_estructura,Cantidad de cuentas de ahorro,Set-2025,18989.0,2026-04-19
00431,BANCO COINAG S.A.,privado_nacional,informacion_estructura,Cantidad de cajas de ahorro de ayuda social,Set-2025,358.0,2026-04-19
00431,BANCO COINAG S.A.,privado_nacional,informacion_estructura,Cantidad de operaciones a plazo fijo Individuos,Set-2025,1358.0,2026-04-19
00431,BANCO COINAG S.A.,privado_nacional,informacion_estructura,Cantidad de operaciones a plazo fijo Empresas,Set-2025,521.0,2026-04-19
00431,BANCO COINAG S.A.,privado_nacional,informacion_estructura,Cantidad de operaciones por préstamos prendarios,Set-2025,,2026-04-19
00431,BANCO COINAG S.A.,privado_nacional,informacion_estructura,Cantidad de operaciones por otros préstamos,Set-2025,36021.0,2026-04-19
00431,BANCO COINAG S.A.,privado_nacional,informacion_estructura,Dotación de personal,Set-2025,189.0,2026-04-19
00431,BANCO COINAG S.A.,privado_nacional,informacion_estructura,Cantidad de titulares por tarjetas de crédito,Set-2025,4630.0,2026-04-19
00431,BANCO COINAG S.A.,privado_nacional,informacion_estructura,Cantidad de tarjetas de crédito (plásticos),Set-2025,9280.0,2026-04-19
00431,BANCO COINAG S.A.,privado_nacional,informacion_estructura,Cantidad de tarjetas de débito,Set-2025,18416.0,2026-04-19
00431,BANCO COINAG S.A.,privado_nacional,informacion_estructura,Cantidad de cuentas corrientes,Dic-2025,4347.0,2026-04-19
00431,BANCO COINAG S.A.,privado_nacional,informacion_estructura,Cantidad de cuentas de ahorro,Dic-2025,19174.0,2026-04-19
00431,BANCO COINAG S.A.,privado_nacional,informacion_estructura,Cantidad de cajas de ahorro de ayuda social,Dic-2025,151.0,2026-04-19
00431,BANCO COINAG S.A.,privado_nacional,informacion_estructura,Cantidad de operaciones a plazo fijo Individuos,Dic-2025,1270.0,2026-04-19
00431,BANCO COINAG S.A.,privado_nacional,informacion_estructura,Cantidad de operaciones a plazo fijo Empresas,Dic-2025,351.0,2026-04-19
00431,BANCO COINAG S.A.,privado_nacional,informacion_estructura,Cantidad de operaciones por préstamos prendarios,Dic-2025,,2026-04-19
00431,BANCO COINAG S.A.,privado_nacional,informacion_estructura,Cantidad de operaciones por otros préstamos,Dic-2025,32104.0,2026-04-19
00431,BANCO COINAG S.A.,privado_nacional,informacion_estructura,Dotación de personal,Dic-2025,187.0,2026-04-19
00431,BANCO COINAG S.A.,privado_nacional,informacion_estructura,Cantidad de titulares por tarjetas de crédito,Dic-2025,6708.0,2026-04-19
00431,BANCO COINAG S.A.,privado_nacional,informacion_estructura,Cantidad de tarjetas de crédito (plásticos),Dic-2025,9167.0,2026-04-19
00431,BANCO COINAG S.A.,privado_nacional,informacion_estructura,Cantidad de tarjetas de débito,Dic-2025,18756.0,2026-04-19
00431,BANCO COINAG S.A.,privado_nacional,informacion_estructura,Cantidad de Cuentas,Dic-2023,3729.0,2026-04-19
00431,BANCO COINAG S.A.,privado_nacional,informacion_estructura,Cantidad de Empresas,Dic-2023,191.0,2026-04-19
00431,BANCO COINAG S.A.,privado_nacional,informacion_estructura,Cantidad de Cuentas,Dic-2024,3856.0,2026-04-19
00431,BANCO COINAG S.A.,privado_nacional,informacion_estructura,Cantidad de Empresas,Dic-2024,172.0,2026-04-19
00431,BANCO COINAG S.A.,privado_nacional,informacion_estructura,Cantidad de Cuentas,Nov-2025,3060.0,2026-04-19
00431,BANCO COINAG S.A.,privado_nacional,informacion_estructura,Cantidad de Empresas,Nov-2025,145.0,2026-04-19
00431,BANCO COINAG S.A.,privado_nacional,informacion_estructura,Cantidad de Cuentas,Dic-2025,3258.0,2026-04-19
00431,BANCO COINAG S.A.,privado_nacional,informacion_estructura,Cantidad de Empresas,Dic-2025,155.0,2026-04-19
00431,BANCO COINAG S.A.,privado_nacional,informacion_estructura,Cantidad de Cuentas,Ene-2026,2857.0,2026-04-19
00431,BANCO COINAG S.A.,privado_nacional,informacion_estructura,Cantidad de Empresas,Ene-2026,140.0,2026-04-19
00431,BANCO COINAG S.A.,privado_nacional,informacion_estructura,CABA,Habilitadas,1.0,2026-04-19
00431,BANCO COINAG S.A.,privado_nacional,informacion_estructura,SANTA FE,Habilitadas,8.0,2026-04-19
00431,BANCO COINAG S.A.,privado_nacional,informacion_estructura,CABA,Habilitadas,,2026-04-19
00431,BANCO COINAG S.A.,privado_nacional,informacion_estructura,SANTA FE,Habilitadas,,2026-04-19
00431,BANCO COINAG S.A.,privado_nacional,informacion_estructura,CABA,Habilitadas,,2026-04-19
00431,BANCO COINAG S.A.,privado_nacional,informacion_estructura,SANTA FE,Habilitadas,,2026-04-19
00431,BANCO COINAG S.A.,privado_nacional,informacion_estructura,CABA,Habilitadas,,2026-04-19
00431,BANCO COINAG S.A.,privado_nacional,informacion_estructura,SANTA FE,Habilitadas,9.0,2026-04-19
00431,BANCO COINAG S.A.,privado_nacional,informacion_estructura,CABA,Habilitadas,,2026-04-19
00431,BANCO COINAG S.A.,privado_nacional,informacion_estructura,SANTA FE,Habilitadas,,2026-04-19
00431,BANCO COINAG S.A.,privado_nacional,informacion_estructura,CABA,Habilitadas,,2026-04-19
00431,BANCO COINAG S.A.,privado_nacional,informacion_estructura,SANTA FE,Habilitadas,,2026-04-19
00431,BANCO COINAG S.A.,privado_nacional,informacion_estructura,CABA,Habilitadas,,2026-04-19
00431,BANCO COINAG S.A.,privado_nacional,informacion_estructura,SANTA FE,Habilitadas,,2026-04-19
00431,BANCO COINAG S.A.,privado_nacional,informacion_estructura,CABA,Pendientes de habilitación,,2026-04-19
00431,BANCO COINAG S.A.,privado_nacional,informacion_estructura,SANTA FE,Pendientes de habilitación,,2026-04-19
00431,BANCO COINAG S.A.,privado_nacional,informacion_estructura,CABA,Total,1.0,2026-04-19
00431,BANCO COINAG S.A.,privado_nacional,informacion_estructura,SANTA FE,Total,8.0,2026-04-19
00389,BANCO COLUMBIA S.A.,privado_nacional,informacion_estructura,Cantidad de cuentas corrientes,Dic-2023,1140.0,2026-04-19
00389,BANCO COLUMBIA S.A.,privado_nacional,informacion_estructura,Cantidad de cuentas de ahorro,Dic-2023,450526.0,2026-04-19
00389,BANCO COLUMBIA S.A.,privado_nacional,informacion_estructura,Cantidad de cajas de ahorro de ayuda social,Dic-2023,182989.0,2026-04-19
00389,BANCO COLUMBIA S.A.,privado_nacional,informacion_estructura,Cantidad de cuentas previsionales,Dic-2023,286143.0,2026-04-19
00389,BANCO COLUMBIA S.A.,privado_nacional,informacion_estructura,Cantidad de operaciones a plazo fijo Individuos,Dic-2023,30674.0,2026-04-19
00389,BANCO COLUMBIA S.A.,privado_nacional,informacion_estructura,Cantidad de operaciones a plazo fijo Empresas,Dic-2023,122.0,2026-04-19
00389,BANCO COLUMBIA S.A.,privado_nacional,informacion_estructura,Cantidad de operaciones por préstamos prendarios,Dic-2023,,2026-04-19
00389,BANCO COLUMBIA S.A.,privado_nacional,informacion_estructura,Cantidad de operaciones por otros préstamos,Dic-2023,213935.0,2026-04-19
00389,BANCO COLUMBIA S.A.,privado_nacional,informacion_estructura,Dotación de personal,Dic-2023,774.0,2026-04-19
00389,BANCO COLUMBIA S.A.,privado_nacional,informacion_estructura,Cantidad de titulares por tarjetas de crédito,Dic-2023,237519.0,2026-04-19
00389,BANCO COLUMBIA S.A.,privado_nacional,informacion_estructura,Cantidad de tarjetas de crédito (plásticos),Dic-2023,237519.0,2026-04-19
00389,BANCO COLUMBIA S.A.,privado_nacional,informacion_estructura,Cantidad de tarjetas de débito,Dic-2023,488282.0,2026-04-19
00389,BANCO COLUMBIA S.A.,privado_nacional,informacion_estructura,Cantidad de cuentas corrientes,Dic-2024,1300.0,2026-04-19
00389,BANCO COLUMBIA S.A.,privado_nacional,informacion_estructura,Cantidad de cuentas de ahorro,Dic-2024,332631.0,2026-04-19
00389,BANCO COLUMBIA S.A.,privado_nacional,informacion_estructura,Cantidad de cajas de ahorro de ayuda social,Dic-2024,156854.0,2026-04-19
00389,BANCO COLUMBIA S.A.,privado_nacional,informacion_estructura,Cantidad de cuentas previsionales,Dic-2024,139069.0,2026-04-19
00389,BANCO COLUMBIA S.A.,privado_nacional,informacion_estructura,Cantidad de operaciones a plazo fijo Individuos,Dic-2024,24347.0,2026-04-19
00389,BANCO COLUMBIA S.A.,privado_nacional,informacion_estructura,Cantidad de operaciones a plazo fijo Empresas,Dic-2024,94.0,2026-04-19
00389,BANCO COLUMBIA S.A.,privado_nacional,informacion_estructura,Cantidad de operaciones por préstamos prendarios,Dic-2024,976.0,2026-04-19
00389,BANCO COLUMBIA S.A.,privado_nacional,informacion_estructura,Cantidad de operaciones por otros préstamos,Dic-2024,213804.0,2026-04-19
00389,BANCO COLUMBIA S.A.,privado_nacional,informacion_estructura,Dotación de personal,Dic-2024,697.0,2026-04-19
00389,BANCO COLUMBIA S.A.,privado_nacional,informacion_estructura,Cantidad de titulares por tarjetas de crédito,Dic-2024,288236.0,2026-04-19
00389,BANCO COLUMBIA S.A.,privado_nacional,informacion_estructura,Cantidad de tarjetas de crédito (plásticos),Dic-2024,288236.0,2026-04-19
00389,BANCO COLUMBIA S.A.,privado_nacional,informacion_estructura,Cantidad de tarjetas de débito,Dic-2024,479186.0,2026-04-19
00389,BANCO COLUMBIA S.A.,privado_nacional,informacion_estructura,Cantidad de cuentas corrientes,Jun-2025,1490.0,2026-04-19
00389,BANCO COLUMBIA S.A.,privado_nacional,informacion_estructura,Cantidad de cuentas de ahorro,Jun-2025,320362.0,2026-04-19
00389,BANCO COLUMBIA S.A.,privado_nacional,informacion_estructura,Cantidad de cajas de ahorro de ayuda social,Jun-2025,149088.0,2026-04-19
00389,BANCO COLUMBIA S.A.,privado_nacional,informacion_estructura,Cantidad de cuentas previsionales,Jun-2025,132833.0,2026-04-19
00389,BANCO COLUMBIA S.A.,privado_nacional,informacion_estructura,Cantidad de operaciones a plazo fijo Individuos,Jun-2025,25343.0,2026-04-19
00389,BANCO COLUMBIA S.A.,privado_nacional,informacion_estructura,Cantidad de operaciones a plazo fijo Empresas,Jun-2025,102.0,2026-04-19
00389,BANCO COLUMBIA S.A.,privado_nacional,informacion_estructura,Cantidad de operaciones por préstamos prendarios,Jun-2025,4588.0,2026-04-19
00389,BANCO COLUMBIA S.A.,privado_nacional,informacion_estructura,Cantidad de operaciones por otros préstamos,Jun-2025,204389.0,2026-04-19
00389,BANCO COLUMBIA S.A.,privado_nacional,informacion_estructura,Dotación de personal,Jun-2025,679.0,2026-04-19
00389,BANCO COLUMBIA S.A.,privado_nacional,informacion_estructura,Cantidad de titulares por tarjetas de crédito,Jun-2025,267857.0,2026-04-19
00389,BANCO COLUMBIA S.A.,privado_nacional,informacion_estructura,Cantidad de tarjetas de crédito (plásticos),Jun-2025,267857.0,2026-04-19
00389,BANCO COLUMBIA S.A.,privado_nacional,informacion_estructura,Cantidad de tarjetas de débito,Jun-2025,369931.0,2026-04-19
00389,BANCO COLUMBIA S.A.,privado_nacional,informacion_estructura,Cantidad de cuentas corrientes,Set-2025,2422.0,2026-04-19
00389,BANCO COLUMBIA S.A.,privado_nacional,informacion_estructura,Cantidad de cuentas de ahorro,Set-2025,354591.0,2026-04-19
00389,BANCO COLUMBIA S.A.,privado_nacional,informacion_estructura,Cantidad de cajas de ahorro de ayuda social,Set-2025,166389.0,2026-04-19
00389,BANCO COLUMBIA S.A.,privado_nacional,informacion_estructura,Cantidad de cuentas previsionales,Set-2025,140889.0,2026-04-19
00389,BANCO COLUMBIA S.A.,privado_nacional,informacion_estructura,Cantidad de operaciones a plazo fijo Individuos,Set-2025,,2026-04-19
00389,BANCO COLUMBIA S.A.,privado_nacional,informacion_estructura,Cantidad de operaciones a plazo fijo Empresas,Set-2025,106.0,2026-04-19
00389,BANCO COLUMBIA S.A.,privado_nacional,informacion_estructura,Cantidad de operaciones por préstamos prendarios,Set-2025,5371.0,2026-04-19
00389,BANCO COLUMBIA S.A.,privado_nacional,informacion_estructura,Cantidad de operaciones por otros préstamos,Set-2025,195989.0,2026-04-19
00389,BANCO COLUMBIA S.A.,privado_nacional,informacion_estructura,Dotación de personal,Set-2025,669.0,2026-04-19
00389,BANCO COLUMBIA S.A.,privado_nacional,informacion_estructura,Cantidad de titulares por tarjetas de crédito,Set-2025,276844.0,2026-04-19
00389,BANCO COLUMBIA S.A.,privado_nacional,informacion_estructura,Cantidad de tarjetas de crédito (plásticos),Set-2025,221844.0,2026-04-19
00389,BANCO COLUMBIA S.A.,privado_nacional,informacion_estructura,Cantidad de tarjetas de débito,Set-2025,398667.0,2026-04-19
00389,BANCO COLUMBIA S.A.,privado_nacional,informacion_estructura,Cantidad de cuentas corrientes,Dic-2025,2155.0,2026-04-19
00389,BANCO COLUMBIA S.A.,privado_nacional,informacion_estructura,Cantidad de cuentas de ahorro,Dic-2025,346365.0,2026-04-19
00389,BANCO COLUMBIA S.A.,privado_nacional,informacion_estructura,Cantidad de cajas de ahorro de ayuda social,Dic-2025,159346.0,2026-04-19
00389,BANCO COLUMBIA S.A.,privado_nacional,informacion_estructura,Cantidad de cuentas previsionales,Dic-2025,138550.0,2026-04-19
00389,BANCO COLUMBIA S.A.,privado_nacional,informacion_estructura,Cantidad de operaciones a plazo fijo Individuos,Dic-2025,249702.0,2026-04-19
00389,BANCO COLUMBIA S.A.,privado_nacional,informacion_estructura,Cantidad de operaciones a plazo fijo Empresas,Dic-2025,626.0,2026-04-19
00389,BANCO COLUMBIA S.A.,privado_nacional,informacion_estructura,Cantidad de operaciones por préstamos prendarios,Dic-2025,5621.0,2026-04-19
00389,BANCO COLUMBIA S.A.,privado_nacional,informacion_estructura,Cantidad de operaciones por otros préstamos,Dic-2025,181155.0,2026-04-19
00389,BANCO COLUMBIA S.A.,privado_nacional,informacion_estructura,Dotación de personal,Dic-2025,660.0,2026-04-19
00389,BANCO COLUMBIA S.A.,privado_nacional,informacion_estructura,Cantidad de titulares por tarjetas de crédito,Dic-2025,220337.0,2026-04-19
00389,BANCO COLUMBIA S.A.,privado_nacional,informacion_estructura,Cantidad de tarjetas de crédito (plásticos),Dic-2025,282450.0,2026-04-19
00389,BANCO COLUMBIA S.A.,privado_nacional,informacion_estructura,Cantidad de tarjetas de débito,Dic-2025,398667.0,2026-04-19
00389,BANCO COLUMBIA S.A.,privado_nacional,informacion_estructura,Cantidad de Cuentas,Dic-2023,1030.0,2026-04-19
00389,BANCO COLUMBIA S.A.,privado_nacional,informacion_estructura,Cantidad de Empresas,Dic-2023,100.0,2026-04-19
00389,BANCO COLUMBIA S.A.,privado_nacional,informacion_estructura,Cantidad de Cuentas,Dic-2024,840.0,2026-04-19
00389,BANCO COLUMBIA S.A.,privado_nacional,informacion_estructura,Cantidad de Empresas,Dic-2024,86.0,2026-04-19
00389,BANCO COLUMBIA S.A.,privado_nacional,informacion_estructura,Cantidad de Cuentas,Nov-2025,801.0,2026-04-19
00389,BANCO COLUMBIA S.A.,privado_nacional,informacion_estructura,Cantidad de Empresas,Nov-2025,85.0,2026-04-19
00389,BANCO COLUMBIA S.A.,privado_nacional,informacion_estructura,Cantidad de Cuentas,Dic-2025,818.0,2026-04-19
00389,BANCO COLUMBIA S.A.,privado_nacional,informacion_estructura,Cantidad de Empresas,Dic-2025,92.0,2026-04-19
00389,BANCO COLUMBIA S.A.,privado_nacional,informacion_estructura,Cantidad de Cuentas,Ene-2026,693.0,2026-04-19
00389,BANCO COLUMBIA S.A.,privado_nacional,informacion_estructura,Cantidad de Empresas,Ene-2026,85.0,2026-04-19
00389,BANCO COLUMBIA S.A.,privado_nacional,informacion_estructura,CABA,Habilitadas,7.0,2026-04-19
00389,BANCO COLUMBIA S.A.,privado_nacional,informacion_estructura,BUENOS AIRES,Habilitadas,25.0,2026-04-19
00389,BANCO COLUMBIA S.A.,privado_nacional,informacion_estructura,CATAMARCA,Habilitadas,1.0,2026-04-19
00389,BANCO COLUMBIA S.A.,privado_nacional,informacion_estructura,CÓRDOBA,Habilitadas,1.0,2026-04-19
00389,BANCO COLUMBIA S.A.,privado_nacional,informacion_estructura,CORRIENTES,Habilitadas,1.0,2026-04-19
00389,BANCO COLUMBIA S.A.,privado_nacional,informacion_estructura,CHACO,Habilitadas,1.0,2026-04-19
00389,BANCO COLUMBIA S.A.,privado_nacional,informacion_estructura,CHUBUT,Habilitadas,1.0,2026-04-19
00389,BANCO COLUMBIA S.A.,privado_nacional,informacion_estructura,ENTRE RÍOS,Habilitadas,2.0,2026-04-19
00389,BANCO COLUMBIA S.A.,privado_nacional,informacion_estructura,JUJUY,Habilitadas,1.0,2026-04-19
00389,BANCO COLUMBIA S.A.,privado_nacional,informacion_estructura,LA PAMPA,Habilitadas,1.0,2026-04-19
00389,BANCO COLUMBIA S.A.,privado_nacional,informacion_estructura,LA RIOJA,Habilitadas,1.0,2026-04-19
00389,BANCO COLUMBIA S.A.,privado_nacional,informacion_estructura,MENDOZA,Habilitadas,1.0,2026-04-19
00389,BANCO COLUMBIA S.A.,privado_nacional,informacion_estructura,MISIONES,Habilitadas,1.0,2026-04-19
00389,BANCO COLUMBIA S.A.,privado_nacional,informacion_estructura,NEUQUÉN,Habilitadas,1.0,2026-04-19
00389,BANCO COLUMBIA S.A.,privado_nacional,informacion_estructura,RÍO NEGRO,Habilitadas,1.0,2026-04-19
00389,BANCO COLUMBIA S.A.,privado_nacional,informacion_estructura,SALTA,Habilitadas,1.0,2026-04-19
00389,BANCO COLUMBIA S.A.,privado_nacional,informacion_estructura,SAN JUAN,Habilitadas,1.0,2026-04-19
00389,BANCO COLUMBIA S.A.,privado_nacional,informacion_estructura,SAN LUIS,Habilitadas,2.0,2026-04-19
00389,BANCO COLUMBIA S.A.,privado_nacional,informacion_estructura,SANTA FE,Habilitadas,4.0,2026-04-19
00389,BANCO COLUMBIA S.A.,privado_nacional,informacion_estructura,SANTIAGO DEL ESTERO,Habilitadas,1.0,2026-04-19
00389,BANCO COLUMBIA S.A.,privado_nacional,informacion_estructura,TUCUMÁN,Habilitadas,2.0,2026-04-19
00389,BANCO COLUMBIA S.A.,privado_nacional,informacion_estructura,CABA,Habilitadas,,2026-04-19
00389,BANCO COLUMBIA S.A.,privado_nacional,informacion_estructura,BUENOS AIRES,Habilitadas,,2026-04-19
00389,BANCO COLUMBIA S.A.,privado_nacional,informacion_estructura,CATAMARCA,Habilitadas,,2026-04-19
00389,BANCO COLUMBIA S.A.,privado_nacional,informacion_estructura,CÓRDOBA,Habilitadas,,2026-04-19
00389,BANCO COLUMBIA S.A.,privado_nacional,informacion_estructura,CORRIENTES,Habilitadas,,2026-04-19
00389,BANCO COLUMBIA S.A.,privado_nacional,informacion_estructura,CHACO,Habilitadas,,2026-04-19
00389,BANCO COLUMBIA S.A.,privado_nacional,informacion_estructura,CHUBUT,Habilitadas,,2026-04-19
00389,BANCO COLUMBIA S.A.,privado_nacional,informacion_estructura,ENTRE RÍOS,Habilitadas,,2026-04-19
00389,BANCO COLUMBIA S.A.,privado_nacional,informacion_estructura,JUJUY,Habilitadas,,2026-04-19
00389,BANCO COLUMBIA S.A.,privado_nacional,informacion_estructura,LA PAMPA,Habilitadas,,2026-04-19
00389,BANCO COLUMBIA S.A.,privado_nacional,informacion_estructura,LA RIOJA,Habilitadas,,2026-04-19
00389,BANCO COLUMBIA S.A.,privado_nacional,informacion_estructura,MENDOZA,Habilitadas,,2026-04-19
00389,BANCO COLUMBIA S.A.,privado_nacional,informacion_estructura,MISIONES,Habilitadas,,2026-04-19
00389,BANCO COLUMBIA S.A.,privado_nacional,informacion_estructura,NEUQUÉN,Habilitadas,,2026-04-19
00389,BANCO COLUMBIA S.A.,privado_nacional,informacion_estructura,RÍO NEGRO,Habilitadas,,2026-04-19
00389,BANCO COLUMBIA S.A.,privado_nacional,informacion_estructura,SALTA,Habilitadas,,2026-04-19
00389,BANCO COLUMBIA S.A.,privado_nacional,informacion_estructura,SAN JUAN,Habilitadas,,2026-04-19
00389,BANCO COLUMBIA S.A.,privado_nacional,informacion_estructura,SAN LUIS,Habilitadas,,2026-04-19
00389,BANCO COLUMBIA S.A.,privado_nacional,informacion_estructura,SANTA FE,Habilitadas,,2026-04-19
00389,BANCO COLUMBIA S.A.,privado_nacional,informacion_estructura,SANTIAGO DEL ESTERO,Habilitadas,,2026-04-19
00389,BANCO COLUMBIA S.A.,privado_nacional,informacion_estructura,TUCUMÁN,Habilitadas,,2026-04-19
00389,BANCO COLUMBIA S.A.,privado_nacional,informacion_estructura,CABA,Habilitadas,,2026-04-19
00389,BANCO COLUMBIA S.A.,privado_nacional,informacion_estructura,BUENOS AIRES,Habilitadas,,2026-04-19
00389,BANCO COLUMBIA S.A.,privado_nacional,informacion_estructura,CATAMARCA,Habilitadas,,2026-04-19
00389,BANCO COLUMBIA S.A.,privado_nacional,informacion_estructura,CÓRDOBA,Habilitadas,,2026-04-19
00389,BANCO COLUMBIA S.A.,privado_nacional,informacion_estructura,CORRIENTES,Habilitadas,,2026-04-19
00389,BANCO COLUMBIA S.A.,privado_nacional,informacion_estructura,CHACO,Habilitadas,,2026-04-19
00389,BANCO COLUMBIA S.A.,privado_nacional,informacion_estructura,CHUBUT,Habilitadas,,2026-04-19
00389,BANCO COLUMBIA S.A.,privado_nacional,informacion_estructura,ENTRE RÍOS,Habilitadas,,2026-04-19
00389,BANCO COLUMBIA S.A.,privado_nacional,informacion_estructura,JUJUY,Habilitadas,,2026-04-19
00389,BANCO COLUMBIA S.A.,privado_nacional,informacion_estructura,LA PAMPA,Habilitadas,,2026-04-19
00389,BANCO COLUMBIA S.A.,privado_nacional,informacion_estructura,LA RIOJA,Habilitadas,,2026-04-19
00389,BANCO COLUMBIA S.A.,privado_nacional,informacion_estructura,MENDOZA,Habilitadas,,2026-04-19
00389,BANCO COLUMBIA S.A.,privado_nacional,informacion_estructura,MISIONES,Habilitadas,,2026-04-19
00389,BANCO COLUMBIA S.A.,privado_nacional,informacion_estructura,NEUQUÉN,Habilitadas,,2026-04-19
00389,BANCO COLUMBIA S.A.,privado_nacional,informacion_estructura,RÍO NEGRO,Habilitadas,,2026-04-19
00389,BANCO COLUMBIA S.A.,privado_nacional,informacion_estructura,SALTA,Habilitadas,,2026-04-19
00389,BANCO COLUMBIA S.A.,privado_nacional,informacion_estructura,SAN JUAN,Habilitadas,,2026-04-19
00389,BANCO COLUMBIA S.A.,privado_nacional,informacion_estructura,SAN LUIS,Habilitadas,,2026-04-19
00389,BANCO COLUMBIA S.A.,privado_nacional,informacion_estructura,SANTA FE,Habilitadas,,2026-04-19
00389,BANCO COLUMBIA S.A.,privado_nacional,informacion_estructura,SANTIAGO DEL ESTERO,Habilitadas,,2026-04-19
00389,BANCO COLUMBIA S.A.,privado_nacional,informacion_estructura,TUCUMÁN,Habilitadas,,2026-04-19
00389,BANCO COLUMBIA S.A.,privado_nacional,informacion_estructura,CABA,Habilitadas,10.0,2026-04-19
00389,BANCO COLUMBIA S.A.,privado_nacional,informacion_estructura,BUENOS AIRES,Habilitadas,30.0,2026-04-19
00389,BANCO COLUMBIA S.A.,privado_nacional,informacion_estructura,CATAMARCA,Habilitadas,,2026-04-19
00389,BANCO COLUMBIA S.A.,privado_nacional,informacion_estructura,CÓRDOBA,Habilitadas,3.0,2026-04-19
00389,BANCO COLUMBIA S.A.,privado_nacional,informacion_estructura,CORRIENTES,Habilitadas,1.0,2026-04-19
00389,BANCO COLUMBIA S.A.,privado_nacional,informacion_estructura,CHACO,Habilitadas,1.0,2026-04-19
00389,BANCO COLUMBIA S.A.,privado_nacional,informacion_estructura,CHUBUT,Habilitadas,1.0,2026-04-19
00389,BANCO COLUMBIA S.A.,privado_nacional,informacion_estructura,ENTRE RÍOS,Habilitadas,,2026-04-19
00389,BANCO COLUMBIA S.A.,privado_nacional,informacion_estructura,JUJUY,Habilitadas,1.0,2026-04-19
00389,BANCO COLUMBIA S.A.,privado_nacional,informacion_estructura,LA PAMPA,Habilitadas,2.0,2026-04-19
00389,BANCO COLUMBIA S.A.,privado_nacional,informacion_estructura,LA RIOJA,Habilitadas,,2026-04-19
00389,BANCO COLUMBIA S.A.,privado_nacional,informacion_estructura,MENDOZA,Habilitadas,,2026-04-19
00389,BANCO COLUMBIA S.A.,privado_nacional,informacion_estructura,MISIONES,Habilitadas,1.0,2026-04-19
00389,BANCO COLUMBIA S.A.,privado_nacional,informacion_estructura,NEUQUÉN,Habilitadas,1.0,2026-04-19
00389,BANCO COLUMBIA S.A.,privado_nacional,informacion_estructura,RÍO NEGRO,Habilitadas,1.0,2026-04-19
00389,BANCO COLUMBIA S.A.,privado_nacional,informacion_estructura,SALTA,Habilitadas,1.0,2026-04-19
00389,BANCO COLUMBIA S.A.,privado_nacional,informacion_estructura,SAN JUAN,Habilitadas,1.0,2026-04-19
00389,BANCO COLUMBIA S.A.,privado_nacional,informacion_estructura,SAN LUIS,Habilitadas,2.0,2026-04-19
00389,BANCO COLUMBIA S.A.,privado_nacional,informacion_estructura,SANTA FE,Habilitadas,6.0,2026-04-19
00389,BANCO COLUMBIA S.A.,privado_nacional,informacion_estructura,SANTIAGO DEL ESTERO,Habilitadas,1.0,2026-04-19
00389,BANCO COLUMBIA S.A.,privado_nacional,informacion_estructura,TUCUMÁN,Habilitadas,2.0,2026-04-19
00389,BANCO COLUMBIA S.A.,privado_nacional,informacion_estructura,CABA,Habilitadas,,2026-04-19
00389,BANCO COLUMBIA S.A.,privado_nacional,informacion_estructura,BUENOS AIRES,Habilitadas,,2026-04-19
00389,BANCO COLUMBIA S.A.,privado_nacional,informacion_estructura,CATAMARCA,Habilitadas,,2026-04-19
00389,BANCO COLUMBIA S.A.,privado_nacional,informacion_estructura,CÓRDOBA,Habilitadas,,2026-04-19
00389,BANCO COLUMBIA S.A.,privado_nacional,informacion_estructura,CORRIENTES,Habilitadas,,2026-04-19
00389,BANCO COLUMBIA S.A.,privado_nacional,informacion_estructura,CHACO,Habilitadas,,2026-04-19
00389,BANCO COLUMBIA S.A.,privado_nacional,informacion_estructura,CHUBUT,Habilitadas,,2026-04-19
00389,BANCO COLUMBIA S.A.,privado_nacional,informacion_estructura,ENTRE RÍOS,Habilitadas,,2026-04-19
00389,BANCO COLUMBIA S.A.,privado_nacional,informacion_estructura,JUJUY,Habilitadas,,2026-04-19
00389,BANCO COLUMBIA S.A.,privado_nacional,informacion_estructura,LA PAMPA,Habilitadas,,2026-04-19
00389,BANCO COLUMBIA S.A.,privado_nacional,informacion_estructura,LA RIOJA,Habilitadas,,2026-04-19
00389,BANCO COLUMBIA S.A.,privado_nacional,informacion_estructura,MENDOZA,Habilitadas,,2026-04-19
00389,BANCO COLUMBIA S.A.,privado_nacional,informacion_estructura,MISIONES,Habilitadas,,2026-04-19
00389,BANCO COLUMBIA S.A.,privado_nacional,informacion_estructura,NEUQUÉN,Habilitadas,,2026-04-19
00389,BANCO COLUMBIA S.A.,privado_nacional,informacion_estructura,RÍO NEGRO,Habilitadas,,2026-04-19
00389,BANCO COLUMBIA S.A.,privado_nacional,informacion_estructura,SALTA,Habilitadas,,2026-04-19
00389,BANCO COLUMBIA S.A.,privado_nacional,informacion_estructura,SAN JUAN,Habilitadas,,2026-04-19
00389,BANCO COLUMBIA S.A.,privado_nacional,informacion_estructura,SAN LUIS,Habilitadas,,2026-04-19
00389,BANCO COLUMBIA S.A.,privado_nacional,informacion_estructura,SANTA FE,Habilitadas,,2026-04-19
00389,BANCO COLUMBIA S.A.,privado_nacional,informacion_estructura,SANTIAGO DEL ESTERO,Habilitadas,,2026-04-19
00389,BANCO COLUMBIA S.A.,privado_nacional,informacion_estructura,TUCUMÁN,Habilitadas,,2026-04-19
00389,BANCO COLUMBIA S.A.,privado_nacional,informacion_estructura,CABA,Habilitadas,,2026-04-19
00389,BANCO COLUMBIA S.A.,privado_nacional,informacion_estructura,BUENOS AIRES,Habilitadas,5.0,2026-04-19
00389,BANCO COLUMBIA S.A.,privado_nacional,informacion_estructura,CATAMARCA,Habilitadas,,2026-04-19
00389,BANCO COLUMBIA S.A.,privado_nacional,informacion_estructura,CÓRDOBA,Habilitadas,,2026-04-19
00389,BANCO COLUMBIA S.A.,privado_nacional,informacion_estructura,CORRIENTES,Habilitadas,,2026-04-19
00389,BANCO COLUMBIA S.A.,privado_nacional,informacion_estructura,CHACO,Habilitadas,,2026-04-19
00389,BANCO COLUMBIA S.A.,privado_nacional,informacion_estructura,CHUBUT,Habilitadas,,2026-04-19
00389,BANCO COLUMBIA S.A.,privado_nacional,informacion_estructura,ENTRE RÍOS,Habilitadas,,2026-04-19
00389,BANCO COLUMBIA S.A.,privado_nacional,informacion_estructura,JUJUY,Habilitadas,,2026-04-19
00389,BANCO COLUMBIA S.A.,privado_nacional,informacion_estructura,LA PAMPA,Habilitadas,,2026-04-19
00389,BANCO COLUMBIA S.A.,privado_nacional,informacion_estructura,LA RIOJA,Habilitadas,,2026-04-19
00389,BANCO COLUMBIA S.A.,privado_nacional,informacion_estructura,MENDOZA,Habilitadas,,2026-04-19
00389,BANCO COLUMBIA S.A.,privado_nacional,informacion_estructura,MISIONES,Habilitadas,,2026-04-19
00389,BANCO COLUMBIA S.A.,privado_nacional,informacion_estructura,NEUQUÉN,Habilitadas,,2026-04-19
00389,BANCO COLUMBIA S.A.,privado_nacional,informacion_estructura,RÍO NEGRO,Habilitadas,,2026-04-19
00389,BANCO COLUMBIA S.A.,privado_nacional,informacion_estructura,SALTA,Habilitadas,,2026-04-19
00389,BANCO COLUMBIA S.A.,privado_nacional,informacion_estructura,SAN JUAN,Habilitadas,,2026-04-19
00389,BANCO COLUMBIA S.A.,privado_nacional,informacion_estructura,SAN LUIS,Habilitadas,,2026-04-19
00389,BANCO COLUMBIA S.A.,privado_nacional,informacion_estructura,SANTA FE,Habilitadas,1.0,2026-04-19
00389,BANCO COLUMBIA S.A.,privado_nacional,informacion_estructura,SANTIAGO DEL ESTERO,Habilitadas,,2026-04-19
00389,BANCO COLUMBIA S.A.,privado_nacional,informacion_estructura,TUCUMÁN,Habilitadas,,2026-04-19
00389,BANCO COLUMBIA S.A.,privado_nacional,informacion_estructura,CABA,Habilitadas,,2026-04-19
00389,BANCO COLUMBIA S.A.,privado_nacional,informacion_estructura,BUENOS AIRES,Habilitadas,1.0,2026-04-19
00389,BANCO COLUMBIA S.A.,privado_nacional,informacion_estructura,CATAMARCA,Habilitadas,,2026-04-19
00389,BANCO COLUMBIA S.A.,privado_nacional,informacion_estructura,CÓRDOBA,Habilitadas,,2026-04-19
00389,BANCO COLUMBIA S.A.,privado_nacional,informacion_estructura,CORRIENTES,Habilitadas,,2026-04-19
00389,BANCO COLUMBIA S.A.,privado_nacional,informacion_estructura,CHACO,Habilitadas,,2026-04-19
00389,BANCO COLUMBIA S.A.,privado_nacional,informacion_estructura,CHUBUT,Habilitadas,,2026-04-19
00389,BANCO COLUMBIA S.A.,privado_nacional,informacion_estructura,ENTRE RÍOS,Habilitadas,,2026-04-19
00389,BANCO COLUMBIA S.A.,privado_nacional,informacion_estructura,JUJUY,Habilitadas,,2026-04-19
00389,BANCO COLUMBIA S.A.,privado_nacional,informacion_estructura,LA PAMPA,Habilitadas,,2026-04-19
00389,BANCO COLUMBIA S.A.,privado_nacional,informacion_estructura,LA RIOJA,Habilitadas,,2026-04-19
00389,BANCO COLUMBIA S.A.,privado_nacional,informacion_estructura,MENDOZA,Habilitadas,,2026-04-19
00389,BANCO COLUMBIA S.A.,privado_nacional,informacion_estructura,MISIONES,Habilitadas,,2026-04-19
00389,BANCO COLUMBIA S.A.,privado_nacional,informacion_estructura,NEUQUÉN,Habilitadas,,2026-04-19
00389,BANCO COLUMBIA S.A.,privado_nacional,informacion_estructura,RÍO NEGRO,Habilitadas,,2026-04-19
00389,BANCO COLUMBIA S.A.,privado_nacional,informacion_estructura,SALTA,Habilitadas,,2026-04-19
00389,BANCO COLUMBIA S.A.,privado_nacional,informacion_estructura,SAN JUAN,Habilitadas,,2026-04-19
00389,BANCO COLUMBIA S.A.,privado_nacional,informacion_estructura,SAN LUIS,Habilitadas,,2026-04-19
00389,BANCO COLUMBIA S.A.,privado_nacional,informacion_estructura,SANTA FE,Habilitadas,1.0,2026-04-19
00389,BANCO COLUMBIA S.A.,privado_nacional,informacion_estructura,SANTIAGO DEL ESTERO,Habilitadas,,2026-04-19
00389,BANCO COLUMBIA S.A.,privado_nacional,informacion_estructura,TUCUMÁN,Habilitadas,,2026-04-19
00389,BANCO COLUMBIA S.A.,privado_nacional,informacion_estructura,CABA,Pendientes de habilitación,1.0,2026-04-19
00389,BANCO COLUMBIA S.A.,privado_nacional,informacion_estructura,BUENOS AIRES,Pendientes de habilitación,,2026-04-19
00389,BANCO COLUMBIA S.A.,privado_nacional,informacion_estructura,CATAMARCA,Pendientes de habilitación,,2026-04-19
00389,BANCO COLUMBIA S.A.,privado_nacional,informacion_estructura,CÓRDOBA,Pendientes de habilitación,,2026-04-19
00389,BANCO COLUMBIA S.A.,privado_nacional,informacion_estructura,CORRIENTES,Pendientes de habilitación,,2026-04-19
00389,BANCO COLUMBIA S.A.,privado_nacional,informacion_estructura,CHACO,Pendientes de habilitación,,2026-04-19
00389,BANCO COLUMBIA S.A.,privado_nacional,informacion_estructura,CHUBUT,Pendientes de habilitación,,2026-04-19
00389,BANCO COLUMBIA S.A.,privado_nacional,informacion_estructura,ENTRE RÍOS,Pendientes de habilitación,,2026-04-19
00389,BANCO COLUMBIA S.A.,privado_nacional,informacion_estructura,JUJUY,Pendientes de habilitación,,2026-04-19
00389,BANCO COLUMBIA S.A.,privado_nacional,informacion_estructura,LA PAMPA,Pendientes de habilitación,1.0,2026-04-19
00389,BANCO COLUMBIA S.A.,privado_nacional,informacion_estructura,LA RIOJA,Pendientes de habilitación,,2026-04-19
00389,BANCO COLUMBIA S.A.,privado_nacional,informacion_estructura,MENDOZA,Pendientes de habilitación,,2026-04-19
00389,BANCO COLUMBIA S.A.,privado_nacional,informacion_estructura,MISIONES,Pendientes de habilitación,,2026-04-19
00389,BANCO COLUMBIA S.A.,privado_nacional,informacion_estructura,NEUQUÉN,Pendientes de habilitación,,2026-04-19
00389,BANCO COLUMBIA S.A.,privado_nacional,informacion_estructura,RÍO NEGRO,Pendientes de habilitación,,2026-04-19
00389,BANCO COLUMBIA S.A.,privado_nacional,informacion_estructura,SALTA,Pendientes de habilitación,,2026-04-19
00389,BANCO COLUMBIA S.A.,privado_nacional,informacion_estructura,SAN JUAN,Pendientes de habilitación,,2026-04-19
00389,BANCO COLUMBIA S.A.,privado_nacional,informacion_estructura,SAN LUIS,Pendientes de habilitación,,2026-04-19
00389,BANCO COLUMBIA S.A.,privado_nacional,informacion_estructura,SANTA FE,Pendientes de habilitación,1.0,2026-04-19
00389,BANCO COLUMBIA S.A.,privado_nacional,informacion_estructura,SANTIAGO DEL ESTERO,Pendientes de habilitación,,2026-04-19
00389,BANCO COLUMBIA S.A.,privado_nacional,informacion_estructura,TUCUMÁN,Pendientes de habilitación,,2026-04-19
00389,BANCO COLUMBIA S.A.,privado_nacional,informacion_estructura,CABA,Total,8.0,2026-04-19
00389,BANCO COLUMBIA S.A.,privado_nacional,informacion_estructura,BUENOS AIRES,Total,25.0,2026-04-19
00389,BANCO COLUMBIA S.A.,privado_nacional,informacion_estructura,CATAMARCA,Total,1.0,2026-04-19
00389,BANCO COLUMBIA S.A.,privado_nacional,informacion_estructura,CÓRDOBA,Total,1.0,2026-04-19
00389,BANCO COLUMBIA S.A.,privado_nacional,informacion_estructura,CORRIENTES,Total,1.0,2026-04-19
00389,BANCO COLUMBIA S.A.,privado_nacional,informacion_estructura,CHACO,Total,1.0,2026-04-19
00389,BANCO COLUMBIA S.A.,privado_nacional,informacion_estructura,CHUBUT,Total,1.0,2026-04-19
00389,BANCO COLUMBIA S.A.,privado_nacional,informacion_estructura,ENTRE RÍOS,Total,2.0,2026-04-19
00389,BANCO COLUMBIA S.A.,privado_nacional,informacion_estructura,JUJUY,Total,1.0,2026-04-19
00389,BANCO COLUMBIA S.A.,privado_nacional,informacion_estructura,LA PAMPA,Total,2.0,2026-04-19
00389,BANCO COLUMBIA S.A.,privado_nacional,informacion_estructura,LA RIOJA,Total,1.0,2026-04-19
00389,BANCO COLUMBIA S.A.,privado_nacional,informacion_estructura,MENDOZA,Total,1.0,2026-04-19
00389,BANCO COLUMBIA S.A.,privado_nacional,informacion_estructura,MISIONES,Total,1.0,2026-04-19
00389,BANCO COLUMBIA S.A.,privado_nacional,informacion_estructura,NEUQUÉN,Total,1.0,2026-04-19
00389,BANCO COLUMBIA S.A.,privado_nacional,informacion_estructura,RÍO NEGRO,Total,1.0,2026-04-19
00389,BANCO COLUMBIA S.A.,privado_nacional,informacion_estructura,SALTA,Total,1.0,2026-04-19
00389,BANCO COLUMBIA S.A.,privado_nacional,informacion_estructura,SAN JUAN,Total,1.0,2026-04-19
00389,BANCO COLUMBIA S.A.,privado_nacional,informacion_estructura,SAN LUIS,Total,2.0,2026-04-19
00389,BANCO COLUMBIA S.A.,privado_nacional,informacion_estructura,SANTA FE,Total,5.0,2026-04-19
00389,BANCO COLUMBIA S.A.,privado_nacional,informacion_estructura,SANTIAGO DEL ESTERO,Total,1.0,2026-04-19
00389,BANCO COLUMBIA S.A.,privado_nacional,informacion_estructura,TUCUMÁN,Total,2.0,2026-04-19
00299,BANCO COMAFI SOCIEDAD ANONIMA,privado_nacional,informacion_estructura,Cantidad de cuentas corrientes,Dic-2023,51482.0,2026-04-19
00299,BANCO COMAFI SOCIEDAD ANONIMA,privado_nacional,informacion_estructura,Cantidad de cuentas de ahorro,Dic-2023,489679.0,2026-04-19
00299,BANCO COMAFI SOCIEDAD ANONIMA,privado_nacional,informacion_estructura,Cantidad de cajas de ahorro de ayuda social,Dic-2023,123676.0,2026-04-19
00299,BANCO COMAFI SOCIEDAD ANONIMA,privado_nacional,informacion_estructura,Cantidad de cuentas previsionales,Dic-2023,75160.0,2026-04-19
00299,BANCO COMAFI SOCIEDAD ANONIMA,privado_nacional,informacion_estructura,Cantidad de operaciones a plazo fijo Individuos,Dic-2023,26278.0,2026-04-19
00299,BANCO COMAFI SOCIEDAD ANONIMA,privado_nacional,informacion_estructura,Cantidad de operaciones a plazo fijo Empresas,Dic-2023,682.0,2026-04-19
00299,BANCO COMAFI SOCIEDAD ANONIMA,privado_nacional,informacion_estructura,Cantidad de operaciones por préstamos hipotecarios,Dic-2023,2.0,2026-04-19
00299,BANCO COMAFI SOCIEDAD ANONIMA,privado_nacional,informacion_estructura,Cantidad de operaciones por préstamos prendarios,Dic-2023,10.0,2026-04-19
00299,BANCO COMAFI SOCIEDAD ANONIMA,privado_nacional,informacion_estructura,Cantidad de operaciones por otros préstamos,Dic-2023,197987.0,2026-04-19
00299,BANCO COMAFI SOCIEDAD ANONIMA,privado_nacional,informacion_estructura,Dotación de personal,Dic-2023,1450.0,2026-04-19
00299,BANCO COMAFI SOCIEDAD ANONIMA,privado_nacional,informacion_estructura,Cantidad de titulares por tarjetas de crédito,Dic-2023,191091.0,2026-04-19
00299,BANCO COMAFI SOCIEDAD ANONIMA,privado_nacional,informacion_estructura,Cantidad de tarjetas de crédito (plásticos),Dic-2023,324830.0,2026-04-19
00299,BANCO COMAFI SOCIEDAD ANONIMA,privado_nacional,informacion_estructura,Cantidad de tarjetas de débito,Dic-2023,272208.0,2026-04-19
00299,BANCO COMAFI SOCIEDAD ANONIMA,privado_nacional,informacion_estructura,Cantidad de cuentas corrientes,Dic-2024,54047.0,2026-04-19
00299,BANCO COMAFI SOCIEDAD ANONIMA,privado_nacional,informacion_estructura,Cantidad de cuentas de ahorro,Dic-2024,493123.0,2026-04-19
00299,BANCO COMAFI SOCIEDAD ANONIMA,privado_nacional,informacion_estructura,Cantidad de cajas de ahorro de ayuda social,Dic-2024,122542.0,2026-04-19
00299,BANCO COMAFI SOCIEDAD ANONIMA,privado_nacional,informacion_estructura,Cantidad de cuentas previsionales,Dic-2024,75070.0,2026-04-19
00299,BANCO COMAFI SOCIEDAD ANONIMA,privado_nacional,informacion_estructura,Cantidad de operaciones a plazo fijo Individuos,Dic-2024,20087.0,2026-04-19
00299,BANCO COMAFI SOCIEDAD ANONIMA,privado_nacional,informacion_estructura,Cantidad de operaciones a plazo fijo Empresas,Dic-2024,575.0,2026-04-19
00299,BANCO COMAFI SOCIEDAD ANONIMA,privado_nacional,informacion_estructura,Cantidad de operaciones por préstamos hipotecarios,Dic-2024,7.0,2026-04-19
00299,BANCO COMAFI SOCIEDAD ANONIMA,privado_nacional,informacion_estructura,Cantidad de operaciones por préstamos prendarios,Dic-2024,36.0,2026-04-19
00299,BANCO COMAFI SOCIEDAD ANONIMA,privado_nacional,informacion_estructura,Cantidad de operaciones por otros préstamos,Dic-2024,189970.0,2026-04-19
00299,BANCO COMAFI SOCIEDAD ANONIMA,privado_nacional,informacion_estructura,Dotación de personal,Dic-2024,1515.0,2026-04-19
00299,BANCO COMAFI SOCIEDAD ANONIMA,privado_nacional,informacion_estructura,Cantidad de titulares por tarjetas de crédito,Dic-2024,186623.0,2026-04-19
00299,BANCO COMAFI SOCIEDAD ANONIMA,privado_nacional,informacion_estructura,Cantidad de tarjetas de crédito (plásticos),Dic-2024,306286.0,2026-04-19
00299,BANCO COMAFI SOCIEDAD ANONIMA,privado_nacional,informacion_estructura,Cantidad de tarjetas de débito,Dic-2024,262563.0,2026-04-19
00299,BANCO COMAFI SOCIEDAD ANONIMA,privado_nacional,informacion_estructura,Cantidad de cuentas corrientes,Jun-2025,55919.0,2026-04-19
00299,BANCO COMAFI SOCIEDAD ANONIMA,privado_nacional,informacion_estructura,Cantidad de cuentas de ahorro,Jun-2025,510070.0,2026-04-19
00299,BANCO COMAFI SOCIEDAD ANONIMA,privado_nacional,informacion_estructura,Cantidad de cajas de ahorro de ayuda social,Jun-2025,118407.0,2026-04-19
00299,BANCO COMAFI SOCIEDAD ANONIMA,privado_nacional,informacion_estructura,Cantidad de cuentas previsionales,Jun-2025,74233.0,2026-04-19
00299,BANCO COMAFI SOCIEDAD ANONIMA,privado_nacional,informacion_estructura,Cantidad de operaciones a plazo fijo Individuos,Jun-2025,18334.0,2026-04-19
00299,BANCO COMAFI SOCIEDAD ANONIMA,privado_nacional,informacion_estructura,Cantidad de operaciones a plazo fijo Empresas,Jun-2025,700.0,2026-04-19
00299,BANCO COMAFI SOCIEDAD ANONIMA,privado_nacional,informacion_estructura,Cantidad de operaciones por préstamos hipotecarios,Jun-2025,53.0,2026-04-19
00299,BANCO COMAFI SOCIEDAD ANONIMA,privado_nacional,informacion_estructura,Cantidad de operaciones por préstamos prendarios,Jun-2025,54.0,2026-04-19
00299,BANCO COMAFI SOCIEDAD ANONIMA,privado_nacional,informacion_estructura,Cantidad de operaciones por otros préstamos,Jun-2025,177442.0,2026-04-19
00299,BANCO COMAFI SOCIEDAD ANONIMA,privado_nacional,informacion_estructura,Dotación de personal,Jun-2025,1482.0,2026-04-19
00299,BANCO COMAFI SOCIEDAD ANONIMA,privado_nacional,informacion_estructura,Cantidad de titulares por tarjetas de crédito,Jun-2025,132040.0,2026-04-19
00299,BANCO COMAFI SOCIEDAD ANONIMA,privado_nacional,informacion_estructura,Cantidad de tarjetas de crédito (plásticos),Jun-2025,215626.0,2026-04-19
00299,BANCO COMAFI SOCIEDAD ANONIMA,privado_nacional,informacion_estructura,Cantidad de tarjetas de débito,Jun-2025,258553.0,2026-04-19
00299,BANCO COMAFI SOCIEDAD ANONIMA,privado_nacional,informacion_estructura,Cantidad de cuentas corrientes,Set-2025,55915.0,2026-04-19
00299,BANCO COMAFI SOCIEDAD ANONIMA,privado_nacional,informacion_estructura,Cantidad de cuentas de ahorro,Set-2025,502537.0,2026-04-19
00299,BANCO COMAFI SOCIEDAD ANONIMA,privado_nacional,informacion_estructura,Cantidad de cajas de ahorro de ayuda social,Set-2025,95340.0,2026-04-19
00299,BANCO COMAFI SOCIEDAD ANONIMA,privado_nacional,informacion_estructura,Cantidad de cuentas previsionales,Set-2025,61132.0,2026-04-19
00299,BANCO COMAFI SOCIEDAD ANONIMA,privado_nacional,informacion_estructura,Cantidad de operaciones a plazo fijo Individuos,Set-2025,18912.0,2026-04-19
00299,BANCO COMAFI SOCIEDAD ANONIMA,privado_nacional,informacion_estructura,Cantidad de operaciones a plazo fijo Empresas,Set-2025,802.0,2026-04-19
00299,BANCO COMAFI SOCIEDAD ANONIMA,privado_nacional,informacion_estructura,Cantidad de operaciones por préstamos hipotecarios,Set-2025,104.0,2026-04-19
00299,BANCO COMAFI SOCIEDAD ANONIMA,privado_nacional,informacion_estructura,Cantidad de operaciones por préstamos prendarios,Set-2025,58.0,2026-04-19
00299,BANCO COMAFI SOCIEDAD ANONIMA,privado_nacional,informacion_estructura,Cantidad de operaciones por otros préstamos,Set-2025,177044.0,2026-04-19
00299,BANCO COMAFI SOCIEDAD ANONIMA,privado_nacional,informacion_estructura,Dotación de personal,Set-2025,1452.0,2026-04-19
00299,BANCO COMAFI SOCIEDAD ANONIMA,privado_nacional,informacion_estructura,Cantidad de titulares por tarjetas de crédito,Set-2025,128111.0,2026-04-19
00299,BANCO COMAFI SOCIEDAD ANONIMA,privado_nacional,informacion_estructura,Cantidad de tarjetas de crédito (plásticos),Set-2025,204574.0,2026-04-19
00299,BANCO COMAFI SOCIEDAD ANONIMA,privado_nacional,informacion_estructura,Cantidad de tarjetas de débito,Set-2025,230625.0,2026-04-19
00299,BANCO COMAFI SOCIEDAD ANONIMA,privado_nacional,informacion_estructura,Cantidad de cuentas corrientes,Dic-2025,54563.0,2026-04-19
00299,BANCO COMAFI SOCIEDAD ANONIMA,privado_nacional,informacion_estructura,Cantidad de cuentas de ahorro,Dic-2025,438640.0,2026-04-19
00299,BANCO COMAFI SOCIEDAD ANONIMA,privado_nacional,informacion_estructura,Cantidad de cajas de ahorro de ayuda social,Dic-2025,90959.0,2026-04-19
00299,BANCO COMAFI SOCIEDAD ANONIMA,privado_nacional,informacion_estructura,Cantidad de cuentas previsionales,Dic-2025,43688.0,2026-04-19
00299,BANCO COMAFI SOCIEDAD ANONIMA,privado_nacional,informacion_estructura,Cantidad de operaciones a plazo fijo Individuos,Dic-2025,15903.0,2026-04-19
00299,BANCO COMAFI SOCIEDAD ANONIMA,privado_nacional,informacion_estructura,Cantidad de operaciones a plazo fijo Empresas,Dic-2025,661.0,2026-04-19
00299,BANCO COMAFI SOCIEDAD ANONIMA,privado_nacional,informacion_estructura,Cantidad de operaciones por préstamos hipotecarios,Dic-2025,139.0,2026-04-19
00299,BANCO COMAFI SOCIEDAD ANONIMA,privado_nacional,informacion_estructura,Cantidad de operaciones por préstamos prendarios,Dic-2025,66.0,2026-04-19
00299,BANCO COMAFI SOCIEDAD ANONIMA,privado_nacional,informacion_estructura,Cantidad de operaciones por otros préstamos,Dic-2025,171800.0,2026-04-19
00299,BANCO COMAFI SOCIEDAD ANONIMA,privado_nacional,informacion_estructura,Dotación de personal,Dic-2025,1417.0,2026-04-19
00299,BANCO COMAFI SOCIEDAD ANONIMA,privado_nacional,informacion_estructura,Cantidad de titulares por tarjetas de crédito,Dic-2025,122932.0,2026-04-19
00299,BANCO COMAFI SOCIEDAD ANONIMA,privado_nacional,informacion_estructura,Cantidad de tarjetas de crédito (plásticos),Dic-2025,199264.0,2026-04-19
00299,BANCO COMAFI SOCIEDAD ANONIMA,privado_nacional,informacion_estructura,Cantidad de tarjetas de débito,Dic-2025,211124.0,2026-04-19
00299,BANCO COMAFI SOCIEDAD ANONIMA,privado_nacional,informacion_estructura,Cantidad de Cuentas,Dic-2023,40004.0,2026-04-19
00299,BANCO COMAFI SOCIEDAD ANONIMA,privado_nacional,informacion_estructura,Cantidad de Empresas,Dic-2023,4379.0,2026-04-19
00299,BANCO COMAFI SOCIEDAD ANONIMA,privado_nacional,informacion_estructura,Cantidad de Cuentas,Dic-2024,34417.0,2026-04-19
00299,BANCO COMAFI SOCIEDAD ANONIMA,privado_nacional,informacion_estructura,Cantidad de Empresas,Dic-2024,3762.0,2026-04-19
00299,BANCO COMAFI SOCIEDAD ANONIMA,privado_nacional,informacion_estructura,Cantidad de Cuentas,Nov-2025,28199.0,2026-04-19
00299,BANCO COMAFI SOCIEDAD ANONIMA,privado_nacional,informacion_estructura,Cantidad de Empresas,Nov-2025,3399.0,2026-04-19
00299,BANCO COMAFI SOCIEDAD ANONIMA,privado_nacional,informacion_estructura,Cantidad de Cuentas,Dic-2025,29577.0,2026-04-19
00299,BANCO COMAFI SOCIEDAD ANONIMA,privado_nacional,informacion_estructura,Cantidad de Empresas,Dic-2025,3636.0,2026-04-19
00299,BANCO COMAFI SOCIEDAD ANONIMA,privado_nacional,informacion_estructura,Cantidad de Cuentas,Ene-2026,28425.0,2026-04-19
00299,BANCO COMAFI SOCIEDAD ANONIMA,privado_nacional,informacion_estructura,Cantidad de Empresas,Ene-2026,3423.0,2026-04-19
00299,BANCO COMAFI SOCIEDAD ANONIMA,privado_nacional,informacion_estructura,CABA,Habilitadas,18.0,2026-04-19
00299,BANCO COMAFI SOCIEDAD ANONIMA,privado_nacional,informacion_estructura,BUENOS AIRES,Habilitadas,38.0,2026-04-19
00299,BANCO COMAFI SOCIEDAD ANONIMA,privado_nacional,informacion_estructura,CÓRDOBA,Habilitadas,3.0,2026-04-19
00299,BANCO COMAFI SOCIEDAD ANONIMA,privado_nacional,informacion_estructura,CORRIENTES,Habilitadas,1.0,2026-04-19
00299,BANCO COMAFI SOCIEDAD ANONIMA,privado_nacional,informacion_estructura,CHACO,Habilitadas,1.0,2026-04-19
00299,BANCO COMAFI SOCIEDAD ANONIMA,privado_nacional,informacion_estructura,JUJUY,Habilitadas,1.0,2026-04-19
00299,BANCO COMAFI SOCIEDAD ANONIMA,privado_nacional,informacion_estructura,LA PAMPA,Habilitadas,1.0,2026-04-19
00299,BANCO COMAFI SOCIEDAD ANONIMA,privado_nacional,informacion_estructura,MENDOZA,Habilitadas,6.0,2026-04-19
00299,BANCO COMAFI SOCIEDAD ANONIMA,privado_nacional,informacion_estructura,NEUQUÉN,Habilitadas,1.0,2026-04-19
00299,BANCO COMAFI SOCIEDAD ANONIMA,privado_nacional,informacion_estructura,SALTA,Habilitadas,1.0,2026-04-19
00299,BANCO COMAFI SOCIEDAD ANONIMA,privado_nacional,informacion_estructura,SAN JUAN,Habilitadas,1.0,2026-04-19
00299,BANCO COMAFI SOCIEDAD ANONIMA,privado_nacional,informacion_estructura,SAN LUIS,Habilitadas,1.0,2026-04-19
00299,BANCO COMAFI SOCIEDAD ANONIMA,privado_nacional,informacion_estructura,SANTA FE,Habilitadas,3.0,2026-04-19
00299,BANCO COMAFI SOCIEDAD ANONIMA,privado_nacional,informacion_estructura,TUCUMÁN,Habilitadas,1.0,2026-04-19
00299,BANCO COMAFI SOCIEDAD ANONIMA,privado_nacional,informacion_estructura,CABA,Habilitadas,,2026-04-19
00299,BANCO COMAFI SOCIEDAD ANONIMA,privado_nacional,informacion_estructura,BUENOS AIRES,Habilitadas,,2026-04-19
00299,BANCO COMAFI SOCIEDAD ANONIMA,privado_nacional,informacion_estructura,CÓRDOBA,Habilitadas,,2026-04-19
00299,BANCO COMAFI SOCIEDAD ANONIMA,privado_nacional,informacion_estructura,CORRIENTES,Habilitadas,,2026-04-19
00299,BANCO COMAFI SOCIEDAD ANONIMA,privado_nacional,informacion_estructura,CHACO,Habilitadas,,2026-04-19
00299,BANCO COMAFI SOCIEDAD ANONIMA,privado_nacional,informacion_estructura,JUJUY,Habilitadas,,2026-04-19
00299,BANCO COMAFI SOCIEDAD ANONIMA,privado_nacional,informacion_estructura,LA PAMPA,Habilitadas,,2026-04-19
00299,BANCO COMAFI SOCIEDAD ANONIMA,privado_nacional,informacion_estructura,MENDOZA,Habilitadas,,2026-04-19
00299,BANCO COMAFI SOCIEDAD ANONIMA,privado_nacional,informacion_estructura,NEUQUÉN,Habilitadas,,2026-04-19
00299,BANCO COMAFI SOCIEDAD ANONIMA,privado_nacional,informacion_estructura,SALTA,Habilitadas,,2026-04-19
00299,BANCO COMAFI SOCIEDAD ANONIMA,privado_nacional,informacion_estructura,SAN JUAN,Habilitadas,,2026-04-19
00299,BANCO COMAFI SOCIEDAD ANONIMA,privado_nacional,informacion_estructura,SAN LUIS,Habilitadas,,2026-04-19
00299,BANCO COMAFI SOCIEDAD ANONIMA,privado_nacional,informacion_estructura,SANTA FE,Habilitadas,,2026-04-19
00299,BANCO COMAFI SOCIEDAD ANONIMA,privado_nacional,informacion_estructura,TUCUMÁN,Habilitadas,,2026-04-19
00299,BANCO COMAFI SOCIEDAD ANONIMA,privado_nacional,informacion_estructura,CABA,Habilitadas,,2026-04-19
00299,BANCO COMAFI SOCIEDAD ANONIMA,privado_nacional,informacion_estructura,BUENOS AIRES,Habilitadas,,2026-04-19
00299,BANCO COMAFI SOCIEDAD ANONIMA,privado_nacional,informacion_estructura,CÓRDOBA,Habilitadas,,2026-04-19
00299,BANCO COMAFI SOCIEDAD ANONIMA,privado_nacional,informacion_estructura,CORRIENTES,Habilitadas,,2026-04-19
00299,BANCO COMAFI SOCIEDAD ANONIMA,privado_nacional,informacion_estructura,CHACO,Habilitadas,,2026-04-19
00299,BANCO COMAFI SOCIEDAD ANONIMA,privado_nacional,informacion_estructura,JUJUY,Habilitadas,,2026-04-19
00299,BANCO COMAFI SOCIEDAD ANONIMA,privado_nacional,informacion_estructura,LA PAMPA,Habilitadas,,2026-04-19
00299,BANCO COMAFI SOCIEDAD ANONIMA,privado_nacional,informacion_estructura,MENDOZA,Habilitadas,,2026-04-19
00299,BANCO COMAFI SOCIEDAD ANONIMA,privado_nacional,informacion_estructura,NEUQUÉN,Habilitadas,,2026-04-19
00299,BANCO COMAFI SOCIEDAD ANONIMA,privado_nacional,informacion_estructura,SALTA,Habilitadas,,2026-04-19
00299,BANCO COMAFI SOCIEDAD ANONIMA,privado_nacional,informacion_estructura,SAN JUAN,Habilitadas,,2026-04-19
00299,BANCO COMAFI SOCIEDAD ANONIMA,privado_nacional,informacion_estructura,SAN LUIS,Habilitadas,,2026-04-19
00299,BANCO COMAFI SOCIEDAD ANONIMA,privado_nacional,informacion_estructura,SANTA FE,Habilitadas,,2026-04-19
00299,BANCO COMAFI SOCIEDAD ANONIMA,privado_nacional,informacion_estructura,TUCUMÁN,Habilitadas,,2026-04-19
00299,BANCO COMAFI SOCIEDAD ANONIMA,privado_nacional,informacion_estructura,CABA,Habilitadas,32.0,2026-04-19
00299,BANCO COMAFI SOCIEDAD ANONIMA,privado_nacional,informacion_estructura,BUENOS AIRES,Habilitadas,82.0,2026-04-19
00299,BANCO COMAFI SOCIEDAD ANONIMA,privado_nacional,informacion_estructura,CÓRDOBA,Habilitadas,3.0,2026-04-19
00299,BANCO COMAFI SOCIEDAD ANONIMA,privado_nacional,informacion_estructura,CORRIENTES,Habilitadas,1.0,2026-04-19
00299,BANCO COMAFI SOCIEDAD ANONIMA,privado_nacional,informacion_estructura,CHACO,Habilitadas,1.0,2026-04-19
00299,BANCO COMAFI SOCIEDAD ANONIMA,privado_nacional,informacion_estructura,JUJUY,Habilitadas,1.0,2026-04-19
00299,BANCO COMAFI SOCIEDAD ANONIMA,privado_nacional,informacion_estructura,LA PAMPA,Habilitadas,1.0,2026-04-19
00299,BANCO COMAFI SOCIEDAD ANONIMA,privado_nacional,informacion_estructura,MENDOZA,Habilitadas,7.0,2026-04-19
00299,BANCO COMAFI SOCIEDAD ANONIMA,privado_nacional,informacion_estructura,NEUQUÉN,Habilitadas,1.0,2026-04-19
00299,BANCO COMAFI SOCIEDAD ANONIMA,privado_nacional,informacion_estructura,SALTA,Habilitadas,1.0,2026-04-19
00299,BANCO COMAFI SOCIEDAD ANONIMA,privado_nacional,informacion_estructura,SAN JUAN,Habilitadas,1.0,2026-04-19
00299,BANCO COMAFI SOCIEDAD ANONIMA,privado_nacional,informacion_estructura,SAN LUIS,Habilitadas,1.0,2026-04-19
00299,BANCO COMAFI SOCIEDAD ANONIMA,privado_nacional,informacion_estructura,SANTA FE,Habilitadas,4.0,2026-04-19
00299,BANCO COMAFI SOCIEDAD ANONIMA,privado_nacional,informacion_estructura,TUCUMÁN,Habilitadas,2.0,2026-04-19
00299,BANCO COMAFI SOCIEDAD ANONIMA,privado_nacional,informacion_estructura,CABA,Habilitadas,41.0,2026-04-19
00299,BANCO COMAFI SOCIEDAD ANONIMA,privado_nacional,informacion_estructura,BUENOS AIRES,Habilitadas,79.0,2026-04-19
00299,BANCO COMAFI SOCIEDAD ANONIMA,privado_nacional,informacion_estructura,CÓRDOBA,Habilitadas,4.0,2026-04-19
00299,BANCO COMAFI SOCIEDAD ANONIMA,privado_nacional,informacion_estructura,CORRIENTES,Habilitadas,1.0,2026-04-19
00299,BANCO COMAFI SOCIEDAD ANONIMA,privado_nacional,informacion_estructura,CHACO,Habilitadas,1.0,2026-04-19
00299,BANCO COMAFI SOCIEDAD ANONIMA,privado_nacional,informacion_estructura,JUJUY,Habilitadas,1.0,2026-04-19
00299,BANCO COMAFI SOCIEDAD ANONIMA,privado_nacional,informacion_estructura,LA PAMPA,Habilitadas,1.0,2026-04-19
00299,BANCO COMAFI SOCIEDAD ANONIMA,privado_nacional,informacion_estructura,MENDOZA,Habilitadas,6.0,2026-04-19
00299,BANCO COMAFI SOCIEDAD ANONIMA,privado_nacional,informacion_estructura,NEUQUÉN,Habilitadas,2.0,2026-04-19
00299,BANCO COMAFI SOCIEDAD ANONIMA,privado_nacional,informacion_estructura,SALTA,Habilitadas,2.0,2026-04-19
00299,BANCO COMAFI SOCIEDAD ANONIMA,privado_nacional,informacion_estructura,SAN JUAN,Habilitadas,2.0,2026-04-19
00299,BANCO COMAFI SOCIEDAD ANONIMA,privado_nacional,informacion_estructura,SAN LUIS,Habilitadas,2.0,2026-04-19
00299,BANCO COMAFI SOCIEDAD ANONIMA,privado_nacional,informacion_estructura,SANTA FE,Habilitadas,3.0,2026-04-19
00299,BANCO COMAFI SOCIEDAD ANONIMA,privado_nacional,informacion_estructura,TUCUMÁN,Habilitadas,2.0,2026-04-19
00299,BANCO COMAFI SOCIEDAD ANONIMA,privado_nacional,informacion_estructura,CABA,Habilitadas,,2026-04-19
00299,BANCO COMAFI SOCIEDAD ANONIMA,privado_nacional,informacion_estructura,BUENOS AIRES,Habilitadas,,2026-04-19
00299,BANCO COMAFI SOCIEDAD ANONIMA,privado_nacional,informacion_estructura,CÓRDOBA,Habilitadas,,2026-04-19
00299,BANCO COMAFI SOCIEDAD ANONIMA,privado_nacional,informacion_estructura,CORRIENTES,Habilitadas,,2026-04-19
00299,BANCO COMAFI SOCIEDAD ANONIMA,privado_nacional,informacion_estructura,CHACO,Habilitadas,,2026-04-19
00299,BANCO COMAFI SOCIEDAD ANONIMA,privado_nacional,informacion_estructura,JUJUY,Habilitadas,,2026-04-19
00299,BANCO COMAFI SOCIEDAD ANONIMA,privado_nacional,informacion_estructura,LA PAMPA,Habilitadas,,2026-04-19
00299,BANCO COMAFI SOCIEDAD ANONIMA,privado_nacional,informacion_estructura,MENDOZA,Habilitadas,,2026-04-19
00299,BANCO COMAFI SOCIEDAD ANONIMA,privado_nacional,informacion_estructura,NEUQUÉN,Habilitadas,,2026-04-19
00299,BANCO COMAFI SOCIEDAD ANONIMA,privado_nacional,informacion_estructura,SALTA,Habilitadas,,2026-04-19
00299,BANCO COMAFI SOCIEDAD ANONIMA,privado_nacional,informacion_estructura,SAN JUAN,Habilitadas,,2026-04-19
00299,BANCO COMAFI SOCIEDAD ANONIMA,privado_nacional,informacion_estructura,SAN LUIS,Habilitadas,,2026-04-19
00299,BANCO COMAFI SOCIEDAD ANONIMA,privado_nacional,informacion_estructura,SANTA FE,Habilitadas,,2026-04-19
00299,BANCO COMAFI SOCIEDAD ANONIMA,privado_nacional,informacion_estructura,TUCUMÁN,Habilitadas,,2026-04-19
00299,BANCO COMAFI SOCIEDAD ANONIMA,privado_nacional,informacion_estructura,CABA,Habilitadas,,2026-04-19
00299,BANCO COMAFI SOCIEDAD ANONIMA,privado_nacional,informacion_estructura,BUENOS AIRES,Habilitadas,,2026-04-19
00299,BANCO COMAFI SOCIEDAD ANONIMA,privado_nacional,informacion_estructura,CÓRDOBA,Habilitadas,,2026-04-19
00299,BANCO COMAFI SOCIEDAD ANONIMA,privado_nacional,informacion_estructura,CORRIENTES,Habilitadas,,2026-04-19
00299,BANCO COMAFI SOCIEDAD ANONIMA,privado_nacional,informacion_estructura,CHACO,Habilitadas,,2026-04-19
00299,BANCO COMAFI SOCIEDAD ANONIMA,privado_nacional,informacion_estructura,JUJUY,Habilitadas,,2026-04-19
00299,BANCO COMAFI SOCIEDAD ANONIMA,privado_nacional,informacion_estructura,LA PAMPA,Habilitadas,,2026-04-19
00299,BANCO COMAFI SOCIEDAD ANONIMA,privado_nacional,informacion_estructura,MENDOZA,Habilitadas,,2026-04-19
00299,BANCO COMAFI SOCIEDAD ANONIMA,privado_nacional,informacion_estructura,NEUQUÉN,Habilitadas,,2026-04-19
00299,BANCO COMAFI SOCIEDAD ANONIMA,privado_nacional,informacion_estructura,SALTA,Habilitadas,,2026-04-19
00299,BANCO COMAFI SOCIEDAD ANONIMA,privado_nacional,informacion_estructura,SAN JUAN,Habilitadas,,2026-04-19
00299,BANCO COMAFI SOCIEDAD ANONIMA,privado_nacional,informacion_estructura,SAN LUIS,Habilitadas,,2026-04-19
00299,BANCO COMAFI SOCIEDAD ANONIMA,privado_nacional,informacion_estructura,SANTA FE,Habilitadas,,2026-04-19
00299,BANCO COMAFI SOCIEDAD ANONIMA,privado_nacional,informacion_estructura,TUCUMÁN,Habilitadas,,2026-04-19
00299,BANCO COMAFI SOCIEDAD ANONIMA,privado_nacional,informacion_estructura,CABA,Pendientes de habilitación,,2026-04-19
00299,BANCO COMAFI SOCIEDAD ANONIMA,privado_nacional,informacion_estructura,BUENOS AIRES,Pendientes de habilitación,1.0,2026-04-19
00299,BANCO COMAFI SOCIEDAD ANONIMA,privado_nacional,informacion_estructura,CÓRDOBA,Pendientes de habilitación,,2026-04-19
00299,BANCO COMAFI SOCIEDAD ANONIMA,privado_nacional,informacion_estructura,CORRIENTES,Pendientes de habilitación,,2026-04-19
00299,BANCO COMAFI SOCIEDAD ANONIMA,privado_nacional,informacion_estructura,CHACO,Pendientes de habilitación,,2026-04-19
00299,BANCO COMAFI SOCIEDAD ANONIMA,privado_nacional,informacion_estructura,JUJUY,Pendientes de habilitación,,2026-04-19
00299,BANCO COMAFI SOCIEDAD ANONIMA,privado_nacional,informacion_estructura,LA PAMPA,Pendientes de habilitación,,2026-04-19
00299,BANCO COMAFI SOCIEDAD ANONIMA,privado_nacional,informacion_estructura,MENDOZA,Pendientes de habilitación,,2026-04-19
00299,BANCO COMAFI SOCIEDAD ANONIMA,privado_nacional,informacion_estructura,NEUQUÉN,Pendientes de habilitación,,2026-04-19
00299,BANCO COMAFI SOCIEDAD ANONIMA,privado_nacional,informacion_estructura,SALTA,Pendientes de habilitación,,2026-04-19
00299,BANCO COMAFI SOCIEDAD ANONIMA,privado_nacional,informacion_estructura,SAN JUAN,Pendientes de habilitación,,2026-04-19
00299,BANCO COMAFI SOCIEDAD ANONIMA,privado_nacional,informacion_estructura,SAN LUIS,Pendientes de habilitación,,2026-04-19
00299,BANCO COMAFI SOCIEDAD ANONIMA,privado_nacional,informacion_estructura,SANTA FE,Pendientes de habilitación,,2026-04-19
00299,BANCO COMAFI SOCIEDAD ANONIMA,privado_nacional,informacion_estructura,TUCUMÁN,Pendientes de habilitación,,2026-04-19
00299,BANCO COMAFI SOCIEDAD ANONIMA,privado_nacional,informacion_estructura,CABA,Total,18.0,2026-04-19
00299,BANCO COMAFI SOCIEDAD ANONIMA,privado_nacional,informacion_estructura,BUENOS AIRES,Total,39.0,2026-04-19
00299,BANCO COMAFI SOCIEDAD ANONIMA,privado_nacional,informacion_estructura,CÓRDOBA,Total,3.0,2026-04-19
00299,BANCO COMAFI SOCIEDAD ANONIMA,privado_nacional,informacion_estructura,CORRIENTES,Total,1.0,2026-04-19
00299,BANCO COMAFI SOCIEDAD ANONIMA,privado_nacional,informacion_estructura,CHACO,Total,1.0,2026-04-19
00299,BANCO COMAFI SOCIEDAD ANONIMA,privado_nacional,informacion_estructura,JUJUY,Total,1.0,2026-04-19
00299,BANCO COMAFI SOCIEDAD ANONIMA,privado_nacional,informacion_estructura,LA PAMPA,Total,1.0,2026-04-19
00299,BANCO COMAFI SOCIEDAD ANONIMA,privado_nacional,informacion_estructura,MENDOZA,Total,6.0,2026-04-19
00299,BANCO COMAFI SOCIEDAD ANONIMA,privado_nacional,informacion_estructura,NEUQUÉN,Total,1.0,2026-04-19
00299,BANCO COMAFI SOCIEDAD ANONIMA,privado_nacional,informacion_estructura,SALTA,Total,1.0,2026-04-19
00299,BANCO COMAFI SOCIEDAD ANONIMA,privado_nacional,informacion_estructura,SAN JUAN,Total,1.0,2026-04-19
00299,BANCO COMAFI SOCIEDAD ANONIMA,privado_nacional,informacion_estructura,SAN LUIS,Total,1.0,2026-04-19
00299,BANCO COMAFI SOCIEDAD ANONIMA,privado_nacional,informacion_estructura,SANTA FE,Total,3.0,2026-04-19
00299,BANCO COMAFI SOCIEDAD ANONIMA,privado_nacional,informacion_estructura,TUCUMÁN,Total,1.0,2026-04-19
00191,BANCO CREDICOOP COOPERATIVO LIMITAD,privado_nacional,informacion_estructura,Cantidad de cuentas corrientes,Dic-2023,388400.0,2026-04-19
00191,BANCO CREDICOOP COOPERATIVO LIMITAD,privado_nacional,informacion_estructura,Cantidad de cuentas de ahorro,Dic-2023,3254836.0,2026-04-19
00191,BANCO CREDICOOP COOPERATIVO LIMITAD,privado_nacional,informacion_estructura,Cantidad de cajas de ahorro de ayuda social,Dic-2023,230399.0,2026-04-19
00191,BANCO CREDICOOP COOPERATIVO LIMITAD,privado_nacional,informacion_estructura,Cantidad de cuentas previsionales,Dic-2023,364113.0,2026-04-19
00191,BANCO CREDICOOP COOPERATIVO LIMITAD,privado_nacional,informacion_estructura,Cantidad de operaciones a plazo fijo Individuos,Dic-2023,175185.0,2026-04-19
00191,BANCO CREDICOOP COOPERATIVO LIMITAD,privado_nacional,informacion_estructura,Cantidad de operaciones a plazo fijo Empresas,Dic-2023,15202.0,2026-04-19
00191,BANCO CREDICOOP COOPERATIVO LIMITAD,privado_nacional,informacion_estructura,Cantidad de operaciones por préstamos hipotecarios,Dic-2023,1544.0,2026-04-19
00191,BANCO CREDICOOP COOPERATIVO LIMITAD,privado_nacional,informacion_estructura,Cantidad de operaciones por préstamos prendarios,Dic-2023,2218.0,2026-04-19
00191,BANCO CREDICOOP COOPERATIVO LIMITAD,privado_nacional,informacion_estructura,Cantidad de operaciones por otros préstamos,Dic-2023,642664.0,2026-04-19
00191,BANCO CREDICOOP COOPERATIVO LIMITAD,privado_nacional,informacion_estructura,Dotación de personal,Dic-2023,4570.0,2026-04-19
00191,BANCO CREDICOOP COOPERATIVO LIMITAD,privado_nacional,informacion_estructura,Cantidad de titulares por tarjetas de crédito,Dic-2023,642336.0,2026-04-19
00191,BANCO CREDICOOP COOPERATIVO LIMITAD,privado_nacional,informacion_estructura,Cantidad de tarjetas de crédito (plásticos),Dic-2023,1069677.0,2026-04-19
00191,BANCO CREDICOOP COOPERATIVO LIMITAD,privado_nacional,informacion_estructura,Cantidad de tarjetas de débito,Dic-2023,1672927.0,2026-04-19
00191,BANCO CREDICOOP COOPERATIVO LIMITAD,privado_nacional,informacion_estructura,Cantidad de cuentas corrientes,Dic-2024,411052.0,2026-04-19
00191,BANCO CREDICOOP COOPERATIVO LIMITAD,privado_nacional,informacion_estructura,Cantidad de cuentas de ahorro,Dic-2024,3420673.0,2026-04-19
00191,BANCO CREDICOOP COOPERATIVO LIMITAD,privado_nacional,informacion_estructura,Cantidad de cajas de ahorro de ayuda social,Dic-2024,65542.0,2026-04-19
00191,BANCO CREDICOOP COOPERATIVO LIMITAD,privado_nacional,informacion_estructura,Cantidad de cuentas previsionales,Dic-2024,372146.0,2026-04-19
00191,BANCO CREDICOOP COOPERATIVO LIMITAD,privado_nacional,informacion_estructura,Cantidad de operaciones a plazo fijo Individuos,Dic-2024,123227.0,2026-04-19
00191,BANCO CREDICOOP COOPERATIVO LIMITAD,privado_nacional,informacion_estructura,Cantidad de operaciones a plazo fijo Empresas,Dic-2024,9794.0,2026-04-19
00191,BANCO CREDICOOP COOPERATIVO LIMITAD,privado_nacional,informacion_estructura,Cantidad de operaciones por préstamos hipotecarios,Dic-2024,844.0,2026-04-19
00191,BANCO CREDICOOP COOPERATIVO LIMITAD,privado_nacional,informacion_estructura,Cantidad de operaciones por préstamos prendarios,Dic-2024,1948.0,2026-04-19
00191,BANCO CREDICOOP COOPERATIVO LIMITAD,privado_nacional,informacion_estructura,Cantidad de operaciones por otros préstamos,Dic-2024,705373.0,2026-04-19
00191,BANCO CREDICOOP COOPERATIVO LIMITAD,privado_nacional,informacion_estructura,Dotación de personal,Dic-2024,4590.0,2026-04-19
00191,BANCO CREDICOOP COOPERATIVO LIMITAD,privado_nacional,informacion_estructura,Cantidad de titulares por tarjetas de crédito,Dic-2024,661566.0,2026-04-19
00191,BANCO CREDICOOP COOPERATIVO LIMITAD,privado_nacional,informacion_estructura,Cantidad de tarjetas de crédito (plásticos),Dic-2024,1092390.0,2026-04-19
00191,BANCO CREDICOOP COOPERATIVO LIMITAD,privado_nacional,informacion_estructura,Cantidad de tarjetas de débito,Dic-2024,1390809.0,2026-04-19
00191,BANCO CREDICOOP COOPERATIVO LIMITAD,privado_nacional,informacion_estructura,Cantidad de cuentas corrientes,Jun-2025,408972.0,2026-04-19
00191,BANCO CREDICOOP COOPERATIVO LIMITAD,privado_nacional,informacion_estructura,Cantidad de cuentas de ahorro,Jun-2025,3518398.0,2026-04-19
00191,BANCO CREDICOOP COOPERATIVO LIMITAD,privado_nacional,informacion_estructura,Cantidad de cajas de ahorro de ayuda social,Jun-2025,60175.0,2026-04-19
00191,BANCO CREDICOOP COOPERATIVO LIMITAD,privado_nacional,informacion_estructura,Cantidad de cuentas previsionales,Jun-2025,377300.0,2026-04-19
00191,BANCO CREDICOOP COOPERATIVO LIMITAD,privado_nacional,informacion_estructura,Cantidad de operaciones a plazo fijo Individuos,Jun-2025,111194.0,2026-04-19
00191,BANCO CREDICOOP COOPERATIVO LIMITAD,privado_nacional,informacion_estructura,Cantidad de operaciones a plazo fijo Empresas,Jun-2025,10663.0,2026-04-19
00191,BANCO CREDICOOP COOPERATIVO LIMITAD,privado_nacional,informacion_estructura,Cantidad de operaciones por préstamos hipotecarios,Jun-2025,690.0,2026-04-19
00191,BANCO CREDICOOP COOPERATIVO LIMITAD,privado_nacional,informacion_estructura,Cantidad de operaciones por préstamos prendarios,Jun-2025,1837.0,2026-04-19
00191,BANCO CREDICOOP COOPERATIVO LIMITAD,privado_nacional,informacion_estructura,Cantidad de operaciones por otros préstamos,Jun-2025,712773.0,2026-04-19
00191,BANCO CREDICOOP COOPERATIVO LIMITAD,privado_nacional,informacion_estructura,Dotación de personal,Jun-2025,4561.0,2026-04-19
00191,BANCO CREDICOOP COOPERATIVO LIMITAD,privado_nacional,informacion_estructura,Cantidad de titulares por tarjetas de crédito,Jun-2025,658366.0,2026-04-19
00191,BANCO CREDICOOP COOPERATIVO LIMITAD,privado_nacional,informacion_estructura,Cantidad de tarjetas de crédito (plásticos),Jun-2025,1075391.0,2026-04-19
00191,BANCO CREDICOOP COOPERATIVO LIMITAD,privado_nacional,informacion_estructura,Cantidad de tarjetas de débito,Jun-2025,1485135.0,2026-04-19
00191,BANCO CREDICOOP COOPERATIVO LIMITAD,privado_nacional,informacion_estructura,Cantidad de cuentas corrientes,Set-2025,405302.0,2026-04-19
00191,BANCO CREDICOOP COOPERATIVO LIMITAD,privado_nacional,informacion_estructura,Cantidad de cuentas de ahorro,Set-2025,3487505.0,2026-04-19
00191,BANCO CREDICOOP COOPERATIVO LIMITAD,privado_nacional,informacion_estructura,Cantidad de cajas de ahorro de ayuda social,Set-2025,53839.0,2026-04-19
00191,BANCO CREDICOOP COOPERATIVO LIMITAD,privado_nacional,informacion_estructura,Cantidad de cuentas previsionales,Set-2025,380152.0,2026-04-19
00191,BANCO CREDICOOP COOPERATIVO LIMITAD,privado_nacional,informacion_estructura,Cantidad de operaciones a plazo fijo Individuos,Set-2025,114140.0,2026-04-19
00191,BANCO CREDICOOP COOPERATIVO LIMITAD,privado_nacional,informacion_estructura,Cantidad de operaciones a plazo fijo Empresas,Set-2025,12509.0,2026-04-19
00191,BANCO CREDICOOP COOPERATIVO LIMITAD,privado_nacional,informacion_estructura,Cantidad de operaciones por préstamos hipotecarios,Set-2025,600.0,2026-04-19
00191,BANCO CREDICOOP COOPERATIVO LIMITAD,privado_nacional,informacion_estructura,Cantidad de operaciones por préstamos prendarios,Set-2025,1987.0,2026-04-19
00191,BANCO CREDICOOP COOPERATIVO LIMITAD,privado_nacional,informacion_estructura,Cantidad de operaciones por otros préstamos,Set-2025,723902.0,2026-04-19
00191,BANCO CREDICOOP COOPERATIVO LIMITAD,privado_nacional,informacion_estructura,Dotación de personal,Set-2025,4572.0,2026-04-19
00191,BANCO CREDICOOP COOPERATIVO LIMITAD,privado_nacional,informacion_estructura,Cantidad de titulares por tarjetas de crédito,Set-2025,651344.0,2026-04-19
00191,BANCO CREDICOOP COOPERATIVO LIMITAD,privado_nacional,informacion_estructura,Cantidad de tarjetas de crédito (plásticos),Set-2025,1049636.0,2026-04-19
00191,BANCO CREDICOOP COOPERATIVO LIMITAD,privado_nacional,informacion_estructura,Cantidad de tarjetas de débito,Set-2025,1445377.0,2026-04-19
00191,BANCO CREDICOOP COOPERATIVO LIMITAD,privado_nacional,informacion_estructura,Cantidad de cuentas corrientes,Dic-2025,400618.0,2026-04-19
00191,BANCO CREDICOOP COOPERATIVO LIMITAD,privado_nacional,informacion_estructura,Cantidad de cuentas de ahorro,Dic-2025,3518618.0,2026-04-19
00191,BANCO CREDICOOP COOPERATIVO LIMITAD,privado_nacional,informacion_estructura,Cantidad de cajas de ahorro de ayuda social,Dic-2025,53834.0,2026-04-19
00191,BANCO CREDICOOP COOPERATIVO LIMITAD,privado_nacional,informacion_estructura,Cantidad de cuentas previsionales,Dic-2025,382800.0,2026-04-19
00191,BANCO CREDICOOP COOPERATIVO LIMITAD,privado_nacional,informacion_estructura,Cantidad de operaciones a plazo fijo Individuos,Dic-2025,93460.0,2026-04-19
00191,BANCO CREDICOOP COOPERATIVO LIMITAD,privado_nacional,informacion_estructura,Cantidad de operaciones a plazo fijo Empresas,Dic-2025,9506.0,2026-04-19
00191,BANCO CREDICOOP COOPERATIVO LIMITAD,privado_nacional,informacion_estructura,Cantidad de operaciones por préstamos hipotecarios,Dic-2025,232.0,2026-04-19
00191,BANCO CREDICOOP COOPERATIVO LIMITAD,privado_nacional,informacion_estructura,Cantidad de operaciones por préstamos prendarios,Dic-2025,1963.0,2026-04-19
00191,BANCO CREDICOOP COOPERATIVO LIMITAD,privado_nacional,informacion_estructura,Cantidad de operaciones por otros préstamos,Dic-2025,702164.0,2026-04-19
00191,BANCO CREDICOOP COOPERATIVO LIMITAD,privado_nacional,informacion_estructura,Dotación de personal,Dic-2025,4543.0,2026-04-19
00191,BANCO CREDICOOP COOPERATIVO LIMITAD,privado_nacional,informacion_estructura,Cantidad de titulares por tarjetas de crédito,Dic-2025,641091.0,2026-04-19
00191,BANCO CREDICOOP COOPERATIVO LIMITAD,privado_nacional,informacion_estructura,Cantidad de tarjetas de crédito (plásticos),Dic-2025,1008345.0,2026-04-19
00191,BANCO CREDICOOP COOPERATIVO LIMITAD,privado_nacional,informacion_estructura,Cantidad de tarjetas de débito,Dic-2025,1296800.0,2026-04-19
00191,BANCO CREDICOOP COOPERATIVO LIMITAD,privado_nacional,informacion_estructura,Cantidad de Cuentas,Dic-2023,279106.0,2026-04-19
00191,BANCO CREDICOOP COOPERATIVO LIMITAD,privado_nacional,informacion_estructura,Cantidad de Empresas,Dic-2023,24446.0,2026-04-19
00191,BANCO CREDICOOP COOPERATIVO LIMITAD,privado_nacional,informacion_estructura,Cantidad de Cuentas,Dic-2024,283587.0,2026-04-19
00191,BANCO CREDICOOP COOPERATIVO LIMITAD,privado_nacional,informacion_estructura,Cantidad de Empresas,Dic-2024,28240.0,2026-04-19
00191,BANCO CREDICOOP COOPERATIVO LIMITAD,privado_nacional,informacion_estructura,Cantidad de Cuentas,Nov-2025,255482.0,2026-04-19
00191,BANCO CREDICOOP COOPERATIVO LIMITAD,privado_nacional,informacion_estructura,Cantidad de Empresas,Nov-2025,25529.0,2026-04-19
00191,BANCO CREDICOOP COOPERATIVO LIMITAD,privado_nacional,informacion_estructura,Cantidad de Cuentas,Dic-2025,267026.0,2026-04-19
00191,BANCO CREDICOOP COOPERATIVO LIMITAD,privado_nacional,informacion_estructura,Cantidad de Empresas,Dic-2025,27828.0,2026-04-19
00191,BANCO CREDICOOP COOPERATIVO LIMITAD,privado_nacional,informacion_estructura,Cantidad de Cuentas,Ene-2026,251397.0,2026-04-19
00191,BANCO CREDICOOP COOPERATIVO LIMITAD,privado_nacional,informacion_estructura,Cantidad de Empresas,Ene-2026,26129.0,2026-04-19
00191,BANCO CREDICOOP COOPERATIVO LIMITAD,privado_nacional,informacion_estructura,CABA,Habilitadas,43.0,2026-04-19
00191,BANCO CREDICOOP COOPERATIVO LIMITAD,privado_nacional,informacion_estructura,BUENOS AIRES,Habilitadas,107.0,2026-04-19
00191,BANCO CREDICOOP COOPERATIVO LIMITAD,privado_nacional,informacion_estructura,CATAMARCA,Habilitadas,1.0,2026-04-19
00191,BANCO CREDICOOP COOPERATIVO LIMITAD,privado_nacional,informacion_estructura,CÓRDOBA,Habilitadas,19.0,2026-04-19
00191,BANCO CREDICOOP COOPERATIVO LIMITAD,privado_nacional,informacion_estructura,CORRIENTES,Habilitadas,1.0,2026-04-19
00191,BANCO CREDICOOP COOPERATIVO LIMITAD,privado_nacional,informacion_estructura,CHACO,Habilitadas,2.0,2026-04-19
00191,BANCO CREDICOOP COOPERATIVO LIMITAD,privado_nacional,informacion_estructura,CHUBUT,Habilitadas,4.0,2026-04-19
00191,BANCO CREDICOOP COOPERATIVO LIMITAD,privado_nacional,informacion_estructura,ENTRE RÍOS,Habilitadas,4.0,2026-04-19
00191,BANCO CREDICOOP COOPERATIVO LIMITAD,privado_nacional,informacion_estructura,JUJUY,Habilitadas,1.0,2026-04-19
00191,BANCO CREDICOOP COOPERATIVO LIMITAD,privado_nacional,informacion_estructura,LA PAMPA,Habilitadas,2.0,2026-04-19
00191,BANCO CREDICOOP COOPERATIVO LIMITAD,privado_nacional,informacion_estructura,MENDOZA,Habilitadas,16.0,2026-04-19
00191,BANCO CREDICOOP COOPERATIVO LIMITAD,privado_nacional,informacion_estructura,MISIONES,Habilitadas,1.0,2026-04-19
00191,BANCO CREDICOOP COOPERATIVO LIMITAD,privado_nacional,informacion_estructura,NEUQUÉN,Habilitadas,4.0,2026-04-19
00191,BANCO CREDICOOP COOPERATIVO LIMITAD,privado_nacional,informacion_estructura,RÍO NEGRO,Habilitadas,5.0,2026-04-19
00191,BANCO CREDICOOP COOPERATIVO LIMITAD,privado_nacional,informacion_estructura,SALTA,Habilitadas,1.0,2026-04-19
00191,BANCO CREDICOOP COOPERATIVO LIMITAD,privado_nacional,informacion_estructura,SAN JUAN,Habilitadas,1.0,2026-04-19
00191,BANCO CREDICOOP COOPERATIVO LIMITAD,privado_nacional,informacion_estructura,SAN LUIS,Habilitadas,1.0,2026-04-19
00191,BANCO CREDICOOP COOPERATIVO LIMITAD,privado_nacional,informacion_estructura,SANTA CRUZ,Habilitadas,1.0,2026-04-19
00191,BANCO CREDICOOP COOPERATIVO LIMITAD,privado_nacional,informacion_estructura,SANTA FE,Habilitadas,59.0,2026-04-19
00191,BANCO CREDICOOP COOPERATIVO LIMITAD,privado_nacional,informacion_estructura,SANTIAGO DEL ESTERO,Habilitadas,1.0,2026-04-19
00191,BANCO CREDICOOP COOPERATIVO LIMITAD,privado_nacional,informacion_estructura,TUCUMÁN,Habilitadas,1.0,2026-04-19
00191,BANCO CREDICOOP COOPERATIVO LIMITAD,privado_nacional,informacion_estructura,CABA,Habilitadas,,2026-04-19
00191,BANCO CREDICOOP COOPERATIVO LIMITAD,privado_nacional,informacion_estructura,BUENOS AIRES,Habilitadas,,2026-04-19
00191,BANCO CREDICOOP COOPERATIVO LIMITAD,privado_nacional,informacion_estructura,CATAMARCA,Habilitadas,,2026-04-19
00191,BANCO CREDICOOP COOPERATIVO LIMITAD,privado_nacional,informacion_estructura,CÓRDOBA,Habilitadas,,2026-04-19
00191,BANCO CREDICOOP COOPERATIVO LIMITAD,privado_nacional,informacion_estructura,CORRIENTES,Habilitadas,,2026-04-19
00191,BANCO CREDICOOP COOPERATIVO LIMITAD,privado_nacional,informacion_estructura,CHACO,Habilitadas,,2026-04-19
00191,BANCO CREDICOOP COOPERATIVO LIMITAD,privado_nacional,informacion_estructura,CHUBUT,Habilitadas,,2026-04-19
00191,BANCO CREDICOOP COOPERATIVO LIMITAD,privado_nacional,informacion_estructura,ENTRE RÍOS,Habilitadas,,2026-04-19
00191,BANCO CREDICOOP COOPERATIVO LIMITAD,privado_nacional,informacion_estructura,JUJUY,Habilitadas,,2026-04-19
00191,BANCO CREDICOOP COOPERATIVO LIMITAD,privado_nacional,informacion_estructura,LA PAMPA,Habilitadas,,2026-04-19
00191,BANCO CREDICOOP COOPERATIVO LIMITAD,privado_nacional,informacion_estructura,MENDOZA,Habilitadas,,2026-04-19
00191,BANCO CREDICOOP COOPERATIVO LIMITAD,privado_nacional,informacion_estructura,MISIONES,Habilitadas,,2026-04-19
00191,BANCO CREDICOOP COOPERATIVO LIMITAD,privado_nacional,informacion_estructura,NEUQUÉN,Habilitadas,,2026-04-19
00191,BANCO CREDICOOP COOPERATIVO LIMITAD,privado_nacional,informacion_estructura,RÍO NEGRO,Habilitadas,,2026-04-19
00191,BANCO CREDICOOP COOPERATIVO LIMITAD,privado_nacional,informacion_estructura,SALTA,Habilitadas,,2026-04-19
00191,BANCO CREDICOOP COOPERATIVO LIMITAD,privado_nacional,informacion_estructura,SAN JUAN,Habilitadas,,2026-04-19
00191,BANCO CREDICOOP COOPERATIVO LIMITAD,privado_nacional,informacion_estructura,SAN LUIS,Habilitadas,,2026-04-19
00191,BANCO CREDICOOP COOPERATIVO LIMITAD,privado_nacional,informacion_estructura,SANTA CRUZ,Habilitadas,,2026-04-19
00191,BANCO CREDICOOP COOPERATIVO LIMITAD,privado_nacional,informacion_estructura,SANTA FE,Habilitadas,,2026-04-19
00191,BANCO CREDICOOP COOPERATIVO LIMITAD,privado_nacional,informacion_estructura,SANTIAGO DEL ESTERO,Habilitadas,,2026-04-19
00191,BANCO CREDICOOP COOPERATIVO LIMITAD,privado_nacional,informacion_estructura,TUCUMÁN,Habilitadas,,2026-04-19
00191,BANCO CREDICOOP COOPERATIVO LIMITAD,privado_nacional,informacion_estructura,CABA,Habilitadas,,2026-04-19
00191,BANCO CREDICOOP COOPERATIVO LIMITAD,privado_nacional,informacion_estructura,BUENOS AIRES,Habilitadas,,2026-04-19
00191,BANCO CREDICOOP COOPERATIVO LIMITAD,privado_nacional,informacion_estructura,CATAMARCA,Habilitadas,,2026-04-19
00191,BANCO CREDICOOP COOPERATIVO LIMITAD,privado_nacional,informacion_estructura,CÓRDOBA,Habilitadas,,2026-04-19
00191,BANCO CREDICOOP COOPERATIVO LIMITAD,privado_nacional,informacion_estructura,CORRIENTES,Habilitadas,,2026-04-19
00191,BANCO CREDICOOP COOPERATIVO LIMITAD,privado_nacional,informacion_estructura,CHACO,Habilitadas,,2026-04-19
00191,BANCO CREDICOOP COOPERATIVO LIMITAD,privado_nacional,informacion_estructura,CHUBUT,Habilitadas,,2026-04-19
00191,BANCO CREDICOOP COOPERATIVO LIMITAD,privado_nacional,informacion_estructura,ENTRE RÍOS,Habilitadas,,2026-04-19
00191,BANCO CREDICOOP COOPERATIVO LIMITAD,privado_nacional,informacion_estructura,JUJUY,Habilitadas,,2026-04-19
00191,BANCO CREDICOOP COOPERATIVO LIMITAD,privado_nacional,informacion_estructura,LA PAMPA,Habilitadas,,2026-04-19
00191,BANCO CREDICOOP COOPERATIVO LIMITAD,privado_nacional,informacion_estructura,MENDOZA,Habilitadas,,2026-04-19
00191,BANCO CREDICOOP COOPERATIVO LIMITAD,privado_nacional,informacion_estructura,MISIONES,Habilitadas,,2026-04-19
00191,BANCO CREDICOOP COOPERATIVO LIMITAD,privado_nacional,informacion_estructura,NEUQUÉN,Habilitadas,,2026-04-19
00191,BANCO CREDICOOP COOPERATIVO LIMITAD,privado_nacional,informacion_estructura,RÍO NEGRO,Habilitadas,,2026-04-19
00191,BANCO CREDICOOP COOPERATIVO LIMITAD,privado_nacional,informacion_estructura,SALTA,Habilitadas,,2026-04-19
00191,BANCO CREDICOOP COOPERATIVO LIMITAD,privado_nacional,informacion_estructura,SAN JUAN,Habilitadas,,2026-04-19
00191,BANCO CREDICOOP COOPERATIVO LIMITAD,privado_nacional,informacion_estructura,SAN LUIS,Habilitadas,,2026-04-19
00191,BANCO CREDICOOP COOPERATIVO LIMITAD,privado_nacional,informacion_estructura,SANTA CRUZ,Habilitadas,,2026-04-19
00191,BANCO CREDICOOP COOPERATIVO LIMITAD,privado_nacional,informacion_estructura,SANTA FE,Habilitadas,,2026-04-19
00191,BANCO CREDICOOP COOPERATIVO LIMITAD,privado_nacional,informacion_estructura,SANTIAGO DEL ESTERO,Habilitadas,,2026-04-19
00191,BANCO CREDICOOP COOPERATIVO LIMITAD,privado_nacional,informacion_estructura,TUCUMÁN,Habilitadas,,2026-04-19
00191,BANCO CREDICOOP COOPERATIVO LIMITAD,privado_nacional,informacion_estructura,CABA,Habilitadas,121.0,2026-04-19
00191,BANCO CREDICOOP COOPERATIVO LIMITAD,privado_nacional,informacion_estructura,BUENOS AIRES,Habilitadas,350.0,2026-04-19
00191,BANCO CREDICOOP COOPERATIVO LIMITAD,privado_nacional,informacion_estructura,CATAMARCA,Habilitadas,2.0,2026-04-19
00191,BANCO CREDICOOP COOPERATIVO LIMITAD,privado_nacional,informacion_estructura,CÓRDOBA,Habilitadas,39.0,2026-04-19
00191,BANCO CREDICOOP COOPERATIVO LIMITAD,privado_nacional,informacion_estructura,CORRIENTES,Habilitadas,2.0,2026-04-19
00191,BANCO CREDICOOP COOPERATIVO LIMITAD,privado_nacional,informacion_estructura,CHACO,Habilitadas,4.0,2026-04-19
00191,BANCO CREDICOOP COOPERATIVO LIMITAD,privado_nacional,informacion_estructura,CHUBUT,Habilitadas,16.0,2026-04-19
00191,BANCO CREDICOOP COOPERATIVO LIMITAD,privado_nacional,informacion_estructura,ENTRE RÍOS,Habilitadas,11.0,2026-04-19
00191,BANCO CREDICOOP COOPERATIVO LIMITAD,privado_nacional,informacion_estructura,JUJUY,Habilitadas,4.0,2026-04-19
00191,BANCO CREDICOOP COOPERATIVO LIMITAD,privado_nacional,informacion_estructura,LA PAMPA,Habilitadas,3.0,2026-04-19
00191,BANCO CREDICOOP COOPERATIVO LIMITAD,privado_nacional,informacion_estructura,MENDOZA,Habilitadas,53.0,2026-04-19
00191,BANCO CREDICOOP COOPERATIVO LIMITAD,privado_nacional,informacion_estructura,MISIONES,Habilitadas,3.0,2026-04-19
00191,BANCO CREDICOOP COOPERATIVO LIMITAD,privado_nacional,informacion_estructura,NEUQUÉN,Habilitadas,15.0,2026-04-19
00191,BANCO CREDICOOP COOPERATIVO LIMITAD,privado_nacional,informacion_estructura,RÍO NEGRO,Habilitadas,18.0,2026-04-19
00191,BANCO CREDICOOP COOPERATIVO LIMITAD,privado_nacional,informacion_estructura,SALTA,Habilitadas,3.0,2026-04-19
00191,BANCO CREDICOOP COOPERATIVO LIMITAD,privado_nacional,informacion_estructura,SAN JUAN,Habilitadas,4.0,2026-04-19
00191,BANCO CREDICOOP COOPERATIVO LIMITAD,privado_nacional,informacion_estructura,SAN LUIS,Habilitadas,2.0,2026-04-19
00191,BANCO CREDICOOP COOPERATIVO LIMITAD,privado_nacional,informacion_estructura,SANTA CRUZ,Habilitadas,2.0,2026-04-19
00191,BANCO CREDICOOP COOPERATIVO LIMITAD,privado_nacional,informacion_estructura,SANTA FE,Habilitadas,143.0,2026-04-19
00191,BANCO CREDICOOP COOPERATIVO LIMITAD,privado_nacional,informacion_estructura,SANTIAGO DEL ESTERO,Habilitadas,2.0,2026-04-19
00191,BANCO CREDICOOP COOPERATIVO LIMITAD,privado_nacional,informacion_estructura,TUCUMÁN,Habilitadas,4.0,2026-04-19
00191,BANCO CREDICOOP COOPERATIVO LIMITAD,privado_nacional,informacion_estructura,CABA,Habilitadas,118.0,2026-04-19
00191,BANCO CREDICOOP COOPERATIVO LIMITAD,privado_nacional,informacion_estructura,BUENOS AIRES,Habilitadas,242.0,2026-04-19
00191,BANCO CREDICOOP COOPERATIVO LIMITAD,privado_nacional,informacion_estructura,CATAMARCA,Habilitadas,1.0,2026-04-19
00191,BANCO CREDICOOP COOPERATIVO LIMITAD,privado_nacional,informacion_estructura,CÓRDOBA,Habilitadas,35.0,2026-04-19
00191,BANCO CREDICOOP COOPERATIVO LIMITAD,privado_nacional,informacion_estructura,CORRIENTES,Habilitadas,2.0,2026-04-19
00191,BANCO CREDICOOP COOPERATIVO LIMITAD,privado_nacional,informacion_estructura,CHACO,Habilitadas,8.0,2026-04-19
00191,BANCO CREDICOOP COOPERATIVO LIMITAD,privado_nacional,informacion_estructura,CHUBUT,Habilitadas,9.0,2026-04-19
00191,BANCO CREDICOOP COOPERATIVO LIMITAD,privado_nacional,informacion_estructura,ENTRE RÍOS,Habilitadas,11.0,2026-04-19
00191,BANCO CREDICOOP COOPERATIVO LIMITAD,privado_nacional,informacion_estructura,JUJUY,Habilitadas,5.0,2026-04-19
00191,BANCO CREDICOOP COOPERATIVO LIMITAD,privado_nacional,informacion_estructura,LA PAMPA,Habilitadas,1.0,2026-04-19
00191,BANCO CREDICOOP COOPERATIVO LIMITAD,privado_nacional,informacion_estructura,MENDOZA,Habilitadas,43.0,2026-04-19
00191,BANCO CREDICOOP COOPERATIVO LIMITAD,privado_nacional,informacion_estructura,MISIONES,Habilitadas,3.0,2026-04-19
00191,BANCO CREDICOOP COOPERATIVO LIMITAD,privado_nacional,informacion_estructura,NEUQUÉN,Habilitadas,8.0,2026-04-19
00191,BANCO CREDICOOP COOPERATIVO LIMITAD,privado_nacional,informacion_estructura,RÍO NEGRO,Habilitadas,12.0,2026-04-19
00191,BANCO CREDICOOP COOPERATIVO LIMITAD,privado_nacional,informacion_estructura,SALTA,Habilitadas,4.0,2026-04-19
00191,BANCO CREDICOOP COOPERATIVO LIMITAD,privado_nacional,informacion_estructura,SAN JUAN,Habilitadas,6.0,2026-04-19
00191,BANCO CREDICOOP COOPERATIVO LIMITAD,privado_nacional,informacion_estructura,SAN LUIS,Habilitadas,3.0,2026-04-19
00191,BANCO CREDICOOP COOPERATIVO LIMITAD,privado_nacional,informacion_estructura,SANTA CRUZ,Habilitadas,1.0,2026-04-19
00191,BANCO CREDICOOP COOPERATIVO LIMITAD,privado_nacional,informacion_estructura,SANTA FE,Habilitadas,109.0,2026-04-19
00191,BANCO CREDICOOP COOPERATIVO LIMITAD,privado_nacional,informacion_estructura,SANTIAGO DEL ESTERO,Habilitadas,3.0,2026-04-19
00191,BANCO CREDICOOP COOPERATIVO LIMITAD,privado_nacional,informacion_estructura,TUCUMÁN,Habilitadas,7.0,2026-04-19
00191,BANCO CREDICOOP COOPERATIVO LIMITAD,privado_nacional,informacion_estructura,CABA,Habilitadas,2.0,2026-04-19
00191,BANCO CREDICOOP COOPERATIVO LIMITAD,privado_nacional,informacion_estructura,BUENOS AIRES,Habilitadas,7.0,2026-04-19
00191,BANCO CREDICOOP COOPERATIVO LIMITAD,privado_nacional,informacion_estructura,CATAMARCA,Habilitadas,,2026-04-19
00191,BANCO CREDICOOP COOPERATIVO LIMITAD,privado_nacional,informacion_estructura,CÓRDOBA,Habilitadas,,2026-04-19
00191,BANCO CREDICOOP COOPERATIVO LIMITAD,privado_nacional,informacion_estructura,CORRIENTES,Habilitadas,,2026-04-19
00191,BANCO CREDICOOP COOPERATIVO LIMITAD,privado_nacional,informacion_estructura,CHACO,Habilitadas,,2026-04-19
00191,BANCO CREDICOOP COOPERATIVO LIMITAD,privado_nacional,informacion_estructura,CHUBUT,Habilitadas,,2026-04-19
00191,BANCO CREDICOOP COOPERATIVO LIMITAD,privado_nacional,informacion_estructura,ENTRE RÍOS,Habilitadas,,2026-04-19
00191,BANCO CREDICOOP COOPERATIVO LIMITAD,privado_nacional,informacion_estructura,JUJUY,Habilitadas,,2026-04-19
00191,BANCO CREDICOOP COOPERATIVO LIMITAD,privado_nacional,informacion_estructura,LA PAMPA,Habilitadas,,2026-04-19
00191,BANCO CREDICOOP COOPERATIVO LIMITAD,privado_nacional,informacion_estructura,MENDOZA,Habilitadas,,2026-04-19
00191,BANCO CREDICOOP COOPERATIVO LIMITAD,privado_nacional,informacion_estructura,MISIONES,Habilitadas,,2026-04-19
00191,BANCO CREDICOOP COOPERATIVO LIMITAD,privado_nacional,informacion_estructura,NEUQUÉN,Habilitadas,1.0,2026-04-19
00191,BANCO CREDICOOP COOPERATIVO LIMITAD,privado_nacional,informacion_estructura,RÍO NEGRO,Habilitadas,,2026-04-19
00191,BANCO CREDICOOP COOPERATIVO LIMITAD,privado_nacional,informacion_estructura,SALTA,Habilitadas,,2026-04-19
00191,BANCO CREDICOOP COOPERATIVO LIMITAD,privado_nacional,informacion_estructura,SAN JUAN,Habilitadas,,2026-04-19
00191,BANCO CREDICOOP COOPERATIVO LIMITAD,privado_nacional,informacion_estructura,SAN LUIS,Habilitadas,,2026-04-19
00191,BANCO CREDICOOP COOPERATIVO LIMITAD,privado_nacional,informacion_estructura,SANTA CRUZ,Habilitadas,,2026-04-19
00191,BANCO CREDICOOP COOPERATIVO LIMITAD,privado_nacional,informacion_estructura,SANTA FE,Habilitadas,4.0,2026-04-19
00191,BANCO CREDICOOP COOPERATIVO LIMITAD,privado_nacional,informacion_estructura,SANTIAGO DEL ESTERO,Habilitadas,,2026-04-19
00191,BANCO CREDICOOP COOPERATIVO LIMITAD,privado_nacional,informacion_estructura,TUCUMÁN,Habilitadas,,2026-04-19
00191,BANCO CREDICOOP COOPERATIVO LIMITAD,privado_nacional,informacion_estructura,CABA,Habilitadas,,2026-04-19
00191,BANCO CREDICOOP COOPERATIVO LIMITAD,privado_nacional,informacion_estructura,BUENOS AIRES,Habilitadas,,2026-04-19
00191,BANCO CREDICOOP COOPERATIVO LIMITAD,privado_nacional,informacion_estructura,CATAMARCA,Habilitadas,,2026-04-19
00191,BANCO CREDICOOP COOPERATIVO LIMITAD,privado_nacional,informacion_estructura,CÓRDOBA,Habilitadas,4.0,2026-04-19
00191,BANCO CREDICOOP COOPERATIVO LIMITAD,privado_nacional,informacion_estructura,CORRIENTES,Habilitadas,,2026-04-19
00191,BANCO CREDICOOP COOPERATIVO LIMITAD,privado_nacional,informacion_estructura,CHACO,Habilitadas,,2026-04-19
00191,BANCO CREDICOOP COOPERATIVO LIMITAD,privado_nacional,informacion_estructura,CHUBUT,Habilitadas,,2026-04-19
00191,BANCO CREDICOOP COOPERATIVO LIMITAD,privado_nacional,informacion_estructura,ENTRE RÍOS,Habilitadas,,2026-04-19
00191,BANCO CREDICOOP COOPERATIVO LIMITAD,privado_nacional,informacion_estructura,JUJUY,Habilitadas,,2026-04-19
00191,BANCO CREDICOOP COOPERATIVO LIMITAD,privado_nacional,informacion_estructura,LA PAMPA,Habilitadas,,2026-04-19
00191,BANCO CREDICOOP COOPERATIVO LIMITAD,privado_nacional,informacion_estructura,MENDOZA,Habilitadas,,2026-04-19
00191,BANCO CREDICOOP COOPERATIVO LIMITAD,privado_nacional,informacion_estructura,MISIONES,Habilitadas,,2026-04-19
00191,BANCO CREDICOOP COOPERATIVO LIMITAD,privado_nacional,informacion_estructura,NEUQUÉN,Habilitadas,1.0,2026-04-19
00191,BANCO CREDICOOP COOPERATIVO LIMITAD,privado_nacional,informacion_estructura,RÍO NEGRO,Habilitadas,,2026-04-19
00191,BANCO CREDICOOP COOPERATIVO LIMITAD,privado_nacional,informacion_estructura,SALTA,Habilitadas,,2026-04-19
00191,BANCO CREDICOOP COOPERATIVO LIMITAD,privado_nacional,informacion_estructura,SAN JUAN,Habilitadas,,2026-04-19
00191,BANCO CREDICOOP COOPERATIVO LIMITAD,privado_nacional,informacion_estructura,SAN LUIS,Habilitadas,,2026-04-19
00191,BANCO CREDICOOP COOPERATIVO LIMITAD,privado_nacional,informacion_estructura,SANTA CRUZ,Habilitadas,,2026-04-19
00191,BANCO CREDICOOP COOPERATIVO LIMITAD,privado_nacional,informacion_estructura,SANTA FE,Habilitadas,,2026-04-19
00191,BANCO CREDICOOP COOPERATIVO LIMITAD,privado_nacional,informacion_estructura,SANTIAGO DEL ESTERO,Habilitadas,,2026-04-19
00191,BANCO CREDICOOP COOPERATIVO LIMITAD,privado_nacional,informacion_estructura,TUCUMÁN,Habilitadas,,2026-04-19
00191,BANCO CREDICOOP COOPERATIVO LIMITAD,privado_nacional,informacion_estructura,CABA,Pendientes de habilitación,,2026-04-19
00191,BANCO CREDICOOP COOPERATIVO LIMITAD,privado_nacional,informacion_estructura,BUENOS AIRES,Pendientes de habilitación,,2026-04-19
00191,BANCO CREDICOOP COOPERATIVO LIMITAD,privado_nacional,informacion_estructura,CATAMARCA,Pendientes de habilitación,,2026-04-19
00191,BANCO CREDICOOP COOPERATIVO LIMITAD,privado_nacional,informacion_estructura,CÓRDOBA,Pendientes de habilitación,,2026-04-19
00191,BANCO CREDICOOP COOPERATIVO LIMITAD,privado_nacional,informacion_estructura,CORRIENTES,Pendientes de habilitación,,2026-04-19
00191,BANCO CREDICOOP COOPERATIVO LIMITAD,privado_nacional,informacion_estructura,CHACO,Pendientes de habilitación,,2026-04-19
00191,BANCO CREDICOOP COOPERATIVO LIMITAD,privado_nacional,informacion_estructura,CHUBUT,Pendientes de habilitación,,2026-04-19
00191,BANCO CREDICOOP COOPERATIVO LIMITAD,privado_nacional,informacion_estructura,ENTRE RÍOS,Pendientes de habilitación,,2026-04-19
00191,BANCO CREDICOOP COOPERATIVO LIMITAD,privado_nacional,informacion_estructura,JUJUY,Pendientes de habilitación,,2026-04-19
00191,BANCO CREDICOOP COOPERATIVO LIMITAD,privado_nacional,informacion_estructura,LA PAMPA,Pendientes de habilitación,,2026-04-19
00191,BANCO CREDICOOP COOPERATIVO LIMITAD,privado_nacional,informacion_estructura,MENDOZA,Pendientes de habilitación,,2026-04-19
00191,BANCO CREDICOOP COOPERATIVO LIMITAD,privado_nacional,informacion_estructura,MISIONES,Pendientes de habilitación,,2026-04-19
00191,BANCO CREDICOOP COOPERATIVO LIMITAD,privado_nacional,informacion_estructura,NEUQUÉN,Pendientes de habilitación,,2026-04-19
00191,BANCO CREDICOOP COOPERATIVO LIMITAD,privado_nacional,informacion_estructura,RÍO NEGRO,Pendientes de habilitación,,2026-04-19
00191,BANCO CREDICOOP COOPERATIVO LIMITAD,privado_nacional,informacion_estructura,SALTA,Pendientes de habilitación,,2026-04-19
00191,BANCO CREDICOOP COOPERATIVO LIMITAD,privado_nacional,informacion_estructura,SAN JUAN,Pendientes de habilitación,,2026-04-19
00191,BANCO CREDICOOP COOPERATIVO LIMITAD,privado_nacional,informacion_estructura,SAN LUIS,Pendientes de habilitación,,2026-04-19
00191,BANCO CREDICOOP COOPERATIVO LIMITAD,privado_nacional,informacion_estructura,SANTA CRUZ,Pendientes de habilitación,,2026-04-19
00191,BANCO CREDICOOP COOPERATIVO LIMITAD,privado_nacional,informacion_estructura,SANTA FE,Pendientes de habilitación,,2026-04-19
00191,BANCO CREDICOOP COOPERATIVO LIMITAD,privado_nacional,informacion_estructura,SANTIAGO DEL ESTERO,Pendientes de habilitación,,2026-04-19
00191,BANCO CREDICOOP COOPERATIVO LIMITAD,privado_nacional,informacion_estructura,TUCUMÁN,Pendientes de habilitación,,2026-04-19
00191,BANCO CREDICOOP COOPERATIVO LIMITAD,privado_nacional,informacion_estructura,CABA,Total,43.0,2026-04-19
00191,BANCO CREDICOOP COOPERATIVO LIMITAD,privado_nacional,informacion_estructura,BUENOS AIRES,Total,107.0,2026-04-19
00191,BANCO CREDICOOP COOPERATIVO LIMITAD,privado_nacional,informacion_estructura,CATAMARCA,Total,1.0,2026-04-19
00191,BANCO CREDICOOP COOPERATIVO LIMITAD,privado_nacional,informacion_estructura,CÓRDOBA,Total,19.0,2026-04-19
00191,BANCO CREDICOOP COOPERATIVO LIMITAD,privado_nacional,informacion_estructura,CORRIENTES,Total,1.0,2026-04-19
00191,BANCO CREDICOOP COOPERATIVO LIMITAD,privado_nacional,informacion_estructura,CHACO,Total,2.0,2026-04-19
00191,BANCO CREDICOOP COOPERATIVO LIMITAD,privado_nacional,informacion_estructura,CHUBUT,Total,4.0,2026-04-19
00191,BANCO CREDICOOP COOPERATIVO LIMITAD,privado_nacional,informacion_estructura,ENTRE RÍOS,Total,4.0,2026-04-19
00191,BANCO CREDICOOP COOPERATIVO LIMITAD,privado_nacional,informacion_estructura,JUJUY,Total,1.0,2026-04-19
00191,BANCO CREDICOOP COOPERATIVO LIMITAD,privado_nacional,informacion_estructura,LA PAMPA,Total,2.0,2026-04-19
00191,BANCO CREDICOOP COOPERATIVO LIMITAD,privado_nacional,informacion_estructura,MENDOZA,Total,16.0,2026-04-19
00191,BANCO CREDICOOP COOPERATIVO LIMITAD,privado_nacional,informacion_estructura,MISIONES,Total,1.0,2026-04-19
00191,BANCO CREDICOOP COOPERATIVO LIMITAD,privado_nacional,informacion_estructura,NEUQUÉN,Total,4.0,2026-04-19
00191,BANCO CREDICOOP COOPERATIVO LIMITAD,privado_nacional,informacion_estructura,RÍO NEGRO,Total,5.0,2026-04-19
00191,BANCO CREDICOOP COOPERATIVO LIMITAD,privado_nacional,informacion_estructura,SALTA,Total,1.0,2026-04-19
00191,BANCO CREDICOOP COOPERATIVO LIMITAD,privado_nacional,informacion_estructura,SAN JUAN,Total,1.0,2026-04-19
00191,BANCO CREDICOOP COOPERATIVO LIMITAD,privado_nacional,informacion_estructura,SAN LUIS,Total,1.0,2026-04-19
00191,BANCO CREDICOOP COOPERATIVO LIMITAD,privado_nacional,informacion_estructura,SANTA CRUZ,Total,1.0,2026-04-19
00191,BANCO CREDICOOP COOPERATIVO LIMITAD,privado_nacional,informacion_estructura,SANTA FE,Total,59.0,2026-04-19
00191,BANCO CREDICOOP COOPERATIVO LIMITAD,privado_nacional,informacion_estructura,SANTIAGO DEL ESTERO,Total,1.0,2026-04-19
00191,BANCO CREDICOOP COOPERATIVO LIMITAD,privado_nacional,informacion_estructura,TUCUMÁN,Total,1.0,2026-04-19
00432,BANCO DE COMERCIO S.A.,privado_nacional,informacion_estructura,Cantidad de cuentas corrientes,Dic-2023,1484.0,2026-04-19
00432,BANCO DE COMERCIO S.A.,privado_nacional,informacion_estructura,Cantidad de cuentas de ahorro,Dic-2023,1263.0,2026-04-19
00432,BANCO DE COMERCIO S.A.,privado_nacional,informacion_estructura,Cantidad de operaciones a plazo fijo Individuos,Dic-2023,25.0,2026-04-19
00432,BANCO DE COMERCIO S.A.,privado_nacional,informacion_estructura,Cantidad de operaciones a plazo fijo Empresas,Dic-2023,57.0,2026-04-19
00432,BANCO DE COMERCIO S.A.,privado_nacional,informacion_estructura,Cantidad de operaciones por préstamos hipotecarios,Dic-2023,,2026-04-19
00432,BANCO DE COMERCIO S.A.,privado_nacional,informacion_estructura,Cantidad de operaciones por préstamos prendarios,Dic-2023,9.0,2026-04-19
00432,BANCO DE COMERCIO S.A.,privado_nacional,informacion_estructura,Cantidad de operaciones por otros préstamos,Dic-2023,28599.0,2026-04-19
00432,BANCO DE COMERCIO S.A.,privado_nacional,informacion_estructura,Dotación de personal,Dic-2023,107.0,2026-04-19
00432,BANCO DE COMERCIO S.A.,privado_nacional,informacion_estructura,Cantidad de titulares por tarjetas de crédito,Dic-2023,627.0,2026-04-19
00432,BANCO DE COMERCIO S.A.,privado_nacional,informacion_estructura,Cantidad de tarjetas de crédito (plásticos),Dic-2023,719.0,2026-04-19
00432,BANCO DE COMERCIO S.A.,privado_nacional,informacion_estructura,Cantidad de tarjetas de débito,Dic-2023,1963.0,2026-04-19
00432,BANCO DE COMERCIO S.A.,privado_nacional,informacion_estructura,Cantidad de cuentas corrientes,Dic-2024,1307.0,2026-04-19
00432,BANCO DE COMERCIO S.A.,privado_nacional,informacion_estructura,Cantidad de cuentas de ahorro,Dic-2024,1204.0,2026-04-19
00432,BANCO DE COMERCIO S.A.,privado_nacional,informacion_estructura,Cantidad de operaciones a plazo fijo Individuos,Dic-2024,61.0,2026-04-19
00432,BANCO DE COMERCIO S.A.,privado_nacional,informacion_estructura,Cantidad de operaciones a plazo fijo Empresas,Dic-2024,132.0,2026-04-19
00432,BANCO DE COMERCIO S.A.,privado_nacional,informacion_estructura,Cantidad de operaciones por préstamos hipotecarios,Dic-2024,2.0,2026-04-19
00432,BANCO DE COMERCIO S.A.,privado_nacional,informacion_estructura,Cantidad de operaciones por préstamos prendarios,Dic-2024,5.0,2026-04-19
00432,BANCO DE COMERCIO S.A.,privado_nacional,informacion_estructura,Cantidad de operaciones por otros préstamos,Dic-2024,23316.0,2026-04-19
00432,BANCO DE COMERCIO S.A.,privado_nacional,informacion_estructura,Dotación de personal,Dic-2024,107.0,2026-04-19
00432,BANCO DE COMERCIO S.A.,privado_nacional,informacion_estructura,Cantidad de titulares por tarjetas de crédito,Dic-2024,499.0,2026-04-19
00432,BANCO DE COMERCIO S.A.,privado_nacional,informacion_estructura,Cantidad de tarjetas de crédito (plásticos),Dic-2024,574.0,2026-04-19
00432,BANCO DE COMERCIO S.A.,privado_nacional,informacion_estructura,Cantidad de tarjetas de débito,Dic-2024,,2026-04-19
00432,BANCO DE COMERCIO S.A.,privado_nacional,informacion_estructura,Cantidad de cuentas corrientes,Jun-2025,1290.0,2026-04-19
00432,BANCO DE COMERCIO S.A.,privado_nacional,informacion_estructura,Cantidad de cuentas de ahorro,Jun-2025,1235.0,2026-04-19
00432,BANCO DE COMERCIO S.A.,privado_nacional,informacion_estructura,Cantidad de operaciones a plazo fijo Individuos,Jun-2025,65.0,2026-04-19
00432,BANCO DE COMERCIO S.A.,privado_nacional,informacion_estructura,Cantidad de operaciones a plazo fijo Empresas,Jun-2025,116.0,2026-04-19
00432,BANCO DE COMERCIO S.A.,privado_nacional,informacion_estructura,Cantidad de operaciones por préstamos hipotecarios,Jun-2025,3.0,2026-04-19
00432,BANCO DE COMERCIO S.A.,privado_nacional,informacion_estructura,Cantidad de operaciones por préstamos prendarios,Jun-2025,4.0,2026-04-19
00432,BANCO DE COMERCIO S.A.,privado_nacional,informacion_estructura,Cantidad de operaciones por otros préstamos,Jun-2025,35676.0,2026-04-19
00432,BANCO DE COMERCIO S.A.,privado_nacional,informacion_estructura,Dotación de personal,Jun-2025,110.0,2026-04-19
00432,BANCO DE COMERCIO S.A.,privado_nacional,informacion_estructura,Cantidad de titulares por tarjetas de crédito,Jun-2025,414.0,2026-04-19
00432,BANCO DE COMERCIO S.A.,privado_nacional,informacion_estructura,Cantidad de tarjetas de crédito (plásticos),Jun-2025,498.0,2026-04-19
00432,BANCO DE COMERCIO S.A.,privado_nacional,informacion_estructura,Cantidad de tarjetas de débito,Jun-2025,,2026-04-19
00432,BANCO DE COMERCIO S.A.,privado_nacional,informacion_estructura,Cantidad de cuentas corrientes,Set-2025,1214.0,2026-04-19
00432,BANCO DE COMERCIO S.A.,privado_nacional,informacion_estructura,Cantidad de cuentas de ahorro,Set-2025,1176.0,2026-04-19
00432,BANCO DE COMERCIO S.A.,privado_nacional,informacion_estructura,Cantidad de operaciones a plazo fijo Individuos,Set-2025,74.0,2026-04-19
00432,BANCO DE COMERCIO S.A.,privado_nacional,informacion_estructura,Cantidad de operaciones a plazo fijo Empresas,Set-2025,104.0,2026-04-19
00432,BANCO DE COMERCIO S.A.,privado_nacional,informacion_estructura,Cantidad de operaciones por préstamos hipotecarios,Set-2025,2.0,2026-04-19
00432,BANCO DE COMERCIO S.A.,privado_nacional,informacion_estructura,Cantidad de operaciones por préstamos prendarios,Set-2025,5.0,2026-04-19
00432,BANCO DE COMERCIO S.A.,privado_nacional,informacion_estructura,Cantidad de operaciones por otros préstamos,Set-2025,45107.0,2026-04-19
00432,BANCO DE COMERCIO S.A.,privado_nacional,informacion_estructura,Dotación de personal,Set-2025,115.0,2026-04-19
00432,BANCO DE COMERCIO S.A.,privado_nacional,informacion_estructura,Cantidad de titulares por tarjetas de crédito,Set-2025,471.0,2026-04-19
00432,BANCO DE COMERCIO S.A.,privado_nacional,informacion_estructura,Cantidad de tarjetas de crédito (plásticos),Set-2025,549.0,2026-04-19
00432,BANCO DE COMERCIO S.A.,privado_nacional,informacion_estructura,Cantidad de tarjetas de débito,Set-2025,1897.0,2026-04-19
00432,BANCO DE COMERCIO S.A.,privado_nacional,informacion_estructura,Cantidad de cuentas corrientes,Dic-2025,1278.0,2026-04-19
00432,BANCO DE COMERCIO S.A.,privado_nacional,informacion_estructura,Cantidad de cuentas de ahorro,Dic-2025,1125.0,2026-04-19
00432,BANCO DE COMERCIO S.A.,privado_nacional,informacion_estructura,Cantidad de operaciones a plazo fijo Individuos,Dic-2025,72.0,2026-04-19
00432,BANCO DE COMERCIO S.A.,privado_nacional,informacion_estructura,Cantidad de operaciones a plazo fijo Empresas,Dic-2025,94.0,2026-04-19
00432,BANCO DE COMERCIO S.A.,privado_nacional,informacion_estructura,Cantidad de operaciones por préstamos hipotecarios,Dic-2025,5.0,2026-04-19
00432,BANCO DE COMERCIO S.A.,privado_nacional,informacion_estructura,Cantidad de operaciones por préstamos prendarios,Dic-2025,9.0,2026-04-19
00432,BANCO DE COMERCIO S.A.,privado_nacional,informacion_estructura,Cantidad de operaciones por otros préstamos,Dic-2025,44366.0,2026-04-19
00432,BANCO DE COMERCIO S.A.,privado_nacional,informacion_estructura,Dotación de personal,Dic-2025,117.0,2026-04-19
00432,BANCO DE COMERCIO S.A.,privado_nacional,informacion_estructura,Cantidad de titulares por tarjetas de crédito,Dic-2025,386.0,2026-04-19
00432,BANCO DE COMERCIO S.A.,privado_nacional,informacion_estructura,Cantidad de tarjetas de crédito (plásticos),Dic-2025,463.0,2026-04-19
00432,BANCO DE COMERCIO S.A.,privado_nacional,informacion_estructura,Cantidad de tarjetas de débito,Dic-2025,1911.0,2026-04-19
00432,BANCO DE COMERCIO S.A.,privado_nacional,informacion_estructura,Cantidad de Cuentas,Dic-2023,76.0,2026-04-19
00432,BANCO DE COMERCIO S.A.,privado_nacional,informacion_estructura,Cantidad de Empresas,Dic-2023,9.0,2026-04-19
00432,BANCO DE COMERCIO S.A.,privado_nacional,informacion_estructura,Cantidad de Cuentas,Dic-2024,44.0,2026-04-19
00432,BANCO DE COMERCIO S.A.,privado_nacional,informacion_estructura,Cantidad de Empresas,Dic-2024,4.0,2026-04-19
00432,BANCO DE COMERCIO S.A.,privado_nacional,informacion_estructura,Cantidad de Cuentas,Nov-2025,40.0,2026-04-19
00432,BANCO DE COMERCIO S.A.,privado_nacional,informacion_estructura,Cantidad de Empresas,Nov-2025,4.0,2026-04-19
00432,BANCO DE COMERCIO S.A.,privado_nacional,informacion_estructura,Cantidad de Cuentas,Dic-2025,38.0,2026-04-19
00432,BANCO DE COMERCIO S.A.,privado_nacional,informacion_estructura,Cantidad de Empresas,Dic-2025,4.0,2026-04-19
00432,BANCO DE COMERCIO S.A.,privado_nacional,informacion_estructura,Cantidad de Cuentas,Ene-2026,37.0,2026-04-19
00432,BANCO DE COMERCIO S.A.,privado_nacional,informacion_estructura,Cantidad de Empresas,Ene-2026,4.0,2026-04-19
00432,BANCO DE COMERCIO S.A.,privado_nacional,informacion_estructura,CABA,Habilitadas,2.0,2026-04-19
00432,BANCO DE COMERCIO S.A.,privado_nacional,informacion_estructura,CABA,Habilitadas,,2026-04-19
00432,BANCO DE COMERCIO S.A.,privado_nacional,informacion_estructura,CABA,Habilitadas,,2026-04-19
00432,BANCO DE COMERCIO S.A.,privado_nacional,informacion_estructura,CABA,Habilitadas,,2026-04-19
00432,BANCO DE COMERCIO S.A.,privado_nacional,informacion_estructura,CABA,Habilitadas,,2026-04-19
00432,BANCO DE COMERCIO S.A.,privado_nacional,informacion_estructura,CABA,Habilitadas,,2026-04-19
00432,BANCO DE COMERCIO S.A.,privado_nacional,informacion_estructura,CABA,Habilitadas,4.0,2026-04-19
00432,BANCO DE COMERCIO S.A.,privado_nacional,informacion_estructura,CABA,Pendientes de habilitación,,2026-04-19
00432,BANCO DE COMERCIO S.A.,privado_nacional,informacion_estructura,CABA,Total,2.0,2026-04-19
00094,BANCO DE CORRIENTES S.A.,publico,informacion_estructura,Cantidad de cuentas corrientes,Dic-2023,27655.0,2026-04-19
00094,BANCO DE CORRIENTES S.A.,publico,informacion_estructura,Cantidad de cuentas de ahorro,Dic-2023,820352.0,2026-04-19
00094,BANCO DE CORRIENTES S.A.,publico,informacion_estructura,Cantidad de cajas de ahorro de ayuda social,Dic-2023,234649.0,2026-04-19
00094,BANCO DE CORRIENTES S.A.,publico,informacion_estructura,Cantidad de cuentas previsionales,Dic-2023,166406.0,2026-04-19
00094,BANCO DE CORRIENTES S.A.,publico,informacion_estructura,Cantidad de operaciones a plazo fijo Individuos,Dic-2023,47559.0,2026-04-19
00094,BANCO DE CORRIENTES S.A.,publico,informacion_estructura,Cantidad de operaciones a plazo fijo Empresas,Dic-2023,769.0,2026-04-19
00094,BANCO DE CORRIENTES S.A.,publico,informacion_estructura,Cantidad de operaciones por préstamos hipotecarios,Dic-2023,181.0,2026-04-19
00094,BANCO DE CORRIENTES S.A.,publico,informacion_estructura,Cantidad de operaciones por préstamos prendarios,Dic-2023,110.0,2026-04-19
00094,BANCO DE CORRIENTES S.A.,publico,informacion_estructura,Cantidad de operaciones por otros préstamos,Dic-2023,78619.0,2026-04-19
00094,BANCO DE CORRIENTES S.A.,publico,informacion_estructura,Dotación de personal,Dic-2023,826.0,2026-04-19
00094,BANCO DE CORRIENTES S.A.,publico,informacion_estructura,Cantidad de titulares por tarjetas de crédito,Dic-2023,124905.0,2026-04-19
00094,BANCO DE CORRIENTES S.A.,publico,informacion_estructura,Cantidad de tarjetas de crédito (plásticos),Dic-2023,135880.0,2026-04-19
00094,BANCO DE CORRIENTES S.A.,publico,informacion_estructura,Cantidad de tarjetas de débito,Dic-2023,474473.0,2026-04-19
00094,BANCO DE CORRIENTES S.A.,publico,informacion_estructura,Cantidad de cuentas corrientes,Dic-2024,26737.0,2026-04-19
00094,BANCO DE CORRIENTES S.A.,publico,informacion_estructura,Cantidad de cuentas de ahorro,Dic-2024,819800.0,2026-04-19
00094,BANCO DE CORRIENTES S.A.,publico,informacion_estructura,Cantidad de cajas de ahorro de ayuda social,Dic-2024,213830.0,2026-04-19
00094,BANCO DE CORRIENTES S.A.,publico,informacion_estructura,Cantidad de cuentas previsionales,Dic-2024,170518.0,2026-04-19
00094,BANCO DE CORRIENTES S.A.,publico,informacion_estructura,Cantidad de operaciones a plazo fijo Individuos,Dic-2024,32652.0,2026-04-19
00094,BANCO DE CORRIENTES S.A.,publico,informacion_estructura,Cantidad de operaciones a plazo fijo Empresas,Dic-2024,564.0,2026-04-19
00094,BANCO DE CORRIENTES S.A.,publico,informacion_estructura,Cantidad de operaciones por préstamos hipotecarios,Dic-2024,205.0,2026-04-19
00094,BANCO DE CORRIENTES S.A.,publico,informacion_estructura,Cantidad de operaciones por préstamos prendarios,Dic-2024,70.0,2026-04-19
00094,BANCO DE CORRIENTES S.A.,publico,informacion_estructura,Cantidad de operaciones por otros préstamos,Dic-2024,102969.0,2026-04-19
00094,BANCO DE CORRIENTES S.A.,publico,informacion_estructura,Dotación de personal,Dic-2024,823.0,2026-04-19
00094,BANCO DE CORRIENTES S.A.,publico,informacion_estructura,Cantidad de titulares por tarjetas de crédito,Dic-2024,130940.0,2026-04-19
00094,BANCO DE CORRIENTES S.A.,publico,informacion_estructura,Cantidad de tarjetas de crédito (plásticos),Dic-2024,142645.0,2026-04-19
00094,BANCO DE CORRIENTES S.A.,publico,informacion_estructura,Cantidad de tarjetas de débito,Dic-2024,554157.0,2026-04-19
00094,BANCO DE CORRIENTES S.A.,publico,informacion_estructura,Cantidad de cuentas corrientes,Jun-2025,25565.0,2026-04-19
00094,BANCO DE CORRIENTES S.A.,publico,informacion_estructura,Cantidad de cuentas de ahorro,Jun-2025,847388.0,2026-04-19
00094,BANCO DE CORRIENTES S.A.,publico,informacion_estructura,Cantidad de cajas de ahorro de ayuda social,Jun-2025,216641.0,2026-04-19
00094,BANCO DE CORRIENTES S.A.,publico,informacion_estructura,Cantidad de cuentas previsionales,Jun-2025,172531.0,2026-04-19
00094,BANCO DE CORRIENTES S.A.,publico,informacion_estructura,Cantidad de operaciones a plazo fijo Individuos,Jun-2025,32912.0,2026-04-19
00094,BANCO DE CORRIENTES S.A.,publico,informacion_estructura,Cantidad de operaciones a plazo fijo Empresas,Jun-2025,657.0,2026-04-19
00094,BANCO DE CORRIENTES S.A.,publico,informacion_estructura,Cantidad de operaciones por préstamos hipotecarios,Jun-2025,315.0,2026-04-19
00094,BANCO DE CORRIENTES S.A.,publico,informacion_estructura,Cantidad de operaciones por préstamos prendarios,Jun-2025,66.0,2026-04-19
00094,BANCO DE CORRIENTES S.A.,publico,informacion_estructura,Cantidad de operaciones por otros préstamos,Jun-2025,130542.0,2026-04-19
00094,BANCO DE CORRIENTES S.A.,publico,informacion_estructura,Dotación de personal,Jun-2025,820.0,2026-04-19
00094,BANCO DE CORRIENTES S.A.,publico,informacion_estructura,Cantidad de titulares por tarjetas de crédito,Jun-2025,174509.0,2026-04-19
00094,BANCO DE CORRIENTES S.A.,publico,informacion_estructura,Cantidad de tarjetas de crédito (plásticos),Jun-2025,186527.0,2026-04-19
00094,BANCO DE CORRIENTES S.A.,publico,informacion_estructura,Cantidad de tarjetas de débito,Jun-2025,452239.0,2026-04-19
00094,BANCO DE CORRIENTES S.A.,publico,informacion_estructura,Cantidad de cuentas corrientes,Set-2025,26487.0,2026-04-19
00094,BANCO DE CORRIENTES S.A.,publico,informacion_estructura,Cantidad de cuentas de ahorro,Set-2025,830339.0,2026-04-19
00094,BANCO DE CORRIENTES S.A.,publico,informacion_estructura,Cantidad de cajas de ahorro de ayuda social,Set-2025,215091.0,2026-04-19
00094,BANCO DE CORRIENTES S.A.,publico,informacion_estructura,Cantidad de cuentas previsionales,Set-2025,173758.0,2026-04-19
00094,BANCO DE CORRIENTES S.A.,publico,informacion_estructura,Cantidad de operaciones a plazo fijo Individuos,Set-2025,39201.0,2026-04-19
00094,BANCO DE CORRIENTES S.A.,publico,informacion_estructura,Cantidad de operaciones a plazo fijo Empresas,Set-2025,904.0,2026-04-19
00094,BANCO DE CORRIENTES S.A.,publico,informacion_estructura,Cantidad de operaciones por préstamos hipotecarios,Set-2025,378.0,2026-04-19
00094,BANCO DE CORRIENTES S.A.,publico,informacion_estructura,Cantidad de operaciones por préstamos prendarios,Set-2025,76.0,2026-04-19
00094,BANCO DE CORRIENTES S.A.,publico,informacion_estructura,Cantidad de operaciones por otros préstamos,Set-2025,151762.0,2026-04-19
00094,BANCO DE CORRIENTES S.A.,publico,informacion_estructura,Dotación de personal,Set-2025,820.0,2026-04-19
00094,BANCO DE CORRIENTES S.A.,publico,informacion_estructura,Cantidad de titulares por tarjetas de crédito,Set-2025,170925.0,2026-04-19
00094,BANCO DE CORRIENTES S.A.,publico,informacion_estructura,Cantidad de tarjetas de crédito (plásticos),Set-2025,182938.0,2026-04-19
00094,BANCO DE CORRIENTES S.A.,publico,informacion_estructura,Cantidad de tarjetas de débito,Set-2025,459491.0,2026-04-19
00094,BANCO DE CORRIENTES S.A.,publico,informacion_estructura,Cantidad de cuentas corrientes,Dic-2025,26794.0,2026-04-19
00094,BANCO DE CORRIENTES S.A.,publico,informacion_estructura,Cantidad de cuentas de ahorro,Dic-2025,814820.0,2026-04-19
00094,BANCO DE CORRIENTES S.A.,publico,informacion_estructura,Cantidad de cajas de ahorro de ayuda social,Dic-2025,199916.0,2026-04-19
00094,BANCO DE CORRIENTES S.A.,publico,informacion_estructura,Cantidad de cuentas previsionales,Dic-2025,174092.0,2026-04-19
00094,BANCO DE CORRIENTES S.A.,publico,informacion_estructura,Cantidad de operaciones a plazo fijo Individuos,Dic-2025,33357.0,2026-04-19
00094,BANCO DE CORRIENTES S.A.,publico,informacion_estructura,Cantidad de operaciones a plazo fijo Empresas,Dic-2025,601.0,2026-04-19
00094,BANCO DE CORRIENTES S.A.,publico,informacion_estructura,Cantidad de operaciones por préstamos hipotecarios,Dic-2025,387.0,2026-04-19
00094,BANCO DE CORRIENTES S.A.,publico,informacion_estructura,Cantidad de operaciones por préstamos prendarios,Dic-2025,74.0,2026-04-19
00094,BANCO DE CORRIENTES S.A.,publico,informacion_estructura,Cantidad de operaciones por otros préstamos,Dic-2025,138017.0,2026-04-19
00094,BANCO DE CORRIENTES S.A.,publico,informacion_estructura,Dotación de personal,Dic-2025,817.0,2026-04-19
00094,BANCO DE CORRIENTES S.A.,publico,informacion_estructura,Cantidad de titulares por tarjetas de crédito,Dic-2025,130940.0,2026-04-19
00094,BANCO DE CORRIENTES S.A.,publico,informacion_estructura,Cantidad de tarjetas de crédito (plásticos),Dic-2025,142645.0,2026-04-19
00094,BANCO DE CORRIENTES S.A.,publico,informacion_estructura,Cantidad de tarjetas de débito,Dic-2025,464720.0,2026-04-19
00094,BANCO DE CORRIENTES S.A.,publico,informacion_estructura,Cantidad de Cuentas,Dic-2023,328443.0,2026-04-19
00094,BANCO DE CORRIENTES S.A.,publico,informacion_estructura,Cantidad de Empresas,Dic-2023,622.0,2026-04-19
00094,BANCO DE CORRIENTES S.A.,publico,informacion_estructura,Cantidad de Cuentas,Dic-2024,326491.0,2026-04-19
00094,BANCO DE CORRIENTES S.A.,publico,informacion_estructura,Cantidad de Empresas,Dic-2024,674.0,2026-04-19
00094,BANCO DE CORRIENTES S.A.,publico,informacion_estructura,Cantidad de Cuentas,Nov-2025,311716.0,2026-04-19
00094,BANCO DE CORRIENTES S.A.,publico,informacion_estructura,Cantidad de Empresas,Nov-2025,870.0,2026-04-19
00094,BANCO DE CORRIENTES S.A.,publico,informacion_estructura,Cantidad de Cuentas,Dic-2025,311681.0,2026-04-19
00094,BANCO DE CORRIENTES S.A.,publico,informacion_estructura,Cantidad de Empresas,Dic-2025,974.0,2026-04-19
00094,BANCO DE CORRIENTES S.A.,publico,informacion_estructura,Cantidad de Cuentas,Ene-2026,307879.0,2026-04-19
00094,BANCO DE CORRIENTES S.A.,publico,informacion_estructura,Cantidad de Empresas,Ene-2026,892.0,2026-04-19
00094,BANCO DE CORRIENTES S.A.,publico,informacion_estructura,CABA,Habilitadas,1.0,2026-04-19
00094,BANCO DE CORRIENTES S.A.,publico,informacion_estructura,CORRIENTES,Habilitadas,38.0,2026-04-19
00094,BANCO DE CORRIENTES S.A.,publico,informacion_estructura,MISIONES,Habilitadas,2.0,2026-04-19
00094,BANCO DE CORRIENTES S.A.,publico,informacion_estructura,CABA,Habilitadas,,2026-04-19
00094,BANCO DE CORRIENTES S.A.,publico,informacion_estructura,CORRIENTES,Habilitadas,26.0,2026-04-19
00094,BANCO DE CORRIENTES S.A.,publico,informacion_estructura,MISIONES,Habilitadas,,2026-04-19
00094,BANCO DE CORRIENTES S.A.,publico,informacion_estructura,CABA,Habilitadas,,2026-04-19
00094,BANCO DE CORRIENTES S.A.,publico,informacion_estructura,CORRIENTES,Habilitadas,1.0,2026-04-19
00094,BANCO DE CORRIENTES S.A.,publico,informacion_estructura,MISIONES,Habilitadas,,2026-04-19
00094,BANCO DE CORRIENTES S.A.,publico,informacion_estructura,CABA,Habilitadas,2.0,2026-04-19
00094,BANCO DE CORRIENTES S.A.,publico,informacion_estructura,CORRIENTES,Habilitadas,267.0,2026-04-19
00094,BANCO DE CORRIENTES S.A.,publico,informacion_estructura,MISIONES,Habilitadas,8.0,2026-04-19
00094,BANCO DE CORRIENTES S.A.,publico,informacion_estructura,CABA,Habilitadas,,2026-04-19
00094,BANCO DE CORRIENTES S.A.,publico,informacion_estructura,CORRIENTES,Habilitadas,,2026-04-19
00094,BANCO DE CORRIENTES S.A.,publico,informacion_estructura,MISIONES,Habilitadas,,2026-04-19
00094,BANCO DE CORRIENTES S.A.,publico,informacion_estructura,CABA,Habilitadas,,2026-04-19
00094,BANCO DE CORRIENTES S.A.,publico,informacion_estructura,CORRIENTES,Habilitadas,4.0,2026-04-19
00094,BANCO DE CORRIENTES S.A.,publico,informacion_estructura,MISIONES,Habilitadas,,2026-04-19
00094,BANCO DE CORRIENTES S.A.,publico,informacion_estructura,CABA,Habilitadas,,2026-04-19
00094,BANCO DE CORRIENTES S.A.,publico,informacion_estructura,CORRIENTES,Habilitadas,10.0,2026-04-19
00094,BANCO DE CORRIENTES S.A.,publico,informacion_estructura,MISIONES,Habilitadas,,2026-04-19
00094,BANCO DE CORRIENTES S.A.,publico,informacion_estructura,CABA,Pendientes de habilitación,,2026-04-19
00094,BANCO DE CORRIENTES S.A.,publico,informacion_estructura,CORRIENTES,Pendientes de habilitación,1.0,2026-04-19
00094,BANCO DE CORRIENTES S.A.,publico,informacion_estructura,MISIONES,Pendientes de habilitación,,2026-04-19
00094,BANCO DE CORRIENTES S.A.,publico,informacion_estructura,CABA,Total,1.0,2026-04-19
00094,BANCO DE CORRIENTES S.A.,publico,informacion_estructura,CORRIENTES,Total,39.0,2026-04-19
00094,BANCO DE CORRIENTES S.A.,publico,informacion_estructura,MISIONES,Total,2.0,2026-04-19
00315,BANCO DE FORMOSA S.A.,publico,informacion_estructura,Cantidad de cuentas de ahorro,Dic-2023,603837.0,2026-04-19
00315,BANCO DE FORMOSA S.A.,publico,informacion_estructura,Cantidad de cuentas previsionales,Dic-2023,268880.0,2026-04-19
00315,BANCO DE FORMOSA S.A.,publico,informacion_estructura,Cantidad de operaciones a plazo fijo Individuos,Dic-2023,14033.0,2026-04-19
00315,BANCO DE FORMOSA S.A.,publico,informacion_estructura,Cantidad de operaciones a plazo fijo Empresas,Dic-2023,373.0,2026-04-19
00315,BANCO DE FORMOSA S.A.,publico,informacion_estructura,Cantidad de operaciones por préstamos hipotecarios,Dic-2023,22.0,2026-04-19
00315,BANCO DE FORMOSA S.A.,publico,informacion_estructura,Cantidad de operaciones por préstamos prendarios,Dic-2023,1325.0,2026-04-19
00315,BANCO DE FORMOSA S.A.,publico,informacion_estructura,Cantidad de operaciones por otros préstamos,Dic-2023,130073.0,2026-04-19
00315,BANCO DE FORMOSA S.A.,publico,informacion_estructura,Dotación de personal,Dic-2023,554.0,2026-04-19
00315,BANCO DE FORMOSA S.A.,publico,informacion_estructura,Cantidad de titulares por tarjetas de crédito,Dic-2023,91123.0,2026-04-19
00315,BANCO DE FORMOSA S.A.,publico,informacion_estructura,Cantidad de tarjetas de crédito (plásticos),Dic-2023,91123.0,2026-04-19
00315,BANCO DE FORMOSA S.A.,publico,informacion_estructura,Cantidad de tarjetas de débito,Dic-2023,451855.0,2026-04-19
00315,BANCO DE FORMOSA S.A.,publico,informacion_estructura,Cantidad de cuentas corrientes,Dic-2023,44243.0,2026-04-19
00315,BANCO DE FORMOSA S.A.,publico,informacion_estructura,Cantidad de cajas de ahorro de ayuda social,Dic-2023,128927.0,2026-04-19
00315,BANCO DE FORMOSA S.A.,publico,informacion_estructura,Cantidad de cuentas de ahorro,Dic-2024,453545.0,2026-04-19
00315,BANCO DE FORMOSA S.A.,publico,informacion_estructura,Cantidad de cuentas previsionales,Dic-2024,282104.0,2026-04-19
00315,BANCO DE FORMOSA S.A.,publico,informacion_estructura,Cantidad de operaciones a plazo fijo Individuos,Dic-2024,8417.0,2026-04-19
00315,BANCO DE FORMOSA S.A.,publico,informacion_estructura,Cantidad de operaciones a plazo fijo Empresas,Dic-2024,413.0,2026-04-19
00315,BANCO DE FORMOSA S.A.,publico,informacion_estructura,Cantidad de operaciones por préstamos hipotecarios,Dic-2024,23.0,2026-04-19
00315,BANCO DE FORMOSA S.A.,publico,informacion_estructura,Cantidad de operaciones por préstamos prendarios,Dic-2024,1920.0,2026-04-19
00315,BANCO DE FORMOSA S.A.,publico,informacion_estructura,Cantidad de operaciones por otros préstamos,Dic-2024,145706.0,2026-04-19
00315,BANCO DE FORMOSA S.A.,publico,informacion_estructura,Dotación de personal,Dic-2024,541.0,2026-04-19
00315,BANCO DE FORMOSA S.A.,publico,informacion_estructura,Cantidad de titulares por tarjetas de crédito,Dic-2024,87845.0,2026-04-19
00315,BANCO DE FORMOSA S.A.,publico,informacion_estructura,Cantidad de tarjetas de crédito (plásticos),Dic-2024,87845.0,2026-04-19
00315,BANCO DE FORMOSA S.A.,publico,informacion_estructura,Cantidad de tarjetas de débito,Dic-2024,444513.0,2026-04-19
00315,BANCO DE FORMOSA S.A.,publico,informacion_estructura,Cantidad de cuentas corrientes,Dic-2024,36523.0,2026-04-19
00315,BANCO DE FORMOSA S.A.,publico,informacion_estructura,Cantidad de cajas de ahorro de ayuda social,Dic-2024,117063.0,2026-04-19
00315,BANCO DE FORMOSA S.A.,publico,informacion_estructura,Cantidad de cuentas de ahorro,Jun-2025,465861.0,2026-04-19
00315,BANCO DE FORMOSA S.A.,publico,informacion_estructura,Cantidad de cuentas previsionales,Jun-2025,288414.0,2026-04-19
00315,BANCO DE FORMOSA S.A.,publico,informacion_estructura,Cantidad de operaciones a plazo fijo Individuos,Jun-2025,8258.0,2026-04-19
00315,BANCO DE FORMOSA S.A.,publico,informacion_estructura,Cantidad de operaciones a plazo fijo Empresas,Jun-2025,217.0,2026-04-19
00315,BANCO DE FORMOSA S.A.,publico,informacion_estructura,Cantidad de operaciones por préstamos hipotecarios,Jun-2025,18.0,2026-04-19
00315,BANCO DE FORMOSA S.A.,publico,informacion_estructura,Cantidad de operaciones por préstamos prendarios,Jun-2025,2018.0,2026-04-19
00315,BANCO DE FORMOSA S.A.,publico,informacion_estructura,Cantidad de operaciones por otros préstamos,Jun-2025,168056.0,2026-04-19
00315,BANCO DE FORMOSA S.A.,publico,informacion_estructura,Dotación de personal,Jun-2025,552.0,2026-04-19
00315,BANCO DE FORMOSA S.A.,publico,informacion_estructura,Cantidad de titulares por tarjetas de crédito,Jun-2025,87055.0,2026-04-19
00315,BANCO DE FORMOSA S.A.,publico,informacion_estructura,Cantidad de tarjetas de crédito (plásticos),Jun-2025,87055.0,2026-04-19
00315,BANCO DE FORMOSA S.A.,publico,informacion_estructura,Cantidad de tarjetas de débito,Jun-2025,465698.0,2026-04-19
00315,BANCO DE FORMOSA S.A.,publico,informacion_estructura,Cantidad de cuentas corrientes,Jun-2025,35624.0,2026-04-19
00315,BANCO DE FORMOSA S.A.,publico,informacion_estructura,Cantidad de cajas de ahorro de ayuda social,Jun-2025,120419.0,2026-04-19
00315,BANCO DE FORMOSA S.A.,publico,informacion_estructura,Cantidad de cuentas de ahorro,Set-2025,470305.0,2026-04-19
00315,BANCO DE FORMOSA S.A.,publico,informacion_estructura,Cantidad de cuentas previsionales,Set-2025,341758.0,2026-04-19
00315,BANCO DE FORMOSA S.A.,publico,informacion_estructura,Cantidad de operaciones a plazo fijo Individuos,Set-2025,8201.0,2026-04-19
00315,BANCO DE FORMOSA S.A.,publico,informacion_estructura,Cantidad de operaciones a plazo fijo Empresas,Set-2025,194.0,2026-04-19
00315,BANCO DE FORMOSA S.A.,publico,informacion_estructura,Cantidad de operaciones por préstamos hipotecarios,Set-2025,20.0,2026-04-19
00315,BANCO DE FORMOSA S.A.,publico,informacion_estructura,Cantidad de operaciones por préstamos prendarios,Set-2025,2421.0,2026-04-19
00315,BANCO DE FORMOSA S.A.,publico,informacion_estructura,Cantidad de operaciones por otros préstamos,Set-2025,167651.0,2026-04-19
00315,BANCO DE FORMOSA S.A.,publico,informacion_estructura,Dotación de personal,Set-2025,539.0,2026-04-19
00315,BANCO DE FORMOSA S.A.,publico,informacion_estructura,Cantidad de titulares por tarjetas de crédito,Set-2025,86313.0,2026-04-19
00315,BANCO DE FORMOSA S.A.,publico,informacion_estructura,Cantidad de tarjetas de crédito (plásticos),Set-2025,86313.0,2026-04-19
00315,BANCO DE FORMOSA S.A.,publico,informacion_estructura,Cantidad de tarjetas de débito,Set-2025,637821.0,2026-04-19
00315,BANCO DE FORMOSA S.A.,publico,informacion_estructura,Cantidad de cuentas corrientes,Set-2025,35448.0,2026-04-19
00315,BANCO DE FORMOSA S.A.,publico,informacion_estructura,Cantidad de cajas de ahorro de ayuda social,Set-2025,195857.0,2026-04-19
00315,BANCO DE FORMOSA S.A.,publico,informacion_estructura,Cantidad de cuentas de ahorro,Dic-2025,513289.0,2026-04-19
00315,BANCO DE FORMOSA S.A.,publico,informacion_estructura,Cantidad de cuentas previsionales,Dic-2025,344260.0,2026-04-19
00315,BANCO DE FORMOSA S.A.,publico,informacion_estructura,Cantidad de operaciones a plazo fijo Individuos,Dic-2025,7002.0,2026-04-19
00315,BANCO DE FORMOSA S.A.,publico,informacion_estructura,Cantidad de operaciones a plazo fijo Empresas,Dic-2025,117.0,2026-04-19
00315,BANCO DE FORMOSA S.A.,publico,informacion_estructura,Cantidad de operaciones por préstamos hipotecarios,Dic-2025,22.0,2026-04-19
00315,BANCO DE FORMOSA S.A.,publico,informacion_estructura,Cantidad de operaciones por préstamos prendarios,Dic-2025,2490.0,2026-04-19
00315,BANCO DE FORMOSA S.A.,publico,informacion_estructura,Cantidad de operaciones por otros préstamos,Dic-2025,167580.0,2026-04-19
00315,BANCO DE FORMOSA S.A.,publico,informacion_estructura,Dotación de personal,Dic-2025,550.0,2026-04-19
00315,BANCO DE FORMOSA S.A.,publico,informacion_estructura,Cantidad de titulares por tarjetas de crédito,Dic-2025,85635.0,2026-04-19
00315,BANCO DE FORMOSA S.A.,publico,informacion_estructura,Cantidad de tarjetas de crédito (plásticos),Dic-2025,85635.0,2026-04-19
00315,BANCO DE FORMOSA S.A.,publico,informacion_estructura,Cantidad de tarjetas de débito,Dic-2025,641955.0,2026-04-19
00315,BANCO DE FORMOSA S.A.,publico,informacion_estructura,Cantidad de cuentas corrientes,Dic-2025,35401.0,2026-04-19
00315,BANCO DE FORMOSA S.A.,publico,informacion_estructura,Cantidad de cajas de ahorro de ayuda social,Dic-2025,196423.0,2026-04-19
00315,BANCO DE FORMOSA S.A.,publico,informacion_estructura,Cantidad de Cuentas,Dic-2023,64920.0,2026-04-19
00315,BANCO DE FORMOSA S.A.,publico,informacion_estructura,Cantidad de Empresas,Dic-2023,274.0,2026-04-19
00315,BANCO DE FORMOSA S.A.,publico,informacion_estructura,Cantidad de Cuentas,Dic-2024,65786.0,2026-04-19
00315,BANCO DE FORMOSA S.A.,publico,informacion_estructura,Cantidad de Empresas,Dic-2024,298.0,2026-04-19
00315,BANCO DE FORMOSA S.A.,publico,informacion_estructura,Cantidad de Cuentas,Nov-2025,65762.0,2026-04-19
00315,BANCO DE FORMOSA S.A.,publico,informacion_estructura,Cantidad de Empresas,Nov-2025,289.0,2026-04-19
00315,BANCO DE FORMOSA S.A.,publico,informacion_estructura,Cantidad de Cuentas,Dic-2025,67094.0,2026-04-19
00315,BANCO DE FORMOSA S.A.,publico,informacion_estructura,Cantidad de Empresas,Dic-2025,311.0,2026-04-19
00315,BANCO DE FORMOSA S.A.,publico,informacion_estructura,Cantidad de Cuentas,Ene-2026,65693.0,2026-04-19
00315,BANCO DE FORMOSA S.A.,publico,informacion_estructura,Cantidad de Empresas,Ene-2026,285.0,2026-04-19
00315,BANCO DE FORMOSA S.A.,publico,informacion_estructura,CABA,Habilitadas,1.0,2026-04-19
00315,BANCO DE FORMOSA S.A.,publico,informacion_estructura,FORMOSA,Habilitadas,19.0,2026-04-19
00315,BANCO DE FORMOSA S.A.,publico,informacion_estructura,CABA,Habilitadas,,2026-04-19
00315,BANCO DE FORMOSA S.A.,publico,informacion_estructura,FORMOSA,Habilitadas,,2026-04-19
00315,BANCO DE FORMOSA S.A.,publico,informacion_estructura,CABA,Habilitadas,,2026-04-19
00315,BANCO DE FORMOSA S.A.,publico,informacion_estructura,FORMOSA,Habilitadas,1.0,2026-04-19
00315,BANCO DE FORMOSA S.A.,publico,informacion_estructura,CABA,Habilitadas,1.0,2026-04-19
00315,BANCO DE FORMOSA S.A.,publico,informacion_estructura,FORMOSA,Habilitadas,131.0,2026-04-19
00315,BANCO DE FORMOSA S.A.,publico,informacion_estructura,CABA,Habilitadas,,2026-04-19
00315,BANCO DE FORMOSA S.A.,publico,informacion_estructura,FORMOSA,Habilitadas,,2026-04-19
00315,BANCO DE FORMOSA S.A.,publico,informacion_estructura,CABA,Habilitadas,,2026-04-19
00315,BANCO DE FORMOSA S.A.,publico,informacion_estructura,FORMOSA,Habilitadas,3.0,2026-04-19
00315,BANCO DE FORMOSA S.A.,publico,informacion_estructura,CABA,Habilitadas,,2026-04-19
00315,BANCO DE FORMOSA S.A.,publico,informacion_estructura,FORMOSA,Habilitadas,,2026-04-19
00315,BANCO DE FORMOSA S.A.,publico,informacion_estructura,CABA,Pendientes de habilitación,,2026-04-19
00315,BANCO DE FORMOSA S.A.,publico,informacion_estructura,FORMOSA,Pendientes de habilitación,,2026-04-19
00315,BANCO DE FORMOSA S.A.,publico,informacion_estructura,CABA,Total,1.0,2026-04-19
00315,BANCO DE FORMOSA S.A.,publico,informacion_estructura,FORMOSA,Total,19.0,2026-04-19
00007,BANCO DE GALICIA Y BUENOS AIRES S.A,privado_nacional,informacion_estructura,Cantidad de cuentas corrientes,Dic-2023,456064.0,2026-04-19
00007,BANCO DE GALICIA Y BUENOS AIRES S.A,privado_nacional,informacion_estructura,Cantidad de cuentas de ahorro,Dic-2023,6423086.0,2026-04-19
00007,BANCO DE GALICIA Y BUENOS AIRES S.A,privado_nacional,informacion_estructura,Cantidad de cajas de ahorro de ayuda social,Dic-2023,409692.0,2026-04-19
00007,BANCO DE GALICIA Y BUENOS AIRES S.A,privado_nacional,informacion_estructura,Cantidad de cuentas previsionales,Dic-2023,621674.0,2026-04-19
00007,BANCO DE GALICIA Y BUENOS AIRES S.A,privado_nacional,informacion_estructura,Cantidad de operaciones a plazo fijo Individuos,Dic-2023,635210.0,2026-04-19
00007,BANCO DE GALICIA Y BUENOS AIRES S.A,privado_nacional,informacion_estructura,Cantidad de operaciones a plazo fijo Empresas,Dic-2023,11551.0,2026-04-19
00007,BANCO DE GALICIA Y BUENOS AIRES S.A,privado_nacional,informacion_estructura,Cantidad de operaciones por préstamos hipotecarios,Dic-2023,4906.0,2026-04-19
00007,BANCO DE GALICIA Y BUENOS AIRES S.A,privado_nacional,informacion_estructura,Cantidad de operaciones por préstamos prendarios,Dic-2023,3284.0,2026-04-19
00007,BANCO DE GALICIA Y BUENOS AIRES S.A,privado_nacional,informacion_estructura,Cantidad de operaciones por otros préstamos,Dic-2023,4174488.0,2026-04-19
00007,BANCO DE GALICIA Y BUENOS AIRES S.A,privado_nacional,informacion_estructura,Dotación de personal,Dic-2023,5765.0,2026-04-19
00007,BANCO DE GALICIA Y BUENOS AIRES S.A,privado_nacional,informacion_estructura,Cantidad de titulares por tarjetas de crédito,Dic-2023,2931929.0,2026-04-19
00007,BANCO DE GALICIA Y BUENOS AIRES S.A,privado_nacional,informacion_estructura,Cantidad de tarjetas de crédito (plásticos),Dic-2023,4223804.0,2026-04-19
00007,BANCO DE GALICIA Y BUENOS AIRES S.A,privado_nacional,informacion_estructura,Cantidad de tarjetas de débito,Dic-2023,5803983.0,2026-04-19
00007,BANCO DE GALICIA Y BUENOS AIRES S.A,privado_nacional,informacion_estructura,Cantidad de cuentas corrientes,Dic-2024,453309.0,2026-04-19
00007,BANCO DE GALICIA Y BUENOS AIRES S.A,privado_nacional,informacion_estructura,Cantidad de cuentas de ahorro,Dic-2024,7267812.0,2026-04-19
00007,BANCO DE GALICIA Y BUENOS AIRES S.A,privado_nacional,informacion_estructura,Cantidad de cajas de ahorro de ayuda social,Dic-2024,429274.0,2026-04-19
00007,BANCO DE GALICIA Y BUENOS AIRES S.A,privado_nacional,informacion_estructura,Cantidad de cuentas previsionales,Dic-2024,624203.0,2026-04-19
00007,BANCO DE GALICIA Y BUENOS AIRES S.A,privado_nacional,informacion_estructura,Cantidad de operaciones a plazo fijo Individuos,Dic-2024,460953.0,2026-04-19
00007,BANCO DE GALICIA Y BUENOS AIRES S.A,privado_nacional,informacion_estructura,Cantidad de operaciones a plazo fijo Empresas,Dic-2024,8771.0,2026-04-19
00007,BANCO DE GALICIA Y BUENOS AIRES S.A,privado_nacional,informacion_estructura,Cantidad de operaciones por préstamos hipotecarios,Dic-2024,6956.0,2026-04-19
00007,BANCO DE GALICIA Y BUENOS AIRES S.A,privado_nacional,informacion_estructura,Cantidad de operaciones por préstamos prendarios,Dic-2024,3427.0,2026-04-19
00007,BANCO DE GALICIA Y BUENOS AIRES S.A,privado_nacional,informacion_estructura,Cantidad de operaciones por otros préstamos,Dic-2024,4742267.0,2026-04-19
00007,BANCO DE GALICIA Y BUENOS AIRES S.A,privado_nacional,informacion_estructura,Dotación de personal,Dic-2024,5675.0,2026-04-19
00007,BANCO DE GALICIA Y BUENOS AIRES S.A,privado_nacional,informacion_estructura,Cantidad de titulares por tarjetas de crédito,Dic-2024,3069192.0,2026-04-19
00007,BANCO DE GALICIA Y BUENOS AIRES S.A,privado_nacional,informacion_estructura,Cantidad de tarjetas de crédito (plásticos),Dic-2024,4380291.0,2026-04-19
00007,BANCO DE GALICIA Y BUENOS AIRES S.A,privado_nacional,informacion_estructura,Cantidad de tarjetas de débito,Dic-2024,6240600.0,2026-04-19
00007,BANCO DE GALICIA Y BUENOS AIRES S.A,privado_nacional,informacion_estructura,Cantidad de cuentas corrientes,Jun-2025,702074.0,2026-04-19
00007,BANCO DE GALICIA Y BUENOS AIRES S.A,privado_nacional,informacion_estructura,Cantidad de cuentas de ahorro,Jun-2025,9310065.0,2026-04-19
00007,BANCO DE GALICIA Y BUENOS AIRES S.A,privado_nacional,informacion_estructura,Cantidad de cajas de ahorro de ayuda social,Jun-2025,408398.0,2026-04-19
00007,BANCO DE GALICIA Y BUENOS AIRES S.A,privado_nacional,informacion_estructura,Cantidad de cuentas previsionales,Jun-2025,624359.0,2026-04-19
00007,BANCO DE GALICIA Y BUENOS AIRES S.A,privado_nacional,informacion_estructura,Cantidad de operaciones a plazo fijo Individuos,Jun-2025,564639.0,2026-04-19
00007,BANCO DE GALICIA Y BUENOS AIRES S.A,privado_nacional,informacion_estructura,Cantidad de operaciones a plazo fijo Empresas,Jun-2025,13816.0,2026-04-19
00007,BANCO DE GALICIA Y BUENOS AIRES S.A,privado_nacional,informacion_estructura,Cantidad de operaciones por préstamos hipotecarios,Jun-2025,11321.0,2026-04-19
00007,BANCO DE GALICIA Y BUENOS AIRES S.A,privado_nacional,informacion_estructura,Cantidad de operaciones por préstamos prendarios,Jun-2025,26199.0,2026-04-19
00007,BANCO DE GALICIA Y BUENOS AIRES S.A,privado_nacional,informacion_estructura,Cantidad de operaciones por otros préstamos,Jun-2025,6072043.0,2026-04-19
00007,BANCO DE GALICIA Y BUENOS AIRES S.A,privado_nacional,informacion_estructura,Dotación de personal,Jun-2025,7740.0,2026-04-19
00007,BANCO DE GALICIA Y BUENOS AIRES S.A,privado_nacional,informacion_estructura,Cantidad de titulares por tarjetas de crédito,Jun-2025,3889770.0,2026-04-19
00007,BANCO DE GALICIA Y BUENOS AIRES S.A,privado_nacional,informacion_estructura,Cantidad de tarjetas de crédito (plásticos),Jun-2025,5528883.0,2026-04-19
00007,BANCO DE GALICIA Y BUENOS AIRES S.A,privado_nacional,informacion_estructura,Cantidad de tarjetas de débito,Jun-2025,8003531.0,2026-04-19
00007,BANCO DE GALICIA Y BUENOS AIRES S.A,privado_nacional,informacion_estructura,Cantidad de cuentas corrientes,Set-2025,692784.0,2026-04-19
00007,BANCO DE GALICIA Y BUENOS AIRES S.A,privado_nacional,informacion_estructura,Cantidad de cuentas de ahorro,Set-2025,9659430.0,2026-04-19
00007,BANCO DE GALICIA Y BUENOS AIRES S.A,privado_nacional,informacion_estructura,Cantidad de cajas de ahorro de ayuda social,Set-2025,386848.0,2026-04-19
00007,BANCO DE GALICIA Y BUENOS AIRES S.A,privado_nacional,informacion_estructura,Cantidad de cuentas previsionales,Set-2025,624460.0,2026-04-19
00007,BANCO DE GALICIA Y BUENOS AIRES S.A,privado_nacional,informacion_estructura,Cantidad de operaciones a plazo fijo Individuos,Set-2025,655407.0,2026-04-19
00007,BANCO DE GALICIA Y BUENOS AIRES S.A,privado_nacional,informacion_estructura,Cantidad de operaciones a plazo fijo Empresas,Set-2025,21180.0,2026-04-19
00007,BANCO DE GALICIA Y BUENOS AIRES S.A,privado_nacional,informacion_estructura,Cantidad de operaciones por préstamos hipotecarios,Set-2025,12482.0,2026-04-19
00007,BANCO DE GALICIA Y BUENOS AIRES S.A,privado_nacional,informacion_estructura,Cantidad de operaciones por préstamos prendarios,Set-2025,25177.0,2026-04-19
00007,BANCO DE GALICIA Y BUENOS AIRES S.A,privado_nacional,informacion_estructura,Cantidad de operaciones por otros préstamos,Set-2025,6074954.0,2026-04-19
00007,BANCO DE GALICIA Y BUENOS AIRES S.A,privado_nacional,informacion_estructura,Dotación de personal,Set-2025,6398.0,2026-04-19
00007,BANCO DE GALICIA Y BUENOS AIRES S.A,privado_nacional,informacion_estructura,Cantidad de titulares por tarjetas de crédito,Set-2025,3768247.0,2026-04-19
00007,BANCO DE GALICIA Y BUENOS AIRES S.A,privado_nacional,informacion_estructura,Cantidad de tarjetas de crédito (plásticos),Set-2025,5354252.0,2026-04-19
00007,BANCO DE GALICIA Y BUENOS AIRES S.A,privado_nacional,informacion_estructura,Cantidad de tarjetas de débito,Set-2025,7845662.0,2026-04-19
00007,BANCO DE GALICIA Y BUENOS AIRES S.A,privado_nacional,informacion_estructura,Cantidad de cuentas corrientes,Dic-2025,663924.0,2026-04-19
00007,BANCO DE GALICIA Y BUENOS AIRES S.A,privado_nacional,informacion_estructura,Cantidad de cuentas de ahorro,Dic-2025,10084506.0,2026-04-19
00007,BANCO DE GALICIA Y BUENOS AIRES S.A,privado_nacional,informacion_estructura,Cantidad de cajas de ahorro de ayuda social,Dic-2025,79206.0,2026-04-19
00007,BANCO DE GALICIA Y BUENOS AIRES S.A,privado_nacional,informacion_estructura,Cantidad de cuentas previsionales,Dic-2025,315419.0,2026-04-19
00007,BANCO DE GALICIA Y BUENOS AIRES S.A,privado_nacional,informacion_estructura,Cantidad de operaciones a plazo fijo Individuos,Dic-2025,496239.0,2026-04-19
00007,BANCO DE GALICIA Y BUENOS AIRES S.A,privado_nacional,informacion_estructura,Cantidad de operaciones a plazo fijo Empresas,Dic-2025,14107.0,2026-04-19
00007,BANCO DE GALICIA Y BUENOS AIRES S.A,privado_nacional,informacion_estructura,Cantidad de operaciones por préstamos hipotecarios,Dic-2025,7131.0,2026-04-19
00007,BANCO DE GALICIA Y BUENOS AIRES S.A,privado_nacional,informacion_estructura,Cantidad de operaciones por préstamos prendarios,Dic-2025,22820.0,2026-04-19
00007,BANCO DE GALICIA Y BUENOS AIRES S.A,privado_nacional,informacion_estructura,Cantidad de operaciones por otros préstamos,Dic-2025,5873629.0,2026-04-19
00007,BANCO DE GALICIA Y BUENOS AIRES S.A,privado_nacional,informacion_estructura,Dotación de personal,Dic-2025,6302.0,2026-04-19
00007,BANCO DE GALICIA Y BUENOS AIRES S.A,privado_nacional,informacion_estructura,Cantidad de titulares por tarjetas de crédito,Dic-2025,3511027.0,2026-04-19
00007,BANCO DE GALICIA Y BUENOS AIRES S.A,privado_nacional,informacion_estructura,Cantidad de tarjetas de crédito (plásticos),Dic-2025,5014189.0,2026-04-19
00007,BANCO DE GALICIA Y BUENOS AIRES S.A,privado_nacional,informacion_estructura,Cantidad de tarjetas de débito,Dic-2025,7286249.0,2026-04-19
00007,BANCO DE GALICIA Y BUENOS AIRES S.A,privado_nacional,informacion_estructura,Cantidad de Cuentas,Dic-2023,1272258.0,2026-04-19
00007,BANCO DE GALICIA Y BUENOS AIRES S.A,privado_nacional,informacion_estructura,Cantidad de Empresas,Dic-2023,217395.0,2026-04-19
00007,BANCO DE GALICIA Y BUENOS AIRES S.A,privado_nacional,informacion_estructura,Cantidad de Cuentas,Dic-2024,1350833.0,2026-04-19
00007,BANCO DE GALICIA Y BUENOS AIRES S.A,privado_nacional,informacion_estructura,Cantidad de Empresas,Dic-2024,262226.0,2026-04-19
00007,BANCO DE GALICIA Y BUENOS AIRES S.A,privado_nacional,informacion_estructura,Cantidad de Cuentas,Nov-2025,1611599.0,2026-04-19
00007,BANCO DE GALICIA Y BUENOS AIRES S.A,privado_nacional,informacion_estructura,Cantidad de Empresas,Nov-2025,273434.0,2026-04-19
00007,BANCO DE GALICIA Y BUENOS AIRES S.A,privado_nacional,informacion_estructura,Cantidad de Cuentas,Dic-2025,1621940.0,2026-04-19
00007,BANCO DE GALICIA Y BUENOS AIRES S.A,privado_nacional,informacion_estructura,Cantidad de Empresas,Dic-2025,277240.0,2026-04-19
00007,BANCO DE GALICIA Y BUENOS AIRES S.A,privado_nacional,informacion_estructura,Cantidad de Cuentas,Ene-2026,1608295.0,2026-04-19
00007,BANCO DE GALICIA Y BUENOS AIRES S.A,privado_nacional,informacion_estructura,Cantidad de Empresas,Ene-2026,273161.0,2026-04-19
00007,BANCO DE GALICIA Y BUENOS AIRES S.A,privado_nacional,informacion_estructura,CABA,Habilitadas,103.0,2026-04-19
00007,BANCO DE GALICIA Y BUENOS AIRES S.A,privado_nacional,informacion_estructura,BUENOS AIRES,Habilitadas,122.0,2026-04-19
00007,BANCO DE GALICIA Y BUENOS AIRES S.A,privado_nacional,informacion_estructura,CATAMARCA,Habilitadas,1.0,2026-04-19
00007,BANCO DE GALICIA Y BUENOS AIRES S.A,privado_nacional,informacion_estructura,CÓRDOBA,Habilitadas,20.0,2026-04-19
00007,BANCO DE GALICIA Y BUENOS AIRES S.A,privado_nacional,informacion_estructura,CORRIENTES,Habilitadas,3.0,2026-04-19
00007,BANCO DE GALICIA Y BUENOS AIRES S.A,privado_nacional,informacion_estructura,CHACO,Habilitadas,3.0,2026-04-19
00007,BANCO DE GALICIA Y BUENOS AIRES S.A,privado_nacional,informacion_estructura,CHUBUT,Habilitadas,5.0,2026-04-19
00007,BANCO DE GALICIA Y BUENOS AIRES S.A,privado_nacional,informacion_estructura,ENTRE RÍOS,Habilitadas,4.0,2026-04-19
00007,BANCO DE GALICIA Y BUENOS AIRES S.A,privado_nacional,informacion_estructura,FORMOSA,Habilitadas,1.0,2026-04-19
00007,BANCO DE GALICIA Y BUENOS AIRES S.A,privado_nacional,informacion_estructura,JUJUY,Habilitadas,1.0,2026-04-19
00007,BANCO DE GALICIA Y BUENOS AIRES S.A,privado_nacional,informacion_estructura,LA PAMPA,Habilitadas,2.0,2026-04-19
00007,BANCO DE GALICIA Y BUENOS AIRES S.A,privado_nacional,informacion_estructura,LA RIOJA,Habilitadas,1.0,2026-04-19
00007,BANCO DE GALICIA Y BUENOS AIRES S.A,privado_nacional,informacion_estructura,MENDOZA,Habilitadas,11.0,2026-04-19
00007,BANCO DE GALICIA Y BUENOS AIRES S.A,privado_nacional,informacion_estructura,MISIONES,Habilitadas,3.0,2026-04-19
00007,BANCO DE GALICIA Y BUENOS AIRES S.A,privado_nacional,informacion_estructura,NEUQUÉN,Habilitadas,5.0,2026-04-19
00007,BANCO DE GALICIA Y BUENOS AIRES S.A,privado_nacional,informacion_estructura,RÍO NEGRO,Habilitadas,4.0,2026-04-19
00007,BANCO DE GALICIA Y BUENOS AIRES S.A,privado_nacional,informacion_estructura,SALTA,Habilitadas,3.0,2026-04-19
00007,BANCO DE GALICIA Y BUENOS AIRES S.A,privado_nacional,informacion_estructura,SAN JUAN,Habilitadas,2.0,2026-04-19
00007,BANCO DE GALICIA Y BUENOS AIRES S.A,privado_nacional,informacion_estructura,SAN LUIS,Habilitadas,2.0,2026-04-19
00007,BANCO DE GALICIA Y BUENOS AIRES S.A,privado_nacional,informacion_estructura,SANTA CRUZ,Habilitadas,2.0,2026-04-19
00007,BANCO DE GALICIA Y BUENOS AIRES S.A,privado_nacional,informacion_estructura,SANTA FE,Habilitadas,20.0,2026-04-19
00007,BANCO DE GALICIA Y BUENOS AIRES S.A,privado_nacional,informacion_estructura,SANTIAGO DEL ESTERO,Habilitadas,1.0,2026-04-19
00007,BANCO DE GALICIA Y BUENOS AIRES S.A,privado_nacional,informacion_estructura,TUCUMÁN,Habilitadas,5.0,2026-04-19
00007,BANCO DE GALICIA Y BUENOS AIRES S.A,privado_nacional,informacion_estructura,TIERRA DE FUEGO,Habilitadas,3.0,2026-04-19
00007,BANCO DE GALICIA Y BUENOS AIRES S.A,privado_nacional,informacion_estructura,CABA,Habilitadas,,2026-04-19
00007,BANCO DE GALICIA Y BUENOS AIRES S.A,privado_nacional,informacion_estructura,BUENOS AIRES,Habilitadas,,2026-04-19
00007,BANCO DE GALICIA Y BUENOS AIRES S.A,privado_nacional,informacion_estructura,CATAMARCA,Habilitadas,,2026-04-19
00007,BANCO DE GALICIA Y BUENOS AIRES S.A,privado_nacional,informacion_estructura,CÓRDOBA,Habilitadas,,2026-04-19
00007,BANCO DE GALICIA Y BUENOS AIRES S.A,privado_nacional,informacion_estructura,CORRIENTES,Habilitadas,,2026-04-19
00007,BANCO DE GALICIA Y BUENOS AIRES S.A,privado_nacional,informacion_estructura,CHACO,Habilitadas,,2026-04-19
00007,BANCO DE GALICIA Y BUENOS AIRES S.A,privado_nacional,informacion_estructura,CHUBUT,Habilitadas,,2026-04-19
00007,BANCO DE GALICIA Y BUENOS AIRES S.A,privado_nacional,informacion_estructura,ENTRE RÍOS,Habilitadas,,2026-04-19
00007,BANCO DE GALICIA Y BUENOS AIRES S.A,privado_nacional,informacion_estructura,FORMOSA,Habilitadas,,2026-04-19
00007,BANCO DE GALICIA Y BUENOS AIRES S.A,privado_nacional,informacion_estructura,JUJUY,Habilitadas,,2026-04-19
00007,BANCO DE GALICIA Y BUENOS AIRES S.A,privado_nacional,informacion_estructura,LA PAMPA,Habilitadas,,2026-04-19
00007,BANCO DE GALICIA Y BUENOS AIRES S.A,privado_nacional,informacion_estructura,LA RIOJA,Habilitadas,,2026-04-19
00007,BANCO DE GALICIA Y BUENOS AIRES S.A,privado_nacional,informacion_estructura,MENDOZA,Habilitadas,,2026-04-19
00007,BANCO DE GALICIA Y BUENOS AIRES S.A,privado_nacional,informacion_estructura,MISIONES,Habilitadas,,2026-04-19
00007,BANCO DE GALICIA Y BUENOS AIRES S.A,privado_nacional,informacion_estructura,NEUQUÉN,Habilitadas,,2026-04-19
00007,BANCO DE GALICIA Y BUENOS AIRES S.A,privado_nacional,informacion_estructura,RÍO NEGRO,Habilitadas,,2026-04-19
00007,BANCO DE GALICIA Y BUENOS AIRES S.A,privado_nacional,informacion_estructura,SALTA,Habilitadas,,2026-04-19
00007,BANCO DE GALICIA Y BUENOS AIRES S.A,privado_nacional,informacion_estructura,SAN JUAN,Habilitadas,,2026-04-19
00007,BANCO DE GALICIA Y BUENOS AIRES S.A,privado_nacional,informacion_estructura,SAN LUIS,Habilitadas,,2026-04-19
00007,BANCO DE GALICIA Y BUENOS AIRES S.A,privado_nacional,informacion_estructura,SANTA CRUZ,Habilitadas,,2026-04-19
00007,BANCO DE GALICIA Y BUENOS AIRES S.A,privado_nacional,informacion_estructura,SANTA FE,Habilitadas,,2026-04-19
00007,BANCO DE GALICIA Y BUENOS AIRES S.A,privado_nacional,informacion_estructura,SANTIAGO DEL ESTERO,Habilitadas,,2026-04-19
00007,BANCO DE GALICIA Y BUENOS AIRES S.A,privado_nacional,informacion_estructura,TUCUMÁN,Habilitadas,,2026-04-19
00007,BANCO DE GALICIA Y BUENOS AIRES S.A,privado_nacional,informacion_estructura,TIERRA DE FUEGO,Habilitadas,,2026-04-19
00007,BANCO DE GALICIA Y BUENOS AIRES S.A,privado_nacional,informacion_estructura,CABA,Habilitadas,,2026-04-19
00007,BANCO DE GALICIA Y BUENOS AIRES S.A,privado_nacional,informacion_estructura,BUENOS AIRES,Habilitadas,,2026-04-19
00007,BANCO DE GALICIA Y BUENOS AIRES S.A,privado_nacional,informacion_estructura,CATAMARCA,Habilitadas,,2026-04-19
00007,BANCO DE GALICIA Y BUENOS AIRES S.A,privado_nacional,informacion_estructura,CÓRDOBA,Habilitadas,,2026-04-19
00007,BANCO DE GALICIA Y BUENOS AIRES S.A,privado_nacional,informacion_estructura,CORRIENTES,Habilitadas,,2026-04-19
00007,BANCO DE GALICIA Y BUENOS AIRES S.A,privado_nacional,informacion_estructura,CHACO,Habilitadas,,2026-04-19
00007,BANCO DE GALICIA Y BUENOS AIRES S.A,privado_nacional,informacion_estructura,CHUBUT,Habilitadas,,2026-04-19
00007,BANCO DE GALICIA Y BUENOS AIRES S.A,privado_nacional,informacion_estructura,ENTRE RÍOS,Habilitadas,,2026-04-19
00007,BANCO DE GALICIA Y BUENOS AIRES S.A,privado_nacional,informacion_estructura,FORMOSA,Habilitadas,,2026-04-19
00007,BANCO DE GALICIA Y BUENOS AIRES S.A,privado_nacional,informacion_estructura,JUJUY,Habilitadas,,2026-04-19
00007,BANCO DE GALICIA Y BUENOS AIRES S.A,privado_nacional,informacion_estructura,LA PAMPA,Habilitadas,,2026-04-19
00007,BANCO DE GALICIA Y BUENOS AIRES S.A,privado_nacional,informacion_estructura,LA RIOJA,Habilitadas,,2026-04-19
00007,BANCO DE GALICIA Y BUENOS AIRES S.A,privado_nacional,informacion_estructura,MENDOZA,Habilitadas,,2026-04-19
00007,BANCO DE GALICIA Y BUENOS AIRES S.A,privado_nacional,informacion_estructura,MISIONES,Habilitadas,,2026-04-19
00007,BANCO DE GALICIA Y BUENOS AIRES S.A,privado_nacional,informacion_estructura,NEUQUÉN,Habilitadas,,2026-04-19
00007,BANCO DE GALICIA Y BUENOS AIRES S.A,privado_nacional,informacion_estructura,RÍO NEGRO,Habilitadas,,2026-04-19
00007,BANCO DE GALICIA Y BUENOS AIRES S.A,privado_nacional,informacion_estructura,SALTA,Habilitadas,,2026-04-19
00007,BANCO DE GALICIA Y BUENOS AIRES S.A,privado_nacional,informacion_estructura,SAN JUAN,Habilitadas,,2026-04-19
00007,BANCO DE GALICIA Y BUENOS AIRES S.A,privado_nacional,informacion_estructura,SAN LUIS,Habilitadas,,2026-04-19
00007,BANCO DE GALICIA Y BUENOS AIRES S.A,privado_nacional,informacion_estructura,SANTA CRUZ,Habilitadas,,2026-04-19
00007,BANCO DE GALICIA Y BUENOS AIRES S.A,privado_nacional,informacion_estructura,SANTA FE,Habilitadas,,2026-04-19
00007,BANCO DE GALICIA Y BUENOS AIRES S.A,privado_nacional,informacion_estructura,SANTIAGO DEL ESTERO,Habilitadas,,2026-04-19
00007,BANCO DE GALICIA Y BUENOS AIRES S.A,privado_nacional,informacion_estructura,TUCUMÁN,Habilitadas,,2026-04-19
00007,BANCO DE GALICIA Y BUENOS AIRES S.A,privado_nacional,informacion_estructura,TIERRA DE FUEGO,Habilitadas,,2026-04-19
00007,BANCO DE GALICIA Y BUENOS AIRES S.A,privado_nacional,informacion_estructura,CABA,Habilitadas,292.0,2026-04-19
00007,BANCO DE GALICIA Y BUENOS AIRES S.A,privado_nacional,informacion_estructura,BUENOS AIRES,Habilitadas,432.0,2026-04-19
00007,BANCO DE GALICIA Y BUENOS AIRES S.A,privado_nacional,informacion_estructura,CATAMARCA,Habilitadas,4.0,2026-04-19
00007,BANCO DE GALICIA Y BUENOS AIRES S.A,privado_nacional,informacion_estructura,CÓRDOBA,Habilitadas,69.0,2026-04-19
00007,BANCO DE GALICIA Y BUENOS AIRES S.A,privado_nacional,informacion_estructura,CORRIENTES,Habilitadas,12.0,2026-04-19
00007,BANCO DE GALICIA Y BUENOS AIRES S.A,privado_nacional,informacion_estructura,CHACO,Habilitadas,9.0,2026-04-19
00007,BANCO DE GALICIA Y BUENOS AIRES S.A,privado_nacional,informacion_estructura,CHUBUT,Habilitadas,15.0,2026-04-19
00007,BANCO DE GALICIA Y BUENOS AIRES S.A,privado_nacional,informacion_estructura,ENTRE RÍOS,Habilitadas,13.0,2026-04-19
00007,BANCO DE GALICIA Y BUENOS AIRES S.A,privado_nacional,informacion_estructura,FORMOSA,Habilitadas,3.0,2026-04-19
00007,BANCO DE GALICIA Y BUENOS AIRES S.A,privado_nacional,informacion_estructura,JUJUY,Habilitadas,5.0,2026-04-19
00007,BANCO DE GALICIA Y BUENOS AIRES S.A,privado_nacional,informacion_estructura,LA PAMPA,Habilitadas,4.0,2026-04-19
00007,BANCO DE GALICIA Y BUENOS AIRES S.A,privado_nacional,informacion_estructura,LA RIOJA,Habilitadas,3.0,2026-04-19
00007,BANCO DE GALICIA Y BUENOS AIRES S.A,privado_nacional,informacion_estructura,MENDOZA,Habilitadas,29.0,2026-04-19
00007,BANCO DE GALICIA Y BUENOS AIRES S.A,privado_nacional,informacion_estructura,MISIONES,Habilitadas,7.0,2026-04-19
00007,BANCO DE GALICIA Y BUENOS AIRES S.A,privado_nacional,informacion_estructura,NEUQUÉN,Habilitadas,16.0,2026-04-19
00007,BANCO DE GALICIA Y BUENOS AIRES S.A,privado_nacional,informacion_estructura,RÍO NEGRO,Habilitadas,14.0,2026-04-19
00007,BANCO DE GALICIA Y BUENOS AIRES S.A,privado_nacional,informacion_estructura,SALTA,Habilitadas,12.0,2026-04-19
00007,BANCO DE GALICIA Y BUENOS AIRES S.A,privado_nacional,informacion_estructura,SAN JUAN,Habilitadas,5.0,2026-04-19
00007,BANCO DE GALICIA Y BUENOS AIRES S.A,privado_nacional,informacion_estructura,SAN LUIS,Habilitadas,5.0,2026-04-19
00007,BANCO DE GALICIA Y BUENOS AIRES S.A,privado_nacional,informacion_estructura,SANTA CRUZ,Habilitadas,6.0,2026-04-19
00007,BANCO DE GALICIA Y BUENOS AIRES S.A,privado_nacional,informacion_estructura,SANTA FE,Habilitadas,54.0,2026-04-19
00007,BANCO DE GALICIA Y BUENOS AIRES S.A,privado_nacional,informacion_estructura,SANTIAGO DEL ESTERO,Habilitadas,3.0,2026-04-19
00007,BANCO DE GALICIA Y BUENOS AIRES S.A,privado_nacional,informacion_estructura,TUCUMÁN,Habilitadas,26.0,2026-04-19
00007,BANCO DE GALICIA Y BUENOS AIRES S.A,privado_nacional,informacion_estructura,TIERRA DE FUEGO,Habilitadas,11.0,2026-04-19
00007,BANCO DE GALICIA Y BUENOS AIRES S.A,privado_nacional,informacion_estructura,CABA,Habilitadas,281.0,2026-04-19
00007,BANCO DE GALICIA Y BUENOS AIRES S.A,privado_nacional,informacion_estructura,BUENOS AIRES,Habilitadas,326.0,2026-04-19
00007,BANCO DE GALICIA Y BUENOS AIRES S.A,privado_nacional,informacion_estructura,CATAMARCA,Habilitadas,4.0,2026-04-19
00007,BANCO DE GALICIA Y BUENOS AIRES S.A,privado_nacional,informacion_estructura,CÓRDOBA,Habilitadas,60.0,2026-04-19
00007,BANCO DE GALICIA Y BUENOS AIRES S.A,privado_nacional,informacion_estructura,CORRIENTES,Habilitadas,10.0,2026-04-19
00007,BANCO DE GALICIA Y BUENOS AIRES S.A,privado_nacional,informacion_estructura,CHACO,Habilitadas,10.0,2026-04-19
00007,BANCO DE GALICIA Y BUENOS AIRES S.A,privado_nacional,informacion_estructura,CHUBUT,Habilitadas,13.0,2026-04-19
00007,BANCO DE GALICIA Y BUENOS AIRES S.A,privado_nacional,informacion_estructura,ENTRE RÍOS,Habilitadas,13.0,2026-04-19
00007,BANCO DE GALICIA Y BUENOS AIRES S.A,privado_nacional,informacion_estructura,FORMOSA,Habilitadas,4.0,2026-04-19
00007,BANCO DE GALICIA Y BUENOS AIRES S.A,privado_nacional,informacion_estructura,JUJUY,Habilitadas,,2026-04-19
00007,BANCO DE GALICIA Y BUENOS AIRES S.A,privado_nacional,informacion_estructura,LA PAMPA,Habilitadas,3.0,2026-04-19
00007,BANCO DE GALICIA Y BUENOS AIRES S.A,privado_nacional,informacion_estructura,LA RIOJA,Habilitadas,4.0,2026-04-19
00007,BANCO DE GALICIA Y BUENOS AIRES S.A,privado_nacional,informacion_estructura,MENDOZA,Habilitadas,26.0,2026-04-19
00007,BANCO DE GALICIA Y BUENOS AIRES S.A,privado_nacional,informacion_estructura,MISIONES,Habilitadas,10.0,2026-04-19
00007,BANCO DE GALICIA Y BUENOS AIRES S.A,privado_nacional,informacion_estructura,NEUQUÉN,Habilitadas,12.0,2026-04-19
00007,BANCO DE GALICIA Y BUENOS AIRES S.A,privado_nacional,informacion_estructura,RÍO NEGRO,Habilitadas,11.0,2026-04-19
00007,BANCO DE GALICIA Y BUENOS AIRES S.A,privado_nacional,informacion_estructura,SALTA,Habilitadas,13.0,2026-04-19
00007,BANCO DE GALICIA Y BUENOS AIRES S.A,privado_nacional,informacion_estructura,SAN JUAN,Habilitadas,8.0,2026-04-19
00007,BANCO DE GALICIA Y BUENOS AIRES S.A,privado_nacional,informacion_estructura,SAN LUIS,Habilitadas,4.0,2026-04-19
00007,BANCO DE GALICIA Y BUENOS AIRES S.A,privado_nacional,informacion_estructura,SANTA CRUZ,Habilitadas,6.0,2026-04-19
00007,BANCO DE GALICIA Y BUENOS AIRES S.A,privado_nacional,informacion_estructura,SANTA FE,Habilitadas,53.0,2026-04-19
00007,BANCO DE GALICIA Y BUENOS AIRES S.A,privado_nacional,informacion_estructura,SANTIAGO DEL ESTERO,Habilitadas,7.0,2026-04-19
00007,BANCO DE GALICIA Y BUENOS AIRES S.A,privado_nacional,informacion_estructura,TUCUMÁN,Habilitadas,12.0,2026-04-19
00007,BANCO DE GALICIA Y BUENOS AIRES S.A,privado_nacional,informacion_estructura,TIERRA DE FUEGO,Habilitadas,11.0,2026-04-19
00007,BANCO DE GALICIA Y BUENOS AIRES S.A,privado_nacional,informacion_estructura,CABA,Habilitadas,1.0,2026-04-19
00007,BANCO DE GALICIA Y BUENOS AIRES S.A,privado_nacional,informacion_estructura,BUENOS AIRES,Habilitadas,,2026-04-19
00007,BANCO DE GALICIA Y BUENOS AIRES S.A,privado_nacional,informacion_estructura,CATAMARCA,Habilitadas,,2026-04-19
00007,BANCO DE GALICIA Y BUENOS AIRES S.A,privado_nacional,informacion_estructura,CÓRDOBA,Habilitadas,,2026-04-19
00007,BANCO DE GALICIA Y BUENOS AIRES S.A,privado_nacional,informacion_estructura,CORRIENTES,Habilitadas,,2026-04-19
00007,BANCO DE GALICIA Y BUENOS AIRES S.A,privado_nacional,informacion_estructura,CHACO,Habilitadas,,2026-04-19
00007,BANCO DE GALICIA Y BUENOS AIRES S.A,privado_nacional,informacion_estructura,CHUBUT,Habilitadas,,2026-04-19
00007,BANCO DE GALICIA Y BUENOS AIRES S.A,privado_nacional,informacion_estructura,ENTRE RÍOS,Habilitadas,,2026-04-19
00007,BANCO DE GALICIA Y BUENOS AIRES S.A,privado_nacional,informacion_estructura,FORMOSA,Habilitadas,,2026-04-19
00007,BANCO DE GALICIA Y BUENOS AIRES S.A,privado_nacional,informacion_estructura,JUJUY,Habilitadas,,2026-04-19
00007,BANCO DE GALICIA Y BUENOS AIRES S.A,privado_nacional,informacion_estructura,LA PAMPA,Habilitadas,,2026-04-19
00007,BANCO DE GALICIA Y BUENOS AIRES S.A,privado_nacional,informacion_estructura,LA RIOJA,Habilitadas,,2026-04-19
00007,BANCO DE GALICIA Y BUENOS AIRES S.A,privado_nacional,informacion_estructura,MENDOZA,Habilitadas,,2026-04-19
00007,BANCO DE GALICIA Y BUENOS AIRES S.A,privado_nacional,informacion_estructura,MISIONES,Habilitadas,,2026-04-19
00007,BANCO DE GALICIA Y BUENOS AIRES S.A,privado_nacional,informacion_estructura,NEUQUÉN,Habilitadas,,2026-04-19
00007,BANCO DE GALICIA Y BUENOS AIRES S.A,privado_nacional,informacion_estructura,RÍO NEGRO,Habilitadas,,2026-04-19
00007,BANCO DE GALICIA Y BUENOS AIRES S.A,privado_nacional,informacion_estructura,SALTA,Habilitadas,,2026-04-19
00007,BANCO DE GALICIA Y BUENOS AIRES S.A,privado_nacional,informacion_estructura,SAN JUAN,Habilitadas,,2026-04-19
00007,BANCO DE GALICIA Y BUENOS AIRES S.A,privado_nacional,informacion_estructura,SAN LUIS,Habilitadas,,2026-04-19
00007,BANCO DE GALICIA Y BUENOS AIRES S.A,privado_nacional,informacion_estructura,SANTA CRUZ,Habilitadas,,2026-04-19
00007,BANCO DE GALICIA Y BUENOS AIRES S.A,privado_nacional,informacion_estructura,SANTA FE,Habilitadas,1.0,2026-04-19
00007,BANCO DE GALICIA Y BUENOS AIRES S.A,privado_nacional,informacion_estructura,SANTIAGO DEL ESTERO,Habilitadas,,2026-04-19
00007,BANCO DE GALICIA Y BUENOS AIRES S.A,privado_nacional,informacion_estructura,TUCUMÁN,Habilitadas,,2026-04-19
00007,BANCO DE GALICIA Y BUENOS AIRES S.A,privado_nacional,informacion_estructura,TIERRA DE FUEGO,Habilitadas,,2026-04-19
00007,BANCO DE GALICIA Y BUENOS AIRES S.A,privado_nacional,informacion_estructura,CABA,Habilitadas,3.0,2026-04-19
00007,BANCO DE GALICIA Y BUENOS AIRES S.A,privado_nacional,informacion_estructura,BUENOS AIRES,Habilitadas,6.0,2026-04-19
00007,BANCO DE GALICIA Y BUENOS AIRES S.A,privado_nacional,informacion_estructura,CATAMARCA,Habilitadas,,2026-04-19
00007,BANCO DE GALICIA Y BUENOS AIRES S.A,privado_nacional,informacion_estructura,CÓRDOBA,Habilitadas,3.0,2026-04-19
00007,BANCO DE GALICIA Y BUENOS AIRES S.A,privado_nacional,informacion_estructura,CORRIENTES,Habilitadas,,2026-04-19
00007,BANCO DE GALICIA Y BUENOS AIRES S.A,privado_nacional,informacion_estructura,CHACO,Habilitadas,,2026-04-19
00007,BANCO DE GALICIA Y BUENOS AIRES S.A,privado_nacional,informacion_estructura,CHUBUT,Habilitadas,,2026-04-19
00007,BANCO DE GALICIA Y BUENOS AIRES S.A,privado_nacional,informacion_estructura,ENTRE RÍOS,Habilitadas,1.0,2026-04-19
00007,BANCO DE GALICIA Y BUENOS AIRES S.A,privado_nacional,informacion_estructura,FORMOSA,Habilitadas,,2026-04-19
00007,BANCO DE GALICIA Y BUENOS AIRES S.A,privado_nacional,informacion_estructura,JUJUY,Habilitadas,,2026-04-19
00007,BANCO DE GALICIA Y BUENOS AIRES S.A,privado_nacional,informacion_estructura,LA PAMPA,Habilitadas,,2026-04-19
00007,BANCO DE GALICIA Y BUENOS AIRES S.A,privado_nacional,informacion_estructura,LA RIOJA,Habilitadas,,2026-04-19
00007,BANCO DE GALICIA Y BUENOS AIRES S.A,privado_nacional,informacion_estructura,MENDOZA,Habilitadas,4.0,2026-04-19
00007,BANCO DE GALICIA Y BUENOS AIRES S.A,privado_nacional,informacion_estructura,MISIONES,Habilitadas,,2026-04-19
00007,BANCO DE GALICIA Y BUENOS AIRES S.A,privado_nacional,informacion_estructura,NEUQUÉN,Habilitadas,,2026-04-19
00007,BANCO DE GALICIA Y BUENOS AIRES S.A,privado_nacional,informacion_estructura,RÍO NEGRO,Habilitadas,,2026-04-19
00007,BANCO DE GALICIA Y BUENOS AIRES S.A,privado_nacional,informacion_estructura,SALTA,Habilitadas,,2026-04-19
00007,BANCO DE GALICIA Y BUENOS AIRES S.A,privado_nacional,informacion_estructura,SAN JUAN,Habilitadas,,2026-04-19
00007,BANCO DE GALICIA Y BUENOS AIRES S.A,privado_nacional,informacion_estructura,SAN LUIS,Habilitadas,,2026-04-19
00007,BANCO DE GALICIA Y BUENOS AIRES S.A,privado_nacional,informacion_estructura,SANTA CRUZ,Habilitadas,,2026-04-19
00007,BANCO DE GALICIA Y BUENOS AIRES S.A,privado_nacional,informacion_estructura,SANTA FE,Habilitadas,2.0,2026-04-19
00007,BANCO DE GALICIA Y BUENOS AIRES S.A,privado_nacional,informacion_estructura,SANTIAGO DEL ESTERO,Habilitadas,,2026-04-19
00007,BANCO DE GALICIA Y BUENOS AIRES S.A,privado_nacional,informacion_estructura,TUCUMÁN,Habilitadas,2.0,2026-04-19
00007,BANCO DE GALICIA Y BUENOS AIRES S.A,privado_nacional,informacion_estructura,TIERRA DE FUEGO,Habilitadas,,2026-04-19
00007,BANCO DE GALICIA Y BUENOS AIRES S.A,privado_nacional,informacion_estructura,CABA,Pendientes de habilitación,4.0,2026-04-19
00007,BANCO DE GALICIA Y BUENOS AIRES S.A,privado_nacional,informacion_estructura,BUENOS AIRES,Pendientes de habilitación,2.0,2026-04-19
00007,BANCO DE GALICIA Y BUENOS AIRES S.A,privado_nacional,informacion_estructura,CATAMARCA,Pendientes de habilitación,,2026-04-19
00007,BANCO DE GALICIA Y BUENOS AIRES S.A,privado_nacional,informacion_estructura,CÓRDOBA,Pendientes de habilitación,1.0,2026-04-19
00007,BANCO DE GALICIA Y BUENOS AIRES S.A,privado_nacional,informacion_estructura,CORRIENTES,Pendientes de habilitación,,2026-04-19
00007,BANCO DE GALICIA Y BUENOS AIRES S.A,privado_nacional,informacion_estructura,CHACO,Pendientes de habilitación,,2026-04-19
00007,BANCO DE GALICIA Y BUENOS AIRES S.A,privado_nacional,informacion_estructura,CHUBUT,Pendientes de habilitación,,2026-04-19
00007,BANCO DE GALICIA Y BUENOS AIRES S.A,privado_nacional,informacion_estructura,ENTRE RÍOS,Pendientes de habilitación,,2026-04-19
00007,BANCO DE GALICIA Y BUENOS AIRES S.A,privado_nacional,informacion_estructura,FORMOSA,Pendientes de habilitación,,2026-04-19
00007,BANCO DE GALICIA Y BUENOS AIRES S.A,privado_nacional,informacion_estructura,JUJUY,Pendientes de habilitación,,2026-04-19
00007,BANCO DE GALICIA Y BUENOS AIRES S.A,privado_nacional,informacion_estructura,LA PAMPA,Pendientes de habilitación,,2026-04-19
00007,BANCO DE GALICIA Y BUENOS AIRES S.A,privado_nacional,informacion_estructura,LA RIOJA,Pendientes de habilitación,,2026-04-19
00007,BANCO DE GALICIA Y BUENOS AIRES S.A,privado_nacional,informacion_estructura,MENDOZA,Pendientes de habilitación,1.0,2026-04-19
00007,BANCO DE GALICIA Y BUENOS AIRES S.A,privado_nacional,informacion_estructura,MISIONES,Pendientes de habilitación,,2026-04-19
00007,BANCO DE GALICIA Y BUENOS AIRES S.A,privado_nacional,informacion_estructura,NEUQUÉN,Pendientes de habilitación,,2026-04-19
00007,BANCO DE GALICIA Y BUENOS AIRES S.A,privado_nacional,informacion_estructura,RÍO NEGRO,Pendientes de habilitación,,2026-04-19
00007,BANCO DE GALICIA Y BUENOS AIRES S.A,privado_nacional,informacion_estructura,SALTA,Pendientes de habilitación,,2026-04-19
00007,BANCO DE GALICIA Y BUENOS AIRES S.A,privado_nacional,informacion_estructura,SAN JUAN,Pendientes de habilitación,,2026-04-19
00007,BANCO DE GALICIA Y BUENOS AIRES S.A,privado_nacional,informacion_estructura,SAN LUIS,Pendientes de habilitación,,2026-04-19
00007,BANCO DE GALICIA Y BUENOS AIRES S.A,privado_nacional,informacion_estructura,SANTA CRUZ,Pendientes de habilitación,,2026-04-19
00007,BANCO DE GALICIA Y BUENOS AIRES S.A,privado_nacional,informacion_estructura,SANTA FE,Pendientes de habilitación,1.0,2026-04-19
00007,BANCO DE GALICIA Y BUENOS AIRES S.A,privado_nacional,informacion_estructura,SANTIAGO DEL ESTERO,Pendientes de habilitación,,2026-04-19
00007,BANCO DE GALICIA Y BUENOS AIRES S.A,privado_nacional,informacion_estructura,TUCUMÁN,Pendientes de habilitación,,2026-04-19
00007,BANCO DE GALICIA Y BUENOS AIRES S.A,privado_nacional,informacion_estructura,TIERRA DE FUEGO,Pendientes de habilitación,,2026-04-19
00007,BANCO DE GALICIA Y BUENOS AIRES S.A,privado_nacional,informacion_estructura,CABA,Total,107.0,2026-04-19
00007,BANCO DE GALICIA Y BUENOS AIRES S.A,privado_nacional,informacion_estructura,BUENOS AIRES,Total,124.0,2026-04-19
00007,BANCO DE GALICIA Y BUENOS AIRES S.A,privado_nacional,informacion_estructura,CATAMARCA,Total,1.0,2026-04-19
00007,BANCO DE GALICIA Y BUENOS AIRES S.A,privado_nacional,informacion_estructura,CÓRDOBA,Total,21.0,2026-04-19
00007,BANCO DE GALICIA Y BUENOS AIRES S.A,privado_nacional,informacion_estructura,CORRIENTES,Total,3.0,2026-04-19
00007,BANCO DE GALICIA Y BUENOS AIRES S.A,privado_nacional,informacion_estructura,CHACO,Total,3.0,2026-04-19
00007,BANCO DE GALICIA Y BUENOS AIRES S.A,privado_nacional,informacion_estructura,CHUBUT,Total,5.0,2026-04-19
00007,BANCO DE GALICIA Y BUENOS AIRES S.A,privado_nacional,informacion_estructura,ENTRE RÍOS,Total,4.0,2026-04-19
00007,BANCO DE GALICIA Y BUENOS AIRES S.A,privado_nacional,informacion_estructura,FORMOSA,Total,1.0,2026-04-19
00007,BANCO DE GALICIA Y BUENOS AIRES S.A,privado_nacional,informacion_estructura,JUJUY,Total,1.0,2026-04-19
00007,BANCO DE GALICIA Y BUENOS AIRES S.A,privado_nacional,informacion_estructura,LA PAMPA,Total,2.0,2026-04-19
00007,BANCO DE GALICIA Y BUENOS AIRES S.A,privado_nacional,informacion_estructura,LA RIOJA,Total,1.0,2026-04-19
00007,BANCO DE GALICIA Y BUENOS AIRES S.A,privado_nacional,informacion_estructura,MENDOZA,Total,12.0,2026-04-19
00007,BANCO DE GALICIA Y BUENOS AIRES S.A,privado_nacional,informacion_estructura,MISIONES,Total,3.0,2026-04-19
00007,BANCO DE GALICIA Y BUENOS AIRES S.A,privado_nacional,informacion_estructura,NEUQUÉN,Total,5.0,2026-04-19
00007,BANCO DE GALICIA Y BUENOS AIRES S.A,privado_nacional,informacion_estructura,RÍO NEGRO,Total,4.0,2026-04-19
00007,BANCO DE GALICIA Y BUENOS AIRES S.A,privado_nacional,informacion_estructura,SALTA,Total,3.0,2026-04-19
00007,BANCO DE GALICIA Y BUENOS AIRES S.A,privado_nacional,informacion_estructura,SAN JUAN,Total,2.0,2026-04-19
00007,BANCO DE GALICIA Y BUENOS AIRES S.A,privado_nacional,informacion_estructura,SAN LUIS,Total,2.0,2026-04-19
00007,BANCO DE GALICIA Y BUENOS AIRES S.A,privado_nacional,informacion_estructura,SANTA CRUZ,Total,2.0,2026-04-19
00007,BANCO DE GALICIA Y BUENOS AIRES S.A,privado_nacional,informacion_estructura,SANTA FE,Total,21.0,2026-04-19
00007,BANCO DE GALICIA Y BUENOS AIRES S.A,privado_nacional,informacion_estructura,SANTIAGO DEL ESTERO,Total,1.0,2026-04-19
00007,BANCO DE GALICIA Y BUENOS AIRES S.A,privado_nacional,informacion_estructura,TUCUMÁN,Total,5.0,2026-04-19
00007,BANCO DE GALICIA Y BUENOS AIRES S.A,privado_nacional,informacion_estructura,TIERRA DE FUEGO,Total,3.0,2026-04-19
00300,BANCO DE INVERSION Y COMERCIO EXTER,publico,informacion_estructura,Cantidad de operaciones a plazo fijo Empresas,Dic-2023,42.0,2026-04-19
00300,BANCO DE INVERSION Y COMERCIO EXTER,publico,informacion_estructura,Cantidad de operaciones por préstamos hipotecarios,Dic-2023,3396.0,2026-04-19
00300,BANCO DE INVERSION Y COMERCIO EXTER,publico,informacion_estructura,Cantidad de operaciones por préstamos prendarios,Dic-2023,270.0,2026-04-19
00300,BANCO DE INVERSION Y COMERCIO EXTER,publico,informacion_estructura,Cantidad de operaciones por otros préstamos,Dic-2023,8702.0,2026-04-19
00300,BANCO DE INVERSION Y COMERCIO EXTER,publico,informacion_estructura,Dotación de personal,Dic-2023,459.0,2026-04-19
00300,BANCO DE INVERSION Y COMERCIO EXTER,publico,informacion_estructura,Cantidad de operaciones a plazo fijo Empresas,Dic-2024,82.0,2026-04-19
00300,BANCO DE INVERSION Y COMERCIO EXTER,publico,informacion_estructura,Cantidad de operaciones por préstamos hipotecarios,Dic-2024,2405.0,2026-04-19
00300,BANCO DE INVERSION Y COMERCIO EXTER,publico,informacion_estructura,Cantidad de operaciones por préstamos prendarios,Dic-2024,112.0,2026-04-19
00300,BANCO DE INVERSION Y COMERCIO EXTER,publico,informacion_estructura,Cantidad de operaciones por otros préstamos,Dic-2024,5543.0,2026-04-19
00300,BANCO DE INVERSION Y COMERCIO EXTER,publico,informacion_estructura,Dotación de personal,Dic-2024,344.0,2026-04-19
00300,BANCO DE INVERSION Y COMERCIO EXTER,publico,informacion_estructura,Cantidad de operaciones a plazo fijo Empresas,Jun-2025,58.0,2026-04-19
00300,BANCO DE INVERSION Y COMERCIO EXTER,publico,informacion_estructura,Cantidad de operaciones por préstamos hipotecarios,Jun-2025,1945.0,2026-04-19
00300,BANCO DE INVERSION Y COMERCIO EXTER,publico,informacion_estructura,Cantidad de operaciones por préstamos prendarios,Jun-2025,89.0,2026-04-19
00300,BANCO DE INVERSION Y COMERCIO EXTER,publico,informacion_estructura,Cantidad de operaciones por otros préstamos,Jun-2025,6006.0,2026-04-19
00300,BANCO DE INVERSION Y COMERCIO EXTER,publico,informacion_estructura,Dotación de personal,Jun-2025,336.0,2026-04-19
00300,BANCO DE INVERSION Y COMERCIO EXTER,publico,informacion_estructura,Cantidad de operaciones a plazo fijo Empresas,Set-2025,75.0,2026-04-19
00300,BANCO DE INVERSION Y COMERCIO EXTER,publico,informacion_estructura,Cantidad de operaciones por préstamos hipotecarios,Set-2025,1823.0,2026-04-19
00300,BANCO DE INVERSION Y COMERCIO EXTER,publico,informacion_estructura,Cantidad de operaciones por préstamos prendarios,Set-2025,78.0,2026-04-19
00300,BANCO DE INVERSION Y COMERCIO EXTER,publico,informacion_estructura,Cantidad de operaciones por otros préstamos,Set-2025,9238.0,2026-04-19
00300,BANCO DE INVERSION Y COMERCIO EXTER,publico,informacion_estructura,Dotación de personal,Set-2025,342.0,2026-04-19
00300,BANCO DE INVERSION Y COMERCIO EXTER,publico,informacion_estructura,Cantidad de operaciones a plazo fijo Empresas,Dic-2025,78.0,2026-04-19
00300,BANCO DE INVERSION Y COMERCIO EXTER,publico,informacion_estructura,Cantidad de operaciones por préstamos hipotecarios,Dic-2025,1639.0,2026-04-19
00300,BANCO DE INVERSION Y COMERCIO EXTER,publico,informacion_estructura,Cantidad de operaciones por préstamos prendarios,Dic-2025,61.0,2026-04-19
00300,BANCO DE INVERSION Y COMERCIO EXTER,publico,informacion_estructura,Cantidad de operaciones por otros préstamos,Dic-2025,5130.0,2026-04-19
00300,BANCO DE INVERSION Y COMERCIO EXTER,publico,informacion_estructura,Dotación de personal,Dic-2025,337.0,2026-04-19
00300,BANCO DE INVERSION Y COMERCIO EXTER,publico,informacion_estructura,CABA,Habilitadas,2.0,2026-04-19
00300,BANCO DE INVERSION Y COMERCIO EXTER,publico,informacion_estructura,CÓRDOBA,Habilitadas,,2026-04-19
00300,BANCO DE INVERSION Y COMERCIO EXTER,publico,informacion_estructura,CORRIENTES,Habilitadas,,2026-04-19
00300,BANCO DE INVERSION Y COMERCIO EXTER,publico,informacion_estructura,CHUBUT,Habilitadas,,2026-04-19
00300,BANCO DE INVERSION Y COMERCIO EXTER,publico,informacion_estructura,ENTRE RÍOS,Habilitadas,,2026-04-19
00300,BANCO DE INVERSION Y COMERCIO EXTER,publico,informacion_estructura,MENDOZA,Habilitadas,,2026-04-19
00300,BANCO DE INVERSION Y COMERCIO EXTER,publico,informacion_estructura,NEUQUÉN,Habilitadas,,2026-04-19
00300,BANCO DE INVERSION Y COMERCIO EXTER,publico,informacion_estructura,SALTA,Habilitadas,,2026-04-19
00300,BANCO DE INVERSION Y COMERCIO EXTER,publico,informacion_estructura,SANTA FE,Habilitadas,,2026-04-19
00300,BANCO DE INVERSION Y COMERCIO EXTER,publico,informacion_estructura,TUCUMÁN,Habilitadas,,2026-04-19
00300,BANCO DE INVERSION Y COMERCIO EXTER,publico,informacion_estructura,TIERRA DE FUEGO,Habilitadas,,2026-04-19
00300,BANCO DE INVERSION Y COMERCIO EXTER,publico,informacion_estructura,CABA,Habilitadas,,2026-04-19
00300,BANCO DE INVERSION Y COMERCIO EXTER,publico,informacion_estructura,CÓRDOBA,Habilitadas,,2026-04-19
00300,BANCO DE INVERSION Y COMERCIO EXTER,publico,informacion_estructura,CORRIENTES,Habilitadas,,2026-04-19
00300,BANCO DE INVERSION Y COMERCIO EXTER,publico,informacion_estructura,CHUBUT,Habilitadas,,2026-04-19
00300,BANCO DE INVERSION Y COMERCIO EXTER,publico,informacion_estructura,ENTRE RÍOS,Habilitadas,,2026-04-19
00300,BANCO DE INVERSION Y COMERCIO EXTER,publico,informacion_estructura,MENDOZA,Habilitadas,,2026-04-19
00300,BANCO DE INVERSION Y COMERCIO EXTER,publico,informacion_estructura,NEUQUÉN,Habilitadas,,2026-04-19
00300,BANCO DE INVERSION Y COMERCIO EXTER,publico,informacion_estructura,SALTA,Habilitadas,,2026-04-19
00300,BANCO DE INVERSION Y COMERCIO EXTER,publico,informacion_estructura,SANTA FE,Habilitadas,,2026-04-19
00300,BANCO DE INVERSION Y COMERCIO EXTER,publico,informacion_estructura,TUCUMÁN,Habilitadas,,2026-04-19
00300,BANCO DE INVERSION Y COMERCIO EXTER,publico,informacion_estructura,TIERRA DE FUEGO,Habilitadas,,2026-04-19
00300,BANCO DE INVERSION Y COMERCIO EXTER,publico,informacion_estructura,CABA,Habilitadas,,2026-04-19
00300,BANCO DE INVERSION Y COMERCIO EXTER,publico,informacion_estructura,CÓRDOBA,Habilitadas,,2026-04-19
00300,BANCO DE INVERSION Y COMERCIO EXTER,publico,informacion_estructura,CORRIENTES,Habilitadas,,2026-04-19
00300,BANCO DE INVERSION Y COMERCIO EXTER,publico,informacion_estructura,CHUBUT,Habilitadas,,2026-04-19
00300,BANCO DE INVERSION Y COMERCIO EXTER,publico,informacion_estructura,ENTRE RÍOS,Habilitadas,,2026-04-19
00300,BANCO DE INVERSION Y COMERCIO EXTER,publico,informacion_estructura,MENDOZA,Habilitadas,,2026-04-19
00300,BANCO DE INVERSION Y COMERCIO EXTER,publico,informacion_estructura,NEUQUÉN,Habilitadas,,2026-04-19
00300,BANCO DE INVERSION Y COMERCIO EXTER,publico,informacion_estructura,SALTA,Habilitadas,,2026-04-19
00300,BANCO DE INVERSION Y COMERCIO EXTER,publico,informacion_estructura,SANTA FE,Habilitadas,,2026-04-19
00300,BANCO DE INVERSION Y COMERCIO EXTER,publico,informacion_estructura,TUCUMÁN,Habilitadas,,2026-04-19
00300,BANCO DE INVERSION Y COMERCIO EXTER,publico,informacion_estructura,TIERRA DE FUEGO,Habilitadas,,2026-04-19
00300,BANCO DE INVERSION Y COMERCIO EXTER,publico,informacion_estructura,CABA,Habilitadas,,2026-04-19
00300,BANCO DE INVERSION Y COMERCIO EXTER,publico,informacion_estructura,CÓRDOBA,Habilitadas,,2026-04-19
00300,BANCO DE INVERSION Y COMERCIO EXTER,publico,informacion_estructura,CORRIENTES,Habilitadas,,2026-04-19
00300,BANCO DE INVERSION Y COMERCIO EXTER,publico,informacion_estructura,CHUBUT,Habilitadas,,2026-04-19
00300,BANCO DE INVERSION Y COMERCIO EXTER,publico,informacion_estructura,ENTRE RÍOS,Habilitadas,,2026-04-19
00300,BANCO DE INVERSION Y COMERCIO EXTER,publico,informacion_estructura,MENDOZA,Habilitadas,,2026-04-19
00300,BANCO DE INVERSION Y COMERCIO EXTER,publico,informacion_estructura,NEUQUÉN,Habilitadas,,2026-04-19
00300,BANCO DE INVERSION Y COMERCIO EXTER,publico,informacion_estructura,SALTA,Habilitadas,,2026-04-19
00300,BANCO DE INVERSION Y COMERCIO EXTER,publico,informacion_estructura,SANTA FE,Habilitadas,,2026-04-19
00300,BANCO DE INVERSION Y COMERCIO EXTER,publico,informacion_estructura,TUCUMÁN,Habilitadas,,2026-04-19
00300,BANCO DE INVERSION Y COMERCIO EXTER,publico,informacion_estructura,TIERRA DE FUEGO,Habilitadas,,2026-04-19
00300,BANCO DE INVERSION Y COMERCIO EXTER,publico,informacion_estructura,CABA,Habilitadas,,2026-04-19
00300,BANCO DE INVERSION Y COMERCIO EXTER,publico,informacion_estructura,CÓRDOBA,Habilitadas,,2026-04-19
00300,BANCO DE INVERSION Y COMERCIO EXTER,publico,informacion_estructura,CORRIENTES,Habilitadas,,2026-04-19
00300,BANCO DE INVERSION Y COMERCIO EXTER,publico,informacion_estructura,CHUBUT,Habilitadas,,2026-04-19
00300,BANCO DE INVERSION Y COMERCIO EXTER,publico,informacion_estructura,ENTRE RÍOS,Habilitadas,,2026-04-19
00300,BANCO DE INVERSION Y COMERCIO EXTER,publico,informacion_estructura,MENDOZA,Habilitadas,,2026-04-19
00300,BANCO DE INVERSION Y COMERCIO EXTER,publico,informacion_estructura,NEUQUÉN,Habilitadas,,2026-04-19
00300,BANCO DE INVERSION Y COMERCIO EXTER,publico,informacion_estructura,SALTA,Habilitadas,,2026-04-19
00300,BANCO DE INVERSION Y COMERCIO EXTER,publico,informacion_estructura,SANTA FE,Habilitadas,,2026-04-19
00300,BANCO DE INVERSION Y COMERCIO EXTER,publico,informacion_estructura,TUCUMÁN,Habilitadas,,2026-04-19
00300,BANCO DE INVERSION Y COMERCIO EXTER,publico,informacion_estructura,TIERRA DE FUEGO,Habilitadas,,2026-04-19
00300,BANCO DE INVERSION Y COMERCIO EXTER,publico,informacion_estructura,CABA,Habilitadas,,2026-04-19
00300,BANCO DE INVERSION Y COMERCIO EXTER,publico,informacion_estructura,CÓRDOBA,Habilitadas,1.0,2026-04-19
00300,BANCO DE INVERSION Y COMERCIO EXTER,publico,informacion_estructura,CORRIENTES,Habilitadas,1.0,2026-04-19
00300,BANCO DE INVERSION Y COMERCIO EXTER,publico,informacion_estructura,CHUBUT,Habilitadas,1.0,2026-04-19
00300,BANCO DE INVERSION Y COMERCIO EXTER,publico,informacion_estructura,ENTRE RÍOS,Habilitadas,1.0,2026-04-19
00300,BANCO DE INVERSION Y COMERCIO EXTER,publico,informacion_estructura,MENDOZA,Habilitadas,1.0,2026-04-19
00300,BANCO DE INVERSION Y COMERCIO EXTER,publico,informacion_estructura,NEUQUÉN,Habilitadas,1.0,2026-04-19
00300,BANCO DE INVERSION Y COMERCIO EXTER,publico,informacion_estructura,SALTA,Habilitadas,1.0,2026-04-19
00300,BANCO DE INVERSION Y COMERCIO EXTER,publico,informacion_estructura,SANTA FE,Habilitadas,1.0,2026-04-19
00300,BANCO DE INVERSION Y COMERCIO EXTER,publico,informacion_estructura,TUCUMÁN,Habilitadas,1.0,2026-04-19
00300,BANCO DE INVERSION Y COMERCIO EXTER,publico,informacion_estructura,TIERRA DE FUEGO,Habilitadas,1.0,2026-04-19
00300,BANCO DE INVERSION Y COMERCIO EXTER,publico,informacion_estructura,CABA,Habilitadas,,2026-04-19
00300,BANCO DE INVERSION Y COMERCIO EXTER,publico,informacion_estructura,CÓRDOBA,Habilitadas,,2026-04-19
00300,BANCO DE INVERSION Y COMERCIO EXTER,publico,informacion_estructura,CORRIENTES,Habilitadas,,2026-04-19
00300,BANCO DE INVERSION Y COMERCIO EXTER,publico,informacion_estructura,CHUBUT,Habilitadas,,2026-04-19
00300,BANCO DE INVERSION Y COMERCIO EXTER,publico,informacion_estructura,ENTRE RÍOS,Habilitadas,,2026-04-19
00300,BANCO DE INVERSION Y COMERCIO EXTER,publico,informacion_estructura,MENDOZA,Habilitadas,,2026-04-19
00300,BANCO DE INVERSION Y COMERCIO EXTER,publico,informacion_estructura,NEUQUÉN,Habilitadas,,2026-04-19
00300,BANCO DE INVERSION Y COMERCIO EXTER,publico,informacion_estructura,SALTA,Habilitadas,,2026-04-19
00300,BANCO DE INVERSION Y COMERCIO EXTER,publico,informacion_estructura,SANTA FE,Habilitadas,,2026-04-19
00300,BANCO DE INVERSION Y COMERCIO EXTER,publico,informacion_estructura,TUCUMÁN,Habilitadas,,2026-04-19
00300,BANCO DE INVERSION Y COMERCIO EXTER,publico,informacion_estructura,TIERRA DE FUEGO,Habilitadas,,2026-04-19
00300,BANCO DE INVERSION Y COMERCIO EXTER,publico,informacion_estructura,CABA,Pendientes de habilitación,,2026-04-19
00300,BANCO DE INVERSION Y COMERCIO EXTER,publico,informacion_estructura,CÓRDOBA,Pendientes de habilitación,,2026-04-19
00300,BANCO DE INVERSION Y COMERCIO EXTER,publico,informacion_estructura,CORRIENTES,Pendientes de habilitación,,2026-04-19
00300,BANCO DE INVERSION Y COMERCIO EXTER,publico,informacion_estructura,CHUBUT,Pendientes de habilitación,,2026-04-19
00300,BANCO DE INVERSION Y COMERCIO EXTER,publico,informacion_estructura,ENTRE RÍOS,Pendientes de habilitación,,2026-04-19
00300,BANCO DE INVERSION Y COMERCIO EXTER,publico,informacion_estructura,MENDOZA,Pendientes de habilitación,,2026-04-19
00300,BANCO DE INVERSION Y COMERCIO EXTER,publico,informacion_estructura,NEUQUÉN,Pendientes de habilitación,,2026-04-19
00300,BANCO DE INVERSION Y COMERCIO EXTER,publico,informacion_estructura,SALTA,Pendientes de habilitación,,2026-04-19
00300,BANCO DE INVERSION Y COMERCIO EXTER,publico,informacion_estructura,SANTA FE,Pendientes de habilitación,,2026-04-19
00300,BANCO DE INVERSION Y COMERCIO EXTER,publico,informacion_estructura,TUCUMÁN,Pendientes de habilitación,,2026-04-19
00300,BANCO DE INVERSION Y COMERCIO EXTER,publico,informacion_estructura,TIERRA DE FUEGO,Pendientes de habilitación,,2026-04-19
00300,BANCO DE INVERSION Y COMERCIO EXTER,publico,informacion_estructura,CABA,Total,2.0,2026-04-19
00300,BANCO DE INVERSION Y COMERCIO EXTER,publico,informacion_estructura,CÓRDOBA,Total,,2026-04-19
00300,BANCO DE INVERSION Y COMERCIO EXTER,publico,informacion_estructura,CORRIENTES,Total,,2026-04-19
00300,BANCO DE INVERSION Y COMERCIO EXTER,publico,informacion_estructura,CHUBUT,Total,,2026-04-19
00300,BANCO DE INVERSION Y COMERCIO EXTER,publico,informacion_estructura,ENTRE RÍOS,Total,,2026-04-19
00300,BANCO DE INVERSION Y COMERCIO EXTER,publico,informacion_estructura,MENDOZA,Total,,2026-04-19
00300,BANCO DE INVERSION Y COMERCIO EXTER,publico,informacion_estructura,NEUQUÉN,Total,,2026-04-19
00300,BANCO DE INVERSION Y COMERCIO EXTER,publico,informacion_estructura,SALTA,Total,,2026-04-19
00300,BANCO DE INVERSION Y COMERCIO EXTER,publico,informacion_estructura,SANTA FE,Total,,2026-04-19
00300,BANCO DE INVERSION Y COMERCIO EXTER,publico,informacion_estructura,TUCUMÁN,Total,,2026-04-19
00300,BANCO DE INVERSION Y COMERCIO EXTER,publico,informacion_estructura,TIERRA DE FUEGO,Total,,2026-04-19
00029,BANCO DE LA CIUDAD DE BUENOS AIRES,publico,informacion_estructura,Cantidad de cuentas corrientes,Dic-2023,48970.0,2026-04-19
00029,BANCO DE LA CIUDAD DE BUENOS AIRES,publico,informacion_estructura,Cantidad de cuentas de ahorro,Dic-2023,1221718.0,2026-04-19
00029,BANCO DE LA CIUDAD DE BUENOS AIRES,publico,informacion_estructura,Cantidad de cajas de ahorro de ayuda social,Dic-2023,104930.0,2026-04-19
00029,BANCO DE LA CIUDAD DE BUENOS AIRES,publico,informacion_estructura,Cantidad de cuentas previsionales,Dic-2023,176871.0,2026-04-19
00029,BANCO DE LA CIUDAD DE BUENOS AIRES,publico,informacion_estructura,Cantidad de operaciones a plazo fijo Individuos,Dic-2023,178504.0,2026-04-19
00029,BANCO DE LA CIUDAD DE BUENOS AIRES,publico,informacion_estructura,Cantidad de operaciones a plazo fijo Empresas,Dic-2023,2854.0,2026-04-19
00029,BANCO DE LA CIUDAD DE BUENOS AIRES,publico,informacion_estructura,Cantidad de operaciones por préstamos hipotecarios,Dic-2023,22500.0,2026-04-19
00029,BANCO DE LA CIUDAD DE BUENOS AIRES,publico,informacion_estructura,Cantidad de operaciones por préstamos prendarios,Dic-2023,431.0,2026-04-19
00029,BANCO DE LA CIUDAD DE BUENOS AIRES,publico,informacion_estructura,Cantidad de operaciones por otros préstamos,Dic-2023,158435.0,2026-04-19
00029,BANCO DE LA CIUDAD DE BUENOS AIRES,publico,informacion_estructura,Dotación de personal,Dic-2023,2613.0,2026-04-19
00029,BANCO DE LA CIUDAD DE BUENOS AIRES,publico,informacion_estructura,Cantidad de titulares por tarjetas de crédito,Dic-2023,743175.0,2026-04-19
00029,BANCO DE LA CIUDAD DE BUENOS AIRES,publico,informacion_estructura,Cantidad de tarjetas de crédito (plásticos),Dic-2023,907998.0,2026-04-19
00029,BANCO DE LA CIUDAD DE BUENOS AIRES,publico,informacion_estructura,Cantidad de tarjetas de débito,Dic-2023,1513478.0,2026-04-19
00029,BANCO DE LA CIUDAD DE BUENOS AIRES,publico,informacion_estructura,Cantidad de cuentas corrientes,Dic-2024,41350.0,2026-04-19
00029,BANCO DE LA CIUDAD DE BUENOS AIRES,publico,informacion_estructura,Cantidad de cuentas de ahorro,Dic-2024,1110007.0,2026-04-19
00029,BANCO DE LA CIUDAD DE BUENOS AIRES,publico,informacion_estructura,Cantidad de cajas de ahorro de ayuda social,Dic-2024,90756.0,2026-04-19
00029,BANCO DE LA CIUDAD DE BUENOS AIRES,publico,informacion_estructura,Cantidad de cuentas previsionales,Dic-2024,177760.0,2026-04-19
00029,BANCO DE LA CIUDAD DE BUENOS AIRES,publico,informacion_estructura,Cantidad de operaciones a plazo fijo Individuos,Dic-2024,163175.0,2026-04-19
00029,BANCO DE LA CIUDAD DE BUENOS AIRES,publico,informacion_estructura,Cantidad de operaciones a plazo fijo Empresas,Dic-2024,2122.0,2026-04-19
00029,BANCO DE LA CIUDAD DE BUENOS AIRES,publico,informacion_estructura,Cantidad de operaciones por préstamos hipotecarios,Dic-2024,19475.0,2026-04-19
00029,BANCO DE LA CIUDAD DE BUENOS AIRES,publico,informacion_estructura,Cantidad de operaciones por préstamos prendarios,Dic-2024,372.0,2026-04-19
00029,BANCO DE LA CIUDAD DE BUENOS AIRES,publico,informacion_estructura,Cantidad de operaciones por otros préstamos,Dic-2024,156963.0,2026-04-19
00029,BANCO DE LA CIUDAD DE BUENOS AIRES,publico,informacion_estructura,Dotación de personal,Dic-2024,2446.0,2026-04-19
00029,BANCO DE LA CIUDAD DE BUENOS AIRES,publico,informacion_estructura,Cantidad de titulares por tarjetas de crédito,Dic-2024,785310.0,2026-04-19
00029,BANCO DE LA CIUDAD DE BUENOS AIRES,publico,informacion_estructura,Cantidad de tarjetas de crédito (plásticos),Dic-2024,947908.0,2026-04-19
00029,BANCO DE LA CIUDAD DE BUENOS AIRES,publico,informacion_estructura,Cantidad de tarjetas de débito,Dic-2024,1623054.0,2026-04-19
00029,BANCO DE LA CIUDAD DE BUENOS AIRES,publico,informacion_estructura,Cantidad de cuentas corrientes,Jun-2025,54090.0,2026-04-19
00029,BANCO DE LA CIUDAD DE BUENOS AIRES,publico,informacion_estructura,Cantidad de cuentas de ahorro,Jun-2025,1227224.0,2026-04-19
00029,BANCO DE LA CIUDAD DE BUENOS AIRES,publico,informacion_estructura,Cantidad de cajas de ahorro de ayuda social,Jun-2025,81837.0,2026-04-19
00029,BANCO DE LA CIUDAD DE BUENOS AIRES,publico,informacion_estructura,Cantidad de cuentas previsionales,Jun-2025,176124.0,2026-04-19
00029,BANCO DE LA CIUDAD DE BUENOS AIRES,publico,informacion_estructura,Cantidad de operaciones a plazo fijo Individuos,Jun-2025,151759.0,2026-04-19
00029,BANCO DE LA CIUDAD DE BUENOS AIRES,publico,informacion_estructura,Cantidad de operaciones a plazo fijo Empresas,Jun-2025,2417.0,2026-04-19
00029,BANCO DE LA CIUDAD DE BUENOS AIRES,publico,informacion_estructura,Cantidad de operaciones por préstamos hipotecarios,Jun-2025,19395.0,2026-04-19
00029,BANCO DE LA CIUDAD DE BUENOS AIRES,publico,informacion_estructura,Cantidad de operaciones por préstamos prendarios,Jun-2025,309.0,2026-04-19
00029,BANCO DE LA CIUDAD DE BUENOS AIRES,publico,informacion_estructura,Cantidad de operaciones por otros préstamos,Jun-2025,169222.0,2026-04-19
00029,BANCO DE LA CIUDAD DE BUENOS AIRES,publico,informacion_estructura,Dotación de personal,Jun-2025,2429.0,2026-04-19
00029,BANCO DE LA CIUDAD DE BUENOS AIRES,publico,informacion_estructura,Cantidad de titulares por tarjetas de crédito,Jun-2025,787749.0,2026-04-19
00029,BANCO DE LA CIUDAD DE BUENOS AIRES,publico,informacion_estructura,Cantidad de tarjetas de crédito (plásticos),Jun-2025,950291.0,2026-04-19
00029,BANCO DE LA CIUDAD DE BUENOS AIRES,publico,informacion_estructura,Cantidad de tarjetas de débito,Jun-2025,1409766.0,2026-04-19
00029,BANCO DE LA CIUDAD DE BUENOS AIRES,publico,informacion_estructura,Cantidad de cuentas corrientes,Set-2025,54789.0,2026-04-19
00029,BANCO DE LA CIUDAD DE BUENOS AIRES,publico,informacion_estructura,Cantidad de cuentas de ahorro,Set-2025,1250683.0,2026-04-19
00029,BANCO DE LA CIUDAD DE BUENOS AIRES,publico,informacion_estructura,Cantidad de cajas de ahorro de ayuda social,Set-2025,78077.0,2026-04-19
00029,BANCO DE LA CIUDAD DE BUENOS AIRES,publico,informacion_estructura,Cantidad de cuentas previsionales,Set-2025,175696.0,2026-04-19
00029,BANCO DE LA CIUDAD DE BUENOS AIRES,publico,informacion_estructura,Cantidad de operaciones a plazo fijo Individuos,Set-2025,144284.0,2026-04-19
00029,BANCO DE LA CIUDAD DE BUENOS AIRES,publico,informacion_estructura,Cantidad de operaciones a plazo fijo Empresas,Set-2025,2538.0,2026-04-19
00029,BANCO DE LA CIUDAD DE BUENOS AIRES,publico,informacion_estructura,Cantidad de operaciones por préstamos hipotecarios,Set-2025,19694.0,2026-04-19
00029,BANCO DE LA CIUDAD DE BUENOS AIRES,publico,informacion_estructura,Cantidad de operaciones por préstamos prendarios,Set-2025,251.0,2026-04-19
00029,BANCO DE LA CIUDAD DE BUENOS AIRES,publico,informacion_estructura,Cantidad de operaciones por otros préstamos,Set-2025,173195.0,2026-04-19
00029,BANCO DE LA CIUDAD DE BUENOS AIRES,publico,informacion_estructura,Dotación de personal,Set-2025,2420.0,2026-04-19
00029,BANCO DE LA CIUDAD DE BUENOS AIRES,publico,informacion_estructura,Cantidad de titulares por tarjetas de crédito,Set-2025,787457.0,2026-04-19
00029,BANCO DE LA CIUDAD DE BUENOS AIRES,publico,informacion_estructura,Cantidad de tarjetas de crédito (plásticos),Set-2025,947492.0,2026-04-19
00029,BANCO DE LA CIUDAD DE BUENOS AIRES,publico,informacion_estructura,Cantidad de tarjetas de débito,Set-2025,1514790.0,2026-04-19
00029,BANCO DE LA CIUDAD DE BUENOS AIRES,publico,informacion_estructura,Cantidad de cuentas corrientes,Dic-2025,55716.0,2026-04-19
00029,BANCO DE LA CIUDAD DE BUENOS AIRES,publico,informacion_estructura,Cantidad de cuentas de ahorro,Dic-2025,1263785.0,2026-04-19
00029,BANCO DE LA CIUDAD DE BUENOS AIRES,publico,informacion_estructura,Cantidad de cajas de ahorro de ayuda social,Dic-2025,76679.0,2026-04-19
00029,BANCO DE LA CIUDAD DE BUENOS AIRES,publico,informacion_estructura,Cantidad de cuentas previsionales,Dic-2025,176378.0,2026-04-19
00029,BANCO DE LA CIUDAD DE BUENOS AIRES,publico,informacion_estructura,Cantidad de operaciones a plazo fijo Individuos,Dic-2025,132573.0,2026-04-19
00029,BANCO DE LA CIUDAD DE BUENOS AIRES,publico,informacion_estructura,Cantidad de operaciones a plazo fijo Empresas,Dic-2025,2284.0,2026-04-19
00029,BANCO DE LA CIUDAD DE BUENOS AIRES,publico,informacion_estructura,Cantidad de operaciones por préstamos hipotecarios,Dic-2025,19438.0,2026-04-19
00029,BANCO DE LA CIUDAD DE BUENOS AIRES,publico,informacion_estructura,Cantidad de operaciones por préstamos prendarios,Dic-2025,186.0,2026-04-19
00029,BANCO DE LA CIUDAD DE BUENOS AIRES,publico,informacion_estructura,Cantidad de operaciones por otros préstamos,Dic-2025,170529.0,2026-04-19
00029,BANCO DE LA CIUDAD DE BUENOS AIRES,publico,informacion_estructura,Dotación de personal,Dic-2025,2408.0,2026-04-19
00029,BANCO DE LA CIUDAD DE BUENOS AIRES,publico,informacion_estructura,Cantidad de titulares por tarjetas de crédito,Dic-2025,789054.0,2026-04-19
00029,BANCO DE LA CIUDAD DE BUENOS AIRES,publico,informacion_estructura,Cantidad de tarjetas de crédito (plásticos),Dic-2025,946504.0,2026-04-19
00029,BANCO DE LA CIUDAD DE BUENOS AIRES,publico,informacion_estructura,Cantidad de tarjetas de débito,Dic-2025,1612195.0,2026-04-19
00029,BANCO DE LA CIUDAD DE BUENOS AIRES,publico,informacion_estructura,Cantidad de Cuentas,Dic-2023,278016.0,2026-04-19
00029,BANCO DE LA CIUDAD DE BUENOS AIRES,publico,informacion_estructura,Cantidad de Empresas,Dic-2023,3872.0,2026-04-19
00029,BANCO DE LA CIUDAD DE BUENOS AIRES,publico,informacion_estructura,Cantidad de Cuentas,Dic-2024,270999.0,2026-04-19
00029,BANCO DE LA CIUDAD DE BUENOS AIRES,publico,informacion_estructura,Cantidad de Empresas,Dic-2024,3827.0,2026-04-19
00029,BANCO DE LA CIUDAD DE BUENOS AIRES,publico,informacion_estructura,Cantidad de Cuentas,Nov-2025,256182.0,2026-04-19
00029,BANCO DE LA CIUDAD DE BUENOS AIRES,publico,informacion_estructura,Cantidad de Empresas,Nov-2025,3529.0,2026-04-19
00029,BANCO DE LA CIUDAD DE BUENOS AIRES,publico,informacion_estructura,Cantidad de Cuentas,Dic-2025,264483.0,2026-04-19
00029,BANCO DE LA CIUDAD DE BUENOS AIRES,publico,informacion_estructura,Cantidad de Empresas,Dic-2025,3722.0,2026-04-19
00029,BANCO DE LA CIUDAD DE BUENOS AIRES,publico,informacion_estructura,Cantidad de Cuentas,Ene-2026,255061.0,2026-04-19
00029,BANCO DE LA CIUDAD DE BUENOS AIRES,publico,informacion_estructura,Cantidad de Empresas,Ene-2026,3549.0,2026-04-19
00029,BANCO DE LA CIUDAD DE BUENOS AIRES,publico,informacion_estructura,CABA,Habilitadas,61.0,2026-04-19
00029,BANCO DE LA CIUDAD DE BUENOS AIRES,publico,informacion_estructura,BUENOS AIRES,Habilitadas,18.0,2026-04-19
00029,BANCO DE LA CIUDAD DE BUENOS AIRES,publico,informacion_estructura,CÓRDOBA,Habilitadas,2.0,2026-04-19
00029,BANCO DE LA CIUDAD DE BUENOS AIRES,publico,informacion_estructura,MENDOZA,Habilitadas,1.0,2026-04-19
00029,BANCO DE LA CIUDAD DE BUENOS AIRES,publico,informacion_estructura,SALTA,Habilitadas,1.0,2026-04-19
00029,BANCO DE LA CIUDAD DE BUENOS AIRES,publico,informacion_estructura,TUCUMÁN,Habilitadas,1.0,2026-04-19
00029,BANCO DE LA CIUDAD DE BUENOS AIRES,publico,informacion_estructura,CABA,Habilitadas,,2026-04-19
00029,BANCO DE LA CIUDAD DE BUENOS AIRES,publico,informacion_estructura,BUENOS AIRES,Habilitadas,,2026-04-19
00029,BANCO DE LA CIUDAD DE BUENOS AIRES,publico,informacion_estructura,CÓRDOBA,Habilitadas,,2026-04-19
00029,BANCO DE LA CIUDAD DE BUENOS AIRES,publico,informacion_estructura,MENDOZA,Habilitadas,,2026-04-19
00029,BANCO DE LA CIUDAD DE BUENOS AIRES,publico,informacion_estructura,SALTA,Habilitadas,,2026-04-19
00029,BANCO DE LA CIUDAD DE BUENOS AIRES,publico,informacion_estructura,TUCUMÁN,Habilitadas,,2026-04-19
00029,BANCO DE LA CIUDAD DE BUENOS AIRES,publico,informacion_estructura,CABA,Habilitadas,,2026-04-19
00029,BANCO DE LA CIUDAD DE BUENOS AIRES,publico,informacion_estructura,BUENOS AIRES,Habilitadas,,2026-04-19
00029,BANCO DE LA CIUDAD DE BUENOS AIRES,publico,informacion_estructura,CÓRDOBA,Habilitadas,,2026-04-19
00029,BANCO DE LA CIUDAD DE BUENOS AIRES,publico,informacion_estructura,MENDOZA,Habilitadas,,2026-04-19
00029,BANCO DE LA CIUDAD DE BUENOS AIRES,publico,informacion_estructura,SALTA,Habilitadas,,2026-04-19
00029,BANCO DE LA CIUDAD DE BUENOS AIRES,publico,informacion_estructura,TUCUMÁN,Habilitadas,,2026-04-19
00029,BANCO DE LA CIUDAD DE BUENOS AIRES,publico,informacion_estructura,CABA,Habilitadas,370.0,2026-04-19
00029,BANCO DE LA CIUDAD DE BUENOS AIRES,publico,informacion_estructura,BUENOS AIRES,Habilitadas,54.0,2026-04-19
00029,BANCO DE LA CIUDAD DE BUENOS AIRES,publico,informacion_estructura,CÓRDOBA,Habilitadas,11.0,2026-04-19
00029,BANCO DE LA CIUDAD DE BUENOS AIRES,publico,informacion_estructura,MENDOZA,Habilitadas,4.0,2026-04-19
00029,BANCO DE LA CIUDAD DE BUENOS AIRES,publico,informacion_estructura,SALTA,Habilitadas,2.0,2026-04-19
00029,BANCO DE LA CIUDAD DE BUENOS AIRES,publico,informacion_estructura,TUCUMÁN,Habilitadas,3.0,2026-04-19
00029,BANCO DE LA CIUDAD DE BUENOS AIRES,publico,informacion_estructura,CABA,Habilitadas,170.0,2026-04-19
00029,BANCO DE LA CIUDAD DE BUENOS AIRES,publico,informacion_estructura,BUENOS AIRES,Habilitadas,41.0,2026-04-19
00029,BANCO DE LA CIUDAD DE BUENOS AIRES,publico,informacion_estructura,CÓRDOBA,Habilitadas,6.0,2026-04-19
00029,BANCO DE LA CIUDAD DE BUENOS AIRES,publico,informacion_estructura,MENDOZA,Habilitadas,2.0,2026-04-19
00029,BANCO DE LA CIUDAD DE BUENOS AIRES,publico,informacion_estructura,SALTA,Habilitadas,2.0,2026-04-19
00029,BANCO DE LA CIUDAD DE BUENOS AIRES,publico,informacion_estructura,TUCUMÁN,Habilitadas,1.0,2026-04-19
00029,BANCO DE LA CIUDAD DE BUENOS AIRES,publico,informacion_estructura,CABA,Habilitadas,6.0,2026-04-19
00029,BANCO DE LA CIUDAD DE BUENOS AIRES,publico,informacion_estructura,BUENOS AIRES,Habilitadas,,2026-04-19
00029,BANCO DE LA CIUDAD DE BUENOS AIRES,publico,informacion_estructura,CÓRDOBA,Habilitadas,,2026-04-19
00029,BANCO DE LA CIUDAD DE BUENOS AIRES,publico,informacion_estructura,MENDOZA,Habilitadas,,2026-04-19
00029,BANCO DE LA CIUDAD DE BUENOS AIRES,publico,informacion_estructura,SALTA,Habilitadas,,2026-04-19
00029,BANCO DE LA CIUDAD DE BUENOS AIRES,publico,informacion_estructura,TUCUMÁN,Habilitadas,,2026-04-19
00029,BANCO DE LA CIUDAD DE BUENOS AIRES,publico,informacion_estructura,CABA,Habilitadas,12.0,2026-04-19
00029,BANCO DE LA CIUDAD DE BUENOS AIRES,publico,informacion_estructura,BUENOS AIRES,Habilitadas,,2026-04-19
00029,BANCO DE LA CIUDAD DE BUENOS AIRES,publico,informacion_estructura,CÓRDOBA,Habilitadas,,2026-04-19
00029,BANCO DE LA CIUDAD DE BUENOS AIRES,publico,informacion_estructura,MENDOZA,Habilitadas,,2026-04-19
00029,BANCO DE LA CIUDAD DE BUENOS AIRES,publico,informacion_estructura,SALTA,Habilitadas,,2026-04-19
00029,BANCO DE LA CIUDAD DE BUENOS AIRES,publico,informacion_estructura,TUCUMÁN,Habilitadas,,2026-04-19
00029,BANCO DE LA CIUDAD DE BUENOS AIRES,publico,informacion_estructura,CABA,Pendientes de habilitación,1.0,2026-04-19
00029,BANCO DE LA CIUDAD DE BUENOS AIRES,publico,informacion_estructura,BUENOS AIRES,Pendientes de habilitación,,2026-04-19
00029,BANCO DE LA CIUDAD DE BUENOS AIRES,publico,informacion_estructura,CÓRDOBA,Pendientes de habilitación,,2026-04-19
00029,BANCO DE LA CIUDAD DE BUENOS AIRES,publico,informacion_estructura,MENDOZA,Pendientes de habilitación,,2026-04-19
00029,BANCO DE LA CIUDAD DE BUENOS AIRES,publico,informacion_estructura,SALTA,Pendientes de habilitación,,2026-04-19
00029,BANCO DE LA CIUDAD DE BUENOS AIRES,publico,informacion_estructura,TUCUMÁN,Pendientes de habilitación,,2026-04-19
00029,BANCO DE LA CIUDAD DE BUENOS AIRES,publico,informacion_estructura,CABA,Total,62.0,2026-04-19
00029,BANCO DE LA CIUDAD DE BUENOS AIRES,publico,informacion_estructura,BUENOS AIRES,Total,18.0,2026-04-19
00029,BANCO DE LA CIUDAD DE BUENOS AIRES,publico,informacion_estructura,CÓRDOBA,Total,2.0,2026-04-19
00029,BANCO DE LA CIUDAD DE BUENOS AIRES,publico,informacion_estructura,MENDOZA,Total,1.0,2026-04-19
00029,BANCO DE LA CIUDAD DE BUENOS AIRES,publico,informacion_estructura,SALTA,Total,1.0,2026-04-19
00029,BANCO DE LA CIUDAD DE BUENOS AIRES,publico,informacion_estructura,TUCUMÁN,Total,1.0,2026-04-19
00011,BANCO DE LA NACION ARGENTINA,publico,informacion_estructura,Cantidad de cuentas corrientes,Dic-2023,295730.0,2026-04-19
00011,BANCO DE LA NACION ARGENTINA,publico,informacion_estructura,Cantidad de cuentas de ahorro,Dic-2023,19198791.0,2026-04-19
00011,BANCO DE LA NACION ARGENTINA,publico,informacion_estructura,Cantidad de cajas de ahorro de ayuda social,Dic-2023,6998742.0,2026-04-19
00011,BANCO DE LA NACION ARGENTINA,publico,informacion_estructura,Cantidad de cuentas previsionales,Dic-2023,4641614.0,2026-04-19
00011,BANCO DE LA NACION ARGENTINA,publico,informacion_estructura,Cantidad de operaciones a plazo fijo Individuos,Dic-2023,1371493.0,2026-04-19
00011,BANCO DE LA NACION ARGENTINA,publico,informacion_estructura,Cantidad de operaciones a plazo fijo Empresas,Dic-2023,52487.0,2026-04-19
00011,BANCO DE LA NACION ARGENTINA,publico,informacion_estructura,Cantidad de operaciones por préstamos hipotecarios,Dic-2023,74005.0,2026-04-19
00011,BANCO DE LA NACION ARGENTINA,publico,informacion_estructura,Cantidad de operaciones por préstamos prendarios,Dic-2023,18901.0,2026-04-19
00011,BANCO DE LA NACION ARGENTINA,publico,informacion_estructura,Cantidad de operaciones por otros préstamos,Dic-2023,3841487.0,2026-04-19
00011,BANCO DE LA NACION ARGENTINA,publico,informacion_estructura,Dotación de personal,Dic-2023,17515.0,2026-04-19
00011,BANCO DE LA NACION ARGENTINA,publico,informacion_estructura,Cantidad de titulares por tarjetas de crédito,Dic-2023,2881751.0,2026-04-19
00011,BANCO DE LA NACION ARGENTINA,publico,informacion_estructura,Cantidad de tarjetas de crédito (plásticos),Dic-2023,4461272.0,2026-04-19
00011,BANCO DE LA NACION ARGENTINA,publico,informacion_estructura,Cantidad de tarjetas de débito,Dic-2023,21162364.0,2026-04-19
00011,BANCO DE LA NACION ARGENTINA,publico,informacion_estructura,Cantidad de cuentas corrientes,Dic-2024,322054.0,2026-04-19
00011,BANCO DE LA NACION ARGENTINA,publico,informacion_estructura,Cantidad de cuentas de ahorro,Dic-2024,20250566.0,2026-04-19
00011,BANCO DE LA NACION ARGENTINA,publico,informacion_estructura,Cantidad de cajas de ahorro de ayuda social,Dic-2024,7184888.0,2026-04-19
00011,BANCO DE LA NACION ARGENTINA,publico,informacion_estructura,Cantidad de cuentas previsionales,Dic-2024,4944838.0,2026-04-19
00011,BANCO DE LA NACION ARGENTINA,publico,informacion_estructura,Cantidad de operaciones a plazo fijo Individuos,Dic-2024,1066088.0,2026-04-19
00011,BANCO DE LA NACION ARGENTINA,publico,informacion_estructura,Cantidad de operaciones a plazo fijo Empresas,Dic-2024,57523.0,2026-04-19
00011,BANCO DE LA NACION ARGENTINA,publico,informacion_estructura,Cantidad de operaciones por préstamos hipotecarios,Dic-2024,66194.0,2026-04-19
00011,BANCO DE LA NACION ARGENTINA,publico,informacion_estructura,Cantidad de operaciones por préstamos prendarios,Dic-2024,20695.0,2026-04-19
00011,BANCO DE LA NACION ARGENTINA,publico,informacion_estructura,Cantidad de operaciones por otros préstamos,Dic-2024,4548393.0,2026-04-19
00011,BANCO DE LA NACION ARGENTINA,publico,informacion_estructura,Dotación de personal,Dic-2024,16847.0,2026-04-19
00011,BANCO DE LA NACION ARGENTINA,publico,informacion_estructura,Cantidad de titulares por tarjetas de crédito,Dic-2024,2429554.0,2026-04-19
00011,BANCO DE LA NACION ARGENTINA,publico,informacion_estructura,Cantidad de tarjetas de crédito (plásticos),Dic-2024,5081452.0,2026-04-19
00011,BANCO DE LA NACION ARGENTINA,publico,informacion_estructura,Cantidad de tarjetas de débito,Dic-2024,21095087.0,2026-04-19
00011,BANCO DE LA NACION ARGENTINA,publico,informacion_estructura,Cantidad de cuentas corrientes,Jun-2025,347006.0,2026-04-19
00011,BANCO DE LA NACION ARGENTINA,publico,informacion_estructura,Cantidad de cuentas de ahorro,Jun-2025,20466983.0,2026-04-19
00011,BANCO DE LA NACION ARGENTINA,publico,informacion_estructura,Cantidad de cajas de ahorro de ayuda social,Jun-2025,7299998.0,2026-04-19
00011,BANCO DE LA NACION ARGENTINA,publico,informacion_estructura,Cantidad de cuentas previsionales,Jun-2025,5062880.0,2026-04-19
00011,BANCO DE LA NACION ARGENTINA,publico,informacion_estructura,Cantidad de operaciones a plazo fijo Individuos,Jun-2025,1027087.0,2026-04-19
00011,BANCO DE LA NACION ARGENTINA,publico,informacion_estructura,Cantidad de operaciones a plazo fijo Empresas,Jun-2025,65160.0,2026-04-19
00011,BANCO DE LA NACION ARGENTINA,publico,informacion_estructura,Cantidad de operaciones por préstamos hipotecarios,Jun-2025,69267.0,2026-04-19
00011,BANCO DE LA NACION ARGENTINA,publico,informacion_estructura,Cantidad de operaciones por préstamos prendarios,Jun-2025,20838.0,2026-04-19
00011,BANCO DE LA NACION ARGENTINA,publico,informacion_estructura,Cantidad de operaciones por otros préstamos,Jun-2025,5168106.0,2026-04-19
00011,BANCO DE LA NACION ARGENTINA,publico,informacion_estructura,Dotación de personal,Jun-2025,15798.0,2026-04-19
00011,BANCO DE LA NACION ARGENTINA,publico,informacion_estructura,Cantidad de titulares por tarjetas de crédito,Jun-2025,2566102.0,2026-04-19
00011,BANCO DE LA NACION ARGENTINA,publico,informacion_estructura,Cantidad de tarjetas de crédito (plásticos),Jun-2025,5361576.0,2026-04-19
00011,BANCO DE LA NACION ARGENTINA,publico,informacion_estructura,Cantidad de tarjetas de débito,Jun-2025,21152745.0,2026-04-19
00011,BANCO DE LA NACION ARGENTINA,publico,informacion_estructura,Cantidad de cuentas corrientes,Set-2025,361872.0,2026-04-19
00011,BANCO DE LA NACION ARGENTINA,publico,informacion_estructura,Cantidad de cuentas de ahorro,Set-2025,21053763.0,2026-04-19
00011,BANCO DE LA NACION ARGENTINA,publico,informacion_estructura,Cantidad de cajas de ahorro de ayuda social,Set-2025,7334410.0,2026-04-19
00011,BANCO DE LA NACION ARGENTINA,publico,informacion_estructura,Cantidad de cuentas previsionales,Set-2025,5117810.0,2026-04-19
00011,BANCO DE LA NACION ARGENTINA,publico,informacion_estructura,Cantidad de operaciones a plazo fijo Individuos,Set-2025,1100045.0,2026-04-19
00011,BANCO DE LA NACION ARGENTINA,publico,informacion_estructura,Cantidad de operaciones a plazo fijo Empresas,Set-2025,69137.0,2026-04-19
00011,BANCO DE LA NACION ARGENTINA,publico,informacion_estructura,Cantidad de operaciones por préstamos hipotecarios,Set-2025,74820.0,2026-04-19
00011,BANCO DE LA NACION ARGENTINA,publico,informacion_estructura,Cantidad de operaciones por préstamos prendarios,Set-2025,19464.0,2026-04-19
00011,BANCO DE LA NACION ARGENTINA,publico,informacion_estructura,Cantidad de operaciones por otros préstamos,Set-2025,5514225.0,2026-04-19
00011,BANCO DE LA NACION ARGENTINA,publico,informacion_estructura,Dotación de personal,Set-2025,15585.0,2026-04-19
00011,BANCO DE LA NACION ARGENTINA,publico,informacion_estructura,Cantidad de titulares por tarjetas de crédito,Set-2025,2649685.0,2026-04-19
00011,BANCO DE LA NACION ARGENTINA,publico,informacion_estructura,Cantidad de tarjetas de crédito (plásticos),Set-2025,5580219.0,2026-04-19
00011,BANCO DE LA NACION ARGENTINA,publico,informacion_estructura,Cantidad de tarjetas de débito,Set-2025,21331291.0,2026-04-19
00011,BANCO DE LA NACION ARGENTINA,publico,informacion_estructura,Cantidad de cuentas corrientes,Dic-2025,368598.0,2026-04-19
00011,BANCO DE LA NACION ARGENTINA,publico,informacion_estructura,Cantidad de cuentas de ahorro,Dic-2025,21191133.0,2026-04-19
00011,BANCO DE LA NACION ARGENTINA,publico,informacion_estructura,Cantidad de cajas de ahorro de ayuda social,Dic-2025,7370931.0,2026-04-19
00011,BANCO DE LA NACION ARGENTINA,publico,informacion_estructura,Cantidad de cuentas previsionales,Dic-2025,5174830.0,2026-04-19
00011,BANCO DE LA NACION ARGENTINA,publico,informacion_estructura,Cantidad de operaciones a plazo fijo Individuos,Dic-2025,947888.0,2026-04-19
00011,BANCO DE LA NACION ARGENTINA,publico,informacion_estructura,Cantidad de operaciones a plazo fijo Empresas,Dic-2025,66977.0,2026-04-19
00011,BANCO DE LA NACION ARGENTINA,publico,informacion_estructura,Cantidad de operaciones por préstamos hipotecarios,Dic-2025,81696.0,2026-04-19
00011,BANCO DE LA NACION ARGENTINA,publico,informacion_estructura,Cantidad de operaciones por préstamos prendarios,Dic-2025,17198.0,2026-04-19
00011,BANCO DE LA NACION ARGENTINA,publico,informacion_estructura,Cantidad de operaciones por otros préstamos,Dic-2025,5517004.0,2026-04-19
00011,BANCO DE LA NACION ARGENTINA,publico,informacion_estructura,Dotación de personal,Dic-2025,15405.0,2026-04-19
00011,BANCO DE LA NACION ARGENTINA,publico,informacion_estructura,Cantidad de titulares por tarjetas de crédito,Dic-2025,2654471.0,2026-04-19
00011,BANCO DE LA NACION ARGENTINA,publico,informacion_estructura,Cantidad de tarjetas de crédito (plásticos),Dic-2025,5868760.0,2026-04-19
00011,BANCO DE LA NACION ARGENTINA,publico,informacion_estructura,Cantidad de tarjetas de débito,Dic-2025,21005564.0,2026-04-19
00011,BANCO DE LA NACION ARGENTINA,publico,informacion_estructura,Cantidad de Cuentas,Dic-2023,1176405.0,2026-04-19
00011,BANCO DE LA NACION ARGENTINA,publico,informacion_estructura,Cantidad de Empresas,Dic-2023,29126.0,2026-04-19
00011,BANCO DE LA NACION ARGENTINA,publico,informacion_estructura,Cantidad de Cuentas,Dic-2024,1144348.0,2026-04-19
00011,BANCO DE LA NACION ARGENTINA,publico,informacion_estructura,Cantidad de Empresas,Dic-2024,33786.0,2026-04-19
00011,BANCO DE LA NACION ARGENTINA,publico,informacion_estructura,Cantidad de Cuentas,Nov-2025,1094819.0,2026-04-19
00011,BANCO DE LA NACION ARGENTINA,publico,informacion_estructura,Cantidad de Empresas,Nov-2025,35972.0,2026-04-19
00011,BANCO DE LA NACION ARGENTINA,publico,informacion_estructura,Cantidad de Cuentas,Dic-2025,1146571.0,2026-04-19
00011,BANCO DE LA NACION ARGENTINA,publico,informacion_estructura,Cantidad de Empresas,Dic-2025,39601.0,2026-04-19
00011,BANCO DE LA NACION ARGENTINA,publico,informacion_estructura,Cantidad de Cuentas,Ene-2026,1107343.0,2026-04-19
00011,BANCO DE LA NACION ARGENTINA,publico,informacion_estructura,Cantidad de Empresas,Ene-2026,37158.0,2026-04-19
00011,BANCO DE LA NACION ARGENTINA,publico,informacion_estructura,CABA,Habilitadas,64.0,2026-04-19
00011,BANCO DE LA NACION ARGENTINA,publico,informacion_estructura,BUENOS AIRES,Habilitadas,191.0,2026-04-19
00011,BANCO DE LA NACION ARGENTINA,publico,informacion_estructura,CATAMARCA,Habilitadas,11.0,2026-04-19
00011,BANCO DE LA NACION ARGENTINA,publico,informacion_estructura,CÓRDOBA,Habilitadas,76.0,2026-04-19
00011,BANCO DE LA NACION ARGENTINA,publico,informacion_estructura,CORRIENTES,Habilitadas,16.0,2026-04-19
00011,BANCO DE LA NACION ARGENTINA,publico,informacion_estructura,CHACO,Habilitadas,19.0,2026-04-19
00011,BANCO DE LA NACION ARGENTINA,publico,informacion_estructura,CHUBUT,Habilitadas,8.0,2026-04-19
00011,BANCO DE LA NACION ARGENTINA,publico,informacion_estructura,ENTRE RÍOS,Habilitadas,26.0,2026-04-19
00011,BANCO DE LA NACION ARGENTINA,publico,informacion_estructura,FORMOSA,Habilitadas,5.0,2026-04-19
00011,BANCO DE LA NACION ARGENTINA,publico,informacion_estructura,JUJUY,Habilitadas,5.0,2026-04-19
00011,BANCO DE LA NACION ARGENTINA,publico,informacion_estructura,LA PAMPA,Habilitadas,14.0,2026-04-19
00011,BANCO DE LA NACION ARGENTINA,publico,informacion_estructura,LA RIOJA,Habilitadas,12.0,2026-04-19
00011,BANCO DE LA NACION ARGENTINA,publico,informacion_estructura,MENDOZA,Habilitadas,37.0,2026-04-19
00011,BANCO DE LA NACION ARGENTINA,publico,informacion_estructura,MISIONES,Habilitadas,14.0,2026-04-19
00011,BANCO DE LA NACION ARGENTINA,publico,informacion_estructura,NEUQUÉN,Habilitadas,7.0,2026-04-19
00011,BANCO DE LA NACION ARGENTINA,publico,informacion_estructura,RÍO NEGRO,Habilitadas,15.0,2026-04-19
00011,BANCO DE LA NACION ARGENTINA,publico,informacion_estructura,SALTA,Habilitadas,9.0,2026-04-19
00011,BANCO DE LA NACION ARGENTINA,publico,informacion_estructura,SAN JUAN,Habilitadas,6.0,2026-04-19
00011,BANCO DE LA NACION ARGENTINA,publico,informacion_estructura,SAN LUIS,Habilitadas,6.0,2026-04-19
00011,BANCO DE LA NACION ARGENTINA,publico,informacion_estructura,SANTA CRUZ,Habilitadas,12.0,2026-04-19
00011,BANCO DE LA NACION ARGENTINA,publico,informacion_estructura,SANTA FE,Habilitadas,67.0,2026-04-19
00011,BANCO DE LA NACION ARGENTINA,publico,informacion_estructura,SANTIAGO DEL ESTERO,Habilitadas,8.0,2026-04-19
00011,BANCO DE LA NACION ARGENTINA,publico,informacion_estructura,TUCUMÁN,Habilitadas,12.0,2026-04-19
00011,BANCO DE LA NACION ARGENTINA,publico,informacion_estructura,TIERRA DE FUEGO,Habilitadas,2.0,2026-04-19
00011,BANCO DE LA NACION ARGENTINA,publico,informacion_estructura,CABA,Habilitadas,,2026-04-19
00011,BANCO DE LA NACION ARGENTINA,publico,informacion_estructura,BUENOS AIRES,Habilitadas,,2026-04-19
00011,BANCO DE LA NACION ARGENTINA,publico,informacion_estructura,CATAMARCA,Habilitadas,4.0,2026-04-19
00011,BANCO DE LA NACION ARGENTINA,publico,informacion_estructura,CÓRDOBA,Habilitadas,,2026-04-19
00011,BANCO DE LA NACION ARGENTINA,publico,informacion_estructura,CORRIENTES,Habilitadas,,2026-04-19
00011,BANCO DE LA NACION ARGENTINA,publico,informacion_estructura,CHACO,Habilitadas,,2026-04-19
00011,BANCO DE LA NACION ARGENTINA,publico,informacion_estructura,CHUBUT,Habilitadas,,2026-04-19
00011,BANCO DE LA NACION ARGENTINA,publico,informacion_estructura,ENTRE RÍOS,Habilitadas,,2026-04-19
00011,BANCO DE LA NACION ARGENTINA,publico,informacion_estructura,FORMOSA,Habilitadas,,2026-04-19
00011,BANCO DE LA NACION ARGENTINA,publico,informacion_estructura,JUJUY,Habilitadas,,2026-04-19
00011,BANCO DE LA NACION ARGENTINA,publico,informacion_estructura,LA PAMPA,Habilitadas,,2026-04-19
00011,BANCO DE LA NACION ARGENTINA,publico,informacion_estructura,LA RIOJA,Habilitadas,,2026-04-19
00011,BANCO DE LA NACION ARGENTINA,publico,informacion_estructura,MENDOZA,Habilitadas,,2026-04-19
00011,BANCO DE LA NACION ARGENTINA,publico,informacion_estructura,MISIONES,Habilitadas,,2026-04-19
00011,BANCO DE LA NACION ARGENTINA,publico,informacion_estructura,NEUQUÉN,Habilitadas,,2026-04-19
00011,BANCO DE LA NACION ARGENTINA,publico,informacion_estructura,RÍO NEGRO,Habilitadas,,2026-04-19
00011,BANCO DE LA NACION ARGENTINA,publico,informacion_estructura,SALTA,Habilitadas,,2026-04-19
00011,BANCO DE LA NACION ARGENTINA,publico,informacion_estructura,SAN JUAN,Habilitadas,1.0,2026-04-19
00011,BANCO DE LA NACION ARGENTINA,publico,informacion_estructura,SAN LUIS,Habilitadas,,2026-04-19
00011,BANCO DE LA NACION ARGENTINA,publico,informacion_estructura,SANTA CRUZ,Habilitadas,,2026-04-19
00011,BANCO DE LA NACION ARGENTINA,publico,informacion_estructura,SANTA FE,Habilitadas,,2026-04-19
00011,BANCO DE LA NACION ARGENTINA,publico,informacion_estructura,SANTIAGO DEL ESTERO,Habilitadas,,2026-04-19
00011,BANCO DE LA NACION ARGENTINA,publico,informacion_estructura,TUCUMÁN,Habilitadas,,2026-04-19
00011,BANCO DE LA NACION ARGENTINA,publico,informacion_estructura,TIERRA DE FUEGO,Habilitadas,,2026-04-19
00011,BANCO DE LA NACION ARGENTINA,publico,informacion_estructura,CABA,Habilitadas,1.0,2026-04-19
00011,BANCO DE LA NACION ARGENTINA,publico,informacion_estructura,BUENOS AIRES,Habilitadas,5.0,2026-04-19
00011,BANCO DE LA NACION ARGENTINA,publico,informacion_estructura,CATAMARCA,Habilitadas,2.0,2026-04-19
00011,BANCO DE LA NACION ARGENTINA,publico,informacion_estructura,CÓRDOBA,Habilitadas,2.0,2026-04-19
00011,BANCO DE LA NACION ARGENTINA,publico,informacion_estructura,CORRIENTES,Habilitadas,,2026-04-19
00011,BANCO DE LA NACION ARGENTINA,publico,informacion_estructura,CHACO,Habilitadas,,2026-04-19
00011,BANCO DE LA NACION ARGENTINA,publico,informacion_estructura,CHUBUT,Habilitadas,,2026-04-19
00011,BANCO DE LA NACION ARGENTINA,publico,informacion_estructura,ENTRE RÍOS,Habilitadas,1.0,2026-04-19
00011,BANCO DE LA NACION ARGENTINA,publico,informacion_estructura,FORMOSA,Habilitadas,,2026-04-19
00011,BANCO DE LA NACION ARGENTINA,publico,informacion_estructura,JUJUY,Habilitadas,1.0,2026-04-19
00011,BANCO DE LA NACION ARGENTINA,publico,informacion_estructura,LA PAMPA,Habilitadas,,2026-04-19
00011,BANCO DE LA NACION ARGENTINA,publico,informacion_estructura,LA RIOJA,Habilitadas,,2026-04-19
00011,BANCO DE LA NACION ARGENTINA,publico,informacion_estructura,MENDOZA,Habilitadas,1.0,2026-04-19
00011,BANCO DE LA NACION ARGENTINA,publico,informacion_estructura,MISIONES,Habilitadas,1.0,2026-04-19
00011,BANCO DE LA NACION ARGENTINA,publico,informacion_estructura,NEUQUÉN,Habilitadas,1.0,2026-04-19
00011,BANCO DE LA NACION ARGENTINA,publico,informacion_estructura,RÍO NEGRO,Habilitadas,,2026-04-19
00011,BANCO DE LA NACION ARGENTINA,publico,informacion_estructura,SALTA,Habilitadas,,2026-04-19
00011,BANCO DE LA NACION ARGENTINA,publico,informacion_estructura,SAN JUAN,Habilitadas,,2026-04-19
00011,BANCO DE LA NACION ARGENTINA,publico,informacion_estructura,SAN LUIS,Habilitadas,,2026-04-19
00011,BANCO DE LA NACION ARGENTINA,publico,informacion_estructura,SANTA CRUZ,Habilitadas,,2026-04-19
00011,BANCO DE LA NACION ARGENTINA,publico,informacion_estructura,SANTA FE,Habilitadas,1.0,2026-04-19
00011,BANCO DE LA NACION ARGENTINA,publico,informacion_estructura,SANTIAGO DEL ESTERO,Habilitadas,,2026-04-19
00011,BANCO DE LA NACION ARGENTINA,publico,informacion_estructura,TUCUMÁN,Habilitadas,,2026-04-19
00011,BANCO DE LA NACION ARGENTINA,publico,informacion_estructura,TIERRA DE FUEGO,Habilitadas,,2026-04-19
00011,BANCO DE LA NACION ARGENTINA,publico,informacion_estructura,CABA,Habilitadas,343.0,2026-04-19
00011,BANCO DE LA NACION ARGENTINA,publico,informacion_estructura,BUENOS AIRES,Habilitadas,805.0,2026-04-19
00011,BANCO DE LA NACION ARGENTINA,publico,informacion_estructura,CATAMARCA,Habilitadas,152.0,2026-04-19
00011,BANCO DE LA NACION ARGENTINA,publico,informacion_estructura,CÓRDOBA,Habilitadas,295.0,2026-04-19
00011,BANCO DE LA NACION ARGENTINA,publico,informacion_estructura,CORRIENTES,Habilitadas,57.0,2026-04-19
00011,BANCO DE LA NACION ARGENTINA,publico,informacion_estructura,CHACO,Habilitadas,63.0,2026-04-19
00011,BANCO DE LA NACION ARGENTINA,publico,informacion_estructura,CHUBUT,Habilitadas,37.0,2026-04-19
00011,BANCO DE LA NACION ARGENTINA,publico,informacion_estructura,ENTRE RÍOS,Habilitadas,93.0,2026-04-19
00011,BANCO DE LA NACION ARGENTINA,publico,informacion_estructura,FORMOSA,Habilitadas,22.0,2026-04-19
00011,BANCO DE LA NACION ARGENTINA,publico,informacion_estructura,JUJUY,Habilitadas,34.0,2026-04-19
00011,BANCO DE LA NACION ARGENTINA,publico,informacion_estructura,LA PAMPA,Habilitadas,35.0,2026-04-19
00011,BANCO DE LA NACION ARGENTINA,publico,informacion_estructura,LA RIOJA,Habilitadas,27.0,2026-04-19
00011,BANCO DE LA NACION ARGENTINA,publico,informacion_estructura,MENDOZA,Habilitadas,261.0,2026-04-19
00011,BANCO DE LA NACION ARGENTINA,publico,informacion_estructura,MISIONES,Habilitadas,72.0,2026-04-19
00011,BANCO DE LA NACION ARGENTINA,publico,informacion_estructura,NEUQUÉN,Habilitadas,37.0,2026-04-19
00011,BANCO DE LA NACION ARGENTINA,publico,informacion_estructura,RÍO NEGRO,Habilitadas,78.0,2026-04-19
00011,BANCO DE LA NACION ARGENTINA,publico,informacion_estructura,SALTA,Habilitadas,48.0,2026-04-19
00011,BANCO DE LA NACION ARGENTINA,publico,informacion_estructura,SAN JUAN,Habilitadas,27.0,2026-04-19
00011,BANCO DE LA NACION ARGENTINA,publico,informacion_estructura,SAN LUIS,Habilitadas,29.0,2026-04-19
00011,BANCO DE LA NACION ARGENTINA,publico,informacion_estructura,SANTA CRUZ,Habilitadas,54.0,2026-04-19
00011,BANCO DE LA NACION ARGENTINA,publico,informacion_estructura,SANTA FE,Habilitadas,211.0,2026-04-19
00011,BANCO DE LA NACION ARGENTINA,publico,informacion_estructura,SANTIAGO DEL ESTERO,Habilitadas,32.0,2026-04-19
00011,BANCO DE LA NACION ARGENTINA,publico,informacion_estructura,TUCUMÁN,Habilitadas,64.0,2026-04-19
00011,BANCO DE LA NACION ARGENTINA,publico,informacion_estructura,TIERRA DE FUEGO,Habilitadas,9.0,2026-04-19
00011,BANCO DE LA NACION ARGENTINA,publico,informacion_estructura,CABA,Habilitadas,92.0,2026-04-19
00011,BANCO DE LA NACION ARGENTINA,publico,informacion_estructura,BUENOS AIRES,Habilitadas,220.0,2026-04-19
00011,BANCO DE LA NACION ARGENTINA,publico,informacion_estructura,CATAMARCA,Habilitadas,10.0,2026-04-19
00011,BANCO DE LA NACION ARGENTINA,publico,informacion_estructura,CÓRDOBA,Habilitadas,37.0,2026-04-19
00011,BANCO DE LA NACION ARGENTINA,publico,informacion_estructura,CORRIENTES,Habilitadas,12.0,2026-04-19
00011,BANCO DE LA NACION ARGENTINA,publico,informacion_estructura,CHACO,Habilitadas,14.0,2026-04-19
00011,BANCO DE LA NACION ARGENTINA,publico,informacion_estructura,CHUBUT,Habilitadas,8.0,2026-04-19
00011,BANCO DE LA NACION ARGENTINA,publico,informacion_estructura,ENTRE RÍOS,Habilitadas,14.0,2026-04-19
00011,BANCO DE LA NACION ARGENTINA,publico,informacion_estructura,FORMOSA,Habilitadas,2.0,2026-04-19
00011,BANCO DE LA NACION ARGENTINA,publico,informacion_estructura,JUJUY,Habilitadas,6.0,2026-04-19
00011,BANCO DE LA NACION ARGENTINA,publico,informacion_estructura,LA PAMPA,Habilitadas,4.0,2026-04-19
00011,BANCO DE LA NACION ARGENTINA,publico,informacion_estructura,LA RIOJA,Habilitadas,6.0,2026-04-19
00011,BANCO DE LA NACION ARGENTINA,publico,informacion_estructura,MENDOZA,Habilitadas,41.0,2026-04-19
00011,BANCO DE LA NACION ARGENTINA,publico,informacion_estructura,MISIONES,Habilitadas,19.0,2026-04-19
00011,BANCO DE LA NACION ARGENTINA,publico,informacion_estructura,NEUQUÉN,Habilitadas,8.0,2026-04-19
00011,BANCO DE LA NACION ARGENTINA,publico,informacion_estructura,RÍO NEGRO,Habilitadas,12.0,2026-04-19
00011,BANCO DE LA NACION ARGENTINA,publico,informacion_estructura,SALTA,Habilitadas,7.0,2026-04-19
00011,BANCO DE LA NACION ARGENTINA,publico,informacion_estructura,SAN JUAN,Habilitadas,2.0,2026-04-19
00011,BANCO DE LA NACION ARGENTINA,publico,informacion_estructura,SAN LUIS,Habilitadas,4.0,2026-04-19
00011,BANCO DE LA NACION ARGENTINA,publico,informacion_estructura,SANTA CRUZ,Habilitadas,10.0,2026-04-19
00011,BANCO DE LA NACION ARGENTINA,publico,informacion_estructura,SANTA FE,Habilitadas,47.0,2026-04-19
00011,BANCO DE LA NACION ARGENTINA,publico,informacion_estructura,SANTIAGO DEL ESTERO,Habilitadas,10.0,2026-04-19
00011,BANCO DE LA NACION ARGENTINA,publico,informacion_estructura,TUCUMÁN,Habilitadas,13.0,2026-04-19
00011,BANCO DE LA NACION ARGENTINA,publico,informacion_estructura,TIERRA DE FUEGO,Habilitadas,2.0,2026-04-19
00011,BANCO DE LA NACION ARGENTINA,publico,informacion_estructura,CABA,Habilitadas,5.0,2026-04-19
00011,BANCO DE LA NACION ARGENTINA,publico,informacion_estructura,BUENOS AIRES,Habilitadas,9.0,2026-04-19
00011,BANCO DE LA NACION ARGENTINA,publico,informacion_estructura,CATAMARCA,Habilitadas,1.0,2026-04-19
00011,BANCO DE LA NACION ARGENTINA,publico,informacion_estructura,CÓRDOBA,Habilitadas,6.0,2026-04-19
00011,BANCO DE LA NACION ARGENTINA,publico,informacion_estructura,CORRIENTES,Habilitadas,,2026-04-19
00011,BANCO DE LA NACION ARGENTINA,publico,informacion_estructura,CHACO,Habilitadas,1.0,2026-04-19
00011,BANCO DE LA NACION ARGENTINA,publico,informacion_estructura,CHUBUT,Habilitadas,,2026-04-19
00011,BANCO DE LA NACION ARGENTINA,publico,informacion_estructura,ENTRE RÍOS,Habilitadas,,2026-04-19
00011,BANCO DE LA NACION ARGENTINA,publico,informacion_estructura,FORMOSA,Habilitadas,,2026-04-19
00011,BANCO DE LA NACION ARGENTINA,publico,informacion_estructura,JUJUY,Habilitadas,,2026-04-19
00011,BANCO DE LA NACION ARGENTINA,publico,informacion_estructura,LA PAMPA,Habilitadas,,2026-04-19
00011,BANCO DE LA NACION ARGENTINA,publico,informacion_estructura,LA RIOJA,Habilitadas,,2026-04-19
00011,BANCO DE LA NACION ARGENTINA,publico,informacion_estructura,MENDOZA,Habilitadas,1.0,2026-04-19
00011,BANCO DE LA NACION ARGENTINA,publico,informacion_estructura,MISIONES,Habilitadas,1.0,2026-04-19
00011,BANCO DE LA NACION ARGENTINA,publico,informacion_estructura,NEUQUÉN,Habilitadas,2.0,2026-04-19
00011,BANCO DE LA NACION ARGENTINA,publico,informacion_estructura,RÍO NEGRO,Habilitadas,,2026-04-19
00011,BANCO DE LA NACION ARGENTINA,publico,informacion_estructura,SALTA,Habilitadas,2.0,2026-04-19
00011,BANCO DE LA NACION ARGENTINA,publico,informacion_estructura,SAN JUAN,Habilitadas,,2026-04-19
00011,BANCO DE LA NACION ARGENTINA,publico,informacion_estructura,SAN LUIS,Habilitadas,,2026-04-19
00011,BANCO DE LA NACION ARGENTINA,publico,informacion_estructura,SANTA CRUZ,Habilitadas,,2026-04-19
00011,BANCO DE LA NACION ARGENTINA,publico,informacion_estructura,SANTA FE,Habilitadas,2.0,2026-04-19
00011,BANCO DE LA NACION ARGENTINA,publico,informacion_estructura,SANTIAGO DEL ESTERO,Habilitadas,,2026-04-19
00011,BANCO DE LA NACION ARGENTINA,publico,informacion_estructura,TUCUMÁN,Habilitadas,,2026-04-19
00011,BANCO DE LA NACION ARGENTINA,publico,informacion_estructura,TIERRA DE FUEGO,Habilitadas,,2026-04-19
00011,BANCO DE LA NACION ARGENTINA,publico,informacion_estructura,CABA,Habilitadas,10.0,2026-04-19
00011,BANCO DE LA NACION ARGENTINA,publico,informacion_estructura,BUENOS AIRES,Habilitadas,20.0,2026-04-19
00011,BANCO DE LA NACION ARGENTINA,publico,informacion_estructura,CATAMARCA,Habilitadas,3.0,2026-04-19
00011,BANCO DE LA NACION ARGENTINA,publico,informacion_estructura,CÓRDOBA,Habilitadas,1.0,2026-04-19
00011,BANCO DE LA NACION ARGENTINA,publico,informacion_estructura,CORRIENTES,Habilitadas,2.0,2026-04-19
00011,BANCO DE LA NACION ARGENTINA,publico,informacion_estructura,CHACO,Habilitadas,,2026-04-19
00011,BANCO DE LA NACION ARGENTINA,publico,informacion_estructura,CHUBUT,Habilitadas,1.0,2026-04-19
00011,BANCO DE LA NACION ARGENTINA,publico,informacion_estructura,ENTRE RÍOS,Habilitadas,1.0,2026-04-19
00011,BANCO DE LA NACION ARGENTINA,publico,informacion_estructura,FORMOSA,Habilitadas,1.0,2026-04-19
00011,BANCO DE LA NACION ARGENTINA,publico,informacion_estructura,JUJUY,Habilitadas,1.0,2026-04-19
00011,BANCO DE LA NACION ARGENTINA,publico,informacion_estructura,LA PAMPA,Habilitadas,,2026-04-19
00011,BANCO DE LA NACION ARGENTINA,publico,informacion_estructura,LA RIOJA,Habilitadas,1.0,2026-04-19
00011,BANCO DE LA NACION ARGENTINA,publico,informacion_estructura,MENDOZA,Habilitadas,16.0,2026-04-19
00011,BANCO DE LA NACION ARGENTINA,publico,informacion_estructura,MISIONES,Habilitadas,1.0,2026-04-19
00011,BANCO DE LA NACION ARGENTINA,publico,informacion_estructura,NEUQUÉN,Habilitadas,1.0,2026-04-19
00011,BANCO DE LA NACION ARGENTINA,publico,informacion_estructura,RÍO NEGRO,Habilitadas,3.0,2026-04-19
00011,BANCO DE LA NACION ARGENTINA,publico,informacion_estructura,SALTA,Habilitadas,3.0,2026-04-19
00011,BANCO DE LA NACION ARGENTINA,publico,informacion_estructura,SAN JUAN,Habilitadas,1.0,2026-04-19
00011,BANCO DE LA NACION ARGENTINA,publico,informacion_estructura,SAN LUIS,Habilitadas,2.0,2026-04-19
00011,BANCO DE LA NACION ARGENTINA,publico,informacion_estructura,SANTA CRUZ,Habilitadas,1.0,2026-04-19
00011,BANCO DE LA NACION ARGENTINA,publico,informacion_estructura,SANTA FE,Habilitadas,3.0,2026-04-19
00011,BANCO DE LA NACION ARGENTINA,publico,informacion_estructura,SANTIAGO DEL ESTERO,Habilitadas,,2026-04-19
00011,BANCO DE LA NACION ARGENTINA,publico,informacion_estructura,TUCUMÁN,Habilitadas,2.0,2026-04-19
00011,BANCO DE LA NACION ARGENTINA,publico,informacion_estructura,TIERRA DE FUEGO,Habilitadas,,2026-04-19
00011,BANCO DE LA NACION ARGENTINA,publico,informacion_estructura,CABA,Pendientes de habilitación,,2026-04-19
00011,BANCO DE LA NACION ARGENTINA,publico,informacion_estructura,BUENOS AIRES,Pendientes de habilitación,,2026-04-19
00011,BANCO DE LA NACION ARGENTINA,publico,informacion_estructura,CATAMARCA,Pendientes de habilitación,,2026-04-19
00011,BANCO DE LA NACION ARGENTINA,publico,informacion_estructura,CÓRDOBA,Pendientes de habilitación,,2026-04-19
00011,BANCO DE LA NACION ARGENTINA,publico,informacion_estructura,CORRIENTES,Pendientes de habilitación,,2026-04-19
00011,BANCO DE LA NACION ARGENTINA,publico,informacion_estructura,CHACO,Pendientes de habilitación,,2026-04-19
00011,BANCO DE LA NACION ARGENTINA,publico,informacion_estructura,CHUBUT,Pendientes de habilitación,,2026-04-19
00011,BANCO DE LA NACION ARGENTINA,publico,informacion_estructura,ENTRE RÍOS,Pendientes de habilitación,,2026-04-19
00011,BANCO DE LA NACION ARGENTINA,publico,informacion_estructura,FORMOSA,Pendientes de habilitación,,2026-04-19
00011,BANCO DE LA NACION ARGENTINA,publico,informacion_estructura,JUJUY,Pendientes de habilitación,,2026-04-19
00011,BANCO DE LA NACION ARGENTINA,publico,informacion_estructura,LA PAMPA,Pendientes de habilitación,,2026-04-19
00011,BANCO DE LA NACION ARGENTINA,publico,informacion_estructura,LA RIOJA,Pendientes de habilitación,,2026-04-19
00011,BANCO DE LA NACION ARGENTINA,publico,informacion_estructura,MENDOZA,Pendientes de habilitación,,2026-04-19
00011,BANCO DE LA NACION ARGENTINA,publico,informacion_estructura,MISIONES,Pendientes de habilitación,,2026-04-19
00011,BANCO DE LA NACION ARGENTINA,publico,informacion_estructura,NEUQUÉN,Pendientes de habilitación,,2026-04-19
00011,BANCO DE LA NACION ARGENTINA,publico,informacion_estructura,RÍO NEGRO,Pendientes de habilitación,,2026-04-19
00011,BANCO DE LA NACION ARGENTINA,publico,informacion_estructura,SALTA,Pendientes de habilitación,,2026-04-19
00011,BANCO DE LA NACION ARGENTINA,publico,informacion_estructura,SAN JUAN,Pendientes de habilitación,,2026-04-19
00011,BANCO DE LA NACION ARGENTINA,publico,informacion_estructura,SAN LUIS,Pendientes de habilitación,,2026-04-19
00011,BANCO DE LA NACION ARGENTINA,publico,informacion_estructura,SANTA CRUZ,Pendientes de habilitación,,2026-04-19
00011,BANCO DE LA NACION ARGENTINA,publico,informacion_estructura,SANTA FE,Pendientes de habilitación,2.0,2026-04-19
00011,BANCO DE LA NACION ARGENTINA,publico,informacion_estructura,SANTIAGO DEL ESTERO,Pendientes de habilitación,,2026-04-19
00011,BANCO DE LA NACION ARGENTINA,publico,informacion_estructura,TUCUMÁN,Pendientes de habilitación,,2026-04-19
00011,BANCO DE LA NACION ARGENTINA,publico,informacion_estructura,TIERRA DE FUEGO,Pendientes de habilitación,,2026-04-19
00011,BANCO DE LA NACION ARGENTINA,publico,informacion_estructura,CABA,Total,64.0,2026-04-19
00011,BANCO DE LA NACION ARGENTINA,publico,informacion_estructura,BUENOS AIRES,Total,191.0,2026-04-19
00011,BANCO DE LA NACION ARGENTINA,publico,informacion_estructura,CATAMARCA,Total,11.0,2026-04-19
00011,BANCO DE LA NACION ARGENTINA,publico,informacion_estructura,CÓRDOBA,Total,76.0,2026-04-19
00011,BANCO DE LA NACION ARGENTINA,publico,informacion_estructura,CORRIENTES,Total,16.0,2026-04-19
00011,BANCO DE LA NACION ARGENTINA,publico,informacion_estructura,CHACO,Total,19.0,2026-04-19
00011,BANCO DE LA NACION ARGENTINA,publico,informacion_estructura,CHUBUT,Total,8.0,2026-04-19
00011,BANCO DE LA NACION ARGENTINA,publico,informacion_estructura,ENTRE RÍOS,Total,26.0,2026-04-19
00011,BANCO DE LA NACION ARGENTINA,publico,informacion_estructura,FORMOSA,Total,5.0,2026-04-19
00011,BANCO DE LA NACION ARGENTINA,publico,informacion_estructura,JUJUY,Total,5.0,2026-04-19
00011,BANCO DE LA NACION ARGENTINA,publico,informacion_estructura,LA PAMPA,Total,14.0,2026-04-19
00011,BANCO DE LA NACION ARGENTINA,publico,informacion_estructura,LA RIOJA,Total,12.0,2026-04-19
00011,BANCO DE LA NACION ARGENTINA,publico,informacion_estructura,MENDOZA,Total,37.0,2026-04-19
00011,BANCO DE LA NACION ARGENTINA,publico,informacion_estructura,MISIONES,Total,14.0,2026-04-19
00011,BANCO DE LA NACION ARGENTINA,publico,informacion_estructura,NEUQUÉN,Total,7.0,2026-04-19
00011,BANCO DE LA NACION ARGENTINA,publico,informacion_estructura,RÍO NEGRO,Total,15.0,2026-04-19
00011,BANCO DE LA NACION ARGENTINA,publico,informacion_estructura,SALTA,Total,9.0,2026-04-19
00011,BANCO DE LA NACION ARGENTINA,publico,informacion_estructura,SAN JUAN,Total,6.0,2026-04-19
00011,BANCO DE LA NACION ARGENTINA,publico,informacion_estructura,SAN LUIS,Total,6.0,2026-04-19
00011,BANCO DE LA NACION ARGENTINA,publico,informacion_estructura,SANTA CRUZ,Total,12.0,2026-04-19
00011,BANCO DE LA NACION ARGENTINA,publico,informacion_estructura,SANTA FE,Total,69.0,2026-04-19
00011,BANCO DE LA NACION ARGENTINA,publico,informacion_estructura,SANTIAGO DEL ESTERO,Total,8.0,2026-04-19
00011,BANCO DE LA NACION ARGENTINA,publico,informacion_estructura,TUCUMÁN,Total,12.0,2026-04-19
00011,BANCO DE LA NACION ARGENTINA,publico,informacion_estructura,TIERRA DE FUEGO,Total,2.0,2026-04-19
00011,BANCO DE LA NACION ARGENTINA,publico,informacion_estructura,BOLIVIA,Sucursales,1.0,2026-04-19
00011,BANCO DE LA NACION ARGENTINA,publico,informacion_estructura,BRASIL,Sucursales,1.0,2026-04-19
00011,BANCO DE LA NACION ARGENTINA,publico,informacion_estructura,CHILE,Sucursales,1.0,2026-04-19
00011,BANCO DE LA NACION ARGENTINA,publico,informacion_estructura,CHINA,Sucursales,,2026-04-19
00011,BANCO DE LA NACION ARGENTINA,publico,informacion_estructura,ESPAÑA,Sucursales,1.0,2026-04-19
00011,BANCO DE LA NACION ARGENTINA,publico,informacion_estructura,ESTADOS UNIDOS,Sucursales,2.0,2026-04-19
00011,BANCO DE LA NACION ARGENTINA,publico,informacion_estructura,PARAGUAY,Sucursales,5.0,2026-04-19
00011,BANCO DE LA NACION ARGENTINA,publico,informacion_estructura,URUGUAY,Sucursales,1.0,2026-04-19
00011,BANCO DE LA NACION ARGENTINA,publico,informacion_estructura,BOLIVIA,Of. de representación,,2026-04-19
00011,BANCO DE LA NACION ARGENTINA,publico,informacion_estructura,BRASIL,Of. de representación,,2026-04-19
00011,BANCO DE LA NACION ARGENTINA,publico,informacion_estructura,CHILE,Of. de representación,,2026-04-19
00011,BANCO DE LA NACION ARGENTINA,publico,informacion_estructura,CHINA,Of. de representación,1.0,2026-04-19
00011,BANCO DE LA NACION ARGENTINA,publico,informacion_estructura,ESPAÑA,Of. de representación,,2026-04-19
00011,BANCO DE LA NACION ARGENTINA,publico,informacion_estructura,ESTADOS UNIDOS,Of. de representación,,2026-04-19
00011,BANCO DE LA NACION ARGENTINA,publico,informacion_estructura,PARAGUAY,Of. de representación,,2026-04-19
00011,BANCO DE LA NACION ARGENTINA,publico,informacion_estructura,URUGUAY,Of. de representación,,2026-04-19
00093,BANCO DE LA PAMPA SA,publico,informacion_estructura,Cantidad de cuentas corrientes,Dic-2023,73692.0,2026-04-19
00093,BANCO DE LA PAMPA SA,publico,informacion_estructura,Cantidad de cuentas de ahorro,Dic-2023,517394.0,2026-04-19
00093,BANCO DE LA PAMPA SA,publico,informacion_estructura,Cantidad de cajas de ahorro de ayuda social,Dic-2023,63450.0,2026-04-19
00093,BANCO DE LA PAMPA SA,publico,informacion_estructura,Cantidad de cuentas previsionales,Dic-2023,75381.0,2026-04-19
00093,BANCO DE LA PAMPA SA,publico,informacion_estructura,Cantidad de operaciones a plazo fijo Individuos,Dic-2023,60305.0,2026-04-19
00093,BANCO DE LA PAMPA SA,publico,informacion_estructura,Cantidad de operaciones a plazo fijo Empresas,Dic-2023,2000.0,2026-04-19
00093,BANCO DE LA PAMPA SA,publico,informacion_estructura,Cantidad de operaciones por préstamos hipotecarios,Dic-2023,429.0,2026-04-19
00093,BANCO DE LA PAMPA SA,publico,informacion_estructura,Cantidad de operaciones por préstamos prendarios,Dic-2023,33.0,2026-04-19
00093,BANCO DE LA PAMPA SA,publico,informacion_estructura,Cantidad de operaciones por otros préstamos,Dic-2023,336192.0,2026-04-19
00093,BANCO DE LA PAMPA SA,publico,informacion_estructura,Dotación de personal,Dic-2023,800.0,2026-04-19
00093,BANCO DE LA PAMPA SA,publico,informacion_estructura,Cantidad de titulares por tarjetas de crédito,Dic-2023,202785.0,2026-04-19
00093,BANCO DE LA PAMPA SA,publico,informacion_estructura,Cantidad de tarjetas de crédito (plásticos),Dic-2023,240660.0,2026-04-19
00093,BANCO DE LA PAMPA SA,publico,informacion_estructura,Cantidad de tarjetas de débito,Dic-2023,261825.0,2026-04-19
00093,BANCO DE LA PAMPA SA,publico,informacion_estructura,Cantidad de cuentas corrientes,Dic-2024,69612.0,2026-04-19
00093,BANCO DE LA PAMPA SA,publico,informacion_estructura,Cantidad de cuentas de ahorro,Dic-2024,515922.0,2026-04-19
00093,BANCO DE LA PAMPA SA,publico,informacion_estructura,Cantidad de cajas de ahorro de ayuda social,Dic-2024,61285.0,2026-04-19
00093,BANCO DE LA PAMPA SA,publico,informacion_estructura,Cantidad de cuentas previsionales,Dic-2024,75302.0,2026-04-19
00093,BANCO DE LA PAMPA SA,publico,informacion_estructura,Cantidad de operaciones a plazo fijo Individuos,Dic-2024,47112.0,2026-04-19
00093,BANCO DE LA PAMPA SA,publico,informacion_estructura,Cantidad de operaciones a plazo fijo Empresas,Dic-2024,2131.0,2026-04-19
00093,BANCO DE LA PAMPA SA,publico,informacion_estructura,Cantidad de operaciones por préstamos hipotecarios,Dic-2024,363.0,2026-04-19
00093,BANCO DE LA PAMPA SA,publico,informacion_estructura,Cantidad de operaciones por préstamos prendarios,Dic-2024,17.0,2026-04-19
00093,BANCO DE LA PAMPA SA,publico,informacion_estructura,Cantidad de operaciones por otros préstamos,Dic-2024,328395.0,2026-04-19
00093,BANCO DE LA PAMPA SA,publico,informacion_estructura,Dotación de personal,Dic-2024,763.0,2026-04-19
00093,BANCO DE LA PAMPA SA,publico,informacion_estructura,Cantidad de titulares por tarjetas de crédito,Dic-2024,209514.0,2026-04-19
00093,BANCO DE LA PAMPA SA,publico,informacion_estructura,Cantidad de tarjetas de crédito (plásticos),Dic-2024,247675.0,2026-04-19
00093,BANCO DE LA PAMPA SA,publico,informacion_estructura,Cantidad de tarjetas de débito,Dic-2024,248177.0,2026-04-19
00093,BANCO DE LA PAMPA SA,publico,informacion_estructura,Cantidad de cuentas corrientes,Jun-2025,63961.0,2026-04-19
00093,BANCO DE LA PAMPA SA,publico,informacion_estructura,Cantidad de cuentas de ahorro,Jun-2025,517855.0,2026-04-19
00093,BANCO DE LA PAMPA SA,publico,informacion_estructura,Cantidad de cajas de ahorro de ayuda social,Jun-2025,60412.0,2026-04-19
00093,BANCO DE LA PAMPA SA,publico,informacion_estructura,Cantidad de cuentas previsionales,Jun-2025,74453.0,2026-04-19
00093,BANCO DE LA PAMPA SA,publico,informacion_estructura,Cantidad de operaciones a plazo fijo Individuos,Jun-2025,42012.0,2026-04-19
00093,BANCO DE LA PAMPA SA,publico,informacion_estructura,Cantidad de operaciones a plazo fijo Empresas,Jun-2025,2155.0,2026-04-19
00093,BANCO DE LA PAMPA SA,publico,informacion_estructura,Cantidad de operaciones por préstamos hipotecarios,Jun-2025,346.0,2026-04-19
00093,BANCO DE LA PAMPA SA,publico,informacion_estructura,Cantidad de operaciones por préstamos prendarios,Jun-2025,12.0,2026-04-19
00093,BANCO DE LA PAMPA SA,publico,informacion_estructura,Cantidad de operaciones por otros préstamos,Jun-2025,339186.0,2026-04-19
00093,BANCO DE LA PAMPA SA,publico,informacion_estructura,Dotación de personal,Jun-2025,750.0,2026-04-19
00093,BANCO DE LA PAMPA SA,publico,informacion_estructura,Cantidad de titulares por tarjetas de crédito,Jun-2025,210177.0,2026-04-19
00093,BANCO DE LA PAMPA SA,publico,informacion_estructura,Cantidad de tarjetas de crédito (plásticos),Jun-2025,248196.0,2026-04-19
00093,BANCO DE LA PAMPA SA,publico,informacion_estructura,Cantidad de tarjetas de débito,Jun-2025,249253.0,2026-04-19
00093,BANCO DE LA PAMPA SA,publico,informacion_estructura,Cantidad de cuentas corrientes,Set-2025,69767.0,2026-04-19
00093,BANCO DE LA PAMPA SA,publico,informacion_estructura,Cantidad de cuentas de ahorro,Set-2025,524184.0,2026-04-19
00093,BANCO DE LA PAMPA SA,publico,informacion_estructura,Cantidad de cajas de ahorro de ayuda social,Set-2025,61769.0,2026-04-19
00093,BANCO DE LA PAMPA SA,publico,informacion_estructura,Cantidad de cuentas previsionales,Set-2025,75333.0,2026-04-19
00093,BANCO DE LA PAMPA SA,publico,informacion_estructura,Cantidad de operaciones a plazo fijo Individuos,Set-2025,42829.0,2026-04-19
00093,BANCO DE LA PAMPA SA,publico,informacion_estructura,Cantidad de operaciones a plazo fijo Empresas,Set-2025,2146.0,2026-04-19
00093,BANCO DE LA PAMPA SA,publico,informacion_estructura,Cantidad de operaciones por préstamos hipotecarios,Set-2025,340.0,2026-04-19
00093,BANCO DE LA PAMPA SA,publico,informacion_estructura,Cantidad de operaciones por préstamos prendarios,Set-2025,10.0,2026-04-19
00093,BANCO DE LA PAMPA SA,publico,informacion_estructura,Cantidad de operaciones por otros préstamos,Set-2025,334748.0,2026-04-19
00093,BANCO DE LA PAMPA SA,publico,informacion_estructura,Dotación de personal,Set-2025,742.0,2026-04-19
00093,BANCO DE LA PAMPA SA,publico,informacion_estructura,Cantidad de titulares por tarjetas de crédito,Set-2025,212680.0,2026-04-19
00093,BANCO DE LA PAMPA SA,publico,informacion_estructura,Cantidad de tarjetas de crédito (plásticos),Set-2025,250380.0,2026-04-19
00093,BANCO DE LA PAMPA SA,publico,informacion_estructura,Cantidad de tarjetas de débito,Set-2025,249230.0,2026-04-19
00093,BANCO DE LA PAMPA SA,publico,informacion_estructura,Cantidad de cuentas corrientes,Dic-2025,70221.0,2026-04-19
00093,BANCO DE LA PAMPA SA,publico,informacion_estructura,Cantidad de cuentas de ahorro,Dic-2025,517093.0,2026-04-19
00093,BANCO DE LA PAMPA SA,publico,informacion_estructura,Cantidad de cajas de ahorro de ayuda social,Dic-2025,58893.0,2026-04-19
00093,BANCO DE LA PAMPA SA,publico,informacion_estructura,Cantidad de cuentas previsionales,Dic-2025,74761.0,2026-04-19
00093,BANCO DE LA PAMPA SA,publico,informacion_estructura,Cantidad de operaciones a plazo fijo Individuos,Dic-2025,36256.0,2026-04-19
00093,BANCO DE LA PAMPA SA,publico,informacion_estructura,Cantidad de operaciones a plazo fijo Empresas,Dic-2025,1893.0,2026-04-19
00093,BANCO DE LA PAMPA SA,publico,informacion_estructura,Cantidad de operaciones por préstamos hipotecarios,Dic-2025,333.0,2026-04-19
00093,BANCO DE LA PAMPA SA,publico,informacion_estructura,Cantidad de operaciones por préstamos prendarios,Dic-2025,7.0,2026-04-19
00093,BANCO DE LA PAMPA SA,publico,informacion_estructura,Cantidad de operaciones por otros préstamos,Dic-2025,336764.0,2026-04-19
00093,BANCO DE LA PAMPA SA,publico,informacion_estructura,Dotación de personal,Dic-2025,735.0,2026-04-19
00093,BANCO DE LA PAMPA SA,publico,informacion_estructura,Cantidad de titulares por tarjetas de crédito,Dic-2025,211300.0,2026-04-19
00093,BANCO DE LA PAMPA SA,publico,informacion_estructura,Cantidad de tarjetas de crédito (plásticos),Dic-2025,248966.0,2026-04-19
00093,BANCO DE LA PAMPA SA,publico,informacion_estructura,Cantidad de tarjetas de débito,Dic-2025,,2026-04-19
00093,BANCO DE LA PAMPA SA,publico,informacion_estructura,Cantidad de Cuentas,Dic-2023,84774.0,2026-04-19
00093,BANCO DE LA PAMPA SA,publico,informacion_estructura,Cantidad de Empresas,Dic-2023,4032.0,2026-04-19
00093,BANCO DE LA PAMPA SA,publico,informacion_estructura,Cantidad de Cuentas,Dic-2024,83532.0,2026-04-19
00093,BANCO DE LA PAMPA SA,publico,informacion_estructura,Cantidad de Empresas,Dic-2024,4061.0,2026-04-19
00093,BANCO DE LA PAMPA SA,publico,informacion_estructura,Cantidad de Cuentas,Nov-2025,78987.0,2026-04-19
00093,BANCO DE LA PAMPA SA,publico,informacion_estructura,Cantidad de Empresas,Nov-2025,3622.0,2026-04-19
00093,BANCO DE LA PAMPA SA,publico,informacion_estructura,Cantidad de Cuentas,Dic-2025,82470.0,2026-04-19
00093,BANCO DE LA PAMPA SA,publico,informacion_estructura,Cantidad de Empresas,Dic-2025,3926.0,2026-04-19
00093,BANCO DE LA PAMPA SA,publico,informacion_estructura,Cantidad de Cuentas,Ene-2026,79326.0,2026-04-19
00093,BANCO DE LA PAMPA SA,publico,informacion_estructura,Cantidad de Empresas,Ene-2026,3519.0,2026-04-19
00093,BANCO DE LA PAMPA SA,publico,informacion_estructura,CABA,Habilitadas,1.0,2026-04-19
00093,BANCO DE LA PAMPA SA,publico,informacion_estructura,BUENOS AIRES,Habilitadas,13.0,2026-04-19
00093,BANCO DE LA PAMPA SA,publico,informacion_estructura,CÓRDOBA,Habilitadas,2.0,2026-04-19
00093,BANCO DE LA PAMPA SA,publico,informacion_estructura,LA PAMPA,Habilitadas,44.0,2026-04-19
00093,BANCO DE LA PAMPA SA,publico,informacion_estructura,NEUQUÉN,Habilitadas,1.0,2026-04-19
00093,BANCO DE LA PAMPA SA,publico,informacion_estructura,RÍO NEGRO,Habilitadas,4.0,2026-04-19
00093,BANCO DE LA PAMPA SA,publico,informacion_estructura,CABA,Habilitadas,,2026-04-19
00093,BANCO DE LA PAMPA SA,publico,informacion_estructura,BUENOS AIRES,Habilitadas,,2026-04-19
00093,BANCO DE LA PAMPA SA,publico,informacion_estructura,CÓRDOBA,Habilitadas,,2026-04-19
00093,BANCO DE LA PAMPA SA,publico,informacion_estructura,LA PAMPA,Habilitadas,35.0,2026-04-19
00093,BANCO DE LA PAMPA SA,publico,informacion_estructura,NEUQUÉN,Habilitadas,,2026-04-19
00093,BANCO DE LA PAMPA SA,publico,informacion_estructura,RÍO NEGRO,Habilitadas,,2026-04-19
00093,BANCO DE LA PAMPA SA,publico,informacion_estructura,CABA,Habilitadas,,2026-04-19
00093,BANCO DE LA PAMPA SA,publico,informacion_estructura,BUENOS AIRES,Habilitadas,,2026-04-19
00093,BANCO DE LA PAMPA SA,publico,informacion_estructura,CÓRDOBA,Habilitadas,,2026-04-19
00093,BANCO DE LA PAMPA SA,publico,informacion_estructura,LA PAMPA,Habilitadas,,2026-04-19
00093,BANCO DE LA PAMPA SA,publico,informacion_estructura,NEUQUÉN,Habilitadas,,2026-04-19
00093,BANCO DE LA PAMPA SA,publico,informacion_estructura,RÍO NEGRO,Habilitadas,,2026-04-19
00093,BANCO DE LA PAMPA SA,publico,informacion_estructura,CABA,Habilitadas,2.0,2026-04-19
00093,BANCO DE LA PAMPA SA,publico,informacion_estructura,BUENOS AIRES,Habilitadas,18.0,2026-04-19
00093,BANCO DE LA PAMPA SA,publico,informacion_estructura,CÓRDOBA,Habilitadas,3.0,2026-04-19
00093,BANCO DE LA PAMPA SA,publico,informacion_estructura,LA PAMPA,Habilitadas,174.0,2026-04-19
00093,BANCO DE LA PAMPA SA,publico,informacion_estructura,NEUQUÉN,Habilitadas,2.0,2026-04-19
00093,BANCO DE LA PAMPA SA,publico,informacion_estructura,RÍO NEGRO,Habilitadas,6.0,2026-04-19
00093,BANCO DE LA PAMPA SA,publico,informacion_estructura,CABA,Habilitadas,,2026-04-19
00093,BANCO DE LA PAMPA SA,publico,informacion_estructura,BUENOS AIRES,Habilitadas,,2026-04-19
00093,BANCO DE LA PAMPA SA,publico,informacion_estructura,CÓRDOBA,Habilitadas,,2026-04-19
00093,BANCO DE LA PAMPA SA,publico,informacion_estructura,LA PAMPA,Habilitadas,,2026-04-19
00093,BANCO DE LA PAMPA SA,publico,informacion_estructura,NEUQUÉN,Habilitadas,,2026-04-19
00093,BANCO DE LA PAMPA SA,publico,informacion_estructura,RÍO NEGRO,Habilitadas,,2026-04-19
00093,BANCO DE LA PAMPA SA,publico,informacion_estructura,CABA,Habilitadas,,2026-04-19
00093,BANCO DE LA PAMPA SA,publico,informacion_estructura,BUENOS AIRES,Habilitadas,,2026-04-19
00093,BANCO DE LA PAMPA SA,publico,informacion_estructura,CÓRDOBA,Habilitadas,,2026-04-19
00093,BANCO DE LA PAMPA SA,publico,informacion_estructura,LA PAMPA,Habilitadas,,2026-04-19
00093,BANCO DE LA PAMPA SA,publico,informacion_estructura,NEUQUÉN,Habilitadas,,2026-04-19
00093,BANCO DE LA PAMPA SA,publico,informacion_estructura,RÍO NEGRO,Habilitadas,,2026-04-19
00093,BANCO DE LA PAMPA SA,publico,informacion_estructura,CABA,Habilitadas,,2026-04-19
00093,BANCO DE LA PAMPA SA,publico,informacion_estructura,BUENOS AIRES,Habilitadas,,2026-04-19
00093,BANCO DE LA PAMPA SA,publico,informacion_estructura,CÓRDOBA,Habilitadas,,2026-04-19
00093,BANCO DE LA PAMPA SA,publico,informacion_estructura,LA PAMPA,Habilitadas,1.0,2026-04-19
00093,BANCO DE LA PAMPA SA,publico,informacion_estructura,NEUQUÉN,Habilitadas,,2026-04-19
00093,BANCO DE LA PAMPA SA,publico,informacion_estructura,RÍO NEGRO,Habilitadas,,2026-04-19
00093,BANCO DE LA PAMPA SA,publico,informacion_estructura,CABA,Pendientes de habilitación,,2026-04-19
00093,BANCO DE LA PAMPA SA,publico,informacion_estructura,BUENOS AIRES,Pendientes de habilitación,,2026-04-19
00093,BANCO DE LA PAMPA SA,publico,informacion_estructura,CÓRDOBA,Pendientes de habilitación,,2026-04-19
00093,BANCO DE LA PAMPA SA,publico,informacion_estructura,LA PAMPA,Pendientes de habilitación,,2026-04-19
00093,BANCO DE LA PAMPA SA,publico,informacion_estructura,NEUQUÉN,Pendientes de habilitación,,2026-04-19
00093,BANCO DE LA PAMPA SA,publico,informacion_estructura,RÍO NEGRO,Pendientes de habilitación,,2026-04-19
00093,BANCO DE LA PAMPA SA,publico,informacion_estructura,CABA,Total,1.0,2026-04-19
00093,BANCO DE LA PAMPA SA,publico,informacion_estructura,BUENOS AIRES,Total,13.0,2026-04-19
00093,BANCO DE LA PAMPA SA,publico,informacion_estructura,CÓRDOBA,Total,2.0,2026-04-19
00093,BANCO DE LA PAMPA SA,publico,informacion_estructura,LA PAMPA,Total,44.0,2026-04-19
00093,BANCO DE LA PAMPA SA,publico,informacion_estructura,NEUQUÉN,Total,1.0,2026-04-19
00093,BANCO DE LA PAMPA SA,publico,informacion_estructura,RÍO NEGRO,Total,4.0,2026-04-19
00014,BANCO DE LA PROVINCIA DE BUENOS AIR,publico,informacion_estructura,Cantidad de cuentas corrientes,Dic-2023,986277.0,2026-04-19
00014,BANCO DE LA PROVINCIA DE BUENOS AIR,publico,informacion_estructura,Cantidad de cuentas de ahorro,Dic-2023,11209171.0,2026-04-19
00014,BANCO DE LA PROVINCIA DE BUENOS AIR,publico,informacion_estructura,Cantidad de cajas de ahorro de ayuda social,Dic-2023,1554135.0,2026-04-19
00014,BANCO DE LA PROVINCIA DE BUENOS AIR,publico,informacion_estructura,Cantidad de cuentas previsionales,Dic-2023,1239559.0,2026-04-19
00014,BANCO DE LA PROVINCIA DE BUENOS AIR,publico,informacion_estructura,Cantidad de operaciones a plazo fijo Individuos,Dic-2023,565574.0,2026-04-19
00014,BANCO DE LA PROVINCIA DE BUENOS AIR,publico,informacion_estructura,Cantidad de operaciones a plazo fijo Empresas,Dic-2023,44223.0,2026-04-19
00014,BANCO DE LA PROVINCIA DE BUENOS AIR,publico,informacion_estructura,Cantidad de operaciones por préstamos hipotecarios,Dic-2023,27773.0,2026-04-19
00014,BANCO DE LA PROVINCIA DE BUENOS AIR,publico,informacion_estructura,Cantidad de operaciones por préstamos prendarios,Dic-2023,6469.0,2026-04-19
00014,BANCO DE LA PROVINCIA DE BUENOS AIR,publico,informacion_estructura,Cantidad de operaciones por otros préstamos,Dic-2023,4103903.0,2026-04-19
00014,BANCO DE LA PROVINCIA DE BUENOS AIR,publico,informacion_estructura,Dotación de personal,Dic-2023,10407.0,2026-04-19
00014,BANCO DE LA PROVINCIA DE BUENOS AIR,publico,informacion_estructura,Cantidad de titulares por tarjetas de crédito,Dic-2023,2183888.0,2026-04-19
00014,BANCO DE LA PROVINCIA DE BUENOS AIR,publico,informacion_estructura,Cantidad de tarjetas de crédito (plásticos),Dic-2023,4939833.0,2026-04-19
00014,BANCO DE LA PROVINCIA DE BUENOS AIR,publico,informacion_estructura,Cantidad de tarjetas de débito,Dic-2023,8017605.0,2026-04-19
00014,BANCO DE LA PROVINCIA DE BUENOS AIR,publico,informacion_estructura,Cantidad de cuentas corrientes,Dic-2024,1207704.0,2026-04-19
00014,BANCO DE LA PROVINCIA DE BUENOS AIR,publico,informacion_estructura,Cantidad de cuentas de ahorro,Dic-2024,12327538.0,2026-04-19
00014,BANCO DE LA PROVINCIA DE BUENOS AIR,publico,informacion_estructura,Cantidad de cajas de ahorro de ayuda social,Dic-2024,1439705.0,2026-04-19
00014,BANCO DE LA PROVINCIA DE BUENOS AIR,publico,informacion_estructura,Cantidad de cuentas previsionales,Dic-2024,1295656.0,2026-04-19
00014,BANCO DE LA PROVINCIA DE BUENOS AIR,publico,informacion_estructura,Cantidad de operaciones a plazo fijo Individuos,Dic-2024,329365.0,2026-04-19
00014,BANCO DE LA PROVINCIA DE BUENOS AIR,publico,informacion_estructura,Cantidad de operaciones a plazo fijo Empresas,Dic-2024,44367.0,2026-04-19
00014,BANCO DE LA PROVINCIA DE BUENOS AIR,publico,informacion_estructura,Cantidad de operaciones por préstamos hipotecarios,Dic-2024,25373.0,2026-04-19
00014,BANCO DE LA PROVINCIA DE BUENOS AIR,publico,informacion_estructura,Cantidad de operaciones por préstamos prendarios,Dic-2024,6474.0,2026-04-19
00014,BANCO DE LA PROVINCIA DE BUENOS AIR,publico,informacion_estructura,Cantidad de operaciones por otros préstamos,Dic-2024,4686910.0,2026-04-19
00014,BANCO DE LA PROVINCIA DE BUENOS AIR,publico,informacion_estructura,Dotación de personal,Dic-2024,10401.0,2026-04-19
00014,BANCO DE LA PROVINCIA DE BUENOS AIR,publico,informacion_estructura,Cantidad de titulares por tarjetas de crédito,Dic-2024,2265627.0,2026-04-19
00014,BANCO DE LA PROVINCIA DE BUENOS AIR,publico,informacion_estructura,Cantidad de tarjetas de crédito (plásticos),Dic-2024,5231215.0,2026-04-19
00014,BANCO DE LA PROVINCIA DE BUENOS AIR,publico,informacion_estructura,Cantidad de tarjetas de débito,Dic-2024,11553671.0,2026-04-19
00014,BANCO DE LA PROVINCIA DE BUENOS AIR,publico,informacion_estructura,Cantidad de cuentas corrientes,Jun-2025,1267590.0,2026-04-19
00014,BANCO DE LA PROVINCIA DE BUENOS AIR,publico,informacion_estructura,Cantidad de cuentas de ahorro,Jun-2025,12597929.0,2026-04-19
00014,BANCO DE LA PROVINCIA DE BUENOS AIR,publico,informacion_estructura,Cantidad de cajas de ahorro de ayuda social,Jun-2025,1270690.0,2026-04-19
00014,BANCO DE LA PROVINCIA DE BUENOS AIR,publico,informacion_estructura,Cantidad de cuentas previsionales,Jun-2025,1307441.0,2026-04-19
00014,BANCO DE LA PROVINCIA DE BUENOS AIR,publico,informacion_estructura,Cantidad de operaciones a plazo fijo Individuos,Jun-2025,357993.0,2026-04-19
00014,BANCO DE LA PROVINCIA DE BUENOS AIR,publico,informacion_estructura,Cantidad de operaciones a plazo fijo Empresas,Jun-2025,48776.0,2026-04-19
00014,BANCO DE LA PROVINCIA DE BUENOS AIR,publico,informacion_estructura,Cantidad de operaciones por préstamos hipotecarios,Jun-2025,24460.0,2026-04-19
00014,BANCO DE LA PROVINCIA DE BUENOS AIR,publico,informacion_estructura,Cantidad de operaciones por préstamos prendarios,Jun-2025,6388.0,2026-04-19
00014,BANCO DE LA PROVINCIA DE BUENOS AIR,publico,informacion_estructura,Cantidad de operaciones por otros préstamos,Jun-2025,5289016.0,2026-04-19
00014,BANCO DE LA PROVINCIA DE BUENOS AIR,publico,informacion_estructura,Dotación de personal,Jun-2025,10187.0,2026-04-19
00014,BANCO DE LA PROVINCIA DE BUENOS AIR,publico,informacion_estructura,Cantidad de titulares por tarjetas de crédito,Jun-2025,2246921.0,2026-04-19
00014,BANCO DE LA PROVINCIA DE BUENOS AIR,publico,informacion_estructura,Cantidad de tarjetas de crédito (plásticos),Jun-2025,5236815.0,2026-04-19
00014,BANCO DE LA PROVINCIA DE BUENOS AIR,publico,informacion_estructura,Cantidad de tarjetas de débito,Jun-2025,11445188.0,2026-04-19
00014,BANCO DE LA PROVINCIA DE BUENOS AIR,publico,informacion_estructura,Cantidad de cuentas corrientes,Set-2025,1262931.0,2026-04-19
00014,BANCO DE LA PROVINCIA DE BUENOS AIR,publico,informacion_estructura,Cantidad de cuentas de ahorro,Set-2025,12655194.0,2026-04-19
00014,BANCO DE LA PROVINCIA DE BUENOS AIR,publico,informacion_estructura,Cantidad de cajas de ahorro de ayuda social,Set-2025,1247445.0,2026-04-19
00014,BANCO DE LA PROVINCIA DE BUENOS AIR,publico,informacion_estructura,Cantidad de cuentas previsionales,Set-2025,1233550.0,2026-04-19
00014,BANCO DE LA PROVINCIA DE BUENOS AIR,publico,informacion_estructura,Cantidad de operaciones a plazo fijo Individuos,Set-2025,545116.0,2026-04-19
00014,BANCO DE LA PROVINCIA DE BUENOS AIR,publico,informacion_estructura,Cantidad de operaciones a plazo fijo Empresas,Set-2025,52329.0,2026-04-19
00014,BANCO DE LA PROVINCIA DE BUENOS AIR,publico,informacion_estructura,Cantidad de operaciones por préstamos hipotecarios,Set-2025,23964.0,2026-04-19
00014,BANCO DE LA PROVINCIA DE BUENOS AIR,publico,informacion_estructura,Cantidad de operaciones por préstamos prendarios,Set-2025,5192.0,2026-04-19
00014,BANCO DE LA PROVINCIA DE BUENOS AIR,publico,informacion_estructura,Cantidad de operaciones por otros préstamos,Set-2025,5301545.0,2026-04-19
00014,BANCO DE LA PROVINCIA DE BUENOS AIR,publico,informacion_estructura,Dotación de personal,Set-2025,10140.0,2026-04-19
00014,BANCO DE LA PROVINCIA DE BUENOS AIR,publico,informacion_estructura,Cantidad de titulares por tarjetas de crédito,Set-2025,2209387.0,2026-04-19
00014,BANCO DE LA PROVINCIA DE BUENOS AIR,publico,informacion_estructura,Cantidad de tarjetas de crédito (plásticos),Set-2025,5189875.0,2026-04-19
00014,BANCO DE LA PROVINCIA DE BUENOS AIR,publico,informacion_estructura,Cantidad de tarjetas de débito,Set-2025,11549270.0,2026-04-19
00014,BANCO DE LA PROVINCIA DE BUENOS AIR,publico,informacion_estructura,Cantidad de cuentas corrientes,Dic-2025,1227438.0,2026-04-19
00014,BANCO DE LA PROVINCIA DE BUENOS AIR,publico,informacion_estructura,Cantidad de cuentas de ahorro,Dic-2025,12456724.0,2026-04-19
00014,BANCO DE LA PROVINCIA DE BUENOS AIR,publico,informacion_estructura,Cantidad de cajas de ahorro de ayuda social,Dic-2025,1183769.0,2026-04-19
00014,BANCO DE LA PROVINCIA DE BUENOS AIR,publico,informacion_estructura,Cantidad de cuentas previsionales,Dic-2025,1251531.0,2026-04-19
00014,BANCO DE LA PROVINCIA DE BUENOS AIR,publico,informacion_estructura,Cantidad de operaciones a plazo fijo Individuos,Dic-2025,449728.0,2026-04-19
00014,BANCO DE LA PROVINCIA DE BUENOS AIR,publico,informacion_estructura,Cantidad de operaciones a plazo fijo Empresas,Dic-2025,50519.0,2026-04-19
00014,BANCO DE LA PROVINCIA DE BUENOS AIR,publico,informacion_estructura,Cantidad de operaciones por préstamos hipotecarios,Dic-2025,23499.0,2026-04-19
00014,BANCO DE LA PROVINCIA DE BUENOS AIR,publico,informacion_estructura,Cantidad de operaciones por préstamos prendarios,Dic-2025,4765.0,2026-04-19
00014,BANCO DE LA PROVINCIA DE BUENOS AIR,publico,informacion_estructura,Cantidad de operaciones por otros préstamos,Dic-2025,5655930.0,2026-04-19
00014,BANCO DE LA PROVINCIA DE BUENOS AIR,publico,informacion_estructura,Dotación de personal,Dic-2025,10093.0,2026-04-19
00014,BANCO DE LA PROVINCIA DE BUENOS AIR,publico,informacion_estructura,Cantidad de titulares por tarjetas de crédito,Dic-2025,2276381.0,2026-04-19
00014,BANCO DE LA PROVINCIA DE BUENOS AIR,publico,informacion_estructura,Cantidad de tarjetas de crédito (plásticos),Dic-2025,5112856.0,2026-04-19
00014,BANCO DE LA PROVINCIA DE BUENOS AIR,publico,informacion_estructura,Cantidad de tarjetas de débito,Dic-2025,11543252.0,2026-04-19
00014,BANCO DE LA PROVINCIA DE BUENOS AIR,publico,informacion_estructura,Cantidad de Cuentas,Dic-2023,1323850.0,2026-04-19
00014,BANCO DE LA PROVINCIA DE BUENOS AIR,publico,informacion_estructura,Cantidad de Empresas,Dic-2023,23181.0,2026-04-19
00014,BANCO DE LA PROVINCIA DE BUENOS AIR,publico,informacion_estructura,Cantidad de Cuentas,Dic-2024,1297945.0,2026-04-19
00014,BANCO DE LA PROVINCIA DE BUENOS AIR,publico,informacion_estructura,Cantidad de Empresas,Dic-2024,23501.0,2026-04-19
00014,BANCO DE LA PROVINCIA DE BUENOS AIR,publico,informacion_estructura,Cantidad de Cuentas,Nov-2025,1255114.0,2026-04-19
00014,BANCO DE LA PROVINCIA DE BUENOS AIR,publico,informacion_estructura,Cantidad de Empresas,Nov-2025,20641.0,2026-04-19
00014,BANCO DE LA PROVINCIA DE BUENOS AIR,publico,informacion_estructura,Cantidad de Cuentas,Dic-2025,1284987.0,2026-04-19
00014,BANCO DE LA PROVINCIA DE BUENOS AIR,publico,informacion_estructura,Cantidad de Empresas,Dic-2025,22992.0,2026-04-19
00014,BANCO DE LA PROVINCIA DE BUENOS AIR,publico,informacion_estructura,Cantidad de Cuentas,Ene-2026,1250576.0,2026-04-19
00014,BANCO DE LA PROVINCIA DE BUENOS AIR,publico,informacion_estructura,Cantidad de Empresas,Ene-2026,21103.0,2026-04-19
00014,BANCO DE LA PROVINCIA DE BUENOS AIR,publico,informacion_estructura,CABA,Habilitadas,36.0,2026-04-19
00014,BANCO DE LA PROVINCIA DE BUENOS AIR,publico,informacion_estructura,BUENOS AIRES,Habilitadas,312.0,2026-04-19
00014,BANCO DE LA PROVINCIA DE BUENOS AIR,publico,informacion_estructura,CABA,Habilitadas,,2026-04-19
00014,BANCO DE LA PROVINCIA DE BUENOS AIR,publico,informacion_estructura,BUENOS AIRES,Habilitadas,3.0,2026-04-19
00014,BANCO DE LA PROVINCIA DE BUENOS AIR,publico,informacion_estructura,CABA,Habilitadas,,2026-04-19
00014,BANCO DE LA PROVINCIA DE BUENOS AIR,publico,informacion_estructura,BUENOS AIRES,Habilitadas,,2026-04-19
00014,BANCO DE LA PROVINCIA DE BUENOS AIR,publico,informacion_estructura,CABA,Habilitadas,109.0,2026-04-19
00014,BANCO DE LA PROVINCIA DE BUENOS AIR,publico,informacion_estructura,BUENOS AIRES,Habilitadas,1436.0,2026-04-19
00014,BANCO DE LA PROVINCIA DE BUENOS AIR,publico,informacion_estructura,CABA,Habilitadas,74.0,2026-04-19
00014,BANCO DE LA PROVINCIA DE BUENOS AIR,publico,informacion_estructura,BUENOS AIRES,Habilitadas,726.0,2026-04-19
00014,BANCO DE LA PROVINCIA DE BUENOS AIR,publico,informacion_estructura,CABA,Habilitadas,,2026-04-19
00014,BANCO DE LA PROVINCIA DE BUENOS AIR,publico,informacion_estructura,BUENOS AIRES,Habilitadas,14.0,2026-04-19
00014,BANCO DE LA PROVINCIA DE BUENOS AIR,publico,informacion_estructura,CABA,Habilitadas,1.0,2026-04-19
00014,BANCO DE LA PROVINCIA DE BUENOS AIR,publico,informacion_estructura,BUENOS AIRES,Habilitadas,51.0,2026-04-19
00014,BANCO DE LA PROVINCIA DE BUENOS AIR,publico,informacion_estructura,CABA,Pendientes de habilitación,,2026-04-19
00014,BANCO DE LA PROVINCIA DE BUENOS AIR,publico,informacion_estructura,BUENOS AIRES,Pendientes de habilitación,,2026-04-19
00014,BANCO DE LA PROVINCIA DE BUENOS AIR,publico,informacion_estructura,CABA,Total,36.0,2026-04-19
00014,BANCO DE LA PROVINCIA DE BUENOS AIR,publico,informacion_estructura,BUENOS AIRES,Total,312.0,2026-04-19
00014,BANCO DE LA PROVINCIA DE BUENOS AIR,publico,informacion_estructura,BRASIL,Sucursales,1.0,2026-04-19
00014,BANCO DE LA PROVINCIA DE BUENOS AIR,publico,informacion_estructura,URUGUAY,Sucursales,1.0,2026-04-19
00014,BANCO DE LA PROVINCIA DE BUENOS AIR,publico,informacion_estructura,BRASIL,Of. de representación,,2026-04-19
00014,BANCO DE LA PROVINCIA DE BUENOS AIR,publico,informacion_estructura,URUGUAY,Of. de representación,,2026-04-19
00020,BANCO DE LA PROVINCIA DE CORDOBA S.,publico,informacion_estructura,Cantidad de cuentas corrientes,Dic-2023,465113.0,2026-04-19
00020,BANCO DE LA PROVINCIA DE CORDOBA S.,publico,informacion_estructura,Cantidad de cuentas de ahorro,Dic-2023,2646094.0,2026-04-19
00020,BANCO DE LA PROVINCIA DE CORDOBA S.,publico,informacion_estructura,Cantidad de cajas de ahorro de ayuda social,Dic-2023,567777.0,2026-04-19
00020,BANCO DE LA PROVINCIA DE CORDOBA S.,publico,informacion_estructura,Cantidad de cuentas previsionales,Dic-2023,459233.0,2026-04-19
00020,BANCO DE LA PROVINCIA DE CORDOBA S.,publico,informacion_estructura,Cantidad de operaciones a plazo fijo Individuos,Dic-2023,227909.0,2026-04-19
00020,BANCO DE LA PROVINCIA DE CORDOBA S.,publico,informacion_estructura,Cantidad de operaciones a plazo fijo Empresas,Dic-2023,4520.0,2026-04-19
00020,BANCO DE LA PROVINCIA DE CORDOBA S.,publico,informacion_estructura,Cantidad de operaciones por préstamos hipotecarios,Dic-2023,8834.0,2026-04-19
00020,BANCO DE LA PROVINCIA DE CORDOBA S.,publico,informacion_estructura,Cantidad de operaciones por préstamos prendarios,Dic-2023,1148.0,2026-04-19
00020,BANCO DE LA PROVINCIA DE CORDOBA S.,publico,informacion_estructura,Cantidad de operaciones por otros préstamos,Dic-2023,1106265.0,2026-04-19
00020,BANCO DE LA PROVINCIA DE CORDOBA S.,publico,informacion_estructura,Dotación de personal,Dic-2023,2088.0,2026-04-19
00020,BANCO DE LA PROVINCIA DE CORDOBA S.,publico,informacion_estructura,Cantidad de titulares por tarjetas de crédito,Dic-2023,626088.0,2026-04-19
00020,BANCO DE LA PROVINCIA DE CORDOBA S.,publico,informacion_estructura,Cantidad de tarjetas de crédito (plásticos),Dic-2023,971753.0,2026-04-19
00020,BANCO DE LA PROVINCIA DE CORDOBA S.,publico,informacion_estructura,Cantidad de tarjetas de débito,Dic-2023,529027.0,2026-04-19
00020,BANCO DE LA PROVINCIA DE CORDOBA S.,publico,informacion_estructura,Cantidad de cuentas corrientes,Dic-2024,623650.0,2026-04-19
00020,BANCO DE LA PROVINCIA DE CORDOBA S.,publico,informacion_estructura,Cantidad de cuentas de ahorro,Dic-2024,2812381.0,2026-04-19
00020,BANCO DE LA PROVINCIA DE CORDOBA S.,publico,informacion_estructura,Cantidad de cajas de ahorro de ayuda social,Dic-2024,604251.0,2026-04-19
00020,BANCO DE LA PROVINCIA DE CORDOBA S.,publico,informacion_estructura,Cantidad de cuentas previsionales,Dic-2024,480784.0,2026-04-19
00020,BANCO DE LA PROVINCIA DE CORDOBA S.,publico,informacion_estructura,Cantidad de operaciones a plazo fijo Individuos,Dic-2024,173398.0,2026-04-19
00020,BANCO DE LA PROVINCIA DE CORDOBA S.,publico,informacion_estructura,Cantidad de operaciones a plazo fijo Empresas,Dic-2024,1856.0,2026-04-19
00020,BANCO DE LA PROVINCIA DE CORDOBA S.,publico,informacion_estructura,Cantidad de operaciones por préstamos hipotecarios,Dic-2024,8834.0,2026-04-19
00020,BANCO DE LA PROVINCIA DE CORDOBA S.,publico,informacion_estructura,Cantidad de operaciones por préstamos prendarios,Dic-2024,987.0,2026-04-19
00020,BANCO DE LA PROVINCIA DE CORDOBA S.,publico,informacion_estructura,Cantidad de operaciones por otros préstamos,Dic-2024,1306587.0,2026-04-19
00020,BANCO DE LA PROVINCIA DE CORDOBA S.,publico,informacion_estructura,Dotación de personal,Dic-2024,2014.0,2026-04-19
00020,BANCO DE LA PROVINCIA DE CORDOBA S.,publico,informacion_estructura,Cantidad de titulares por tarjetas de crédito,Dic-2024,649318.0,2026-04-19
00020,BANCO DE LA PROVINCIA DE CORDOBA S.,publico,informacion_estructura,Cantidad de tarjetas de crédito (plásticos),Dic-2024,951566.0,2026-04-19
00020,BANCO DE LA PROVINCIA DE CORDOBA S.,publico,informacion_estructura,Cantidad de tarjetas de débito,Dic-2024,733843.0,2026-04-19
00020,BANCO DE LA PROVINCIA DE CORDOBA S.,publico,informacion_estructura,Cantidad de cuentas corrientes,Jun-2025,647503.0,2026-04-19
00020,BANCO DE LA PROVINCIA DE CORDOBA S.,publico,informacion_estructura,Cantidad de cuentas de ahorro,Jun-2025,2705756.0,2026-04-19
00020,BANCO DE LA PROVINCIA DE CORDOBA S.,publico,informacion_estructura,Cantidad de cajas de ahorro de ayuda social,Jun-2025,621271.0,2026-04-19
00020,BANCO DE LA PROVINCIA DE CORDOBA S.,publico,informacion_estructura,Cantidad de cuentas previsionales,Jun-2025,492618.0,2026-04-19
00020,BANCO DE LA PROVINCIA DE CORDOBA S.,publico,informacion_estructura,Cantidad de operaciones a plazo fijo Individuos,Jun-2025,197978.0,2026-04-19
00020,BANCO DE LA PROVINCIA DE CORDOBA S.,publico,informacion_estructura,Cantidad de operaciones a plazo fijo Empresas,Jun-2025,3069.0,2026-04-19
00020,BANCO DE LA PROVINCIA DE CORDOBA S.,publico,informacion_estructura,Cantidad de operaciones por préstamos hipotecarios,Jun-2025,8834.0,2026-04-19
00020,BANCO DE LA PROVINCIA DE CORDOBA S.,publico,informacion_estructura,Cantidad de operaciones por préstamos prendarios,Jun-2025,864.0,2026-04-19
00020,BANCO DE LA PROVINCIA DE CORDOBA S.,publico,informacion_estructura,Cantidad de operaciones por otros préstamos,Jun-2025,1391696.0,2026-04-19
00020,BANCO DE LA PROVINCIA DE CORDOBA S.,publico,informacion_estructura,Dotación de personal,Jun-2025,1952.0,2026-04-19
00020,BANCO DE LA PROVINCIA DE CORDOBA S.,publico,informacion_estructura,Cantidad de titulares por tarjetas de crédito,Jun-2025,718386.0,2026-04-19
00020,BANCO DE LA PROVINCIA DE CORDOBA S.,publico,informacion_estructura,Cantidad de tarjetas de crédito (plásticos),Jun-2025,1047576.0,2026-04-19
00020,BANCO DE LA PROVINCIA DE CORDOBA S.,publico,informacion_estructura,Cantidad de tarjetas de débito,Jun-2025,631343.0,2026-04-19
00020,BANCO DE LA PROVINCIA DE CORDOBA S.,publico,informacion_estructura,Cantidad de cuentas corrientes,Set-2025,644501.0,2026-04-19
00020,BANCO DE LA PROVINCIA DE CORDOBA S.,publico,informacion_estructura,Cantidad de cuentas de ahorro,Set-2025,2934601.0,2026-04-19
00020,BANCO DE LA PROVINCIA DE CORDOBA S.,publico,informacion_estructura,Cantidad de cajas de ahorro de ayuda social,Set-2025,622003.0,2026-04-19
00020,BANCO DE LA PROVINCIA DE CORDOBA S.,publico,informacion_estructura,Cantidad de cuentas previsionales,Set-2025,497538.0,2026-04-19
00020,BANCO DE LA PROVINCIA DE CORDOBA S.,publico,informacion_estructura,Cantidad de operaciones a plazo fijo Individuos,Set-2025,219179.0,2026-04-19
00020,BANCO DE LA PROVINCIA DE CORDOBA S.,publico,informacion_estructura,Cantidad de operaciones a plazo fijo Empresas,Set-2025,3421.0,2026-04-19
00020,BANCO DE LA PROVINCIA DE CORDOBA S.,publico,informacion_estructura,Cantidad de operaciones por préstamos hipotecarios,Set-2025,8834.0,2026-04-19
00020,BANCO DE LA PROVINCIA DE CORDOBA S.,publico,informacion_estructura,Cantidad de operaciones por préstamos prendarios,Set-2025,837.0,2026-04-19
00020,BANCO DE LA PROVINCIA DE CORDOBA S.,publico,informacion_estructura,Cantidad de operaciones por otros préstamos,Set-2025,1378419.0,2026-04-19
00020,BANCO DE LA PROVINCIA DE CORDOBA S.,publico,informacion_estructura,Dotación de personal,Set-2025,1860.0,2026-04-19
00020,BANCO DE LA PROVINCIA DE CORDOBA S.,publico,informacion_estructura,Cantidad de titulares por tarjetas de crédito,Set-2025,707755.0,2026-04-19
00020,BANCO DE LA PROVINCIA DE CORDOBA S.,publico,informacion_estructura,Cantidad de tarjetas de crédito (plásticos),Set-2025,1050463.0,2026-04-19
00020,BANCO DE LA PROVINCIA DE CORDOBA S.,publico,informacion_estructura,Cantidad de tarjetas de débito,Set-2025,554540.0,2026-04-19
00020,BANCO DE LA PROVINCIA DE CORDOBA S.,publico,informacion_estructura,Cantidad de cuentas corrientes,Dic-2025,679983.0,2026-04-19
00020,BANCO DE LA PROVINCIA DE CORDOBA S.,publico,informacion_estructura,Cantidad de cuentas de ahorro,Dic-2025,2972779.0,2026-04-19
00020,BANCO DE LA PROVINCIA DE CORDOBA S.,publico,informacion_estructura,Cantidad de cajas de ahorro de ayuda social,Dic-2025,631660.0,2026-04-19
00020,BANCO DE LA PROVINCIA DE CORDOBA S.,publico,informacion_estructura,Cantidad de cuentas previsionales,Dic-2025,502177.0,2026-04-19
00020,BANCO DE LA PROVINCIA DE CORDOBA S.,publico,informacion_estructura,Cantidad de operaciones a plazo fijo Individuos,Dic-2025,180936.0,2026-04-19
00020,BANCO DE LA PROVINCIA DE CORDOBA S.,publico,informacion_estructura,Cantidad de operaciones a plazo fijo Empresas,Dic-2025,2809.0,2026-04-19
00020,BANCO DE LA PROVINCIA DE CORDOBA S.,publico,informacion_estructura,Cantidad de operaciones por préstamos hipotecarios,Dic-2025,8834.0,2026-04-19
00020,BANCO DE LA PROVINCIA DE CORDOBA S.,publico,informacion_estructura,Cantidad de operaciones por préstamos prendarios,Dic-2025,775.0,2026-04-19
00020,BANCO DE LA PROVINCIA DE CORDOBA S.,publico,informacion_estructura,Cantidad de operaciones por otros préstamos,Dic-2025,1298095.0,2026-04-19
00020,BANCO DE LA PROVINCIA DE CORDOBA S.,publico,informacion_estructura,Dotación de personal,Dic-2025,1784.0,2026-04-19
00020,BANCO DE LA PROVINCIA DE CORDOBA S.,publico,informacion_estructura,Cantidad de titulares por tarjetas de crédito,Dic-2025,692247.0,2026-04-19
00020,BANCO DE LA PROVINCIA DE CORDOBA S.,publico,informacion_estructura,Cantidad de tarjetas de crédito (plásticos),Dic-2025,1021213.0,2026-04-19
00020,BANCO DE LA PROVINCIA DE CORDOBA S.,publico,informacion_estructura,Cantidad de tarjetas de débito,Dic-2025,287391.0,2026-04-19
00020,BANCO DE LA PROVINCIA DE CORDOBA S.,publico,informacion_estructura,Cantidad de Cuentas,Dic-2023,206873.0,2026-04-19
00020,BANCO DE LA PROVINCIA DE CORDOBA S.,publico,informacion_estructura,Cantidad de Empresas,Dic-2023,2347.0,2026-04-19
00020,BANCO DE LA PROVINCIA DE CORDOBA S.,publico,informacion_estructura,Cantidad de Cuentas,Dic-2024,228749.0,2026-04-19
00020,BANCO DE LA PROVINCIA DE CORDOBA S.,publico,informacion_estructura,Cantidad de Empresas,Dic-2024,2278.0,2026-04-19
00020,BANCO DE LA PROVINCIA DE CORDOBA S.,publico,informacion_estructura,Cantidad de Cuentas,Nov-2025,199343.0,2026-04-19
00020,BANCO DE LA PROVINCIA DE CORDOBA S.,publico,informacion_estructura,Cantidad de Empresas,Nov-2025,1389.0,2026-04-19
00020,BANCO DE LA PROVINCIA DE CORDOBA S.,publico,informacion_estructura,Cantidad de Cuentas,Dic-2025,200631.0,2026-04-19
00020,BANCO DE LA PROVINCIA DE CORDOBA S.,publico,informacion_estructura,Cantidad de Empresas,Dic-2025,1396.0,2026-04-19
00020,BANCO DE LA PROVINCIA DE CORDOBA S.,publico,informacion_estructura,Cantidad de Cuentas,Ene-2026,195408.0,2026-04-19
00020,BANCO DE LA PROVINCIA DE CORDOBA S.,publico,informacion_estructura,Cantidad de Empresas,Ene-2026,1248.0,2026-04-19
00020,BANCO DE LA PROVINCIA DE CORDOBA S.,publico,informacion_estructura,CABA,Habilitadas,1.0,2026-04-19
00020,BANCO DE LA PROVINCIA DE CORDOBA S.,publico,informacion_estructura,CÓRDOBA,Habilitadas,154.0,2026-04-19
00020,BANCO DE LA PROVINCIA DE CORDOBA S.,publico,informacion_estructura,SANTA FE,Habilitadas,1.0,2026-04-19
00020,BANCO DE LA PROVINCIA DE CORDOBA S.,publico,informacion_estructura,CABA,Habilitadas,,2026-04-19
00020,BANCO DE LA PROVINCIA DE CORDOBA S.,publico,informacion_estructura,CÓRDOBA,Habilitadas,34.0,2026-04-19
00020,BANCO DE LA PROVINCIA DE CORDOBA S.,publico,informacion_estructura,SANTA FE,Habilitadas,,2026-04-19
00020,BANCO DE LA PROVINCIA DE CORDOBA S.,publico,informacion_estructura,CABA,Habilitadas,,2026-04-19
00020,BANCO DE LA PROVINCIA DE CORDOBA S.,publico,informacion_estructura,CÓRDOBA,Habilitadas,2.0,2026-04-19
00020,BANCO DE LA PROVINCIA DE CORDOBA S.,publico,informacion_estructura,SANTA FE,Habilitadas,,2026-04-19
00020,BANCO DE LA PROVINCIA DE CORDOBA S.,publico,informacion_estructura,CABA,Habilitadas,1.0,2026-04-19
00020,BANCO DE LA PROVINCIA DE CORDOBA S.,publico,informacion_estructura,CÓRDOBA,Habilitadas,814.0,2026-04-19
00020,BANCO DE LA PROVINCIA DE CORDOBA S.,publico,informacion_estructura,SANTA FE,Habilitadas,2.0,2026-04-19
00020,BANCO DE LA PROVINCIA DE CORDOBA S.,publico,informacion_estructura,CABA,Habilitadas,,2026-04-19
00020,BANCO DE LA PROVINCIA DE CORDOBA S.,publico,informacion_estructura,CÓRDOBA,Habilitadas,,2026-04-19
00020,BANCO DE LA PROVINCIA DE CORDOBA S.,publico,informacion_estructura,SANTA FE,Habilitadas,,2026-04-19
00020,BANCO DE LA PROVINCIA DE CORDOBA S.,publico,informacion_estructura,CABA,Habilitadas,,2026-04-19
00020,BANCO DE LA PROVINCIA DE CORDOBA S.,publico,informacion_estructura,CÓRDOBA,Habilitadas,,2026-04-19
00020,BANCO DE LA PROVINCIA DE CORDOBA S.,publico,informacion_estructura,SANTA FE,Habilitadas,,2026-04-19
00020,BANCO DE LA PROVINCIA DE CORDOBA S.,publico,informacion_estructura,CABA,Habilitadas,,2026-04-19
00020,BANCO DE LA PROVINCIA DE CORDOBA S.,publico,informacion_estructura,CÓRDOBA,Habilitadas,44.0,2026-04-19
00020,BANCO DE LA PROVINCIA DE CORDOBA S.,publico,informacion_estructura,SANTA FE,Habilitadas,,2026-04-19
00020,BANCO DE LA PROVINCIA DE CORDOBA S.,publico,informacion_estructura,CABA,Pendientes de habilitación,,2026-04-19
00020,BANCO DE LA PROVINCIA DE CORDOBA S.,publico,informacion_estructura,CÓRDOBA,Pendientes de habilitación,,2026-04-19
00020,BANCO DE LA PROVINCIA DE CORDOBA S.,publico,informacion_estructura,SANTA FE,Pendientes de habilitación,1.0,2026-04-19
00020,BANCO DE LA PROVINCIA DE CORDOBA S.,publico,informacion_estructura,CABA,Total,1.0,2026-04-19
00020,BANCO DE LA PROVINCIA DE CORDOBA S.,publico,informacion_estructura,CÓRDOBA,Total,154.0,2026-04-19
00020,BANCO DE LA PROVINCIA DE CORDOBA S.,publico,informacion_estructura,SANTA FE,Total,2.0,2026-04-19
00269,BANCO DE LA REPUBLICA ORIENTAL DEL,extranjero,informacion_estructura,Cantidad de cuentas corrientes,Dic-2023,48.0,2026-04-19
00269,BANCO DE LA REPUBLICA ORIENTAL DEL,extranjero,informacion_estructura,Cantidad de cuentas de ahorro,Dic-2023,2834.0,2026-04-19
00269,BANCO DE LA REPUBLICA ORIENTAL DEL,extranjero,informacion_estructura,Cantidad de operaciones a plazo fijo Individuos,Dic-2023,24.0,2026-04-19
00269,BANCO DE LA REPUBLICA ORIENTAL DEL,extranjero,informacion_estructura,Cantidad de operaciones por otros préstamos,Dic-2023,125.0,2026-04-19
00269,BANCO DE LA REPUBLICA ORIENTAL DEL,extranjero,informacion_estructura,Dotación de personal,Dic-2023,23.0,2026-04-19
00269,BANCO DE LA REPUBLICA ORIENTAL DEL,extranjero,informacion_estructura,Cantidad de titulares por tarjetas de crédito,Dic-2023,62.0,2026-04-19
00269,BANCO DE LA REPUBLICA ORIENTAL DEL,extranjero,informacion_estructura,Cantidad de tarjetas de crédito (plásticos),Dic-2023,151.0,2026-04-19
00269,BANCO DE LA REPUBLICA ORIENTAL DEL,extranjero,informacion_estructura,Cantidad de tarjetas de débito,Dic-2023,3561.0,2026-04-19
00269,BANCO DE LA REPUBLICA ORIENTAL DEL,extranjero,informacion_estructura,Cantidad de cuentas corrientes,Dic-2024,48.0,2026-04-19
00269,BANCO DE LA REPUBLICA ORIENTAL DEL,extranjero,informacion_estructura,Cantidad de cuentas de ahorro,Dic-2024,2568.0,2026-04-19
00269,BANCO DE LA REPUBLICA ORIENTAL DEL,extranjero,informacion_estructura,Cantidad de operaciones a plazo fijo Individuos,Dic-2024,18.0,2026-04-19
00269,BANCO DE LA REPUBLICA ORIENTAL DEL,extranjero,informacion_estructura,Cantidad de operaciones por otros préstamos,Dic-2024,130.0,2026-04-19
00269,BANCO DE LA REPUBLICA ORIENTAL DEL,extranjero,informacion_estructura,Dotación de personal,Dic-2024,22.0,2026-04-19
00269,BANCO DE LA REPUBLICA ORIENTAL DEL,extranjero,informacion_estructura,Cantidad de titulares por tarjetas de crédito,Dic-2024,58.0,2026-04-19
00269,BANCO DE LA REPUBLICA ORIENTAL DEL,extranjero,informacion_estructura,Cantidad de tarjetas de crédito (plásticos),Dic-2024,120.0,2026-04-19
00269,BANCO DE LA REPUBLICA ORIENTAL DEL,extranjero,informacion_estructura,Cantidad de tarjetas de débito,Dic-2024,2354.0,2026-04-19
00269,BANCO DE LA REPUBLICA ORIENTAL DEL,extranjero,informacion_estructura,Cantidad de cuentas corrientes,Jun-2025,48.0,2026-04-19
00269,BANCO DE LA REPUBLICA ORIENTAL DEL,extranjero,informacion_estructura,Cantidad de cuentas de ahorro,Jun-2025,2466.0,2026-04-19
00269,BANCO DE LA REPUBLICA ORIENTAL DEL,extranjero,informacion_estructura,Cantidad de operaciones a plazo fijo Individuos,Jun-2025,14.0,2026-04-19
00269,BANCO DE LA REPUBLICA ORIENTAL DEL,extranjero,informacion_estructura,Cantidad de operaciones por otros préstamos,Jun-2025,123.0,2026-04-19
00269,BANCO DE LA REPUBLICA ORIENTAL DEL,extranjero,informacion_estructura,Dotación de personal,Jun-2025,22.0,2026-04-19
00269,BANCO DE LA REPUBLICA ORIENTAL DEL,extranjero,informacion_estructura,Cantidad de titulares por tarjetas de crédito,Jun-2025,55.0,2026-04-19
00269,BANCO DE LA REPUBLICA ORIENTAL DEL,extranjero,informacion_estructura,Cantidad de tarjetas de crédito (plásticos),Jun-2025,116.0,2026-04-19
00269,BANCO DE LA REPUBLICA ORIENTAL DEL,extranjero,informacion_estructura,Cantidad de tarjetas de débito,Jun-2025,2395.0,2026-04-19
00269,BANCO DE LA REPUBLICA ORIENTAL DEL,extranjero,informacion_estructura,Cantidad de cuentas corrientes,Set-2025,48.0,2026-04-19
00269,BANCO DE LA REPUBLICA ORIENTAL DEL,extranjero,informacion_estructura,Cantidad de cuentas de ahorro,Set-2025,2376.0,2026-04-19
00269,BANCO DE LA REPUBLICA ORIENTAL DEL,extranjero,informacion_estructura,Cantidad de operaciones a plazo fijo Individuos,Set-2025,16.0,2026-04-19
00269,BANCO DE LA REPUBLICA ORIENTAL DEL,extranjero,informacion_estructura,Cantidad de operaciones por otros préstamos,Set-2025,124.0,2026-04-19
00269,BANCO DE LA REPUBLICA ORIENTAL DEL,extranjero,informacion_estructura,Dotación de personal,Set-2025,22.0,2026-04-19
00269,BANCO DE LA REPUBLICA ORIENTAL DEL,extranjero,informacion_estructura,Cantidad de titulares por tarjetas de crédito,Set-2025,56.0,2026-04-19
00269,BANCO DE LA REPUBLICA ORIENTAL DEL,extranjero,informacion_estructura,Cantidad de tarjetas de crédito (plásticos),Set-2025,114.0,2026-04-19
00269,BANCO DE LA REPUBLICA ORIENTAL DEL,extranjero,informacion_estructura,Cantidad de tarjetas de débito,Set-2025,2545.0,2026-04-19
00269,BANCO DE LA REPUBLICA ORIENTAL DEL,extranjero,informacion_estructura,Cantidad de cuentas corrientes,Dic-2025,45.0,2026-04-19
00269,BANCO DE LA REPUBLICA ORIENTAL DEL,extranjero,informacion_estructura,Cantidad de cuentas de ahorro,Dic-2025,2339.0,2026-04-19
00269,BANCO DE LA REPUBLICA ORIENTAL DEL,extranjero,informacion_estructura,Cantidad de operaciones a plazo fijo Individuos,Dic-2025,14.0,2026-04-19
00269,BANCO DE LA REPUBLICA ORIENTAL DEL,extranjero,informacion_estructura,Cantidad de operaciones por otros préstamos,Dic-2025,130.0,2026-04-19
00269,BANCO DE LA REPUBLICA ORIENTAL DEL,extranjero,informacion_estructura,Dotación de personal,Dic-2025,22.0,2026-04-19
00269,BANCO DE LA REPUBLICA ORIENTAL DEL,extranjero,informacion_estructura,Cantidad de titulares por tarjetas de crédito,Dic-2025,59.0,2026-04-19
00269,BANCO DE LA REPUBLICA ORIENTAL DEL,extranjero,informacion_estructura,Cantidad de tarjetas de crédito (plásticos),Dic-2025,114.0,2026-04-19
00269,BANCO DE LA REPUBLICA ORIENTAL DEL,extranjero,informacion_estructura,Cantidad de tarjetas de débito,Dic-2025,2614.0,2026-04-19
00269,BANCO DE LA REPUBLICA ORIENTAL DEL,extranjero,informacion_estructura,Cantidad de Cuentas,Dic-2023,40.0,2026-04-19
00269,BANCO DE LA REPUBLICA ORIENTAL DEL,extranjero,informacion_estructura,Cantidad de Empresas,Dic-2023,7.0,2026-04-19
00269,BANCO DE LA REPUBLICA ORIENTAL DEL,extranjero,informacion_estructura,Cantidad de Cuentas,Dic-2024,36.0,2026-04-19
00269,BANCO DE LA REPUBLICA ORIENTAL DEL,extranjero,informacion_estructura,Cantidad de Empresas,Dic-2024,6.0,2026-04-19
00269,BANCO DE LA REPUBLICA ORIENTAL DEL,extranjero,informacion_estructura,Cantidad de Cuentas,Nov-2025,36.0,2026-04-19
00269,BANCO DE LA REPUBLICA ORIENTAL DEL,extranjero,informacion_estructura,Cantidad de Empresas,Nov-2025,6.0,2026-04-19
00269,BANCO DE LA REPUBLICA ORIENTAL DEL,extranjero,informacion_estructura,Cantidad de Cuentas,Dic-2025,36.0,2026-04-19
00269,BANCO DE LA REPUBLICA ORIENTAL DEL,extranjero,informacion_estructura,Cantidad de Empresas,Dic-2025,6.0,2026-04-19
00269,BANCO DE LA REPUBLICA ORIENTAL DEL,extranjero,informacion_estructura,Cantidad de Cuentas,Ene-2026,36.0,2026-04-19
00269,BANCO DE LA REPUBLICA ORIENTAL DEL,extranjero,informacion_estructura,Cantidad de Empresas,Ene-2026,6.0,2026-04-19
00269,BANCO DE LA REPUBLICA ORIENTAL DEL,extranjero,informacion_estructura,CABA,Habilitadas,1.0,2026-04-19
00269,BANCO DE LA REPUBLICA ORIENTAL DEL,extranjero,informacion_estructura,CABA,Habilitadas,,2026-04-19
00269,BANCO DE LA REPUBLICA ORIENTAL DEL,extranjero,informacion_estructura,CABA,Habilitadas,,2026-04-19
00269,BANCO DE LA REPUBLICA ORIENTAL DEL,extranjero,informacion_estructura,CABA,Habilitadas,2.0,2026-04-19
00269,BANCO DE LA REPUBLICA ORIENTAL DEL,extranjero,informacion_estructura,CABA,Habilitadas,,2026-04-19
00269,BANCO DE LA REPUBLICA ORIENTAL DEL,extranjero,informacion_estructura,CABA,Habilitadas,,2026-04-19
00269,BANCO DE LA REPUBLICA ORIENTAL DEL,extranjero,informacion_estructura,CABA,Habilitadas,1.0,2026-04-19
00269,BANCO DE LA REPUBLICA ORIENTAL DEL,extranjero,informacion_estructura,CABA,Pendientes de habilitación,,2026-04-19
00269,BANCO DE LA REPUBLICA ORIENTAL DEL,extranjero,informacion_estructura,CABA,Total,1.0,2026-04-19
00045,BANCO DE SAN JUAN S.A.,publico,informacion_estructura,Cantidad de cuentas corrientes,Dic-2023,28732.0,2026-04-19
00045,BANCO DE SAN JUAN S.A.,publico,informacion_estructura,Cantidad de cuentas de ahorro,Dic-2023,570120.0,2026-04-19
00045,BANCO DE SAN JUAN S.A.,publico,informacion_estructura,Cantidad de cajas de ahorro de ayuda social,Dic-2023,103848.0,2026-04-19
00045,BANCO DE SAN JUAN S.A.,publico,informacion_estructura,Cantidad de cuentas previsionales,Dic-2023,154560.0,2026-04-19
00045,BANCO DE SAN JUAN S.A.,publico,informacion_estructura,Cantidad de operaciones a plazo fijo Individuos,Dic-2023,21405.0,2026-04-19
00045,BANCO DE SAN JUAN S.A.,publico,informacion_estructura,Cantidad de operaciones a plazo fijo Empresas,Dic-2023,291.0,2026-04-19
00045,BANCO DE SAN JUAN S.A.,publico,informacion_estructura,Cantidad de operaciones por préstamos hipotecarios,Dic-2023,17.0,2026-04-19
00045,BANCO DE SAN JUAN S.A.,publico,informacion_estructura,Cantidad de operaciones por préstamos prendarios,Dic-2023,67.0,2026-04-19
00045,BANCO DE SAN JUAN S.A.,publico,informacion_estructura,Cantidad de operaciones por otros préstamos,Dic-2023,180695.0,2026-04-19
00045,BANCO DE SAN JUAN S.A.,publico,informacion_estructura,Dotación de personal,Dic-2023,567.0,2026-04-19
00045,BANCO DE SAN JUAN S.A.,publico,informacion_estructura,Cantidad de titulares por tarjetas de crédito,Dic-2023,94870.0,2026-04-19
00045,BANCO DE SAN JUAN S.A.,publico,informacion_estructura,Cantidad de tarjetas de crédito (plásticos),Dic-2023,123442.0,2026-04-19
00045,BANCO DE SAN JUAN S.A.,publico,informacion_estructura,Cantidad de tarjetas de débito,Dic-2023,339848.0,2026-04-19
00045,BANCO DE SAN JUAN S.A.,publico,informacion_estructura,Cantidad de cuentas corrientes,Dic-2024,32853.0,2026-04-19
00045,BANCO DE SAN JUAN S.A.,publico,informacion_estructura,Cantidad de cuentas de ahorro,Dic-2024,490484.0,2026-04-19
00045,BANCO DE SAN JUAN S.A.,publico,informacion_estructura,Cantidad de cajas de ahorro de ayuda social,Dic-2024,109507.0,2026-04-19
00045,BANCO DE SAN JUAN S.A.,publico,informacion_estructura,Cantidad de cuentas previsionales,Dic-2024,158262.0,2026-04-19
00045,BANCO DE SAN JUAN S.A.,publico,informacion_estructura,Cantidad de operaciones a plazo fijo Individuos,Dic-2024,13217.0,2026-04-19
00045,BANCO DE SAN JUAN S.A.,publico,informacion_estructura,Cantidad de operaciones a plazo fijo Empresas,Dic-2024,165.0,2026-04-19
00045,BANCO DE SAN JUAN S.A.,publico,informacion_estructura,Cantidad de operaciones por préstamos hipotecarios,Dic-2024,30.0,2026-04-19
00045,BANCO DE SAN JUAN S.A.,publico,informacion_estructura,Cantidad de operaciones por préstamos prendarios,Dic-2024,64.0,2026-04-19
00045,BANCO DE SAN JUAN S.A.,publico,informacion_estructura,Cantidad de operaciones por otros préstamos,Dic-2024,175806.0,2026-04-19
00045,BANCO DE SAN JUAN S.A.,publico,informacion_estructura,Dotación de personal,Dic-2024,596.0,2026-04-19
00045,BANCO DE SAN JUAN S.A.,publico,informacion_estructura,Cantidad de titulares por tarjetas de crédito,Dic-2024,106084.0,2026-04-19
00045,BANCO DE SAN JUAN S.A.,publico,informacion_estructura,Cantidad de tarjetas de crédito (plásticos),Dic-2024,118188.0,2026-04-19
00045,BANCO DE SAN JUAN S.A.,publico,informacion_estructura,Cantidad de tarjetas de débito,Dic-2024,354701.0,2026-04-19
00045,BANCO DE SAN JUAN S.A.,publico,informacion_estructura,Cantidad de cuentas corrientes,Jun-2025,36092.0,2026-04-19
00045,BANCO DE SAN JUAN S.A.,publico,informacion_estructura,Cantidad de cuentas de ahorro,Jun-2025,527615.0,2026-04-19
00045,BANCO DE SAN JUAN S.A.,publico,informacion_estructura,Cantidad de cajas de ahorro de ayuda social,Jun-2025,113436.0,2026-04-19
00045,BANCO DE SAN JUAN S.A.,publico,informacion_estructura,Cantidad de cuentas previsionales,Jun-2025,159861.0,2026-04-19
00045,BANCO DE SAN JUAN S.A.,publico,informacion_estructura,Cantidad de operaciones a plazo fijo Individuos,Jun-2025,13535.0,2026-04-19
00045,BANCO DE SAN JUAN S.A.,publico,informacion_estructura,Cantidad de operaciones a plazo fijo Empresas,Jun-2025,358.0,2026-04-19
00045,BANCO DE SAN JUAN S.A.,publico,informacion_estructura,Cantidad de operaciones por préstamos hipotecarios,Jun-2025,32.0,2026-04-19
00045,BANCO DE SAN JUAN S.A.,publico,informacion_estructura,Cantidad de operaciones por préstamos prendarios,Jun-2025,69.0,2026-04-19
00045,BANCO DE SAN JUAN S.A.,publico,informacion_estructura,Cantidad de operaciones por otros préstamos,Jun-2025,179693.0,2026-04-19
00045,BANCO DE SAN JUAN S.A.,publico,informacion_estructura,Dotación de personal,Jun-2025,381.0,2026-04-19
00045,BANCO DE SAN JUAN S.A.,publico,informacion_estructura,Cantidad de titulares por tarjetas de crédito,Jun-2025,109168.0,2026-04-19
00045,BANCO DE SAN JUAN S.A.,publico,informacion_estructura,Cantidad de tarjetas de crédito (plásticos),Jun-2025,119290.0,2026-04-19
00045,BANCO DE SAN JUAN S.A.,publico,informacion_estructura,Cantidad de tarjetas de débito,Jun-2025,369792.0,2026-04-19
00045,BANCO DE SAN JUAN S.A.,publico,informacion_estructura,Cantidad de cuentas corrientes,Set-2025,37400.0,2026-04-19
00045,BANCO DE SAN JUAN S.A.,publico,informacion_estructura,Cantidad de cuentas de ahorro,Set-2025,535305.0,2026-04-19
00045,BANCO DE SAN JUAN S.A.,publico,informacion_estructura,Cantidad de cajas de ahorro de ayuda social,Set-2025,111933.0,2026-04-19
00045,BANCO DE SAN JUAN S.A.,publico,informacion_estructura,Cantidad de cuentas previsionales,Set-2025,160555.0,2026-04-19
00045,BANCO DE SAN JUAN S.A.,publico,informacion_estructura,Cantidad de operaciones a plazo fijo Individuos,Set-2025,14561.0,2026-04-19
00045,BANCO DE SAN JUAN S.A.,publico,informacion_estructura,Cantidad de operaciones a plazo fijo Empresas,Set-2025,434.0,2026-04-19
00045,BANCO DE SAN JUAN S.A.,publico,informacion_estructura,Cantidad de operaciones por préstamos hipotecarios,Set-2025,36.0,2026-04-19
00045,BANCO DE SAN JUAN S.A.,publico,informacion_estructura,Cantidad de operaciones por préstamos prendarios,Set-2025,69.0,2026-04-19
00045,BANCO DE SAN JUAN S.A.,publico,informacion_estructura,Cantidad de operaciones por otros préstamos,Set-2025,180576.0,2026-04-19
00045,BANCO DE SAN JUAN S.A.,publico,informacion_estructura,Dotación de personal,Set-2025,361.0,2026-04-19
00045,BANCO DE SAN JUAN S.A.,publico,informacion_estructura,Cantidad de titulares por tarjetas de crédito,Set-2025,112106.0,2026-04-19
00045,BANCO DE SAN JUAN S.A.,publico,informacion_estructura,Cantidad de tarjetas de crédito (plásticos),Set-2025,120752.0,2026-04-19
00045,BANCO DE SAN JUAN S.A.,publico,informacion_estructura,Cantidad de tarjetas de débito,Set-2025,373393.0,2026-04-19
00045,BANCO DE SAN JUAN S.A.,publico,informacion_estructura,Cantidad de cuentas corrientes,Dic-2025,38472.0,2026-04-19
00045,BANCO DE SAN JUAN S.A.,publico,informacion_estructura,Cantidad de cuentas de ahorro,Dic-2025,535315.0,2026-04-19
00045,BANCO DE SAN JUAN S.A.,publico,informacion_estructura,Cantidad de cajas de ahorro de ayuda social,Dic-2025,106519.0,2026-04-19
00045,BANCO DE SAN JUAN S.A.,publico,informacion_estructura,Cantidad de cuentas previsionales,Dic-2025,161096.0,2026-04-19
00045,BANCO DE SAN JUAN S.A.,publico,informacion_estructura,Cantidad de operaciones a plazo fijo Individuos,Dic-2025,13012.0,2026-04-19
00045,BANCO DE SAN JUAN S.A.,publico,informacion_estructura,Cantidad de operaciones a plazo fijo Empresas,Dic-2025,391.0,2026-04-19
00045,BANCO DE SAN JUAN S.A.,publico,informacion_estructura,Cantidad de operaciones por préstamos hipotecarios,Dic-2025,35.0,2026-04-19
00045,BANCO DE SAN JUAN S.A.,publico,informacion_estructura,Cantidad de operaciones por préstamos prendarios,Dic-2025,74.0,2026-04-19
00045,BANCO DE SAN JUAN S.A.,publico,informacion_estructura,Cantidad de operaciones por otros préstamos,Dic-2025,180252.0,2026-04-19
00045,BANCO DE SAN JUAN S.A.,publico,informacion_estructura,Dotación de personal,Dic-2025,375.0,2026-04-19
00045,BANCO DE SAN JUAN S.A.,publico,informacion_estructura,Cantidad de titulares por tarjetas de crédito,Dic-2025,111079.0,2026-04-19
00045,BANCO DE SAN JUAN S.A.,publico,informacion_estructura,Cantidad de tarjetas de crédito (plásticos),Dic-2025,118262.0,2026-04-19
00045,BANCO DE SAN JUAN S.A.,publico,informacion_estructura,Cantidad de tarjetas de débito,Dic-2025,372970.0,2026-04-19
00045,BANCO DE SAN JUAN S.A.,publico,informacion_estructura,Cantidad de Cuentas,Dic-2023,64765.0,2026-04-19
00045,BANCO DE SAN JUAN S.A.,publico,informacion_estructura,Cantidad de Empresas,Dic-2023,692.0,2026-04-19
00045,BANCO DE SAN JUAN S.A.,publico,informacion_estructura,Cantidad de Cuentas,Dic-2024,63090.0,2026-04-19
00045,BANCO DE SAN JUAN S.A.,publico,informacion_estructura,Cantidad de Empresas,Dic-2024,678.0,2026-04-19
00045,BANCO DE SAN JUAN S.A.,publico,informacion_estructura,Cantidad de Cuentas,Nov-2025,25726.0,2026-04-19
00045,BANCO DE SAN JUAN S.A.,publico,informacion_estructura,Cantidad de Empresas,Nov-2025,645.0,2026-04-19
00045,BANCO DE SAN JUAN S.A.,publico,informacion_estructura,Cantidad de Cuentas,Dic-2025,61504.0,2026-04-19
00045,BANCO DE SAN JUAN S.A.,publico,informacion_estructura,Cantidad de Empresas,Dic-2025,720.0,2026-04-19
00045,BANCO DE SAN JUAN S.A.,publico,informacion_estructura,Cantidad de Cuentas,Ene-2026,59065.0,2026-04-19
00045,BANCO DE SAN JUAN S.A.,publico,informacion_estructura,Cantidad de Empresas,Ene-2026,675.0,2026-04-19
00045,BANCO DE SAN JUAN S.A.,publico,informacion_estructura,CABA,Habilitadas,1.0,2026-04-19
00045,BANCO DE SAN JUAN S.A.,publico,informacion_estructura,MENDOZA,Habilitadas,3.0,2026-04-19
00045,BANCO DE SAN JUAN S.A.,publico,informacion_estructura,SAN JUAN,Habilitadas,12.0,2026-04-19
00045,BANCO DE SAN JUAN S.A.,publico,informacion_estructura,CABA,Habilitadas,,2026-04-19
00045,BANCO DE SAN JUAN S.A.,publico,informacion_estructura,MENDOZA,Habilitadas,,2026-04-19
00045,BANCO DE SAN JUAN S.A.,publico,informacion_estructura,SAN JUAN,Habilitadas,1.0,2026-04-19
00045,BANCO DE SAN JUAN S.A.,publico,informacion_estructura,CABA,Habilitadas,,2026-04-19
00045,BANCO DE SAN JUAN S.A.,publico,informacion_estructura,MENDOZA,Habilitadas,,2026-04-19
00045,BANCO DE SAN JUAN S.A.,publico,informacion_estructura,SAN JUAN,Habilitadas,,2026-04-19
00045,BANCO DE SAN JUAN S.A.,publico,informacion_estructura,CABA,Habilitadas,3.0,2026-04-19
00045,BANCO DE SAN JUAN S.A.,publico,informacion_estructura,MENDOZA,Habilitadas,9.0,2026-04-19
00045,BANCO DE SAN JUAN S.A.,publico,informacion_estructura,SAN JUAN,Habilitadas,134.0,2026-04-19
00045,BANCO DE SAN JUAN S.A.,publico,informacion_estructura,CABA,Habilitadas,1.0,2026-04-19
00045,BANCO DE SAN JUAN S.A.,publico,informacion_estructura,MENDOZA,Habilitadas,3.0,2026-04-19
00045,BANCO DE SAN JUAN S.A.,publico,informacion_estructura,SAN JUAN,Habilitadas,25.0,2026-04-19
00045,BANCO DE SAN JUAN S.A.,publico,informacion_estructura,CABA,Habilitadas,,2026-04-19
00045,BANCO DE SAN JUAN S.A.,publico,informacion_estructura,MENDOZA,Habilitadas,1.0,2026-04-19
00045,BANCO DE SAN JUAN S.A.,publico,informacion_estructura,SAN JUAN,Habilitadas,,2026-04-19
00045,BANCO DE SAN JUAN S.A.,publico,informacion_estructura,CABA,Habilitadas,,2026-04-19
00045,BANCO DE SAN JUAN S.A.,publico,informacion_estructura,MENDOZA,Habilitadas,,2026-04-19
00045,BANCO DE SAN JUAN S.A.,publico,informacion_estructura,SAN JUAN,Habilitadas,2.0,2026-04-19
00045,BANCO DE SAN JUAN S.A.,publico,informacion_estructura,CABA,Pendientes de habilitación,,2026-04-19
00045,BANCO DE SAN JUAN S.A.,publico,informacion_estructura,MENDOZA,Pendientes de habilitación,,2026-04-19
00045,BANCO DE SAN JUAN S.A.,publico,informacion_estructura,SAN JUAN,Pendientes de habilitación,,2026-04-19
00045,BANCO DE SAN JUAN S.A.,publico,informacion_estructura,CABA,Total,1.0,2026-04-19
00045,BANCO DE SAN JUAN S.A.,publico,informacion_estructura,MENDOZA,Total,3.0,2026-04-19
00045,BANCO DE SAN JUAN S.A.,publico,informacion_estructura,SAN JUAN,Total,12.0,2026-04-19
00086,BANCO DE SANTA CRUZ S.A.,publico,informacion_estructura,Cantidad de cuentas corrientes,Dic-2023,12980.0,2026-04-19
00086,BANCO DE SANTA CRUZ S.A.,publico,informacion_estructura,Cantidad de cuentas de ahorro,Dic-2023,161070.0,2026-04-19
00086,BANCO DE SANTA CRUZ S.A.,publico,informacion_estructura,Cantidad de cajas de ahorro de ayuda social,Dic-2023,24215.0,2026-04-19
00086,BANCO DE SANTA CRUZ S.A.,publico,informacion_estructura,Cantidad de cuentas previsionales,Dic-2023,19795.0,2026-04-19
00086,BANCO DE SANTA CRUZ S.A.,publico,informacion_estructura,Cantidad de operaciones a plazo fijo Individuos,Dic-2023,14200.0,2026-04-19
00086,BANCO DE SANTA CRUZ S.A.,publico,informacion_estructura,Cantidad de operaciones a plazo fijo Empresas,Dic-2023,299.0,2026-04-19
00086,BANCO DE SANTA CRUZ S.A.,publico,informacion_estructura,Cantidad de operaciones por préstamos hipotecarios,Dic-2023,4.0,2026-04-19
00086,BANCO DE SANTA CRUZ S.A.,publico,informacion_estructura,Cantidad de operaciones por préstamos prendarios,Dic-2023,3.0,2026-04-19
00086,BANCO DE SANTA CRUZ S.A.,publico,informacion_estructura,Cantidad de operaciones por otros préstamos,Dic-2023,114642.0,2026-04-19
00086,BANCO DE SANTA CRUZ S.A.,publico,informacion_estructura,Dotación de personal,Dic-2023,268.0,2026-04-19
00086,BANCO DE SANTA CRUZ S.A.,publico,informacion_estructura,Cantidad de titulares por tarjetas de crédito,Dic-2023,36667.0,2026-04-19
00086,BANCO DE SANTA CRUZ S.A.,publico,informacion_estructura,Cantidad de tarjetas de crédito (plásticos),Dic-2023,68181.0,2026-04-19
00086,BANCO DE SANTA CRUZ S.A.,publico,informacion_estructura,Cantidad de tarjetas de débito,Dic-2023,155801.0,2026-04-19
00086,BANCO DE SANTA CRUZ S.A.,publico,informacion_estructura,Cantidad de cuentas corrientes,Dic-2024,13279.0,2026-04-19
00086,BANCO DE SANTA CRUZ S.A.,publico,informacion_estructura,Cantidad de cuentas de ahorro,Dic-2024,163238.0,2026-04-19
00086,BANCO DE SANTA CRUZ S.A.,publico,informacion_estructura,Cantidad de cajas de ahorro de ayuda social,Dic-2024,24385.0,2026-04-19
00086,BANCO DE SANTA CRUZ S.A.,publico,informacion_estructura,Cantidad de cuentas previsionales,Dic-2024,20325.0,2026-04-19
00086,BANCO DE SANTA CRUZ S.A.,publico,informacion_estructura,Cantidad de operaciones a plazo fijo Individuos,Dic-2024,8212.0,2026-04-19
00086,BANCO DE SANTA CRUZ S.A.,publico,informacion_estructura,Cantidad de operaciones a plazo fijo Empresas,Dic-2024,470.0,2026-04-19
00086,BANCO DE SANTA CRUZ S.A.,publico,informacion_estructura,Cantidad de operaciones por préstamos hipotecarios,Dic-2024,3.0,2026-04-19
00086,BANCO DE SANTA CRUZ S.A.,publico,informacion_estructura,Cantidad de operaciones por préstamos prendarios,Dic-2024,2.0,2026-04-19
00086,BANCO DE SANTA CRUZ S.A.,publico,informacion_estructura,Cantidad de operaciones por otros préstamos,Dic-2024,124183.0,2026-04-19
00086,BANCO DE SANTA CRUZ S.A.,publico,informacion_estructura,Dotación de personal,Dic-2024,265.0,2026-04-19
00086,BANCO DE SANTA CRUZ S.A.,publico,informacion_estructura,Cantidad de titulares por tarjetas de crédito,Dic-2024,39411.0,2026-04-19
00086,BANCO DE SANTA CRUZ S.A.,publico,informacion_estructura,Cantidad de tarjetas de crédito (plásticos),Dic-2024,65734.0,2026-04-19
00086,BANCO DE SANTA CRUZ S.A.,publico,informacion_estructura,Cantidad de tarjetas de débito,Dic-2024,159764.0,2026-04-19
00086,BANCO DE SANTA CRUZ S.A.,publico,informacion_estructura,Cantidad de cuentas corrientes,Jun-2025,12273.0,2026-04-19
00086,BANCO DE SANTA CRUZ S.A.,publico,informacion_estructura,Cantidad de cuentas de ahorro,Jun-2025,159718.0,2026-04-19
00086,BANCO DE SANTA CRUZ S.A.,publico,informacion_estructura,Cantidad de cajas de ahorro de ayuda social,Jun-2025,22586.0,2026-04-19
00086,BANCO DE SANTA CRUZ S.A.,publico,informacion_estructura,Cantidad de cuentas previsionales,Jun-2025,19719.0,2026-04-19
00086,BANCO DE SANTA CRUZ S.A.,publico,informacion_estructura,Cantidad de operaciones a plazo fijo Individuos,Jun-2025,8024.0,2026-04-19
00086,BANCO DE SANTA CRUZ S.A.,publico,informacion_estructura,Cantidad de operaciones a plazo fijo Empresas,Jun-2025,498.0,2026-04-19
00086,BANCO DE SANTA CRUZ S.A.,publico,informacion_estructura,Cantidad de operaciones por préstamos hipotecarios,Jun-2025,3.0,2026-04-19
00086,BANCO DE SANTA CRUZ S.A.,publico,informacion_estructura,Cantidad de operaciones por préstamos prendarios,Jun-2025,3.0,2026-04-19
00086,BANCO DE SANTA CRUZ S.A.,publico,informacion_estructura,Cantidad de operaciones por otros préstamos,Jun-2025,131740.0,2026-04-19
00086,BANCO DE SANTA CRUZ S.A.,publico,informacion_estructura,Dotación de personal,Jun-2025,257.0,2026-04-19
00086,BANCO DE SANTA CRUZ S.A.,publico,informacion_estructura,Cantidad de titulares por tarjetas de crédito,Jun-2025,41018.0,2026-04-19
00086,BANCO DE SANTA CRUZ S.A.,publico,informacion_estructura,Cantidad de tarjetas de crédito (plásticos),Jun-2025,65206.0,2026-04-19
00086,BANCO DE SANTA CRUZ S.A.,publico,informacion_estructura,Cantidad de tarjetas de débito,Jun-2025,161873.0,2026-04-19
00086,BANCO DE SANTA CRUZ S.A.,publico,informacion_estructura,Cantidad de cuentas corrientes,Set-2025,13890.0,2026-04-19
00086,BANCO DE SANTA CRUZ S.A.,publico,informacion_estructura,Cantidad de cuentas de ahorro,Set-2025,158864.0,2026-04-19
00086,BANCO DE SANTA CRUZ S.A.,publico,informacion_estructura,Cantidad de cajas de ahorro de ayuda social,Set-2025,22640.0,2026-04-19
00086,BANCO DE SANTA CRUZ S.A.,publico,informacion_estructura,Cantidad de cuentas previsionales,Set-2025,19730.0,2026-04-19
00086,BANCO DE SANTA CRUZ S.A.,publico,informacion_estructura,Cantidad de operaciones a plazo fijo Individuos,Set-2025,7916.0,2026-04-19
00086,BANCO DE SANTA CRUZ S.A.,publico,informacion_estructura,Cantidad de operaciones a plazo fijo Empresas,Set-2025,597.0,2026-04-19
00086,BANCO DE SANTA CRUZ S.A.,publico,informacion_estructura,Cantidad de operaciones por préstamos hipotecarios,Set-2025,1.0,2026-04-19
00086,BANCO DE SANTA CRUZ S.A.,publico,informacion_estructura,Cantidad de operaciones por préstamos prendarios,Set-2025,1.0,2026-04-19
00086,BANCO DE SANTA CRUZ S.A.,publico,informacion_estructura,Cantidad de operaciones por otros préstamos,Set-2025,138060.0,2026-04-19
00086,BANCO DE SANTA CRUZ S.A.,publico,informacion_estructura,Dotación de personal,Set-2025,254.0,2026-04-19
00086,BANCO DE SANTA CRUZ S.A.,publico,informacion_estructura,Cantidad de titulares por tarjetas de crédito,Set-2025,42805.0,2026-04-19
00086,BANCO DE SANTA CRUZ S.A.,publico,informacion_estructura,Cantidad de tarjetas de crédito (plásticos),Set-2025,69686.0,2026-04-19
00086,BANCO DE SANTA CRUZ S.A.,publico,informacion_estructura,Cantidad de tarjetas de débito,Set-2025,163992.0,2026-04-19
00086,BANCO DE SANTA CRUZ S.A.,publico,informacion_estructura,Cantidad de cuentas corrientes,Dic-2025,22999.0,2026-04-19
00086,BANCO DE SANTA CRUZ S.A.,publico,informacion_estructura,Cantidad de cuentas de ahorro,Dic-2025,161370.0,2026-04-19
00086,BANCO DE SANTA CRUZ S.A.,publico,informacion_estructura,Cantidad de cajas de ahorro de ayuda social,Dic-2025,22650.0,2026-04-19
00086,BANCO DE SANTA CRUZ S.A.,publico,informacion_estructura,Cantidad de cuentas previsionales,Dic-2025,19876.0,2026-04-19
00086,BANCO DE SANTA CRUZ S.A.,publico,informacion_estructura,Cantidad de operaciones a plazo fijo Individuos,Dic-2025,7058.0,2026-04-19
00086,BANCO DE SANTA CRUZ S.A.,publico,informacion_estructura,Cantidad de operaciones a plazo fijo Empresas,Dic-2025,498.0,2026-04-19
00086,BANCO DE SANTA CRUZ S.A.,publico,informacion_estructura,Cantidad de operaciones por préstamos hipotecarios,Dic-2025,1.0,2026-04-19
00086,BANCO DE SANTA CRUZ S.A.,publico,informacion_estructura,Cantidad de operaciones por préstamos prendarios,Dic-2025,1.0,2026-04-19
00086,BANCO DE SANTA CRUZ S.A.,publico,informacion_estructura,Cantidad de operaciones por otros préstamos,Dic-2025,138402.0,2026-04-19
00086,BANCO DE SANTA CRUZ S.A.,publico,informacion_estructura,Dotación de personal,Dic-2025,257.0,2026-04-19
00086,BANCO DE SANTA CRUZ S.A.,publico,informacion_estructura,Cantidad de titulares por tarjetas de crédito,Dic-2025,43651.0,2026-04-19
00086,BANCO DE SANTA CRUZ S.A.,publico,informacion_estructura,Cantidad de tarjetas de crédito (plásticos),Dic-2025,69240.0,2026-04-19
00086,BANCO DE SANTA CRUZ S.A.,publico,informacion_estructura,Cantidad de tarjetas de débito,Dic-2025,165299.0,2026-04-19
00086,BANCO DE SANTA CRUZ S.A.,publico,informacion_estructura,Cantidad de Cuentas,Dic-2023,71348.0,2026-04-19
00086,BANCO DE SANTA CRUZ S.A.,publico,informacion_estructura,Cantidad de Empresas,Dic-2023,149.0,2026-04-19
00086,BANCO DE SANTA CRUZ S.A.,publico,informacion_estructura,Cantidad de Cuentas,Dic-2024,70961.0,2026-04-19
00086,BANCO DE SANTA CRUZ S.A.,publico,informacion_estructura,Cantidad de Empresas,Dic-2024,143.0,2026-04-19
00086,BANCO DE SANTA CRUZ S.A.,publico,informacion_estructura,Cantidad de Cuentas,Nov-2025,71372.0,2026-04-19
00086,BANCO DE SANTA CRUZ S.A.,publico,informacion_estructura,Cantidad de Empresas,Nov-2025,127.0,2026-04-19
00086,BANCO DE SANTA CRUZ S.A.,publico,informacion_estructura,Cantidad de Cuentas,Dic-2025,71744.0,2026-04-19
00086,BANCO DE SANTA CRUZ S.A.,publico,informacion_estructura,Cantidad de Empresas,Dic-2025,136.0,2026-04-19
00086,BANCO DE SANTA CRUZ S.A.,publico,informacion_estructura,Cantidad de Cuentas,Ene-2026,70877.0,2026-04-19
00086,BANCO DE SANTA CRUZ S.A.,publico,informacion_estructura,Cantidad de Empresas,Ene-2026,127.0,2026-04-19
00086,BANCO DE SANTA CRUZ S.A.,publico,informacion_estructura,CABA,Habilitadas,1.0,2026-04-19
00086,BANCO DE SANTA CRUZ S.A.,publico,informacion_estructura,CHUBUT,Habilitadas,1.0,2026-04-19
00086,BANCO DE SANTA CRUZ S.A.,publico,informacion_estructura,SANTA CRUZ,Habilitadas,14.0,2026-04-19
00086,BANCO DE SANTA CRUZ S.A.,publico,informacion_estructura,CABA,Habilitadas,,2026-04-19
00086,BANCO DE SANTA CRUZ S.A.,publico,informacion_estructura,CHUBUT,Habilitadas,,2026-04-19
00086,BANCO DE SANTA CRUZ S.A.,publico,informacion_estructura,SANTA CRUZ,Habilitadas,,2026-04-19
00086,BANCO DE SANTA CRUZ S.A.,publico,informacion_estructura,CABA,Habilitadas,,2026-04-19
00086,BANCO DE SANTA CRUZ S.A.,publico,informacion_estructura,CHUBUT,Habilitadas,,2026-04-19
00086,BANCO DE SANTA CRUZ S.A.,publico,informacion_estructura,SANTA CRUZ,Habilitadas,7.0,2026-04-19
00086,BANCO DE SANTA CRUZ S.A.,publico,informacion_estructura,CABA,Habilitadas,3.0,2026-04-19
00086,BANCO DE SANTA CRUZ S.A.,publico,informacion_estructura,CHUBUT,Habilitadas,2.0,2026-04-19
00086,BANCO DE SANTA CRUZ S.A.,publico,informacion_estructura,SANTA CRUZ,Habilitadas,106.0,2026-04-19
00086,BANCO DE SANTA CRUZ S.A.,publico,informacion_estructura,CABA,Habilitadas,,2026-04-19
00086,BANCO DE SANTA CRUZ S.A.,publico,informacion_estructura,CHUBUT,Habilitadas,,2026-04-19
00086,BANCO DE SANTA CRUZ S.A.,publico,informacion_estructura,SANTA CRUZ,Habilitadas,9.0,2026-04-19
00086,BANCO DE SANTA CRUZ S.A.,publico,informacion_estructura,CABA,Habilitadas,,2026-04-19
00086,BANCO DE SANTA CRUZ S.A.,publico,informacion_estructura,CHUBUT,Habilitadas,,2026-04-19
00086,BANCO DE SANTA CRUZ S.A.,publico,informacion_estructura,SANTA CRUZ,Habilitadas,,2026-04-19
00086,BANCO DE SANTA CRUZ S.A.,publico,informacion_estructura,CABA,Habilitadas,,2026-04-19
00086,BANCO DE SANTA CRUZ S.A.,publico,informacion_estructura,CHUBUT,Habilitadas,,2026-04-19
00086,BANCO DE SANTA CRUZ S.A.,publico,informacion_estructura,SANTA CRUZ,Habilitadas,1.0,2026-04-19
00086,BANCO DE SANTA CRUZ S.A.,publico,informacion_estructura,CABA,Pendientes de habilitación,,2026-04-19
00086,BANCO DE SANTA CRUZ S.A.,publico,informacion_estructura,CHUBUT,Pendientes de habilitación,,2026-04-19
00086,BANCO DE SANTA CRUZ S.A.,publico,informacion_estructura,SANTA CRUZ,Pendientes de habilitación,,2026-04-19
00086,BANCO DE SANTA CRUZ S.A.,publico,informacion_estructura,CABA,Total,1.0,2026-04-19
00086,BANCO DE SANTA CRUZ S.A.,publico,informacion_estructura,CHUBUT,Total,1.0,2026-04-19
00086,BANCO DE SANTA CRUZ S.A.,publico,informacion_estructura,SANTA CRUZ,Total,14.0,2026-04-19
00321,BANCO DE SANTIAGO DEL ESTERO S.A.,publico,informacion_estructura,Cantidad de cuentas corrientes,Dic-2023,9837.0,2026-04-19
00321,BANCO DE SANTIAGO DEL ESTERO S.A.,publico,informacion_estructura,Cantidad de cuentas de ahorro,Dic-2023,1231762.0,2026-04-19
00321,BANCO DE SANTIAGO DEL ESTERO S.A.,publico,informacion_estructura,Cantidad de cajas de ahorro de ayuda social,Dic-2023,479474.0,2026-04-19
00321,BANCO DE SANTIAGO DEL ESTERO S.A.,publico,informacion_estructura,Cantidad de cuentas previsionales,Dic-2023,446288.0,2026-04-19
00321,BANCO DE SANTIAGO DEL ESTERO S.A.,publico,informacion_estructura,Cantidad de operaciones a plazo fijo Individuos,Dic-2023,30163.0,2026-04-19
00321,BANCO DE SANTIAGO DEL ESTERO S.A.,publico,informacion_estructura,Cantidad de operaciones a plazo fijo Empresas,Dic-2023,477.0,2026-04-19
00321,BANCO DE SANTIAGO DEL ESTERO S.A.,publico,informacion_estructura,Cantidad de operaciones por otros préstamos,Dic-2023,576298.0,2026-04-19
00321,BANCO DE SANTIAGO DEL ESTERO S.A.,publico,informacion_estructura,Dotación de personal,Dic-2023,645.0,2026-04-19
00321,BANCO DE SANTIAGO DEL ESTERO S.A.,publico,informacion_estructura,Cantidad de titulares por tarjetas de crédito,Dic-2023,177810.0,2026-04-19
00321,BANCO DE SANTIAGO DEL ESTERO S.A.,publico,informacion_estructura,Cantidad de tarjetas de crédito (plásticos),Dic-2023,252497.0,2026-04-19
00321,BANCO DE SANTIAGO DEL ESTERO S.A.,publico,informacion_estructura,Cantidad de tarjetas de débito,Dic-2023,1002946.0,2026-04-19
00321,BANCO DE SANTIAGO DEL ESTERO S.A.,publico,informacion_estructura,Cantidad de cuentas corrientes,Dic-2024,10251.0,2026-04-19
00321,BANCO DE SANTIAGO DEL ESTERO S.A.,publico,informacion_estructura,Cantidad de cuentas de ahorro,Dic-2024,1259872.0,2026-04-19
00321,BANCO DE SANTIAGO DEL ESTERO S.A.,publico,informacion_estructura,Cantidad de cajas de ahorro de ayuda social,Dic-2024,501603.0,2026-04-19
00321,BANCO DE SANTIAGO DEL ESTERO S.A.,publico,informacion_estructura,Cantidad de cuentas previsionales,Dic-2024,407200.0,2026-04-19
00321,BANCO DE SANTIAGO DEL ESTERO S.A.,publico,informacion_estructura,Cantidad de operaciones a plazo fijo Individuos,Dic-2024,29132.0,2026-04-19
00321,BANCO DE SANTIAGO DEL ESTERO S.A.,publico,informacion_estructura,Cantidad de operaciones a plazo fijo Empresas,Dic-2024,737.0,2026-04-19
00321,BANCO DE SANTIAGO DEL ESTERO S.A.,publico,informacion_estructura,Cantidad de operaciones por otros préstamos,Dic-2024,621615.0,2026-04-19
00321,BANCO DE SANTIAGO DEL ESTERO S.A.,publico,informacion_estructura,Dotación de personal,Dic-2024,635.0,2026-04-19
00321,BANCO DE SANTIAGO DEL ESTERO S.A.,publico,informacion_estructura,Cantidad de titulares por tarjetas de crédito,Dic-2024,169179.0,2026-04-19
00321,BANCO DE SANTIAGO DEL ESTERO S.A.,publico,informacion_estructura,Cantidad de tarjetas de crédito (plásticos),Dic-2024,234944.0,2026-04-19
00321,BANCO DE SANTIAGO DEL ESTERO S.A.,publico,informacion_estructura,Cantidad de tarjetas de débito,Dic-2024,961597.0,2026-04-19
00321,BANCO DE SANTIAGO DEL ESTERO S.A.,publico,informacion_estructura,Cantidad de cuentas corrientes,Jun-2025,10418.0,2026-04-19
00321,BANCO DE SANTIAGO DEL ESTERO S.A.,publico,informacion_estructura,Cantidad de cuentas de ahorro,Jun-2025,1245060.0,2026-04-19
00321,BANCO DE SANTIAGO DEL ESTERO S.A.,publico,informacion_estructura,Cantidad de cajas de ahorro de ayuda social,Jun-2025,510123.0,2026-04-19
00321,BANCO DE SANTIAGO DEL ESTERO S.A.,publico,informacion_estructura,Cantidad de cuentas previsionales,Jun-2025,419507.0,2026-04-19
00321,BANCO DE SANTIAGO DEL ESTERO S.A.,publico,informacion_estructura,Cantidad de operaciones a plazo fijo Individuos,Jun-2025,26947.0,2026-04-19
00321,BANCO DE SANTIAGO DEL ESTERO S.A.,publico,informacion_estructura,Cantidad de operaciones a plazo fijo Empresas,Jun-2025,815.0,2026-04-19
00321,BANCO DE SANTIAGO DEL ESTERO S.A.,publico,informacion_estructura,Cantidad de operaciones por otros préstamos,Jun-2025,621297.0,2026-04-19
00321,BANCO DE SANTIAGO DEL ESTERO S.A.,publico,informacion_estructura,Dotación de personal,Jun-2025,627.0,2026-04-19
00321,BANCO DE SANTIAGO DEL ESTERO S.A.,publico,informacion_estructura,Cantidad de titulares por tarjetas de crédito,Jun-2025,163656.0,2026-04-19
00321,BANCO DE SANTIAGO DEL ESTERO S.A.,publico,informacion_estructura,Cantidad de tarjetas de crédito (plásticos),Jun-2025,224638.0,2026-04-19
00321,BANCO DE SANTIAGO DEL ESTERO S.A.,publico,informacion_estructura,Cantidad de tarjetas de débito,Jun-2025,866923.0,2026-04-19
00321,BANCO DE SANTIAGO DEL ESTERO S.A.,publico,informacion_estructura,Cantidad de cuentas corrientes,Set-2025,10543.0,2026-04-19
00321,BANCO DE SANTIAGO DEL ESTERO S.A.,publico,informacion_estructura,Cantidad de cuentas de ahorro,Set-2025,1229417.0,2026-04-19
00321,BANCO DE SANTIAGO DEL ESTERO S.A.,publico,informacion_estructura,Cantidad de cajas de ahorro de ayuda social,Set-2025,510851.0,2026-04-19
00321,BANCO DE SANTIAGO DEL ESTERO S.A.,publico,informacion_estructura,Cantidad de cuentas previsionales,Set-2025,404382.0,2026-04-19
00321,BANCO DE SANTIAGO DEL ESTERO S.A.,publico,informacion_estructura,Cantidad de operaciones a plazo fijo Individuos,Set-2025,18364.0,2026-04-19
00321,BANCO DE SANTIAGO DEL ESTERO S.A.,publico,informacion_estructura,Cantidad de operaciones a plazo fijo Empresas,Set-2025,587.0,2026-04-19
00321,BANCO DE SANTIAGO DEL ESTERO S.A.,publico,informacion_estructura,Cantidad de operaciones por otros préstamos,Set-2025,619433.0,2026-04-19
00321,BANCO DE SANTIAGO DEL ESTERO S.A.,publico,informacion_estructura,Dotación de personal,Set-2025,639.0,2026-04-19
00321,BANCO DE SANTIAGO DEL ESTERO S.A.,publico,informacion_estructura,Cantidad de titulares por tarjetas de crédito,Set-2025,161899.0,2026-04-19
00321,BANCO DE SANTIAGO DEL ESTERO S.A.,publico,informacion_estructura,Cantidad de tarjetas de crédito (plásticos),Set-2025,219293.0,2026-04-19
00321,BANCO DE SANTIAGO DEL ESTERO S.A.,publico,informacion_estructura,Cantidad de tarjetas de débito,Set-2025,811158.0,2026-04-19
00321,BANCO DE SANTIAGO DEL ESTERO S.A.,publico,informacion_estructura,Cantidad de cuentas corrientes,Dic-2025,10664.0,2026-04-19
00321,BANCO DE SANTIAGO DEL ESTERO S.A.,publico,informacion_estructura,Cantidad de cuentas de ahorro,Dic-2025,1256916.0,2026-04-19
00321,BANCO DE SANTIAGO DEL ESTERO S.A.,publico,informacion_estructura,Cantidad de cajas de ahorro de ayuda social,Dic-2025,,2026-04-19
00321,BANCO DE SANTIAGO DEL ESTERO S.A.,publico,informacion_estructura,Cantidad de cuentas previsionales,Dic-2025,,2026-04-19
00321,BANCO DE SANTIAGO DEL ESTERO S.A.,publico,informacion_estructura,Cantidad de operaciones a plazo fijo Individuos,Dic-2025,,2026-04-19
00321,BANCO DE SANTIAGO DEL ESTERO S.A.,publico,informacion_estructura,Cantidad de operaciones a plazo fijo Empresas,Dic-2025,,2026-04-19
00321,BANCO DE SANTIAGO DEL ESTERO S.A.,publico,informacion_estructura,Cantidad de operaciones por otros préstamos,Dic-2025,,2026-04-19
00321,BANCO DE SANTIAGO DEL ESTERO S.A.,publico,informacion_estructura,Dotación de personal,Dic-2025,,2026-04-19
00321,BANCO DE SANTIAGO DEL ESTERO S.A.,publico,informacion_estructura,Cantidad de titulares por tarjetas de crédito,Dic-2025,,2026-04-19
00321,BANCO DE SANTIAGO DEL ESTERO S.A.,publico,informacion_estructura,Cantidad de tarjetas de crédito (plásticos),Dic-2025,,2026-04-19
00321,BANCO DE SANTIAGO DEL ESTERO S.A.,publico,informacion_estructura,Cantidad de tarjetas de débito,Dic-2025,,2026-04-19
00321,BANCO DE SANTIAGO DEL ESTERO S.A.,publico,informacion_estructura,Cantidad de Cuentas,Dic-2023,98500.0,2026-04-19
00321,BANCO DE SANTIAGO DEL ESTERO S.A.,publico,informacion_estructura,Cantidad de Empresas,Dic-2023,250.0,2026-04-19
00321,BANCO DE SANTIAGO DEL ESTERO S.A.,publico,informacion_estructura,Cantidad de Cuentas,Dic-2024,118942.0,2026-04-19
00321,BANCO DE SANTIAGO DEL ESTERO S.A.,publico,informacion_estructura,Cantidad de Empresas,Dic-2024,322.0,2026-04-19
00321,BANCO DE SANTIAGO DEL ESTERO S.A.,publico,informacion_estructura,Cantidad de Cuentas,Nov-2025,92664.0,2026-04-19
00321,BANCO DE SANTIAGO DEL ESTERO S.A.,publico,informacion_estructura,Cantidad de Empresas,Nov-2025,304.0,2026-04-19
00321,BANCO DE SANTIAGO DEL ESTERO S.A.,publico,informacion_estructura,Cantidad de Cuentas,Dic-2025,94555.0,2026-04-19
00321,BANCO DE SANTIAGO DEL ESTERO S.A.,publico,informacion_estructura,Cantidad de Empresas,Dic-2025,312.0,2026-04-19
00321,BANCO DE SANTIAGO DEL ESTERO S.A.,publico,informacion_estructura,Cantidad de Cuentas,Ene-2026,85826.0,2026-04-19
00321,BANCO DE SANTIAGO DEL ESTERO S.A.,publico,informacion_estructura,Cantidad de Empresas,Ene-2026,289.0,2026-04-19
00321,BANCO DE SANTIAGO DEL ESTERO S.A.,publico,informacion_estructura,CABA,Habilitadas,1.0,2026-04-19
00321,BANCO DE SANTIAGO DEL ESTERO S.A.,publico,informacion_estructura,CATAMARCA,Habilitadas,1.0,2026-04-19
00321,BANCO DE SANTIAGO DEL ESTERO S.A.,publico,informacion_estructura,CÓRDOBA,Habilitadas,1.0,2026-04-19
00321,BANCO DE SANTIAGO DEL ESTERO S.A.,publico,informacion_estructura,JUJUY,Habilitadas,1.0,2026-04-19
00321,BANCO DE SANTIAGO DEL ESTERO S.A.,publico,informacion_estructura,SALTA,Habilitadas,1.0,2026-04-19
00321,BANCO DE SANTIAGO DEL ESTERO S.A.,publico,informacion_estructura,SANTIAGO DEL ESTERO,Habilitadas,36.0,2026-04-19
00321,BANCO DE SANTIAGO DEL ESTERO S.A.,publico,informacion_estructura,TUCUMÁN,Habilitadas,2.0,2026-04-19
00321,BANCO DE SANTIAGO DEL ESTERO S.A.,publico,informacion_estructura,CABA,Habilitadas,,2026-04-19
00321,BANCO DE SANTIAGO DEL ESTERO S.A.,publico,informacion_estructura,CATAMARCA,Habilitadas,,2026-04-19
00321,BANCO DE SANTIAGO DEL ESTERO S.A.,publico,informacion_estructura,CÓRDOBA,Habilitadas,,2026-04-19
00321,BANCO DE SANTIAGO DEL ESTERO S.A.,publico,informacion_estructura,JUJUY,Habilitadas,,2026-04-19
00321,BANCO DE SANTIAGO DEL ESTERO S.A.,publico,informacion_estructura,SALTA,Habilitadas,,2026-04-19
00321,BANCO DE SANTIAGO DEL ESTERO S.A.,publico,informacion_estructura,SANTIAGO DEL ESTERO,Habilitadas,,2026-04-19
00321,BANCO DE SANTIAGO DEL ESTERO S.A.,publico,informacion_estructura,TUCUMÁN,Habilitadas,,2026-04-19
00321,BANCO DE SANTIAGO DEL ESTERO S.A.,publico,informacion_estructura,CABA,Habilitadas,,2026-04-19
00321,BANCO DE SANTIAGO DEL ESTERO S.A.,publico,informacion_estructura,CATAMARCA,Habilitadas,,2026-04-19
00321,BANCO DE SANTIAGO DEL ESTERO S.A.,publico,informacion_estructura,CÓRDOBA,Habilitadas,,2026-04-19
00321,BANCO DE SANTIAGO DEL ESTERO S.A.,publico,informacion_estructura,JUJUY,Habilitadas,,2026-04-19
00321,BANCO DE SANTIAGO DEL ESTERO S.A.,publico,informacion_estructura,SALTA,Habilitadas,,2026-04-19
00321,BANCO DE SANTIAGO DEL ESTERO S.A.,publico,informacion_estructura,SANTIAGO DEL ESTERO,Habilitadas,,2026-04-19
00321,BANCO DE SANTIAGO DEL ESTERO S.A.,publico,informacion_estructura,TUCUMÁN,Habilitadas,,2026-04-19
00321,BANCO DE SANTIAGO DEL ESTERO S.A.,publico,informacion_estructura,CABA,Habilitadas,1.0,2026-04-19
00321,BANCO DE SANTIAGO DEL ESTERO S.A.,publico,informacion_estructura,CATAMARCA,Habilitadas,7.0,2026-04-19
00321,BANCO DE SANTIAGO DEL ESTERO S.A.,publico,informacion_estructura,CÓRDOBA,Habilitadas,10.0,2026-04-19
00321,BANCO DE SANTIAGO DEL ESTERO S.A.,publico,informacion_estructura,JUJUY,Habilitadas,5.0,2026-04-19
00321,BANCO DE SANTIAGO DEL ESTERO S.A.,publico,informacion_estructura,SALTA,Habilitadas,7.0,2026-04-19
00321,BANCO DE SANTIAGO DEL ESTERO S.A.,publico,informacion_estructura,SANTIAGO DEL ESTERO,Habilitadas,233.0,2026-04-19
00321,BANCO DE SANTIAGO DEL ESTERO S.A.,publico,informacion_estructura,TUCUMÁN,Habilitadas,27.0,2026-04-19
00321,BANCO DE SANTIAGO DEL ESTERO S.A.,publico,informacion_estructura,CABA,Habilitadas,,2026-04-19
00321,BANCO DE SANTIAGO DEL ESTERO S.A.,publico,informacion_estructura,CATAMARCA,Habilitadas,,2026-04-19
00321,BANCO DE SANTIAGO DEL ESTERO S.A.,publico,informacion_estructura,CÓRDOBA,Habilitadas,,2026-04-19
00321,BANCO DE SANTIAGO DEL ESTERO S.A.,publico,informacion_estructura,JUJUY,Habilitadas,,2026-04-19
00321,BANCO DE SANTIAGO DEL ESTERO S.A.,publico,informacion_estructura,SALTA,Habilitadas,,2026-04-19
00321,BANCO DE SANTIAGO DEL ESTERO S.A.,publico,informacion_estructura,SANTIAGO DEL ESTERO,Habilitadas,,2026-04-19
00321,BANCO DE SANTIAGO DEL ESTERO S.A.,publico,informacion_estructura,TUCUMÁN,Habilitadas,,2026-04-19
00321,BANCO DE SANTIAGO DEL ESTERO S.A.,publico,informacion_estructura,CABA,Habilitadas,,2026-04-19
00321,BANCO DE SANTIAGO DEL ESTERO S.A.,publico,informacion_estructura,CATAMARCA,Habilitadas,,2026-04-19
00321,BANCO DE SANTIAGO DEL ESTERO S.A.,publico,informacion_estructura,CÓRDOBA,Habilitadas,,2026-04-19
00321,BANCO DE SANTIAGO DEL ESTERO S.A.,publico,informacion_estructura,JUJUY,Habilitadas,,2026-04-19
00321,BANCO DE SANTIAGO DEL ESTERO S.A.,publico,informacion_estructura,SALTA,Habilitadas,,2026-04-19
00321,BANCO DE SANTIAGO DEL ESTERO S.A.,publico,informacion_estructura,SANTIAGO DEL ESTERO,Habilitadas,,2026-04-19
00321,BANCO DE SANTIAGO DEL ESTERO S.A.,publico,informacion_estructura,TUCUMÁN,Habilitadas,,2026-04-19
00321,BANCO DE SANTIAGO DEL ESTERO S.A.,publico,informacion_estructura,CABA,Habilitadas,,2026-04-19
00321,BANCO DE SANTIAGO DEL ESTERO S.A.,publico,informacion_estructura,CATAMARCA,Habilitadas,,2026-04-19
00321,BANCO DE SANTIAGO DEL ESTERO S.A.,publico,informacion_estructura,CÓRDOBA,Habilitadas,1.0,2026-04-19
00321,BANCO DE SANTIAGO DEL ESTERO S.A.,publico,informacion_estructura,JUJUY,Habilitadas,,2026-04-19
00321,BANCO DE SANTIAGO DEL ESTERO S.A.,publico,informacion_estructura,SALTA,Habilitadas,1.0,2026-04-19
00321,BANCO DE SANTIAGO DEL ESTERO S.A.,publico,informacion_estructura,SANTIAGO DEL ESTERO,Habilitadas,9.0,2026-04-19
00321,BANCO DE SANTIAGO DEL ESTERO S.A.,publico,informacion_estructura,TUCUMÁN,Habilitadas,3.0,2026-04-19
00321,BANCO DE SANTIAGO DEL ESTERO S.A.,publico,informacion_estructura,CABA,Pendientes de habilitación,,2026-04-19
00321,BANCO DE SANTIAGO DEL ESTERO S.A.,publico,informacion_estructura,CATAMARCA,Pendientes de habilitación,,2026-04-19
00321,BANCO DE SANTIAGO DEL ESTERO S.A.,publico,informacion_estructura,CÓRDOBA,Pendientes de habilitación,,2026-04-19
00321,BANCO DE SANTIAGO DEL ESTERO S.A.,publico,informacion_estructura,JUJUY,Pendientes de habilitación,,2026-04-19
00321,BANCO DE SANTIAGO DEL ESTERO S.A.,publico,informacion_estructura,SALTA,Pendientes de habilitación,,2026-04-19
00321,BANCO DE SANTIAGO DEL ESTERO S.A.,publico,informacion_estructura,SANTIAGO DEL ESTERO,Pendientes de habilitación,,2026-04-19
00321,BANCO DE SANTIAGO DEL ESTERO S.A.,publico,informacion_estructura,TUCUMÁN,Pendientes de habilitación,,2026-04-19
00321,BANCO DE SANTIAGO DEL ESTERO S.A.,publico,informacion_estructura,CABA,Total,1.0,2026-04-19
00321,BANCO DE SANTIAGO DEL ESTERO S.A.,publico,informacion_estructura,CATAMARCA,Total,1.0,2026-04-19
00321,BANCO DE SANTIAGO DEL ESTERO S.A.,publico,informacion_estructura,CÓRDOBA,Total,1.0,2026-04-19
00321,BANCO DE SANTIAGO DEL ESTERO S.A.,publico,informacion_estructura,JUJUY,Total,1.0,2026-04-19
00321,BANCO DE SANTIAGO DEL ESTERO S.A.,publico,informacion_estructura,SALTA,Total,1.0,2026-04-19
00321,BANCO DE SANTIAGO DEL ESTERO S.A.,publico,informacion_estructura,SANTIAGO DEL ESTERO,Total,36.0,2026-04-19
00321,BANCO DE SANTIAGO DEL ESTERO S.A.,publico,informacion_estructura,TUCUMÁN,Total,2.0,2026-04-19
00332,BANCO DE SERVICIOS FINANCIEROS S.A.,privado_nacional,informacion_estructura,Cantidad de cuentas de ahorro,Dic-2023,,2026-04-19
00332,BANCO DE SERVICIOS FINANCIEROS S.A.,privado_nacional,informacion_estructura,Cantidad de operaciones a plazo fijo Empresas,Dic-2023,1.0,2026-04-19
00332,BANCO DE SERVICIOS FINANCIEROS S.A.,privado_nacional,informacion_estructura,Cantidad de operaciones por otros préstamos,Dic-2023,490656.0,2026-04-19
00332,BANCO DE SERVICIOS FINANCIEROS S.A.,privado_nacional,informacion_estructura,Dotación de personal,Dic-2023,184.0,2026-04-19
00332,BANCO DE SERVICIOS FINANCIEROS S.A.,privado_nacional,informacion_estructura,Cantidad de titulares por tarjetas de crédito,Dic-2023,551718.0,2026-04-19
00332,BANCO DE SERVICIOS FINANCIEROS S.A.,privado_nacional,informacion_estructura,Cantidad de tarjetas de crédito (plásticos),Dic-2023,629728.0,2026-04-19
00332,BANCO DE SERVICIOS FINANCIEROS S.A.,privado_nacional,informacion_estructura,Cantidad de cuentas de ahorro,Dic-2024,,2026-04-19
00332,BANCO DE SERVICIOS FINANCIEROS S.A.,privado_nacional,informacion_estructura,Cantidad de operaciones a plazo fijo Empresas,Dic-2024,,2026-04-19
00332,BANCO DE SERVICIOS FINANCIEROS S.A.,privado_nacional,informacion_estructura,Cantidad de operaciones por otros préstamos,Dic-2024,543640.0,2026-04-19
00332,BANCO DE SERVICIOS FINANCIEROS S.A.,privado_nacional,informacion_estructura,Dotación de personal,Dic-2024,179.0,2026-04-19
00332,BANCO DE SERVICIOS FINANCIEROS S.A.,privado_nacional,informacion_estructura,Cantidad de titulares por tarjetas de crédito,Dic-2024,599182.0,2026-04-19
00332,BANCO DE SERVICIOS FINANCIEROS S.A.,privado_nacional,informacion_estructura,Cantidad de tarjetas de crédito (plásticos),Dic-2024,678559.0,2026-04-19
00332,BANCO DE SERVICIOS FINANCIEROS S.A.,privado_nacional,informacion_estructura,Cantidad de cuentas de ahorro,Jun-2025,,2026-04-19
00332,BANCO DE SERVICIOS FINANCIEROS S.A.,privado_nacional,informacion_estructura,Cantidad de operaciones a plazo fijo Empresas,Jun-2025,,2026-04-19
00332,BANCO DE SERVICIOS FINANCIEROS S.A.,privado_nacional,informacion_estructura,Cantidad de operaciones por otros préstamos,Jun-2025,603223.0,2026-04-19
00332,BANCO DE SERVICIOS FINANCIEROS S.A.,privado_nacional,informacion_estructura,Dotación de personal,Jun-2025,175.0,2026-04-19
00332,BANCO DE SERVICIOS FINANCIEROS S.A.,privado_nacional,informacion_estructura,Cantidad de titulares por tarjetas de crédito,Jun-2025,582612.0,2026-04-19
00332,BANCO DE SERVICIOS FINANCIEROS S.A.,privado_nacional,informacion_estructura,Cantidad de tarjetas de crédito (plásticos),Jun-2025,658679.0,2026-04-19
00332,BANCO DE SERVICIOS FINANCIEROS S.A.,privado_nacional,informacion_estructura,Cantidad de cuentas de ahorro,Set-2025,1.0,2026-04-19
00332,BANCO DE SERVICIOS FINANCIEROS S.A.,privado_nacional,informacion_estructura,Cantidad de operaciones a plazo fijo Empresas,Set-2025,,2026-04-19
00332,BANCO DE SERVICIOS FINANCIEROS S.A.,privado_nacional,informacion_estructura,Cantidad de operaciones por otros préstamos,Set-2025,605510.0,2026-04-19
00332,BANCO DE SERVICIOS FINANCIEROS S.A.,privado_nacional,informacion_estructura,Dotación de personal,Set-2025,172.0,2026-04-19
00332,BANCO DE SERVICIOS FINANCIEROS S.A.,privado_nacional,informacion_estructura,Cantidad de titulares por tarjetas de crédito,Set-2025,563639.0,2026-04-19
00332,BANCO DE SERVICIOS FINANCIEROS S.A.,privado_nacional,informacion_estructura,Cantidad de tarjetas de crédito (plásticos),Set-2025,636743.0,2026-04-19
00332,BANCO DE SERVICIOS FINANCIEROS S.A.,privado_nacional,informacion_estructura,Cantidad de cuentas de ahorro,Dic-2025,,2026-04-19
00332,BANCO DE SERVICIOS FINANCIEROS S.A.,privado_nacional,informacion_estructura,Cantidad de operaciones a plazo fijo Empresas,Dic-2025,,2026-04-19
00332,BANCO DE SERVICIOS FINANCIEROS S.A.,privado_nacional,informacion_estructura,Cantidad de operaciones por otros préstamos,Dic-2025,570455.0,2026-04-19
00332,BANCO DE SERVICIOS FINANCIEROS S.A.,privado_nacional,informacion_estructura,Dotación de personal,Dic-2025,172.0,2026-04-19
00332,BANCO DE SERVICIOS FINANCIEROS S.A.,privado_nacional,informacion_estructura,Cantidad de titulares por tarjetas de crédito,Dic-2025,527751.0,2026-04-19
00332,BANCO DE SERVICIOS FINANCIEROS S.A.,privado_nacional,informacion_estructura,Cantidad de tarjetas de crédito (plásticos),Dic-2025,596479.0,2026-04-19
00332,BANCO DE SERVICIOS FINANCIEROS S.A.,privado_nacional,informacion_estructura,BUENOS AIRES,Habilitadas,1.0,2026-04-19
00332,BANCO DE SERVICIOS FINANCIEROS S.A.,privado_nacional,informacion_estructura,BUENOS AIRES,Habilitadas,,2026-04-19
00332,BANCO DE SERVICIOS FINANCIEROS S.A.,privado_nacional,informacion_estructura,BUENOS AIRES,Habilitadas,,2026-04-19
00332,BANCO DE SERVICIOS FINANCIEROS S.A.,privado_nacional,informacion_estructura,BUENOS AIRES,Habilitadas,,2026-04-19
00332,BANCO DE SERVICIOS FINANCIEROS S.A.,privado_nacional,informacion_estructura,BUENOS AIRES,Habilitadas,,2026-04-19
00332,BANCO DE SERVICIOS FINANCIEROS S.A.,privado_nacional,informacion_estructura,BUENOS AIRES,Habilitadas,,2026-04-19
00332,BANCO DE SERVICIOS FINANCIEROS S.A.,privado_nacional,informacion_estructura,BUENOS AIRES,Habilitadas,,2026-04-19
00332,BANCO DE SERVICIOS FINANCIEROS S.A.,privado_nacional,informacion_estructura,BUENOS AIRES,Pendientes de habilitación,,2026-04-19
00332,BANCO DE SERVICIOS FINANCIEROS S.A.,privado_nacional,informacion_estructura,BUENOS AIRES,Total,1.0,2026-04-19
00338,BANCO DE SERVICIOS Y TRANSACCIONES,privado_nacional,informacion_estructura,Cantidad de cuentas corrientes,Dic-2023,785.0,2026-04-19
00338,BANCO DE SERVICIOS Y TRANSACCIONES,privado_nacional,informacion_estructura,Cantidad de cuentas de ahorro,Dic-2023,599.0,2026-04-19
00338,BANCO DE SERVICIOS Y TRANSACCIONES,privado_nacional,informacion_estructura,Cantidad de operaciones a plazo fijo Individuos,Dic-2023,73.0,2026-04-19
00338,BANCO DE SERVICIOS Y TRANSACCIONES,privado_nacional,informacion_estructura,Cantidad de operaciones a plazo fijo Empresas,Dic-2023,8.0,2026-04-19
00338,BANCO DE SERVICIOS Y TRANSACCIONES,privado_nacional,informacion_estructura,Cantidad de operaciones por préstamos hipotecarios,Dic-2023,1.0,2026-04-19
00338,BANCO DE SERVICIOS Y TRANSACCIONES,privado_nacional,informacion_estructura,Cantidad de operaciones por otros préstamos,Dic-2023,4382.0,2026-04-19
00338,BANCO DE SERVICIOS Y TRANSACCIONES,privado_nacional,informacion_estructura,Dotación de personal,Dic-2023,128.0,2026-04-19
00338,BANCO DE SERVICIOS Y TRANSACCIONES,privado_nacional,informacion_estructura,Cantidad de tarjetas de débito,Dic-2023,1762.0,2026-04-19
00338,BANCO DE SERVICIOS Y TRANSACCIONES,privado_nacional,informacion_estructura,Cantidad de cuentas corrientes,Dic-2024,779.0,2026-04-19
00338,BANCO DE SERVICIOS Y TRANSACCIONES,privado_nacional,informacion_estructura,Cantidad de cuentas de ahorro,Dic-2024,582.0,2026-04-19
00338,BANCO DE SERVICIOS Y TRANSACCIONES,privado_nacional,informacion_estructura,Cantidad de operaciones a plazo fijo Individuos,Dic-2024,46.0,2026-04-19
00338,BANCO DE SERVICIOS Y TRANSACCIONES,privado_nacional,informacion_estructura,Cantidad de operaciones a plazo fijo Empresas,Dic-2024,22.0,2026-04-19
00338,BANCO DE SERVICIOS Y TRANSACCIONES,privado_nacional,informacion_estructura,Cantidad de operaciones por préstamos hipotecarios,Dic-2024,3.0,2026-04-19
00338,BANCO DE SERVICIOS Y TRANSACCIONES,privado_nacional,informacion_estructura,Cantidad de operaciones por otros préstamos,Dic-2024,5628.0,2026-04-19
00338,BANCO DE SERVICIOS Y TRANSACCIONES,privado_nacional,informacion_estructura,Dotación de personal,Dic-2024,139.0,2026-04-19
00338,BANCO DE SERVICIOS Y TRANSACCIONES,privado_nacional,informacion_estructura,Cantidad de tarjetas de débito,Dic-2024,83.0,2026-04-19
00338,BANCO DE SERVICIOS Y TRANSACCIONES,privado_nacional,informacion_estructura,Cantidad de cuentas corrientes,Jun-2025,748.0,2026-04-19
00338,BANCO DE SERVICIOS Y TRANSACCIONES,privado_nacional,informacion_estructura,Cantidad de cuentas de ahorro,Jun-2025,655.0,2026-04-19
00338,BANCO DE SERVICIOS Y TRANSACCIONES,privado_nacional,informacion_estructura,Cantidad de operaciones a plazo fijo Individuos,Jun-2025,66.0,2026-04-19
00338,BANCO DE SERVICIOS Y TRANSACCIONES,privado_nacional,informacion_estructura,Cantidad de operaciones a plazo fijo Empresas,Jun-2025,34.0,2026-04-19
00338,BANCO DE SERVICIOS Y TRANSACCIONES,privado_nacional,informacion_estructura,Cantidad de operaciones por préstamos hipotecarios,Jun-2025,5.0,2026-04-19
00338,BANCO DE SERVICIOS Y TRANSACCIONES,privado_nacional,informacion_estructura,Cantidad de operaciones por otros préstamos,Jun-2025,17447.0,2026-04-19
00338,BANCO DE SERVICIOS Y TRANSACCIONES,privado_nacional,informacion_estructura,Dotación de personal,Jun-2025,145.0,2026-04-19
00338,BANCO DE SERVICIOS Y TRANSACCIONES,privado_nacional,informacion_estructura,Cantidad de tarjetas de débito,Jun-2025,35.0,2026-04-19
00338,BANCO DE SERVICIOS Y TRANSACCIONES,privado_nacional,informacion_estructura,Cantidad de cuentas corrientes,Set-2025,751.0,2026-04-19
00338,BANCO DE SERVICIOS Y TRANSACCIONES,privado_nacional,informacion_estructura,Cantidad de cuentas de ahorro,Set-2025,651.0,2026-04-19
00338,BANCO DE SERVICIOS Y TRANSACCIONES,privado_nacional,informacion_estructura,Cantidad de operaciones a plazo fijo Individuos,Set-2025,28.0,2026-04-19
00338,BANCO DE SERVICIOS Y TRANSACCIONES,privado_nacional,informacion_estructura,Cantidad de operaciones a plazo fijo Empresas,Set-2025,25.0,2026-04-19
00338,BANCO DE SERVICIOS Y TRANSACCIONES,privado_nacional,informacion_estructura,Cantidad de operaciones por préstamos hipotecarios,Set-2025,2.0,2026-04-19
00338,BANCO DE SERVICIOS Y TRANSACCIONES,privado_nacional,informacion_estructura,Cantidad de operaciones por otros préstamos,Set-2025,15224.0,2026-04-19
00338,BANCO DE SERVICIOS Y TRANSACCIONES,privado_nacional,informacion_estructura,Dotación de personal,Set-2025,145.0,2026-04-19
00338,BANCO DE SERVICIOS Y TRANSACCIONES,privado_nacional,informacion_estructura,Cantidad de tarjetas de débito,Set-2025,70.0,2026-04-19
00338,BANCO DE SERVICIOS Y TRANSACCIONES,privado_nacional,informacion_estructura,Cantidad de cuentas corrientes,Dic-2025,747.0,2026-04-19
00338,BANCO DE SERVICIOS Y TRANSACCIONES,privado_nacional,informacion_estructura,Cantidad de cuentas de ahorro,Dic-2025,641.0,2026-04-19
00338,BANCO DE SERVICIOS Y TRANSACCIONES,privado_nacional,informacion_estructura,Cantidad de operaciones a plazo fijo Individuos,Dic-2025,29.0,2026-04-19
00338,BANCO DE SERVICIOS Y TRANSACCIONES,privado_nacional,informacion_estructura,Cantidad de operaciones a plazo fijo Empresas,Dic-2025,26.0,2026-04-19
00338,BANCO DE SERVICIOS Y TRANSACCIONES,privado_nacional,informacion_estructura,Cantidad de operaciones por préstamos hipotecarios,Dic-2025,3.0,2026-04-19
00338,BANCO DE SERVICIOS Y TRANSACCIONES,privado_nacional,informacion_estructura,Cantidad de operaciones por otros préstamos,Dic-2025,15136.0,2026-04-19
00338,BANCO DE SERVICIOS Y TRANSACCIONES,privado_nacional,informacion_estructura,Dotación de personal,Dic-2025,148.0,2026-04-19
00338,BANCO DE SERVICIOS Y TRANSACCIONES,privado_nacional,informacion_estructura,Cantidad de tarjetas de débito,Dic-2025,100.0,2026-04-19
00338,BANCO DE SERVICIOS Y TRANSACCIONES,privado_nacional,informacion_estructura,Cantidad de Cuentas,Dic-2023,1.0,2026-04-19
00338,BANCO DE SERVICIOS Y TRANSACCIONES,privado_nacional,informacion_estructura,Cantidad de Empresas,Dic-2023,1.0,2026-04-19
00338,BANCO DE SERVICIOS Y TRANSACCIONES,privado_nacional,informacion_estructura,Cantidad de Cuentas,Dic-2024,3.0,2026-04-19
00338,BANCO DE SERVICIOS Y TRANSACCIONES,privado_nacional,informacion_estructura,Cantidad de Empresas,Dic-2024,1.0,2026-04-19
00338,BANCO DE SERVICIOS Y TRANSACCIONES,privado_nacional,informacion_estructura,Cantidad de Cuentas,Nov-2025,4.0,2026-04-19
00338,BANCO DE SERVICIOS Y TRANSACCIONES,privado_nacional,informacion_estructura,Cantidad de Empresas,Nov-2025,1.0,2026-04-19
00338,BANCO DE SERVICIOS Y TRANSACCIONES,privado_nacional,informacion_estructura,Cantidad de Cuentas,Dic-2025,2.0,2026-04-19
00338,BANCO DE SERVICIOS Y TRANSACCIONES,privado_nacional,informacion_estructura,Cantidad de Empresas,Dic-2025,1.0,2026-04-19
00338,BANCO DE SERVICIOS Y TRANSACCIONES,privado_nacional,informacion_estructura,Cantidad de Cuentas,Ene-2026,5.0,2026-04-19
00338,BANCO DE SERVICIOS Y TRANSACCIONES,privado_nacional,informacion_estructura,Cantidad de Empresas,Ene-2026,2.0,2026-04-19
00338,BANCO DE SERVICIOS Y TRANSACCIONES,privado_nacional,informacion_estructura,CABA,Habilitadas,2.0,2026-04-19
00338,BANCO DE SERVICIOS Y TRANSACCIONES,privado_nacional,informacion_estructura,BUENOS AIRES,Habilitadas,2.0,2026-04-19
00338,BANCO DE SERVICIOS Y TRANSACCIONES,privado_nacional,informacion_estructura,CABA,Habilitadas,,2026-04-19
00338,BANCO DE SERVICIOS Y TRANSACCIONES,privado_nacional,informacion_estructura,BUENOS AIRES,Habilitadas,,2026-04-19
00338,BANCO DE SERVICIOS Y TRANSACCIONES,privado_nacional,informacion_estructura,CABA,Habilitadas,,2026-04-19
00338,BANCO DE SERVICIOS Y TRANSACCIONES,privado_nacional,informacion_estructura,BUENOS AIRES,Habilitadas,,2026-04-19
00338,BANCO DE SERVICIOS Y TRANSACCIONES,privado_nacional,informacion_estructura,CABA,Habilitadas,1.0,2026-04-19
00338,BANCO DE SERVICIOS Y TRANSACCIONES,privado_nacional,informacion_estructura,BUENOS AIRES,Habilitadas,,2026-04-19
00338,BANCO DE SERVICIOS Y TRANSACCIONES,privado_nacional,informacion_estructura,CABA,Habilitadas,,2026-04-19
00338,BANCO DE SERVICIOS Y TRANSACCIONES,privado_nacional,informacion_estructura,BUENOS AIRES,Habilitadas,,2026-04-19
00338,BANCO DE SERVICIOS Y TRANSACCIONES,privado_nacional,informacion_estructura,CABA,Habilitadas,,2026-04-19
00338,BANCO DE SERVICIOS Y TRANSACCIONES,privado_nacional,informacion_estructura,BUENOS AIRES,Habilitadas,,2026-04-19
00338,BANCO DE SERVICIOS Y TRANSACCIONES,privado_nacional,informacion_estructura,CABA,Habilitadas,,2026-04-19
00338,BANCO DE SERVICIOS Y TRANSACCIONES,privado_nacional,informacion_estructura,BUENOS AIRES,Habilitadas,,2026-04-19
00338,BANCO DE SERVICIOS Y TRANSACCIONES,privado_nacional,informacion_estructura,CABA,Pendientes de habilitación,,2026-04-19
00338,BANCO DE SERVICIOS Y TRANSACCIONES,privado_nacional,informacion_estructura,BUENOS AIRES,Pendientes de habilitación,,2026-04-19
00338,BANCO DE SERVICIOS Y TRANSACCIONES,privado_nacional,informacion_estructura,CABA,Total,2.0,2026-04-19
00338,BANCO DE SERVICIOS Y TRANSACCIONES,privado_nacional,informacion_estructura,BUENOS AIRES,Total,2.0,2026-04-19
00198,BANCO DE VALORES S.A.,privado_nacional,informacion_estructura,Cantidad de cuentas corrientes,Dic-2023,1228.0,2026-04-19
00198,BANCO DE VALORES S.A.,privado_nacional,informacion_estructura,Cantidad de cuentas de ahorro,Dic-2023,1961.0,2026-04-19
00198,BANCO DE VALORES S.A.,privado_nacional,informacion_estructura,Cantidad de operaciones a plazo fijo Individuos,Dic-2023,14.0,2026-04-19
00198,BANCO DE VALORES S.A.,privado_nacional,informacion_estructura,Cantidad de operaciones a plazo fijo Empresas,Dic-2023,92.0,2026-04-19
00198,BANCO DE VALORES S.A.,privado_nacional,informacion_estructura,Cantidad de operaciones por préstamos hipotecarios,Dic-2023,48.0,2026-04-19
00198,BANCO DE VALORES S.A.,privado_nacional,informacion_estructura,Cantidad de operaciones por otros préstamos,Dic-2023,495.0,2026-04-19
00198,BANCO DE VALORES S.A.,privado_nacional,informacion_estructura,Dotación de personal,Dic-2023,273.0,2026-04-19
00198,BANCO DE VALORES S.A.,privado_nacional,informacion_estructura,Cantidad de cuentas corrientes,Dic-2024,1528.0,2026-04-19
00198,BANCO DE VALORES S.A.,privado_nacional,informacion_estructura,Cantidad de cuentas de ahorro,Dic-2024,2102.0,2026-04-19
00198,BANCO DE VALORES S.A.,privado_nacional,informacion_estructura,Cantidad de operaciones a plazo fijo Individuos,Dic-2024,15.0,2026-04-19
00198,BANCO DE VALORES S.A.,privado_nacional,informacion_estructura,Cantidad de operaciones a plazo fijo Empresas,Dic-2024,66.0,2026-04-19
00198,BANCO DE VALORES S.A.,privado_nacional,informacion_estructura,Cantidad de operaciones por préstamos hipotecarios,Dic-2024,42.0,2026-04-19
00198,BANCO DE VALORES S.A.,privado_nacional,informacion_estructura,Cantidad de operaciones por otros préstamos,Dic-2024,1046.0,2026-04-19
00198,BANCO DE VALORES S.A.,privado_nacional,informacion_estructura,Dotación de personal,Dic-2024,251.0,2026-04-19
00198,BANCO DE VALORES S.A.,privado_nacional,informacion_estructura,Cantidad de cuentas corrientes,Jun-2025,1227.0,2026-04-19
00198,BANCO DE VALORES S.A.,privado_nacional,informacion_estructura,Cantidad de cuentas de ahorro,Jun-2025,2071.0,2026-04-19
00198,BANCO DE VALORES S.A.,privado_nacional,informacion_estructura,Cantidad de operaciones a plazo fijo Individuos,Jun-2025,17.0,2026-04-19
00198,BANCO DE VALORES S.A.,privado_nacional,informacion_estructura,Cantidad de operaciones a plazo fijo Empresas,Jun-2025,76.0,2026-04-19
00198,BANCO DE VALORES S.A.,privado_nacional,informacion_estructura,Cantidad de operaciones por préstamos hipotecarios,Jun-2025,33.0,2026-04-19
00198,BANCO DE VALORES S.A.,privado_nacional,informacion_estructura,Cantidad de operaciones por otros préstamos,Jun-2025,164747.0,2026-04-19
00198,BANCO DE VALORES S.A.,privado_nacional,informacion_estructura,Dotación de personal,Jun-2025,290.0,2026-04-19
00198,BANCO DE VALORES S.A.,privado_nacional,informacion_estructura,Cantidad de cuentas corrientes,Set-2025,1254.0,2026-04-19
00198,BANCO DE VALORES S.A.,privado_nacional,informacion_estructura,Cantidad de cuentas de ahorro,Set-2025,2066.0,2026-04-19
00198,BANCO DE VALORES S.A.,privado_nacional,informacion_estructura,Cantidad de operaciones a plazo fijo Individuos,Set-2025,15.0,2026-04-19
00198,BANCO DE VALORES S.A.,privado_nacional,informacion_estructura,Cantidad de operaciones a plazo fijo Empresas,Set-2025,113.0,2026-04-19
00198,BANCO DE VALORES S.A.,privado_nacional,informacion_estructura,Cantidad de operaciones por préstamos hipotecarios,Set-2025,35.0,2026-04-19
00198,BANCO DE VALORES S.A.,privado_nacional,informacion_estructura,Cantidad de operaciones por otros préstamos,Set-2025,9761.0,2026-04-19
00198,BANCO DE VALORES S.A.,privado_nacional,informacion_estructura,Dotación de personal,Set-2025,285.0,2026-04-19
00198,BANCO DE VALORES S.A.,privado_nacional,informacion_estructura,Cantidad de cuentas corrientes,Dic-2025,1304.0,2026-04-19
00198,BANCO DE VALORES S.A.,privado_nacional,informacion_estructura,Cantidad de cuentas de ahorro,Dic-2025,2080.0,2026-04-19
00198,BANCO DE VALORES S.A.,privado_nacional,informacion_estructura,Cantidad de operaciones a plazo fijo Individuos,Dic-2025,12.0,2026-04-19
00198,BANCO DE VALORES S.A.,privado_nacional,informacion_estructura,Cantidad de operaciones a plazo fijo Empresas,Dic-2025,85.0,2026-04-19
00198,BANCO DE VALORES S.A.,privado_nacional,informacion_estructura,Cantidad de operaciones por préstamos hipotecarios,Dic-2025,34.0,2026-04-19
00198,BANCO DE VALORES S.A.,privado_nacional,informacion_estructura,Cantidad de operaciones por otros préstamos,Dic-2025,18691.0,2026-04-19
00198,BANCO DE VALORES S.A.,privado_nacional,informacion_estructura,Dotación de personal,Dic-2025,288.0,2026-04-19
00198,BANCO DE VALORES S.A.,privado_nacional,informacion_estructura,CABA,Habilitadas,2.0,2026-04-19
00198,BANCO DE VALORES S.A.,privado_nacional,informacion_estructura,CABA,Habilitadas,,2026-04-19
00198,BANCO DE VALORES S.A.,privado_nacional,informacion_estructura,CABA,Habilitadas,,2026-04-19
00198,BANCO DE VALORES S.A.,privado_nacional,informacion_estructura,CABA,Habilitadas,,2026-04-19
00198,BANCO DE VALORES S.A.,privado_nacional,informacion_estructura,CABA,Habilitadas,,2026-04-19
00198,BANCO DE VALORES S.A.,privado_nacional,informacion_estructura,CABA,Habilitadas,,2026-04-19
00198,BANCO DE VALORES S.A.,privado_nacional,informacion_estructura,CABA,Habilitadas,,2026-04-19
00198,BANCO DE VALORES S.A.,privado_nacional,informacion_estructura,CABA,Pendientes de habilitación,,2026-04-19
00198,BANCO DE VALORES S.A.,privado_nacional,informacion_estructura,CABA,Total,2.0,2026-04-19
00083,BANCO DEL CHUBUT S.A.,publico,informacion_estructura,Cantidad de cuentas corrientes,Dic-2023,7896.0,2026-04-19
00083,BANCO DEL CHUBUT S.A.,publico,informacion_estructura,Cantidad de cuentas de ahorro,Dic-2023,322572.0,2026-04-19
00083,BANCO DEL CHUBUT S.A.,publico,informacion_estructura,Cantidad de cajas de ahorro de ayuda social,Dic-2023,22466.0,2026-04-19
00083,BANCO DEL CHUBUT S.A.,publico,informacion_estructura,Cantidad de cuentas previsionales,Dic-2023,37907.0,2026-04-19
00083,BANCO DEL CHUBUT S.A.,publico,informacion_estructura,Cantidad de operaciones a plazo fijo Individuos,Dic-2023,30006.0,2026-04-19
00083,BANCO DEL CHUBUT S.A.,publico,informacion_estructura,Cantidad de operaciones a plazo fijo Empresas,Dic-2023,1070.0,2026-04-19
00083,BANCO DEL CHUBUT S.A.,publico,informacion_estructura,Cantidad de operaciones por préstamos hipotecarios,Dic-2023,1077.0,2026-04-19
00083,BANCO DEL CHUBUT S.A.,publico,informacion_estructura,Cantidad de operaciones por préstamos prendarios,Dic-2023,901.0,2026-04-19
00083,BANCO DEL CHUBUT S.A.,publico,informacion_estructura,Cantidad de operaciones por otros préstamos,Dic-2023,171919.0,2026-04-19
00083,BANCO DEL CHUBUT S.A.,publico,informacion_estructura,Dotación de personal,Dic-2023,740.0,2026-04-19
00083,BANCO DEL CHUBUT S.A.,publico,informacion_estructura,Cantidad de titulares por tarjetas de crédito,Dic-2023,87210.0,2026-04-19
00083,BANCO DEL CHUBUT S.A.,publico,informacion_estructura,Cantidad de tarjetas de crédito (plásticos),Dic-2023,129372.0,2026-04-19
00083,BANCO DEL CHUBUT S.A.,publico,informacion_estructura,Cantidad de tarjetas de débito,Dic-2023,365136.0,2026-04-19
00083,BANCO DEL CHUBUT S.A.,publico,informacion_estructura,Cantidad de cuentas corrientes,Dic-2024,8259.0,2026-04-19
00083,BANCO DEL CHUBUT S.A.,publico,informacion_estructura,Cantidad de cuentas de ahorro,Dic-2024,317010.0,2026-04-19
00083,BANCO DEL CHUBUT S.A.,publico,informacion_estructura,Cantidad de cajas de ahorro de ayuda social,Dic-2024,19128.0,2026-04-19
00083,BANCO DEL CHUBUT S.A.,publico,informacion_estructura,Cantidad de cuentas previsionales,Dic-2024,37140.0,2026-04-19
00083,BANCO DEL CHUBUT S.A.,publico,informacion_estructura,Cantidad de operaciones a plazo fijo Individuos,Dic-2024,22631.0,2026-04-19
00083,BANCO DEL CHUBUT S.A.,publico,informacion_estructura,Cantidad de operaciones a plazo fijo Empresas,Dic-2024,1111.0,2026-04-19
00083,BANCO DEL CHUBUT S.A.,publico,informacion_estructura,Cantidad de operaciones por préstamos hipotecarios,Dic-2024,885.0,2026-04-19
00083,BANCO DEL CHUBUT S.A.,publico,informacion_estructura,Cantidad de operaciones por préstamos prendarios,Dic-2024,1647.0,2026-04-19
00083,BANCO DEL CHUBUT S.A.,publico,informacion_estructura,Cantidad de operaciones por otros préstamos,Dic-2024,186624.0,2026-04-19
00083,BANCO DEL CHUBUT S.A.,publico,informacion_estructura,Dotación de personal,Dic-2024,750.0,2026-04-19
00083,BANCO DEL CHUBUT S.A.,publico,informacion_estructura,Cantidad de titulares por tarjetas de crédito,Dic-2024,93165.0,2026-04-19
00083,BANCO DEL CHUBUT S.A.,publico,informacion_estructura,Cantidad de tarjetas de crédito (plásticos),Dic-2024,138180.0,2026-04-19
00083,BANCO DEL CHUBUT S.A.,publico,informacion_estructura,Cantidad de tarjetas de débito,Dic-2024,338511.0,2026-04-19
00083,BANCO DEL CHUBUT S.A.,publico,informacion_estructura,Cantidad de cuentas corrientes,Jun-2025,8605.0,2026-04-19
00083,BANCO DEL CHUBUT S.A.,publico,informacion_estructura,Cantidad de cuentas de ahorro,Jun-2025,332678.0,2026-04-19
00083,BANCO DEL CHUBUT S.A.,publico,informacion_estructura,Cantidad de cajas de ahorro de ayuda social,Jun-2025,19346.0,2026-04-19
00083,BANCO DEL CHUBUT S.A.,publico,informacion_estructura,Cantidad de cuentas previsionales,Jun-2025,37707.0,2026-04-19
00083,BANCO DEL CHUBUT S.A.,publico,informacion_estructura,Cantidad de operaciones a plazo fijo Individuos,Jun-2025,22441.0,2026-04-19
00083,BANCO DEL CHUBUT S.A.,publico,informacion_estructura,Cantidad de operaciones a plazo fijo Empresas,Jun-2025,1234.0,2026-04-19
00083,BANCO DEL CHUBUT S.A.,publico,informacion_estructura,Cantidad de operaciones por préstamos hipotecarios,Jun-2025,1103.0,2026-04-19
00083,BANCO DEL CHUBUT S.A.,publico,informacion_estructura,Cantidad de operaciones por préstamos prendarios,Jun-2025,2709.0,2026-04-19
00083,BANCO DEL CHUBUT S.A.,publico,informacion_estructura,Cantidad de operaciones por otros préstamos,Jun-2025,217837.0,2026-04-19
00083,BANCO DEL CHUBUT S.A.,publico,informacion_estructura,Dotación de personal,Jun-2025,745.0,2026-04-19
00083,BANCO DEL CHUBUT S.A.,publico,informacion_estructura,Cantidad de titulares por tarjetas de crédito,Jun-2025,94368.0,2026-04-19
00083,BANCO DEL CHUBUT S.A.,publico,informacion_estructura,Cantidad de tarjetas de crédito (plásticos),Jun-2025,140193.0,2026-04-19
00083,BANCO DEL CHUBUT S.A.,publico,informacion_estructura,Cantidad de tarjetas de débito,Jun-2025,311185.0,2026-04-19
00083,BANCO DEL CHUBUT S.A.,publico,informacion_estructura,Cantidad de cuentas corrientes,Set-2025,8596.0,2026-04-19
00083,BANCO DEL CHUBUT S.A.,publico,informacion_estructura,Cantidad de cuentas de ahorro,Set-2025,323861.0,2026-04-19
00083,BANCO DEL CHUBUT S.A.,publico,informacion_estructura,Cantidad de cajas de ahorro de ayuda social,Set-2025,17373.0,2026-04-19
00083,BANCO DEL CHUBUT S.A.,publico,informacion_estructura,Cantidad de cuentas previsionales,Set-2025,37548.0,2026-04-19
00083,BANCO DEL CHUBUT S.A.,publico,informacion_estructura,Cantidad de operaciones a plazo fijo Individuos,Set-2025,24116.0,2026-04-19
00083,BANCO DEL CHUBUT S.A.,publico,informacion_estructura,Cantidad de operaciones a plazo fijo Empresas,Set-2025,1249.0,2026-04-19
00083,BANCO DEL CHUBUT S.A.,publico,informacion_estructura,Cantidad de operaciones por préstamos hipotecarios,Set-2025,1275.0,2026-04-19
00083,BANCO DEL CHUBUT S.A.,publico,informacion_estructura,Cantidad de operaciones por préstamos prendarios,Set-2025,3269.0,2026-04-19
00083,BANCO DEL CHUBUT S.A.,publico,informacion_estructura,Cantidad de operaciones por otros préstamos,Set-2025,237722.0,2026-04-19
00083,BANCO DEL CHUBUT S.A.,publico,informacion_estructura,Dotación de personal,Set-2025,738.0,2026-04-19
00083,BANCO DEL CHUBUT S.A.,publico,informacion_estructura,Cantidad de titulares por tarjetas de crédito,Set-2025,95804.0,2026-04-19
00083,BANCO DEL CHUBUT S.A.,publico,informacion_estructura,Cantidad de tarjetas de crédito (plásticos),Set-2025,141411.0,2026-04-19
00083,BANCO DEL CHUBUT S.A.,publico,informacion_estructura,Cantidad de tarjetas de débito,Set-2025,310763.0,2026-04-19
00083,BANCO DEL CHUBUT S.A.,publico,informacion_estructura,Cantidad de cuentas corrientes,Dic-2025,8535.0,2026-04-19
00083,BANCO DEL CHUBUT S.A.,publico,informacion_estructura,Cantidad de cuentas de ahorro,Dic-2025,323695.0,2026-04-19
00083,BANCO DEL CHUBUT S.A.,publico,informacion_estructura,Cantidad de cajas de ahorro de ayuda social,Dic-2025,16749.0,2026-04-19
00083,BANCO DEL CHUBUT S.A.,publico,informacion_estructura,Cantidad de cuentas previsionales,Dic-2025,37022.0,2026-04-19
00083,BANCO DEL CHUBUT S.A.,publico,informacion_estructura,Cantidad de operaciones a plazo fijo Individuos,Dic-2025,21289.0,2026-04-19
00083,BANCO DEL CHUBUT S.A.,publico,informacion_estructura,Cantidad de operaciones a plazo fijo Empresas,Dic-2025,1091.0,2026-04-19
00083,BANCO DEL CHUBUT S.A.,publico,informacion_estructura,Cantidad de operaciones por préstamos hipotecarios,Dic-2025,1323.0,2026-04-19
00083,BANCO DEL CHUBUT S.A.,publico,informacion_estructura,Cantidad de operaciones por préstamos prendarios,Dic-2025,3468.0,2026-04-19
00083,BANCO DEL CHUBUT S.A.,publico,informacion_estructura,Cantidad de operaciones por otros préstamos,Dic-2025,150689.0,2026-04-19
00083,BANCO DEL CHUBUT S.A.,publico,informacion_estructura,Dotación de personal,Dic-2025,736.0,2026-04-19
00083,BANCO DEL CHUBUT S.A.,publico,informacion_estructura,Cantidad de titulares por tarjetas de crédito,Dic-2025,95822.0,2026-04-19
00083,BANCO DEL CHUBUT S.A.,publico,informacion_estructura,Cantidad de tarjetas de crédito (plásticos),Dic-2025,141214.0,2026-04-19
00083,BANCO DEL CHUBUT S.A.,publico,informacion_estructura,Cantidad de tarjetas de débito,Dic-2025,306189.0,2026-04-19
00083,BANCO DEL CHUBUT S.A.,publico,informacion_estructura,Cantidad de Cuentas,Dic-2023,100286.0,2026-04-19
00083,BANCO DEL CHUBUT S.A.,publico,informacion_estructura,Cantidad de Empresas,Dic-2023,759.0,2026-04-19
00083,BANCO DEL CHUBUT S.A.,publico,informacion_estructura,Cantidad de Cuentas,Dic-2024,97259.0,2026-04-19
00083,BANCO DEL CHUBUT S.A.,publico,informacion_estructura,Cantidad de Empresas,Dic-2024,786.0,2026-04-19
00083,BANCO DEL CHUBUT S.A.,publico,informacion_estructura,Cantidad de Cuentas,Nov-2025,81146.0,2026-04-19
00083,BANCO DEL CHUBUT S.A.,publico,informacion_estructura,Cantidad de Empresas,Nov-2025,492.0,2026-04-19
00083,BANCO DEL CHUBUT S.A.,publico,informacion_estructura,Cantidad de Cuentas,Dic-2025,82313.0,2026-04-19
00083,BANCO DEL CHUBUT S.A.,publico,informacion_estructura,Cantidad de Empresas,Dic-2025,533.0,2026-04-19
00083,BANCO DEL CHUBUT S.A.,publico,informacion_estructura,Cantidad de Cuentas,Ene-2026,81077.0,2026-04-19
00083,BANCO DEL CHUBUT S.A.,publico,informacion_estructura,Cantidad de Empresas,Ene-2026,495.0,2026-04-19
00083,BANCO DEL CHUBUT S.A.,publico,informacion_estructura,CABA,Habilitadas,1.0,2026-04-19
00083,BANCO DEL CHUBUT S.A.,publico,informacion_estructura,CHUBUT,Habilitadas,25.0,2026-04-19
00083,BANCO DEL CHUBUT S.A.,publico,informacion_estructura,RÍO NEGRO,Habilitadas,1.0,2026-04-19
00083,BANCO DEL CHUBUT S.A.,publico,informacion_estructura,CABA,Habilitadas,,2026-04-19
00083,BANCO DEL CHUBUT S.A.,publico,informacion_estructura,CHUBUT,Habilitadas,,2026-04-19
00083,BANCO DEL CHUBUT S.A.,publico,informacion_estructura,RÍO NEGRO,Habilitadas,,2026-04-19
00083,BANCO DEL CHUBUT S.A.,publico,informacion_estructura,CABA,Habilitadas,,2026-04-19
00083,BANCO DEL CHUBUT S.A.,publico,informacion_estructura,CHUBUT,Habilitadas,,2026-04-19
00083,BANCO DEL CHUBUT S.A.,publico,informacion_estructura,RÍO NEGRO,Habilitadas,,2026-04-19
00083,BANCO DEL CHUBUT S.A.,publico,informacion_estructura,CABA,Habilitadas,2.0,2026-04-19
00083,BANCO DEL CHUBUT S.A.,publico,informacion_estructura,CHUBUT,Habilitadas,134.0,2026-04-19
00083,BANCO DEL CHUBUT S.A.,publico,informacion_estructura,RÍO NEGRO,Habilitadas,2.0,2026-04-19
00083,BANCO DEL CHUBUT S.A.,publico,informacion_estructura,CABA,Habilitadas,,2026-04-19
00083,BANCO DEL CHUBUT S.A.,publico,informacion_estructura,CHUBUT,Habilitadas,,2026-04-19
00083,BANCO DEL CHUBUT S.A.,publico,informacion_estructura,RÍO NEGRO,Habilitadas,,2026-04-19
00083,BANCO DEL CHUBUT S.A.,publico,informacion_estructura,CABA,Habilitadas,,2026-04-19
00083,BANCO DEL CHUBUT S.A.,publico,informacion_estructura,CHUBUT,Habilitadas,,2026-04-19
00083,BANCO DEL CHUBUT S.A.,publico,informacion_estructura,RÍO NEGRO,Habilitadas,,2026-04-19
00083,BANCO DEL CHUBUT S.A.,publico,informacion_estructura,CABA,Habilitadas,,2026-04-19
00083,BANCO DEL CHUBUT S.A.,publico,informacion_estructura,CHUBUT,Habilitadas,4.0,2026-04-19
00083,BANCO DEL CHUBUT S.A.,publico,informacion_estructura,RÍO NEGRO,Habilitadas,,2026-04-19
00083,BANCO DEL CHUBUT S.A.,publico,informacion_estructura,CABA,Pendientes de habilitación,,2026-04-19
00083,BANCO DEL CHUBUT S.A.,publico,informacion_estructura,CHUBUT,Pendientes de habilitación,1.0,2026-04-19
00083,BANCO DEL CHUBUT S.A.,publico,informacion_estructura,RÍO NEGRO,Pendientes de habilitación,,2026-04-19
00083,BANCO DEL CHUBUT S.A.,publico,informacion_estructura,CABA,Total,1.0,2026-04-19
00083,BANCO DEL CHUBUT S.A.,publico,informacion_estructura,CHUBUT,Total,26.0,2026-04-19
00083,BANCO DEL CHUBUT S.A.,publico,informacion_estructura,RÍO NEGRO,Total,1.0,2026-04-19
00310,BANCO DEL SOL S.A.,privado_nacional,informacion_estructura,Cantidad de operaciones por préstamos hipotecarios,Dic-2023,,2026-04-19
00310,BANCO DEL SOL S.A.,privado_nacional,informacion_estructura,Cantidad de operaciones por préstamos prendarios,Dic-2023,929.0,2026-04-19
00310,BANCO DEL SOL S.A.,privado_nacional,informacion_estructura,Dotación de personal,Dic-2023,259.0,2026-04-19
00310,BANCO DEL SOL S.A.,privado_nacional,informacion_estructura,Cantidad de tarjetas de crédito (plásticos),Dic-2023,4741.0,2026-04-19
00310,BANCO DEL SOL S.A.,privado_nacional,informacion_estructura,Cantidad de tarjetas de débito,Dic-2023,279390.0,2026-04-19
00310,BANCO DEL SOL S.A.,privado_nacional,informacion_estructura,Cantidad de cuentas corrientes,Dic-2023,589.0,2026-04-19
00310,BANCO DEL SOL S.A.,privado_nacional,informacion_estructura,Cantidad de cuentas de ahorro,Dic-2023,186343.0,2026-04-19
00310,BANCO DEL SOL S.A.,privado_nacional,informacion_estructura,Cantidad de operaciones a plazo fijo Individuos,Dic-2023,13647.0,2026-04-19
00310,BANCO DEL SOL S.A.,privado_nacional,informacion_estructura,Cantidad de operaciones a plazo fijo Empresas,Dic-2023,14.0,2026-04-19
00310,BANCO DEL SOL S.A.,privado_nacional,informacion_estructura,Cantidad de operaciones por otros préstamos,Dic-2023,70181.0,2026-04-19
00310,BANCO DEL SOL S.A.,privado_nacional,informacion_estructura,Cantidad de titulares por tarjetas de crédito,Dic-2023,3650.0,2026-04-19
00310,BANCO DEL SOL S.A.,privado_nacional,informacion_estructura,Cantidad de operaciones por préstamos hipotecarios,Dic-2024,1.0,2026-04-19
00310,BANCO DEL SOL S.A.,privado_nacional,informacion_estructura,Cantidad de operaciones por préstamos prendarios,Dic-2024,5210.0,2026-04-19
00310,BANCO DEL SOL S.A.,privado_nacional,informacion_estructura,Dotación de personal,Dic-2024,260.0,2026-04-19
00310,BANCO DEL SOL S.A.,privado_nacional,informacion_estructura,Cantidad de tarjetas de crédito (plásticos),Dic-2024,13393.0,2026-04-19
00310,BANCO DEL SOL S.A.,privado_nacional,informacion_estructura,Cantidad de tarjetas de débito,Dic-2024,431151.0,2026-04-19
00310,BANCO DEL SOL S.A.,privado_nacional,informacion_estructura,Cantidad de cuentas corrientes,Dic-2024,945.0,2026-04-19
00310,BANCO DEL SOL S.A.,privado_nacional,informacion_estructura,Cantidad de cuentas de ahorro,Dic-2024,181244.0,2026-04-19
00310,BANCO DEL SOL S.A.,privado_nacional,informacion_estructura,Cantidad de operaciones a plazo fijo Individuos,Dic-2024,3821.0,2026-04-19
00310,BANCO DEL SOL S.A.,privado_nacional,informacion_estructura,Cantidad de operaciones a plazo fijo Empresas,Dic-2024,18.0,2026-04-19
00310,BANCO DEL SOL S.A.,privado_nacional,informacion_estructura,Cantidad de operaciones por otros préstamos,Dic-2024,121267.0,2026-04-19
00310,BANCO DEL SOL S.A.,privado_nacional,informacion_estructura,Cantidad de titulares por tarjetas de crédito,Dic-2024,13142.0,2026-04-19
00310,BANCO DEL SOL S.A.,privado_nacional,informacion_estructura,Cantidad de operaciones por préstamos hipotecarios,Jun-2025,1.0,2026-04-19
00310,BANCO DEL SOL S.A.,privado_nacional,informacion_estructura,Cantidad de operaciones por préstamos prendarios,Jun-2025,10679.0,2026-04-19
00310,BANCO DEL SOL S.A.,privado_nacional,informacion_estructura,Dotación de personal,Jun-2025,271.0,2026-04-19
00310,BANCO DEL SOL S.A.,privado_nacional,informacion_estructura,Cantidad de tarjetas de crédito (plásticos),Jun-2025,17968.0,2026-04-19
00310,BANCO DEL SOL S.A.,privado_nacional,informacion_estructura,Cantidad de tarjetas de débito,Jun-2025,498023.0,2026-04-19
00310,BANCO DEL SOL S.A.,privado_nacional,informacion_estructura,Cantidad de cuentas corrientes,Jun-2025,1098.0,2026-04-19
00310,BANCO DEL SOL S.A.,privado_nacional,informacion_estructura,Cantidad de cuentas de ahorro,Jun-2025,187089.0,2026-04-19
00310,BANCO DEL SOL S.A.,privado_nacional,informacion_estructura,Cantidad de operaciones a plazo fijo Individuos,Jun-2025,9449.0,2026-04-19
00310,BANCO DEL SOL S.A.,privado_nacional,informacion_estructura,Cantidad de operaciones a plazo fijo Empresas,Jun-2025,73.0,2026-04-19
00310,BANCO DEL SOL S.A.,privado_nacional,informacion_estructura,Cantidad de operaciones por otros préstamos,Jun-2025,158231.0,2026-04-19
00310,BANCO DEL SOL S.A.,privado_nacional,informacion_estructura,Cantidad de titulares por tarjetas de crédito,Jun-2025,17700.0,2026-04-19
00310,BANCO DEL SOL S.A.,privado_nacional,informacion_estructura,Cantidad de operaciones por préstamos hipotecarios,Set-2025,1.0,2026-04-19
00310,BANCO DEL SOL S.A.,privado_nacional,informacion_estructura,Cantidad de operaciones por préstamos prendarios,Set-2025,13944.0,2026-04-19
00310,BANCO DEL SOL S.A.,privado_nacional,informacion_estructura,Dotación de personal,Set-2025,278.0,2026-04-19
00310,BANCO DEL SOL S.A.,privado_nacional,informacion_estructura,Cantidad de tarjetas de crédito (plásticos),Set-2025,17474.0,2026-04-19
00310,BANCO DEL SOL S.A.,privado_nacional,informacion_estructura,Cantidad de tarjetas de débito,Set-2025,522009.0,2026-04-19
00310,BANCO DEL SOL S.A.,privado_nacional,informacion_estructura,Cantidad de cuentas corrientes,Set-2025,1168.0,2026-04-19
00310,BANCO DEL SOL S.A.,privado_nacional,informacion_estructura,Cantidad de cuentas de ahorro,Set-2025,196412.0,2026-04-19
00310,BANCO DEL SOL S.A.,privado_nacional,informacion_estructura,Cantidad de operaciones a plazo fijo Individuos,Set-2025,18134.0,2026-04-19
00310,BANCO DEL SOL S.A.,privado_nacional,informacion_estructura,Cantidad de operaciones a plazo fijo Empresas,Set-2025,86.0,2026-04-19
00310,BANCO DEL SOL S.A.,privado_nacional,informacion_estructura,Cantidad de operaciones por otros préstamos,Set-2025,166175.0,2026-04-19
00310,BANCO DEL SOL S.A.,privado_nacional,informacion_estructura,Cantidad de titulares por tarjetas de crédito,Set-2025,15821.0,2026-04-19
00310,BANCO DEL SOL S.A.,privado_nacional,informacion_estructura,Cantidad de operaciones por préstamos hipotecarios,Dic-2025,1.0,2026-04-19
00310,BANCO DEL SOL S.A.,privado_nacional,informacion_estructura,Cantidad de operaciones por préstamos prendarios,Dic-2025,17151.0,2026-04-19
00310,BANCO DEL SOL S.A.,privado_nacional,informacion_estructura,Dotación de personal,Dic-2025,282.0,2026-04-19
00310,BANCO DEL SOL S.A.,privado_nacional,informacion_estructura,Cantidad de tarjetas de crédito (plásticos),Dic-2025,18439.0,2026-04-19
00310,BANCO DEL SOL S.A.,privado_nacional,informacion_estructura,Cantidad de tarjetas de débito,Dic-2025,498983.0,2026-04-19
00310,BANCO DEL SOL S.A.,privado_nacional,informacion_estructura,Cantidad de cuentas corrientes,Dic-2025,1280.0,2026-04-19
00310,BANCO DEL SOL S.A.,privado_nacional,informacion_estructura,Cantidad de cuentas de ahorro,Dic-2025,200188.0,2026-04-19
00310,BANCO DEL SOL S.A.,privado_nacional,informacion_estructura,Cantidad de operaciones a plazo fijo Individuos,Dic-2025,8876.0,2026-04-19
00310,BANCO DEL SOL S.A.,privado_nacional,informacion_estructura,Cantidad de operaciones a plazo fijo Empresas,Dic-2025,84.0,2026-04-19
00310,BANCO DEL SOL S.A.,privado_nacional,informacion_estructura,Cantidad de operaciones por otros préstamos,Dic-2025,160852.0,2026-04-19
00310,BANCO DEL SOL S.A.,privado_nacional,informacion_estructura,Cantidad de titulares por tarjetas de crédito,Dic-2025,19278.0,2026-04-19
00310,BANCO DEL SOL S.A.,privado_nacional,informacion_estructura,Cantidad de Cuentas,Dic-2023,3404.0,2026-04-19
00310,BANCO DEL SOL S.A.,privado_nacional,informacion_estructura,Cantidad de Empresas,Dic-2023,269.0,2026-04-19
00310,BANCO DEL SOL S.A.,privado_nacional,informacion_estructura,Cantidad de Cuentas,Dic-2024,3537.0,2026-04-19
00310,BANCO DEL SOL S.A.,privado_nacional,informacion_estructura,Cantidad de Empresas,Dic-2024,399.0,2026-04-19
00310,BANCO DEL SOL S.A.,privado_nacional,informacion_estructura,Cantidad de Cuentas,Nov-2025,3819.0,2026-04-19
00310,BANCO DEL SOL S.A.,privado_nacional,informacion_estructura,Cantidad de Empresas,Nov-2025,408.0,2026-04-19
00310,BANCO DEL SOL S.A.,privado_nacional,informacion_estructura,Cantidad de Cuentas,Dic-2025,4231.0,2026-04-19
00310,BANCO DEL SOL S.A.,privado_nacional,informacion_estructura,Cantidad de Empresas,Dic-2025,450.0,2026-04-19
00310,BANCO DEL SOL S.A.,privado_nacional,informacion_estructura,Cantidad de Cuentas,Ene-2026,4309.0,2026-04-19
00310,BANCO DEL SOL S.A.,privado_nacional,informacion_estructura,Cantidad de Empresas,Ene-2026,439.0,2026-04-19
00310,BANCO DEL SOL S.A.,privado_nacional,informacion_estructura,CABA,Habilitadas,1.0,2026-04-19
00310,BANCO DEL SOL S.A.,privado_nacional,informacion_estructura,BUENOS AIRES,Habilitadas,1.0,2026-04-19
00310,BANCO DEL SOL S.A.,privado_nacional,informacion_estructura,SANTA CRUZ,Habilitadas,1.0,2026-04-19
00310,BANCO DEL SOL S.A.,privado_nacional,informacion_estructura,SANTA FE,Habilitadas,,2026-04-19
00310,BANCO DEL SOL S.A.,privado_nacional,informacion_estructura,TIERRA DE FUEGO,Habilitadas,1.0,2026-04-19
00310,BANCO DEL SOL S.A.,privado_nacional,informacion_estructura,CABA,Habilitadas,,2026-04-19
00310,BANCO DEL SOL S.A.,privado_nacional,informacion_estructura,BUENOS AIRES,Habilitadas,,2026-04-19
00310,BANCO DEL SOL S.A.,privado_nacional,informacion_estructura,SANTA CRUZ,Habilitadas,,2026-04-19
00310,BANCO DEL SOL S.A.,privado_nacional,informacion_estructura,SANTA FE,Habilitadas,,2026-04-19
00310,BANCO DEL SOL S.A.,privado_nacional,informacion_estructura,TIERRA DE FUEGO,Habilitadas,,2026-04-19
00310,BANCO DEL SOL S.A.,privado_nacional,informacion_estructura,CABA,Habilitadas,,2026-04-19
00310,BANCO DEL SOL S.A.,privado_nacional,informacion_estructura,BUENOS AIRES,Habilitadas,,2026-04-19
00310,BANCO DEL SOL S.A.,privado_nacional,informacion_estructura,SANTA CRUZ,Habilitadas,,2026-04-19
00310,BANCO DEL SOL S.A.,privado_nacional,informacion_estructura,SANTA FE,Habilitadas,,2026-04-19
00310,BANCO DEL SOL S.A.,privado_nacional,informacion_estructura,TIERRA DE FUEGO,Habilitadas,,2026-04-19
00310,BANCO DEL SOL S.A.,privado_nacional,informacion_estructura,CABA,Habilitadas,,2026-04-19
00310,BANCO DEL SOL S.A.,privado_nacional,informacion_estructura,BUENOS AIRES,Habilitadas,,2026-04-19
00310,BANCO DEL SOL S.A.,privado_nacional,informacion_estructura,SANTA CRUZ,Habilitadas,,2026-04-19
00310,BANCO DEL SOL S.A.,privado_nacional,informacion_estructura,SANTA FE,Habilitadas,4.0,2026-04-19
00310,BANCO DEL SOL S.A.,privado_nacional,informacion_estructura,TIERRA DE FUEGO,Habilitadas,,2026-04-19
00310,BANCO DEL SOL S.A.,privado_nacional,informacion_estructura,CABA,Habilitadas,,2026-04-19
00310,BANCO DEL SOL S.A.,privado_nacional,informacion_estructura,BUENOS AIRES,Habilitadas,,2026-04-19
00310,BANCO DEL SOL S.A.,privado_nacional,informacion_estructura,SANTA CRUZ,Habilitadas,,2026-04-19
00310,BANCO DEL SOL S.A.,privado_nacional,informacion_estructura,SANTA FE,Habilitadas,,2026-04-19
00310,BANCO DEL SOL S.A.,privado_nacional,informacion_estructura,TIERRA DE FUEGO,Habilitadas,,2026-04-19
00310,BANCO DEL SOL S.A.,privado_nacional,informacion_estructura,CABA,Habilitadas,,2026-04-19
00310,BANCO DEL SOL S.A.,privado_nacional,informacion_estructura,BUENOS AIRES,Habilitadas,,2026-04-19
00310,BANCO DEL SOL S.A.,privado_nacional,informacion_estructura,SANTA CRUZ,Habilitadas,,2026-04-19
00310,BANCO DEL SOL S.A.,privado_nacional,informacion_estructura,SANTA FE,Habilitadas,,2026-04-19
00310,BANCO DEL SOL S.A.,privado_nacional,informacion_estructura,TIERRA DE FUEGO,Habilitadas,,2026-04-19
00310,BANCO DEL SOL S.A.,privado_nacional,informacion_estructura,CABA,Habilitadas,,2026-04-19
00310,BANCO DEL SOL S.A.,privado_nacional,informacion_estructura,BUENOS AIRES,Habilitadas,,2026-04-19
00310,BANCO DEL SOL S.A.,privado_nacional,informacion_estructura,SANTA CRUZ,Habilitadas,,2026-04-19
00310,BANCO DEL SOL S.A.,privado_nacional,informacion_estructura,SANTA FE,Habilitadas,,2026-04-19
00310,BANCO DEL SOL S.A.,privado_nacional,informacion_estructura,TIERRA DE FUEGO,Habilitadas,,2026-04-19
00310,BANCO DEL SOL S.A.,privado_nacional,informacion_estructura,CABA,Pendientes de habilitación,,2026-04-19
00310,BANCO DEL SOL S.A.,privado_nacional,informacion_estructura,BUENOS AIRES,Pendientes de habilitación,,2026-04-19
00310,BANCO DEL SOL S.A.,privado_nacional,informacion_estructura,SANTA CRUZ,Pendientes de habilitación,,2026-04-19
00310,BANCO DEL SOL S.A.,privado_nacional,informacion_estructura,SANTA FE,Pendientes de habilitación,,2026-04-19
00310,BANCO DEL SOL S.A.,privado_nacional,informacion_estructura,TIERRA DE FUEGO,Pendientes de habilitación,,2026-04-19
00310,BANCO DEL SOL S.A.,privado_nacional,informacion_estructura,CABA,Total,1.0,2026-04-19
00310,BANCO DEL SOL S.A.,privado_nacional,informacion_estructura,BUENOS AIRES,Total,1.0,2026-04-19
00310,BANCO DEL SOL S.A.,privado_nacional,informacion_estructura,SANTA CRUZ,Total,1.0,2026-04-19
00310,BANCO DEL SOL S.A.,privado_nacional,informacion_estructura,SANTA FE,Total,,2026-04-19
00310,BANCO DEL SOL S.A.,privado_nacional,informacion_estructura,TIERRA DE FUEGO,Total,1.0,2026-04-19
00448,BANCO DINO S.A.,privado_nacional,informacion_estructura,Cantidad de cuentas corrientes,Dic-2023,169.0,2026-04-19
00448,BANCO DINO S.A.,privado_nacional,informacion_estructura,Cantidad de cuentas de ahorro,Dic-2023,6628.0,2026-04-19
00448,BANCO DINO S.A.,privado_nacional,informacion_estructura,Cantidad de operaciones a plazo fijo Individuos,Dic-2023,734.0,2026-04-19
00448,BANCO DINO S.A.,privado_nacional,informacion_estructura,Cantidad de operaciones a plazo fijo Empresas,Dic-2023,62.0,2026-04-19
00448,BANCO DINO S.A.,privado_nacional,informacion_estructura,Cantidad de operaciones por préstamos hipotecarios,Dic-2023,1.0,2026-04-19
00448,BANCO DINO S.A.,privado_nacional,informacion_estructura,Cantidad de operaciones por otros préstamos,Dic-2023,271097.0,2026-04-19
00448,BANCO DINO S.A.,privado_nacional,informacion_estructura,Dotación de personal,Dic-2023,38.0,2026-04-19
00448,BANCO DINO S.A.,privado_nacional,informacion_estructura,Cantidad de titulares por tarjetas de crédito,Dic-2023,7520.0,2026-04-19
00448,BANCO DINO S.A.,privado_nacional,informacion_estructura,Cantidad de tarjetas de crédito (plásticos),Dic-2023,11204.0,2026-04-19
00448,BANCO DINO S.A.,privado_nacional,informacion_estructura,Cantidad de tarjetas de débito,Dic-2023,9844.0,2026-04-19
00448,BANCO DINO S.A.,privado_nacional,informacion_estructura,Cantidad de cuentas corrientes,Dic-2024,546.0,2026-04-19
00448,BANCO DINO S.A.,privado_nacional,informacion_estructura,Cantidad de cuentas de ahorro,Dic-2024,6915.0,2026-04-19
00448,BANCO DINO S.A.,privado_nacional,informacion_estructura,Cantidad de operaciones a plazo fijo Individuos,Dic-2024,387.0,2026-04-19
00448,BANCO DINO S.A.,privado_nacional,informacion_estructura,Cantidad de operaciones a plazo fijo Empresas,Dic-2024,11.0,2026-04-19
00448,BANCO DINO S.A.,privado_nacional,informacion_estructura,Cantidad de operaciones por préstamos hipotecarios,Dic-2024,6.0,2026-04-19
00448,BANCO DINO S.A.,privado_nacional,informacion_estructura,Cantidad de operaciones por otros préstamos,Dic-2024,267906.0,2026-04-19
00448,BANCO DINO S.A.,privado_nacional,informacion_estructura,Dotación de personal,Dic-2024,34.0,2026-04-19
00448,BANCO DINO S.A.,privado_nacional,informacion_estructura,Cantidad de titulares por tarjetas de crédito,Dic-2024,6097.0,2026-04-19
00448,BANCO DINO S.A.,privado_nacional,informacion_estructura,Cantidad de tarjetas de crédito (plásticos),Dic-2024,9082.0,2026-04-19
00448,BANCO DINO S.A.,privado_nacional,informacion_estructura,Cantidad de tarjetas de débito,Dic-2024,5455.0,2026-04-19
00448,BANCO DINO S.A.,privado_nacional,informacion_estructura,Cantidad de cuentas corrientes,Jun-2025,842.0,2026-04-19
00448,BANCO DINO S.A.,privado_nacional,informacion_estructura,Cantidad de cuentas de ahorro,Jun-2025,7250.0,2026-04-19
00448,BANCO DINO S.A.,privado_nacional,informacion_estructura,Cantidad de operaciones a plazo fijo Individuos,Jun-2025,381.0,2026-04-19
00448,BANCO DINO S.A.,privado_nacional,informacion_estructura,Cantidad de operaciones a plazo fijo Empresas,Jun-2025,19.0,2026-04-19
00448,BANCO DINO S.A.,privado_nacional,informacion_estructura,Cantidad de operaciones por préstamos hipotecarios,Jun-2025,14.0,2026-04-19
00448,BANCO DINO S.A.,privado_nacional,informacion_estructura,Cantidad de operaciones por otros préstamos,Jun-2025,127374.0,2026-04-19
00448,BANCO DINO S.A.,privado_nacional,informacion_estructura,Dotación de personal,Jun-2025,32.0,2026-04-19
00448,BANCO DINO S.A.,privado_nacional,informacion_estructura,Cantidad de titulares por tarjetas de crédito,Jun-2025,5443.0,2026-04-19
00448,BANCO DINO S.A.,privado_nacional,informacion_estructura,Cantidad de tarjetas de crédito (plásticos),Jun-2025,8125.0,2026-04-19
00448,BANCO DINO S.A.,privado_nacional,informacion_estructura,Cantidad de tarjetas de débito,Jun-2025,6278.0,2026-04-19
00448,BANCO DINO S.A.,privado_nacional,informacion_estructura,Cantidad de cuentas corrientes,Set-2025,940.0,2026-04-19
00448,BANCO DINO S.A.,privado_nacional,informacion_estructura,Cantidad de cuentas de ahorro,Set-2025,7311.0,2026-04-19
00448,BANCO DINO S.A.,privado_nacional,informacion_estructura,Cantidad de operaciones a plazo fijo Individuos,Set-2025,361.0,2026-04-19
00448,BANCO DINO S.A.,privado_nacional,informacion_estructura,Cantidad de operaciones a plazo fijo Empresas,Set-2025,13.0,2026-04-19
00448,BANCO DINO S.A.,privado_nacional,informacion_estructura,Cantidad de operaciones por préstamos hipotecarios,Set-2025,17.0,2026-04-19
00448,BANCO DINO S.A.,privado_nacional,informacion_estructura,Cantidad de operaciones por otros préstamos,Set-2025,183939.0,2026-04-19
00448,BANCO DINO S.A.,privado_nacional,informacion_estructura,Dotación de personal,Set-2025,32.0,2026-04-19
00448,BANCO DINO S.A.,privado_nacional,informacion_estructura,Cantidad de titulares por tarjetas de crédito,Set-2025,5169.0,2026-04-19
00448,BANCO DINO S.A.,privado_nacional,informacion_estructura,Cantidad de tarjetas de crédito (plásticos),Set-2025,7750.0,2026-04-19
00448,BANCO DINO S.A.,privado_nacional,informacion_estructura,Cantidad de tarjetas de débito,Set-2025,7360.0,2026-04-19
00448,BANCO DINO S.A.,privado_nacional,informacion_estructura,Cantidad de cuentas corrientes,Dic-2025,1032.0,2026-04-19
00448,BANCO DINO S.A.,privado_nacional,informacion_estructura,Cantidad de cuentas de ahorro,Dic-2025,7271.0,2026-04-19
00448,BANCO DINO S.A.,privado_nacional,informacion_estructura,Cantidad de operaciones a plazo fijo Individuos,Dic-2025,398.0,2026-04-19
00448,BANCO DINO S.A.,privado_nacional,informacion_estructura,Cantidad de operaciones a plazo fijo Empresas,Dic-2025,7.0,2026-04-19
00448,BANCO DINO S.A.,privado_nacional,informacion_estructura,Cantidad de operaciones por préstamos hipotecarios,Dic-2025,17.0,2026-04-19
00448,BANCO DINO S.A.,privado_nacional,informacion_estructura,Cantidad de operaciones por otros préstamos,Dic-2025,249948.0,2026-04-19
00448,BANCO DINO S.A.,privado_nacional,informacion_estructura,Dotación de personal,Dic-2025,32.0,2026-04-19
00448,BANCO DINO S.A.,privado_nacional,informacion_estructura,Cantidad de titulares por tarjetas de crédito,Dic-2025,4850.0,2026-04-19
00448,BANCO DINO S.A.,privado_nacional,informacion_estructura,Cantidad de tarjetas de crédito (plásticos),Dic-2025,7279.0,2026-04-19
00448,BANCO DINO S.A.,privado_nacional,informacion_estructura,Cantidad de tarjetas de débito,Dic-2025,7386.0,2026-04-19
00448,BANCO DINO S.A.,privado_nacional,informacion_estructura,Cantidad de Cuentas,Dic-2023,1791.0,2026-04-19
00448,BANCO DINO S.A.,privado_nacional,informacion_estructura,Cantidad de Empresas,Dic-2023,24.0,2026-04-19
00448,BANCO DINO S.A.,privado_nacional,informacion_estructura,Cantidad de Cuentas,Dic-2024,1826.0,2026-04-19
00448,BANCO DINO S.A.,privado_nacional,informacion_estructura,Cantidad de Empresas,Dic-2024,23.0,2026-04-19
00448,BANCO DINO S.A.,privado_nacional,informacion_estructura,Cantidad de Cuentas,Nov-2025,111.0,2026-04-19
00448,BANCO DINO S.A.,privado_nacional,informacion_estructura,Cantidad de Empresas,Nov-2025,6.0,2026-04-19
00448,BANCO DINO S.A.,privado_nacional,informacion_estructura,Cantidad de Cuentas,Dic-2025,1704.0,2026-04-19
00448,BANCO DINO S.A.,privado_nacional,informacion_estructura,Cantidad de Empresas,Dic-2025,22.0,2026-04-19
00448,BANCO DINO S.A.,privado_nacional,informacion_estructura,Cantidad de Cuentas,Ene-2026,1690.0,2026-04-19
00448,BANCO DINO S.A.,privado_nacional,informacion_estructura,Cantidad de Empresas,Ene-2026,23.0,2026-04-19
00448,BANCO DINO S.A.,privado_nacional,informacion_estructura,CÓRDOBA,Habilitadas,1.0,2026-04-19
00448,BANCO DINO S.A.,privado_nacional,informacion_estructura,MENDOZA,Habilitadas,,2026-04-19
00448,BANCO DINO S.A.,privado_nacional,informacion_estructura,CÓRDOBA,Habilitadas,,2026-04-19
00448,BANCO DINO S.A.,privado_nacional,informacion_estructura,MENDOZA,Habilitadas,,2026-04-19
00448,BANCO DINO S.A.,privado_nacional,informacion_estructura,CÓRDOBA,Habilitadas,,2026-04-19
00448,BANCO DINO S.A.,privado_nacional,informacion_estructura,MENDOZA,Habilitadas,,2026-04-19
00448,BANCO DINO S.A.,privado_nacional,informacion_estructura,CÓRDOBA,Habilitadas,18.0,2026-04-19
00448,BANCO DINO S.A.,privado_nacional,informacion_estructura,MENDOZA,Habilitadas,5.0,2026-04-19
00448,BANCO DINO S.A.,privado_nacional,informacion_estructura,CÓRDOBA,Habilitadas,,2026-04-19
00448,BANCO DINO S.A.,privado_nacional,informacion_estructura,MENDOZA,Habilitadas,,2026-04-19
00448,BANCO DINO S.A.,privado_nacional,informacion_estructura,CÓRDOBA,Habilitadas,,2026-04-19
00448,BANCO DINO S.A.,privado_nacional,informacion_estructura,MENDOZA,Habilitadas,,2026-04-19
00448,BANCO DINO S.A.,privado_nacional,informacion_estructura,CÓRDOBA,Habilitadas,,2026-04-19
00448,BANCO DINO S.A.,privado_nacional,informacion_estructura,MENDOZA,Habilitadas,,2026-04-19
00448,BANCO DINO S.A.,privado_nacional,informacion_estructura,CÓRDOBA,Pendientes de habilitación,,2026-04-19
00448,BANCO DINO S.A.,privado_nacional,informacion_estructura,MENDOZA,Pendientes de habilitación,,2026-04-19
00448,BANCO DINO S.A.,privado_nacional,informacion_estructura,CÓRDOBA,Total,1.0,2026-04-19
00448,BANCO DINO S.A.,privado_nacional,informacion_estructura,MENDOZA,Total,,2026-04-19
00044,BANCO HIPOTECARIO S.A.,publico,informacion_estructura,Cantidad de cuentas corrientes,Dic-2023,6817.0,2026-04-19
00044,BANCO HIPOTECARIO S.A.,publico,informacion_estructura,Cantidad de cuentas de ahorro,Dic-2023,753984.0,2026-04-19
00044,BANCO HIPOTECARIO S.A.,publico,informacion_estructura,Cantidad de cajas de ahorro de ayuda social,Dic-2023,28946.0,2026-04-19
00044,BANCO HIPOTECARIO S.A.,publico,informacion_estructura,Cantidad de operaciones a plazo fijo Individuos,Dic-2023,88496.0,2026-04-19
00044,BANCO HIPOTECARIO S.A.,publico,informacion_estructura,Cantidad de operaciones a plazo fijo Empresas,Dic-2023,385.0,2026-04-19
00044,BANCO HIPOTECARIO S.A.,publico,informacion_estructura,Cantidad de operaciones por préstamos hipotecarios,Dic-2023,8753.0,2026-04-19
00044,BANCO HIPOTECARIO S.A.,publico,informacion_estructura,Cantidad de operaciones por préstamos prendarios,Dic-2023,4.0,2026-04-19
00044,BANCO HIPOTECARIO S.A.,publico,informacion_estructura,Cantidad de operaciones por otros préstamos,Dic-2023,396510.0,2026-04-19
00044,BANCO HIPOTECARIO S.A.,publico,informacion_estructura,Dotación de personal,Dic-2023,1560.0,2026-04-19
00044,BANCO HIPOTECARIO S.A.,publico,informacion_estructura,Cantidad de titulares por tarjetas de crédito,Dic-2023,390184.0,2026-04-19
00044,BANCO HIPOTECARIO S.A.,publico,informacion_estructura,Cantidad de tarjetas de crédito (plásticos),Dic-2023,463382.0,2026-04-19
00044,BANCO HIPOTECARIO S.A.,publico,informacion_estructura,Cantidad de tarjetas de débito,Dic-2023,1024756.0,2026-04-19
00044,BANCO HIPOTECARIO S.A.,publico,informacion_estructura,Cantidad de cuentas corrientes,Dic-2024,8434.0,2026-04-19
00044,BANCO HIPOTECARIO S.A.,publico,informacion_estructura,Cantidad de cuentas de ahorro,Dic-2024,776835.0,2026-04-19
00044,BANCO HIPOTECARIO S.A.,publico,informacion_estructura,Cantidad de cajas de ahorro de ayuda social,Dic-2024,53343.0,2026-04-19
00044,BANCO HIPOTECARIO S.A.,publico,informacion_estructura,Cantidad de operaciones a plazo fijo Individuos,Dic-2024,52021.0,2026-04-19
00044,BANCO HIPOTECARIO S.A.,publico,informacion_estructura,Cantidad de operaciones a plazo fijo Empresas,Dic-2024,469.0,2026-04-19
00044,BANCO HIPOTECARIO S.A.,publico,informacion_estructura,Cantidad de operaciones por préstamos hipotecarios,Dic-2024,8809.0,2026-04-19
00044,BANCO HIPOTECARIO S.A.,publico,informacion_estructura,Cantidad de operaciones por préstamos prendarios,Dic-2024,11.0,2026-04-19
00044,BANCO HIPOTECARIO S.A.,publico,informacion_estructura,Cantidad de operaciones por otros préstamos,Dic-2024,333400.0,2026-04-19
00044,BANCO HIPOTECARIO S.A.,publico,informacion_estructura,Dotación de personal,Dic-2024,1484.0,2026-04-19
00044,BANCO HIPOTECARIO S.A.,publico,informacion_estructura,Cantidad de titulares por tarjetas de crédito,Dic-2024,339305.0,2026-04-19
00044,BANCO HIPOTECARIO S.A.,publico,informacion_estructura,Cantidad de tarjetas de crédito (plásticos),Dic-2024,421350.0,2026-04-19
00044,BANCO HIPOTECARIO S.A.,publico,informacion_estructura,Cantidad de tarjetas de débito,Dic-2024,1143871.0,2026-04-19
00044,BANCO HIPOTECARIO S.A.,publico,informacion_estructura,Cantidad de cuentas corrientes,Jun-2025,8099.0,2026-04-19
00044,BANCO HIPOTECARIO S.A.,publico,informacion_estructura,Cantidad de cuentas de ahorro,Jun-2025,833592.0,2026-04-19
00044,BANCO HIPOTECARIO S.A.,publico,informacion_estructura,Cantidad de cajas de ahorro de ayuda social,Jun-2025,61189.0,2026-04-19
00044,BANCO HIPOTECARIO S.A.,publico,informacion_estructura,Cantidad de operaciones a plazo fijo Individuos,Jun-2025,68704.0,2026-04-19
00044,BANCO HIPOTECARIO S.A.,publico,informacion_estructura,Cantidad de operaciones a plazo fijo Empresas,Jun-2025,738.0,2026-04-19
00044,BANCO HIPOTECARIO S.A.,publico,informacion_estructura,Cantidad de operaciones por préstamos hipotecarios,Jun-2025,8035.0,2026-04-19
00044,BANCO HIPOTECARIO S.A.,publico,informacion_estructura,Cantidad de operaciones por préstamos prendarios,Jun-2025,10.0,2026-04-19
00044,BANCO HIPOTECARIO S.A.,publico,informacion_estructura,Cantidad de operaciones por otros préstamos,Jun-2025,339241.0,2026-04-19
00044,BANCO HIPOTECARIO S.A.,publico,informacion_estructura,Dotación de personal,Jun-2025,1404.0,2026-04-19
00044,BANCO HIPOTECARIO S.A.,publico,informacion_estructura,Cantidad de titulares por tarjetas de crédito,Jun-2025,329003.0,2026-04-19
00044,BANCO HIPOTECARIO S.A.,publico,informacion_estructura,Cantidad de tarjetas de crédito (plásticos),Jun-2025,395727.0,2026-04-19
00044,BANCO HIPOTECARIO S.A.,publico,informacion_estructura,Cantidad de tarjetas de débito,Jun-2025,1081972.0,2026-04-19
00044,BANCO HIPOTECARIO S.A.,publico,informacion_estructura,Cantidad de cuentas corrientes,Set-2025,8697.0,2026-04-19
00044,BANCO HIPOTECARIO S.A.,publico,informacion_estructura,Cantidad de cuentas de ahorro,Set-2025,829977.0,2026-04-19
00044,BANCO HIPOTECARIO S.A.,publico,informacion_estructura,Cantidad de cajas de ahorro de ayuda social,Set-2025,62827.0,2026-04-19
00044,BANCO HIPOTECARIO S.A.,publico,informacion_estructura,Cantidad de operaciones a plazo fijo Individuos,Set-2025,79295.0,2026-04-19
00044,BANCO HIPOTECARIO S.A.,publico,informacion_estructura,Cantidad de operaciones a plazo fijo Empresas,Set-2025,1226.0,2026-04-19
00044,BANCO HIPOTECARIO S.A.,publico,informacion_estructura,Cantidad de operaciones por préstamos hipotecarios,Set-2025,7796.0,2026-04-19
00044,BANCO HIPOTECARIO S.A.,publico,informacion_estructura,Cantidad de operaciones por préstamos prendarios,Set-2025,11.0,2026-04-19
00044,BANCO HIPOTECARIO S.A.,publico,informacion_estructura,Cantidad de operaciones por otros préstamos,Set-2025,322718.0,2026-04-19
00044,BANCO HIPOTECARIO S.A.,publico,informacion_estructura,Dotación de personal,Set-2025,1405.0,2026-04-19
00044,BANCO HIPOTECARIO S.A.,publico,informacion_estructura,Cantidad de titulares por tarjetas de crédito,Set-2025,324701.0,2026-04-19
00044,BANCO HIPOTECARIO S.A.,publico,informacion_estructura,Cantidad de tarjetas de crédito (plásticos),Set-2025,350028.0,2026-04-19
00044,BANCO HIPOTECARIO S.A.,publico,informacion_estructura,Cantidad de tarjetas de débito,Set-2025,1022716.0,2026-04-19
00044,BANCO HIPOTECARIO S.A.,publico,informacion_estructura,Cantidad de cuentas corrientes,Dic-2025,8572.0,2026-04-19
00044,BANCO HIPOTECARIO S.A.,publico,informacion_estructura,Cantidad de cuentas de ahorro,Dic-2025,834613.0,2026-04-19
00044,BANCO HIPOTECARIO S.A.,publico,informacion_estructura,Cantidad de cajas de ahorro de ayuda social,Dic-2025,64695.0,2026-04-19
00044,BANCO HIPOTECARIO S.A.,publico,informacion_estructura,Cantidad de operaciones a plazo fijo Individuos,Dic-2025,62277.0,2026-04-19
00044,BANCO HIPOTECARIO S.A.,publico,informacion_estructura,Cantidad de operaciones a plazo fijo Empresas,Dic-2025,870.0,2026-04-19
00044,BANCO HIPOTECARIO S.A.,publico,informacion_estructura,Cantidad de operaciones por préstamos hipotecarios,Dic-2025,7679.0,2026-04-19
00044,BANCO HIPOTECARIO S.A.,publico,informacion_estructura,Cantidad de operaciones por préstamos prendarios,Dic-2025,10.0,2026-04-19
00044,BANCO HIPOTECARIO S.A.,publico,informacion_estructura,Cantidad de operaciones por otros préstamos,Dic-2025,313300.0,2026-04-19
00044,BANCO HIPOTECARIO S.A.,publico,informacion_estructura,Dotación de personal,Dic-2025,1405.0,2026-04-19
00044,BANCO HIPOTECARIO S.A.,publico,informacion_estructura,Cantidad de titulares por tarjetas de crédito,Dic-2025,322633.0,2026-04-19
00044,BANCO HIPOTECARIO S.A.,publico,informacion_estructura,Cantidad de tarjetas de crédito (plásticos),Dic-2025,334238.0,2026-04-19
00044,BANCO HIPOTECARIO S.A.,publico,informacion_estructura,Cantidad de tarjetas de débito,Dic-2025,892353.0,2026-04-19
00044,BANCO HIPOTECARIO S.A.,publico,informacion_estructura,Cantidad de Cuentas,Dic-2023,78689.0,2026-04-19
00044,BANCO HIPOTECARIO S.A.,publico,informacion_estructura,Cantidad de Empresas,Dic-2023,4195.0,2026-04-19
00044,BANCO HIPOTECARIO S.A.,publico,informacion_estructura,Cantidad de Cuentas,Dic-2024,70617.0,2026-04-19
00044,BANCO HIPOTECARIO S.A.,publico,informacion_estructura,Cantidad de Empresas,Dic-2024,3919.0,2026-04-19
00044,BANCO HIPOTECARIO S.A.,publico,informacion_estructura,Cantidad de Cuentas,Nov-2025,65418.0,2026-04-19
00044,BANCO HIPOTECARIO S.A.,publico,informacion_estructura,Cantidad de Empresas,Nov-2025,3313.0,2026-04-19
00044,BANCO HIPOTECARIO S.A.,publico,informacion_estructura,Cantidad de Cuentas,Dic-2025,67381.0,2026-04-19
00044,BANCO HIPOTECARIO S.A.,publico,informacion_estructura,Cantidad de Empresas,Dic-2025,3537.0,2026-04-19
00044,BANCO HIPOTECARIO S.A.,publico,informacion_estructura,Cantidad de Cuentas,Ene-2026,64418.0,2026-04-19
00044,BANCO HIPOTECARIO S.A.,publico,informacion_estructura,Cantidad de Empresas,Ene-2026,3274.0,2026-04-19
00044,BANCO HIPOTECARIO S.A.,publico,informacion_estructura,CABA,Habilitadas,6.0,2026-04-19
00044,BANCO HIPOTECARIO S.A.,publico,informacion_estructura,BUENOS AIRES,Habilitadas,21.0,2026-04-19
00044,BANCO HIPOTECARIO S.A.,publico,informacion_estructura,CATAMARCA,Habilitadas,1.0,2026-04-19
00044,BANCO HIPOTECARIO S.A.,publico,informacion_estructura,CÓRDOBA,Habilitadas,10.0,2026-04-19
00044,BANCO HIPOTECARIO S.A.,publico,informacion_estructura,CORRIENTES,Habilitadas,1.0,2026-04-19
00044,BANCO HIPOTECARIO S.A.,publico,informacion_estructura,CHACO,Habilitadas,2.0,2026-04-19
00044,BANCO HIPOTECARIO S.A.,publico,informacion_estructura,CHUBUT,Habilitadas,2.0,2026-04-19
00044,BANCO HIPOTECARIO S.A.,publico,informacion_estructura,ENTRE RÍOS,Habilitadas,2.0,2026-04-19
00044,BANCO HIPOTECARIO S.A.,publico,informacion_estructura,FORMOSA,Habilitadas,1.0,2026-04-19
00044,BANCO HIPOTECARIO S.A.,publico,informacion_estructura,JUJUY,Habilitadas,1.0,2026-04-19
00044,BANCO HIPOTECARIO S.A.,publico,informacion_estructura,LA PAMPA,Habilitadas,1.0,2026-04-19
00044,BANCO HIPOTECARIO S.A.,publico,informacion_estructura,LA RIOJA,Habilitadas,1.0,2026-04-19
00044,BANCO HIPOTECARIO S.A.,publico,informacion_estructura,MENDOZA,Habilitadas,3.0,2026-04-19
00044,BANCO HIPOTECARIO S.A.,publico,informacion_estructura,MISIONES,Habilitadas,2.0,2026-04-19
00044,BANCO HIPOTECARIO S.A.,publico,informacion_estructura,NEUQUÉN,Habilitadas,1.0,2026-04-19
00044,BANCO HIPOTECARIO S.A.,publico,informacion_estructura,RÍO NEGRO,Habilitadas,1.0,2026-04-19
00044,BANCO HIPOTECARIO S.A.,publico,informacion_estructura,SALTA,Habilitadas,2.0,2026-04-19
00044,BANCO HIPOTECARIO S.A.,publico,informacion_estructura,SAN JUAN,Habilitadas,2.0,2026-04-19
00044,BANCO HIPOTECARIO S.A.,publico,informacion_estructura,SAN LUIS,Habilitadas,1.0,2026-04-19
00044,BANCO HIPOTECARIO S.A.,publico,informacion_estructura,SANTA CRUZ,Habilitadas,1.0,2026-04-19
00044,BANCO HIPOTECARIO S.A.,publico,informacion_estructura,SANTA FE,Habilitadas,7.0,2026-04-19
00044,BANCO HIPOTECARIO S.A.,publico,informacion_estructura,SANTIAGO DEL ESTERO,Habilitadas,2.0,2026-04-19
00044,BANCO HIPOTECARIO S.A.,publico,informacion_estructura,TUCUMÁN,Habilitadas,5.0,2026-04-19
00044,BANCO HIPOTECARIO S.A.,publico,informacion_estructura,TIERRA DE FUEGO,Habilitadas,1.0,2026-04-19
00044,BANCO HIPOTECARIO S.A.,publico,informacion_estructura,CABA,Habilitadas,,2026-04-19
00044,BANCO HIPOTECARIO S.A.,publico,informacion_estructura,BUENOS AIRES,Habilitadas,,2026-04-19
00044,BANCO HIPOTECARIO S.A.,publico,informacion_estructura,CATAMARCA,Habilitadas,,2026-04-19
00044,BANCO HIPOTECARIO S.A.,publico,informacion_estructura,CÓRDOBA,Habilitadas,,2026-04-19
00044,BANCO HIPOTECARIO S.A.,publico,informacion_estructura,CORRIENTES,Habilitadas,,2026-04-19
00044,BANCO HIPOTECARIO S.A.,publico,informacion_estructura,CHACO,Habilitadas,,2026-04-19
00044,BANCO HIPOTECARIO S.A.,publico,informacion_estructura,CHUBUT,Habilitadas,,2026-04-19
00044,BANCO HIPOTECARIO S.A.,publico,informacion_estructura,ENTRE RÍOS,Habilitadas,,2026-04-19
00044,BANCO HIPOTECARIO S.A.,publico,informacion_estructura,FORMOSA,Habilitadas,,2026-04-19
00044,BANCO HIPOTECARIO S.A.,publico,informacion_estructura,JUJUY,Habilitadas,,2026-04-19
00044,BANCO HIPOTECARIO S.A.,publico,informacion_estructura,LA PAMPA,Habilitadas,,2026-04-19
00044,BANCO HIPOTECARIO S.A.,publico,informacion_estructura,LA RIOJA,Habilitadas,,2026-04-19
00044,BANCO HIPOTECARIO S.A.,publico,informacion_estructura,MENDOZA,Habilitadas,,2026-04-19
00044,BANCO HIPOTECARIO S.A.,publico,informacion_estructura,MISIONES,Habilitadas,,2026-04-19
00044,BANCO HIPOTECARIO S.A.,publico,informacion_estructura,NEUQUÉN,Habilitadas,,2026-04-19
00044,BANCO HIPOTECARIO S.A.,publico,informacion_estructura,RÍO NEGRO,Habilitadas,,2026-04-19
00044,BANCO HIPOTECARIO S.A.,publico,informacion_estructura,SALTA,Habilitadas,,2026-04-19
00044,BANCO HIPOTECARIO S.A.,publico,informacion_estructura,SAN JUAN,Habilitadas,,2026-04-19
00044,BANCO HIPOTECARIO S.A.,publico,informacion_estructura,SAN LUIS,Habilitadas,,2026-04-19
00044,BANCO HIPOTECARIO S.A.,publico,informacion_estructura,SANTA CRUZ,Habilitadas,,2026-04-19
00044,BANCO HIPOTECARIO S.A.,publico,informacion_estructura,SANTA FE,Habilitadas,,2026-04-19
00044,BANCO HIPOTECARIO S.A.,publico,informacion_estructura,SANTIAGO DEL ESTERO,Habilitadas,,2026-04-19
00044,BANCO HIPOTECARIO S.A.,publico,informacion_estructura,TUCUMÁN,Habilitadas,,2026-04-19
00044,BANCO HIPOTECARIO S.A.,publico,informacion_estructura,TIERRA DE FUEGO,Habilitadas,,2026-04-19
00044,BANCO HIPOTECARIO S.A.,publico,informacion_estructura,CABA,Habilitadas,,2026-04-19
00044,BANCO HIPOTECARIO S.A.,publico,informacion_estructura,BUENOS AIRES,Habilitadas,,2026-04-19
00044,BANCO HIPOTECARIO S.A.,publico,informacion_estructura,CATAMARCA,Habilitadas,,2026-04-19
00044,BANCO HIPOTECARIO S.A.,publico,informacion_estructura,CÓRDOBA,Habilitadas,,2026-04-19
00044,BANCO HIPOTECARIO S.A.,publico,informacion_estructura,CORRIENTES,Habilitadas,,2026-04-19
00044,BANCO HIPOTECARIO S.A.,publico,informacion_estructura,CHACO,Habilitadas,,2026-04-19
00044,BANCO HIPOTECARIO S.A.,publico,informacion_estructura,CHUBUT,Habilitadas,,2026-04-19
00044,BANCO HIPOTECARIO S.A.,publico,informacion_estructura,ENTRE RÍOS,Habilitadas,,2026-04-19
00044,BANCO HIPOTECARIO S.A.,publico,informacion_estructura,FORMOSA,Habilitadas,,2026-04-19
00044,BANCO HIPOTECARIO S.A.,publico,informacion_estructura,JUJUY,Habilitadas,,2026-04-19
00044,BANCO HIPOTECARIO S.A.,publico,informacion_estructura,LA PAMPA,Habilitadas,,2026-04-19
00044,BANCO HIPOTECARIO S.A.,publico,informacion_estructura,LA RIOJA,Habilitadas,,2026-04-19
00044,BANCO HIPOTECARIO S.A.,publico,informacion_estructura,MENDOZA,Habilitadas,,2026-04-19
00044,BANCO HIPOTECARIO S.A.,publico,informacion_estructura,MISIONES,Habilitadas,,2026-04-19
00044,BANCO HIPOTECARIO S.A.,publico,informacion_estructura,NEUQUÉN,Habilitadas,,2026-04-19
00044,BANCO HIPOTECARIO S.A.,publico,informacion_estructura,RÍO NEGRO,Habilitadas,,2026-04-19
00044,BANCO HIPOTECARIO S.A.,publico,informacion_estructura,SALTA,Habilitadas,,2026-04-19
00044,BANCO HIPOTECARIO S.A.,publico,informacion_estructura,SAN JUAN,Habilitadas,,2026-04-19
00044,BANCO HIPOTECARIO S.A.,publico,informacion_estructura,SAN LUIS,Habilitadas,,2026-04-19
00044,BANCO HIPOTECARIO S.A.,publico,informacion_estructura,SANTA CRUZ,Habilitadas,,2026-04-19
00044,BANCO HIPOTECARIO S.A.,publico,informacion_estructura,SANTA FE,Habilitadas,,2026-04-19
00044,BANCO HIPOTECARIO S.A.,publico,informacion_estructura,SANTIAGO DEL ESTERO,Habilitadas,,2026-04-19
00044,BANCO HIPOTECARIO S.A.,publico,informacion_estructura,TUCUMÁN,Habilitadas,,2026-04-19
00044,BANCO HIPOTECARIO S.A.,publico,informacion_estructura,TIERRA DE FUEGO,Habilitadas,,2026-04-19
00044,BANCO HIPOTECARIO S.A.,publico,informacion_estructura,CABA,Habilitadas,12.0,2026-04-19
00044,BANCO HIPOTECARIO S.A.,publico,informacion_estructura,BUENOS AIRES,Habilitadas,51.0,2026-04-19
00044,BANCO HIPOTECARIO S.A.,publico,informacion_estructura,CATAMARCA,Habilitadas,4.0,2026-04-19
00044,BANCO HIPOTECARIO S.A.,publico,informacion_estructura,CÓRDOBA,Habilitadas,13.0,2026-04-19
00044,BANCO HIPOTECARIO S.A.,publico,informacion_estructura,CORRIENTES,Habilitadas,3.0,2026-04-19
00044,BANCO HIPOTECARIO S.A.,publico,informacion_estructura,CHACO,Habilitadas,5.0,2026-04-19
00044,BANCO HIPOTECARIO S.A.,publico,informacion_estructura,CHUBUT,Habilitadas,4.0,2026-04-19
00044,BANCO HIPOTECARIO S.A.,publico,informacion_estructura,ENTRE RÍOS,Habilitadas,5.0,2026-04-19
00044,BANCO HIPOTECARIO S.A.,publico,informacion_estructura,FORMOSA,Habilitadas,4.0,2026-04-19
00044,BANCO HIPOTECARIO S.A.,publico,informacion_estructura,JUJUY,Habilitadas,1.0,2026-04-19
00044,BANCO HIPOTECARIO S.A.,publico,informacion_estructura,LA PAMPA,Habilitadas,2.0,2026-04-19
00044,BANCO HIPOTECARIO S.A.,publico,informacion_estructura,LA RIOJA,Habilitadas,6.0,2026-04-19
00044,BANCO HIPOTECARIO S.A.,publico,informacion_estructura,MENDOZA,Habilitadas,5.0,2026-04-19
00044,BANCO HIPOTECARIO S.A.,publico,informacion_estructura,MISIONES,Habilitadas,4.0,2026-04-19
00044,BANCO HIPOTECARIO S.A.,publico,informacion_estructura,NEUQUÉN,Habilitadas,3.0,2026-04-19
00044,BANCO HIPOTECARIO S.A.,publico,informacion_estructura,RÍO NEGRO,Habilitadas,2.0,2026-04-19
00044,BANCO HIPOTECARIO S.A.,publico,informacion_estructura,SALTA,Habilitadas,3.0,2026-04-19
00044,BANCO HIPOTECARIO S.A.,publico,informacion_estructura,SAN JUAN,Habilitadas,3.0,2026-04-19
00044,BANCO HIPOTECARIO S.A.,publico,informacion_estructura,SAN LUIS,Habilitadas,2.0,2026-04-19
00044,BANCO HIPOTECARIO S.A.,publico,informacion_estructura,SANTA CRUZ,Habilitadas,3.0,2026-04-19
00044,BANCO HIPOTECARIO S.A.,publico,informacion_estructura,SANTA FE,Habilitadas,14.0,2026-04-19
00044,BANCO HIPOTECARIO S.A.,publico,informacion_estructura,SANTIAGO DEL ESTERO,Habilitadas,2.0,2026-04-19
00044,BANCO HIPOTECARIO S.A.,publico,informacion_estructura,TUCUMÁN,Habilitadas,5.0,2026-04-19
00044,BANCO HIPOTECARIO S.A.,publico,informacion_estructura,TIERRA DE FUEGO,Habilitadas,2.0,2026-04-19
00044,BANCO HIPOTECARIO S.A.,publico,informacion_estructura,CABA,Habilitadas,22.0,2026-04-19
00044,BANCO HIPOTECARIO S.A.,publico,informacion_estructura,BUENOS AIRES,Habilitadas,64.0,2026-04-19
00044,BANCO HIPOTECARIO S.A.,publico,informacion_estructura,CATAMARCA,Habilitadas,2.0,2026-04-19
00044,BANCO HIPOTECARIO S.A.,publico,informacion_estructura,CÓRDOBA,Habilitadas,21.0,2026-04-19
00044,BANCO HIPOTECARIO S.A.,publico,informacion_estructura,CORRIENTES,Habilitadas,3.0,2026-04-19
00044,BANCO HIPOTECARIO S.A.,publico,informacion_estructura,CHACO,Habilitadas,5.0,2026-04-19
00044,BANCO HIPOTECARIO S.A.,publico,informacion_estructura,CHUBUT,Habilitadas,5.0,2026-04-19
00044,BANCO HIPOTECARIO S.A.,publico,informacion_estructura,ENTRE RÍOS,Habilitadas,8.0,2026-04-19
00044,BANCO HIPOTECARIO S.A.,publico,informacion_estructura,FORMOSA,Habilitadas,4.0,2026-04-19
00044,BANCO HIPOTECARIO S.A.,publico,informacion_estructura,JUJUY,Habilitadas,4.0,2026-04-19
00044,BANCO HIPOTECARIO S.A.,publico,informacion_estructura,LA PAMPA,Habilitadas,2.0,2026-04-19
00044,BANCO HIPOTECARIO S.A.,publico,informacion_estructura,LA RIOJA,Habilitadas,6.0,2026-04-19
00044,BANCO HIPOTECARIO S.A.,publico,informacion_estructura,MENDOZA,Habilitadas,7.0,2026-04-19
00044,BANCO HIPOTECARIO S.A.,publico,informacion_estructura,MISIONES,Habilitadas,3.0,2026-04-19
00044,BANCO HIPOTECARIO S.A.,publico,informacion_estructura,NEUQUÉN,Habilitadas,5.0,2026-04-19
00044,BANCO HIPOTECARIO S.A.,publico,informacion_estructura,RÍO NEGRO,Habilitadas,2.0,2026-04-19
00044,BANCO HIPOTECARIO S.A.,publico,informacion_estructura,SALTA,Habilitadas,4.0,2026-04-19
00044,BANCO HIPOTECARIO S.A.,publico,informacion_estructura,SAN JUAN,Habilitadas,4.0,2026-04-19
00044,BANCO HIPOTECARIO S.A.,publico,informacion_estructura,SAN LUIS,Habilitadas,3.0,2026-04-19
00044,BANCO HIPOTECARIO S.A.,publico,informacion_estructura,SANTA CRUZ,Habilitadas,3.0,2026-04-19
00044,BANCO HIPOTECARIO S.A.,publico,informacion_estructura,SANTA FE,Habilitadas,17.0,2026-04-19
00044,BANCO HIPOTECARIO S.A.,publico,informacion_estructura,SANTIAGO DEL ESTERO,Habilitadas,6.0,2026-04-19
00044,BANCO HIPOTECARIO S.A.,publico,informacion_estructura,TUCUMÁN,Habilitadas,8.0,2026-04-19
00044,BANCO HIPOTECARIO S.A.,publico,informacion_estructura,TIERRA DE FUEGO,Habilitadas,2.0,2026-04-19
00044,BANCO HIPOTECARIO S.A.,publico,informacion_estructura,CABA,Habilitadas,,2026-04-19
00044,BANCO HIPOTECARIO S.A.,publico,informacion_estructura,BUENOS AIRES,Habilitadas,1.0,2026-04-19
00044,BANCO HIPOTECARIO S.A.,publico,informacion_estructura,CATAMARCA,Habilitadas,,2026-04-19
00044,BANCO HIPOTECARIO S.A.,publico,informacion_estructura,CÓRDOBA,Habilitadas,,2026-04-19
00044,BANCO HIPOTECARIO S.A.,publico,informacion_estructura,CORRIENTES,Habilitadas,,2026-04-19
00044,BANCO HIPOTECARIO S.A.,publico,informacion_estructura,CHACO,Habilitadas,,2026-04-19
00044,BANCO HIPOTECARIO S.A.,publico,informacion_estructura,CHUBUT,Habilitadas,,2026-04-19
00044,BANCO HIPOTECARIO S.A.,publico,informacion_estructura,ENTRE RÍOS,Habilitadas,,2026-04-19
00044,BANCO HIPOTECARIO S.A.,publico,informacion_estructura,FORMOSA,Habilitadas,,2026-04-19
00044,BANCO HIPOTECARIO S.A.,publico,informacion_estructura,JUJUY,Habilitadas,,2026-04-19
00044,BANCO HIPOTECARIO S.A.,publico,informacion_estructura,LA PAMPA,Habilitadas,,2026-04-19
00044,BANCO HIPOTECARIO S.A.,publico,informacion_estructura,LA RIOJA,Habilitadas,,2026-04-19
00044,BANCO HIPOTECARIO S.A.,publico,informacion_estructura,MENDOZA,Habilitadas,,2026-04-19
00044,BANCO HIPOTECARIO S.A.,publico,informacion_estructura,MISIONES,Habilitadas,,2026-04-19
00044,BANCO HIPOTECARIO S.A.,publico,informacion_estructura,NEUQUÉN,Habilitadas,,2026-04-19
00044,BANCO HIPOTECARIO S.A.,publico,informacion_estructura,RÍO NEGRO,Habilitadas,,2026-04-19
00044,BANCO HIPOTECARIO S.A.,publico,informacion_estructura,SALTA,Habilitadas,,2026-04-19
00044,BANCO HIPOTECARIO S.A.,publico,informacion_estructura,SAN JUAN,Habilitadas,,2026-04-19
00044,BANCO HIPOTECARIO S.A.,publico,informacion_estructura,SAN LUIS,Habilitadas,,2026-04-19
00044,BANCO HIPOTECARIO S.A.,publico,informacion_estructura,SANTA CRUZ,Habilitadas,,2026-04-19
00044,BANCO HIPOTECARIO S.A.,publico,informacion_estructura,SANTA FE,Habilitadas,1.0,2026-04-19
00044,BANCO HIPOTECARIO S.A.,publico,informacion_estructura,SANTIAGO DEL ESTERO,Habilitadas,,2026-04-19
00044,BANCO HIPOTECARIO S.A.,publico,informacion_estructura,TUCUMÁN,Habilitadas,,2026-04-19
00044,BANCO HIPOTECARIO S.A.,publico,informacion_estructura,TIERRA DE FUEGO,Habilitadas,,2026-04-19
00044,BANCO HIPOTECARIO S.A.,publico,informacion_estructura,CABA,Habilitadas,,2026-04-19
00044,BANCO HIPOTECARIO S.A.,publico,informacion_estructura,BUENOS AIRES,Habilitadas,,2026-04-19
00044,BANCO HIPOTECARIO S.A.,publico,informacion_estructura,CATAMARCA,Habilitadas,,2026-04-19
00044,BANCO HIPOTECARIO S.A.,publico,informacion_estructura,CÓRDOBA,Habilitadas,1.0,2026-04-19
00044,BANCO HIPOTECARIO S.A.,publico,informacion_estructura,CORRIENTES,Habilitadas,,2026-04-19
00044,BANCO HIPOTECARIO S.A.,publico,informacion_estructura,CHACO,Habilitadas,,2026-04-19
00044,BANCO HIPOTECARIO S.A.,publico,informacion_estructura,CHUBUT,Habilitadas,,2026-04-19
00044,BANCO HIPOTECARIO S.A.,publico,informacion_estructura,ENTRE RÍOS,Habilitadas,,2026-04-19
00044,BANCO HIPOTECARIO S.A.,publico,informacion_estructura,FORMOSA,Habilitadas,,2026-04-19
00044,BANCO HIPOTECARIO S.A.,publico,informacion_estructura,JUJUY,Habilitadas,,2026-04-19
00044,BANCO HIPOTECARIO S.A.,publico,informacion_estructura,LA PAMPA,Habilitadas,,2026-04-19
00044,BANCO HIPOTECARIO S.A.,publico,informacion_estructura,LA RIOJA,Habilitadas,,2026-04-19
00044,BANCO HIPOTECARIO S.A.,publico,informacion_estructura,MENDOZA,Habilitadas,,2026-04-19
00044,BANCO HIPOTECARIO S.A.,publico,informacion_estructura,MISIONES,Habilitadas,,2026-04-19
00044,BANCO HIPOTECARIO S.A.,publico,informacion_estructura,NEUQUÉN,Habilitadas,,2026-04-19
00044,BANCO HIPOTECARIO S.A.,publico,informacion_estructura,RÍO NEGRO,Habilitadas,,2026-04-19
00044,BANCO HIPOTECARIO S.A.,publico,informacion_estructura,SALTA,Habilitadas,,2026-04-19
00044,BANCO HIPOTECARIO S.A.,publico,informacion_estructura,SAN JUAN,Habilitadas,,2026-04-19
00044,BANCO HIPOTECARIO S.A.,publico,informacion_estructura,SAN LUIS,Habilitadas,,2026-04-19
00044,BANCO HIPOTECARIO S.A.,publico,informacion_estructura,SANTA CRUZ,Habilitadas,,2026-04-19
00044,BANCO HIPOTECARIO S.A.,publico,informacion_estructura,SANTA FE,Habilitadas,,2026-04-19
00044,BANCO HIPOTECARIO S.A.,publico,informacion_estructura,SANTIAGO DEL ESTERO,Habilitadas,,2026-04-19
00044,BANCO HIPOTECARIO S.A.,publico,informacion_estructura,TUCUMÁN,Habilitadas,,2026-04-19
00044,BANCO HIPOTECARIO S.A.,publico,informacion_estructura,TIERRA DE FUEGO,Habilitadas,,2026-04-19
00044,BANCO HIPOTECARIO S.A.,publico,informacion_estructura,CABA,Pendientes de habilitación,,2026-04-19
00044,BANCO HIPOTECARIO S.A.,publico,informacion_estructura,BUENOS AIRES,Pendientes de habilitación,,2026-04-19
00044,BANCO HIPOTECARIO S.A.,publico,informacion_estructura,CATAMARCA,Pendientes de habilitación,,2026-04-19
00044,BANCO HIPOTECARIO S.A.,publico,informacion_estructura,CÓRDOBA,Pendientes de habilitación,,2026-04-19
00044,BANCO HIPOTECARIO S.A.,publico,informacion_estructura,CORRIENTES,Pendientes de habilitación,,2026-04-19
00044,BANCO HIPOTECARIO S.A.,publico,informacion_estructura,CHACO,Pendientes de habilitación,,2026-04-19
00044,BANCO HIPOTECARIO S.A.,publico,informacion_estructura,CHUBUT,Pendientes de habilitación,,2026-04-19
00044,BANCO HIPOTECARIO S.A.,publico,informacion_estructura,ENTRE RÍOS,Pendientes de habilitación,,2026-04-19
00044,BANCO HIPOTECARIO S.A.,publico,informacion_estructura,FORMOSA,Pendientes de habilitación,,2026-04-19
00044,BANCO HIPOTECARIO S.A.,publico,informacion_estructura,JUJUY,Pendientes de habilitación,,2026-04-19
00044,BANCO HIPOTECARIO S.A.,publico,informacion_estructura,LA PAMPA,Pendientes de habilitación,,2026-04-19
00044,BANCO HIPOTECARIO S.A.,publico,informacion_estructura,LA RIOJA,Pendientes de habilitación,,2026-04-19
00044,BANCO HIPOTECARIO S.A.,publico,informacion_estructura,MENDOZA,Pendientes de habilitación,,2026-04-19
00044,BANCO HIPOTECARIO S.A.,publico,informacion_estructura,MISIONES,Pendientes de habilitación,,2026-04-19
00044,BANCO HIPOTECARIO S.A.,publico,informacion_estructura,NEUQUÉN,Pendientes de habilitación,,2026-04-19
00044,BANCO HIPOTECARIO S.A.,publico,informacion_estructura,RÍO NEGRO,Pendientes de habilitación,,2026-04-19
00044,BANCO HIPOTECARIO S.A.,publico,informacion_estructura,SALTA,Pendientes de habilitación,,2026-04-19
00044,BANCO HIPOTECARIO S.A.,publico,informacion_estructura,SAN JUAN,Pendientes de habilitación,,2026-04-19
00044,BANCO HIPOTECARIO S.A.,publico,informacion_estructura,SAN LUIS,Pendientes de habilitación,,2026-04-19
00044,BANCO HIPOTECARIO S.A.,publico,informacion_estructura,SANTA CRUZ,Pendientes de habilitación,,2026-04-19
00044,BANCO HIPOTECARIO S.A.,publico,informacion_estructura,SANTA FE,Pendientes de habilitación,,2026-04-19
00044,BANCO HIPOTECARIO S.A.,publico,informacion_estructura,SANTIAGO DEL ESTERO,Pendientes de habilitación,,2026-04-19
00044,BANCO HIPOTECARIO S.A.,publico,informacion_estructura,TUCUMÁN,Pendientes de habilitación,,2026-04-19
00044,BANCO HIPOTECARIO S.A.,publico,informacion_estructura,TIERRA DE FUEGO,Pendientes de habilitación,,2026-04-19
00044,BANCO HIPOTECARIO S.A.,publico,informacion_estructura,CABA,Total,6.0,2026-04-19
00044,BANCO HIPOTECARIO S.A.,publico,informacion_estructura,BUENOS AIRES,Total,21.0,2026-04-19
00044,BANCO HIPOTECARIO S.A.,publico,informacion_estructura,CATAMARCA,Total,1.0,2026-04-19
00044,BANCO HIPOTECARIO S.A.,publico,informacion_estructura,CÓRDOBA,Total,10.0,2026-04-19
00044,BANCO HIPOTECARIO S.A.,publico,informacion_estructura,CORRIENTES,Total,1.0,2026-04-19
00044,BANCO HIPOTECARIO S.A.,publico,informacion_estructura,CHACO,Total,2.0,2026-04-19
00044,BANCO HIPOTECARIO S.A.,publico,informacion_estructura,CHUBUT,Total,2.0,2026-04-19
00044,BANCO HIPOTECARIO S.A.,publico,informacion_estructura,ENTRE RÍOS,Total,2.0,2026-04-19
00044,BANCO HIPOTECARIO S.A.,publico,informacion_estructura,FORMOSA,Total,1.0,2026-04-19
00044,BANCO HIPOTECARIO S.A.,publico,informacion_estructura,JUJUY,Total,1.0,2026-04-19
00044,BANCO HIPOTECARIO S.A.,publico,informacion_estructura,LA PAMPA,Total,1.0,2026-04-19
00044,BANCO HIPOTECARIO S.A.,publico,informacion_estructura,LA RIOJA,Total,1.0,2026-04-19
00044,BANCO HIPOTECARIO S.A.,publico,informacion_estructura,MENDOZA,Total,3.0,2026-04-19
00044,BANCO HIPOTECARIO S.A.,publico,informacion_estructura,MISIONES,Total,2.0,2026-04-19
00044,BANCO HIPOTECARIO S.A.,publico,informacion_estructura,NEUQUÉN,Total,1.0,2026-04-19
00044,BANCO HIPOTECARIO S.A.,publico,informacion_estructura,RÍO NEGRO,Total,1.0,2026-04-19
00044,BANCO HIPOTECARIO S.A.,publico,informacion_estructura,SALTA,Total,2.0,2026-04-19
00044,BANCO HIPOTECARIO S.A.,publico,informacion_estructura,SAN JUAN,Total,2.0,2026-04-19
00044,BANCO HIPOTECARIO S.A.,publico,informacion_estructura,SAN LUIS,Total,1.0,2026-04-19
00044,BANCO HIPOTECARIO S.A.,publico,informacion_estructura,SANTA CRUZ,Total,1.0,2026-04-19
00044,BANCO HIPOTECARIO S.A.,publico,informacion_estructura,SANTA FE,Total,7.0,2026-04-19
00044,BANCO HIPOTECARIO S.A.,publico,informacion_estructura,SANTIAGO DEL ESTERO,Total,2.0,2026-04-19
00044,BANCO HIPOTECARIO S.A.,publico,informacion_estructura,TUCUMÁN,Total,5.0,2026-04-19
00044,BANCO HIPOTECARIO S.A.,publico,informacion_estructura,TIERRA DE FUEGO,Total,1.0,2026-04-19
00322,BANCO INDUSTRIAL S.A.,privado_nacional,informacion_estructura,Cantidad de cuentas corrientes,Dic-2023,15347.0,2026-04-19
00322,BANCO INDUSTRIAL S.A.,privado_nacional,informacion_estructura,Cantidad de cuentas de ahorro,Dic-2023,746069.0,2026-04-19
00322,BANCO INDUSTRIAL S.A.,privado_nacional,informacion_estructura,Cantidad de cajas de ahorro de ayuda social,Dic-2023,73415.0,2026-04-19
00322,BANCO INDUSTRIAL S.A.,privado_nacional,informacion_estructura,Cantidad de cuentas previsionales,Dic-2023,300401.0,2026-04-19
00322,BANCO INDUSTRIAL S.A.,privado_nacional,informacion_estructura,Cantidad de operaciones a plazo fijo Individuos,Dic-2023,11506.0,2026-04-19
00322,BANCO INDUSTRIAL S.A.,privado_nacional,informacion_estructura,Cantidad de operaciones a plazo fijo Empresas,Dic-2023,67.0,2026-04-19
00322,BANCO INDUSTRIAL S.A.,privado_nacional,informacion_estructura,Cantidad de operaciones por otros préstamos,Dic-2023,185599.0,2026-04-19
00322,BANCO INDUSTRIAL S.A.,privado_nacional,informacion_estructura,Dotación de personal,Dic-2023,733.0,2026-04-19
00322,BANCO INDUSTRIAL S.A.,privado_nacional,informacion_estructura,Cantidad de titulares por tarjetas de crédito,Dic-2023,7394.0,2026-04-19
00322,BANCO INDUSTRIAL S.A.,privado_nacional,informacion_estructura,Cantidad de tarjetas de crédito (plásticos),Dic-2023,9174.0,2026-04-19
00322,BANCO INDUSTRIAL S.A.,privado_nacional,informacion_estructura,Cantidad de tarjetas de débito,Dic-2023,482453.0,2026-04-19
00322,BANCO INDUSTRIAL S.A.,privado_nacional,informacion_estructura,Cantidad de cuentas corrientes,Dic-2024,19811.0,2026-04-19
00322,BANCO INDUSTRIAL S.A.,privado_nacional,informacion_estructura,Cantidad de cuentas de ahorro,Dic-2024,3869000.0,2026-04-19
00322,BANCO INDUSTRIAL S.A.,privado_nacional,informacion_estructura,Cantidad de cajas de ahorro de ayuda social,Dic-2024,54873.0,2026-04-19
00322,BANCO INDUSTRIAL S.A.,privado_nacional,informacion_estructura,Cantidad de cuentas previsionales,Dic-2024,307225.0,2026-04-19
00322,BANCO INDUSTRIAL S.A.,privado_nacional,informacion_estructura,Cantidad de operaciones a plazo fijo Individuos,Dic-2024,6127.0,2026-04-19
00322,BANCO INDUSTRIAL S.A.,privado_nacional,informacion_estructura,Cantidad de operaciones a plazo fijo Empresas,Dic-2024,113.0,2026-04-19
00322,BANCO INDUSTRIAL S.A.,privado_nacional,informacion_estructura,Cantidad de operaciones por otros préstamos,Dic-2024,237480.0,2026-04-19
00322,BANCO INDUSTRIAL S.A.,privado_nacional,informacion_estructura,Dotación de personal,Dic-2024,709.0,2026-04-19
00322,BANCO INDUSTRIAL S.A.,privado_nacional,informacion_estructura,Cantidad de titulares por tarjetas de crédito,Dic-2024,6890.0,2026-04-19
00322,BANCO INDUSTRIAL S.A.,privado_nacional,informacion_estructura,Cantidad de tarjetas de crédito (plásticos),Dic-2024,9938.0,2026-04-19
00322,BANCO INDUSTRIAL S.A.,privado_nacional,informacion_estructura,Cantidad de tarjetas de débito,Dic-2024,330043.0,2026-04-19
00322,BANCO INDUSTRIAL S.A.,privado_nacional,informacion_estructura,Cantidad de cuentas corrientes,Jun-2025,22215.0,2026-04-19
00322,BANCO INDUSTRIAL S.A.,privado_nacional,informacion_estructura,Cantidad de cuentas de ahorro,Jun-2025,6026639.0,2026-04-19
00322,BANCO INDUSTRIAL S.A.,privado_nacional,informacion_estructura,Cantidad de cajas de ahorro de ayuda social,Jun-2025,54863.0,2026-04-19
00322,BANCO INDUSTRIAL S.A.,privado_nacional,informacion_estructura,Cantidad de cuentas previsionales,Jun-2025,307838.0,2026-04-19
00322,BANCO INDUSTRIAL S.A.,privado_nacional,informacion_estructura,Cantidad de operaciones a plazo fijo Individuos,Jun-2025,5247.0,2026-04-19
00322,BANCO INDUSTRIAL S.A.,privado_nacional,informacion_estructura,Cantidad de operaciones a plazo fijo Empresas,Jun-2025,159.0,2026-04-19
00322,BANCO INDUSTRIAL S.A.,privado_nacional,informacion_estructura,Cantidad de operaciones por otros préstamos,Jun-2025,257765.0,2026-04-19
00322,BANCO INDUSTRIAL S.A.,privado_nacional,informacion_estructura,Dotación de personal,Jun-2025,705.0,2026-04-19
00322,BANCO INDUSTRIAL S.A.,privado_nacional,informacion_estructura,Cantidad de titulares por tarjetas de crédito,Jun-2025,6530.0,2026-04-19
00322,BANCO INDUSTRIAL S.A.,privado_nacional,informacion_estructura,Cantidad de tarjetas de crédito (plásticos),Jun-2025,11527.0,2026-04-19
00322,BANCO INDUSTRIAL S.A.,privado_nacional,informacion_estructura,Cantidad de tarjetas de débito,Jun-2025,326517.0,2026-04-19
00322,BANCO INDUSTRIAL S.A.,privado_nacional,informacion_estructura,Cantidad de cuentas corrientes,Set-2025,22646.0,2026-04-19
00322,BANCO INDUSTRIAL S.A.,privado_nacional,informacion_estructura,Cantidad de cuentas de ahorro,Set-2025,7096736.0,2026-04-19
00322,BANCO INDUSTRIAL S.A.,privado_nacional,informacion_estructura,Cantidad de cajas de ahorro de ayuda social,Set-2025,54863.0,2026-04-19
00322,BANCO INDUSTRIAL S.A.,privado_nacional,informacion_estructura,Cantidad de cuentas previsionales,Set-2025,307838.0,2026-04-19
00322,BANCO INDUSTRIAL S.A.,privado_nacional,informacion_estructura,Cantidad de operaciones a plazo fijo Individuos,Set-2025,5247.0,2026-04-19
00322,BANCO INDUSTRIAL S.A.,privado_nacional,informacion_estructura,Cantidad de operaciones a plazo fijo Empresas,Set-2025,159.0,2026-04-19
00322,BANCO INDUSTRIAL S.A.,privado_nacional,informacion_estructura,Cantidad de operaciones por otros préstamos,Set-2025,243347.0,2026-04-19
00322,BANCO INDUSTRIAL S.A.,privado_nacional,informacion_estructura,Dotación de personal,Set-2025,669.0,2026-04-19
00322,BANCO INDUSTRIAL S.A.,privado_nacional,informacion_estructura,Cantidad de titulares por tarjetas de crédito,Set-2025,6530.0,2026-04-19
00322,BANCO INDUSTRIAL S.A.,privado_nacional,informacion_estructura,Cantidad de tarjetas de crédito (plásticos),Set-2025,9450.0,2026-04-19
00322,BANCO INDUSTRIAL S.A.,privado_nacional,informacion_estructura,Cantidad de tarjetas de débito,Set-2025,329799.0,2026-04-19
00322,BANCO INDUSTRIAL S.A.,privado_nacional,informacion_estructura,Cantidad de cuentas corrientes,Dic-2025,23030.0,2026-04-19
00322,BANCO INDUSTRIAL S.A.,privado_nacional,informacion_estructura,Cantidad de cuentas de ahorro,Dic-2025,7856686.0,2026-04-19
00322,BANCO INDUSTRIAL S.A.,privado_nacional,informacion_estructura,Cantidad de cajas de ahorro de ayuda social,Dic-2025,64.0,2026-04-19
00322,BANCO INDUSTRIAL S.A.,privado_nacional,informacion_estructura,Cantidad de cuentas previsionales,Dic-2025,396.0,2026-04-19
00322,BANCO INDUSTRIAL S.A.,privado_nacional,informacion_estructura,Cantidad de operaciones a plazo fijo Individuos,Dic-2025,5.0,2026-04-19
00322,BANCO INDUSTRIAL S.A.,privado_nacional,informacion_estructura,Cantidad de operaciones a plazo fijo Empresas,Dic-2025,27.0,2026-04-19
00322,BANCO INDUSTRIAL S.A.,privado_nacional,informacion_estructura,Cantidad de operaciones por otros préstamos,Dic-2025,268336.0,2026-04-19
00322,BANCO INDUSTRIAL S.A.,privado_nacional,informacion_estructura,Dotación de personal,Dic-2025,651.0,2026-04-19
00322,BANCO INDUSTRIAL S.A.,privado_nacional,informacion_estructura,Cantidad de titulares por tarjetas de crédito,Dic-2025,6206.0,2026-04-19
00322,BANCO INDUSTRIAL S.A.,privado_nacional,informacion_estructura,Cantidad de tarjetas de crédito (plásticos),Dic-2025,9311.0,2026-04-19
00322,BANCO INDUSTRIAL S.A.,privado_nacional,informacion_estructura,Cantidad de tarjetas de débito,Dic-2025,328900.0,2026-04-19
00322,BANCO INDUSTRIAL S.A.,privado_nacional,informacion_estructura,Cantidad de Cuentas,Dic-2023,1350.0,2026-04-19
00322,BANCO INDUSTRIAL S.A.,privado_nacional,informacion_estructura,Cantidad de Empresas,Dic-2023,148.0,2026-04-19
00322,BANCO INDUSTRIAL S.A.,privado_nacional,informacion_estructura,Cantidad de Cuentas,Dic-2024,1796.0,2026-04-19
00322,BANCO INDUSTRIAL S.A.,privado_nacional,informacion_estructura,Cantidad de Empresas,Dic-2024,160.0,2026-04-19
00322,BANCO INDUSTRIAL S.A.,privado_nacional,informacion_estructura,Cantidad de Cuentas,Nov-2025,1488.0,2026-04-19
00322,BANCO INDUSTRIAL S.A.,privado_nacional,informacion_estructura,Cantidad de Empresas,Nov-2025,117.0,2026-04-19
00322,BANCO INDUSTRIAL S.A.,privado_nacional,informacion_estructura,Cantidad de Cuentas,Dic-2025,1543.0,2026-04-19
00322,BANCO INDUSTRIAL S.A.,privado_nacional,informacion_estructura,Cantidad de Empresas,Dic-2025,122.0,2026-04-19
00322,BANCO INDUSTRIAL S.A.,privado_nacional,informacion_estructura,Cantidad de Cuentas,Ene-2026,1484.0,2026-04-19
00322,BANCO INDUSTRIAL S.A.,privado_nacional,informacion_estructura,Cantidad de Empresas,Ene-2026,115.0,2026-04-19
00322,BANCO INDUSTRIAL S.A.,privado_nacional,informacion_estructura,CABA,Habilitadas,3.0,2026-04-19
00322,BANCO INDUSTRIAL S.A.,privado_nacional,informacion_estructura,BUENOS AIRES,Habilitadas,25.0,2026-04-19
00322,BANCO INDUSTRIAL S.A.,privado_nacional,informacion_estructura,CÓRDOBA,Habilitadas,2.0,2026-04-19
00322,BANCO INDUSTRIAL S.A.,privado_nacional,informacion_estructura,MENDOZA,Habilitadas,1.0,2026-04-19
00322,BANCO INDUSTRIAL S.A.,privado_nacional,informacion_estructura,SALTA,Habilitadas,1.0,2026-04-19
00322,BANCO INDUSTRIAL S.A.,privado_nacional,informacion_estructura,SANTA FE,Habilitadas,1.0,2026-04-19
00322,BANCO INDUSTRIAL S.A.,privado_nacional,informacion_estructura,TUCUMÁN,Habilitadas,2.0,2026-04-19
00322,BANCO INDUSTRIAL S.A.,privado_nacional,informacion_estructura,CABA,Habilitadas,,2026-04-19
00322,BANCO INDUSTRIAL S.A.,privado_nacional,informacion_estructura,BUENOS AIRES,Habilitadas,,2026-04-19
00322,BANCO INDUSTRIAL S.A.,privado_nacional,informacion_estructura,CÓRDOBA,Habilitadas,,2026-04-19
00322,BANCO INDUSTRIAL S.A.,privado_nacional,informacion_estructura,MENDOZA,Habilitadas,,2026-04-19
00322,BANCO INDUSTRIAL S.A.,privado_nacional,informacion_estructura,SALTA,Habilitadas,,2026-04-19
00322,BANCO INDUSTRIAL S.A.,privado_nacional,informacion_estructura,SANTA FE,Habilitadas,,2026-04-19
00322,BANCO INDUSTRIAL S.A.,privado_nacional,informacion_estructura,TUCUMÁN,Habilitadas,,2026-04-19
00322,BANCO INDUSTRIAL S.A.,privado_nacional,informacion_estructura,CABA,Habilitadas,,2026-04-19
00322,BANCO INDUSTRIAL S.A.,privado_nacional,informacion_estructura,BUENOS AIRES,Habilitadas,,2026-04-19
00322,BANCO INDUSTRIAL S.A.,privado_nacional,informacion_estructura,CÓRDOBA,Habilitadas,,2026-04-19
00322,BANCO INDUSTRIAL S.A.,privado_nacional,informacion_estructura,MENDOZA,Habilitadas,,2026-04-19
00322,BANCO INDUSTRIAL S.A.,privado_nacional,informacion_estructura,SALTA,Habilitadas,,2026-04-19
00322,BANCO INDUSTRIAL S.A.,privado_nacional,informacion_estructura,SANTA FE,Habilitadas,,2026-04-19
00322,BANCO INDUSTRIAL S.A.,privado_nacional,informacion_estructura,TUCUMÁN,Habilitadas,,2026-04-19
00322,BANCO INDUSTRIAL S.A.,privado_nacional,informacion_estructura,CABA,Habilitadas,7.0,2026-04-19
00322,BANCO INDUSTRIAL S.A.,privado_nacional,informacion_estructura,BUENOS AIRES,Habilitadas,57.0,2026-04-19
00322,BANCO INDUSTRIAL S.A.,privado_nacional,informacion_estructura,CÓRDOBA,Habilitadas,5.0,2026-04-19
00322,BANCO INDUSTRIAL S.A.,privado_nacional,informacion_estructura,MENDOZA,Habilitadas,1.0,2026-04-19
00322,BANCO INDUSTRIAL S.A.,privado_nacional,informacion_estructura,SALTA,Habilitadas,2.0,2026-04-19
00322,BANCO INDUSTRIAL S.A.,privado_nacional,informacion_estructura,SANTA FE,Habilitadas,2.0,2026-04-19
00322,BANCO INDUSTRIAL S.A.,privado_nacional,informacion_estructura,TUCUMÁN,Habilitadas,9.0,2026-04-19
00322,BANCO INDUSTRIAL S.A.,privado_nacional,informacion_estructura,CABA,Habilitadas,,2026-04-19
00322,BANCO INDUSTRIAL S.A.,privado_nacional,informacion_estructura,BUENOS AIRES,Habilitadas,,2026-04-19
00322,BANCO INDUSTRIAL S.A.,privado_nacional,informacion_estructura,CÓRDOBA,Habilitadas,,2026-04-19
00322,BANCO INDUSTRIAL S.A.,privado_nacional,informacion_estructura,MENDOZA,Habilitadas,,2026-04-19
00322,BANCO INDUSTRIAL S.A.,privado_nacional,informacion_estructura,SALTA,Habilitadas,,2026-04-19
00322,BANCO INDUSTRIAL S.A.,privado_nacional,informacion_estructura,SANTA FE,Habilitadas,,2026-04-19
00322,BANCO INDUSTRIAL S.A.,privado_nacional,informacion_estructura,TUCUMÁN,Habilitadas,,2026-04-19
00322,BANCO INDUSTRIAL S.A.,privado_nacional,informacion_estructura,CABA,Habilitadas,,2026-04-19
00322,BANCO INDUSTRIAL S.A.,privado_nacional,informacion_estructura,BUENOS AIRES,Habilitadas,,2026-04-19
00322,BANCO INDUSTRIAL S.A.,privado_nacional,informacion_estructura,CÓRDOBA,Habilitadas,,2026-04-19
00322,BANCO INDUSTRIAL S.A.,privado_nacional,informacion_estructura,MENDOZA,Habilitadas,,2026-04-19
00322,BANCO INDUSTRIAL S.A.,privado_nacional,informacion_estructura,SALTA,Habilitadas,,2026-04-19
00322,BANCO INDUSTRIAL S.A.,privado_nacional,informacion_estructura,SANTA FE,Habilitadas,,2026-04-19
00322,BANCO INDUSTRIAL S.A.,privado_nacional,informacion_estructura,TUCUMÁN,Habilitadas,,2026-04-19
00322,BANCO INDUSTRIAL S.A.,privado_nacional,informacion_estructura,CABA,Habilitadas,,2026-04-19
00322,BANCO INDUSTRIAL S.A.,privado_nacional,informacion_estructura,BUENOS AIRES,Habilitadas,1.0,2026-04-19
00322,BANCO INDUSTRIAL S.A.,privado_nacional,informacion_estructura,CÓRDOBA,Habilitadas,,2026-04-19
00322,BANCO INDUSTRIAL S.A.,privado_nacional,informacion_estructura,MENDOZA,Habilitadas,,2026-04-19
00322,BANCO INDUSTRIAL S.A.,privado_nacional,informacion_estructura,SALTA,Habilitadas,,2026-04-19
00322,BANCO INDUSTRIAL S.A.,privado_nacional,informacion_estructura,SANTA FE,Habilitadas,,2026-04-19
00322,BANCO INDUSTRIAL S.A.,privado_nacional,informacion_estructura,TUCUMÁN,Habilitadas,,2026-04-19
00322,BANCO INDUSTRIAL S.A.,privado_nacional,informacion_estructura,CABA,Pendientes de habilitación,,2026-04-19
00322,BANCO INDUSTRIAL S.A.,privado_nacional,informacion_estructura,BUENOS AIRES,Pendientes de habilitación,,2026-04-19
00322,BANCO INDUSTRIAL S.A.,privado_nacional,informacion_estructura,CÓRDOBA,Pendientes de habilitación,,2026-04-19
00322,BANCO INDUSTRIAL S.A.,privado_nacional,informacion_estructura,MENDOZA,Pendientes de habilitación,,2026-04-19
00322,BANCO INDUSTRIAL S.A.,privado_nacional,informacion_estructura,SALTA,Pendientes de habilitación,,2026-04-19
00322,BANCO INDUSTRIAL S.A.,privado_nacional,informacion_estructura,SANTA FE,Pendientes de habilitación,,2026-04-19
00322,BANCO INDUSTRIAL S.A.,privado_nacional,informacion_estructura,TUCUMÁN,Pendientes de habilitación,,2026-04-19
00322,BANCO INDUSTRIAL S.A.,privado_nacional,informacion_estructura,CABA,Total,3.0,2026-04-19
00322,BANCO INDUSTRIAL S.A.,privado_nacional,informacion_estructura,BUENOS AIRES,Total,25.0,2026-04-19
00322,BANCO INDUSTRIAL S.A.,privado_nacional,informacion_estructura,CÓRDOBA,Total,2.0,2026-04-19
00322,BANCO INDUSTRIAL S.A.,privado_nacional,informacion_estructura,MENDOZA,Total,1.0,2026-04-19
00322,BANCO INDUSTRIAL S.A.,privado_nacional,informacion_estructura,SALTA,Total,1.0,2026-04-19
00322,BANCO INDUSTRIAL S.A.,privado_nacional,informacion_estructura,SANTA FE,Total,1.0,2026-04-19
00322,BANCO INDUSTRIAL S.A.,privado_nacional,informacion_estructura,TUCUMÁN,Total,2.0,2026-04-19
00305,BANCO JULIO SOCIEDAD ANONIMA,privado_nacional,informacion_estructura,Cantidad de cuentas corrientes,Dic-2023,516.0,2026-04-19
00305,BANCO JULIO SOCIEDAD ANONIMA,privado_nacional,informacion_estructura,Cantidad de cuentas de ahorro,Dic-2023,797.0,2026-04-19
00305,BANCO JULIO SOCIEDAD ANONIMA,privado_nacional,informacion_estructura,Cantidad de operaciones a plazo fijo Individuos,Dic-2023,69.0,2026-04-19
00305,BANCO JULIO SOCIEDAD ANONIMA,privado_nacional,informacion_estructura,Cantidad de operaciones a plazo fijo Empresas,Dic-2023,53.0,2026-04-19
00305,BANCO JULIO SOCIEDAD ANONIMA,privado_nacional,informacion_estructura,Cantidad de operaciones por préstamos hipotecarios,Dic-2023,2.0,2026-04-19
00305,BANCO JULIO SOCIEDAD ANONIMA,privado_nacional,informacion_estructura,Cantidad de operaciones por préstamos prendarios,Dic-2023,5.0,2026-04-19
00305,BANCO JULIO SOCIEDAD ANONIMA,privado_nacional,informacion_estructura,Cantidad de operaciones por otros préstamos,Dic-2023,757.0,2026-04-19
00305,BANCO JULIO SOCIEDAD ANONIMA,privado_nacional,informacion_estructura,Dotación de personal,Dic-2023,79.0,2026-04-19
00305,BANCO JULIO SOCIEDAD ANONIMA,privado_nacional,informacion_estructura,Cantidad de cuentas corrientes,Dic-2024,510.0,2026-04-19
00305,BANCO JULIO SOCIEDAD ANONIMA,privado_nacional,informacion_estructura,Cantidad de cuentas de ahorro,Dic-2024,819.0,2026-04-19
00305,BANCO JULIO SOCIEDAD ANONIMA,privado_nacional,informacion_estructura,Cantidad de operaciones a plazo fijo Individuos,Dic-2024,105.0,2026-04-19
00305,BANCO JULIO SOCIEDAD ANONIMA,privado_nacional,informacion_estructura,Cantidad de operaciones a plazo fijo Empresas,Dic-2024,40.0,2026-04-19
00305,BANCO JULIO SOCIEDAD ANONIMA,privado_nacional,informacion_estructura,Cantidad de operaciones por préstamos hipotecarios,Dic-2024,2.0,2026-04-19
00305,BANCO JULIO SOCIEDAD ANONIMA,privado_nacional,informacion_estructura,Cantidad de operaciones por préstamos prendarios,Dic-2024,4.0,2026-04-19
00305,BANCO JULIO SOCIEDAD ANONIMA,privado_nacional,informacion_estructura,Cantidad de operaciones por otros préstamos,Dic-2024,634.0,2026-04-19
00305,BANCO JULIO SOCIEDAD ANONIMA,privado_nacional,informacion_estructura,Dotación de personal,Dic-2024,83.0,2026-04-19
00305,BANCO JULIO SOCIEDAD ANONIMA,privado_nacional,informacion_estructura,Cantidad de cuentas corrientes,Jun-2025,494.0,2026-04-19
00305,BANCO JULIO SOCIEDAD ANONIMA,privado_nacional,informacion_estructura,Cantidad de cuentas de ahorro,Jun-2025,785.0,2026-04-19
00305,BANCO JULIO SOCIEDAD ANONIMA,privado_nacional,informacion_estructura,Cantidad de operaciones a plazo fijo Individuos,Jun-2025,71.0,2026-04-19
00305,BANCO JULIO SOCIEDAD ANONIMA,privado_nacional,informacion_estructura,Cantidad de operaciones a plazo fijo Empresas,Jun-2025,35.0,2026-04-19
00305,BANCO JULIO SOCIEDAD ANONIMA,privado_nacional,informacion_estructura,Cantidad de operaciones por préstamos hipotecarios,Jun-2025,2.0,2026-04-19
00305,BANCO JULIO SOCIEDAD ANONIMA,privado_nacional,informacion_estructura,Cantidad de operaciones por préstamos prendarios,Jun-2025,4.0,2026-04-19
00305,BANCO JULIO SOCIEDAD ANONIMA,privado_nacional,informacion_estructura,Cantidad de operaciones por otros préstamos,Jun-2025,665.0,2026-04-19
00305,BANCO JULIO SOCIEDAD ANONIMA,privado_nacional,informacion_estructura,Dotación de personal,Jun-2025,81.0,2026-04-19
00305,BANCO JULIO SOCIEDAD ANONIMA,privado_nacional,informacion_estructura,Cantidad de cuentas corrientes,Set-2025,508.0,2026-04-19
00305,BANCO JULIO SOCIEDAD ANONIMA,privado_nacional,informacion_estructura,Cantidad de cuentas de ahorro,Set-2025,803.0,2026-04-19
00305,BANCO JULIO SOCIEDAD ANONIMA,privado_nacional,informacion_estructura,Cantidad de operaciones a plazo fijo Individuos,Set-2025,68.0,2026-04-19
00305,BANCO JULIO SOCIEDAD ANONIMA,privado_nacional,informacion_estructura,Cantidad de operaciones a plazo fijo Empresas,Set-2025,45.0,2026-04-19
00305,BANCO JULIO SOCIEDAD ANONIMA,privado_nacional,informacion_estructura,Cantidad de operaciones por préstamos hipotecarios,Set-2025,2.0,2026-04-19
00305,BANCO JULIO SOCIEDAD ANONIMA,privado_nacional,informacion_estructura,Cantidad de operaciones por préstamos prendarios,Set-2025,5.0,2026-04-19
00305,BANCO JULIO SOCIEDAD ANONIMA,privado_nacional,informacion_estructura,Cantidad de operaciones por otros préstamos,Set-2025,649.0,2026-04-19
00305,BANCO JULIO SOCIEDAD ANONIMA,privado_nacional,informacion_estructura,Dotación de personal,Set-2025,82.0,2026-04-19
00305,BANCO JULIO SOCIEDAD ANONIMA,privado_nacional,informacion_estructura,Cantidad de cuentas corrientes,Dic-2025,519.0,2026-04-19
00305,BANCO JULIO SOCIEDAD ANONIMA,privado_nacional,informacion_estructura,Cantidad de cuentas de ahorro,Dic-2025,802.0,2026-04-19
00305,BANCO JULIO SOCIEDAD ANONIMA,privado_nacional,informacion_estructura,Cantidad de operaciones a plazo fijo Individuos,Dic-2025,81.0,2026-04-19
00305,BANCO JULIO SOCIEDAD ANONIMA,privado_nacional,informacion_estructura,Cantidad de operaciones a plazo fijo Empresas,Dic-2025,50.0,2026-04-19
00305,BANCO JULIO SOCIEDAD ANONIMA,privado_nacional,informacion_estructura,Cantidad de operaciones por préstamos hipotecarios,Dic-2025,3.0,2026-04-19
00305,BANCO JULIO SOCIEDAD ANONIMA,privado_nacional,informacion_estructura,Cantidad de operaciones por préstamos prendarios,Dic-2025,11.0,2026-04-19
00305,BANCO JULIO SOCIEDAD ANONIMA,privado_nacional,informacion_estructura,Cantidad de operaciones por otros préstamos,Dic-2025,630.0,2026-04-19
00305,BANCO JULIO SOCIEDAD ANONIMA,privado_nacional,informacion_estructura,Dotación de personal,Dic-2025,83.0,2026-04-19
00305,BANCO JULIO SOCIEDAD ANONIMA,privado_nacional,informacion_estructura,CABA,Habilitadas,1.0,2026-04-19
00305,BANCO JULIO SOCIEDAD ANONIMA,privado_nacional,informacion_estructura,CÓRDOBA,Habilitadas,1.0,2026-04-19
00305,BANCO JULIO SOCIEDAD ANONIMA,privado_nacional,informacion_estructura,CABA,Habilitadas,,2026-04-19
00305,BANCO JULIO SOCIEDAD ANONIMA,privado_nacional,informacion_estructura,CÓRDOBA,Habilitadas,,2026-04-19
00305,BANCO JULIO SOCIEDAD ANONIMA,privado_nacional,informacion_estructura,CABA,Habilitadas,,2026-04-19
00305,BANCO JULIO SOCIEDAD ANONIMA,privado_nacional,informacion_estructura,CÓRDOBA,Habilitadas,,2026-04-19
00305,BANCO JULIO SOCIEDAD ANONIMA,privado_nacional,informacion_estructura,CABA,Habilitadas,,2026-04-19
00305,BANCO JULIO SOCIEDAD ANONIMA,privado_nacional,informacion_estructura,CÓRDOBA,Habilitadas,,2026-04-19
00305,BANCO JULIO SOCIEDAD ANONIMA,privado_nacional,informacion_estructura,CABA,Habilitadas,,2026-04-19
00305,BANCO JULIO SOCIEDAD ANONIMA,privado_nacional,informacion_estructura,CÓRDOBA,Habilitadas,,2026-04-19
00305,BANCO JULIO SOCIEDAD ANONIMA,privado_nacional,informacion_estructura,CABA,Habilitadas,,2026-04-19
00305,BANCO JULIO SOCIEDAD ANONIMA,privado_nacional,informacion_estructura,CÓRDOBA,Habilitadas,,2026-04-19
00305,BANCO JULIO SOCIEDAD ANONIMA,privado_nacional,informacion_estructura,CABA,Habilitadas,,2026-04-19
00305,BANCO JULIO SOCIEDAD ANONIMA,privado_nacional,informacion_estructura,CÓRDOBA,Habilitadas,,2026-04-19
00305,BANCO JULIO SOCIEDAD ANONIMA,privado_nacional,informacion_estructura,CABA,Pendientes de habilitación,,2026-04-19
00305,BANCO JULIO SOCIEDAD ANONIMA,privado_nacional,informacion_estructura,CÓRDOBA,Pendientes de habilitación,,2026-04-19
00305,BANCO JULIO SOCIEDAD ANONIMA,privado_nacional,informacion_estructura,CABA,Total,1.0,2026-04-19
00305,BANCO JULIO SOCIEDAD ANONIMA,privado_nacional,informacion_estructura,CÓRDOBA,Total,1.0,2026-04-19
00285,BANCO MACRO S.A.,privado_nacional,informacion_estructura,Cantidad de cuentas corrientes,Dic-2023,746832.0,2026-04-19
00285,BANCO MACRO S.A.,privado_nacional,informacion_estructura,Cantidad de cuentas de ahorro,Dic-2023,5910030.0,2026-04-19
00285,BANCO MACRO S.A.,privado_nacional,informacion_estructura,Cantidad de cajas de ahorro de ayuda social,Dic-2023,1004303.0,2026-04-19
00285,BANCO MACRO S.A.,privado_nacional,informacion_estructura,Cantidad de cuentas previsionales,Dic-2023,1153933.0,2026-04-19
00285,BANCO MACRO S.A.,privado_nacional,informacion_estructura,Cantidad de operaciones a plazo fijo Individuos,Dic-2023,503560.0,2026-04-19
00285,BANCO MACRO S.A.,privado_nacional,informacion_estructura,Cantidad de operaciones a plazo fijo Empresas,Dic-2023,16751.0,2026-04-19
00285,BANCO MACRO S.A.,privado_nacional,informacion_estructura,Cantidad de operaciones por préstamos hipotecarios,Dic-2023,81220.0,2026-04-19
00285,BANCO MACRO S.A.,privado_nacional,informacion_estructura,Cantidad de operaciones por préstamos prendarios,Dic-2023,6165.0,2026-04-19
00285,BANCO MACRO S.A.,privado_nacional,informacion_estructura,Cantidad de operaciones por otros préstamos,Dic-2023,3421797.0,2026-04-19
00285,BANCO MACRO S.A.,privado_nacional,informacion_estructura,Dotación de personal,Dic-2023,7605.0,2026-04-19
00285,BANCO MACRO S.A.,privado_nacional,informacion_estructura,Cantidad de titulares por tarjetas de crédito,Dic-2023,1770458.0,2026-04-19
00285,BANCO MACRO S.A.,privado_nacional,informacion_estructura,Cantidad de tarjetas de crédito (plásticos),Dic-2023,2923806.0,2026-04-19
00285,BANCO MACRO S.A.,privado_nacional,informacion_estructura,Cantidad de tarjetas de débito,Dic-2023,5645190.0,2026-04-19
00285,BANCO MACRO S.A.,privado_nacional,informacion_estructura,Cantidad de cuentas corrientes,Dic-2024,877661.0,2026-04-19
00285,BANCO MACRO S.A.,privado_nacional,informacion_estructura,Cantidad de cuentas de ahorro,Dic-2024,7488943.0,2026-04-19
00285,BANCO MACRO S.A.,privado_nacional,informacion_estructura,Cantidad de cajas de ahorro de ayuda social,Dic-2024,1066102.0,2026-04-19
00285,BANCO MACRO S.A.,privado_nacional,informacion_estructura,Cantidad de cuentas previsionales,Dic-2024,1248656.0,2026-04-19
00285,BANCO MACRO S.A.,privado_nacional,informacion_estructura,Cantidad de operaciones a plazo fijo Individuos,Dic-2024,342981.0,2026-04-19
00285,BANCO MACRO S.A.,privado_nacional,informacion_estructura,Cantidad de operaciones a plazo fijo Empresas,Dic-2024,15636.0,2026-04-19
00285,BANCO MACRO S.A.,privado_nacional,informacion_estructura,Cantidad de operaciones por préstamos hipotecarios,Dic-2024,79305.0,2026-04-19
00285,BANCO MACRO S.A.,privado_nacional,informacion_estructura,Cantidad de operaciones por préstamos prendarios,Dic-2024,6370.0,2026-04-19
00285,BANCO MACRO S.A.,privado_nacional,informacion_estructura,Cantidad de operaciones por otros préstamos,Dic-2024,4130965.0,2026-04-19
00285,BANCO MACRO S.A.,privado_nacional,informacion_estructura,Dotación de personal,Dic-2024,8788.0,2026-04-19
00285,BANCO MACRO S.A.,privado_nacional,informacion_estructura,Cantidad de titulares por tarjetas de crédito,Dic-2024,1880825.0,2026-04-19
00285,BANCO MACRO S.A.,privado_nacional,informacion_estructura,Cantidad de tarjetas de crédito (plásticos),Dic-2024,3325651.0,2026-04-19
00285,BANCO MACRO S.A.,privado_nacional,informacion_estructura,Cantidad de tarjetas de débito,Dic-2024,7208047.0,2026-04-19
00285,BANCO MACRO S.A.,privado_nacional,informacion_estructura,Cantidad de cuentas corrientes,Jun-2025,884228.0,2026-04-19
00285,BANCO MACRO S.A.,privado_nacional,informacion_estructura,Cantidad de cuentas de ahorro,Jun-2025,8700632.0,2026-04-19
00285,BANCO MACRO S.A.,privado_nacional,informacion_estructura,Cantidad de cajas de ahorro de ayuda social,Jun-2025,1079917.0,2026-04-19
00285,BANCO MACRO S.A.,privado_nacional,informacion_estructura,Cantidad de cuentas previsionales,Jun-2025,1262370.0,2026-04-19
00285,BANCO MACRO S.A.,privado_nacional,informacion_estructura,Cantidad de operaciones a plazo fijo Individuos,Jun-2025,377087.0,2026-04-19
00285,BANCO MACRO S.A.,privado_nacional,informacion_estructura,Cantidad de operaciones a plazo fijo Empresas,Jun-2025,19729.0,2026-04-19
00285,BANCO MACRO S.A.,privado_nacional,informacion_estructura,Cantidad de operaciones por préstamos hipotecarios,Jun-2025,78890.0,2026-04-19
00285,BANCO MACRO S.A.,privado_nacional,informacion_estructura,Cantidad de operaciones por préstamos prendarios,Jun-2025,6801.0,2026-04-19
00285,BANCO MACRO S.A.,privado_nacional,informacion_estructura,Cantidad de operaciones por otros préstamos,Jun-2025,4390418.0,2026-04-19
00285,BANCO MACRO S.A.,privado_nacional,informacion_estructura,Dotación de personal,Jun-2025,8649.0,2026-04-19
00285,BANCO MACRO S.A.,privado_nacional,informacion_estructura,Cantidad de titulares por tarjetas de crédito,Jun-2025,2110984.0,2026-04-19
00285,BANCO MACRO S.A.,privado_nacional,informacion_estructura,Cantidad de tarjetas de crédito (plásticos),Jun-2025,3435797.0,2026-04-19
00285,BANCO MACRO S.A.,privado_nacional,informacion_estructura,Cantidad de tarjetas de débito,Jun-2025,6503233.0,2026-04-19
00285,BANCO MACRO S.A.,privado_nacional,informacion_estructura,Cantidad de cuentas corrientes,Set-2025,890058.0,2026-04-19
00285,BANCO MACRO S.A.,privado_nacional,informacion_estructura,Cantidad de cuentas de ahorro,Set-2025,8804222.0,2026-04-19
00285,BANCO MACRO S.A.,privado_nacional,informacion_estructura,Cantidad de cajas de ahorro de ayuda social,Set-2025,1081585.0,2026-04-19
00285,BANCO MACRO S.A.,privado_nacional,informacion_estructura,Cantidad de cuentas previsionales,Set-2025,1276953.0,2026-04-19
00285,BANCO MACRO S.A.,privado_nacional,informacion_estructura,Cantidad de operaciones a plazo fijo Individuos,Set-2025,432403.0,2026-04-19
00285,BANCO MACRO S.A.,privado_nacional,informacion_estructura,Cantidad de operaciones a plazo fijo Empresas,Set-2025,26348.0,2026-04-19
00285,BANCO MACRO S.A.,privado_nacional,informacion_estructura,Cantidad de operaciones por préstamos hipotecarios,Set-2025,78974.0,2026-04-19
00285,BANCO MACRO S.A.,privado_nacional,informacion_estructura,Cantidad de operaciones por préstamos prendarios,Set-2025,6695.0,2026-04-19
00285,BANCO MACRO S.A.,privado_nacional,informacion_estructura,Cantidad de operaciones por otros préstamos,Set-2025,4402823.0,2026-04-19
00285,BANCO MACRO S.A.,privado_nacional,informacion_estructura,Dotación de personal,Set-2025,8575.0,2026-04-19
00285,BANCO MACRO S.A.,privado_nacional,informacion_estructura,Cantidad de titulares por tarjetas de crédito,Set-2025,2112573.0,2026-04-19
00285,BANCO MACRO S.A.,privado_nacional,informacion_estructura,Cantidad de tarjetas de crédito (plásticos),Set-2025,3407826.0,2026-04-19
00285,BANCO MACRO S.A.,privado_nacional,informacion_estructura,Cantidad de tarjetas de débito,Set-2025,6537504.0,2026-04-19
00285,BANCO MACRO S.A.,privado_nacional,informacion_estructura,Cantidad de cuentas corrientes,Dic-2025,890053.0,2026-04-19
00285,BANCO MACRO S.A.,privado_nacional,informacion_estructura,Cantidad de cuentas de ahorro,Dic-2025,8812189.0,2026-04-19
00285,BANCO MACRO S.A.,privado_nacional,informacion_estructura,Cantidad de cajas de ahorro de ayuda social,Dic-2025,1086197.0,2026-04-19
00285,BANCO MACRO S.A.,privado_nacional,informacion_estructura,Cantidad de cuentas previsionales,Dic-2025,1297255.0,2026-04-19
00285,BANCO MACRO S.A.,privado_nacional,informacion_estructura,Cantidad de operaciones a plazo fijo Individuos,Dic-2025,368826.0,2026-04-19
00285,BANCO MACRO S.A.,privado_nacional,informacion_estructura,Cantidad de operaciones a plazo fijo Empresas,Dic-2025,22368.0,2026-04-19
00285,BANCO MACRO S.A.,privado_nacional,informacion_estructura,Cantidad de operaciones por préstamos hipotecarios,Dic-2025,78634.0,2026-04-19
00285,BANCO MACRO S.A.,privado_nacional,informacion_estructura,Cantidad de operaciones por préstamos prendarios,Dic-2025,6568.0,2026-04-19
00285,BANCO MACRO S.A.,privado_nacional,informacion_estructura,Cantidad de operaciones por otros préstamos,Dic-2025,4396405.0,2026-04-19
00285,BANCO MACRO S.A.,privado_nacional,informacion_estructura,Dotación de personal,Dic-2025,8245.0,2026-04-19
00285,BANCO MACRO S.A.,privado_nacional,informacion_estructura,Cantidad de titulares por tarjetas de crédito,Dic-2025,2081728.0,2026-04-19
00285,BANCO MACRO S.A.,privado_nacional,informacion_estructura,Cantidad de tarjetas de crédito (plásticos),Dic-2025,3373794.0,2026-04-19
00285,BANCO MACRO S.A.,privado_nacional,informacion_estructura,Cantidad de tarjetas de débito,Dic-2025,6638673.0,2026-04-19
00285,BANCO MACRO S.A.,privado_nacional,informacion_estructura,Cantidad de Cuentas,Dic-2023,1048171.0,2026-04-19
00285,BANCO MACRO S.A.,privado_nacional,informacion_estructura,Cantidad de Empresas,Dic-2023,36659.0,2026-04-19
00285,BANCO MACRO S.A.,privado_nacional,informacion_estructura,Cantidad de Cuentas,Dic-2024,1132891.0,2026-04-19
00285,BANCO MACRO S.A.,privado_nacional,informacion_estructura,Cantidad de Empresas,Dic-2024,46252.0,2026-04-19
00285,BANCO MACRO S.A.,privado_nacional,informacion_estructura,Cantidad de Cuentas,Nov-2025,991403.0,2026-04-19
00285,BANCO MACRO S.A.,privado_nacional,informacion_estructura,Cantidad de Empresas,Nov-2025,45391.0,2026-04-19
00285,BANCO MACRO S.A.,privado_nacional,informacion_estructura,Cantidad de Cuentas,Dic-2025,1133456.0,2026-04-19
00285,BANCO MACRO S.A.,privado_nacional,informacion_estructura,Cantidad de Empresas,Dic-2025,49266.0,2026-04-19
00285,BANCO MACRO S.A.,privado_nacional,informacion_estructura,Cantidad de Cuentas,Ene-2026,1088707.0,2026-04-19
00285,BANCO MACRO S.A.,privado_nacional,informacion_estructura,Cantidad de Empresas,Ene-2026,46079.0,2026-04-19
00285,BANCO MACRO S.A.,privado_nacional,informacion_estructura,CABA,Habilitadas,30.0,2026-04-19
00285,BANCO MACRO S.A.,privado_nacional,informacion_estructura,BUENOS AIRES,Habilitadas,67.0,2026-04-19
00285,BANCO MACRO S.A.,privado_nacional,informacion_estructura,CATAMARCA,Habilitadas,1.0,2026-04-19
00285,BANCO MACRO S.A.,privado_nacional,informacion_estructura,CÓRDOBA,Habilitadas,70.0,2026-04-19
00285,BANCO MACRO S.A.,privado_nacional,informacion_estructura,CORRIENTES,Habilitadas,4.0,2026-04-19
00285,BANCO MACRO S.A.,privado_nacional,informacion_estructura,CHACO,Habilitadas,2.0,2026-04-19
00285,BANCO MACRO S.A.,privado_nacional,informacion_estructura,CHUBUT,Habilitadas,6.0,2026-04-19
00285,BANCO MACRO S.A.,privado_nacional,informacion_estructura,ENTRE RÍOS,Habilitadas,8.0,2026-04-19
00285,BANCO MACRO S.A.,privado_nacional,informacion_estructura,JUJUY,Habilitadas,16.0,2026-04-19
00285,BANCO MACRO S.A.,privado_nacional,informacion_estructura,LA PAMPA,Habilitadas,2.0,2026-04-19
00285,BANCO MACRO S.A.,privado_nacional,informacion_estructura,LA RIOJA,Habilitadas,2.0,2026-04-19
00285,BANCO MACRO S.A.,privado_nacional,informacion_estructura,MENDOZA,Habilitadas,14.0,2026-04-19
00285,BANCO MACRO S.A.,privado_nacional,informacion_estructura,MISIONES,Habilitadas,34.0,2026-04-19
00285,BANCO MACRO S.A.,privado_nacional,informacion_estructura,NEUQUÉN,Habilitadas,5.0,2026-04-19
00285,BANCO MACRO S.A.,privado_nacional,informacion_estructura,RÍO NEGRO,Habilitadas,6.0,2026-04-19
00285,BANCO MACRO S.A.,privado_nacional,informacion_estructura,SALTA,Habilitadas,37.0,2026-04-19
00285,BANCO MACRO S.A.,privado_nacional,informacion_estructura,SAN JUAN,Habilitadas,1.0,2026-04-19
00285,BANCO MACRO S.A.,privado_nacional,informacion_estructura,SAN LUIS,Habilitadas,2.0,2026-04-19
00285,BANCO MACRO S.A.,privado_nacional,informacion_estructura,SANTA CRUZ,Habilitadas,2.0,2026-04-19
00285,BANCO MACRO S.A.,privado_nacional,informacion_estructura,SANTA FE,Habilitadas,105.0,2026-04-19
00285,BANCO MACRO S.A.,privado_nacional,informacion_estructura,SANTIAGO DEL ESTERO,Habilitadas,2.0,2026-04-19
00285,BANCO MACRO S.A.,privado_nacional,informacion_estructura,TUCUMAN,Habilitadas,,2026-04-19
00285,BANCO MACRO S.A.,privado_nacional,informacion_estructura,TUCUMÁN,Habilitadas,43.0,2026-04-19
00285,BANCO MACRO S.A.,privado_nacional,informacion_estructura,TIERRA DE FUEGO,Habilitadas,2.0,2026-04-19
00285,BANCO MACRO S.A.,privado_nacional,informacion_estructura,CABA,Habilitadas,,2026-04-19
00285,BANCO MACRO S.A.,privado_nacional,informacion_estructura,BUENOS AIRES,Habilitadas,,2026-04-19
00285,BANCO MACRO S.A.,privado_nacional,informacion_estructura,CATAMARCA,Habilitadas,,2026-04-19
00285,BANCO MACRO S.A.,privado_nacional,informacion_estructura,CÓRDOBA,Habilitadas,,2026-04-19
00285,BANCO MACRO S.A.,privado_nacional,informacion_estructura,CORRIENTES,Habilitadas,,2026-04-19
00285,BANCO MACRO S.A.,privado_nacional,informacion_estructura,CHACO,Habilitadas,,2026-04-19
00285,BANCO MACRO S.A.,privado_nacional,informacion_estructura,CHUBUT,Habilitadas,,2026-04-19
00285,BANCO MACRO S.A.,privado_nacional,informacion_estructura,ENTRE RÍOS,Habilitadas,,2026-04-19
00285,BANCO MACRO S.A.,privado_nacional,informacion_estructura,JUJUY,Habilitadas,,2026-04-19
00285,BANCO MACRO S.A.,privado_nacional,informacion_estructura,LA PAMPA,Habilitadas,,2026-04-19
00285,BANCO MACRO S.A.,privado_nacional,informacion_estructura,LA RIOJA,Habilitadas,,2026-04-19
00285,BANCO MACRO S.A.,privado_nacional,informacion_estructura,MENDOZA,Habilitadas,,2026-04-19
00285,BANCO MACRO S.A.,privado_nacional,informacion_estructura,MISIONES,Habilitadas,,2026-04-19
00285,BANCO MACRO S.A.,privado_nacional,informacion_estructura,NEUQUÉN,Habilitadas,,2026-04-19
00285,BANCO MACRO S.A.,privado_nacional,informacion_estructura,RÍO NEGRO,Habilitadas,,2026-04-19
00285,BANCO MACRO S.A.,privado_nacional,informacion_estructura,SALTA,Habilitadas,,2026-04-19
00285,BANCO MACRO S.A.,privado_nacional,informacion_estructura,SAN JUAN,Habilitadas,,2026-04-19
00285,BANCO MACRO S.A.,privado_nacional,informacion_estructura,SAN LUIS,Habilitadas,,2026-04-19
00285,BANCO MACRO S.A.,privado_nacional,informacion_estructura,SANTA CRUZ,Habilitadas,,2026-04-19
00285,BANCO MACRO S.A.,privado_nacional,informacion_estructura,SANTA FE,Habilitadas,,2026-04-19
00285,BANCO MACRO S.A.,privado_nacional,informacion_estructura,SANTIAGO DEL ESTERO,Habilitadas,,2026-04-19
00285,BANCO MACRO S.A.,privado_nacional,informacion_estructura,TUCUMAN,Habilitadas,,2026-04-19
00285,BANCO MACRO S.A.,privado_nacional,informacion_estructura,TUCUMÁN,Habilitadas,,2026-04-19
00285,BANCO MACRO S.A.,privado_nacional,informacion_estructura,TIERRA DE FUEGO,Habilitadas,,2026-04-19
00285,BANCO MACRO S.A.,privado_nacional,informacion_estructura,CABA,Habilitadas,,2026-04-19
00285,BANCO MACRO S.A.,privado_nacional,informacion_estructura,BUENOS AIRES,Habilitadas,,2026-04-19
00285,BANCO MACRO S.A.,privado_nacional,informacion_estructura,CATAMARCA,Habilitadas,,2026-04-19
00285,BANCO MACRO S.A.,privado_nacional,informacion_estructura,CÓRDOBA,Habilitadas,,2026-04-19
00285,BANCO MACRO S.A.,privado_nacional,informacion_estructura,CORRIENTES,Habilitadas,,2026-04-19
00285,BANCO MACRO S.A.,privado_nacional,informacion_estructura,CHACO,Habilitadas,,2026-04-19
00285,BANCO MACRO S.A.,privado_nacional,informacion_estructura,CHUBUT,Habilitadas,,2026-04-19
00285,BANCO MACRO S.A.,privado_nacional,informacion_estructura,ENTRE RÍOS,Habilitadas,,2026-04-19
00285,BANCO MACRO S.A.,privado_nacional,informacion_estructura,JUJUY,Habilitadas,,2026-04-19
00285,BANCO MACRO S.A.,privado_nacional,informacion_estructura,LA PAMPA,Habilitadas,,2026-04-19
00285,BANCO MACRO S.A.,privado_nacional,informacion_estructura,LA RIOJA,Habilitadas,,2026-04-19
00285,BANCO MACRO S.A.,privado_nacional,informacion_estructura,MENDOZA,Habilitadas,,2026-04-19
00285,BANCO MACRO S.A.,privado_nacional,informacion_estructura,MISIONES,Habilitadas,,2026-04-19
00285,BANCO MACRO S.A.,privado_nacional,informacion_estructura,NEUQUÉN,Habilitadas,,2026-04-19
00285,BANCO MACRO S.A.,privado_nacional,informacion_estructura,RÍO NEGRO,Habilitadas,,2026-04-19
00285,BANCO MACRO S.A.,privado_nacional,informacion_estructura,SALTA,Habilitadas,,2026-04-19
00285,BANCO MACRO S.A.,privado_nacional,informacion_estructura,SAN JUAN,Habilitadas,,2026-04-19
00285,BANCO MACRO S.A.,privado_nacional,informacion_estructura,SAN LUIS,Habilitadas,,2026-04-19
00285,BANCO MACRO S.A.,privado_nacional,informacion_estructura,SANTA CRUZ,Habilitadas,,2026-04-19
00285,BANCO MACRO S.A.,privado_nacional,informacion_estructura,SANTA FE,Habilitadas,,2026-04-19
00285,BANCO MACRO S.A.,privado_nacional,informacion_estructura,SANTIAGO DEL ESTERO,Habilitadas,,2026-04-19
00285,BANCO MACRO S.A.,privado_nacional,informacion_estructura,TUCUMAN,Habilitadas,,2026-04-19
00285,BANCO MACRO S.A.,privado_nacional,informacion_estructura,TUCUMÁN,Habilitadas,,2026-04-19
00285,BANCO MACRO S.A.,privado_nacional,informacion_estructura,TIERRA DE FUEGO,Habilitadas,,2026-04-19
00285,BANCO MACRO S.A.,privado_nacional,informacion_estructura,CABA,Habilitadas,77.0,2026-04-19
00285,BANCO MACRO S.A.,privado_nacional,informacion_estructura,BUENOS AIRES,Habilitadas,124.0,2026-04-19
00285,BANCO MACRO S.A.,privado_nacional,informacion_estructura,CATAMARCA,Habilitadas,2.0,2026-04-19
00285,BANCO MACRO S.A.,privado_nacional,informacion_estructura,CÓRDOBA,Habilitadas,207.0,2026-04-19
00285,BANCO MACRO S.A.,privado_nacional,informacion_estructura,CORRIENTES,Habilitadas,9.0,2026-04-19
00285,BANCO MACRO S.A.,privado_nacional,informacion_estructura,CHACO,Habilitadas,3.0,2026-04-19
00285,BANCO MACRO S.A.,privado_nacional,informacion_estructura,CHUBUT,Habilitadas,9.0,2026-04-19
00285,BANCO MACRO S.A.,privado_nacional,informacion_estructura,ENTRE RÍOS,Habilitadas,15.0,2026-04-19
00285,BANCO MACRO S.A.,privado_nacional,informacion_estructura,JUJUY,Habilitadas,176.0,2026-04-19
00285,BANCO MACRO S.A.,privado_nacional,informacion_estructura,LA PAMPA,Habilitadas,2.0,2026-04-19
00285,BANCO MACRO S.A.,privado_nacional,informacion_estructura,LA RIOJA,Habilitadas,7.0,2026-04-19
00285,BANCO MACRO S.A.,privado_nacional,informacion_estructura,MENDOZA,Habilitadas,48.0,2026-04-19
00285,BANCO MACRO S.A.,privado_nacional,informacion_estructura,MISIONES,Habilitadas,243.0,2026-04-19
00285,BANCO MACRO S.A.,privado_nacional,informacion_estructura,NEUQUÉN,Habilitadas,14.0,2026-04-19
00285,BANCO MACRO S.A.,privado_nacional,informacion_estructura,RÍO NEGRO,Habilitadas,14.0,2026-04-19
00285,BANCO MACRO S.A.,privado_nacional,informacion_estructura,SALTA,Habilitadas,283.0,2026-04-19
00285,BANCO MACRO S.A.,privado_nacional,informacion_estructura,SAN JUAN,Habilitadas,4.0,2026-04-19
00285,BANCO MACRO S.A.,privado_nacional,informacion_estructura,SAN LUIS,Habilitadas,3.0,2026-04-19
00285,BANCO MACRO S.A.,privado_nacional,informacion_estructura,SANTA CRUZ,Habilitadas,3.0,2026-04-19
00285,BANCO MACRO S.A.,privado_nacional,informacion_estructura,SANTA FE,Habilitadas,215.0,2026-04-19
00285,BANCO MACRO S.A.,privado_nacional,informacion_estructura,SANTIAGO DEL ESTERO,Habilitadas,5.0,2026-04-19
00285,BANCO MACRO S.A.,privado_nacional,informacion_estructura,TUCUMAN,Habilitadas,,2026-04-19
00285,BANCO MACRO S.A.,privado_nacional,informacion_estructura,TUCUMÁN,Habilitadas,208.0,2026-04-19
00285,BANCO MACRO S.A.,privado_nacional,informacion_estructura,TIERRA DE FUEGO,Habilitadas,8.0,2026-04-19
00285,BANCO MACRO S.A.,privado_nacional,informacion_estructura,CABA,Habilitadas,59.0,2026-04-19
00285,BANCO MACRO S.A.,privado_nacional,informacion_estructura,BUENOS AIRES,Habilitadas,115.0,2026-04-19
00285,BANCO MACRO S.A.,privado_nacional,informacion_estructura,CATAMARCA,Habilitadas,2.0,2026-04-19
00285,BANCO MACRO S.A.,privado_nacional,informacion_estructura,CÓRDOBA,Habilitadas,176.0,2026-04-19
00285,BANCO MACRO S.A.,privado_nacional,informacion_estructura,CORRIENTES,Habilitadas,6.0,2026-04-19
00285,BANCO MACRO S.A.,privado_nacional,informacion_estructura,CHACO,Habilitadas,5.0,2026-04-19
00285,BANCO MACRO S.A.,privado_nacional,informacion_estructura,CHUBUT,Habilitadas,11.0,2026-04-19
00285,BANCO MACRO S.A.,privado_nacional,informacion_estructura,ENTRE RÍOS,Habilitadas,25.0,2026-04-19
00285,BANCO MACRO S.A.,privado_nacional,informacion_estructura,JUJUY,Habilitadas,54.0,2026-04-19
00285,BANCO MACRO S.A.,privado_nacional,informacion_estructura,LA PAMPA,Habilitadas,2.0,2026-04-19
00285,BANCO MACRO S.A.,privado_nacional,informacion_estructura,LA RIOJA,Habilitadas,6.0,2026-04-19
00285,BANCO MACRO S.A.,privado_nacional,informacion_estructura,MENDOZA,Habilitadas,38.0,2026-04-19
00285,BANCO MACRO S.A.,privado_nacional,informacion_estructura,MISIONES,Habilitadas,71.0,2026-04-19
00285,BANCO MACRO S.A.,privado_nacional,informacion_estructura,NEUQUÉN,Habilitadas,10.0,2026-04-19
00285,BANCO MACRO S.A.,privado_nacional,informacion_estructura,RÍO NEGRO,Habilitadas,13.0,2026-04-19
00285,BANCO MACRO S.A.,privado_nacional,informacion_estructura,SALTA,Habilitadas,76.0,2026-04-19
00285,BANCO MACRO S.A.,privado_nacional,informacion_estructura,SAN JUAN,Habilitadas,4.0,2026-04-19
00285,BANCO MACRO S.A.,privado_nacional,informacion_estructura,SAN LUIS,Habilitadas,4.0,2026-04-19
00285,BANCO MACRO S.A.,privado_nacional,informacion_estructura,SANTA CRUZ,Habilitadas,5.0,2026-04-19
00285,BANCO MACRO S.A.,privado_nacional,informacion_estructura,SANTA FE,Habilitadas,220.0,2026-04-19
00285,BANCO MACRO S.A.,privado_nacional,informacion_estructura,SANTIAGO DEL ESTERO,Habilitadas,3.0,2026-04-19
00285,BANCO MACRO S.A.,privado_nacional,informacion_estructura,TUCUMAN,Habilitadas,,2026-04-19
00285,BANCO MACRO S.A.,privado_nacional,informacion_estructura,TUCUMÁN,Habilitadas,58.0,2026-04-19
00285,BANCO MACRO S.A.,privado_nacional,informacion_estructura,TIERRA DE FUEGO,Habilitadas,7.0,2026-04-19
00285,BANCO MACRO S.A.,privado_nacional,informacion_estructura,CABA,Habilitadas,2.0,2026-04-19
00285,BANCO MACRO S.A.,privado_nacional,informacion_estructura,BUENOS AIRES,Habilitadas,1.0,2026-04-19
00285,BANCO MACRO S.A.,privado_nacional,informacion_estructura,CATAMARCA,Habilitadas,,2026-04-19
00285,BANCO MACRO S.A.,privado_nacional,informacion_estructura,CÓRDOBA,Habilitadas,1.0,2026-04-19
00285,BANCO MACRO S.A.,privado_nacional,informacion_estructura,CORRIENTES,Habilitadas,,2026-04-19
00285,BANCO MACRO S.A.,privado_nacional,informacion_estructura,CHACO,Habilitadas,,2026-04-19
00285,BANCO MACRO S.A.,privado_nacional,informacion_estructura,CHUBUT,Habilitadas,,2026-04-19
00285,BANCO MACRO S.A.,privado_nacional,informacion_estructura,ENTRE RÍOS,Habilitadas,,2026-04-19
00285,BANCO MACRO S.A.,privado_nacional,informacion_estructura,JUJUY,Habilitadas,1.0,2026-04-19
00285,BANCO MACRO S.A.,privado_nacional,informacion_estructura,LA PAMPA,Habilitadas,,2026-04-19
00285,BANCO MACRO S.A.,privado_nacional,informacion_estructura,LA RIOJA,Habilitadas,,2026-04-19
00285,BANCO MACRO S.A.,privado_nacional,informacion_estructura,MENDOZA,Habilitadas,,2026-04-19
00285,BANCO MACRO S.A.,privado_nacional,informacion_estructura,MISIONES,Habilitadas,,2026-04-19
00285,BANCO MACRO S.A.,privado_nacional,informacion_estructura,NEUQUÉN,Habilitadas,,2026-04-19
00285,BANCO MACRO S.A.,privado_nacional,informacion_estructura,RÍO NEGRO,Habilitadas,,2026-04-19
00285,BANCO MACRO S.A.,privado_nacional,informacion_estructura,SALTA,Habilitadas,3.0,2026-04-19
00285,BANCO MACRO S.A.,privado_nacional,informacion_estructura,SAN JUAN,Habilitadas,,2026-04-19
00285,BANCO MACRO S.A.,privado_nacional,informacion_estructura,SAN LUIS,Habilitadas,,2026-04-19
00285,BANCO MACRO S.A.,privado_nacional,informacion_estructura,SANTA CRUZ,Habilitadas,,2026-04-19
00285,BANCO MACRO S.A.,privado_nacional,informacion_estructura,SANTA FE,Habilitadas,1.0,2026-04-19
00285,BANCO MACRO S.A.,privado_nacional,informacion_estructura,SANTIAGO DEL ESTERO,Habilitadas,,2026-04-19
00285,BANCO MACRO S.A.,privado_nacional,informacion_estructura,TUCUMAN,Habilitadas,,2026-04-19
00285,BANCO MACRO S.A.,privado_nacional,informacion_estructura,TUCUMÁN,Habilitadas,5.0,2026-04-19
00285,BANCO MACRO S.A.,privado_nacional,informacion_estructura,TIERRA DE FUEGO,Habilitadas,1.0,2026-04-19
00285,BANCO MACRO S.A.,privado_nacional,informacion_estructura,CABA,Habilitadas,1.0,2026-04-19
00285,BANCO MACRO S.A.,privado_nacional,informacion_estructura,BUENOS AIRES,Habilitadas,1.0,2026-04-19
00285,BANCO MACRO S.A.,privado_nacional,informacion_estructura,CATAMARCA,Habilitadas,,2026-04-19
00285,BANCO MACRO S.A.,privado_nacional,informacion_estructura,CÓRDOBA,Habilitadas,,2026-04-19
00285,BANCO MACRO S.A.,privado_nacional,informacion_estructura,CORRIENTES,Habilitadas,,2026-04-19
00285,BANCO MACRO S.A.,privado_nacional,informacion_estructura,CHACO,Habilitadas,,2026-04-19
00285,BANCO MACRO S.A.,privado_nacional,informacion_estructura,CHUBUT,Habilitadas,,2026-04-19
00285,BANCO MACRO S.A.,privado_nacional,informacion_estructura,ENTRE RÍOS,Habilitadas,,2026-04-19
00285,BANCO MACRO S.A.,privado_nacional,informacion_estructura,JUJUY,Habilitadas,3.0,2026-04-19
00285,BANCO MACRO S.A.,privado_nacional,informacion_estructura,LA PAMPA,Habilitadas,,2026-04-19
00285,BANCO MACRO S.A.,privado_nacional,informacion_estructura,LA RIOJA,Habilitadas,,2026-04-19
00285,BANCO MACRO S.A.,privado_nacional,informacion_estructura,MENDOZA,Habilitadas,,2026-04-19
00285,BANCO MACRO S.A.,privado_nacional,informacion_estructura,MISIONES,Habilitadas,3.0,2026-04-19
00285,BANCO MACRO S.A.,privado_nacional,informacion_estructura,NEUQUÉN,Habilitadas,,2026-04-19
00285,BANCO MACRO S.A.,privado_nacional,informacion_estructura,RÍO NEGRO,Habilitadas,,2026-04-19
00285,BANCO MACRO S.A.,privado_nacional,informacion_estructura,SALTA,Habilitadas,4.0,2026-04-19
00285,BANCO MACRO S.A.,privado_nacional,informacion_estructura,SAN JUAN,Habilitadas,,2026-04-19
00285,BANCO MACRO S.A.,privado_nacional,informacion_estructura,SAN LUIS,Habilitadas,,2026-04-19
00285,BANCO MACRO S.A.,privado_nacional,informacion_estructura,SANTA CRUZ,Habilitadas,,2026-04-19
00285,BANCO MACRO S.A.,privado_nacional,informacion_estructura,SANTA FE,Habilitadas,2.0,2026-04-19
00285,BANCO MACRO S.A.,privado_nacional,informacion_estructura,SANTIAGO DEL ESTERO,Habilitadas,,2026-04-19
00285,BANCO MACRO S.A.,privado_nacional,informacion_estructura,TUCUMAN,Habilitadas,1.0,2026-04-19
00285,BANCO MACRO S.A.,privado_nacional,informacion_estructura,TUCUMÁN,Habilitadas,5.0,2026-04-19
00285,BANCO MACRO S.A.,privado_nacional,informacion_estructura,TIERRA DE FUEGO,Habilitadas,,2026-04-19
00285,BANCO MACRO S.A.,privado_nacional,informacion_estructura,CABA,Pendientes de habilitación,,2026-04-19
00285,BANCO MACRO S.A.,privado_nacional,informacion_estructura,BUENOS AIRES,Pendientes de habilitación,,2026-04-19
00285,BANCO MACRO S.A.,privado_nacional,informacion_estructura,CATAMARCA,Pendientes de habilitación,,2026-04-19
00285,BANCO MACRO S.A.,privado_nacional,informacion_estructura,CÓRDOBA,Pendientes de habilitación,,2026-04-19
00285,BANCO MACRO S.A.,privado_nacional,informacion_estructura,CORRIENTES,Pendientes de habilitación,,2026-04-19
00285,BANCO MACRO S.A.,privado_nacional,informacion_estructura,CHACO,Pendientes de habilitación,,2026-04-19
00285,BANCO MACRO S.A.,privado_nacional,informacion_estructura,CHUBUT,Pendientes de habilitación,,2026-04-19
00285,BANCO MACRO S.A.,privado_nacional,informacion_estructura,ENTRE RÍOS,Pendientes de habilitación,,2026-04-19
00285,BANCO MACRO S.A.,privado_nacional,informacion_estructura,JUJUY,Pendientes de habilitación,,2026-04-19
00285,BANCO MACRO S.A.,privado_nacional,informacion_estructura,LA PAMPA,Pendientes de habilitación,,2026-04-19
00285,BANCO MACRO S.A.,privado_nacional,informacion_estructura,LA RIOJA,Pendientes de habilitación,,2026-04-19
00285,BANCO MACRO S.A.,privado_nacional,informacion_estructura,MENDOZA,Pendientes de habilitación,,2026-04-19
00285,BANCO MACRO S.A.,privado_nacional,informacion_estructura,MISIONES,Pendientes de habilitación,,2026-04-19
00285,BANCO MACRO S.A.,privado_nacional,informacion_estructura,NEUQUÉN,Pendientes de habilitación,,2026-04-19
00285,BANCO MACRO S.A.,privado_nacional,informacion_estructura,RÍO NEGRO,Pendientes de habilitación,,2026-04-19
00285,BANCO MACRO S.A.,privado_nacional,informacion_estructura,SALTA,Pendientes de habilitación,,2026-04-19
00285,BANCO MACRO S.A.,privado_nacional,informacion_estructura,SAN JUAN,Pendientes de habilitación,,2026-04-19
00285,BANCO MACRO S.A.,privado_nacional,informacion_estructura,SAN LUIS,Pendientes de habilitación,,2026-04-19
00285,BANCO MACRO S.A.,privado_nacional,informacion_estructura,SANTA CRUZ,Pendientes de habilitación,,2026-04-19
00285,BANCO MACRO S.A.,privado_nacional,informacion_estructura,SANTA FE,Pendientes de habilitación,,2026-04-19
00285,BANCO MACRO S.A.,privado_nacional,informacion_estructura,SANTIAGO DEL ESTERO,Pendientes de habilitación,,2026-04-19
00285,BANCO MACRO S.A.,privado_nacional,informacion_estructura,TUCUMAN,Pendientes de habilitación,,2026-04-19
00285,BANCO MACRO S.A.,privado_nacional,informacion_estructura,TUCUMÁN,Pendientes de habilitación,,2026-04-19
00285,BANCO MACRO S.A.,privado_nacional,informacion_estructura,TIERRA DE FUEGO,Pendientes de habilitación,,2026-04-19
00285,BANCO MACRO S.A.,privado_nacional,informacion_estructura,CABA,Total,30.0,2026-04-19
00285,BANCO MACRO S.A.,privado_nacional,informacion_estructura,BUENOS AIRES,Total,67.0,2026-04-19
00285,BANCO MACRO S.A.,privado_nacional,informacion_estructura,CATAMARCA,Total,1.0,2026-04-19
00285,BANCO MACRO S.A.,privado_nacional,informacion_estructura,CÓRDOBA,Total,70.0,2026-04-19
00285,BANCO MACRO S.A.,privado_nacional,informacion_estructura,CORRIENTES,Total,4.0,2026-04-19
00285,BANCO MACRO S.A.,privado_nacional,informacion_estructura,CHACO,Total,2.0,2026-04-19
00285,BANCO MACRO S.A.,privado_nacional,informacion_estructura,CHUBUT,Total,6.0,2026-04-19
00285,BANCO MACRO S.A.,privado_nacional,informacion_estructura,ENTRE RÍOS,Total,8.0,2026-04-19
00285,BANCO MACRO S.A.,privado_nacional,informacion_estructura,JUJUY,Total,16.0,2026-04-19
00285,BANCO MACRO S.A.,privado_nacional,informacion_estructura,LA PAMPA,Total,2.0,2026-04-19
00285,BANCO MACRO S.A.,privado_nacional,informacion_estructura,LA RIOJA,Total,2.0,2026-04-19
00285,BANCO MACRO S.A.,privado_nacional,informacion_estructura,MENDOZA,Total,14.0,2026-04-19
00285,BANCO MACRO S.A.,privado_nacional,informacion_estructura,MISIONES,Total,34.0,2026-04-19
00285,BANCO MACRO S.A.,privado_nacional,informacion_estructura,NEUQUÉN,Total,5.0,2026-04-19
00285,BANCO MACRO S.A.,privado_nacional,informacion_estructura,RÍO NEGRO,Total,6.0,2026-04-19
00285,BANCO MACRO S.A.,privado_nacional,informacion_estructura,SALTA,Total,37.0,2026-04-19
00285,BANCO MACRO S.A.,privado_nacional,informacion_estructura,SAN JUAN,Total,1.0,2026-04-19
00285,BANCO MACRO S.A.,privado_nacional,informacion_estructura,SAN LUIS,Total,2.0,2026-04-19
00285,BANCO MACRO S.A.,privado_nacional,informacion_estructura,SANTA CRUZ,Total,2.0,2026-04-19
00285,BANCO MACRO S.A.,privado_nacional,informacion_estructura,SANTA FE,Total,105.0,2026-04-19
00285,BANCO MACRO S.A.,privado_nacional,informacion_estructura,SANTIAGO DEL ESTERO,Total,2.0,2026-04-19
00285,BANCO MACRO S.A.,privado_nacional,informacion_estructura,TUCUMAN,Total,,2026-04-19
00285,BANCO MACRO S.A.,privado_nacional,informacion_estructura,TUCUMÁN,Total,43.0,2026-04-19
00285,BANCO MACRO S.A.,privado_nacional,informacion_estructura,TIERRA DE FUEGO,Total,2.0,2026-04-19
00254,BANCO MARIVA S.A.,privado_nacional,informacion_estructura,Cantidad de cuentas corrientes,Dic-2023,621.0,2026-04-19
00254,BANCO MARIVA S.A.,privado_nacional,informacion_estructura,Cantidad de cuentas de ahorro,Dic-2023,1801.0,2026-04-19
00254,BANCO MARIVA S.A.,privado_nacional,informacion_estructura,Cantidad de operaciones a plazo fijo Individuos,Dic-2023,77.0,2026-04-19
00254,BANCO MARIVA S.A.,privado_nacional,informacion_estructura,Cantidad de operaciones a plazo fijo Empresas,Dic-2023,25.0,2026-04-19
00254,BANCO MARIVA S.A.,privado_nacional,informacion_estructura,Cantidad de operaciones por préstamos prendarios,Dic-2023,6.0,2026-04-19
00254,BANCO MARIVA S.A.,privado_nacional,informacion_estructura,Cantidad de operaciones por otros préstamos,Dic-2023,236.0,2026-04-19
00254,BANCO MARIVA S.A.,privado_nacional,informacion_estructura,Dotación de personal,Dic-2023,194.0,2026-04-19
00254,BANCO MARIVA S.A.,privado_nacional,informacion_estructura,Cantidad de tarjetas de débito,Dic-2023,2111.0,2026-04-19
00254,BANCO MARIVA S.A.,privado_nacional,informacion_estructura,Cantidad de cuentas corrientes,Dic-2024,617.0,2026-04-19
00254,BANCO MARIVA S.A.,privado_nacional,informacion_estructura,Cantidad de cuentas de ahorro,Dic-2024,1618.0,2026-04-19
00254,BANCO MARIVA S.A.,privado_nacional,informacion_estructura,Cantidad de operaciones a plazo fijo Individuos,Dic-2024,98.0,2026-04-19
00254,BANCO MARIVA S.A.,privado_nacional,informacion_estructura,Cantidad de operaciones a plazo fijo Empresas,Dic-2024,156.0,2026-04-19
00254,BANCO MARIVA S.A.,privado_nacional,informacion_estructura,Cantidad de operaciones por préstamos prendarios,Dic-2024,6.0,2026-04-19
00254,BANCO MARIVA S.A.,privado_nacional,informacion_estructura,Cantidad de operaciones por otros préstamos,Dic-2024,281.0,2026-04-19
00254,BANCO MARIVA S.A.,privado_nacional,informacion_estructura,Dotación de personal,Dic-2024,196.0,2026-04-19
00254,BANCO MARIVA S.A.,privado_nacional,informacion_estructura,Cantidad de tarjetas de débito,Dic-2024,1040.0,2026-04-19
00254,BANCO MARIVA S.A.,privado_nacional,informacion_estructura,Cantidad de cuentas corrientes,Jun-2025,616.0,2026-04-19
00254,BANCO MARIVA S.A.,privado_nacional,informacion_estructura,Cantidad de cuentas de ahorro,Jun-2025,1605.0,2026-04-19
00254,BANCO MARIVA S.A.,privado_nacional,informacion_estructura,Cantidad de operaciones a plazo fijo Individuos,Jun-2025,698.0,2026-04-19
00254,BANCO MARIVA S.A.,privado_nacional,informacion_estructura,Cantidad de operaciones a plazo fijo Empresas,Jun-2025,262.0,2026-04-19
00254,BANCO MARIVA S.A.,privado_nacional,informacion_estructura,Cantidad de operaciones por préstamos prendarios,Jun-2025,6.0,2026-04-19
00254,BANCO MARIVA S.A.,privado_nacional,informacion_estructura,Cantidad de operaciones por otros préstamos,Jun-2025,326.0,2026-04-19
00254,BANCO MARIVA S.A.,privado_nacional,informacion_estructura,Dotación de personal,Jun-2025,200.0,2026-04-19
00254,BANCO MARIVA S.A.,privado_nacional,informacion_estructura,Cantidad de tarjetas de débito,Jun-2025,1171.0,2026-04-19
00254,BANCO MARIVA S.A.,privado_nacional,informacion_estructura,Cantidad de cuentas corrientes,Set-2025,639.0,2026-04-19
00254,BANCO MARIVA S.A.,privado_nacional,informacion_estructura,Cantidad de cuentas de ahorro,Set-2025,1623.0,2026-04-19
00254,BANCO MARIVA S.A.,privado_nacional,informacion_estructura,Cantidad de operaciones a plazo fijo Individuos,Set-2025,481.0,2026-04-19
00254,BANCO MARIVA S.A.,privado_nacional,informacion_estructura,Cantidad de operaciones a plazo fijo Empresas,Set-2025,112.0,2026-04-19
00254,BANCO MARIVA S.A.,privado_nacional,informacion_estructura,Cantidad de operaciones por préstamos prendarios,Set-2025,6.0,2026-04-19
00254,BANCO MARIVA S.A.,privado_nacional,informacion_estructura,Cantidad de operaciones por otros préstamos,Set-2025,405.0,2026-04-19
00254,BANCO MARIVA S.A.,privado_nacional,informacion_estructura,Dotación de personal,Set-2025,210.0,2026-04-19
00254,BANCO MARIVA S.A.,privado_nacional,informacion_estructura,Cantidad de tarjetas de débito,Set-2025,1243.0,2026-04-19
00254,BANCO MARIVA S.A.,privado_nacional,informacion_estructura,Cantidad de cuentas corrientes,Dic-2025,638.0,2026-04-19
00254,BANCO MARIVA S.A.,privado_nacional,informacion_estructura,Cantidad de cuentas de ahorro,Dic-2025,1628.0,2026-04-19
00254,BANCO MARIVA S.A.,privado_nacional,informacion_estructura,Cantidad de operaciones a plazo fijo Individuos,Dic-2025,327.0,2026-04-19
00254,BANCO MARIVA S.A.,privado_nacional,informacion_estructura,Cantidad de operaciones a plazo fijo Empresas,Dic-2025,85.0,2026-04-19
00254,BANCO MARIVA S.A.,privado_nacional,informacion_estructura,Cantidad de operaciones por préstamos prendarios,Dic-2025,6.0,2026-04-19
00254,BANCO MARIVA S.A.,privado_nacional,informacion_estructura,Cantidad de operaciones por otros préstamos,Dic-2025,346.0,2026-04-19
00254,BANCO MARIVA S.A.,privado_nacional,informacion_estructura,Dotación de personal,Dic-2025,216.0,2026-04-19
00254,BANCO MARIVA S.A.,privado_nacional,informacion_estructura,Cantidad de tarjetas de débito,Dic-2025,1301.0,2026-04-19
00254,BANCO MARIVA S.A.,privado_nacional,informacion_estructura,Cantidad de Cuentas,Dic-2023,255.0,2026-04-19
00254,BANCO MARIVA S.A.,privado_nacional,informacion_estructura,Cantidad de Empresas,Dic-2023,9.0,2026-04-19
00254,BANCO MARIVA S.A.,privado_nacional,informacion_estructura,Cantidad de Cuentas,Dic-2024,205.0,2026-04-19
00254,BANCO MARIVA S.A.,privado_nacional,informacion_estructura,Cantidad de Empresas,Dic-2024,8.0,2026-04-19
00254,BANCO MARIVA S.A.,privado_nacional,informacion_estructura,Cantidad de Cuentas,Nov-2025,196.0,2026-04-19
00254,BANCO MARIVA S.A.,privado_nacional,informacion_estructura,Cantidad de Empresas,Nov-2025,8.0,2026-04-19
00254,BANCO MARIVA S.A.,privado_nacional,informacion_estructura,Cantidad de Cuentas,Dic-2025,196.0,2026-04-19
00254,BANCO MARIVA S.A.,privado_nacional,informacion_estructura,Cantidad de Empresas,Dic-2025,8.0,2026-04-19
00254,BANCO MARIVA S.A.,privado_nacional,informacion_estructura,Cantidad de Cuentas,Ene-2026,195.0,2026-04-19
00254,BANCO MARIVA S.A.,privado_nacional,informacion_estructura,Cantidad de Empresas,Ene-2026,7.0,2026-04-19
00254,BANCO MARIVA S.A.,privado_nacional,informacion_estructura,CABA,Habilitadas,2.0,2026-04-19
00254,BANCO MARIVA S.A.,privado_nacional,informacion_estructura,CABA,Habilitadas,,2026-04-19
00254,BANCO MARIVA S.A.,privado_nacional,informacion_estructura,CABA,Habilitadas,,2026-04-19
00254,BANCO MARIVA S.A.,privado_nacional,informacion_estructura,CABA,Habilitadas,,2026-04-19
00254,BANCO MARIVA S.A.,privado_nacional,informacion_estructura,CABA,Habilitadas,,2026-04-19
00254,BANCO MARIVA S.A.,privado_nacional,informacion_estructura,CABA,Habilitadas,,2026-04-19
00254,BANCO MARIVA S.A.,privado_nacional,informacion_estructura,CABA,Habilitadas,,2026-04-19
00254,BANCO MARIVA S.A.,privado_nacional,informacion_estructura,CABA,Pendientes de habilitación,,2026-04-19
00254,BANCO MARIVA S.A.,privado_nacional,informacion_estructura,CABA,Total,2.0,2026-04-19
00341,BANCO MASVENTAS S.A.,privado_nacional,informacion_estructura,Cantidad de operaciones por préstamos hipotecarios,Dic-2023,4.0,2026-04-19
00341,BANCO MASVENTAS S.A.,privado_nacional,informacion_estructura,Cantidad de operaciones por préstamos prendarios,Dic-2023,1.0,2026-04-19
00341,BANCO MASVENTAS S.A.,privado_nacional,informacion_estructura,Cantidad de operaciones por otros préstamos,Dic-2023,60804.0,2026-04-19
00341,BANCO MASVENTAS S.A.,privado_nacional,informacion_estructura,Dotación de personal,Dic-2023,103.0,2026-04-19
00341,BANCO MASVENTAS S.A.,privado_nacional,informacion_estructura,Cantidad de titulares por tarjetas de crédito,Dic-2023,2614.0,2026-04-19
00341,BANCO MASVENTAS S.A.,privado_nacional,informacion_estructura,Cantidad de tarjetas de crédito (plásticos),Dic-2023,2614.0,2026-04-19
00341,BANCO MASVENTAS S.A.,privado_nacional,informacion_estructura,Cantidad de tarjetas de débito,Dic-2023,4705.0,2026-04-19
00341,BANCO MASVENTAS S.A.,privado_nacional,informacion_estructura,Cantidad de cuentas corrientes,Dic-2023,377.0,2026-04-19
00341,BANCO MASVENTAS S.A.,privado_nacional,informacion_estructura,Cantidad de cuentas de ahorro,Dic-2023,9644.0,2026-04-19
00341,BANCO MASVENTAS S.A.,privado_nacional,informacion_estructura,Cantidad de operaciones a plazo fijo Individuos,Dic-2023,4695.0,2026-04-19
00341,BANCO MASVENTAS S.A.,privado_nacional,informacion_estructura,Cantidad de operaciones a plazo fijo Empresas,Dic-2023,117.0,2026-04-19
00341,BANCO MASVENTAS S.A.,privado_nacional,informacion_estructura,Cantidad de operaciones por préstamos hipotecarios,Dic-2024,,2026-04-19
00341,BANCO MASVENTAS S.A.,privado_nacional,informacion_estructura,Cantidad de operaciones por préstamos prendarios,Dic-2024,,2026-04-19
00341,BANCO MASVENTAS S.A.,privado_nacional,informacion_estructura,Cantidad de operaciones por otros préstamos,Dic-2024,26533.0,2026-04-19
00341,BANCO MASVENTAS S.A.,privado_nacional,informacion_estructura,Dotación de personal,Dic-2024,96.0,2026-04-19
00341,BANCO MASVENTAS S.A.,privado_nacional,informacion_estructura,Cantidad de titulares por tarjetas de crédito,Dic-2024,1385.0,2026-04-19
00341,BANCO MASVENTAS S.A.,privado_nacional,informacion_estructura,Cantidad de tarjetas de crédito (plásticos),Dic-2024,1385.0,2026-04-19
00341,BANCO MASVENTAS S.A.,privado_nacional,informacion_estructura,Cantidad de tarjetas de débito,Dic-2024,4925.0,2026-04-19
00341,BANCO MASVENTAS S.A.,privado_nacional,informacion_estructura,Cantidad de cuentas corrientes,Dic-2024,340.0,2026-04-19
00341,BANCO MASVENTAS S.A.,privado_nacional,informacion_estructura,Cantidad de cuentas de ahorro,Dic-2024,8543.0,2026-04-19
00341,BANCO MASVENTAS S.A.,privado_nacional,informacion_estructura,Cantidad de operaciones a plazo fijo Individuos,Dic-2024,4022.0,2026-04-19
00341,BANCO MASVENTAS S.A.,privado_nacional,informacion_estructura,Cantidad de operaciones a plazo fijo Empresas,Dic-2024,105.0,2026-04-19
00341,BANCO MASVENTAS S.A.,privado_nacional,informacion_estructura,Cantidad de operaciones por préstamos hipotecarios,Jun-2025,2.0,2026-04-19
00341,BANCO MASVENTAS S.A.,privado_nacional,informacion_estructura,Cantidad de operaciones por préstamos prendarios,Jun-2025,1.0,2026-04-19
00341,BANCO MASVENTAS S.A.,privado_nacional,informacion_estructura,Cantidad de operaciones por otros préstamos,Jun-2025,19685.0,2026-04-19
00341,BANCO MASVENTAS S.A.,privado_nacional,informacion_estructura,Dotación de personal,Jun-2025,94.0,2026-04-19
00341,BANCO MASVENTAS S.A.,privado_nacional,informacion_estructura,Cantidad de titulares por tarjetas de crédito,Jun-2025,2045.0,2026-04-19
00341,BANCO MASVENTAS S.A.,privado_nacional,informacion_estructura,Cantidad de tarjetas de crédito (plásticos),Jun-2025,2045.0,2026-04-19
00341,BANCO MASVENTAS S.A.,privado_nacional,informacion_estructura,Cantidad de tarjetas de débito,Jun-2025,4885.0,2026-04-19
00341,BANCO MASVENTAS S.A.,privado_nacional,informacion_estructura,Cantidad de cuentas corrientes,Jun-2025,301.0,2026-04-19
00341,BANCO MASVENTAS S.A.,privado_nacional,informacion_estructura,Cantidad de cuentas de ahorro,Jun-2025,7855.0,2026-04-19
00341,BANCO MASVENTAS S.A.,privado_nacional,informacion_estructura,Cantidad de operaciones a plazo fijo Individuos,Jun-2025,3896.0,2026-04-19
00341,BANCO MASVENTAS S.A.,privado_nacional,informacion_estructura,Cantidad de operaciones a plazo fijo Empresas,Jun-2025,107.0,2026-04-19
00341,BANCO MASVENTAS S.A.,privado_nacional,informacion_estructura,Cantidad de operaciones por préstamos hipotecarios,Set-2025,2.0,2026-04-19
00341,BANCO MASVENTAS S.A.,privado_nacional,informacion_estructura,Cantidad de operaciones por préstamos prendarios,Set-2025,1.0,2026-04-19
00341,BANCO MASVENTAS S.A.,privado_nacional,informacion_estructura,Cantidad de operaciones por otros préstamos,Set-2025,13110.0,2026-04-19
00341,BANCO MASVENTAS S.A.,privado_nacional,informacion_estructura,Dotación de personal,Set-2025,93.0,2026-04-19
00341,BANCO MASVENTAS S.A.,privado_nacional,informacion_estructura,Cantidad de titulares por tarjetas de crédito,Set-2025,1948.0,2026-04-19
00341,BANCO MASVENTAS S.A.,privado_nacional,informacion_estructura,Cantidad de tarjetas de crédito (plásticos),Set-2025,1948.0,2026-04-19
00341,BANCO MASVENTAS S.A.,privado_nacional,informacion_estructura,Cantidad de tarjetas de débito,Set-2025,4753.0,2026-04-19
00341,BANCO MASVENTAS S.A.,privado_nacional,informacion_estructura,Cantidad de cuentas corrientes,Set-2025,285.0,2026-04-19
00341,BANCO MASVENTAS S.A.,privado_nacional,informacion_estructura,Cantidad de cuentas de ahorro,Set-2025,7902.0,2026-04-19
00341,BANCO MASVENTAS S.A.,privado_nacional,informacion_estructura,Cantidad de operaciones a plazo fijo Individuos,Set-2025,3463.0,2026-04-19
00341,BANCO MASVENTAS S.A.,privado_nacional,informacion_estructura,Cantidad de operaciones a plazo fijo Empresas,Set-2025,89.0,2026-04-19
00341,BANCO MASVENTAS S.A.,privado_nacional,informacion_estructura,Cantidad de operaciones por préstamos hipotecarios,Dic-2025,,2026-04-19
00341,BANCO MASVENTAS S.A.,privado_nacional,informacion_estructura,Cantidad de operaciones por préstamos prendarios,Dic-2025,,2026-04-19
00341,BANCO MASVENTAS S.A.,privado_nacional,informacion_estructura,Cantidad de operaciones por otros préstamos,Dic-2025,,2026-04-19
00341,BANCO MASVENTAS S.A.,privado_nacional,informacion_estructura,Dotación de personal,Dic-2025,,2026-04-19
00341,BANCO MASVENTAS S.A.,privado_nacional,informacion_estructura,Cantidad de titulares por tarjetas de crédito,Dic-2025,,2026-04-19
00341,BANCO MASVENTAS S.A.,privado_nacional,informacion_estructura,Cantidad de tarjetas de crédito (plásticos),Dic-2025,,2026-04-19
00341,BANCO MASVENTAS S.A.,privado_nacional,informacion_estructura,Cantidad de tarjetas de débito,Dic-2025,,2026-04-19
00341,BANCO MASVENTAS S.A.,privado_nacional,informacion_estructura,Cantidad de cuentas corrientes,Dic-2025,278.0,2026-04-19
00341,BANCO MASVENTAS S.A.,privado_nacional,informacion_estructura,Cantidad de cuentas de ahorro,Dic-2025,7818.0,2026-04-19
00341,BANCO MASVENTAS S.A.,privado_nacional,informacion_estructura,Cantidad de operaciones a plazo fijo Individuos,Dic-2025,,2026-04-19
00341,BANCO MASVENTAS S.A.,privado_nacional,informacion_estructura,Cantidad de operaciones a plazo fijo Empresas,Dic-2025,,2026-04-19
00341,BANCO MASVENTAS S.A.,privado_nacional,informacion_estructura,Cantidad de Cuentas,Dic-2023,1401.0,2026-04-19
00341,BANCO MASVENTAS S.A.,privado_nacional,informacion_estructura,Cantidad de Empresas,Dic-2023,62.0,2026-04-19
00341,BANCO MASVENTAS S.A.,privado_nacional,informacion_estructura,Cantidad de Cuentas,Dic-2024,1180.0,2026-04-19
00341,BANCO MASVENTAS S.A.,privado_nacional,informacion_estructura,Cantidad de Empresas,Dic-2024,57.0,2026-04-19
00341,BANCO MASVENTAS S.A.,privado_nacional,informacion_estructura,Cantidad de Cuentas,Nov-2025,979.0,2026-04-19
00341,BANCO MASVENTAS S.A.,privado_nacional,informacion_estructura,Cantidad de Empresas,Nov-2025,48.0,2026-04-19
00341,BANCO MASVENTAS S.A.,privado_nacional,informacion_estructura,Cantidad de Cuentas,Dic-2025,894.0,2026-04-19
00341,BANCO MASVENTAS S.A.,privado_nacional,informacion_estructura,Cantidad de Empresas,Dic-2025,47.0,2026-04-19
00341,BANCO MASVENTAS S.A.,privado_nacional,informacion_estructura,Cantidad de Cuentas,Ene-2026,684.0,2026-04-19
00341,BANCO MASVENTAS S.A.,privado_nacional,informacion_estructura,Cantidad de Empresas,Ene-2026,40.0,2026-04-19
00341,BANCO MASVENTAS S.A.,privado_nacional,informacion_estructura,JUJUY,Habilitadas,1.0,2026-04-19
00341,BANCO MASVENTAS S.A.,privado_nacional,informacion_estructura,SALTA,Habilitadas,1.0,2026-04-19
00341,BANCO MASVENTAS S.A.,privado_nacional,informacion_estructura,JUJUY,Habilitadas,,2026-04-19
00341,BANCO MASVENTAS S.A.,privado_nacional,informacion_estructura,SALTA,Habilitadas,,2026-04-19
00341,BANCO MASVENTAS S.A.,privado_nacional,informacion_estructura,JUJUY,Habilitadas,,2026-04-19
00341,BANCO MASVENTAS S.A.,privado_nacional,informacion_estructura,SALTA,Habilitadas,,2026-04-19
00341,BANCO MASVENTAS S.A.,privado_nacional,informacion_estructura,JUJUY,Habilitadas,2.0,2026-04-19
00341,BANCO MASVENTAS S.A.,privado_nacional,informacion_estructura,SALTA,Habilitadas,13.0,2026-04-19
00341,BANCO MASVENTAS S.A.,privado_nacional,informacion_estructura,JUJUY,Habilitadas,1.0,2026-04-19
00341,BANCO MASVENTAS S.A.,privado_nacional,informacion_estructura,SALTA,Habilitadas,3.0,2026-04-19
00341,BANCO MASVENTAS S.A.,privado_nacional,informacion_estructura,JUJUY,Habilitadas,,2026-04-19
00341,BANCO MASVENTAS S.A.,privado_nacional,informacion_estructura,SALTA,Habilitadas,,2026-04-19
00341,BANCO MASVENTAS S.A.,privado_nacional,informacion_estructura,JUJUY,Habilitadas,,2026-04-19
00341,BANCO MASVENTAS S.A.,privado_nacional,informacion_estructura,SALTA,Habilitadas,,2026-04-19
00341,BANCO MASVENTAS S.A.,privado_nacional,informacion_estructura,JUJUY,Pendientes de habilitación,,2026-04-19
00341,BANCO MASVENTAS S.A.,privado_nacional,informacion_estructura,SALTA,Pendientes de habilitación,,2026-04-19
00341,BANCO MASVENTAS S.A.,privado_nacional,informacion_estructura,JUJUY,Total,1.0,2026-04-19
00341,BANCO MASVENTAS S.A.,privado_nacional,informacion_estructura,SALTA,Total,1.0,2026-04-19
00281,BANCO MERIDIAN S.A.,privado_nacional,informacion_estructura,Cantidad de cuentas corrientes,Dic-2023,439.0,2026-04-19
00281,BANCO MERIDIAN S.A.,privado_nacional,informacion_estructura,Cantidad de cuentas de ahorro,Dic-2023,1016.0,2026-04-19
00281,BANCO MERIDIAN S.A.,privado_nacional,informacion_estructura,Cantidad de operaciones a plazo fijo Individuos,Dic-2023,500.0,2026-04-19
00281,BANCO MERIDIAN S.A.,privado_nacional,informacion_estructura,Cantidad de operaciones a plazo fijo Empresas,Dic-2023,22.0,2026-04-19
00281,BANCO MERIDIAN S.A.,privado_nacional,informacion_estructura,Cantidad de operaciones por préstamos prendarios,Dic-2023,4.0,2026-04-19
00281,BANCO MERIDIAN S.A.,privado_nacional,informacion_estructura,Cantidad de operaciones por otros préstamos,Dic-2023,585.0,2026-04-19
00281,BANCO MERIDIAN S.A.,privado_nacional,informacion_estructura,Dotación de personal,Dic-2023,76.0,2026-04-19
00281,BANCO MERIDIAN S.A.,privado_nacional,informacion_estructura,Cantidad de titulares por tarjetas de crédito,Dic-2023,396.0,2026-04-19
00281,BANCO MERIDIAN S.A.,privado_nacional,informacion_estructura,Cantidad de tarjetas de crédito (plásticos),Dic-2023,401.0,2026-04-19
00281,BANCO MERIDIAN S.A.,privado_nacional,informacion_estructura,Cantidad de tarjetas de débito,Dic-2023,1430.0,2026-04-19
00281,BANCO MERIDIAN S.A.,privado_nacional,informacion_estructura,Cantidad de cuentas corrientes,Dic-2024,412.0,2026-04-19
00281,BANCO MERIDIAN S.A.,privado_nacional,informacion_estructura,Cantidad de cuentas de ahorro,Dic-2024,1138.0,2026-04-19
00281,BANCO MERIDIAN S.A.,privado_nacional,informacion_estructura,Cantidad de operaciones a plazo fijo Individuos,Dic-2024,562.0,2026-04-19
00281,BANCO MERIDIAN S.A.,privado_nacional,informacion_estructura,Cantidad de operaciones a plazo fijo Empresas,Dic-2024,31.0,2026-04-19
00281,BANCO MERIDIAN S.A.,privado_nacional,informacion_estructura,Cantidad de operaciones por préstamos prendarios,Dic-2024,,2026-04-19
00281,BANCO MERIDIAN S.A.,privado_nacional,informacion_estructura,Cantidad de operaciones por otros préstamos,Dic-2024,574.0,2026-04-19
00281,BANCO MERIDIAN S.A.,privado_nacional,informacion_estructura,Dotación de personal,Dic-2024,76.0,2026-04-19
00281,BANCO MERIDIAN S.A.,privado_nacional,informacion_estructura,Cantidad de titulares por tarjetas de crédito,Dic-2024,453.0,2026-04-19
00281,BANCO MERIDIAN S.A.,privado_nacional,informacion_estructura,Cantidad de tarjetas de crédito (plásticos),Dic-2024,453.0,2026-04-19
00281,BANCO MERIDIAN S.A.,privado_nacional,informacion_estructura,Cantidad de tarjetas de débito,Dic-2024,882.0,2026-04-19
00281,BANCO MERIDIAN S.A.,privado_nacional,informacion_estructura,Cantidad de cuentas corrientes,Jun-2025,395.0,2026-04-19
00281,BANCO MERIDIAN S.A.,privado_nacional,informacion_estructura,Cantidad de cuentas de ahorro,Jun-2025,1150.0,2026-04-19
00281,BANCO MERIDIAN S.A.,privado_nacional,informacion_estructura,Cantidad de operaciones a plazo fijo Individuos,Jun-2025,1034.0,2026-04-19
00281,BANCO MERIDIAN S.A.,privado_nacional,informacion_estructura,Cantidad de operaciones a plazo fijo Empresas,Jun-2025,39.0,2026-04-19
00281,BANCO MERIDIAN S.A.,privado_nacional,informacion_estructura,Cantidad de operaciones por préstamos prendarios,Jun-2025,2.0,2026-04-19
00281,BANCO MERIDIAN S.A.,privado_nacional,informacion_estructura,Cantidad de operaciones por otros préstamos,Jun-2025,607.0,2026-04-19
00281,BANCO MERIDIAN S.A.,privado_nacional,informacion_estructura,Dotación de personal,Jun-2025,74.0,2026-04-19
00281,BANCO MERIDIAN S.A.,privado_nacional,informacion_estructura,Cantidad de titulares por tarjetas de crédito,Jun-2025,457.0,2026-04-19
00281,BANCO MERIDIAN S.A.,privado_nacional,informacion_estructura,Cantidad de tarjetas de crédito (plásticos),Jun-2025,457.0,2026-04-19
00281,BANCO MERIDIAN S.A.,privado_nacional,informacion_estructura,Cantidad de tarjetas de débito,Jun-2025,932.0,2026-04-19
00281,BANCO MERIDIAN S.A.,privado_nacional,informacion_estructura,Cantidad de cuentas corrientes,Set-2025,368.0,2026-04-19
00281,BANCO MERIDIAN S.A.,privado_nacional,informacion_estructura,Cantidad de cuentas de ahorro,Set-2025,1186.0,2026-04-19
00281,BANCO MERIDIAN S.A.,privado_nacional,informacion_estructura,Cantidad de operaciones a plazo fijo Individuos,Set-2025,1659.0,2026-04-19
00281,BANCO MERIDIAN S.A.,privado_nacional,informacion_estructura,Cantidad de operaciones a plazo fijo Empresas,Set-2025,30.0,2026-04-19
00281,BANCO MERIDIAN S.A.,privado_nacional,informacion_estructura,Cantidad de operaciones por préstamos prendarios,Set-2025,,2026-04-19
00281,BANCO MERIDIAN S.A.,privado_nacional,informacion_estructura,Cantidad de operaciones por otros préstamos,Set-2025,2742.0,2026-04-19
00281,BANCO MERIDIAN S.A.,privado_nacional,informacion_estructura,Dotación de personal,Set-2025,75.0,2026-04-19
00281,BANCO MERIDIAN S.A.,privado_nacional,informacion_estructura,Cantidad de titulares por tarjetas de crédito,Set-2025,445.0,2026-04-19
00281,BANCO MERIDIAN S.A.,privado_nacional,informacion_estructura,Cantidad de tarjetas de crédito (plásticos),Set-2025,445.0,2026-04-19
00281,BANCO MERIDIAN S.A.,privado_nacional,informacion_estructura,Cantidad de tarjetas de débito,Set-2025,979.0,2026-04-19
00281,BANCO MERIDIAN S.A.,privado_nacional,informacion_estructura,Cantidad de cuentas corrientes,Dic-2025,356.0,2026-04-19
00281,BANCO MERIDIAN S.A.,privado_nacional,informacion_estructura,Cantidad de cuentas de ahorro,Dic-2025,1196.0,2026-04-19
00281,BANCO MERIDIAN S.A.,privado_nacional,informacion_estructura,Cantidad de operaciones a plazo fijo Individuos,Dic-2025,1940.0,2026-04-19
00281,BANCO MERIDIAN S.A.,privado_nacional,informacion_estructura,Cantidad de operaciones a plazo fijo Empresas,Dic-2025,35.0,2026-04-19
00281,BANCO MERIDIAN S.A.,privado_nacional,informacion_estructura,Cantidad de operaciones por préstamos prendarios,Dic-2025,,2026-04-19
00281,BANCO MERIDIAN S.A.,privado_nacional,informacion_estructura,Cantidad de operaciones por otros préstamos,Dic-2025,3474.0,2026-04-19
00281,BANCO MERIDIAN S.A.,privado_nacional,informacion_estructura,Dotación de personal,Dic-2025,76.0,2026-04-19
00281,BANCO MERIDIAN S.A.,privado_nacional,informacion_estructura,Cantidad de titulares por tarjetas de crédito,Dic-2025,447.0,2026-04-19
00281,BANCO MERIDIAN S.A.,privado_nacional,informacion_estructura,Cantidad de tarjetas de crédito (plásticos),Dic-2025,447.0,2026-04-19
00281,BANCO MERIDIAN S.A.,privado_nacional,informacion_estructura,Cantidad de tarjetas de débito,Dic-2025,1010.0,2026-04-19
00281,BANCO MERIDIAN S.A.,privado_nacional,informacion_estructura,Cantidad de Cuentas,Dic-2023,17.0,2026-04-19
00281,BANCO MERIDIAN S.A.,privado_nacional,informacion_estructura,Cantidad de Empresas,Dic-2023,11.0,2026-04-19
00281,BANCO MERIDIAN S.A.,privado_nacional,informacion_estructura,Cantidad de Cuentas,Dic-2024,83.0,2026-04-19
00281,BANCO MERIDIAN S.A.,privado_nacional,informacion_estructura,Cantidad de Empresas,Dic-2024,15.0,2026-04-19
00281,BANCO MERIDIAN S.A.,privado_nacional,informacion_estructura,Cantidad de Cuentas,Nov-2025,80.0,2026-04-19
00281,BANCO MERIDIAN S.A.,privado_nacional,informacion_estructura,Cantidad de Empresas,Nov-2025,12.0,2026-04-19
00281,BANCO MERIDIAN S.A.,privado_nacional,informacion_estructura,Cantidad de Cuentas,Dic-2025,80.0,2026-04-19
00281,BANCO MERIDIAN S.A.,privado_nacional,informacion_estructura,Cantidad de Empresas,Dic-2025,10.0,2026-04-19
00281,BANCO MERIDIAN S.A.,privado_nacional,informacion_estructura,Cantidad de Cuentas,Ene-2026,80.0,2026-04-19
00281,BANCO MERIDIAN S.A.,privado_nacional,informacion_estructura,Cantidad de Empresas,Ene-2026,11.0,2026-04-19
00281,BANCO MERIDIAN S.A.,privado_nacional,informacion_estructura,CABA,Habilitadas,1.0,2026-04-19
00281,BANCO MERIDIAN S.A.,privado_nacional,informacion_estructura,SANTA FE,Habilitadas,1.0,2026-04-19
00281,BANCO MERIDIAN S.A.,privado_nacional,informacion_estructura,CABA,Habilitadas,,2026-04-19
00281,BANCO MERIDIAN S.A.,privado_nacional,informacion_estructura,SANTA FE,Habilitadas,,2026-04-19
00281,BANCO MERIDIAN S.A.,privado_nacional,informacion_estructura,CABA,Habilitadas,,2026-04-19
00281,BANCO MERIDIAN S.A.,privado_nacional,informacion_estructura,SANTA FE,Habilitadas,,2026-04-19
00281,BANCO MERIDIAN S.A.,privado_nacional,informacion_estructura,CABA,Habilitadas,1.0,2026-04-19
00281,BANCO MERIDIAN S.A.,privado_nacional,informacion_estructura,SANTA FE,Habilitadas,1.0,2026-04-19
00281,BANCO MERIDIAN S.A.,privado_nacional,informacion_estructura,CABA,Habilitadas,,2026-04-19
00281,BANCO MERIDIAN S.A.,privado_nacional,informacion_estructura,SANTA FE,Habilitadas,,2026-04-19
00281,BANCO MERIDIAN S.A.,privado_nacional,informacion_estructura,CABA,Habilitadas,,2026-04-19
00281,BANCO MERIDIAN S.A.,privado_nacional,informacion_estructura,SANTA FE,Habilitadas,,2026-04-19
00281,BANCO MERIDIAN S.A.,privado_nacional,informacion_estructura,CABA,Habilitadas,,2026-04-19
00281,BANCO MERIDIAN S.A.,privado_nacional,informacion_estructura,SANTA FE,Habilitadas,,2026-04-19
00281,BANCO MERIDIAN S.A.,privado_nacional,informacion_estructura,CABA,Pendientes de habilitación,,2026-04-19
00281,BANCO MERIDIAN S.A.,privado_nacional,informacion_estructura,SANTA FE,Pendientes de habilitación,,2026-04-19
00281,BANCO MERIDIAN S.A.,privado_nacional,informacion_estructura,CABA,Total,1.0,2026-04-19
00281,BANCO MERIDIAN S.A.,privado_nacional,informacion_estructura,SANTA FE,Total,1.0,2026-04-19
00065,BANCO MUNICIPAL DE ROSARIO,publico,informacion_estructura,Cantidad de cuentas corrientes,Dic-2023,3205.0,2026-04-19
00065,BANCO MUNICIPAL DE ROSARIO,publico,informacion_estructura,Cantidad de cuentas de ahorro,Dic-2023,243460.0,2026-04-19
00065,BANCO MUNICIPAL DE ROSARIO,publico,informacion_estructura,Cantidad de cajas de ahorro de ayuda social,Dic-2023,39952.0,2026-04-19
00065,BANCO MUNICIPAL DE ROSARIO,publico,informacion_estructura,Cantidad de cuentas previsionales,Dic-2023,87782.0,2026-04-19
00065,BANCO MUNICIPAL DE ROSARIO,publico,informacion_estructura,Cantidad de operaciones a plazo fijo Individuos,Dic-2023,19688.0,2026-04-19
00065,BANCO MUNICIPAL DE ROSARIO,publico,informacion_estructura,Cantidad de operaciones a plazo fijo Empresas,Dic-2023,9259.0,2026-04-19
00065,BANCO MUNICIPAL DE ROSARIO,publico,informacion_estructura,Cantidad de operaciones por préstamos hipotecarios,Dic-2023,53.0,2026-04-19
00065,BANCO MUNICIPAL DE ROSARIO,publico,informacion_estructura,Cantidad de operaciones por préstamos prendarios,Dic-2023,5057.0,2026-04-19
00065,BANCO MUNICIPAL DE ROSARIO,publico,informacion_estructura,Cantidad de operaciones por otros préstamos,Dic-2023,102056.0,2026-04-19
00065,BANCO MUNICIPAL DE ROSARIO,publico,informacion_estructura,Dotación de personal,Dic-2023,435.0,2026-04-19
00065,BANCO MUNICIPAL DE ROSARIO,publico,informacion_estructura,Cantidad de titulares por tarjetas de crédito,Dic-2023,60882.0,2026-04-19
00065,BANCO MUNICIPAL DE ROSARIO,publico,informacion_estructura,Cantidad de tarjetas de crédito (plásticos),Dic-2023,144304.0,2026-04-19
00065,BANCO MUNICIPAL DE ROSARIO,publico,informacion_estructura,Cantidad de tarjetas de débito,Dic-2023,102452.0,2026-04-19
00065,BANCO MUNICIPAL DE ROSARIO,publico,informacion_estructura,Cantidad de cuentas corrientes,Dic-2024,3224.0,2026-04-19
00065,BANCO MUNICIPAL DE ROSARIO,publico,informacion_estructura,Cantidad de cuentas de ahorro,Dic-2024,283570.0,2026-04-19
00065,BANCO MUNICIPAL DE ROSARIO,publico,informacion_estructura,Cantidad de cajas de ahorro de ayuda social,Dic-2024,41743.0,2026-04-19
00065,BANCO MUNICIPAL DE ROSARIO,publico,informacion_estructura,Cantidad de cuentas previsionales,Dic-2024,90795.0,2026-04-19
00065,BANCO MUNICIPAL DE ROSARIO,publico,informacion_estructura,Cantidad de operaciones a plazo fijo Individuos,Dic-2024,14009.0,2026-04-19
00065,BANCO MUNICIPAL DE ROSARIO,publico,informacion_estructura,Cantidad de operaciones a plazo fijo Empresas,Dic-2024,12361.0,2026-04-19
00065,BANCO MUNICIPAL DE ROSARIO,publico,informacion_estructura,Cantidad de operaciones por préstamos hipotecarios,Dic-2024,54.0,2026-04-19
00065,BANCO MUNICIPAL DE ROSARIO,publico,informacion_estructura,Cantidad de operaciones por préstamos prendarios,Dic-2024,4741.0,2026-04-19
00065,BANCO MUNICIPAL DE ROSARIO,publico,informacion_estructura,Cantidad de operaciones por otros préstamos,Dic-2024,151183.0,2026-04-19
00065,BANCO MUNICIPAL DE ROSARIO,publico,informacion_estructura,Dotación de personal,Dic-2024,415.0,2026-04-19
00065,BANCO MUNICIPAL DE ROSARIO,publico,informacion_estructura,Cantidad de titulares por tarjetas de crédito,Dic-2024,63277.0,2026-04-19
00065,BANCO MUNICIPAL DE ROSARIO,publico,informacion_estructura,Cantidad de tarjetas de crédito (plásticos),Dic-2024,151882.0,2026-04-19
00065,BANCO MUNICIPAL DE ROSARIO,publico,informacion_estructura,Cantidad de tarjetas de débito,Dic-2024,113989.0,2026-04-19
00065,BANCO MUNICIPAL DE ROSARIO,publico,informacion_estructura,Cantidad de cuentas corrientes,Jun-2025,3077.0,2026-04-19
00065,BANCO MUNICIPAL DE ROSARIO,publico,informacion_estructura,Cantidad de cuentas de ahorro,Jun-2025,295614.0,2026-04-19
00065,BANCO MUNICIPAL DE ROSARIO,publico,informacion_estructura,Cantidad de cajas de ahorro de ayuda social,Jun-2025,42302.0,2026-04-19
00065,BANCO MUNICIPAL DE ROSARIO,publico,informacion_estructura,Cantidad de cuentas previsionales,Jun-2025,92308.0,2026-04-19
00065,BANCO MUNICIPAL DE ROSARIO,publico,informacion_estructura,Cantidad de operaciones a plazo fijo Individuos,Jun-2025,12920.0,2026-04-19
00065,BANCO MUNICIPAL DE ROSARIO,publico,informacion_estructura,Cantidad de operaciones a plazo fijo Empresas,Jun-2025,12855.0,2026-04-19
00065,BANCO MUNICIPAL DE ROSARIO,publico,informacion_estructura,Cantidad de operaciones por préstamos hipotecarios,Jun-2025,151.0,2026-04-19
00065,BANCO MUNICIPAL DE ROSARIO,publico,informacion_estructura,Cantidad de operaciones por préstamos prendarios,Jun-2025,5203.0,2026-04-19
00065,BANCO MUNICIPAL DE ROSARIO,publico,informacion_estructura,Cantidad de operaciones por otros préstamos,Jun-2025,149886.0,2026-04-19
00065,BANCO MUNICIPAL DE ROSARIO,publico,informacion_estructura,Dotación de personal,Jun-2025,404.0,2026-04-19
00065,BANCO MUNICIPAL DE ROSARIO,publico,informacion_estructura,Cantidad de titulares por tarjetas de crédito,Jun-2025,63314.0,2026-04-19
00065,BANCO MUNICIPAL DE ROSARIO,publico,informacion_estructura,Cantidad de tarjetas de crédito (plásticos),Jun-2025,151089.0,2026-04-19
00065,BANCO MUNICIPAL DE ROSARIO,publico,informacion_estructura,Cantidad de tarjetas de débito,Jun-2025,119952.0,2026-04-19
00065,BANCO MUNICIPAL DE ROSARIO,publico,informacion_estructura,Cantidad de cuentas corrientes,Set-2025,3181.0,2026-04-19
00065,BANCO MUNICIPAL DE ROSARIO,publico,informacion_estructura,Cantidad de cuentas de ahorro,Set-2025,302144.0,2026-04-19
00065,BANCO MUNICIPAL DE ROSARIO,publico,informacion_estructura,Cantidad de cajas de ahorro de ayuda social,Set-2025,42409.0,2026-04-19
00065,BANCO MUNICIPAL DE ROSARIO,publico,informacion_estructura,Cantidad de cuentas previsionales,Set-2025,92360.0,2026-04-19
00065,BANCO MUNICIPAL DE ROSARIO,publico,informacion_estructura,Cantidad de operaciones a plazo fijo Individuos,Set-2025,13568.0,2026-04-19
00065,BANCO MUNICIPAL DE ROSARIO,publico,informacion_estructura,Cantidad de operaciones a plazo fijo Empresas,Set-2025,13317.0,2026-04-19
00065,BANCO MUNICIPAL DE ROSARIO,publico,informacion_estructura,Cantidad de operaciones por préstamos hipotecarios,Set-2025,268.0,2026-04-19
00065,BANCO MUNICIPAL DE ROSARIO,publico,informacion_estructura,Cantidad de operaciones por préstamos prendarios,Set-2025,5054.0,2026-04-19
00065,BANCO MUNICIPAL DE ROSARIO,publico,informacion_estructura,Cantidad de operaciones por otros préstamos,Set-2025,159483.0,2026-04-19
00065,BANCO MUNICIPAL DE ROSARIO,publico,informacion_estructura,Dotación de personal,Set-2025,399.0,2026-04-19
00065,BANCO MUNICIPAL DE ROSARIO,publico,informacion_estructura,Cantidad de titulares por tarjetas de crédito,Set-2025,63314.0,2026-04-19
00065,BANCO MUNICIPAL DE ROSARIO,publico,informacion_estructura,Cantidad de tarjetas de crédito (plásticos),Set-2025,131668.0,2026-04-19
00065,BANCO MUNICIPAL DE ROSARIO,publico,informacion_estructura,Cantidad de tarjetas de débito,Set-2025,122877.0,2026-04-19
00065,BANCO MUNICIPAL DE ROSARIO,publico,informacion_estructura,Cantidad de cuentas corrientes,Dic-2025,3235.0,2026-04-19
00065,BANCO MUNICIPAL DE ROSARIO,publico,informacion_estructura,Cantidad de cuentas de ahorro,Dic-2025,313861.0,2026-04-19
00065,BANCO MUNICIPAL DE ROSARIO,publico,informacion_estructura,Cantidad de cajas de ahorro de ayuda social,Dic-2025,42488.0,2026-04-19
00065,BANCO MUNICIPAL DE ROSARIO,publico,informacion_estructura,Cantidad de cuentas previsionales,Dic-2025,93284.0,2026-04-19
00065,BANCO MUNICIPAL DE ROSARIO,publico,informacion_estructura,Cantidad de operaciones a plazo fijo Individuos,Dic-2025,12665.0,2026-04-19
00065,BANCO MUNICIPAL DE ROSARIO,publico,informacion_estructura,Cantidad de operaciones a plazo fijo Empresas,Dic-2025,13616.0,2026-04-19
00065,BANCO MUNICIPAL DE ROSARIO,publico,informacion_estructura,Cantidad de operaciones por préstamos hipotecarios,Dic-2025,422.0,2026-04-19
00065,BANCO MUNICIPAL DE ROSARIO,publico,informacion_estructura,Cantidad de operaciones por préstamos prendarios,Dic-2025,3027.0,2026-04-19
00065,BANCO MUNICIPAL DE ROSARIO,publico,informacion_estructura,Cantidad de operaciones por otros préstamos,Dic-2025,170544.0,2026-04-19
00065,BANCO MUNICIPAL DE ROSARIO,publico,informacion_estructura,Dotación de personal,Dic-2025,397.0,2026-04-19
00065,BANCO MUNICIPAL DE ROSARIO,publico,informacion_estructura,Cantidad de titulares por tarjetas de crédito,Dic-2025,63699.0,2026-04-19
00065,BANCO MUNICIPAL DE ROSARIO,publico,informacion_estructura,Cantidad de tarjetas de crédito (plásticos),Dic-2025,132540.0,2026-04-19
00065,BANCO MUNICIPAL DE ROSARIO,publico,informacion_estructura,Cantidad de tarjetas de débito,Dic-2025,125014.0,2026-04-19
00065,BANCO MUNICIPAL DE ROSARIO,publico,informacion_estructura,Cantidad de Cuentas,Dic-2023,22040.0,2026-04-19
00065,BANCO MUNICIPAL DE ROSARIO,publico,informacion_estructura,Cantidad de Empresas,Dic-2023,370.0,2026-04-19
00065,BANCO MUNICIPAL DE ROSARIO,publico,informacion_estructura,Cantidad de Cuentas,Dic-2024,20975.0,2026-04-19
00065,BANCO MUNICIPAL DE ROSARIO,publico,informacion_estructura,Cantidad de Empresas,Dic-2024,353.0,2026-04-19
00065,BANCO MUNICIPAL DE ROSARIO,publico,informacion_estructura,Cantidad de Cuentas,Nov-2025,19744.0,2026-04-19
00065,BANCO MUNICIPAL DE ROSARIO,publico,informacion_estructura,Cantidad de Empresas,Nov-2025,305.0,2026-04-19
00065,BANCO MUNICIPAL DE ROSARIO,publico,informacion_estructura,Cantidad de Cuentas,Dic-2025,20268.0,2026-04-19
00065,BANCO MUNICIPAL DE ROSARIO,publico,informacion_estructura,Cantidad de Empresas,Dic-2025,315.0,2026-04-19
00065,BANCO MUNICIPAL DE ROSARIO,publico,informacion_estructura,Cantidad de Cuentas,Ene-2026,19667.0,2026-04-19
00065,BANCO MUNICIPAL DE ROSARIO,publico,informacion_estructura,Cantidad de Empresas,Ene-2026,300.0,2026-04-19
00065,BANCO MUNICIPAL DE ROSARIO,publico,informacion_estructura,SANTA FE,Habilitadas,15.0,2026-04-19
00065,BANCO MUNICIPAL DE ROSARIO,publico,informacion_estructura,SANTA FE,Habilitadas,,2026-04-19
00065,BANCO MUNICIPAL DE ROSARIO,publico,informacion_estructura,SANTA FE,Habilitadas,1.0,2026-04-19
00065,BANCO MUNICIPAL DE ROSARIO,publico,informacion_estructura,SANTA FE,Habilitadas,127.0,2026-04-19
00065,BANCO MUNICIPAL DE ROSARIO,publico,informacion_estructura,SANTA FE,Habilitadas,30.0,2026-04-19
00065,BANCO MUNICIPAL DE ROSARIO,publico,informacion_estructura,SANTA FE,Habilitadas,,2026-04-19
00065,BANCO MUNICIPAL DE ROSARIO,publico,informacion_estructura,SANTA FE,Habilitadas,13.0,2026-04-19
00065,BANCO MUNICIPAL DE ROSARIO,publico,informacion_estructura,SANTA FE,Pendientes de habilitación,,2026-04-19
00065,BANCO MUNICIPAL DE ROSARIO,publico,informacion_estructura,SANTA FE,Total,15.0,2026-04-19
00034,BANCO PATAGONIA S.A.,privado_nacional,informacion_estructura,Cantidad de operaciones por préstamos hipotecarios,Dic-2023,601.0,2026-04-19
00034,BANCO PATAGONIA S.A.,privado_nacional,informacion_estructura,Cantidad de cuentas corrientes,Dic-2023,169944.0,2026-04-19
00034,BANCO PATAGONIA S.A.,privado_nacional,informacion_estructura,Cantidad de cuentas de ahorro,Dic-2023,2256765.0,2026-04-19
00034,BANCO PATAGONIA S.A.,privado_nacional,informacion_estructura,Cantidad de cajas de ahorro de ayuda social,Dic-2023,50823.0,2026-04-19
00034,BANCO PATAGONIA S.A.,privado_nacional,informacion_estructura,Cantidad de cuentas previsionales,Dic-2023,238301.0,2026-04-19
00034,BANCO PATAGONIA S.A.,privado_nacional,informacion_estructura,Cantidad de operaciones a plazo fijo Individuos,Dic-2023,148355.0,2026-04-19
00034,BANCO PATAGONIA S.A.,privado_nacional,informacion_estructura,Cantidad de operaciones a plazo fijo Empresas,Dic-2023,3422.0,2026-04-19
00034,BANCO PATAGONIA S.A.,privado_nacional,informacion_estructura,Cantidad de operaciones por otros préstamos,Dic-2023,903600.0,2026-04-19
00034,BANCO PATAGONIA S.A.,privado_nacional,informacion_estructura,Dotación de personal,Dic-2023,2909.0,2026-04-19
00034,BANCO PATAGONIA S.A.,privado_nacional,informacion_estructura,Cantidad de titulares por tarjetas de crédito,Dic-2023,619894.0,2026-04-19
00034,BANCO PATAGONIA S.A.,privado_nacional,informacion_estructura,Cantidad de tarjetas de crédito (plásticos),Dic-2023,908258.0,2026-04-19
00034,BANCO PATAGONIA S.A.,privado_nacional,informacion_estructura,Cantidad de tarjetas de débito,Dic-2023,2398623.0,2026-04-19
00034,BANCO PATAGONIA S.A.,privado_nacional,informacion_estructura,Cantidad de operaciones por préstamos hipotecarios,Dic-2024,758.0,2026-04-19
00034,BANCO PATAGONIA S.A.,privado_nacional,informacion_estructura,Cantidad de cuentas corrientes,Dic-2024,171296.0,2026-04-19
00034,BANCO PATAGONIA S.A.,privado_nacional,informacion_estructura,Cantidad de cuentas de ahorro,Dic-2024,2332198.0,2026-04-19
00034,BANCO PATAGONIA S.A.,privado_nacional,informacion_estructura,Cantidad de cajas de ahorro de ayuda social,Dic-2024,83756.0,2026-04-19
00034,BANCO PATAGONIA S.A.,privado_nacional,informacion_estructura,Cantidad de cuentas previsionales,Dic-2024,233785.0,2026-04-19
00034,BANCO PATAGONIA S.A.,privado_nacional,informacion_estructura,Cantidad de operaciones a plazo fijo Individuos,Dic-2024,82440.0,2026-04-19
00034,BANCO PATAGONIA S.A.,privado_nacional,informacion_estructura,Cantidad de operaciones a plazo fijo Empresas,Dic-2024,2910.0,2026-04-19
00034,BANCO PATAGONIA S.A.,privado_nacional,informacion_estructura,Cantidad de operaciones por otros préstamos,Dic-2024,990614.0,2026-04-19
00034,BANCO PATAGONIA S.A.,privado_nacional,informacion_estructura,Dotación de personal,Dic-2024,2875.0,2026-04-19
00034,BANCO PATAGONIA S.A.,privado_nacional,informacion_estructura,Cantidad de titulares por tarjetas de crédito,Dic-2024,617638.0,2026-04-19
00034,BANCO PATAGONIA S.A.,privado_nacional,informacion_estructura,Cantidad de tarjetas de crédito (plásticos),Dic-2024,922702.0,2026-04-19
00034,BANCO PATAGONIA S.A.,privado_nacional,informacion_estructura,Cantidad de tarjetas de débito,Dic-2024,2457134.0,2026-04-19
00034,BANCO PATAGONIA S.A.,privado_nacional,informacion_estructura,Cantidad de operaciones por préstamos hipotecarios,Jun-2025,1212.0,2026-04-19
00034,BANCO PATAGONIA S.A.,privado_nacional,informacion_estructura,Cantidad de cuentas corrientes,Jun-2025,167676.0,2026-04-19
00034,BANCO PATAGONIA S.A.,privado_nacional,informacion_estructura,Cantidad de cuentas de ahorro,Jun-2025,3438100.0,2026-04-19
00034,BANCO PATAGONIA S.A.,privado_nacional,informacion_estructura,Cantidad de cajas de ahorro de ayuda social,Jun-2025,73710.0,2026-04-19
00034,BANCO PATAGONIA S.A.,privado_nacional,informacion_estructura,Cantidad de cuentas previsionales,Jun-2025,229555.0,2026-04-19
00034,BANCO PATAGONIA S.A.,privado_nacional,informacion_estructura,Cantidad de operaciones a plazo fijo Individuos,Jun-2025,79922.0,2026-04-19
00034,BANCO PATAGONIA S.A.,privado_nacional,informacion_estructura,Cantidad de operaciones a plazo fijo Empresas,Jun-2025,3055.0,2026-04-19
00034,BANCO PATAGONIA S.A.,privado_nacional,informacion_estructura,Cantidad de operaciones por otros préstamos,Jun-2025,1031126.0,2026-04-19
00034,BANCO PATAGONIA S.A.,privado_nacional,informacion_estructura,Dotación de personal,Jun-2025,2852.0,2026-04-19
00034,BANCO PATAGONIA S.A.,privado_nacional,informacion_estructura,Cantidad de titulares por tarjetas de crédito,Jun-2025,618015.0,2026-04-19
00034,BANCO PATAGONIA S.A.,privado_nacional,informacion_estructura,Cantidad de tarjetas de crédito (plásticos),Jun-2025,933471.0,2026-04-19
00034,BANCO PATAGONIA S.A.,privado_nacional,informacion_estructura,Cantidad de tarjetas de débito,Jun-2025,2424464.0,2026-04-19
00034,BANCO PATAGONIA S.A.,privado_nacional,informacion_estructura,Cantidad de operaciones por préstamos hipotecarios,Set-2025,1431.0,2026-04-19
00034,BANCO PATAGONIA S.A.,privado_nacional,informacion_estructura,Cantidad de cuentas corrientes,Set-2025,165770.0,2026-04-19
00034,BANCO PATAGONIA S.A.,privado_nacional,informacion_estructura,Cantidad de cuentas de ahorro,Set-2025,3470758.0,2026-04-19
00034,BANCO PATAGONIA S.A.,privado_nacional,informacion_estructura,Cantidad de cajas de ahorro de ayuda social,Set-2025,51886.0,2026-04-19
00034,BANCO PATAGONIA S.A.,privado_nacional,informacion_estructura,Cantidad de cuentas previsionales,Set-2025,227312.0,2026-04-19
00034,BANCO PATAGONIA S.A.,privado_nacional,informacion_estructura,Cantidad de operaciones a plazo fijo Individuos,Set-2025,79831.0,2026-04-19
00034,BANCO PATAGONIA S.A.,privado_nacional,informacion_estructura,Cantidad de operaciones a plazo fijo Empresas,Set-2025,3583.0,2026-04-19
00034,BANCO PATAGONIA S.A.,privado_nacional,informacion_estructura,Cantidad de operaciones por otros préstamos,Set-2025,1009902.0,2026-04-19
00034,BANCO PATAGONIA S.A.,privado_nacional,informacion_estructura,Dotación de personal,Set-2025,2848.0,2026-04-19
00034,BANCO PATAGONIA S.A.,privado_nacional,informacion_estructura,Cantidad de titulares por tarjetas de crédito,Set-2025,616733.0,2026-04-19
00034,BANCO PATAGONIA S.A.,privado_nacional,informacion_estructura,Cantidad de tarjetas de crédito (plásticos),Set-2025,642034.0,2026-04-19
00034,BANCO PATAGONIA S.A.,privado_nacional,informacion_estructura,Cantidad de tarjetas de débito,Set-2025,2403682.0,2026-04-19
00034,BANCO PATAGONIA S.A.,privado_nacional,informacion_estructura,Cantidad de operaciones por préstamos hipotecarios,Dic-2025,1519.0,2026-04-19
00034,BANCO PATAGONIA S.A.,privado_nacional,informacion_estructura,Cantidad de cuentas corrientes,Dic-2025,163210.0,2026-04-19
00034,BANCO PATAGONIA S.A.,privado_nacional,informacion_estructura,Cantidad de cuentas de ahorro,Dic-2025,3538797.0,2026-04-19
00034,BANCO PATAGONIA S.A.,privado_nacional,informacion_estructura,Cantidad de cajas de ahorro de ayuda social,Dic-2025,42883.0,2026-04-19
00034,BANCO PATAGONIA S.A.,privado_nacional,informacion_estructura,Cantidad de cuentas previsionales,Dic-2025,226508.0,2026-04-19
00034,BANCO PATAGONIA S.A.,privado_nacional,informacion_estructura,Cantidad de operaciones a plazo fijo Individuos,Dic-2025,68456.0,2026-04-19
00034,BANCO PATAGONIA S.A.,privado_nacional,informacion_estructura,Cantidad de operaciones a plazo fijo Empresas,Dic-2025,2905.0,2026-04-19
00034,BANCO PATAGONIA S.A.,privado_nacional,informacion_estructura,Cantidad de operaciones por otros préstamos,Dic-2025,997362.0,2026-04-19
00034,BANCO PATAGONIA S.A.,privado_nacional,informacion_estructura,Dotación de personal,Dic-2025,2828.0,2026-04-19
00034,BANCO PATAGONIA S.A.,privado_nacional,informacion_estructura,Cantidad de titulares por tarjetas de crédito,Dic-2025,629205.0,2026-04-19
00034,BANCO PATAGONIA S.A.,privado_nacional,informacion_estructura,Cantidad de tarjetas de crédito (plásticos),Dic-2025,929892.0,2026-04-19
00034,BANCO PATAGONIA S.A.,privado_nacional,informacion_estructura,Cantidad de tarjetas de débito,Dic-2025,2412297.0,2026-04-19
00034,BANCO PATAGONIA S.A.,privado_nacional,informacion_estructura,Cantidad de Cuentas,Dic-2023,288803.0,2026-04-19
00034,BANCO PATAGONIA S.A.,privado_nacional,informacion_estructura,Cantidad de Empresas,Dic-2023,13245.0,2026-04-19
00034,BANCO PATAGONIA S.A.,privado_nacional,informacion_estructura,Cantidad de Cuentas,Dic-2024,277049.0,2026-04-19
00034,BANCO PATAGONIA S.A.,privado_nacional,informacion_estructura,Cantidad de Empresas,Dic-2024,13516.0,2026-04-19
00034,BANCO PATAGONIA S.A.,privado_nacional,informacion_estructura,Cantidad de Cuentas,Nov-2025,261182.0,2026-04-19
00034,BANCO PATAGONIA S.A.,privado_nacional,informacion_estructura,Cantidad de Empresas,Nov-2025,12531.0,2026-04-19
00034,BANCO PATAGONIA S.A.,privado_nacional,informacion_estructura,Cantidad de Cuentas,Dic-2025,279581.0,2026-04-19
00034,BANCO PATAGONIA S.A.,privado_nacional,informacion_estructura,Cantidad de Empresas,Dic-2025,12430.0,2026-04-19
00034,BANCO PATAGONIA S.A.,privado_nacional,informacion_estructura,Cantidad de Cuentas,Ene-2026,261842.0,2026-04-19
00034,BANCO PATAGONIA S.A.,privado_nacional,informacion_estructura,Cantidad de Empresas,Ene-2026,10379.0,2026-04-19
00034,BANCO PATAGONIA S.A.,privado_nacional,informacion_estructura,CABA,Habilitadas,42.0,2026-04-19
00034,BANCO PATAGONIA S.A.,privado_nacional,informacion_estructura,BUENOS AIRES,Habilitadas,51.0,2026-04-19
00034,BANCO PATAGONIA S.A.,privado_nacional,informacion_estructura,CATAMARCA,Habilitadas,1.0,2026-04-19
00034,BANCO PATAGONIA S.A.,privado_nacional,informacion_estructura,CÓRDOBA,Habilitadas,8.0,2026-04-19
00034,BANCO PATAGONIA S.A.,privado_nacional,informacion_estructura,CORRIENTES,Habilitadas,3.0,2026-04-19
00034,BANCO PATAGONIA S.A.,privado_nacional,informacion_estructura,CHACO,Habilitadas,2.0,2026-04-19
00034,BANCO PATAGONIA S.A.,privado_nacional,informacion_estructura,CHUBUT,Habilitadas,6.0,2026-04-19
00034,BANCO PATAGONIA S.A.,privado_nacional,informacion_estructura,ENTRE RÍOS,Habilitadas,2.0,2026-04-19
00034,BANCO PATAGONIA S.A.,privado_nacional,informacion_estructura,FORMOSA,Habilitadas,1.0,2026-04-19
00034,BANCO PATAGONIA S.A.,privado_nacional,informacion_estructura,JUJUY,Habilitadas,1.0,2026-04-19
00034,BANCO PATAGONIA S.A.,privado_nacional,informacion_estructura,LA PAMPA,Habilitadas,2.0,2026-04-19
00034,BANCO PATAGONIA S.A.,privado_nacional,informacion_estructura,LA RIOJA,Habilitadas,2.0,2026-04-19
00034,BANCO PATAGONIA S.A.,privado_nacional,informacion_estructura,MENDOZA,Habilitadas,5.0,2026-04-19
00034,BANCO PATAGONIA S.A.,privado_nacional,informacion_estructura,MISIONES,Habilitadas,1.0,2026-04-19
00034,BANCO PATAGONIA S.A.,privado_nacional,informacion_estructura,NEUQUÉN,Habilitadas,6.0,2026-04-19
00034,BANCO PATAGONIA S.A.,privado_nacional,informacion_estructura,RÍO NEGRO,Habilitadas,28.0,2026-04-19
00034,BANCO PATAGONIA S.A.,privado_nacional,informacion_estructura,SALTA,Habilitadas,3.0,2026-04-19
00034,BANCO PATAGONIA S.A.,privado_nacional,informacion_estructura,SAN JUAN,Habilitadas,1.0,2026-04-19
00034,BANCO PATAGONIA S.A.,privado_nacional,informacion_estructura,SAN LUIS,Habilitadas,2.0,2026-04-19
00034,BANCO PATAGONIA S.A.,privado_nacional,informacion_estructura,SANTA CRUZ,Habilitadas,4.0,2026-04-19
00034,BANCO PATAGONIA S.A.,privado_nacional,informacion_estructura,SANTA FE,Habilitadas,8.0,2026-04-19
00034,BANCO PATAGONIA S.A.,privado_nacional,informacion_estructura,SANTIAGO DEL ESTERO,Habilitadas,1.0,2026-04-19
00034,BANCO PATAGONIA S.A.,privado_nacional,informacion_estructura,TUCUMÁN,Habilitadas,2.0,2026-04-19
00034,BANCO PATAGONIA S.A.,privado_nacional,informacion_estructura,TIERRA DE FUEGO,Habilitadas,2.0,2026-04-19
00034,BANCO PATAGONIA S.A.,privado_nacional,informacion_estructura,CABA,Habilitadas,,2026-04-19
00034,BANCO PATAGONIA S.A.,privado_nacional,informacion_estructura,BUENOS AIRES,Habilitadas,,2026-04-19
00034,BANCO PATAGONIA S.A.,privado_nacional,informacion_estructura,CATAMARCA,Habilitadas,,2026-04-19
00034,BANCO PATAGONIA S.A.,privado_nacional,informacion_estructura,CÓRDOBA,Habilitadas,,2026-04-19
00034,BANCO PATAGONIA S.A.,privado_nacional,informacion_estructura,CORRIENTES,Habilitadas,,2026-04-19
00034,BANCO PATAGONIA S.A.,privado_nacional,informacion_estructura,CHACO,Habilitadas,,2026-04-19
00034,BANCO PATAGONIA S.A.,privado_nacional,informacion_estructura,CHUBUT,Habilitadas,,2026-04-19
00034,BANCO PATAGONIA S.A.,privado_nacional,informacion_estructura,ENTRE RÍOS,Habilitadas,,2026-04-19
00034,BANCO PATAGONIA S.A.,privado_nacional,informacion_estructura,FORMOSA,Habilitadas,,2026-04-19
00034,BANCO PATAGONIA S.A.,privado_nacional,informacion_estructura,JUJUY,Habilitadas,,2026-04-19
00034,BANCO PATAGONIA S.A.,privado_nacional,informacion_estructura,LA PAMPA,Habilitadas,,2026-04-19
00034,BANCO PATAGONIA S.A.,privado_nacional,informacion_estructura,LA RIOJA,Habilitadas,,2026-04-19
00034,BANCO PATAGONIA S.A.,privado_nacional,informacion_estructura,MENDOZA,Habilitadas,,2026-04-19
00034,BANCO PATAGONIA S.A.,privado_nacional,informacion_estructura,MISIONES,Habilitadas,,2026-04-19
00034,BANCO PATAGONIA S.A.,privado_nacional,informacion_estructura,NEUQUÉN,Habilitadas,,2026-04-19
00034,BANCO PATAGONIA S.A.,privado_nacional,informacion_estructura,RÍO NEGRO,Habilitadas,,2026-04-19
00034,BANCO PATAGONIA S.A.,privado_nacional,informacion_estructura,SALTA,Habilitadas,,2026-04-19
00034,BANCO PATAGONIA S.A.,privado_nacional,informacion_estructura,SAN JUAN,Habilitadas,,2026-04-19
00034,BANCO PATAGONIA S.A.,privado_nacional,informacion_estructura,SAN LUIS,Habilitadas,,2026-04-19
00034,BANCO PATAGONIA S.A.,privado_nacional,informacion_estructura,SANTA CRUZ,Habilitadas,,2026-04-19
00034,BANCO PATAGONIA S.A.,privado_nacional,informacion_estructura,SANTA FE,Habilitadas,,2026-04-19
00034,BANCO PATAGONIA S.A.,privado_nacional,informacion_estructura,SANTIAGO DEL ESTERO,Habilitadas,,2026-04-19
00034,BANCO PATAGONIA S.A.,privado_nacional,informacion_estructura,TUCUMÁN,Habilitadas,,2026-04-19
00034,BANCO PATAGONIA S.A.,privado_nacional,informacion_estructura,TIERRA DE FUEGO,Habilitadas,,2026-04-19
00034,BANCO PATAGONIA S.A.,privado_nacional,informacion_estructura,CABA,Habilitadas,,2026-04-19
00034,BANCO PATAGONIA S.A.,privado_nacional,informacion_estructura,BUENOS AIRES,Habilitadas,,2026-04-19
00034,BANCO PATAGONIA S.A.,privado_nacional,informacion_estructura,CATAMARCA,Habilitadas,,2026-04-19
00034,BANCO PATAGONIA S.A.,privado_nacional,informacion_estructura,CÓRDOBA,Habilitadas,,2026-04-19
00034,BANCO PATAGONIA S.A.,privado_nacional,informacion_estructura,CORRIENTES,Habilitadas,,2026-04-19
00034,BANCO PATAGONIA S.A.,privado_nacional,informacion_estructura,CHACO,Habilitadas,,2026-04-19
00034,BANCO PATAGONIA S.A.,privado_nacional,informacion_estructura,CHUBUT,Habilitadas,,2026-04-19
00034,BANCO PATAGONIA S.A.,privado_nacional,informacion_estructura,ENTRE RÍOS,Habilitadas,,2026-04-19
00034,BANCO PATAGONIA S.A.,privado_nacional,informacion_estructura,FORMOSA,Habilitadas,,2026-04-19
00034,BANCO PATAGONIA S.A.,privado_nacional,informacion_estructura,JUJUY,Habilitadas,,2026-04-19
00034,BANCO PATAGONIA S.A.,privado_nacional,informacion_estructura,LA PAMPA,Habilitadas,,2026-04-19
00034,BANCO PATAGONIA S.A.,privado_nacional,informacion_estructura,LA RIOJA,Habilitadas,,2026-04-19
00034,BANCO PATAGONIA S.A.,privado_nacional,informacion_estructura,MENDOZA,Habilitadas,,2026-04-19
00034,BANCO PATAGONIA S.A.,privado_nacional,informacion_estructura,MISIONES,Habilitadas,,2026-04-19
00034,BANCO PATAGONIA S.A.,privado_nacional,informacion_estructura,NEUQUÉN,Habilitadas,,2026-04-19
00034,BANCO PATAGONIA S.A.,privado_nacional,informacion_estructura,RÍO NEGRO,Habilitadas,,2026-04-19
00034,BANCO PATAGONIA S.A.,privado_nacional,informacion_estructura,SALTA,Habilitadas,,2026-04-19
00034,BANCO PATAGONIA S.A.,privado_nacional,informacion_estructura,SAN JUAN,Habilitadas,,2026-04-19
00034,BANCO PATAGONIA S.A.,privado_nacional,informacion_estructura,SAN LUIS,Habilitadas,,2026-04-19
00034,BANCO PATAGONIA S.A.,privado_nacional,informacion_estructura,SANTA CRUZ,Habilitadas,,2026-04-19
00034,BANCO PATAGONIA S.A.,privado_nacional,informacion_estructura,SANTA FE,Habilitadas,,2026-04-19
00034,BANCO PATAGONIA S.A.,privado_nacional,informacion_estructura,SANTIAGO DEL ESTERO,Habilitadas,,2026-04-19
00034,BANCO PATAGONIA S.A.,privado_nacional,informacion_estructura,TUCUMÁN,Habilitadas,,2026-04-19
00034,BANCO PATAGONIA S.A.,privado_nacional,informacion_estructura,TIERRA DE FUEGO,Habilitadas,,2026-04-19
00034,BANCO PATAGONIA S.A.,privado_nacional,informacion_estructura,CABA,Habilitadas,104.0,2026-04-19
00034,BANCO PATAGONIA S.A.,privado_nacional,informacion_estructura,BUENOS AIRES,Habilitadas,130.0,2026-04-19
00034,BANCO PATAGONIA S.A.,privado_nacional,informacion_estructura,CATAMARCA,Habilitadas,2.0,2026-04-19
00034,BANCO PATAGONIA S.A.,privado_nacional,informacion_estructura,CÓRDOBA,Habilitadas,20.0,2026-04-19
00034,BANCO PATAGONIA S.A.,privado_nacional,informacion_estructura,CORRIENTES,Habilitadas,15.0,2026-04-19
00034,BANCO PATAGONIA S.A.,privado_nacional,informacion_estructura,CHACO,Habilitadas,7.0,2026-04-19
00034,BANCO PATAGONIA S.A.,privado_nacional,informacion_estructura,CHUBUT,Habilitadas,15.0,2026-04-19
00034,BANCO PATAGONIA S.A.,privado_nacional,informacion_estructura,ENTRE RÍOS,Habilitadas,4.0,2026-04-19
00034,BANCO PATAGONIA S.A.,privado_nacional,informacion_estructura,FORMOSA,Habilitadas,2.0,2026-04-19
00034,BANCO PATAGONIA S.A.,privado_nacional,informacion_estructura,JUJUY,Habilitadas,4.0,2026-04-19
00034,BANCO PATAGONIA S.A.,privado_nacional,informacion_estructura,LA PAMPA,Habilitadas,3.0,2026-04-19
00034,BANCO PATAGONIA S.A.,privado_nacional,informacion_estructura,LA RIOJA,Habilitadas,6.0,2026-04-19
00034,BANCO PATAGONIA S.A.,privado_nacional,informacion_estructura,MENDOZA,Habilitadas,15.0,2026-04-19
00034,BANCO PATAGONIA S.A.,privado_nacional,informacion_estructura,MISIONES,Habilitadas,6.0,2026-04-19
00034,BANCO PATAGONIA S.A.,privado_nacional,informacion_estructura,NEUQUÉN,Habilitadas,14.0,2026-04-19
00034,BANCO PATAGONIA S.A.,privado_nacional,informacion_estructura,RÍO NEGRO,Habilitadas,138.0,2026-04-19
00034,BANCO PATAGONIA S.A.,privado_nacional,informacion_estructura,SALTA,Habilitadas,10.0,2026-04-19
00034,BANCO PATAGONIA S.A.,privado_nacional,informacion_estructura,SAN JUAN,Habilitadas,3.0,2026-04-19
00034,BANCO PATAGONIA S.A.,privado_nacional,informacion_estructura,SAN LUIS,Habilitadas,6.0,2026-04-19
00034,BANCO PATAGONIA S.A.,privado_nacional,informacion_estructura,SANTA CRUZ,Habilitadas,11.0,2026-04-19
00034,BANCO PATAGONIA S.A.,privado_nacional,informacion_estructura,SANTA FE,Habilitadas,22.0,2026-04-19
00034,BANCO PATAGONIA S.A.,privado_nacional,informacion_estructura,SANTIAGO DEL ESTERO,Habilitadas,2.0,2026-04-19
00034,BANCO PATAGONIA S.A.,privado_nacional,informacion_estructura,TUCUMÁN,Habilitadas,5.0,2026-04-19
00034,BANCO PATAGONIA S.A.,privado_nacional,informacion_estructura,TIERRA DE FUEGO,Habilitadas,6.0,2026-04-19
00034,BANCO PATAGONIA S.A.,privado_nacional,informacion_estructura,CABA,Habilitadas,78.0,2026-04-19
00034,BANCO PATAGONIA S.A.,privado_nacional,informacion_estructura,BUENOS AIRES,Habilitadas,95.0,2026-04-19
00034,BANCO PATAGONIA S.A.,privado_nacional,informacion_estructura,CATAMARCA,Habilitadas,1.0,2026-04-19
00034,BANCO PATAGONIA S.A.,privado_nacional,informacion_estructura,CÓRDOBA,Habilitadas,15.0,2026-04-19
00034,BANCO PATAGONIA S.A.,privado_nacional,informacion_estructura,CORRIENTES,Habilitadas,10.0,2026-04-19
00034,BANCO PATAGONIA S.A.,privado_nacional,informacion_estructura,CHACO,Habilitadas,6.0,2026-04-19
00034,BANCO PATAGONIA S.A.,privado_nacional,informacion_estructura,CHUBUT,Habilitadas,11.0,2026-04-19
00034,BANCO PATAGONIA S.A.,privado_nacional,informacion_estructura,ENTRE RÍOS,Habilitadas,6.0,2026-04-19
00034,BANCO PATAGONIA S.A.,privado_nacional,informacion_estructura,FORMOSA,Habilitadas,4.0,2026-04-19
00034,BANCO PATAGONIA S.A.,privado_nacional,informacion_estructura,JUJUY,Habilitadas,2.0,2026-04-19
00034,BANCO PATAGONIA S.A.,privado_nacional,informacion_estructura,LA PAMPA,Habilitadas,3.0,2026-04-19
00034,BANCO PATAGONIA S.A.,privado_nacional,informacion_estructura,LA RIOJA,Habilitadas,3.0,2026-04-19
00034,BANCO PATAGONIA S.A.,privado_nacional,informacion_estructura,MENDOZA,Habilitadas,11.0,2026-04-19
00034,BANCO PATAGONIA S.A.,privado_nacional,informacion_estructura,MISIONES,Habilitadas,3.0,2026-04-19
00034,BANCO PATAGONIA S.A.,privado_nacional,informacion_estructura,NEUQUÉN,Habilitadas,10.0,2026-04-19
00034,BANCO PATAGONIA S.A.,privado_nacional,informacion_estructura,RÍO NEGRO,Habilitadas,66.0,2026-04-19
00034,BANCO PATAGONIA S.A.,privado_nacional,informacion_estructura,SALTA,Habilitadas,6.0,2026-04-19
00034,BANCO PATAGONIA S.A.,privado_nacional,informacion_estructura,SAN JUAN,Habilitadas,3.0,2026-04-19
00034,BANCO PATAGONIA S.A.,privado_nacional,informacion_estructura,SAN LUIS,Habilitadas,3.0,2026-04-19
00034,BANCO PATAGONIA S.A.,privado_nacional,informacion_estructura,SANTA CRUZ,Habilitadas,9.0,2026-04-19
00034,BANCO PATAGONIA S.A.,privado_nacional,informacion_estructura,SANTA FE,Habilitadas,13.0,2026-04-19
00034,BANCO PATAGONIA S.A.,privado_nacional,informacion_estructura,SANTIAGO DEL ESTERO,Habilitadas,3.0,2026-04-19
00034,BANCO PATAGONIA S.A.,privado_nacional,informacion_estructura,TUCUMÁN,Habilitadas,3.0,2026-04-19
00034,BANCO PATAGONIA S.A.,privado_nacional,informacion_estructura,TIERRA DE FUEGO,Habilitadas,5.0,2026-04-19
00034,BANCO PATAGONIA S.A.,privado_nacional,informacion_estructura,CABA,Habilitadas,5.0,2026-04-19
00034,BANCO PATAGONIA S.A.,privado_nacional,informacion_estructura,BUENOS AIRES,Habilitadas,6.0,2026-04-19
00034,BANCO PATAGONIA S.A.,privado_nacional,informacion_estructura,CATAMARCA,Habilitadas,,2026-04-19
00034,BANCO PATAGONIA S.A.,privado_nacional,informacion_estructura,CÓRDOBA,Habilitadas,,2026-04-19
00034,BANCO PATAGONIA S.A.,privado_nacional,informacion_estructura,CORRIENTES,Habilitadas,1.0,2026-04-19
00034,BANCO PATAGONIA S.A.,privado_nacional,informacion_estructura,CHACO,Habilitadas,1.0,2026-04-19
00034,BANCO PATAGONIA S.A.,privado_nacional,informacion_estructura,CHUBUT,Habilitadas,,2026-04-19
00034,BANCO PATAGONIA S.A.,privado_nacional,informacion_estructura,ENTRE RÍOS,Habilitadas,,2026-04-19
00034,BANCO PATAGONIA S.A.,privado_nacional,informacion_estructura,FORMOSA,Habilitadas,,2026-04-19
00034,BANCO PATAGONIA S.A.,privado_nacional,informacion_estructura,JUJUY,Habilitadas,,2026-04-19
00034,BANCO PATAGONIA S.A.,privado_nacional,informacion_estructura,LA PAMPA,Habilitadas,,2026-04-19
00034,BANCO PATAGONIA S.A.,privado_nacional,informacion_estructura,LA RIOJA,Habilitadas,1.0,2026-04-19
00034,BANCO PATAGONIA S.A.,privado_nacional,informacion_estructura,MENDOZA,Habilitadas,,2026-04-19
00034,BANCO PATAGONIA S.A.,privado_nacional,informacion_estructura,MISIONES,Habilitadas,3.0,2026-04-19
00034,BANCO PATAGONIA S.A.,privado_nacional,informacion_estructura,NEUQUÉN,Habilitadas,,2026-04-19
00034,BANCO PATAGONIA S.A.,privado_nacional,informacion_estructura,RÍO NEGRO,Habilitadas,6.0,2026-04-19
00034,BANCO PATAGONIA S.A.,privado_nacional,informacion_estructura,SALTA,Habilitadas,1.0,2026-04-19
00034,BANCO PATAGONIA S.A.,privado_nacional,informacion_estructura,SAN JUAN,Habilitadas,,2026-04-19
00034,BANCO PATAGONIA S.A.,privado_nacional,informacion_estructura,SAN LUIS,Habilitadas,,2026-04-19
00034,BANCO PATAGONIA S.A.,privado_nacional,informacion_estructura,SANTA CRUZ,Habilitadas,,2026-04-19
00034,BANCO PATAGONIA S.A.,privado_nacional,informacion_estructura,SANTA FE,Habilitadas,1.0,2026-04-19
00034,BANCO PATAGONIA S.A.,privado_nacional,informacion_estructura,SANTIAGO DEL ESTERO,Habilitadas,,2026-04-19
00034,BANCO PATAGONIA S.A.,privado_nacional,informacion_estructura,TUCUMÁN,Habilitadas,,2026-04-19
00034,BANCO PATAGONIA S.A.,privado_nacional,informacion_estructura,TIERRA DE FUEGO,Habilitadas,,2026-04-19
00034,BANCO PATAGONIA S.A.,privado_nacional,informacion_estructura,CABA,Habilitadas,1.0,2026-04-19
00034,BANCO PATAGONIA S.A.,privado_nacional,informacion_estructura,BUENOS AIRES,Habilitadas,,2026-04-19
00034,BANCO PATAGONIA S.A.,privado_nacional,informacion_estructura,CATAMARCA,Habilitadas,,2026-04-19
00034,BANCO PATAGONIA S.A.,privado_nacional,informacion_estructura,CÓRDOBA,Habilitadas,2.0,2026-04-19
00034,BANCO PATAGONIA S.A.,privado_nacional,informacion_estructura,CORRIENTES,Habilitadas,,2026-04-19
00034,BANCO PATAGONIA S.A.,privado_nacional,informacion_estructura,CHACO,Habilitadas,,2026-04-19
00034,BANCO PATAGONIA S.A.,privado_nacional,informacion_estructura,CHUBUT,Habilitadas,,2026-04-19
00034,BANCO PATAGONIA S.A.,privado_nacional,informacion_estructura,ENTRE RÍOS,Habilitadas,,2026-04-19
00034,BANCO PATAGONIA S.A.,privado_nacional,informacion_estructura,FORMOSA,Habilitadas,,2026-04-19
00034,BANCO PATAGONIA S.A.,privado_nacional,informacion_estructura,JUJUY,Habilitadas,,2026-04-19
00034,BANCO PATAGONIA S.A.,privado_nacional,informacion_estructura,LA PAMPA,Habilitadas,,2026-04-19
00034,BANCO PATAGONIA S.A.,privado_nacional,informacion_estructura,LA RIOJA,Habilitadas,,2026-04-19
00034,BANCO PATAGONIA S.A.,privado_nacional,informacion_estructura,MENDOZA,Habilitadas,,2026-04-19
00034,BANCO PATAGONIA S.A.,privado_nacional,informacion_estructura,MISIONES,Habilitadas,,2026-04-19
00034,BANCO PATAGONIA S.A.,privado_nacional,informacion_estructura,NEUQUÉN,Habilitadas,,2026-04-19
00034,BANCO PATAGONIA S.A.,privado_nacional,informacion_estructura,RÍO NEGRO,Habilitadas,,2026-04-19
00034,BANCO PATAGONIA S.A.,privado_nacional,informacion_estructura,SALTA,Habilitadas,,2026-04-19
00034,BANCO PATAGONIA S.A.,privado_nacional,informacion_estructura,SAN JUAN,Habilitadas,,2026-04-19
00034,BANCO PATAGONIA S.A.,privado_nacional,informacion_estructura,SAN LUIS,Habilitadas,,2026-04-19
00034,BANCO PATAGONIA S.A.,privado_nacional,informacion_estructura,SANTA CRUZ,Habilitadas,,2026-04-19
00034,BANCO PATAGONIA S.A.,privado_nacional,informacion_estructura,SANTA FE,Habilitadas,,2026-04-19
00034,BANCO PATAGONIA S.A.,privado_nacional,informacion_estructura,SANTIAGO DEL ESTERO,Habilitadas,,2026-04-19
00034,BANCO PATAGONIA S.A.,privado_nacional,informacion_estructura,TUCUMÁN,Habilitadas,,2026-04-19
00034,BANCO PATAGONIA S.A.,privado_nacional,informacion_estructura,TIERRA DE FUEGO,Habilitadas,,2026-04-19
00034,BANCO PATAGONIA S.A.,privado_nacional,informacion_estructura,CABA,Pendientes de habilitación,,2026-04-19
00034,BANCO PATAGONIA S.A.,privado_nacional,informacion_estructura,BUENOS AIRES,Pendientes de habilitación,,2026-04-19
00034,BANCO PATAGONIA S.A.,privado_nacional,informacion_estructura,CATAMARCA,Pendientes de habilitación,,2026-04-19
00034,BANCO PATAGONIA S.A.,privado_nacional,informacion_estructura,CÓRDOBA,Pendientes de habilitación,,2026-04-19
00034,BANCO PATAGONIA S.A.,privado_nacional,informacion_estructura,CORRIENTES,Pendientes de habilitación,,2026-04-19
00034,BANCO PATAGONIA S.A.,privado_nacional,informacion_estructura,CHACO,Pendientes de habilitación,,2026-04-19
00034,BANCO PATAGONIA S.A.,privado_nacional,informacion_estructura,CHUBUT,Pendientes de habilitación,,2026-04-19
00034,BANCO PATAGONIA S.A.,privado_nacional,informacion_estructura,ENTRE RÍOS,Pendientes de habilitación,,2026-04-19
00034,BANCO PATAGONIA S.A.,privado_nacional,informacion_estructura,FORMOSA,Pendientes de habilitación,,2026-04-19
00034,BANCO PATAGONIA S.A.,privado_nacional,informacion_estructura,JUJUY,Pendientes de habilitación,,2026-04-19
00034,BANCO PATAGONIA S.A.,privado_nacional,informacion_estructura,LA PAMPA,Pendientes de habilitación,,2026-04-19
00034,BANCO PATAGONIA S.A.,privado_nacional,informacion_estructura,LA RIOJA,Pendientes de habilitación,,2026-04-19
00034,BANCO PATAGONIA S.A.,privado_nacional,informacion_estructura,MENDOZA,Pendientes de habilitación,,2026-04-19
00034,BANCO PATAGONIA S.A.,privado_nacional,informacion_estructura,MISIONES,Pendientes de habilitación,,2026-04-19
00034,BANCO PATAGONIA S.A.,privado_nacional,informacion_estructura,NEUQUÉN,Pendientes de habilitación,,2026-04-19
00034,BANCO PATAGONIA S.A.,privado_nacional,informacion_estructura,RÍO NEGRO,Pendientes de habilitación,,2026-04-19
00034,BANCO PATAGONIA S.A.,privado_nacional,informacion_estructura,SALTA,Pendientes de habilitación,,2026-04-19
00034,BANCO PATAGONIA S.A.,privado_nacional,informacion_estructura,SAN JUAN,Pendientes de habilitación,,2026-04-19
00034,BANCO PATAGONIA S.A.,privado_nacional,informacion_estructura,SAN LUIS,Pendientes de habilitación,,2026-04-19
00034,BANCO PATAGONIA S.A.,privado_nacional,informacion_estructura,SANTA CRUZ,Pendientes de habilitación,,2026-04-19
00034,BANCO PATAGONIA S.A.,privado_nacional,informacion_estructura,SANTA FE,Pendientes de habilitación,,2026-04-19
00034,BANCO PATAGONIA S.A.,privado_nacional,informacion_estructura,SANTIAGO DEL ESTERO,Pendientes de habilitación,,2026-04-19
00034,BANCO PATAGONIA S.A.,privado_nacional,informacion_estructura,TUCUMÁN,Pendientes de habilitación,,2026-04-19
00034,BANCO PATAGONIA S.A.,privado_nacional,informacion_estructura,TIERRA DE FUEGO,Pendientes de habilitación,,2026-04-19
00034,BANCO PATAGONIA S.A.,privado_nacional,informacion_estructura,CABA,Total,42.0,2026-04-19
00034,BANCO PATAGONIA S.A.,privado_nacional,informacion_estructura,BUENOS AIRES,Total,51.0,2026-04-19
00034,BANCO PATAGONIA S.A.,privado_nacional,informacion_estructura,CATAMARCA,Total,1.0,2026-04-19
00034,BANCO PATAGONIA S.A.,privado_nacional,informacion_estructura,CÓRDOBA,Total,8.0,2026-04-19
00034,BANCO PATAGONIA S.A.,privado_nacional,informacion_estructura,CORRIENTES,Total,3.0,2026-04-19
00034,BANCO PATAGONIA S.A.,privado_nacional,informacion_estructura,CHACO,Total,2.0,2026-04-19
00034,BANCO PATAGONIA S.A.,privado_nacional,informacion_estructura,CHUBUT,Total,6.0,2026-04-19
00034,BANCO PATAGONIA S.A.,privado_nacional,informacion_estructura,ENTRE RÍOS,Total,2.0,2026-04-19
00034,BANCO PATAGONIA S.A.,privado_nacional,informacion_estructura,FORMOSA,Total,1.0,2026-04-19
00034,BANCO PATAGONIA S.A.,privado_nacional,informacion_estructura,JUJUY,Total,1.0,2026-04-19
00034,BANCO PATAGONIA S.A.,privado_nacional,informacion_estructura,LA PAMPA,Total,2.0,2026-04-19
00034,BANCO PATAGONIA S.A.,privado_nacional,informacion_estructura,LA RIOJA,Total,2.0,2026-04-19
00034,BANCO PATAGONIA S.A.,privado_nacional,informacion_estructura,MENDOZA,Total,5.0,2026-04-19
00034,BANCO PATAGONIA S.A.,privado_nacional,informacion_estructura,MISIONES,Total,1.0,2026-04-19
00034,BANCO PATAGONIA S.A.,privado_nacional,informacion_estructura,NEUQUÉN,Total,6.0,2026-04-19
00034,BANCO PATAGONIA S.A.,privado_nacional,informacion_estructura,RÍO NEGRO,Total,28.0,2026-04-19
00034,BANCO PATAGONIA S.A.,privado_nacional,informacion_estructura,SALTA,Total,3.0,2026-04-19
00034,BANCO PATAGONIA S.A.,privado_nacional,informacion_estructura,SAN JUAN,Total,1.0,2026-04-19
00034,BANCO PATAGONIA S.A.,privado_nacional,informacion_estructura,SAN LUIS,Total,2.0,2026-04-19
00034,BANCO PATAGONIA S.A.,privado_nacional,informacion_estructura,SANTA CRUZ,Total,4.0,2026-04-19
00034,BANCO PATAGONIA S.A.,privado_nacional,informacion_estructura,SANTA FE,Total,8.0,2026-04-19
00034,BANCO PATAGONIA S.A.,privado_nacional,informacion_estructura,SANTIAGO DEL ESTERO,Total,1.0,2026-04-19
00034,BANCO PATAGONIA S.A.,privado_nacional,informacion_estructura,TUCUMÁN,Total,2.0,2026-04-19
00034,BANCO PATAGONIA S.A.,privado_nacional,informacion_estructura,TIERRA DE FUEGO,Total,2.0,2026-04-19
00301,BANCO PIANO S.A.,privado_nacional,informacion_estructura,Cantidad de cuentas corrientes,Dic-2023,111742.0,2026-04-19
00301,BANCO PIANO S.A.,privado_nacional,informacion_estructura,Cantidad de cuentas de ahorro,Dic-2023,419396.0,2026-04-19
00301,BANCO PIANO S.A.,privado_nacional,informacion_estructura,Cantidad de cajas de ahorro de ayuda social,Dic-2023,96435.0,2026-04-19
00301,BANCO PIANO S.A.,privado_nacional,informacion_estructura,Cantidad de cuentas previsionales,Dic-2023,365549.0,2026-04-19
00301,BANCO PIANO S.A.,privado_nacional,informacion_estructura,Cantidad de operaciones a plazo fijo Individuos,Dic-2023,16535.0,2026-04-19
00301,BANCO PIANO S.A.,privado_nacional,informacion_estructura,Cantidad de operaciones a plazo fijo Empresas,Dic-2023,30.0,2026-04-19
00301,BANCO PIANO S.A.,privado_nacional,informacion_estructura,Cantidad de operaciones por otros préstamos,Dic-2023,7.0,2026-04-19
00301,BANCO PIANO S.A.,privado_nacional,informacion_estructura,Dotación de personal,Dic-2023,659.0,2026-04-19
00301,BANCO PIANO S.A.,privado_nacional,informacion_estructura,Cantidad de tarjetas de débito,Dic-2023,474221.0,2026-04-19
00301,BANCO PIANO S.A.,privado_nacional,informacion_estructura,Cantidad de cuentas corrientes,Dic-2024,96487.0,2026-04-19
00301,BANCO PIANO S.A.,privado_nacional,informacion_estructura,Cantidad de cuentas de ahorro,Dic-2024,372699.0,2026-04-19
00301,BANCO PIANO S.A.,privado_nacional,informacion_estructura,Cantidad de cajas de ahorro de ayuda social,Dic-2024,92186.0,2026-04-19
00301,BANCO PIANO S.A.,privado_nacional,informacion_estructura,Cantidad de cuentas previsionales,Dic-2024,337667.0,2026-04-19
00301,BANCO PIANO S.A.,privado_nacional,informacion_estructura,Cantidad de operaciones a plazo fijo Individuos,Dic-2024,12040.0,2026-04-19
00301,BANCO PIANO S.A.,privado_nacional,informacion_estructura,Cantidad de operaciones a plazo fijo Empresas,Dic-2024,18.0,2026-04-19
00301,BANCO PIANO S.A.,privado_nacional,informacion_estructura,Cantidad de operaciones por otros préstamos,Dic-2024,8.0,2026-04-19
00301,BANCO PIANO S.A.,privado_nacional,informacion_estructura,Dotación de personal,Dic-2024,611.0,2026-04-19
00301,BANCO PIANO S.A.,privado_nacional,informacion_estructura,Cantidad de tarjetas de débito,Dic-2024,443793.0,2026-04-19
00301,BANCO PIANO S.A.,privado_nacional,informacion_estructura,Cantidad de cuentas corrientes,Jun-2025,88068.0,2026-04-19
00301,BANCO PIANO S.A.,privado_nacional,informacion_estructura,Cantidad de cuentas de ahorro,Jun-2025,400765.0,2026-04-19
00301,BANCO PIANO S.A.,privado_nacional,informacion_estructura,Cantidad de cajas de ahorro de ayuda social,Jun-2025,85718.0,2026-04-19
00301,BANCO PIANO S.A.,privado_nacional,informacion_estructura,Cantidad de cuentas previsionales,Jun-2025,327995.0,2026-04-19
00301,BANCO PIANO S.A.,privado_nacional,informacion_estructura,Cantidad de operaciones a plazo fijo Individuos,Jun-2025,11106.0,2026-04-19
00301,BANCO PIANO S.A.,privado_nacional,informacion_estructura,Cantidad de operaciones a plazo fijo Empresas,Jun-2025,18.0,2026-04-19
00301,BANCO PIANO S.A.,privado_nacional,informacion_estructura,Cantidad de operaciones por otros préstamos,Jun-2025,16.0,2026-04-19
00301,BANCO PIANO S.A.,privado_nacional,informacion_estructura,Dotación de personal,Jun-2025,580.0,2026-04-19
00301,BANCO PIANO S.A.,privado_nacional,informacion_estructura,Cantidad de tarjetas de débito,Jun-2025,307951.0,2026-04-19
00301,BANCO PIANO S.A.,privado_nacional,informacion_estructura,Cantidad de cuentas corrientes,Set-2025,84207.0,2026-04-19
00301,BANCO PIANO S.A.,privado_nacional,informacion_estructura,Cantidad de cuentas de ahorro,Set-2025,397518.0,2026-04-19
00301,BANCO PIANO S.A.,privado_nacional,informacion_estructura,Cantidad de cajas de ahorro de ayuda social,Set-2025,87945.0,2026-04-19
00301,BANCO PIANO S.A.,privado_nacional,informacion_estructura,Cantidad de cuentas previsionales,Set-2025,333558.0,2026-04-19
00301,BANCO PIANO S.A.,privado_nacional,informacion_estructura,Cantidad de operaciones a plazo fijo Individuos,Set-2025,10876.0,2026-04-19
00301,BANCO PIANO S.A.,privado_nacional,informacion_estructura,Cantidad de operaciones a plazo fijo Empresas,Set-2025,20.0,2026-04-19
00301,BANCO PIANO S.A.,privado_nacional,informacion_estructura,Cantidad de operaciones por otros préstamos,Set-2025,16.0,2026-04-19
00301,BANCO PIANO S.A.,privado_nacional,informacion_estructura,Dotación de personal,Set-2025,561.0,2026-04-19
00301,BANCO PIANO S.A.,privado_nacional,informacion_estructura,Cantidad de tarjetas de débito,Set-2025,293747.0,2026-04-19
00301,BANCO PIANO S.A.,privado_nacional,informacion_estructura,Cantidad de cuentas corrientes,Dic-2025,80900.0,2026-04-19
00301,BANCO PIANO S.A.,privado_nacional,informacion_estructura,Cantidad de cuentas de ahorro,Dic-2025,488861.0,2026-04-19
00301,BANCO PIANO S.A.,privado_nacional,informacion_estructura,Cantidad de cajas de ahorro de ayuda social,Dic-2025,83423.0,2026-04-19
00301,BANCO PIANO S.A.,privado_nacional,informacion_estructura,Cantidad de cuentas previsionales,Dic-2025,315154.0,2026-04-19
00301,BANCO PIANO S.A.,privado_nacional,informacion_estructura,Cantidad de operaciones a plazo fijo Individuos,Dic-2025,10199.0,2026-04-19
00301,BANCO PIANO S.A.,privado_nacional,informacion_estructura,Cantidad de operaciones a plazo fijo Empresas,Dic-2025,4.0,2026-04-19
00301,BANCO PIANO S.A.,privado_nacional,informacion_estructura,Cantidad de operaciones por otros préstamos,Dic-2025,15.0,2026-04-19
00301,BANCO PIANO S.A.,privado_nacional,informacion_estructura,Dotación de personal,Dic-2025,545.0,2026-04-19
00301,BANCO PIANO S.A.,privado_nacional,informacion_estructura,Cantidad de tarjetas de débito,Dic-2025,285423.0,2026-04-19
00301,BANCO PIANO S.A.,privado_nacional,informacion_estructura,CABA,Habilitadas,9.0,2026-04-19
00301,BANCO PIANO S.A.,privado_nacional,informacion_estructura,BUENOS AIRES,Habilitadas,28.0,2026-04-19
00301,BANCO PIANO S.A.,privado_nacional,informacion_estructura,SANTA FE,Habilitadas,2.0,2026-04-19
00301,BANCO PIANO S.A.,privado_nacional,informacion_estructura,CABA,Habilitadas,,2026-04-19
00301,BANCO PIANO S.A.,privado_nacional,informacion_estructura,BUENOS AIRES,Habilitadas,,2026-04-19
00301,BANCO PIANO S.A.,privado_nacional,informacion_estructura,SANTA FE,Habilitadas,,2026-04-19
00301,BANCO PIANO S.A.,privado_nacional,informacion_estructura,CABA,Habilitadas,,2026-04-19
00301,BANCO PIANO S.A.,privado_nacional,informacion_estructura,BUENOS AIRES,Habilitadas,,2026-04-19
00301,BANCO PIANO S.A.,privado_nacional,informacion_estructura,SANTA FE,Habilitadas,,2026-04-19
00301,BANCO PIANO S.A.,privado_nacional,informacion_estructura,CABA,Habilitadas,14.0,2026-04-19
00301,BANCO PIANO S.A.,privado_nacional,informacion_estructura,BUENOS AIRES,Habilitadas,137.0,2026-04-19
00301,BANCO PIANO S.A.,privado_nacional,informacion_estructura,SANTA FE,Habilitadas,9.0,2026-04-19
00301,BANCO PIANO S.A.,privado_nacional,informacion_estructura,CABA,Habilitadas,,2026-04-19
00301,BANCO PIANO S.A.,privado_nacional,informacion_estructura,BUENOS AIRES,Habilitadas,,2026-04-19
00301,BANCO PIANO S.A.,privado_nacional,informacion_estructura,SANTA FE,Habilitadas,,2026-04-19
00301,BANCO PIANO S.A.,privado_nacional,informacion_estructura,CABA,Habilitadas,,2026-04-19
00301,BANCO PIANO S.A.,privado_nacional,informacion_estructura,BUENOS AIRES,Habilitadas,,2026-04-19
00301,BANCO PIANO S.A.,privado_nacional,informacion_estructura,SANTA FE,Habilitadas,,2026-04-19
00301,BANCO PIANO S.A.,privado_nacional,informacion_estructura,CABA,Habilitadas,,2026-04-19
00301,BANCO PIANO S.A.,privado_nacional,informacion_estructura,BUENOS AIRES,Habilitadas,1.0,2026-04-19
00301,BANCO PIANO S.A.,privado_nacional,informacion_estructura,SANTA FE,Habilitadas,,2026-04-19
00301,BANCO PIANO S.A.,privado_nacional,informacion_estructura,CABA,Pendientes de habilitación,2.0,2026-04-19
00301,BANCO PIANO S.A.,privado_nacional,informacion_estructura,BUENOS AIRES,Pendientes de habilitación,,2026-04-19
00301,BANCO PIANO S.A.,privado_nacional,informacion_estructura,SANTA FE,Pendientes de habilitación,,2026-04-19
00301,BANCO PIANO S.A.,privado_nacional,informacion_estructura,CABA,Total,11.0,2026-04-19
00301,BANCO PIANO S.A.,privado_nacional,informacion_estructura,BUENOS AIRES,Total,28.0,2026-04-19
00301,BANCO PIANO S.A.,privado_nacional,informacion_estructura,SANTA FE,Total,2.0,2026-04-19
00268,BANCO PROVINCIA DE TIERRA DEL FUEGO,publico,informacion_estructura,Cantidad de cuentas corrientes,Dic-2023,1866.0,2026-04-19
00268,BANCO PROVINCIA DE TIERRA DEL FUEGO,publico,informacion_estructura,Cantidad de cuentas de ahorro,Dic-2023,85981.0,2026-04-19
00268,BANCO PROVINCIA DE TIERRA DEL FUEGO,publico,informacion_estructura,Cantidad de cajas de ahorro de ayuda social,Dic-2023,29552.0,2026-04-19
00268,BANCO PROVINCIA DE TIERRA DEL FUEGO,publico,informacion_estructura,Cantidad de cuentas previsionales,Dic-2023,11944.0,2026-04-19
00268,BANCO PROVINCIA DE TIERRA DEL FUEGO,publico,informacion_estructura,Cantidad de operaciones a plazo fijo Individuos,Dic-2023,7693.0,2026-04-19
00268,BANCO PROVINCIA DE TIERRA DEL FUEGO,publico,informacion_estructura,Cantidad de operaciones a plazo fijo Empresas,Dic-2023,455.0,2026-04-19
00268,BANCO PROVINCIA DE TIERRA DEL FUEGO,publico,informacion_estructura,Cantidad de operaciones por préstamos hipotecarios,Dic-2023,642.0,2026-04-19
00268,BANCO PROVINCIA DE TIERRA DEL FUEGO,publico,informacion_estructura,Cantidad de operaciones por préstamos prendarios,Dic-2023,92.0,2026-04-19
00268,BANCO PROVINCIA DE TIERRA DEL FUEGO,publico,informacion_estructura,Cantidad de operaciones por otros préstamos,Dic-2023,24568.0,2026-04-19
00268,BANCO PROVINCIA DE TIERRA DEL FUEGO,publico,informacion_estructura,Dotación de personal,Dic-2023,332.0,2026-04-19
00268,BANCO PROVINCIA DE TIERRA DEL FUEGO,publico,informacion_estructura,Cantidad de titulares por tarjetas de crédito,Dic-2023,30696.0,2026-04-19
00268,BANCO PROVINCIA DE TIERRA DEL FUEGO,publico,informacion_estructura,Cantidad de tarjetas de crédito (plásticos),Dic-2023,74044.0,2026-04-19
00268,BANCO PROVINCIA DE TIERRA DEL FUEGO,publico,informacion_estructura,Cantidad de tarjetas de débito,Dic-2023,80313.0,2026-04-19
00268,BANCO PROVINCIA DE TIERRA DEL FUEGO,publico,informacion_estructura,Cantidad de cuentas corrientes,Dic-2024,2025.0,2026-04-19
00268,BANCO PROVINCIA DE TIERRA DEL FUEGO,publico,informacion_estructura,Cantidad de cuentas de ahorro,Dic-2024,85418.0,2026-04-19
00268,BANCO PROVINCIA DE TIERRA DEL FUEGO,publico,informacion_estructura,Cantidad de cajas de ahorro de ayuda social,Dic-2024,25550.0,2026-04-19
00268,BANCO PROVINCIA DE TIERRA DEL FUEGO,publico,informacion_estructura,Cantidad de cuentas previsionales,Dic-2024,12123.0,2026-04-19
00268,BANCO PROVINCIA DE TIERRA DEL FUEGO,publico,informacion_estructura,Cantidad de operaciones a plazo fijo Individuos,Dic-2024,6514.0,2026-04-19
00268,BANCO PROVINCIA DE TIERRA DEL FUEGO,publico,informacion_estructura,Cantidad de operaciones a plazo fijo Empresas,Dic-2024,534.0,2026-04-19
00268,BANCO PROVINCIA DE TIERRA DEL FUEGO,publico,informacion_estructura,Cantidad de operaciones por préstamos hipotecarios,Dic-2024,346.0,2026-04-19
00268,BANCO PROVINCIA DE TIERRA DEL FUEGO,publico,informacion_estructura,Cantidad de operaciones por préstamos prendarios,Dic-2024,38.0,2026-04-19
00268,BANCO PROVINCIA DE TIERRA DEL FUEGO,publico,informacion_estructura,Cantidad de operaciones por otros préstamos,Dic-2024,30845.0,2026-04-19
00268,BANCO PROVINCIA DE TIERRA DEL FUEGO,publico,informacion_estructura,Dotación de personal,Dic-2024,334.0,2026-04-19
00268,BANCO PROVINCIA DE TIERRA DEL FUEGO,publico,informacion_estructura,Cantidad de titulares por tarjetas de crédito,Dic-2024,29463.0,2026-04-19
00268,BANCO PROVINCIA DE TIERRA DEL FUEGO,publico,informacion_estructura,Cantidad de tarjetas de crédito (plásticos),Dic-2024,71870.0,2026-04-19
00268,BANCO PROVINCIA DE TIERRA DEL FUEGO,publico,informacion_estructura,Cantidad de tarjetas de débito,Dic-2024,77407.0,2026-04-19
00268,BANCO PROVINCIA DE TIERRA DEL FUEGO,publico,informacion_estructura,Cantidad de cuentas corrientes,Jun-2025,2139.0,2026-04-19
00268,BANCO PROVINCIA DE TIERRA DEL FUEGO,publico,informacion_estructura,Cantidad de cuentas de ahorro,Jun-2025,85534.0,2026-04-19
00268,BANCO PROVINCIA DE TIERRA DEL FUEGO,publico,informacion_estructura,Cantidad de cajas de ahorro de ayuda social,Jun-2025,24593.0,2026-04-19
00268,BANCO PROVINCIA DE TIERRA DEL FUEGO,publico,informacion_estructura,Cantidad de cuentas previsionales,Jun-2025,12186.0,2026-04-19
00268,BANCO PROVINCIA DE TIERRA DEL FUEGO,publico,informacion_estructura,Cantidad de operaciones a plazo fijo Individuos,Jun-2025,5341.0,2026-04-19
00268,BANCO PROVINCIA DE TIERRA DEL FUEGO,publico,informacion_estructura,Cantidad de operaciones a plazo fijo Empresas,Jun-2025,428.0,2026-04-19
00268,BANCO PROVINCIA DE TIERRA DEL FUEGO,publico,informacion_estructura,Cantidad de operaciones por préstamos hipotecarios,Jun-2025,394.0,2026-04-19
00268,BANCO PROVINCIA DE TIERRA DEL FUEGO,publico,informacion_estructura,Cantidad de operaciones por préstamos prendarios,Jun-2025,33.0,2026-04-19
00268,BANCO PROVINCIA DE TIERRA DEL FUEGO,publico,informacion_estructura,Cantidad de operaciones por otros préstamos,Jun-2025,34519.0,2026-04-19
00268,BANCO PROVINCIA DE TIERRA DEL FUEGO,publico,informacion_estructura,Dotación de personal,Jun-2025,322.0,2026-04-19
00268,BANCO PROVINCIA DE TIERRA DEL FUEGO,publico,informacion_estructura,Cantidad de titulares por tarjetas de crédito,Jun-2025,29999.0,2026-04-19
00268,BANCO PROVINCIA DE TIERRA DEL FUEGO,publico,informacion_estructura,Cantidad de tarjetas de crédito (plásticos),Jun-2025,70072.0,2026-04-19
00268,BANCO PROVINCIA DE TIERRA DEL FUEGO,publico,informacion_estructura,Cantidad de tarjetas de débito,Jun-2025,59806.0,2026-04-19
00268,BANCO PROVINCIA DE TIERRA DEL FUEGO,publico,informacion_estructura,Cantidad de cuentas corrientes,Set-2025,2245.0,2026-04-19
00268,BANCO PROVINCIA DE TIERRA DEL FUEGO,publico,informacion_estructura,Cantidad de cuentas de ahorro,Set-2025,84213.0,2026-04-19
00268,BANCO PROVINCIA DE TIERRA DEL FUEGO,publico,informacion_estructura,Cantidad de cajas de ahorro de ayuda social,Set-2025,18126.0,2026-04-19
00268,BANCO PROVINCIA DE TIERRA DEL FUEGO,publico,informacion_estructura,Cantidad de cuentas previsionales,Set-2025,12180.0,2026-04-19
00268,BANCO PROVINCIA DE TIERRA DEL FUEGO,publico,informacion_estructura,Cantidad de operaciones a plazo fijo Individuos,Set-2025,7432.0,2026-04-19
00268,BANCO PROVINCIA DE TIERRA DEL FUEGO,publico,informacion_estructura,Cantidad de operaciones a plazo fijo Empresas,Set-2025,497.0,2026-04-19
00268,BANCO PROVINCIA DE TIERRA DEL FUEGO,publico,informacion_estructura,Cantidad de operaciones por préstamos hipotecarios,Set-2025,374.0,2026-04-19
00268,BANCO PROVINCIA DE TIERRA DEL FUEGO,publico,informacion_estructura,Cantidad de operaciones por préstamos prendarios,Set-2025,31.0,2026-04-19
00268,BANCO PROVINCIA DE TIERRA DEL FUEGO,publico,informacion_estructura,Cantidad de operaciones por otros préstamos,Set-2025,35052.0,2026-04-19
00268,BANCO PROVINCIA DE TIERRA DEL FUEGO,publico,informacion_estructura,Dotación de personal,Set-2025,320.0,2026-04-19
00268,BANCO PROVINCIA DE TIERRA DEL FUEGO,publico,informacion_estructura,Cantidad de titulares por tarjetas de crédito,Set-2025,29805.0,2026-04-19
00268,BANCO PROVINCIA DE TIERRA DEL FUEGO,publico,informacion_estructura,Cantidad de tarjetas de crédito (plásticos),Set-2025,68274.0,2026-04-19
00268,BANCO PROVINCIA DE TIERRA DEL FUEGO,publico,informacion_estructura,Cantidad de tarjetas de débito,Set-2025,65185.0,2026-04-19
00268,BANCO PROVINCIA DE TIERRA DEL FUEGO,publico,informacion_estructura,Cantidad de cuentas corrientes,Dic-2025,1952.0,2026-04-19
00268,BANCO PROVINCIA DE TIERRA DEL FUEGO,publico,informacion_estructura,Cantidad de cuentas de ahorro,Dic-2025,83052.0,2026-04-19
00268,BANCO PROVINCIA DE TIERRA DEL FUEGO,publico,informacion_estructura,Cantidad de cajas de ahorro de ayuda social,Dic-2025,16907.0,2026-04-19
00268,BANCO PROVINCIA DE TIERRA DEL FUEGO,publico,informacion_estructura,Cantidad de cuentas previsionales,Dic-2025,12147.0,2026-04-19
00268,BANCO PROVINCIA DE TIERRA DEL FUEGO,publico,informacion_estructura,Cantidad de operaciones a plazo fijo Individuos,Dic-2025,5940.0,2026-04-19
00268,BANCO PROVINCIA DE TIERRA DEL FUEGO,publico,informacion_estructura,Cantidad de operaciones a plazo fijo Empresas,Dic-2025,476.0,2026-04-19
00268,BANCO PROVINCIA DE TIERRA DEL FUEGO,publico,informacion_estructura,Cantidad de operaciones por préstamos hipotecarios,Dic-2025,349.0,2026-04-19
00268,BANCO PROVINCIA DE TIERRA DEL FUEGO,publico,informacion_estructura,Cantidad de operaciones por préstamos prendarios,Dic-2025,18.0,2026-04-19
00268,BANCO PROVINCIA DE TIERRA DEL FUEGO,publico,informacion_estructura,Cantidad de operaciones por otros préstamos,Dic-2025,34083.0,2026-04-19
00268,BANCO PROVINCIA DE TIERRA DEL FUEGO,publico,informacion_estructura,Dotación de personal,Dic-2025,321.0,2026-04-19
00268,BANCO PROVINCIA DE TIERRA DEL FUEGO,publico,informacion_estructura,Cantidad de titulares por tarjetas de crédito,Dic-2025,29502.0,2026-04-19
00268,BANCO PROVINCIA DE TIERRA DEL FUEGO,publico,informacion_estructura,Cantidad de tarjetas de crédito (plásticos),Dic-2025,66940.0,2026-04-19
00268,BANCO PROVINCIA DE TIERRA DEL FUEGO,publico,informacion_estructura,Cantidad de tarjetas de débito,Dic-2025,76631.0,2026-04-19
00268,BANCO PROVINCIA DE TIERRA DEL FUEGO,publico,informacion_estructura,Cantidad de Cuentas,Dic-2023,41403.0,2026-04-19
00268,BANCO PROVINCIA DE TIERRA DEL FUEGO,publico,informacion_estructura,Cantidad de Empresas,Dic-2023,1116.0,2026-04-19
00268,BANCO PROVINCIA DE TIERRA DEL FUEGO,publico,informacion_estructura,Cantidad de Cuentas,Dic-2024,41656.0,2026-04-19
00268,BANCO PROVINCIA DE TIERRA DEL FUEGO,publico,informacion_estructura,Cantidad de Empresas,Dic-2024,1034.0,2026-04-19
00268,BANCO PROVINCIA DE TIERRA DEL FUEGO,publico,informacion_estructura,Cantidad de Cuentas,Nov-2025,40773.0,2026-04-19
00268,BANCO PROVINCIA DE TIERRA DEL FUEGO,publico,informacion_estructura,Cantidad de Empresas,Nov-2025,827.0,2026-04-19
00268,BANCO PROVINCIA DE TIERRA DEL FUEGO,publico,informacion_estructura,Cantidad de Cuentas,Dic-2025,41414.0,2026-04-19
00268,BANCO PROVINCIA DE TIERRA DEL FUEGO,publico,informacion_estructura,Cantidad de Empresas,Dic-2025,946.0,2026-04-19
00268,BANCO PROVINCIA DE TIERRA DEL FUEGO,publico,informacion_estructura,Cantidad de Cuentas,Ene-2026,40815.0,2026-04-19
00268,BANCO PROVINCIA DE TIERRA DEL FUEGO,publico,informacion_estructura,Cantidad de Empresas,Ene-2026,815.0,2026-04-19
00268,BANCO PROVINCIA DE TIERRA DEL FUEGO,publico,informacion_estructura,CABA,Habilitadas,1.0,2026-04-19
00268,BANCO PROVINCIA DE TIERRA DEL FUEGO,publico,informacion_estructura,SANTA CRUZ,Habilitadas,2.0,2026-04-19
00268,BANCO PROVINCIA DE TIERRA DEL FUEGO,publico,informacion_estructura,TIERRA DE FUEGO,Habilitadas,8.0,2026-04-19
00268,BANCO PROVINCIA DE TIERRA DEL FUEGO,publico,informacion_estructura,CABA,Habilitadas,,2026-04-19
00268,BANCO PROVINCIA DE TIERRA DEL FUEGO,publico,informacion_estructura,SANTA CRUZ,Habilitadas,,2026-04-19
00268,BANCO PROVINCIA DE TIERRA DEL FUEGO,publico,informacion_estructura,TIERRA DE FUEGO,Habilitadas,,2026-04-19
00268,BANCO PROVINCIA DE TIERRA DEL FUEGO,publico,informacion_estructura,CABA,Habilitadas,,2026-04-19
00268,BANCO PROVINCIA DE TIERRA DEL FUEGO,publico,informacion_estructura,SANTA CRUZ,Habilitadas,,2026-04-19
00268,BANCO PROVINCIA DE TIERRA DEL FUEGO,publico,informacion_estructura,TIERRA DE FUEGO,Habilitadas,,2026-04-19
00268,BANCO PROVINCIA DE TIERRA DEL FUEGO,publico,informacion_estructura,CABA,Habilitadas,1.0,2026-04-19
00268,BANCO PROVINCIA DE TIERRA DEL FUEGO,publico,informacion_estructura,SANTA CRUZ,Habilitadas,2.0,2026-04-19
00268,BANCO PROVINCIA DE TIERRA DEL FUEGO,publico,informacion_estructura,TIERRA DE FUEGO,Habilitadas,54.0,2026-04-19
00268,BANCO PROVINCIA DE TIERRA DEL FUEGO,publico,informacion_estructura,CABA,Habilitadas,1.0,2026-04-19
00268,BANCO PROVINCIA DE TIERRA DEL FUEGO,publico,informacion_estructura,SANTA CRUZ,Habilitadas,,2026-04-19
00268,BANCO PROVINCIA DE TIERRA DEL FUEGO,publico,informacion_estructura,TIERRA DE FUEGO,Habilitadas,8.0,2026-04-19
00268,BANCO PROVINCIA DE TIERRA DEL FUEGO,publico,informacion_estructura,CABA,Habilitadas,,2026-04-19
00268,BANCO PROVINCIA DE TIERRA DEL FUEGO,publico,informacion_estructura,SANTA CRUZ,Habilitadas,,2026-04-19
00268,BANCO PROVINCIA DE TIERRA DEL FUEGO,publico,informacion_estructura,TIERRA DE FUEGO,Habilitadas,,2026-04-19
00268,BANCO PROVINCIA DE TIERRA DEL FUEGO,publico,informacion_estructura,CABA,Habilitadas,,2026-04-19
00268,BANCO PROVINCIA DE TIERRA DEL FUEGO,publico,informacion_estructura,SANTA CRUZ,Habilitadas,,2026-04-19
00268,BANCO PROVINCIA DE TIERRA DEL FUEGO,publico,informacion_estructura,TIERRA DE FUEGO,Habilitadas,3.0,2026-04-19
00268,BANCO PROVINCIA DE TIERRA DEL FUEGO,publico,informacion_estructura,CABA,Pendientes de habilitación,,2026-04-19
00268,BANCO PROVINCIA DE TIERRA DEL FUEGO,publico,informacion_estructura,SANTA CRUZ,Pendientes de habilitación,,2026-04-19
00268,BANCO PROVINCIA DE TIERRA DEL FUEGO,publico,informacion_estructura,TIERRA DE FUEGO,Pendientes de habilitación,,2026-04-19
00268,BANCO PROVINCIA DE TIERRA DEL FUEGO,publico,informacion_estructura,CABA,Total,1.0,2026-04-19
00268,BANCO PROVINCIA DE TIERRA DEL FUEGO,publico,informacion_estructura,SANTA CRUZ,Total,2.0,2026-04-19
00268,BANCO PROVINCIA DE TIERRA DEL FUEGO,publico,informacion_estructura,TIERRA DE FUEGO,Total,8.0,2026-04-19
00097,BANCO PROVINCIA DEL NEUQUÉN SOCIEDA,publico,informacion_estructura,Cantidad de operaciones por préstamos prendarios,Dic-2023,360.0,2026-04-19
00097,BANCO PROVINCIA DEL NEUQUÉN SOCIEDA,publico,informacion_estructura,Cantidad de operaciones por otros préstamos,Dic-2023,444175.0,2026-04-19
00097,BANCO PROVINCIA DEL NEUQUÉN SOCIEDA,publico,informacion_estructura,Dotación de personal,Dic-2023,1142.0,2026-04-19
00097,BANCO PROVINCIA DEL NEUQUÉN SOCIEDA,publico,informacion_estructura,Cantidad de titulares por tarjetas de crédito,Dic-2023,235174.0,2026-04-19
00097,BANCO PROVINCIA DEL NEUQUÉN SOCIEDA,publico,informacion_estructura,Cantidad de tarjetas de crédito (plásticos),Dic-2023,254454.0,2026-04-19
00097,BANCO PROVINCIA DEL NEUQUÉN SOCIEDA,publico,informacion_estructura,Cantidad de cuentas corrientes,Dic-2023,11703.0,2026-04-19
00097,BANCO PROVINCIA DEL NEUQUÉN SOCIEDA,publico,informacion_estructura,Cantidad de cuentas de ahorro,Dic-2023,406318.0,2026-04-19
00097,BANCO PROVINCIA DEL NEUQUÉN SOCIEDA,publico,informacion_estructura,Cantidad de cajas de ahorro de ayuda social,Dic-2023,168772.0,2026-04-19
00097,BANCO PROVINCIA DEL NEUQUÉN SOCIEDA,publico,informacion_estructura,Cantidad de cuentas previsionales,Dic-2023,93967.0,2026-04-19
00097,BANCO PROVINCIA DEL NEUQUÉN SOCIEDA,publico,informacion_estructura,Cantidad de operaciones a plazo fijo Individuos,Dic-2023,38216.0,2026-04-19
00097,BANCO PROVINCIA DEL NEUQUÉN SOCIEDA,publico,informacion_estructura,Cantidad de operaciones a plazo fijo Empresas,Dic-2023,1076.0,2026-04-19
00097,BANCO PROVINCIA DEL NEUQUÉN SOCIEDA,publico,informacion_estructura,Cantidad de operaciones por préstamos hipotecarios,Dic-2023,464.0,2026-04-19
00097,BANCO PROVINCIA DEL NEUQUÉN SOCIEDA,publico,informacion_estructura,Cantidad de tarjetas de débito,Dic-2023,472097.0,2026-04-19
00097,BANCO PROVINCIA DEL NEUQUÉN SOCIEDA,publico,informacion_estructura,Cantidad de operaciones por préstamos prendarios,Dic-2024,325.0,2026-04-19
00097,BANCO PROVINCIA DEL NEUQUÉN SOCIEDA,publico,informacion_estructura,Cantidad de operaciones por otros préstamos,Dic-2024,427482.0,2026-04-19
00097,BANCO PROVINCIA DEL NEUQUÉN SOCIEDA,publico,informacion_estructura,Dotación de personal,Dic-2024,1158.0,2026-04-19
00097,BANCO PROVINCIA DEL NEUQUÉN SOCIEDA,publico,informacion_estructura,Cantidad de titulares por tarjetas de crédito,Dic-2024,224998.0,2026-04-19
00097,BANCO PROVINCIA DEL NEUQUÉN SOCIEDA,publico,informacion_estructura,Cantidad de tarjetas de crédito (plásticos),Dic-2024,241991.0,2026-04-19
00097,BANCO PROVINCIA DEL NEUQUÉN SOCIEDA,publico,informacion_estructura,Cantidad de cuentas corrientes,Dic-2024,12198.0,2026-04-19
00097,BANCO PROVINCIA DEL NEUQUÉN SOCIEDA,publico,informacion_estructura,Cantidad de cuentas de ahorro,Dic-2024,409365.0,2026-04-19
00097,BANCO PROVINCIA DEL NEUQUÉN SOCIEDA,publico,informacion_estructura,Cantidad de cajas de ahorro de ayuda social,Dic-2024,113902.0,2026-04-19
00097,BANCO PROVINCIA DEL NEUQUÉN SOCIEDA,publico,informacion_estructura,Cantidad de cuentas previsionales,Dic-2024,89154.0,2026-04-19
00097,BANCO PROVINCIA DEL NEUQUÉN SOCIEDA,publico,informacion_estructura,Cantidad de operaciones a plazo fijo Individuos,Dic-2024,30151.0,2026-04-19
00097,BANCO PROVINCIA DEL NEUQUÉN SOCIEDA,publico,informacion_estructura,Cantidad de operaciones a plazo fijo Empresas,Dic-2024,995.0,2026-04-19
00097,BANCO PROVINCIA DEL NEUQUÉN SOCIEDA,publico,informacion_estructura,Cantidad de operaciones por préstamos hipotecarios,Dic-2024,371.0,2026-04-19
00097,BANCO PROVINCIA DEL NEUQUÉN SOCIEDA,publico,informacion_estructura,Cantidad de tarjetas de débito,Dic-2024,479055.0,2026-04-19
00097,BANCO PROVINCIA DEL NEUQUÉN SOCIEDA,publico,informacion_estructura,Cantidad de operaciones por préstamos prendarios,Jun-2025,363.0,2026-04-19
00097,BANCO PROVINCIA DEL NEUQUÉN SOCIEDA,publico,informacion_estructura,Cantidad de operaciones por otros préstamos,Jun-2025,432722.0,2026-04-19
00097,BANCO PROVINCIA DEL NEUQUÉN SOCIEDA,publico,informacion_estructura,Dotación de personal,Jun-2025,1153.0,2026-04-19
00097,BANCO PROVINCIA DEL NEUQUÉN SOCIEDA,publico,informacion_estructura,Cantidad de titulares por tarjetas de crédito,Jun-2025,222400.0,2026-04-19
00097,BANCO PROVINCIA DEL NEUQUÉN SOCIEDA,publico,informacion_estructura,Cantidad de tarjetas de crédito (plásticos),Jun-2025,239231.0,2026-04-19
00097,BANCO PROVINCIA DEL NEUQUÉN SOCIEDA,publico,informacion_estructura,Cantidad de cuentas corrientes,Jun-2025,75344.0,2026-04-19
00097,BANCO PROVINCIA DEL NEUQUÉN SOCIEDA,publico,informacion_estructura,Cantidad de cuentas de ahorro,Jun-2025,481158.0,2026-04-19
00097,BANCO PROVINCIA DEL NEUQUÉN SOCIEDA,publico,informacion_estructura,Cantidad de cajas de ahorro de ayuda social,Jun-2025,107202.0,2026-04-19
00097,BANCO PROVINCIA DEL NEUQUÉN SOCIEDA,publico,informacion_estructura,Cantidad de cuentas previsionales,Jun-2025,90751.0,2026-04-19
00097,BANCO PROVINCIA DEL NEUQUÉN SOCIEDA,publico,informacion_estructura,Cantidad de operaciones a plazo fijo Individuos,Jun-2025,27134.0,2026-04-19
00097,BANCO PROVINCIA DEL NEUQUÉN SOCIEDA,publico,informacion_estructura,Cantidad de operaciones a plazo fijo Empresas,Jun-2025,1038.0,2026-04-19
00097,BANCO PROVINCIA DEL NEUQUÉN SOCIEDA,publico,informacion_estructura,Cantidad de operaciones por préstamos hipotecarios,Jun-2025,435.0,2026-04-19
00097,BANCO PROVINCIA DEL NEUQUÉN SOCIEDA,publico,informacion_estructura,Cantidad de tarjetas de débito,Jun-2025,499377.0,2026-04-19
00097,BANCO PROVINCIA DEL NEUQUÉN SOCIEDA,publico,informacion_estructura,Cantidad de operaciones por préstamos prendarios,Set-2025,375.0,2026-04-19
00097,BANCO PROVINCIA DEL NEUQUÉN SOCIEDA,publico,informacion_estructura,Cantidad de operaciones por otros préstamos,Set-2025,426004.0,2026-04-19
00097,BANCO PROVINCIA DEL NEUQUÉN SOCIEDA,publico,informacion_estructura,Dotación de personal,Set-2025,1161.0,2026-04-19
00097,BANCO PROVINCIA DEL NEUQUÉN SOCIEDA,publico,informacion_estructura,Cantidad de titulares por tarjetas de crédito,Set-2025,222798.0,2026-04-19
00097,BANCO PROVINCIA DEL NEUQUÉN SOCIEDA,publico,informacion_estructura,Cantidad de tarjetas de crédito (plásticos),Set-2025,239437.0,2026-04-19
00097,BANCO PROVINCIA DEL NEUQUÉN SOCIEDA,publico,informacion_estructura,Cantidad de cuentas corrientes,Set-2025,73426.0,2026-04-19
00097,BANCO PROVINCIA DEL NEUQUÉN SOCIEDA,publico,informacion_estructura,Cantidad de cuentas de ahorro,Set-2025,483651.0,2026-04-19
00097,BANCO PROVINCIA DEL NEUQUÉN SOCIEDA,publico,informacion_estructura,Cantidad de cajas de ahorro de ayuda social,Set-2025,107128.0,2026-04-19
00097,BANCO PROVINCIA DEL NEUQUÉN SOCIEDA,publico,informacion_estructura,Cantidad de cuentas previsionales,Set-2025,91141.0,2026-04-19
00097,BANCO PROVINCIA DEL NEUQUÉN SOCIEDA,publico,informacion_estructura,Cantidad de operaciones a plazo fijo Individuos,Set-2025,26288.0,2026-04-19
00097,BANCO PROVINCIA DEL NEUQUÉN SOCIEDA,publico,informacion_estructura,Cantidad de operaciones a plazo fijo Empresas,Set-2025,1010.0,2026-04-19
00097,BANCO PROVINCIA DEL NEUQUÉN SOCIEDA,publico,informacion_estructura,Cantidad de operaciones por préstamos hipotecarios,Set-2025,462.0,2026-04-19
00097,BANCO PROVINCIA DEL NEUQUÉN SOCIEDA,publico,informacion_estructura,Cantidad de tarjetas de débito,Set-2025,507926.0,2026-04-19
00097,BANCO PROVINCIA DEL NEUQUÉN SOCIEDA,publico,informacion_estructura,Cantidad de operaciones por préstamos prendarios,Dic-2025,405.0,2026-04-19
00097,BANCO PROVINCIA DEL NEUQUÉN SOCIEDA,publico,informacion_estructura,Cantidad de operaciones por otros préstamos,Dic-2025,426193.0,2026-04-19
00097,BANCO PROVINCIA DEL NEUQUÉN SOCIEDA,publico,informacion_estructura,Dotación de personal,Dic-2025,1148.0,2026-04-19
00097,BANCO PROVINCIA DEL NEUQUÉN SOCIEDA,publico,informacion_estructura,Cantidad de titulares por tarjetas de crédito,Dic-2025,224140.0,2026-04-19
00097,BANCO PROVINCIA DEL NEUQUÉN SOCIEDA,publico,informacion_estructura,Cantidad de tarjetas de crédito (plásticos),Dic-2025,240735.0,2026-04-19
00097,BANCO PROVINCIA DEL NEUQUÉN SOCIEDA,publico,informacion_estructura,Cantidad de cuentas corrientes,Dic-2025,74850.0,2026-04-19
00097,BANCO PROVINCIA DEL NEUQUÉN SOCIEDA,publico,informacion_estructura,Cantidad de cuentas de ahorro,Dic-2025,480470.0,2026-04-19
00097,BANCO PROVINCIA DEL NEUQUÉN SOCIEDA,publico,informacion_estructura,Cantidad de cajas de ahorro de ayuda social,Dic-2025,104340.0,2026-04-19
00097,BANCO PROVINCIA DEL NEUQUÉN SOCIEDA,publico,informacion_estructura,Cantidad de cuentas previsionales,Dic-2025,92066.0,2026-04-19
00097,BANCO PROVINCIA DEL NEUQUÉN SOCIEDA,publico,informacion_estructura,Cantidad de operaciones a plazo fijo Individuos,Dic-2025,22684.0,2026-04-19
00097,BANCO PROVINCIA DEL NEUQUÉN SOCIEDA,publico,informacion_estructura,Cantidad de operaciones a plazo fijo Empresas,Dic-2025,859.0,2026-04-19
00097,BANCO PROVINCIA DEL NEUQUÉN SOCIEDA,publico,informacion_estructura,Cantidad de operaciones por préstamos hipotecarios,Dic-2025,549.0,2026-04-19
00097,BANCO PROVINCIA DEL NEUQUÉN SOCIEDA,publico,informacion_estructura,Cantidad de tarjetas de débito,Dic-2025,514276.0,2026-04-19
00097,BANCO PROVINCIA DEL NEUQUÉN SOCIEDA,publico,informacion_estructura,Cantidad de Cuentas,Dic-2023,211914.0,2026-04-19
00097,BANCO PROVINCIA DEL NEUQUÉN SOCIEDA,publico,informacion_estructura,Cantidad de Empresas,Dic-2023,3024.0,2026-04-19
00097,BANCO PROVINCIA DEL NEUQUÉN SOCIEDA,publico,informacion_estructura,Cantidad de Cuentas,Dic-2024,215543.0,2026-04-19
00097,BANCO PROVINCIA DEL NEUQUÉN SOCIEDA,publico,informacion_estructura,Cantidad de Empresas,Dic-2024,2397.0,2026-04-19
00097,BANCO PROVINCIA DEL NEUQUÉN SOCIEDA,publico,informacion_estructura,Cantidad de Cuentas,Nov-2025,209378.0,2026-04-19
00097,BANCO PROVINCIA DEL NEUQUÉN SOCIEDA,publico,informacion_estructura,Cantidad de Empresas,Nov-2025,2473.0,2026-04-19
00097,BANCO PROVINCIA DEL NEUQUÉN SOCIEDA,publico,informacion_estructura,Cantidad de Cuentas,Dic-2025,213829.0,2026-04-19
00097,BANCO PROVINCIA DEL NEUQUÉN SOCIEDA,publico,informacion_estructura,Cantidad de Empresas,Dic-2025,2409.0,2026-04-19
00097,BANCO PROVINCIA DEL NEUQUÉN SOCIEDA,publico,informacion_estructura,Cantidad de Cuentas,Ene-2026,209112.0,2026-04-19
00097,BANCO PROVINCIA DEL NEUQUÉN SOCIEDA,publico,informacion_estructura,Cantidad de Empresas,Ene-2026,2229.0,2026-04-19
00097,BANCO PROVINCIA DEL NEUQUÉN SOCIEDA,publico,informacion_estructura,CABA,Habilitadas,1.0,2026-04-19
00097,BANCO PROVINCIA DEL NEUQUÉN SOCIEDA,publico,informacion_estructura,NEUQUÉN,Habilitadas,37.0,2026-04-19
00097,BANCO PROVINCIA DEL NEUQUÉN SOCIEDA,publico,informacion_estructura,RÍO NEGRO,Habilitadas,5.0,2026-04-19
00097,BANCO PROVINCIA DEL NEUQUÉN SOCIEDA,publico,informacion_estructura,CABA,Habilitadas,,2026-04-19
00097,BANCO PROVINCIA DEL NEUQUÉN SOCIEDA,publico,informacion_estructura,NEUQUÉN,Habilitadas,7.0,2026-04-19
00097,BANCO PROVINCIA DEL NEUQUÉN SOCIEDA,publico,informacion_estructura,RÍO NEGRO,Habilitadas,,2026-04-19
00097,BANCO PROVINCIA DEL NEUQUÉN SOCIEDA,publico,informacion_estructura,CABA,Habilitadas,,2026-04-19
00097,BANCO PROVINCIA DEL NEUQUÉN SOCIEDA,publico,informacion_estructura,NEUQUÉN,Habilitadas,1.0,2026-04-19
00097,BANCO PROVINCIA DEL NEUQUÉN SOCIEDA,publico,informacion_estructura,RÍO NEGRO,Habilitadas,,2026-04-19
00097,BANCO PROVINCIA DEL NEUQUÉN SOCIEDA,publico,informacion_estructura,CABA,Habilitadas,1.0,2026-04-19
00097,BANCO PROVINCIA DEL NEUQUÉN SOCIEDA,publico,informacion_estructura,NEUQUÉN,Habilitadas,218.0,2026-04-19
00097,BANCO PROVINCIA DEL NEUQUÉN SOCIEDA,publico,informacion_estructura,RÍO NEGRO,Habilitadas,9.0,2026-04-19
00097,BANCO PROVINCIA DEL NEUQUÉN SOCIEDA,publico,informacion_estructura,CABA,Habilitadas,,2026-04-19
00097,BANCO PROVINCIA DEL NEUQUÉN SOCIEDA,publico,informacion_estructura,NEUQUÉN,Habilitadas,,2026-04-19
00097,BANCO PROVINCIA DEL NEUQUÉN SOCIEDA,publico,informacion_estructura,RÍO NEGRO,Habilitadas,,2026-04-19
00097,BANCO PROVINCIA DEL NEUQUÉN SOCIEDA,publico,informacion_estructura,CABA,Habilitadas,,2026-04-19
00097,BANCO PROVINCIA DEL NEUQUÉN SOCIEDA,publico,informacion_estructura,NEUQUÉN,Habilitadas,1.0,2026-04-19
00097,BANCO PROVINCIA DEL NEUQUÉN SOCIEDA,publico,informacion_estructura,RÍO NEGRO,Habilitadas,,2026-04-19
00097,BANCO PROVINCIA DEL NEUQUÉN SOCIEDA,publico,informacion_estructura,CABA,Habilitadas,,2026-04-19
00097,BANCO PROVINCIA DEL NEUQUÉN SOCIEDA,publico,informacion_estructura,NEUQUÉN,Habilitadas,16.0,2026-04-19
00097,BANCO PROVINCIA DEL NEUQUÉN SOCIEDA,publico,informacion_estructura,RÍO NEGRO,Habilitadas,,2026-04-19
00097,BANCO PROVINCIA DEL NEUQUÉN SOCIEDA,publico,informacion_estructura,CABA,Pendientes de habilitación,,2026-04-19
00097,BANCO PROVINCIA DEL NEUQUÉN SOCIEDA,publico,informacion_estructura,NEUQUÉN,Pendientes de habilitación,,2026-04-19
00097,BANCO PROVINCIA DEL NEUQUÉN SOCIEDA,publico,informacion_estructura,RÍO NEGRO,Pendientes de habilitación,,2026-04-19
00097,BANCO PROVINCIA DEL NEUQUÉN SOCIEDA,publico,informacion_estructura,CABA,Total,1.0,2026-04-19
00097,BANCO PROVINCIA DEL NEUQUÉN SOCIEDA,publico,informacion_estructura,NEUQUÉN,Total,37.0,2026-04-19
00097,BANCO PROVINCIA DEL NEUQUÉN SOCIEDA,publico,informacion_estructura,RÍO NEGRO,Total,5.0,2026-04-19
00309,BANCO RIOJA SOCIEDAD ANONIMA UNIPER,publico,informacion_estructura,Cantidad de operaciones por otros préstamos,Dic-2023,65243.0,2026-04-19
00309,BANCO RIOJA SOCIEDAD ANONIMA UNIPER,publico,informacion_estructura,Dotación de personal,Dic-2023,342.0,2026-04-19
00309,BANCO RIOJA SOCIEDAD ANONIMA UNIPER,publico,informacion_estructura,Cantidad de titulares por tarjetas de crédito,Dic-2023,21513.0,2026-04-19
00309,BANCO RIOJA SOCIEDAD ANONIMA UNIPER,publico,informacion_estructura,Cantidad de tarjetas de crédito (plásticos),Dic-2023,21513.0,2026-04-19
00309,BANCO RIOJA SOCIEDAD ANONIMA UNIPER,publico,informacion_estructura,Cantidad de tarjetas de débito,Dic-2023,218528.0,2026-04-19
00309,BANCO RIOJA SOCIEDAD ANONIMA UNIPER,publico,informacion_estructura,Cantidad de cuentas corrientes,Dic-2023,1483.0,2026-04-19
00309,BANCO RIOJA SOCIEDAD ANONIMA UNIPER,publico,informacion_estructura,Cantidad de cuentas de ahorro,Dic-2023,205170.0,2026-04-19
00309,BANCO RIOJA SOCIEDAD ANONIMA UNIPER,publico,informacion_estructura,Cantidad de cajas de ahorro de ayuda social,Dic-2023,31880.0,2026-04-19
00309,BANCO RIOJA SOCIEDAD ANONIMA UNIPER,publico,informacion_estructura,Cantidad de cuentas previsionales,Dic-2023,57452.0,2026-04-19
00309,BANCO RIOJA SOCIEDAD ANONIMA UNIPER,publico,informacion_estructura,Cantidad de operaciones a plazo fijo Individuos,Dic-2023,9265.0,2026-04-19
00309,BANCO RIOJA SOCIEDAD ANONIMA UNIPER,publico,informacion_estructura,Cantidad de operaciones a plazo fijo Empresas,Dic-2023,90.0,2026-04-19
00309,BANCO RIOJA SOCIEDAD ANONIMA UNIPER,publico,informacion_estructura,Cantidad de operaciones por préstamos hipotecarios,Dic-2023,45.0,2026-04-19
00309,BANCO RIOJA SOCIEDAD ANONIMA UNIPER,publico,informacion_estructura,Cantidad de operaciones por préstamos prendarios,Dic-2023,18.0,2026-04-19
00309,BANCO RIOJA SOCIEDAD ANONIMA UNIPER,publico,informacion_estructura,Cantidad de operaciones por otros préstamos,Dic-2024,72646.0,2026-04-19
00309,BANCO RIOJA SOCIEDAD ANONIMA UNIPER,publico,informacion_estructura,Dotación de personal,Dic-2024,346.0,2026-04-19
00309,BANCO RIOJA SOCIEDAD ANONIMA UNIPER,publico,informacion_estructura,Cantidad de titulares por tarjetas de crédito,Dic-2024,23235.0,2026-04-19
00309,BANCO RIOJA SOCIEDAD ANONIMA UNIPER,publico,informacion_estructura,Cantidad de tarjetas de crédito (plásticos),Dic-2024,23235.0,2026-04-19
00309,BANCO RIOJA SOCIEDAD ANONIMA UNIPER,publico,informacion_estructura,Cantidad de tarjetas de débito,Dic-2024,229679.0,2026-04-19
00309,BANCO RIOJA SOCIEDAD ANONIMA UNIPER,publico,informacion_estructura,Cantidad de cuentas corrientes,Dic-2024,1594.0,2026-04-19
00309,BANCO RIOJA SOCIEDAD ANONIMA UNIPER,publico,informacion_estructura,Cantidad de cuentas de ahorro,Dic-2024,213765.0,2026-04-19
00309,BANCO RIOJA SOCIEDAD ANONIMA UNIPER,publico,informacion_estructura,Cantidad de cajas de ahorro de ayuda social,Dic-2024,33632.0,2026-04-19
00309,BANCO RIOJA SOCIEDAD ANONIMA UNIPER,publico,informacion_estructura,Cantidad de cuentas previsionales,Dic-2024,59945.0,2026-04-19
00309,BANCO RIOJA SOCIEDAD ANONIMA UNIPER,publico,informacion_estructura,Cantidad de operaciones a plazo fijo Individuos,Dic-2024,6171.0,2026-04-19
00309,BANCO RIOJA SOCIEDAD ANONIMA UNIPER,publico,informacion_estructura,Cantidad de operaciones a plazo fijo Empresas,Dic-2024,61.0,2026-04-19
00309,BANCO RIOJA SOCIEDAD ANONIMA UNIPER,publico,informacion_estructura,Cantidad de operaciones por préstamos hipotecarios,Dic-2024,16.0,2026-04-19
00309,BANCO RIOJA SOCIEDAD ANONIMA UNIPER,publico,informacion_estructura,Cantidad de operaciones por préstamos prendarios,Dic-2024,2.0,2026-04-19
00309,BANCO RIOJA SOCIEDAD ANONIMA UNIPER,publico,informacion_estructura,Cantidad de operaciones por otros préstamos,Jun-2025,75689.0,2026-04-19
00309,BANCO RIOJA SOCIEDAD ANONIMA UNIPER,publico,informacion_estructura,Dotación de personal,Jun-2025,350.0,2026-04-19
00309,BANCO RIOJA SOCIEDAD ANONIMA UNIPER,publico,informacion_estructura,Cantidad de titulares por tarjetas de crédito,Jun-2025,22796.0,2026-04-19
00309,BANCO RIOJA SOCIEDAD ANONIMA UNIPER,publico,informacion_estructura,Cantidad de tarjetas de crédito (plásticos),Jun-2025,22796.0,2026-04-19
00309,BANCO RIOJA SOCIEDAD ANONIMA UNIPER,publico,informacion_estructura,Cantidad de tarjetas de débito,Jun-2025,223155.0,2026-04-19
00309,BANCO RIOJA SOCIEDAD ANONIMA UNIPER,publico,informacion_estructura,Cantidad de cuentas corrientes,Jun-2025,1568.0,2026-04-19
00309,BANCO RIOJA SOCIEDAD ANONIMA UNIPER,publico,informacion_estructura,Cantidad de cuentas de ahorro,Jun-2025,210682.0,2026-04-19
00309,BANCO RIOJA SOCIEDAD ANONIMA UNIPER,publico,informacion_estructura,Cantidad de cajas de ahorro de ayuda social,Jun-2025,34222.0,2026-04-19
00309,BANCO RIOJA SOCIEDAD ANONIMA UNIPER,publico,informacion_estructura,Cantidad de cuentas previsionales,Jun-2025,59522.0,2026-04-19
00309,BANCO RIOJA SOCIEDAD ANONIMA UNIPER,publico,informacion_estructura,Cantidad de operaciones a plazo fijo Individuos,Jun-2025,5509.0,2026-04-19
00309,BANCO RIOJA SOCIEDAD ANONIMA UNIPER,publico,informacion_estructura,Cantidad de operaciones a plazo fijo Empresas,Jun-2025,54.0,2026-04-19
00309,BANCO RIOJA SOCIEDAD ANONIMA UNIPER,publico,informacion_estructura,Cantidad de operaciones por préstamos hipotecarios,Jun-2025,17.0,2026-04-19
00309,BANCO RIOJA SOCIEDAD ANONIMA UNIPER,publico,informacion_estructura,Cantidad de operaciones por préstamos prendarios,Jun-2025,3.0,2026-04-19
00309,BANCO RIOJA SOCIEDAD ANONIMA UNIPER,publico,informacion_estructura,Cantidad de operaciones por otros préstamos,Set-2025,76382.0,2026-04-19
00309,BANCO RIOJA SOCIEDAD ANONIMA UNIPER,publico,informacion_estructura,Dotación de personal,Set-2025,346.0,2026-04-19
00309,BANCO RIOJA SOCIEDAD ANONIMA UNIPER,publico,informacion_estructura,Cantidad de titulares por tarjetas de crédito,Set-2025,27384.0,2026-04-19
00309,BANCO RIOJA SOCIEDAD ANONIMA UNIPER,publico,informacion_estructura,Cantidad de tarjetas de crédito (plásticos),Set-2025,27384.0,2026-04-19
00309,BANCO RIOJA SOCIEDAD ANONIMA UNIPER,publico,informacion_estructura,Cantidad de tarjetas de débito,Set-2025,211181.0,2026-04-19
00309,BANCO RIOJA SOCIEDAD ANONIMA UNIPER,publico,informacion_estructura,Cantidad de cuentas corrientes,Set-2025,1548.0,2026-04-19
00309,BANCO RIOJA SOCIEDAD ANONIMA UNIPER,publico,informacion_estructura,Cantidad de cuentas de ahorro,Set-2025,199109.0,2026-04-19
00309,BANCO RIOJA SOCIEDAD ANONIMA UNIPER,publico,informacion_estructura,Cantidad de cajas de ahorro de ayuda social,Set-2025,34147.0,2026-04-19
00309,BANCO RIOJA SOCIEDAD ANONIMA UNIPER,publico,informacion_estructura,Cantidad de cuentas previsionales,Set-2025,47744.0,2026-04-19
00309,BANCO RIOJA SOCIEDAD ANONIMA UNIPER,publico,informacion_estructura,Cantidad de operaciones a plazo fijo Individuos,Set-2025,5882.0,2026-04-19
00309,BANCO RIOJA SOCIEDAD ANONIMA UNIPER,publico,informacion_estructura,Cantidad de operaciones a plazo fijo Empresas,Set-2025,68.0,2026-04-19
00309,BANCO RIOJA SOCIEDAD ANONIMA UNIPER,publico,informacion_estructura,Cantidad de operaciones por préstamos hipotecarios,Set-2025,19.0,2026-04-19
00309,BANCO RIOJA SOCIEDAD ANONIMA UNIPER,publico,informacion_estructura,Cantidad de operaciones por préstamos prendarios,Set-2025,7.0,2026-04-19
00309,BANCO RIOJA SOCIEDAD ANONIMA UNIPER,publico,informacion_estructura,Cantidad de operaciones por otros préstamos,Dic-2025,77297.0,2026-04-19
00309,BANCO RIOJA SOCIEDAD ANONIMA UNIPER,publico,informacion_estructura,Dotación de personal,Dic-2025,346.0,2026-04-19
00309,BANCO RIOJA SOCIEDAD ANONIMA UNIPER,publico,informacion_estructura,Cantidad de titulares por tarjetas de crédito,Dic-2025,25448.0,2026-04-19
00309,BANCO RIOJA SOCIEDAD ANONIMA UNIPER,publico,informacion_estructura,Cantidad de tarjetas de crédito (plásticos),Dic-2025,25448.0,2026-04-19
00309,BANCO RIOJA SOCIEDAD ANONIMA UNIPER,publico,informacion_estructura,Cantidad de tarjetas de débito,Dic-2025,200390.0,2026-04-19
00309,BANCO RIOJA SOCIEDAD ANONIMA UNIPER,publico,informacion_estructura,Cantidad de cuentas corrientes,Dic-2025,1517.0,2026-04-19
00309,BANCO RIOJA SOCIEDAD ANONIMA UNIPER,publico,informacion_estructura,Cantidad de cuentas de ahorro,Dic-2025,203838.0,2026-04-19
00309,BANCO RIOJA SOCIEDAD ANONIMA UNIPER,publico,informacion_estructura,Cantidad de cajas de ahorro de ayuda social,Dic-2025,34884.0,2026-04-19
00309,BANCO RIOJA SOCIEDAD ANONIMA UNIPER,publico,informacion_estructura,Cantidad de cuentas previsionales,Dic-2025,52182.0,2026-04-19
00309,BANCO RIOJA SOCIEDAD ANONIMA UNIPER,publico,informacion_estructura,Cantidad de operaciones a plazo fijo Individuos,Dic-2025,5277.0,2026-04-19
00309,BANCO RIOJA SOCIEDAD ANONIMA UNIPER,publico,informacion_estructura,Cantidad de operaciones a plazo fijo Empresas,Dic-2025,60.0,2026-04-19
00309,BANCO RIOJA SOCIEDAD ANONIMA UNIPER,publico,informacion_estructura,Cantidad de operaciones por préstamos hipotecarios,Dic-2025,28.0,2026-04-19
00309,BANCO RIOJA SOCIEDAD ANONIMA UNIPER,publico,informacion_estructura,Cantidad de operaciones por préstamos prendarios,Dic-2025,7.0,2026-04-19
00309,BANCO RIOJA SOCIEDAD ANONIMA UNIPER,publico,informacion_estructura,Cantidad de Cuentas,Dic-2023,102744.0,2026-04-19
00309,BANCO RIOJA SOCIEDAD ANONIMA UNIPER,publico,informacion_estructura,Cantidad de Empresas,Dic-2023,232.0,2026-04-19
00309,BANCO RIOJA SOCIEDAD ANONIMA UNIPER,publico,informacion_estructura,Cantidad de Cuentas,Dic-2024,99511.0,2026-04-19
00309,BANCO RIOJA SOCIEDAD ANONIMA UNIPER,publico,informacion_estructura,Cantidad de Empresas,Dic-2024,235.0,2026-04-19
00309,BANCO RIOJA SOCIEDAD ANONIMA UNIPER,publico,informacion_estructura,Cantidad de Cuentas,Nov-2025,97774.0,2026-04-19
00309,BANCO RIOJA SOCIEDAD ANONIMA UNIPER,publico,informacion_estructura,Cantidad de Empresas,Nov-2025,233.0,2026-04-19
00309,BANCO RIOJA SOCIEDAD ANONIMA UNIPER,publico,informacion_estructura,Cantidad de Cuentas,Dic-2025,98009.0,2026-04-19
00309,BANCO RIOJA SOCIEDAD ANONIMA UNIPER,publico,informacion_estructura,Cantidad de Empresas,Dic-2025,243.0,2026-04-19
00309,BANCO RIOJA SOCIEDAD ANONIMA UNIPER,publico,informacion_estructura,Cantidad de Cuentas,Ene-2026,97643.0,2026-04-19
00309,BANCO RIOJA SOCIEDAD ANONIMA UNIPER,publico,informacion_estructura,Cantidad de Empresas,Ene-2026,229.0,2026-04-19
00309,BANCO RIOJA SOCIEDAD ANONIMA UNIPER,publico,informacion_estructura,CABA,Habilitadas,1.0,2026-04-19
00309,BANCO RIOJA SOCIEDAD ANONIMA UNIPER,publico,informacion_estructura,LA RIOJA,Habilitadas,6.0,2026-04-19
00309,BANCO RIOJA SOCIEDAD ANONIMA UNIPER,publico,informacion_estructura,CABA,Habilitadas,,2026-04-19
00309,BANCO RIOJA SOCIEDAD ANONIMA UNIPER,publico,informacion_estructura,LA RIOJA,Habilitadas,,2026-04-19
00309,BANCO RIOJA SOCIEDAD ANONIMA UNIPER,publico,informacion_estructura,CABA,Habilitadas,,2026-04-19
00309,BANCO RIOJA SOCIEDAD ANONIMA UNIPER,publico,informacion_estructura,LA RIOJA,Habilitadas,,2026-04-19
00309,BANCO RIOJA SOCIEDAD ANONIMA UNIPER,publico,informacion_estructura,CABA,Habilitadas,,2026-04-19
00309,BANCO RIOJA SOCIEDAD ANONIMA UNIPER,publico,informacion_estructura,LA RIOJA,Habilitadas,109.0,2026-04-19
00309,BANCO RIOJA SOCIEDAD ANONIMA UNIPER,publico,informacion_estructura,CABA,Habilitadas,,2026-04-19
00309,BANCO RIOJA SOCIEDAD ANONIMA UNIPER,publico,informacion_estructura,LA RIOJA,Habilitadas,,2026-04-19
00309,BANCO RIOJA SOCIEDAD ANONIMA UNIPER,publico,informacion_estructura,CABA,Habilitadas,,2026-04-19
00309,BANCO RIOJA SOCIEDAD ANONIMA UNIPER,publico,informacion_estructura,LA RIOJA,Habilitadas,,2026-04-19
00309,BANCO RIOJA SOCIEDAD ANONIMA UNIPER,publico,informacion_estructura,CABA,Habilitadas,,2026-04-19
00309,BANCO RIOJA SOCIEDAD ANONIMA UNIPER,publico,informacion_estructura,LA RIOJA,Habilitadas,7.0,2026-04-19
00309,BANCO RIOJA SOCIEDAD ANONIMA UNIPER,publico,informacion_estructura,CABA,Pendientes de habilitación,,2026-04-19
00309,BANCO RIOJA SOCIEDAD ANONIMA UNIPER,publico,informacion_estructura,LA RIOJA,Pendientes de habilitación,,2026-04-19
00309,BANCO RIOJA SOCIEDAD ANONIMA UNIPER,publico,informacion_estructura,CABA,Total,1.0,2026-04-19
00309,BANCO RIOJA SOCIEDAD ANONIMA UNIPER,publico,informacion_estructura,LA RIOJA,Total,6.0,2026-04-19
00247,BANCO ROELA S.A.,privado_nacional,informacion_estructura,Cantidad de cuentas corrientes,Dic-2023,21127.0,2026-04-19
00247,BANCO ROELA S.A.,privado_nacional,informacion_estructura,Cantidad de cuentas de ahorro,Dic-2023,8327.0,2026-04-19
00247,BANCO ROELA S.A.,privado_nacional,informacion_estructura,Cantidad de operaciones a plazo fijo Individuos,Dic-2023,944.0,2026-04-19
00247,BANCO ROELA S.A.,privado_nacional,informacion_estructura,Cantidad de operaciones a plazo fijo Empresas,Dic-2023,433.0,2026-04-19
00247,BANCO ROELA S.A.,privado_nacional,informacion_estructura,Cantidad de operaciones por préstamos hipotecarios,Dic-2023,3.0,2026-04-19
00247,BANCO ROELA S.A.,privado_nacional,informacion_estructura,Cantidad de operaciones por préstamos prendarios,Dic-2023,,2026-04-19
00247,BANCO ROELA S.A.,privado_nacional,informacion_estructura,Cantidad de operaciones por otros préstamos,Dic-2023,1692.0,2026-04-19
00247,BANCO ROELA S.A.,privado_nacional,informacion_estructura,Dotación de personal,Dic-2023,149.0,2026-04-19
00247,BANCO ROELA S.A.,privado_nacional,informacion_estructura,Cantidad de titulares por tarjetas de crédito,Dic-2023,660.0,2026-04-19
00247,BANCO ROELA S.A.,privado_nacional,informacion_estructura,Cantidad de tarjetas de crédito (plásticos),Dic-2023,900.0,2026-04-19
00247,BANCO ROELA S.A.,privado_nacional,informacion_estructura,Cantidad de tarjetas de débito,Dic-2023,7832.0,2026-04-19
00247,BANCO ROELA S.A.,privado_nacional,informacion_estructura,Cantidad de cuentas corrientes,Dic-2024,22578.0,2026-04-19
00247,BANCO ROELA S.A.,privado_nacional,informacion_estructura,Cantidad de cuentas de ahorro,Dic-2024,7861.0,2026-04-19
00247,BANCO ROELA S.A.,privado_nacional,informacion_estructura,Cantidad de operaciones a plazo fijo Individuos,Dic-2024,699.0,2026-04-19
00247,BANCO ROELA S.A.,privado_nacional,informacion_estructura,Cantidad de operaciones a plazo fijo Empresas,Dic-2024,289.0,2026-04-19
00247,BANCO ROELA S.A.,privado_nacional,informacion_estructura,Cantidad de operaciones por préstamos hipotecarios,Dic-2024,12.0,2026-04-19
00247,BANCO ROELA S.A.,privado_nacional,informacion_estructura,Cantidad de operaciones por préstamos prendarios,Dic-2024,6.0,2026-04-19
00247,BANCO ROELA S.A.,privado_nacional,informacion_estructura,Cantidad de operaciones por otros préstamos,Dic-2024,1609.0,2026-04-19
00247,BANCO ROELA S.A.,privado_nacional,informacion_estructura,Dotación de personal,Dic-2024,189.0,2026-04-19
00247,BANCO ROELA S.A.,privado_nacional,informacion_estructura,Cantidad de titulares por tarjetas de crédito,Dic-2024,556.0,2026-04-19
00247,BANCO ROELA S.A.,privado_nacional,informacion_estructura,Cantidad de tarjetas de crédito (plásticos),Dic-2024,766.0,2026-04-19
00247,BANCO ROELA S.A.,privado_nacional,informacion_estructura,Cantidad de tarjetas de débito,Dic-2024,8977.0,2026-04-19
00247,BANCO ROELA S.A.,privado_nacional,informacion_estructura,Cantidad de cuentas corrientes,Jun-2025,23053.0,2026-04-19
00247,BANCO ROELA S.A.,privado_nacional,informacion_estructura,Cantidad de cuentas de ahorro,Jun-2025,7731.0,2026-04-19
00247,BANCO ROELA S.A.,privado_nacional,informacion_estructura,Cantidad de operaciones a plazo fijo Individuos,Jun-2025,626.0,2026-04-19
00247,BANCO ROELA S.A.,privado_nacional,informacion_estructura,Cantidad de operaciones a plazo fijo Empresas,Jun-2025,358.0,2026-04-19
00247,BANCO ROELA S.A.,privado_nacional,informacion_estructura,Cantidad de operaciones por préstamos hipotecarios,Jun-2025,56.0,2026-04-19
00247,BANCO ROELA S.A.,privado_nacional,informacion_estructura,Cantidad de operaciones por préstamos prendarios,Jun-2025,13.0,2026-04-19
00247,BANCO ROELA S.A.,privado_nacional,informacion_estructura,Cantidad de operaciones por otros préstamos,Jun-2025,1584.0,2026-04-19
00247,BANCO ROELA S.A.,privado_nacional,informacion_estructura,Dotación de personal,Jun-2025,181.0,2026-04-19
00247,BANCO ROELA S.A.,privado_nacional,informacion_estructura,Cantidad de titulares por tarjetas de crédito,Jun-2025,541.0,2026-04-19
00247,BANCO ROELA S.A.,privado_nacional,informacion_estructura,Cantidad de tarjetas de crédito (plásticos),Jun-2025,728.0,2026-04-19
00247,BANCO ROELA S.A.,privado_nacional,informacion_estructura,Cantidad de tarjetas de débito,Jun-2025,7498.0,2026-04-19
00247,BANCO ROELA S.A.,privado_nacional,informacion_estructura,Cantidad de cuentas corrientes,Set-2025,23273.0,2026-04-19
00247,BANCO ROELA S.A.,privado_nacional,informacion_estructura,Cantidad de cuentas de ahorro,Set-2025,7708.0,2026-04-19
00247,BANCO ROELA S.A.,privado_nacional,informacion_estructura,Cantidad de operaciones a plazo fijo Individuos,Set-2025,616.0,2026-04-19
00247,BANCO ROELA S.A.,privado_nacional,informacion_estructura,Cantidad de operaciones a plazo fijo Empresas,Set-2025,369.0,2026-04-19
00247,BANCO ROELA S.A.,privado_nacional,informacion_estructura,Cantidad de operaciones por préstamos hipotecarios,Set-2025,80.0,2026-04-19
00247,BANCO ROELA S.A.,privado_nacional,informacion_estructura,Cantidad de operaciones por préstamos prendarios,Set-2025,13.0,2026-04-19
00247,BANCO ROELA S.A.,privado_nacional,informacion_estructura,Cantidad de operaciones por otros préstamos,Set-2025,1631.0,2026-04-19
00247,BANCO ROELA S.A.,privado_nacional,informacion_estructura,Dotación de personal,Set-2025,187.0,2026-04-19
00247,BANCO ROELA S.A.,privado_nacional,informacion_estructura,Cantidad de titulares por tarjetas de crédito,Set-2025,521.0,2026-04-19
00247,BANCO ROELA S.A.,privado_nacional,informacion_estructura,Cantidad de tarjetas de crédito (plásticos),Set-2025,698.0,2026-04-19
00247,BANCO ROELA S.A.,privado_nacional,informacion_estructura,Cantidad de tarjetas de débito,Set-2025,7606.0,2026-04-19
00247,BANCO ROELA S.A.,privado_nacional,informacion_estructura,Cantidad de cuentas corrientes,Dic-2025,23571.0,2026-04-19
00247,BANCO ROELA S.A.,privado_nacional,informacion_estructura,Cantidad de cuentas de ahorro,Dic-2025,7591.0,2026-04-19
00247,BANCO ROELA S.A.,privado_nacional,informacion_estructura,Cantidad de operaciones a plazo fijo Individuos,Dic-2025,573.0,2026-04-19
00247,BANCO ROELA S.A.,privado_nacional,informacion_estructura,Cantidad de operaciones a plazo fijo Empresas,Dic-2025,377.0,2026-04-19
00247,BANCO ROELA S.A.,privado_nacional,informacion_estructura,Cantidad de operaciones por préstamos hipotecarios,Dic-2025,93.0,2026-04-19
00247,BANCO ROELA S.A.,privado_nacional,informacion_estructura,Cantidad de operaciones por préstamos prendarios,Dic-2025,12.0,2026-04-19
00247,BANCO ROELA S.A.,privado_nacional,informacion_estructura,Cantidad de operaciones por otros préstamos,Dic-2025,1728.0,2026-04-19
00247,BANCO ROELA S.A.,privado_nacional,informacion_estructura,Dotación de personal,Dic-2025,184.0,2026-04-19
00247,BANCO ROELA S.A.,privado_nacional,informacion_estructura,Cantidad de titulares por tarjetas de crédito,Dic-2025,517.0,2026-04-19
00247,BANCO ROELA S.A.,privado_nacional,informacion_estructura,Cantidad de tarjetas de crédito (plásticos),Dic-2025,668.0,2026-04-19
00247,BANCO ROELA S.A.,privado_nacional,informacion_estructura,Cantidad de tarjetas de débito,Dic-2025,7636.0,2026-04-19
00247,BANCO ROELA S.A.,privado_nacional,informacion_estructura,Cantidad de Cuentas,Dic-2023,3465.0,2026-04-19
00247,BANCO ROELA S.A.,privado_nacional,informacion_estructura,Cantidad de Empresas,Dic-2023,2137.0,2026-04-19
00247,BANCO ROELA S.A.,privado_nacional,informacion_estructura,Cantidad de Cuentas,Dic-2024,3475.0,2026-04-19
00247,BANCO ROELA S.A.,privado_nacional,informacion_estructura,Cantidad de Empresas,Dic-2024,2145.0,2026-04-19
00247,BANCO ROELA S.A.,privado_nacional,informacion_estructura,Cantidad de Cuentas,Nov-2025,3390.0,2026-04-19
00247,BANCO ROELA S.A.,privado_nacional,informacion_estructura,Cantidad de Empresas,Nov-2025,2101.0,2026-04-19
00247,BANCO ROELA S.A.,privado_nacional,informacion_estructura,Cantidad de Cuentas,Dic-2025,3379.0,2026-04-19
00247,BANCO ROELA S.A.,privado_nacional,informacion_estructura,Cantidad de Empresas,Dic-2025,2096.0,2026-04-19
00247,BANCO ROELA S.A.,privado_nacional,informacion_estructura,Cantidad de Cuentas,Ene-2026,3366.0,2026-04-19
00247,BANCO ROELA S.A.,privado_nacional,informacion_estructura,Cantidad de Empresas,Ene-2026,2095.0,2026-04-19
00247,BANCO ROELA S.A.,privado_nacional,informacion_estructura,CABA,Habilitadas,1.0,2026-04-19
00247,BANCO ROELA S.A.,privado_nacional,informacion_estructura,CÓRDOBA,Habilitadas,4.0,2026-04-19
00247,BANCO ROELA S.A.,privado_nacional,informacion_estructura,CABA,Habilitadas,,2026-04-19
00247,BANCO ROELA S.A.,privado_nacional,informacion_estructura,CÓRDOBA,Habilitadas,,2026-04-19
00247,BANCO ROELA S.A.,privado_nacional,informacion_estructura,CABA,Habilitadas,,2026-04-19
00247,BANCO ROELA S.A.,privado_nacional,informacion_estructura,CÓRDOBA,Habilitadas,,2026-04-19
00247,BANCO ROELA S.A.,privado_nacional,informacion_estructura,CABA,Habilitadas,,2026-04-19
00247,BANCO ROELA S.A.,privado_nacional,informacion_estructura,CÓRDOBA,Habilitadas,,2026-04-19
00247,BANCO ROELA S.A.,privado_nacional,informacion_estructura,CABA,Habilitadas,,2026-04-19
00247,BANCO ROELA S.A.,privado_nacional,informacion_estructura,CÓRDOBA,Habilitadas,,2026-04-19
00247,BANCO ROELA S.A.,privado_nacional,informacion_estructura,CABA,Habilitadas,,2026-04-19
00247,BANCO ROELA S.A.,privado_nacional,informacion_estructura,CÓRDOBA,Habilitadas,,2026-04-19
00247,BANCO ROELA S.A.,privado_nacional,informacion_estructura,CABA,Habilitadas,,2026-04-19
00247,BANCO ROELA S.A.,privado_nacional,informacion_estructura,CÓRDOBA,Habilitadas,,2026-04-19
00247,BANCO ROELA S.A.,privado_nacional,informacion_estructura,CABA,Pendientes de habilitación,,2026-04-19
00247,BANCO ROELA S.A.,privado_nacional,informacion_estructura,CÓRDOBA,Pendientes de habilitación,,2026-04-19
00247,BANCO ROELA S.A.,privado_nacional,informacion_estructura,CABA,Total,1.0,2026-04-19
00247,BANCO ROELA S.A.,privado_nacional,informacion_estructura,CÓRDOBA,Total,4.0,2026-04-19
00277,BANCO SAENZ S.A.,privado_nacional,informacion_estructura,Cantidad de cuentas corrientes,Dic-2023,247.0,2026-04-19
00277,BANCO SAENZ S.A.,privado_nacional,informacion_estructura,Cantidad de cuentas de ahorro,Dic-2023,1036.0,2026-04-19
00277,BANCO SAENZ S.A.,privado_nacional,informacion_estructura,Cantidad de operaciones a plazo fijo Individuos,Dic-2023,103.0,2026-04-19
00277,BANCO SAENZ S.A.,privado_nacional,informacion_estructura,Cantidad de operaciones a plazo fijo Empresas,Dic-2023,18.0,2026-04-19
00277,BANCO SAENZ S.A.,privado_nacional,informacion_estructura,Cantidad de operaciones por otros préstamos,Dic-2023,70499.0,2026-04-19
00277,BANCO SAENZ S.A.,privado_nacional,informacion_estructura,Dotación de personal,Dic-2023,68.0,2026-04-19
00277,BANCO SAENZ S.A.,privado_nacional,informacion_estructura,Cantidad de titulares por tarjetas de crédito,Dic-2023,8255.0,2026-04-19
00277,BANCO SAENZ S.A.,privado_nacional,informacion_estructura,Cantidad de tarjetas de crédito (plásticos),Dic-2023,8802.0,2026-04-19
00277,BANCO SAENZ S.A.,privado_nacional,informacion_estructura,Cantidad de tarjetas de débito,Dic-2023,980.0,2026-04-19
00277,BANCO SAENZ S.A.,privado_nacional,informacion_estructura,Cantidad de cuentas corrientes,Dic-2024,206.0,2026-04-19
00277,BANCO SAENZ S.A.,privado_nacional,informacion_estructura,Cantidad de cuentas de ahorro,Dic-2024,683.0,2026-04-19
00277,BANCO SAENZ S.A.,privado_nacional,informacion_estructura,Cantidad de operaciones a plazo fijo Individuos,Dic-2024,36.0,2026-04-19
00277,BANCO SAENZ S.A.,privado_nacional,informacion_estructura,Cantidad de operaciones a plazo fijo Empresas,Dic-2024,37.0,2026-04-19
00277,BANCO SAENZ S.A.,privado_nacional,informacion_estructura,Cantidad de operaciones por otros préstamos,Dic-2024,53730.0,2026-04-19
00277,BANCO SAENZ S.A.,privado_nacional,informacion_estructura,Dotación de personal,Dic-2024,62.0,2026-04-19
00277,BANCO SAENZ S.A.,privado_nacional,informacion_estructura,Cantidad de titulares por tarjetas de crédito,Dic-2024,5036.0,2026-04-19
00277,BANCO SAENZ S.A.,privado_nacional,informacion_estructura,Cantidad de tarjetas de crédito (plásticos),Dic-2024,5360.0,2026-04-19
00277,BANCO SAENZ S.A.,privado_nacional,informacion_estructura,Cantidad de tarjetas de débito,Dic-2024,557.0,2026-04-19
00277,BANCO SAENZ S.A.,privado_nacional,informacion_estructura,Cantidad de cuentas corrientes,Jun-2025,180.0,2026-04-19
00277,BANCO SAENZ S.A.,privado_nacional,informacion_estructura,Cantidad de cuentas de ahorro,Jun-2025,564.0,2026-04-19
00277,BANCO SAENZ S.A.,privado_nacional,informacion_estructura,Cantidad de operaciones a plazo fijo Individuos,Jun-2025,31.0,2026-04-19
00277,BANCO SAENZ S.A.,privado_nacional,informacion_estructura,Cantidad de operaciones a plazo fijo Empresas,Jun-2025,37.0,2026-04-19
00277,BANCO SAENZ S.A.,privado_nacional,informacion_estructura,Cantidad de operaciones por otros préstamos,Jun-2025,62664.0,2026-04-19
00277,BANCO SAENZ S.A.,privado_nacional,informacion_estructura,Dotación de personal,Jun-2025,63.0,2026-04-19
00277,BANCO SAENZ S.A.,privado_nacional,informacion_estructura,Cantidad de titulares por tarjetas de crédito,Jun-2025,1627.0,2026-04-19
00277,BANCO SAENZ S.A.,privado_nacional,informacion_estructura,Cantidad de tarjetas de crédito (plásticos),Jun-2025,1738.0,2026-04-19
00277,BANCO SAENZ S.A.,privado_nacional,informacion_estructura,Cantidad de tarjetas de débito,Jun-2025,440.0,2026-04-19
00277,BANCO SAENZ S.A.,privado_nacional,informacion_estructura,Cantidad de cuentas corrientes,Set-2025,162.0,2026-04-19
00277,BANCO SAENZ S.A.,privado_nacional,informacion_estructura,Cantidad de cuentas de ahorro,Set-2025,550.0,2026-04-19
00277,BANCO SAENZ S.A.,privado_nacional,informacion_estructura,Cantidad de operaciones a plazo fijo Individuos,Set-2025,34.0,2026-04-19
00277,BANCO SAENZ S.A.,privado_nacional,informacion_estructura,Cantidad de operaciones a plazo fijo Empresas,Set-2025,26.0,2026-04-19
00277,BANCO SAENZ S.A.,privado_nacional,informacion_estructura,Cantidad de operaciones por otros préstamos,Set-2025,64897.0,2026-04-19
00277,BANCO SAENZ S.A.,privado_nacional,informacion_estructura,Dotación de personal,Set-2025,63.0,2026-04-19
00277,BANCO SAENZ S.A.,privado_nacional,informacion_estructura,Cantidad de titulares por tarjetas de crédito,Set-2025,647.0,2026-04-19
00277,BANCO SAENZ S.A.,privado_nacional,informacion_estructura,Cantidad de tarjetas de crédito (plásticos),Set-2025,705.0,2026-04-19
00277,BANCO SAENZ S.A.,privado_nacional,informacion_estructura,Cantidad de tarjetas de débito,Set-2025,430.0,2026-04-19
00277,BANCO SAENZ S.A.,privado_nacional,informacion_estructura,Cantidad de cuentas corrientes,Dic-2025,157.0,2026-04-19
00277,BANCO SAENZ S.A.,privado_nacional,informacion_estructura,Cantidad de cuentas de ahorro,Dic-2025,534.0,2026-04-19
00277,BANCO SAENZ S.A.,privado_nacional,informacion_estructura,Cantidad de operaciones a plazo fijo Individuos,Dic-2025,28.0,2026-04-19
00277,BANCO SAENZ S.A.,privado_nacional,informacion_estructura,Cantidad de operaciones a plazo fijo Empresas,Dic-2025,31.0,2026-04-19
00277,BANCO SAENZ S.A.,privado_nacional,informacion_estructura,Cantidad de operaciones por otros préstamos,Dic-2025,62606.0,2026-04-19
00277,BANCO SAENZ S.A.,privado_nacional,informacion_estructura,Dotación de personal,Dic-2025,60.0,2026-04-19
00277,BANCO SAENZ S.A.,privado_nacional,informacion_estructura,Cantidad de titulares por tarjetas de crédito,Dic-2025,,2026-04-19
00277,BANCO SAENZ S.A.,privado_nacional,informacion_estructura,Cantidad de tarjetas de crédito (plásticos),Dic-2025,,2026-04-19
00277,BANCO SAENZ S.A.,privado_nacional,informacion_estructura,Cantidad de tarjetas de débito,Dic-2025,418.0,2026-04-19
00277,BANCO SAENZ S.A.,privado_nacional,informacion_estructura,Cantidad de Cuentas,Dic-2023,202.0,2026-04-19
00277,BANCO SAENZ S.A.,privado_nacional,informacion_estructura,Cantidad de Empresas,Dic-2023,1.0,2026-04-19
00277,BANCO SAENZ S.A.,privado_nacional,informacion_estructura,Cantidad de Cuentas,Dic-2024,174.0,2026-04-19
00277,BANCO SAENZ S.A.,privado_nacional,informacion_estructura,Cantidad de Empresas,Dic-2024,1.0,2026-04-19
00277,BANCO SAENZ S.A.,privado_nacional,informacion_estructura,Cantidad de Cuentas,Nov-2025,162.0,2026-04-19
00277,BANCO SAENZ S.A.,privado_nacional,informacion_estructura,Cantidad de Empresas,Nov-2025,1.0,2026-04-19
00277,BANCO SAENZ S.A.,privado_nacional,informacion_estructura,Cantidad de Cuentas,Dic-2025,161.0,2026-04-19
00277,BANCO SAENZ S.A.,privado_nacional,informacion_estructura,Cantidad de Empresas,Dic-2025,1.0,2026-04-19
00277,BANCO SAENZ S.A.,privado_nacional,informacion_estructura,Cantidad de Cuentas,Ene-2026,159.0,2026-04-19
00277,BANCO SAENZ S.A.,privado_nacional,informacion_estructura,Cantidad de Empresas,Ene-2026,1.0,2026-04-19
00277,BANCO SAENZ S.A.,privado_nacional,informacion_estructura,CABA,Habilitadas,1.0,2026-04-19
00277,BANCO SAENZ S.A.,privado_nacional,informacion_estructura,CABA,Habilitadas,,2026-04-19
00277,BANCO SAENZ S.A.,privado_nacional,informacion_estructura,CABA,Habilitadas,,2026-04-19
00277,BANCO SAENZ S.A.,privado_nacional,informacion_estructura,CABA,Habilitadas,,2026-04-19
00277,BANCO SAENZ S.A.,privado_nacional,informacion_estructura,CABA,Habilitadas,,2026-04-19
00277,BANCO SAENZ S.A.,privado_nacional,informacion_estructura,CABA,Habilitadas,,2026-04-19
00277,BANCO SAENZ S.A.,privado_nacional,informacion_estructura,CABA,Habilitadas,,2026-04-19
00277,BANCO SAENZ S.A.,privado_nacional,informacion_estructura,CABA,Pendientes de habilitación,,2026-04-19
00277,BANCO SAENZ S.A.,privado_nacional,informacion_estructura,CABA,Total,1.0,2026-04-19
00072,BANCO SANTANDER ARGENTINA S.A.,extranjero,informacion_estructura,Cantidad de cuentas corrientes,Dic-2023,1472308.0,2026-04-19
00072,BANCO SANTANDER ARGENTINA S.A.,extranjero,informacion_estructura,Cantidad de cuentas de ahorro,Dic-2023,8989318.0,2026-04-19
00072,BANCO SANTANDER ARGENTINA S.A.,extranjero,informacion_estructura,Cantidad de cajas de ahorro de ayuda social,Dic-2023,341802.0,2026-04-19
00072,BANCO SANTANDER ARGENTINA S.A.,extranjero,informacion_estructura,Cantidad de cuentas previsionales,Dic-2023,228965.0,2026-04-19
00072,BANCO SANTANDER ARGENTINA S.A.,extranjero,informacion_estructura,Cantidad de operaciones a plazo fijo Individuos,Dic-2023,591194.0,2026-04-19
00072,BANCO SANTANDER ARGENTINA S.A.,extranjero,informacion_estructura,Cantidad de operaciones a plazo fijo Empresas,Dic-2023,16241.0,2026-04-19
00072,BANCO SANTANDER ARGENTINA S.A.,extranjero,informacion_estructura,Cantidad de operaciones por préstamos hipotecarios,Dic-2023,99800.0,2026-04-19
00072,BANCO SANTANDER ARGENTINA S.A.,extranjero,informacion_estructura,Cantidad de operaciones por préstamos prendarios,Dic-2023,135916.0,2026-04-19
00072,BANCO SANTANDER ARGENTINA S.A.,extranjero,informacion_estructura,Cantidad de operaciones por otros préstamos,Dic-2023,953092.0,2026-04-19
00072,BANCO SANTANDER ARGENTINA S.A.,extranjero,informacion_estructura,Dotación de personal,Dic-2023,6302.0,2026-04-19
00072,BANCO SANTANDER ARGENTINA S.A.,extranjero,informacion_estructura,Cantidad de titulares por tarjetas de crédito,Dic-2023,1777142.0,2026-04-19
00072,BANCO SANTANDER ARGENTINA S.A.,extranjero,informacion_estructura,Cantidad de tarjetas de crédito (plásticos),Dic-2023,4994083.0,2026-04-19
00072,BANCO SANTANDER ARGENTINA S.A.,extranjero,informacion_estructura,Cantidad de tarjetas de débito,Dic-2023,5417335.0,2026-04-19
00072,BANCO SANTANDER ARGENTINA S.A.,extranjero,informacion_estructura,Cantidad de cuentas corrientes,Dic-2024,1126869.0,2026-04-19
00072,BANCO SANTANDER ARGENTINA S.A.,extranjero,informacion_estructura,Cantidad de cuentas de ahorro,Dic-2024,10131998.0,2026-04-19
00072,BANCO SANTANDER ARGENTINA S.A.,extranjero,informacion_estructura,Cantidad de cajas de ahorro de ayuda social,Dic-2024,387484.0,2026-04-19
00072,BANCO SANTANDER ARGENTINA S.A.,extranjero,informacion_estructura,Cantidad de cuentas previsionales,Dic-2024,265525.0,2026-04-19
00072,BANCO SANTANDER ARGENTINA S.A.,extranjero,informacion_estructura,Cantidad de operaciones a plazo fijo Individuos,Dic-2024,311911.0,2026-04-19
00072,BANCO SANTANDER ARGENTINA S.A.,extranjero,informacion_estructura,Cantidad de operaciones a plazo fijo Empresas,Dic-2024,8562.0,2026-04-19
00072,BANCO SANTANDER ARGENTINA S.A.,extranjero,informacion_estructura,Cantidad de operaciones por préstamos hipotecarios,Dic-2024,89997.0,2026-04-19
00072,BANCO SANTANDER ARGENTINA S.A.,extranjero,informacion_estructura,Cantidad de operaciones por préstamos prendarios,Dic-2024,135488.0,2026-04-19
00072,BANCO SANTANDER ARGENTINA S.A.,extranjero,informacion_estructura,Cantidad de operaciones por otros préstamos,Dic-2024,1019303.0,2026-04-19
00072,BANCO SANTANDER ARGENTINA S.A.,extranjero,informacion_estructura,Dotación de personal,Dic-2024,6058.0,2026-04-19
00072,BANCO SANTANDER ARGENTINA S.A.,extranjero,informacion_estructura,Cantidad de titulares por tarjetas de crédito,Dic-2024,1873035.0,2026-04-19
00072,BANCO SANTANDER ARGENTINA S.A.,extranjero,informacion_estructura,Cantidad de tarjetas de crédito (plásticos),Dic-2024,5003298.0,2026-04-19
00072,BANCO SANTANDER ARGENTINA S.A.,extranjero,informacion_estructura,Cantidad de tarjetas de débito,Dic-2024,5929850.0,2026-04-19
00072,BANCO SANTANDER ARGENTINA S.A.,extranjero,informacion_estructura,Cantidad de cuentas corrientes,Jun-2025,1109216.0,2026-04-19
00072,BANCO SANTANDER ARGENTINA S.A.,extranjero,informacion_estructura,Cantidad de cuentas de ahorro,Jun-2025,10901460.0,2026-04-19
00072,BANCO SANTANDER ARGENTINA S.A.,extranjero,informacion_estructura,Cantidad de cajas de ahorro de ayuda social,Jun-2025,406432.0,2026-04-19
00072,BANCO SANTANDER ARGENTINA S.A.,extranjero,informacion_estructura,Cantidad de cuentas previsionales,Jun-2025,278290.0,2026-04-19
00072,BANCO SANTANDER ARGENTINA S.A.,extranjero,informacion_estructura,Cantidad de operaciones a plazo fijo Individuos,Jun-2025,337457.0,2026-04-19
00072,BANCO SANTANDER ARGENTINA S.A.,extranjero,informacion_estructura,Cantidad de operaciones a plazo fijo Empresas,Jun-2025,10580.0,2026-04-19
00072,BANCO SANTANDER ARGENTINA S.A.,extranjero,informacion_estructura,Cantidad de operaciones por préstamos hipotecarios,Jun-2025,89297.0,2026-04-19
00072,BANCO SANTANDER ARGENTINA S.A.,extranjero,informacion_estructura,Cantidad de operaciones por préstamos prendarios,Jun-2025,143885.0,2026-04-19
00072,BANCO SANTANDER ARGENTINA S.A.,extranjero,informacion_estructura,Cantidad de operaciones por otros préstamos,Jun-2025,1257150.0,2026-04-19
00072,BANCO SANTANDER ARGENTINA S.A.,extranjero,informacion_estructura,Dotación de personal,Jun-2025,5899.0,2026-04-19
00072,BANCO SANTANDER ARGENTINA S.A.,extranjero,informacion_estructura,Cantidad de titulares por tarjetas de crédito,Jun-2025,1921791.0,2026-04-19
00072,BANCO SANTANDER ARGENTINA S.A.,extranjero,informacion_estructura,Cantidad de tarjetas de crédito (plásticos),Jun-2025,4974471.0,2026-04-19
00072,BANCO SANTANDER ARGENTINA S.A.,extranjero,informacion_estructura,Cantidad de tarjetas de débito,Jun-2025,5883391.0,2026-04-19
00072,BANCO SANTANDER ARGENTINA S.A.,extranjero,informacion_estructura,Cantidad de cuentas corrientes,Set-2025,1011939.0,2026-04-19
00072,BANCO SANTANDER ARGENTINA S.A.,extranjero,informacion_estructura,Cantidad de cuentas de ahorro,Set-2025,11093298.0,2026-04-19
00072,BANCO SANTANDER ARGENTINA S.A.,extranjero,informacion_estructura,Cantidad de cajas de ahorro de ayuda social,Set-2025,408320.0,2026-04-19
00072,BANCO SANTANDER ARGENTINA S.A.,extranjero,informacion_estructura,Cantidad de cuentas previsionales,Set-2025,283485.0,2026-04-19
00072,BANCO SANTANDER ARGENTINA S.A.,extranjero,informacion_estructura,Cantidad de operaciones a plazo fijo Individuos,Set-2025,335570.0,2026-04-19
00072,BANCO SANTANDER ARGENTINA S.A.,extranjero,informacion_estructura,Cantidad de operaciones a plazo fijo Empresas,Set-2025,12362.0,2026-04-19
00072,BANCO SANTANDER ARGENTINA S.A.,extranjero,informacion_estructura,Cantidad de operaciones por préstamos hipotecarios,Set-2025,88862.0,2026-04-19
00072,BANCO SANTANDER ARGENTINA S.A.,extranjero,informacion_estructura,Cantidad de operaciones por préstamos prendarios,Set-2025,139650.0,2026-04-19
00072,BANCO SANTANDER ARGENTINA S.A.,extranjero,informacion_estructura,Cantidad de operaciones por otros préstamos,Set-2025,1207577.0,2026-04-19
00072,BANCO SANTANDER ARGENTINA S.A.,extranjero,informacion_estructura,Dotación de personal,Set-2025,5766.0,2026-04-19
00072,BANCO SANTANDER ARGENTINA S.A.,extranjero,informacion_estructura,Cantidad de titulares por tarjetas de crédito,Set-2025,1904293.0,2026-04-19
00072,BANCO SANTANDER ARGENTINA S.A.,extranjero,informacion_estructura,Cantidad de tarjetas de crédito (plásticos),Set-2025,4926919.0,2026-04-19
00072,BANCO SANTANDER ARGENTINA S.A.,extranjero,informacion_estructura,Cantidad de tarjetas de débito,Set-2025,6026912.0,2026-04-19
00072,BANCO SANTANDER ARGENTINA S.A.,extranjero,informacion_estructura,Cantidad de cuentas corrientes,Dic-2025,975864.0,2026-04-19
00072,BANCO SANTANDER ARGENTINA S.A.,extranjero,informacion_estructura,Cantidad de cuentas de ahorro,Dic-2025,11014003.0,2026-04-19
00072,BANCO SANTANDER ARGENTINA S.A.,extranjero,informacion_estructura,Cantidad de cajas de ahorro de ayuda social,Dic-2025,383327.0,2026-04-19
00072,BANCO SANTANDER ARGENTINA S.A.,extranjero,informacion_estructura,Cantidad de cuentas previsionales,Dic-2025,289438.0,2026-04-19
00072,BANCO SANTANDER ARGENTINA S.A.,extranjero,informacion_estructura,Cantidad de operaciones a plazo fijo Individuos,Dic-2025,251824.0,2026-04-19
00072,BANCO SANTANDER ARGENTINA S.A.,extranjero,informacion_estructura,Cantidad de operaciones a plazo fijo Empresas,Dic-2025,7976.0,2026-04-19
00072,BANCO SANTANDER ARGENTINA S.A.,extranjero,informacion_estructura,Cantidad de operaciones por préstamos hipotecarios,Dic-2025,88156.0,2026-04-19
00072,BANCO SANTANDER ARGENTINA S.A.,extranjero,informacion_estructura,Cantidad de operaciones por préstamos prendarios,Dic-2025,135010.0,2026-04-19
00072,BANCO SANTANDER ARGENTINA S.A.,extranjero,informacion_estructura,Cantidad de operaciones por otros préstamos,Dic-2025,1178270.0,2026-04-19
00072,BANCO SANTANDER ARGENTINA S.A.,extranjero,informacion_estructura,Dotación de personal,Dic-2025,5685.0,2026-04-19
00072,BANCO SANTANDER ARGENTINA S.A.,extranjero,informacion_estructura,Cantidad de titulares por tarjetas de crédito,Dic-2025,1861086.0,2026-04-19
00072,BANCO SANTANDER ARGENTINA S.A.,extranjero,informacion_estructura,Cantidad de tarjetas de crédito (plásticos),Dic-2025,4823824.0,2026-04-19
00072,BANCO SANTANDER ARGENTINA S.A.,extranjero,informacion_estructura,Cantidad de tarjetas de débito,Dic-2025,6070615.0,2026-04-19
00072,BANCO SANTANDER ARGENTINA S.A.,extranjero,informacion_estructura,Cantidad de Cuentas,Dic-2023,1058411.0,2026-04-19
00072,BANCO SANTANDER ARGENTINA S.A.,extranjero,informacion_estructura,Cantidad de Empresas,Dic-2023,85794.0,2026-04-19
00072,BANCO SANTANDER ARGENTINA S.A.,extranjero,informacion_estructura,Cantidad de Cuentas,Dic-2024,1076881.0,2026-04-19
00072,BANCO SANTANDER ARGENTINA S.A.,extranjero,informacion_estructura,Cantidad de Empresas,Dic-2024,94607.0,2026-04-19
00072,BANCO SANTANDER ARGENTINA S.A.,extranjero,informacion_estructura,Cantidad de Cuentas,Nov-2025,1017229.0,2026-04-19
00072,BANCO SANTANDER ARGENTINA S.A.,extranjero,informacion_estructura,Cantidad de Empresas,Nov-2025,91677.0,2026-04-19
00072,BANCO SANTANDER ARGENTINA S.A.,extranjero,informacion_estructura,Cantidad de Cuentas,Dic-2025,1061796.0,2026-04-19
00072,BANCO SANTANDER ARGENTINA S.A.,extranjero,informacion_estructura,Cantidad de Empresas,Dic-2025,96324.0,2026-04-19
00072,BANCO SANTANDER ARGENTINA S.A.,extranjero,informacion_estructura,Cantidad de Cuentas,Ene-2026,1010172.0,2026-04-19
00072,BANCO SANTANDER ARGENTINA S.A.,extranjero,informacion_estructura,Cantidad de Empresas,Ene-2026,90560.0,2026-04-19
00072,BANCO SANTANDER ARGENTINA S.A.,extranjero,informacion_estructura,CABA,Habilitadas,103.0,2026-04-19
00072,BANCO SANTANDER ARGENTINA S.A.,extranjero,informacion_estructura,BUENOS AIRES,Habilitadas,163.0,2026-04-19
00072,BANCO SANTANDER ARGENTINA S.A.,extranjero,informacion_estructura,CATAMARCA,Habilitadas,1.0,2026-04-19
00072,BANCO SANTANDER ARGENTINA S.A.,extranjero,informacion_estructura,CÓRDOBA,Habilitadas,35.0,2026-04-19
00072,BANCO SANTANDER ARGENTINA S.A.,extranjero,informacion_estructura,CORRIENTES,Habilitadas,4.0,2026-04-19
00072,BANCO SANTANDER ARGENTINA S.A.,extranjero,informacion_estructura,CHACO,Habilitadas,3.0,2026-04-19
00072,BANCO SANTANDER ARGENTINA S.A.,extranjero,informacion_estructura,CHUBUT,Habilitadas,5.0,2026-04-19
00072,BANCO SANTANDER ARGENTINA S.A.,extranjero,informacion_estructura,ENTRE RÍOS,Habilitadas,10.0,2026-04-19
00072,BANCO SANTANDER ARGENTINA S.A.,extranjero,informacion_estructura,FORMOSA,Habilitadas,,2026-04-19
00072,BANCO SANTANDER ARGENTINA S.A.,extranjero,informacion_estructura,JUJUY,Habilitadas,2.0,2026-04-19
00072,BANCO SANTANDER ARGENTINA S.A.,extranjero,informacion_estructura,LA PAMPA,Habilitadas,2.0,2026-04-19
00072,BANCO SANTANDER ARGENTINA S.A.,extranjero,informacion_estructura,LA RIOJA,Habilitadas,1.0,2026-04-19
00072,BANCO SANTANDER ARGENTINA S.A.,extranjero,informacion_estructura,MENDOZA,Habilitadas,14.0,2026-04-19
00072,BANCO SANTANDER ARGENTINA S.A.,extranjero,informacion_estructura,MISIONES,Habilitadas,4.0,2026-04-19
00072,BANCO SANTANDER ARGENTINA S.A.,extranjero,informacion_estructura,NEUQUÉN,Habilitadas,5.0,2026-04-19
00072,BANCO SANTANDER ARGENTINA S.A.,extranjero,informacion_estructura,RÍO NEGRO,Habilitadas,4.0,2026-04-19
00072,BANCO SANTANDER ARGENTINA S.A.,extranjero,informacion_estructura,SALTA,Habilitadas,5.0,2026-04-19
00072,BANCO SANTANDER ARGENTINA S.A.,extranjero,informacion_estructura,SAN JUAN,Habilitadas,4.0,2026-04-19
00072,BANCO SANTANDER ARGENTINA S.A.,extranjero,informacion_estructura,SAN LUIS,Habilitadas,2.0,2026-04-19
00072,BANCO SANTANDER ARGENTINA S.A.,extranjero,informacion_estructura,SANTA CRUZ,Habilitadas,4.0,2026-04-19
00072,BANCO SANTANDER ARGENTINA S.A.,extranjero,informacion_estructura,SANTA FE,Habilitadas,32.0,2026-04-19
00072,BANCO SANTANDER ARGENTINA S.A.,extranjero,informacion_estructura,SANTIAGO DEL ESTERO,Habilitadas,2.0,2026-04-19
00072,BANCO SANTANDER ARGENTINA S.A.,extranjero,informacion_estructura,TUCUMÁN,Habilitadas,6.0,2026-04-19
00072,BANCO SANTANDER ARGENTINA S.A.,extranjero,informacion_estructura,TIERRA DE FUEGO,Habilitadas,2.0,2026-04-19
00072,BANCO SANTANDER ARGENTINA S.A.,extranjero,informacion_estructura,CABA,Habilitadas,,2026-04-19
00072,BANCO SANTANDER ARGENTINA S.A.,extranjero,informacion_estructura,BUENOS AIRES,Habilitadas,,2026-04-19
00072,BANCO SANTANDER ARGENTINA S.A.,extranjero,informacion_estructura,CATAMARCA,Habilitadas,,2026-04-19
00072,BANCO SANTANDER ARGENTINA S.A.,extranjero,informacion_estructura,CÓRDOBA,Habilitadas,,2026-04-19
00072,BANCO SANTANDER ARGENTINA S.A.,extranjero,informacion_estructura,CORRIENTES,Habilitadas,,2026-04-19
00072,BANCO SANTANDER ARGENTINA S.A.,extranjero,informacion_estructura,CHACO,Habilitadas,,2026-04-19
00072,BANCO SANTANDER ARGENTINA S.A.,extranjero,informacion_estructura,CHUBUT,Habilitadas,,2026-04-19
00072,BANCO SANTANDER ARGENTINA S.A.,extranjero,informacion_estructura,ENTRE RÍOS,Habilitadas,,2026-04-19
00072,BANCO SANTANDER ARGENTINA S.A.,extranjero,informacion_estructura,FORMOSA,Habilitadas,,2026-04-19
00072,BANCO SANTANDER ARGENTINA S.A.,extranjero,informacion_estructura,JUJUY,Habilitadas,,2026-04-19
00072,BANCO SANTANDER ARGENTINA S.A.,extranjero,informacion_estructura,LA PAMPA,Habilitadas,,2026-04-19
00072,BANCO SANTANDER ARGENTINA S.A.,extranjero,informacion_estructura,LA RIOJA,Habilitadas,,2026-04-19
00072,BANCO SANTANDER ARGENTINA S.A.,extranjero,informacion_estructura,MENDOZA,Habilitadas,,2026-04-19
00072,BANCO SANTANDER ARGENTINA S.A.,extranjero,informacion_estructura,MISIONES,Habilitadas,,2026-04-19
00072,BANCO SANTANDER ARGENTINA S.A.,extranjero,informacion_estructura,NEUQUÉN,Habilitadas,,2026-04-19
00072,BANCO SANTANDER ARGENTINA S.A.,extranjero,informacion_estructura,RÍO NEGRO,Habilitadas,,2026-04-19
00072,BANCO SANTANDER ARGENTINA S.A.,extranjero,informacion_estructura,SALTA,Habilitadas,,2026-04-19
00072,BANCO SANTANDER ARGENTINA S.A.,extranjero,informacion_estructura,SAN JUAN,Habilitadas,,2026-04-19
00072,BANCO SANTANDER ARGENTINA S.A.,extranjero,informacion_estructura,SAN LUIS,Habilitadas,,2026-04-19
00072,BANCO SANTANDER ARGENTINA S.A.,extranjero,informacion_estructura,SANTA CRUZ,Habilitadas,,2026-04-19
00072,BANCO SANTANDER ARGENTINA S.A.,extranjero,informacion_estructura,SANTA FE,Habilitadas,,2026-04-19
00072,BANCO SANTANDER ARGENTINA S.A.,extranjero,informacion_estructura,SANTIAGO DEL ESTERO,Habilitadas,,2026-04-19
00072,BANCO SANTANDER ARGENTINA S.A.,extranjero,informacion_estructura,TUCUMÁN,Habilitadas,,2026-04-19
00072,BANCO SANTANDER ARGENTINA S.A.,extranjero,informacion_estructura,TIERRA DE FUEGO,Habilitadas,,2026-04-19
00072,BANCO SANTANDER ARGENTINA S.A.,extranjero,informacion_estructura,CABA,Habilitadas,1.0,2026-04-19
00072,BANCO SANTANDER ARGENTINA S.A.,extranjero,informacion_estructura,BUENOS AIRES,Habilitadas,2.0,2026-04-19
00072,BANCO SANTANDER ARGENTINA S.A.,extranjero,informacion_estructura,CATAMARCA,Habilitadas,,2026-04-19
00072,BANCO SANTANDER ARGENTINA S.A.,extranjero,informacion_estructura,CÓRDOBA,Habilitadas,1.0,2026-04-19
00072,BANCO SANTANDER ARGENTINA S.A.,extranjero,informacion_estructura,CORRIENTES,Habilitadas,,2026-04-19
00072,BANCO SANTANDER ARGENTINA S.A.,extranjero,informacion_estructura,CHACO,Habilitadas,,2026-04-19
00072,BANCO SANTANDER ARGENTINA S.A.,extranjero,informacion_estructura,CHUBUT,Habilitadas,,2026-04-19
00072,BANCO SANTANDER ARGENTINA S.A.,extranjero,informacion_estructura,ENTRE RÍOS,Habilitadas,,2026-04-19
00072,BANCO SANTANDER ARGENTINA S.A.,extranjero,informacion_estructura,FORMOSA,Habilitadas,,2026-04-19
00072,BANCO SANTANDER ARGENTINA S.A.,extranjero,informacion_estructura,JUJUY,Habilitadas,,2026-04-19
00072,BANCO SANTANDER ARGENTINA S.A.,extranjero,informacion_estructura,LA PAMPA,Habilitadas,,2026-04-19
00072,BANCO SANTANDER ARGENTINA S.A.,extranjero,informacion_estructura,LA RIOJA,Habilitadas,,2026-04-19
00072,BANCO SANTANDER ARGENTINA S.A.,extranjero,informacion_estructura,MENDOZA,Habilitadas,,2026-04-19
00072,BANCO SANTANDER ARGENTINA S.A.,extranjero,informacion_estructura,MISIONES,Habilitadas,,2026-04-19
00072,BANCO SANTANDER ARGENTINA S.A.,extranjero,informacion_estructura,NEUQUÉN,Habilitadas,,2026-04-19
00072,BANCO SANTANDER ARGENTINA S.A.,extranjero,informacion_estructura,RÍO NEGRO,Habilitadas,,2026-04-19
00072,BANCO SANTANDER ARGENTINA S.A.,extranjero,informacion_estructura,SALTA,Habilitadas,,2026-04-19
00072,BANCO SANTANDER ARGENTINA S.A.,extranjero,informacion_estructura,SAN JUAN,Habilitadas,,2026-04-19
00072,BANCO SANTANDER ARGENTINA S.A.,extranjero,informacion_estructura,SAN LUIS,Habilitadas,,2026-04-19
00072,BANCO SANTANDER ARGENTINA S.A.,extranjero,informacion_estructura,SANTA CRUZ,Habilitadas,,2026-04-19
00072,BANCO SANTANDER ARGENTINA S.A.,extranjero,informacion_estructura,SANTA FE,Habilitadas,1.0,2026-04-19
00072,BANCO SANTANDER ARGENTINA S.A.,extranjero,informacion_estructura,SANTIAGO DEL ESTERO,Habilitadas,,2026-04-19
00072,BANCO SANTANDER ARGENTINA S.A.,extranjero,informacion_estructura,TUCUMÁN,Habilitadas,,2026-04-19
00072,BANCO SANTANDER ARGENTINA S.A.,extranjero,informacion_estructura,TIERRA DE FUEGO,Habilitadas,,2026-04-19
00072,BANCO SANTANDER ARGENTINA S.A.,extranjero,informacion_estructura,CABA,Habilitadas,330.0,2026-04-19
00072,BANCO SANTANDER ARGENTINA S.A.,extranjero,informacion_estructura,BUENOS AIRES,Habilitadas,578.0,2026-04-19
00072,BANCO SANTANDER ARGENTINA S.A.,extranjero,informacion_estructura,CATAMARCA,Habilitadas,4.0,2026-04-19
00072,BANCO SANTANDER ARGENTINA S.A.,extranjero,informacion_estructura,CÓRDOBA,Habilitadas,107.0,2026-04-19
00072,BANCO SANTANDER ARGENTINA S.A.,extranjero,informacion_estructura,CORRIENTES,Habilitadas,12.0,2026-04-19
00072,BANCO SANTANDER ARGENTINA S.A.,extranjero,informacion_estructura,CHACO,Habilitadas,13.0,2026-04-19
00072,BANCO SANTANDER ARGENTINA S.A.,extranjero,informacion_estructura,CHUBUT,Habilitadas,20.0,2026-04-19
00072,BANCO SANTANDER ARGENTINA S.A.,extranjero,informacion_estructura,ENTRE RÍOS,Habilitadas,26.0,2026-04-19
00072,BANCO SANTANDER ARGENTINA S.A.,extranjero,informacion_estructura,FORMOSA,Habilitadas,1.0,2026-04-19
00072,BANCO SANTANDER ARGENTINA S.A.,extranjero,informacion_estructura,JUJUY,Habilitadas,8.0,2026-04-19
00072,BANCO SANTANDER ARGENTINA S.A.,extranjero,informacion_estructura,LA PAMPA,Habilitadas,3.0,2026-04-19
00072,BANCO SANTANDER ARGENTINA S.A.,extranjero,informacion_estructura,LA RIOJA,Habilitadas,3.0,2026-04-19
00072,BANCO SANTANDER ARGENTINA S.A.,extranjero,informacion_estructura,MENDOZA,Habilitadas,35.0,2026-04-19
00072,BANCO SANTANDER ARGENTINA S.A.,extranjero,informacion_estructura,MISIONES,Habilitadas,12.0,2026-04-19
00072,BANCO SANTANDER ARGENTINA S.A.,extranjero,informacion_estructura,NEUQUÉN,Habilitadas,11.0,2026-04-19
00072,BANCO SANTANDER ARGENTINA S.A.,extranjero,informacion_estructura,RÍO NEGRO,Habilitadas,11.0,2026-04-19
00072,BANCO SANTANDER ARGENTINA S.A.,extranjero,informacion_estructura,SALTA,Habilitadas,14.0,2026-04-19
00072,BANCO SANTANDER ARGENTINA S.A.,extranjero,informacion_estructura,SAN JUAN,Habilitadas,13.0,2026-04-19
00072,BANCO SANTANDER ARGENTINA S.A.,extranjero,informacion_estructura,SAN LUIS,Habilitadas,7.0,2026-04-19
00072,BANCO SANTANDER ARGENTINA S.A.,extranjero,informacion_estructura,SANTA CRUZ,Habilitadas,10.0,2026-04-19
00072,BANCO SANTANDER ARGENTINA S.A.,extranjero,informacion_estructura,SANTA FE,Habilitadas,77.0,2026-04-19
00072,BANCO SANTANDER ARGENTINA S.A.,extranjero,informacion_estructura,SANTIAGO DEL ESTERO,Habilitadas,6.0,2026-04-19
00072,BANCO SANTANDER ARGENTINA S.A.,extranjero,informacion_estructura,TUCUMÁN,Habilitadas,21.0,2026-04-19
00072,BANCO SANTANDER ARGENTINA S.A.,extranjero,informacion_estructura,TIERRA DE FUEGO,Habilitadas,6.0,2026-04-19
00072,BANCO SANTANDER ARGENTINA S.A.,extranjero,informacion_estructura,CABA,Habilitadas,363.0,2026-04-19
00072,BANCO SANTANDER ARGENTINA S.A.,extranjero,informacion_estructura,BUENOS AIRES,Habilitadas,489.0,2026-04-19
00072,BANCO SANTANDER ARGENTINA S.A.,extranjero,informacion_estructura,CATAMARCA,Habilitadas,4.0,2026-04-19
00072,BANCO SANTANDER ARGENTINA S.A.,extranjero,informacion_estructura,CÓRDOBA,Habilitadas,103.0,2026-04-19
00072,BANCO SANTANDER ARGENTINA S.A.,extranjero,informacion_estructura,CORRIENTES,Habilitadas,14.0,2026-04-19
00072,BANCO SANTANDER ARGENTINA S.A.,extranjero,informacion_estructura,CHACO,Habilitadas,9.0,2026-04-19
00072,BANCO SANTANDER ARGENTINA S.A.,extranjero,informacion_estructura,CHUBUT,Habilitadas,14.0,2026-04-19
00072,BANCO SANTANDER ARGENTINA S.A.,extranjero,informacion_estructura,ENTRE RÍOS,Habilitadas,43.0,2026-04-19
00072,BANCO SANTANDER ARGENTINA S.A.,extranjero,informacion_estructura,FORMOSA,Habilitadas,,2026-04-19
00072,BANCO SANTANDER ARGENTINA S.A.,extranjero,informacion_estructura,JUJUY,Habilitadas,7.0,2026-04-19
00072,BANCO SANTANDER ARGENTINA S.A.,extranjero,informacion_estructura,LA PAMPA,Habilitadas,5.0,2026-04-19
00072,BANCO SANTANDER ARGENTINA S.A.,extranjero,informacion_estructura,LA RIOJA,Habilitadas,6.0,2026-04-19
00072,BANCO SANTANDER ARGENTINA S.A.,extranjero,informacion_estructura,MENDOZA,Habilitadas,44.0,2026-04-19
00072,BANCO SANTANDER ARGENTINA S.A.,extranjero,informacion_estructura,MISIONES,Habilitadas,15.0,2026-04-19
00072,BANCO SANTANDER ARGENTINA S.A.,extranjero,informacion_estructura,NEUQUÉN,Habilitadas,17.0,2026-04-19
00072,BANCO SANTANDER ARGENTINA S.A.,extranjero,informacion_estructura,RÍO NEGRO,Habilitadas,18.0,2026-04-19
00072,BANCO SANTANDER ARGENTINA S.A.,extranjero,informacion_estructura,SALTA,Habilitadas,20.0,2026-04-19
00072,BANCO SANTANDER ARGENTINA S.A.,extranjero,informacion_estructura,SAN JUAN,Habilitadas,16.0,2026-04-19
00072,BANCO SANTANDER ARGENTINA S.A.,extranjero,informacion_estructura,SAN LUIS,Habilitadas,10.0,2026-04-19
00072,BANCO SANTANDER ARGENTINA S.A.,extranjero,informacion_estructura,SANTA CRUZ,Habilitadas,10.0,2026-04-19
00072,BANCO SANTANDER ARGENTINA S.A.,extranjero,informacion_estructura,SANTA FE,Habilitadas,99.0,2026-04-19
00072,BANCO SANTANDER ARGENTINA S.A.,extranjero,informacion_estructura,SANTIAGO DEL ESTERO,Habilitadas,9.0,2026-04-19
00072,BANCO SANTANDER ARGENTINA S.A.,extranjero,informacion_estructura,TUCUMÁN,Habilitadas,29.0,2026-04-19
00072,BANCO SANTANDER ARGENTINA S.A.,extranjero,informacion_estructura,TIERRA DE FUEGO,Habilitadas,4.0,2026-04-19
00072,BANCO SANTANDER ARGENTINA S.A.,extranjero,informacion_estructura,CABA,Habilitadas,2.0,2026-04-19
00072,BANCO SANTANDER ARGENTINA S.A.,extranjero,informacion_estructura,BUENOS AIRES,Habilitadas,1.0,2026-04-19
00072,BANCO SANTANDER ARGENTINA S.A.,extranjero,informacion_estructura,CATAMARCA,Habilitadas,,2026-04-19
00072,BANCO SANTANDER ARGENTINA S.A.,extranjero,informacion_estructura,CÓRDOBA,Habilitadas,,2026-04-19
00072,BANCO SANTANDER ARGENTINA S.A.,extranjero,informacion_estructura,CORRIENTES,Habilitadas,,2026-04-19
00072,BANCO SANTANDER ARGENTINA S.A.,extranjero,informacion_estructura,CHACO,Habilitadas,,2026-04-19
00072,BANCO SANTANDER ARGENTINA S.A.,extranjero,informacion_estructura,CHUBUT,Habilitadas,,2026-04-19
00072,BANCO SANTANDER ARGENTINA S.A.,extranjero,informacion_estructura,ENTRE RÍOS,Habilitadas,,2026-04-19
00072,BANCO SANTANDER ARGENTINA S.A.,extranjero,informacion_estructura,FORMOSA,Habilitadas,,2026-04-19
00072,BANCO SANTANDER ARGENTINA S.A.,extranjero,informacion_estructura,JUJUY,Habilitadas,,2026-04-19
00072,BANCO SANTANDER ARGENTINA S.A.,extranjero,informacion_estructura,LA PAMPA,Habilitadas,,2026-04-19
00072,BANCO SANTANDER ARGENTINA S.A.,extranjero,informacion_estructura,LA RIOJA,Habilitadas,,2026-04-19
00072,BANCO SANTANDER ARGENTINA S.A.,extranjero,informacion_estructura,MENDOZA,Habilitadas,,2026-04-19
00072,BANCO SANTANDER ARGENTINA S.A.,extranjero,informacion_estructura,MISIONES,Habilitadas,,2026-04-19
00072,BANCO SANTANDER ARGENTINA S.A.,extranjero,informacion_estructura,NEUQUÉN,Habilitadas,,2026-04-19
00072,BANCO SANTANDER ARGENTINA S.A.,extranjero,informacion_estructura,RÍO NEGRO,Habilitadas,,2026-04-19
00072,BANCO SANTANDER ARGENTINA S.A.,extranjero,informacion_estructura,SALTA,Habilitadas,,2026-04-19
00072,BANCO SANTANDER ARGENTINA S.A.,extranjero,informacion_estructura,SAN JUAN,Habilitadas,,2026-04-19
00072,BANCO SANTANDER ARGENTINA S.A.,extranjero,informacion_estructura,SAN LUIS,Habilitadas,,2026-04-19
00072,BANCO SANTANDER ARGENTINA S.A.,extranjero,informacion_estructura,SANTA CRUZ,Habilitadas,,2026-04-19
00072,BANCO SANTANDER ARGENTINA S.A.,extranjero,informacion_estructura,SANTA FE,Habilitadas,1.0,2026-04-19
00072,BANCO SANTANDER ARGENTINA S.A.,extranjero,informacion_estructura,SANTIAGO DEL ESTERO,Habilitadas,,2026-04-19
00072,BANCO SANTANDER ARGENTINA S.A.,extranjero,informacion_estructura,TUCUMÁN,Habilitadas,1.0,2026-04-19
00072,BANCO SANTANDER ARGENTINA S.A.,extranjero,informacion_estructura,TIERRA DE FUEGO,Habilitadas,,2026-04-19
00072,BANCO SANTANDER ARGENTINA S.A.,extranjero,informacion_estructura,CABA,Habilitadas,20.0,2026-04-19
00072,BANCO SANTANDER ARGENTINA S.A.,extranjero,informacion_estructura,BUENOS AIRES,Habilitadas,24.0,2026-04-19
00072,BANCO SANTANDER ARGENTINA S.A.,extranjero,informacion_estructura,CATAMARCA,Habilitadas,,2026-04-19
00072,BANCO SANTANDER ARGENTINA S.A.,extranjero,informacion_estructura,CÓRDOBA,Habilitadas,11.0,2026-04-19
00072,BANCO SANTANDER ARGENTINA S.A.,extranjero,informacion_estructura,CORRIENTES,Habilitadas,,2026-04-19
00072,BANCO SANTANDER ARGENTINA S.A.,extranjero,informacion_estructura,CHACO,Habilitadas,,2026-04-19
00072,BANCO SANTANDER ARGENTINA S.A.,extranjero,informacion_estructura,CHUBUT,Habilitadas,,2026-04-19
00072,BANCO SANTANDER ARGENTINA S.A.,extranjero,informacion_estructura,ENTRE RÍOS,Habilitadas,2.0,2026-04-19
00072,BANCO SANTANDER ARGENTINA S.A.,extranjero,informacion_estructura,FORMOSA,Habilitadas,,2026-04-19
00072,BANCO SANTANDER ARGENTINA S.A.,extranjero,informacion_estructura,JUJUY,Habilitadas,,2026-04-19
00072,BANCO SANTANDER ARGENTINA S.A.,extranjero,informacion_estructura,LA PAMPA,Habilitadas,1.0,2026-04-19
00072,BANCO SANTANDER ARGENTINA S.A.,extranjero,informacion_estructura,LA RIOJA,Habilitadas,,2026-04-19
00072,BANCO SANTANDER ARGENTINA S.A.,extranjero,informacion_estructura,MENDOZA,Habilitadas,9.0,2026-04-19
00072,BANCO SANTANDER ARGENTINA S.A.,extranjero,informacion_estructura,MISIONES,Habilitadas,,2026-04-19
00072,BANCO SANTANDER ARGENTINA S.A.,extranjero,informacion_estructura,NEUQUÉN,Habilitadas,,2026-04-19
00072,BANCO SANTANDER ARGENTINA S.A.,extranjero,informacion_estructura,RÍO NEGRO,Habilitadas,,2026-04-19
00072,BANCO SANTANDER ARGENTINA S.A.,extranjero,informacion_estructura,SALTA,Habilitadas,2.0,2026-04-19
00072,BANCO SANTANDER ARGENTINA S.A.,extranjero,informacion_estructura,SAN JUAN,Habilitadas,1.0,2026-04-19
00072,BANCO SANTANDER ARGENTINA S.A.,extranjero,informacion_estructura,SAN LUIS,Habilitadas,2.0,2026-04-19
00072,BANCO SANTANDER ARGENTINA S.A.,extranjero,informacion_estructura,SANTA CRUZ,Habilitadas,,2026-04-19
00072,BANCO SANTANDER ARGENTINA S.A.,extranjero,informacion_estructura,SANTA FE,Habilitadas,7.0,2026-04-19
00072,BANCO SANTANDER ARGENTINA S.A.,extranjero,informacion_estructura,SANTIAGO DEL ESTERO,Habilitadas,2.0,2026-04-19
00072,BANCO SANTANDER ARGENTINA S.A.,extranjero,informacion_estructura,TUCUMÁN,Habilitadas,2.0,2026-04-19
00072,BANCO SANTANDER ARGENTINA S.A.,extranjero,informacion_estructura,TIERRA DE FUEGO,Habilitadas,,2026-04-19
00072,BANCO SANTANDER ARGENTINA S.A.,extranjero,informacion_estructura,CABA,Pendientes de habilitación,1.0,2026-04-19
00072,BANCO SANTANDER ARGENTINA S.A.,extranjero,informacion_estructura,BUENOS AIRES,Pendientes de habilitación,1.0,2026-04-19
00072,BANCO SANTANDER ARGENTINA S.A.,extranjero,informacion_estructura,CATAMARCA,Pendientes de habilitación,,2026-04-19
00072,BANCO SANTANDER ARGENTINA S.A.,extranjero,informacion_estructura,CÓRDOBA,Pendientes de habilitación,1.0,2026-04-19
00072,BANCO SANTANDER ARGENTINA S.A.,extranjero,informacion_estructura,CORRIENTES,Pendientes de habilitación,,2026-04-19
00072,BANCO SANTANDER ARGENTINA S.A.,extranjero,informacion_estructura,CHACO,Pendientes de habilitación,,2026-04-19
00072,BANCO SANTANDER ARGENTINA S.A.,extranjero,informacion_estructura,CHUBUT,Pendientes de habilitación,,2026-04-19
00072,BANCO SANTANDER ARGENTINA S.A.,extranjero,informacion_estructura,ENTRE RÍOS,Pendientes de habilitación,,2026-04-19
00072,BANCO SANTANDER ARGENTINA S.A.,extranjero,informacion_estructura,FORMOSA,Pendientes de habilitación,,2026-04-19
00072,BANCO SANTANDER ARGENTINA S.A.,extranjero,informacion_estructura,JUJUY,Pendientes de habilitación,,2026-04-19
00072,BANCO SANTANDER ARGENTINA S.A.,extranjero,informacion_estructura,LA PAMPA,Pendientes de habilitación,,2026-04-19
00072,BANCO SANTANDER ARGENTINA S.A.,extranjero,informacion_estructura,LA RIOJA,Pendientes de habilitación,,2026-04-19
00072,BANCO SANTANDER ARGENTINA S.A.,extranjero,informacion_estructura,MENDOZA,Pendientes de habilitación,,2026-04-19
00072,BANCO SANTANDER ARGENTINA S.A.,extranjero,informacion_estructura,MISIONES,Pendientes de habilitación,,2026-04-19
00072,BANCO SANTANDER ARGENTINA S.A.,extranjero,informacion_estructura,NEUQUÉN,Pendientes de habilitación,,2026-04-19
00072,BANCO SANTANDER ARGENTINA S.A.,extranjero,informacion_estructura,RÍO NEGRO,Pendientes de habilitación,,2026-04-19
00072,BANCO SANTANDER ARGENTINA S.A.,extranjero,informacion_estructura,SALTA,Pendientes de habilitación,,2026-04-19
00072,BANCO SANTANDER ARGENTINA S.A.,extranjero,informacion_estructura,SAN JUAN,Pendientes de habilitación,,2026-04-19
00072,BANCO SANTANDER ARGENTINA S.A.,extranjero,informacion_estructura,SAN LUIS,Pendientes de habilitación,,2026-04-19
00072,BANCO SANTANDER ARGENTINA S.A.,extranjero,informacion_estructura,SANTA CRUZ,Pendientes de habilitación,,2026-04-19
00072,BANCO SANTANDER ARGENTINA S.A.,extranjero,informacion_estructura,SANTA FE,Pendientes de habilitación,,2026-04-19
00072,BANCO SANTANDER ARGENTINA S.A.,extranjero,informacion_estructura,SANTIAGO DEL ESTERO,Pendientes de habilitación,,2026-04-19
00072,BANCO SANTANDER ARGENTINA S.A.,extranjero,informacion_estructura,TUCUMÁN,Pendientes de habilitación,,2026-04-19
00072,BANCO SANTANDER ARGENTINA S.A.,extranjero,informacion_estructura,TIERRA DE FUEGO,Pendientes de habilitación,,2026-04-19
00072,BANCO SANTANDER ARGENTINA S.A.,extranjero,informacion_estructura,CABA,Total,104.0,2026-04-19
00072,BANCO SANTANDER ARGENTINA S.A.,extranjero,informacion_estructura,BUENOS AIRES,Total,164.0,2026-04-19
00072,BANCO SANTANDER ARGENTINA S.A.,extranjero,informacion_estructura,CATAMARCA,Total,1.0,2026-04-19
00072,BANCO SANTANDER ARGENTINA S.A.,extranjero,informacion_estructura,CÓRDOBA,Total,36.0,2026-04-19
00072,BANCO SANTANDER ARGENTINA S.A.,extranjero,informacion_estructura,CORRIENTES,Total,4.0,2026-04-19
00072,BANCO SANTANDER ARGENTINA S.A.,extranjero,informacion_estructura,CHACO,Total,3.0,2026-04-19
00072,BANCO SANTANDER ARGENTINA S.A.,extranjero,informacion_estructura,CHUBUT,Total,5.0,2026-04-19
00072,BANCO SANTANDER ARGENTINA S.A.,extranjero,informacion_estructura,ENTRE RÍOS,Total,10.0,2026-04-19
00072,BANCO SANTANDER ARGENTINA S.A.,extranjero,informacion_estructura,FORMOSA,Total,,2026-04-19
00072,BANCO SANTANDER ARGENTINA S.A.,extranjero,informacion_estructura,JUJUY,Total,2.0,2026-04-19
00072,BANCO SANTANDER ARGENTINA S.A.,extranjero,informacion_estructura,LA PAMPA,Total,2.0,2026-04-19
00072,BANCO SANTANDER ARGENTINA S.A.,extranjero,informacion_estructura,LA RIOJA,Total,1.0,2026-04-19
00072,BANCO SANTANDER ARGENTINA S.A.,extranjero,informacion_estructura,MENDOZA,Total,14.0,2026-04-19
00072,BANCO SANTANDER ARGENTINA S.A.,extranjero,informacion_estructura,MISIONES,Total,4.0,2026-04-19
00072,BANCO SANTANDER ARGENTINA S.A.,extranjero,informacion_estructura,NEUQUÉN,Total,5.0,2026-04-19
00072,BANCO SANTANDER ARGENTINA S.A.,extranjero,informacion_estructura,RÍO NEGRO,Total,4.0,2026-04-19
00072,BANCO SANTANDER ARGENTINA S.A.,extranjero,informacion_estructura,SALTA,Total,5.0,2026-04-19
00072,BANCO SANTANDER ARGENTINA S.A.,extranjero,informacion_estructura,SAN JUAN,Total,4.0,2026-04-19
00072,BANCO SANTANDER ARGENTINA S.A.,extranjero,informacion_estructura,SAN LUIS,Total,2.0,2026-04-19
00072,BANCO SANTANDER ARGENTINA S.A.,extranjero,informacion_estructura,SANTA CRUZ,Total,4.0,2026-04-19
00072,BANCO SANTANDER ARGENTINA S.A.,extranjero,informacion_estructura,SANTA FE,Total,32.0,2026-04-19
00072,BANCO SANTANDER ARGENTINA S.A.,extranjero,informacion_estructura,SANTIAGO DEL ESTERO,Total,2.0,2026-04-19
00072,BANCO SANTANDER ARGENTINA S.A.,extranjero,informacion_estructura,TUCUMÁN,Total,6.0,2026-04-19
00072,BANCO SANTANDER ARGENTINA S.A.,extranjero,informacion_estructura,TIERRA DE FUEGO,Total,2.0,2026-04-19
00435,BANCO SUCREDITO REGIONAL S.A.U.,privado_nacional,informacion_estructura,Cantidad de cuentas corrientes,Dic-2023,25.0,2026-04-19
00435,BANCO SUCREDITO REGIONAL S.A.U.,privado_nacional,informacion_estructura,Cantidad de cuentas de ahorro,Dic-2023,368.0,2026-04-19
00435,BANCO SUCREDITO REGIONAL S.A.U.,privado_nacional,informacion_estructura,Cantidad de operaciones a plazo fijo Individuos,Dic-2023,21.0,2026-04-19
00435,BANCO SUCREDITO REGIONAL S.A.U.,privado_nacional,informacion_estructura,Cantidad de operaciones a plazo fijo Empresas,Dic-2023,,2026-04-19
00435,BANCO SUCREDITO REGIONAL S.A.U.,privado_nacional,informacion_estructura,Cantidad de operaciones por otros préstamos,Dic-2023,141.0,2026-04-19
00435,BANCO SUCREDITO REGIONAL S.A.U.,privado_nacional,informacion_estructura,Dotación de personal,Dic-2023,3.0,2026-04-19
00435,BANCO SUCREDITO REGIONAL S.A.U.,privado_nacional,informacion_estructura,Cantidad de cuentas corrientes,Dic-2024,110.0,2026-04-19
00435,BANCO SUCREDITO REGIONAL S.A.U.,privado_nacional,informacion_estructura,Cantidad de cuentas de ahorro,Dic-2024,931.0,2026-04-19
00435,BANCO SUCREDITO REGIONAL S.A.U.,privado_nacional,informacion_estructura,Cantidad de operaciones a plazo fijo Individuos,Dic-2024,22.0,2026-04-19
00435,BANCO SUCREDITO REGIONAL S.A.U.,privado_nacional,informacion_estructura,Cantidad de operaciones a plazo fijo Empresas,Dic-2024,3.0,2026-04-19
00435,BANCO SUCREDITO REGIONAL S.A.U.,privado_nacional,informacion_estructura,Cantidad de operaciones por otros préstamos,Dic-2024,513.0,2026-04-19
00435,BANCO SUCREDITO REGIONAL S.A.U.,privado_nacional,informacion_estructura,Dotación de personal,Dic-2024,11.0,2026-04-19
00435,BANCO SUCREDITO REGIONAL S.A.U.,privado_nacional,informacion_estructura,Cantidad de cuentas corrientes,Jun-2025,82.0,2026-04-19
00435,BANCO SUCREDITO REGIONAL S.A.U.,privado_nacional,informacion_estructura,Cantidad de cuentas de ahorro,Jun-2025,1346.0,2026-04-19
00435,BANCO SUCREDITO REGIONAL S.A.U.,privado_nacional,informacion_estructura,Cantidad de operaciones a plazo fijo Individuos,Jun-2025,17.0,2026-04-19
00435,BANCO SUCREDITO REGIONAL S.A.U.,privado_nacional,informacion_estructura,Cantidad de operaciones a plazo fijo Empresas,Jun-2025,3.0,2026-04-19
00435,BANCO SUCREDITO REGIONAL S.A.U.,privado_nacional,informacion_estructura,Cantidad de operaciones por otros préstamos,Jun-2025,734.0,2026-04-19
00435,BANCO SUCREDITO REGIONAL S.A.U.,privado_nacional,informacion_estructura,Dotación de personal,Jun-2025,11.0,2026-04-19
00435,BANCO SUCREDITO REGIONAL S.A.U.,privado_nacional,informacion_estructura,Cantidad de cuentas corrientes,Set-2025,92.0,2026-04-19
00435,BANCO SUCREDITO REGIONAL S.A.U.,privado_nacional,informacion_estructura,Cantidad de cuentas de ahorro,Set-2025,1533.0,2026-04-19
00435,BANCO SUCREDITO REGIONAL S.A.U.,privado_nacional,informacion_estructura,Cantidad de operaciones a plazo fijo Individuos,Set-2025,17.0,2026-04-19
00435,BANCO SUCREDITO REGIONAL S.A.U.,privado_nacional,informacion_estructura,Cantidad de operaciones a plazo fijo Empresas,Set-2025,1.0,2026-04-19
00435,BANCO SUCREDITO REGIONAL S.A.U.,privado_nacional,informacion_estructura,Cantidad de operaciones por otros préstamos,Set-2025,1177.0,2026-04-19
00435,BANCO SUCREDITO REGIONAL S.A.U.,privado_nacional,informacion_estructura,Dotación de personal,Set-2025,12.0,2026-04-19
00435,BANCO SUCREDITO REGIONAL S.A.U.,privado_nacional,informacion_estructura,Cantidad de cuentas corrientes,Dic-2025,97.0,2026-04-19
00435,BANCO SUCREDITO REGIONAL S.A.U.,privado_nacional,informacion_estructura,Cantidad de cuentas de ahorro,Dic-2025,1672.0,2026-04-19
00435,BANCO SUCREDITO REGIONAL S.A.U.,privado_nacional,informacion_estructura,Cantidad de operaciones a plazo fijo Individuos,Dic-2025,17.0,2026-04-19
00435,BANCO SUCREDITO REGIONAL S.A.U.,privado_nacional,informacion_estructura,Cantidad de operaciones a plazo fijo Empresas,Dic-2025,,2026-04-19
00435,BANCO SUCREDITO REGIONAL S.A.U.,privado_nacional,informacion_estructura,Cantidad de operaciones por otros préstamos,Dic-2025,829.0,2026-04-19
00435,BANCO SUCREDITO REGIONAL S.A.U.,privado_nacional,informacion_estructura,Dotación de personal,Dic-2025,15.0,2026-04-19
00435,BANCO SUCREDITO REGIONAL S.A.U.,privado_nacional,informacion_estructura,Cantidad de Cuentas,Dic-2023,197.0,2026-04-19
00435,BANCO SUCREDITO REGIONAL S.A.U.,privado_nacional,informacion_estructura,Cantidad de Empresas,Dic-2023,1.0,2026-04-19
00435,BANCO SUCREDITO REGIONAL S.A.U.,privado_nacional,informacion_estructura,Cantidad de Cuentas,Dic-2024,199.0,2026-04-19
00435,BANCO SUCREDITO REGIONAL S.A.U.,privado_nacional,informacion_estructura,Cantidad de Empresas,Dic-2024,2.0,2026-04-19
00435,BANCO SUCREDITO REGIONAL S.A.U.,privado_nacional,informacion_estructura,Cantidad de Cuentas,Nov-2025,175.0,2026-04-19
00435,BANCO SUCREDITO REGIONAL S.A.U.,privado_nacional,informacion_estructura,Cantidad de Empresas,Nov-2025,1.0,2026-04-19
00435,BANCO SUCREDITO REGIONAL S.A.U.,privado_nacional,informacion_estructura,Cantidad de Cuentas,Dic-2025,180.0,2026-04-19
00435,BANCO SUCREDITO REGIONAL S.A.U.,privado_nacional,informacion_estructura,Cantidad de Empresas,Dic-2025,1.0,2026-04-19
00435,BANCO SUCREDITO REGIONAL S.A.U.,privado_nacional,informacion_estructura,Cantidad de Cuentas,Ene-2026,178.0,2026-04-19
00435,BANCO SUCREDITO REGIONAL S.A.U.,privado_nacional,informacion_estructura,Cantidad de Empresas,Ene-2026,1.0,2026-04-19
00435,BANCO SUCREDITO REGIONAL S.A.U.,privado_nacional,informacion_estructura,TUCUMÁN,Habilitadas,1.0,2026-04-19
00435,BANCO SUCREDITO REGIONAL S.A.U.,privado_nacional,informacion_estructura,TUCUMÁN,Habilitadas,,2026-04-19
00435,BANCO SUCREDITO REGIONAL S.A.U.,privado_nacional,informacion_estructura,TUCUMÁN,Habilitadas,,2026-04-19
00435,BANCO SUCREDITO REGIONAL S.A.U.,privado_nacional,informacion_estructura,TUCUMÁN,Habilitadas,,2026-04-19
00435,BANCO SUCREDITO REGIONAL S.A.U.,privado_nacional,informacion_estructura,TUCUMÁN,Habilitadas,,2026-04-19
00435,BANCO SUCREDITO REGIONAL S.A.U.,privado_nacional,informacion_estructura,TUCUMÁN,Habilitadas,,2026-04-19
00435,BANCO SUCREDITO REGIONAL S.A.U.,privado_nacional,informacion_estructura,TUCUMÁN,Habilitadas,,2026-04-19
00435,BANCO SUCREDITO REGIONAL S.A.U.,privado_nacional,informacion_estructura,TUCUMÁN,Pendientes de habilitación,,2026-04-19
00435,BANCO SUCREDITO REGIONAL S.A.U.,privado_nacional,informacion_estructura,TUCUMÁN,Total,1.0,2026-04-19
00027,BANCO SUPERVIELLE S.A.,privado_nacional,informacion_estructura,Cantidad de cuentas corrientes,Dic-2023,39764.0,2026-04-19
00027,BANCO SUPERVIELLE S.A.,privado_nacional,informacion_estructura,Cantidad de cuentas de ahorro,Dic-2023,2052265.0,2026-04-19
00027,BANCO SUPERVIELLE S.A.,privado_nacional,informacion_estructura,Cantidad de cajas de ahorro de ayuda social,Dic-2023,602775.0,2026-04-19
00027,BANCO SUPERVIELLE S.A.,privado_nacional,informacion_estructura,Cantidad de cuentas previsionales,Dic-2023,906488.0,2026-04-19
00027,BANCO SUPERVIELLE S.A.,privado_nacional,informacion_estructura,Cantidad de operaciones a plazo fijo Individuos,Dic-2023,87927.0,2026-04-19
00027,BANCO SUPERVIELLE S.A.,privado_nacional,informacion_estructura,Cantidad de operaciones a plazo fijo Empresas,Dic-2023,2389.0,2026-04-19
00027,BANCO SUPERVIELLE S.A.,privado_nacional,informacion_estructura,Cantidad de operaciones por préstamos hipotecarios,Dic-2023,1371.0,2026-04-19
00027,BANCO SUPERVIELLE S.A.,privado_nacional,informacion_estructura,Cantidad de operaciones por préstamos prendarios,Dic-2023,11132.0,2026-04-19
00027,BANCO SUPERVIELLE S.A.,privado_nacional,informacion_estructura,Cantidad de operaciones por otros préstamos,Dic-2023,1812572.0,2026-04-19
00027,BANCO SUPERVIELLE S.A.,privado_nacional,informacion_estructura,Dotación de personal,Dic-2023,3230.0,2026-04-19
00027,BANCO SUPERVIELLE S.A.,privado_nacional,informacion_estructura,Cantidad de titulares por tarjetas de crédito,Dic-2023,664213.0,2026-04-19
00027,BANCO SUPERVIELLE S.A.,privado_nacional,informacion_estructura,Cantidad de tarjetas de crédito (plásticos),Dic-2023,898838.0,2026-04-19
00027,BANCO SUPERVIELLE S.A.,privado_nacional,informacion_estructura,Cantidad de tarjetas de débito,Dic-2023,2167074.0,2026-04-19
00027,BANCO SUPERVIELLE S.A.,privado_nacional,informacion_estructura,Cantidad de cuentas corrientes,Dic-2024,40840.0,2026-04-19
00027,BANCO SUPERVIELLE S.A.,privado_nacional,informacion_estructura,Cantidad de cuentas de ahorro,Dic-2024,1809646.0,2026-04-19
00027,BANCO SUPERVIELLE S.A.,privado_nacional,informacion_estructura,Cantidad de cajas de ahorro de ayuda social,Dic-2024,613292.0,2026-04-19
00027,BANCO SUPERVIELLE S.A.,privado_nacional,informacion_estructura,Cantidad de cuentas previsionales,Dic-2024,801994.0,2026-04-19
00027,BANCO SUPERVIELLE S.A.,privado_nacional,informacion_estructura,Cantidad de operaciones a plazo fijo Individuos,Dic-2024,48537.0,2026-04-19
00027,BANCO SUPERVIELLE S.A.,privado_nacional,informacion_estructura,Cantidad de operaciones a plazo fijo Empresas,Dic-2024,2015.0,2026-04-19
00027,BANCO SUPERVIELLE S.A.,privado_nacional,informacion_estructura,Cantidad de operaciones por préstamos hipotecarios,Dic-2024,2113.0,2026-04-19
00027,BANCO SUPERVIELLE S.A.,privado_nacional,informacion_estructura,Cantidad de operaciones por préstamos prendarios,Dic-2024,28127.0,2026-04-19
00027,BANCO SUPERVIELLE S.A.,privado_nacional,informacion_estructura,Cantidad de operaciones por otros préstamos,Dic-2024,1861727.0,2026-04-19
00027,BANCO SUPERVIELLE S.A.,privado_nacional,informacion_estructura,Dotación de personal,Dic-2024,3056.0,2026-04-19
00027,BANCO SUPERVIELLE S.A.,privado_nacional,informacion_estructura,Cantidad de titulares por tarjetas de crédito,Dic-2024,674681.0,2026-04-19
00027,BANCO SUPERVIELLE S.A.,privado_nacional,informacion_estructura,Cantidad de tarjetas de crédito (plásticos),Dic-2024,852390.0,2026-04-19
00027,BANCO SUPERVIELLE S.A.,privado_nacional,informacion_estructura,Cantidad de tarjetas de débito,Dic-2024,2194419.0,2026-04-19
00027,BANCO SUPERVIELLE S.A.,privado_nacional,informacion_estructura,Cantidad de cuentas corrientes,Jun-2025,39861.0,2026-04-19
00027,BANCO SUPERVIELLE S.A.,privado_nacional,informacion_estructura,Cantidad de cuentas de ahorro,Jun-2025,1815609.0,2026-04-19
00027,BANCO SUPERVIELLE S.A.,privado_nacional,informacion_estructura,Cantidad de cajas de ahorro de ayuda social,Jun-2025,428513.0,2026-04-19
00027,BANCO SUPERVIELLE S.A.,privado_nacional,informacion_estructura,Cantidad de cuentas previsionales,Jun-2025,598787.0,2026-04-19
00027,BANCO SUPERVIELLE S.A.,privado_nacional,informacion_estructura,Cantidad de operaciones a plazo fijo Individuos,Jun-2025,53325.0,2026-04-19
00027,BANCO SUPERVIELLE S.A.,privado_nacional,informacion_estructura,Cantidad de operaciones a plazo fijo Empresas,Jun-2025,2103.0,2026-04-19
00027,BANCO SUPERVIELLE S.A.,privado_nacional,informacion_estructura,Cantidad de operaciones por préstamos hipotecarios,Jun-2025,2260.0,2026-04-19
00027,BANCO SUPERVIELLE S.A.,privado_nacional,informacion_estructura,Cantidad de operaciones por préstamos prendarios,Jun-2025,34055.0,2026-04-19
00027,BANCO SUPERVIELLE S.A.,privado_nacional,informacion_estructura,Cantidad de operaciones por otros préstamos,Jun-2025,1969404.0,2026-04-19
00027,BANCO SUPERVIELLE S.A.,privado_nacional,informacion_estructura,Dotación de personal,Jun-2025,2980.0,2026-04-19
00027,BANCO SUPERVIELLE S.A.,privado_nacional,informacion_estructura,Cantidad de titulares por tarjetas de crédito,Jun-2025,681204.0,2026-04-19
00027,BANCO SUPERVIELLE S.A.,privado_nacional,informacion_estructura,Cantidad de tarjetas de crédito (plásticos),Jun-2025,966292.0,2026-04-19
00027,BANCO SUPERVIELLE S.A.,privado_nacional,informacion_estructura,Cantidad de tarjetas de débito,Jun-2025,2267102.0,2026-04-19
00027,BANCO SUPERVIELLE S.A.,privado_nacional,informacion_estructura,Cantidad de cuentas corrientes,Set-2025,39009.0,2026-04-19
00027,BANCO SUPERVIELLE S.A.,privado_nacional,informacion_estructura,Cantidad de cuentas de ahorro,Set-2025,1822169.0,2026-04-19
00027,BANCO SUPERVIELLE S.A.,privado_nacional,informacion_estructura,Cantidad de cajas de ahorro de ayuda social,Set-2025,419528.0,2026-04-19
00027,BANCO SUPERVIELLE S.A.,privado_nacional,informacion_estructura,Cantidad de cuentas previsionales,Set-2025,601096.0,2026-04-19
00027,BANCO SUPERVIELLE S.A.,privado_nacional,informacion_estructura,Cantidad de operaciones a plazo fijo Individuos,Set-2025,72086.0,2026-04-19
00027,BANCO SUPERVIELLE S.A.,privado_nacional,informacion_estructura,Cantidad de operaciones a plazo fijo Empresas,Set-2025,3471.0,2026-04-19
00027,BANCO SUPERVIELLE S.A.,privado_nacional,informacion_estructura,Cantidad de operaciones por préstamos hipotecarios,Set-2025,2324.0,2026-04-19
00027,BANCO SUPERVIELLE S.A.,privado_nacional,informacion_estructura,Cantidad de operaciones por préstamos prendarios,Set-2025,34045.0,2026-04-19
00027,BANCO SUPERVIELLE S.A.,privado_nacional,informacion_estructura,Cantidad de operaciones por otros préstamos,Set-2025,1819645.0,2026-04-19
00027,BANCO SUPERVIELLE S.A.,privado_nacional,informacion_estructura,Dotación de personal,Set-2025,2940.0,2026-04-19
00027,BANCO SUPERVIELLE S.A.,privado_nacional,informacion_estructura,Cantidad de titulares por tarjetas de crédito,Set-2025,685100.0,2026-04-19
00027,BANCO SUPERVIELLE S.A.,privado_nacional,informacion_estructura,Cantidad de tarjetas de crédito (plásticos),Set-2025,910395.0,2026-04-19
00027,BANCO SUPERVIELLE S.A.,privado_nacional,informacion_estructura,Cantidad de tarjetas de débito,Set-2025,2336050.0,2026-04-19
00027,BANCO SUPERVIELLE S.A.,privado_nacional,informacion_estructura,Cantidad de cuentas corrientes,Dic-2025,39733.0,2026-04-19
00027,BANCO SUPERVIELLE S.A.,privado_nacional,informacion_estructura,Cantidad de cuentas de ahorro,Dic-2025,1888874.0,2026-04-19
00027,BANCO SUPERVIELLE S.A.,privado_nacional,informacion_estructura,Cantidad de cajas de ahorro de ayuda social,Dic-2025,415946.0,2026-04-19
00027,BANCO SUPERVIELLE S.A.,privado_nacional,informacion_estructura,Cantidad de cuentas previsionales,Dic-2025,596593.0,2026-04-19
00027,BANCO SUPERVIELLE S.A.,privado_nacional,informacion_estructura,Cantidad de operaciones a plazo fijo Individuos,Dic-2025,66631.0,2026-04-19
00027,BANCO SUPERVIELLE S.A.,privado_nacional,informacion_estructura,Cantidad de operaciones a plazo fijo Empresas,Dic-2025,2304.0,2026-04-19
00027,BANCO SUPERVIELLE S.A.,privado_nacional,informacion_estructura,Cantidad de operaciones por préstamos hipotecarios,Dic-2025,2373.0,2026-04-19
00027,BANCO SUPERVIELLE S.A.,privado_nacional,informacion_estructura,Cantidad de operaciones por préstamos prendarios,Dic-2025,33910.0,2026-04-19
00027,BANCO SUPERVIELLE S.A.,privado_nacional,informacion_estructura,Cantidad de operaciones por otros préstamos,Dic-2025,1781346.0,2026-04-19
00027,BANCO SUPERVIELLE S.A.,privado_nacional,informacion_estructura,Dotación de personal,Dic-2025,2916.0,2026-04-19
00027,BANCO SUPERVIELLE S.A.,privado_nacional,informacion_estructura,Cantidad de titulares por tarjetas de crédito,Dic-2025,680392.0,2026-04-19
00027,BANCO SUPERVIELLE S.A.,privado_nacional,informacion_estructura,Cantidad de tarjetas de crédito (plásticos),Dic-2025,806696.0,2026-04-19
00027,BANCO SUPERVIELLE S.A.,privado_nacional,informacion_estructura,Cantidad de tarjetas de débito,Dic-2025,2285096.0,2026-04-19
00027,BANCO SUPERVIELLE S.A.,privado_nacional,informacion_estructura,Cantidad de Cuentas,Dic-2023,169631.0,2026-04-19
00027,BANCO SUPERVIELLE S.A.,privado_nacional,informacion_estructura,Cantidad de Empresas,Dic-2023,12702.0,2026-04-19
00027,BANCO SUPERVIELLE S.A.,privado_nacional,informacion_estructura,Cantidad de Cuentas,Dic-2024,172248.0,2026-04-19
00027,BANCO SUPERVIELLE S.A.,privado_nacional,informacion_estructura,Cantidad de Empresas,Dic-2024,13835.0,2026-04-19
00027,BANCO SUPERVIELLE S.A.,privado_nacional,informacion_estructura,Cantidad de Cuentas,Nov-2025,96382.0,2026-04-19
00027,BANCO SUPERVIELLE S.A.,privado_nacional,informacion_estructura,Cantidad de Empresas,Nov-2025,10941.0,2026-04-19
00027,BANCO SUPERVIELLE S.A.,privado_nacional,informacion_estructura,Cantidad de Cuentas,Dic-2025,103025.0,2026-04-19
00027,BANCO SUPERVIELLE S.A.,privado_nacional,informacion_estructura,Cantidad de Empresas,Dic-2025,12059.0,2026-04-19
00027,BANCO SUPERVIELLE S.A.,privado_nacional,informacion_estructura,Cantidad de Cuentas,Ene-2026,97599.0,2026-04-19
00027,BANCO SUPERVIELLE S.A.,privado_nacional,informacion_estructura,Cantidad de Empresas,Ene-2026,11419.0,2026-04-19
00027,BANCO SUPERVIELLE S.A.,privado_nacional,informacion_estructura,CABA,Habilitadas,42.0,2026-04-19
00027,BANCO SUPERVIELLE S.A.,privado_nacional,informacion_estructura,BUENOS AIRES,Habilitadas,72.0,2026-04-19
00027,BANCO SUPERVIELLE S.A.,privado_nacional,informacion_estructura,CÓRDOBA,Habilitadas,11.0,2026-04-19
00027,BANCO SUPERVIELLE S.A.,privado_nacional,informacion_estructura,MENDOZA,Habilitadas,28.0,2026-04-19
00027,BANCO SUPERVIELLE S.A.,privado_nacional,informacion_estructura,NEUQUÉN,Habilitadas,1.0,2026-04-19
00027,BANCO SUPERVIELLE S.A.,privado_nacional,informacion_estructura,SAN JUAN,Habilitadas,2.0,2026-04-19
00027,BANCO SUPERVIELLE S.A.,privado_nacional,informacion_estructura,SAN LUIS,Habilitadas,23.0,2026-04-19
00027,BANCO SUPERVIELLE S.A.,privado_nacional,informacion_estructura,SANTA FE,Habilitadas,3.0,2026-04-19
00027,BANCO SUPERVIELLE S.A.,privado_nacional,informacion_estructura,TUCUMÁN,Habilitadas,2.0,2026-04-19
00027,BANCO SUPERVIELLE S.A.,privado_nacional,informacion_estructura,CABA,Habilitadas,,2026-04-19
00027,BANCO SUPERVIELLE S.A.,privado_nacional,informacion_estructura,BUENOS AIRES,Habilitadas,,2026-04-19
00027,BANCO SUPERVIELLE S.A.,privado_nacional,informacion_estructura,CÓRDOBA,Habilitadas,,2026-04-19
00027,BANCO SUPERVIELLE S.A.,privado_nacional,informacion_estructura,MENDOZA,Habilitadas,,2026-04-19
00027,BANCO SUPERVIELLE S.A.,privado_nacional,informacion_estructura,NEUQUÉN,Habilitadas,,2026-04-19
00027,BANCO SUPERVIELLE S.A.,privado_nacional,informacion_estructura,SAN JUAN,Habilitadas,,2026-04-19
00027,BANCO SUPERVIELLE S.A.,privado_nacional,informacion_estructura,SAN LUIS,Habilitadas,1.0,2026-04-19
00027,BANCO SUPERVIELLE S.A.,privado_nacional,informacion_estructura,SANTA FE,Habilitadas,,2026-04-19
00027,BANCO SUPERVIELLE S.A.,privado_nacional,informacion_estructura,TUCUMÁN,Habilitadas,,2026-04-19
00027,BANCO SUPERVIELLE S.A.,privado_nacional,informacion_estructura,CABA,Habilitadas,,2026-04-19
00027,BANCO SUPERVIELLE S.A.,privado_nacional,informacion_estructura,BUENOS AIRES,Habilitadas,,2026-04-19
00027,BANCO SUPERVIELLE S.A.,privado_nacional,informacion_estructura,CÓRDOBA,Habilitadas,,2026-04-19
00027,BANCO SUPERVIELLE S.A.,privado_nacional,informacion_estructura,MENDOZA,Habilitadas,,2026-04-19
00027,BANCO SUPERVIELLE S.A.,privado_nacional,informacion_estructura,NEUQUÉN,Habilitadas,,2026-04-19
00027,BANCO SUPERVIELLE S.A.,privado_nacional,informacion_estructura,SAN JUAN,Habilitadas,,2026-04-19
00027,BANCO SUPERVIELLE S.A.,privado_nacional,informacion_estructura,SAN LUIS,Habilitadas,,2026-04-19
00027,BANCO SUPERVIELLE S.A.,privado_nacional,informacion_estructura,SANTA FE,Habilitadas,,2026-04-19
00027,BANCO SUPERVIELLE S.A.,privado_nacional,informacion_estructura,TUCUMÁN,Habilitadas,,2026-04-19
00027,BANCO SUPERVIELLE S.A.,privado_nacional,informacion_estructura,CABA,Habilitadas,102.0,2026-04-19
00027,BANCO SUPERVIELLE S.A.,privado_nacional,informacion_estructura,BUENOS AIRES,Habilitadas,265.0,2026-04-19
00027,BANCO SUPERVIELLE S.A.,privado_nacional,informacion_estructura,CÓRDOBA,Habilitadas,36.0,2026-04-19
00027,BANCO SUPERVIELLE S.A.,privado_nacional,informacion_estructura,MENDOZA,Habilitadas,105.0,2026-04-19
00027,BANCO SUPERVIELLE S.A.,privado_nacional,informacion_estructura,NEUQUÉN,Habilitadas,2.0,2026-04-19
00027,BANCO SUPERVIELLE S.A.,privado_nacional,informacion_estructura,SAN JUAN,Habilitadas,9.0,2026-04-19
00027,BANCO SUPERVIELLE S.A.,privado_nacional,informacion_estructura,SAN LUIS,Habilitadas,121.0,2026-04-19
00027,BANCO SUPERVIELLE S.A.,privado_nacional,informacion_estructura,SANTA FE,Habilitadas,10.0,2026-04-19
00027,BANCO SUPERVIELLE S.A.,privado_nacional,informacion_estructura,TUCUMÁN,Habilitadas,9.0,2026-04-19
00027,BANCO SUPERVIELLE S.A.,privado_nacional,informacion_estructura,CABA,Habilitadas,65.0,2026-04-19
00027,BANCO SUPERVIELLE S.A.,privado_nacional,informacion_estructura,BUENOS AIRES,Habilitadas,49.0,2026-04-19
00027,BANCO SUPERVIELLE S.A.,privado_nacional,informacion_estructura,CÓRDOBA,Habilitadas,9.0,2026-04-19
00027,BANCO SUPERVIELLE S.A.,privado_nacional,informacion_estructura,MENDOZA,Habilitadas,51.0,2026-04-19
00027,BANCO SUPERVIELLE S.A.,privado_nacional,informacion_estructura,NEUQUÉN,Habilitadas,2.0,2026-04-19
00027,BANCO SUPERVIELLE S.A.,privado_nacional,informacion_estructura,SAN JUAN,Habilitadas,3.0,2026-04-19
00027,BANCO SUPERVIELLE S.A.,privado_nacional,informacion_estructura,SAN LUIS,Habilitadas,41.0,2026-04-19
00027,BANCO SUPERVIELLE S.A.,privado_nacional,informacion_estructura,SANTA FE,Habilitadas,3.0,2026-04-19
00027,BANCO SUPERVIELLE S.A.,privado_nacional,informacion_estructura,TUCUMÁN,Habilitadas,3.0,2026-04-19
00027,BANCO SUPERVIELLE S.A.,privado_nacional,informacion_estructura,CABA,Habilitadas,1.0,2026-04-19
00027,BANCO SUPERVIELLE S.A.,privado_nacional,informacion_estructura,BUENOS AIRES,Habilitadas,3.0,2026-04-19
00027,BANCO SUPERVIELLE S.A.,privado_nacional,informacion_estructura,CÓRDOBA,Habilitadas,,2026-04-19
00027,BANCO SUPERVIELLE S.A.,privado_nacional,informacion_estructura,MENDOZA,Habilitadas,3.0,2026-04-19
00027,BANCO SUPERVIELLE S.A.,privado_nacional,informacion_estructura,NEUQUÉN,Habilitadas,,2026-04-19
00027,BANCO SUPERVIELLE S.A.,privado_nacional,informacion_estructura,SAN JUAN,Habilitadas,,2026-04-19
00027,BANCO SUPERVIELLE S.A.,privado_nacional,informacion_estructura,SAN LUIS,Habilitadas,8.0,2026-04-19
00027,BANCO SUPERVIELLE S.A.,privado_nacional,informacion_estructura,SANTA FE,Habilitadas,,2026-04-19
00027,BANCO SUPERVIELLE S.A.,privado_nacional,informacion_estructura,TUCUMÁN,Habilitadas,,2026-04-19
00027,BANCO SUPERVIELLE S.A.,privado_nacional,informacion_estructura,CABA,Habilitadas,1.0,2026-04-19
00027,BANCO SUPERVIELLE S.A.,privado_nacional,informacion_estructura,BUENOS AIRES,Habilitadas,4.0,2026-04-19
00027,BANCO SUPERVIELLE S.A.,privado_nacional,informacion_estructura,CÓRDOBA,Habilitadas,,2026-04-19
00027,BANCO SUPERVIELLE S.A.,privado_nacional,informacion_estructura,MENDOZA,Habilitadas,6.0,2026-04-19
00027,BANCO SUPERVIELLE S.A.,privado_nacional,informacion_estructura,NEUQUÉN,Habilitadas,,2026-04-19
00027,BANCO SUPERVIELLE S.A.,privado_nacional,informacion_estructura,SAN JUAN,Habilitadas,,2026-04-19
00027,BANCO SUPERVIELLE S.A.,privado_nacional,informacion_estructura,SAN LUIS,Habilitadas,5.0,2026-04-19
00027,BANCO SUPERVIELLE S.A.,privado_nacional,informacion_estructura,SANTA FE,Habilitadas,,2026-04-19
00027,BANCO SUPERVIELLE S.A.,privado_nacional,informacion_estructura,TUCUMÁN,Habilitadas,,2026-04-19
00027,BANCO SUPERVIELLE S.A.,privado_nacional,informacion_estructura,CABA,Pendientes de habilitación,1.0,2026-04-19
00027,BANCO SUPERVIELLE S.A.,privado_nacional,informacion_estructura,BUENOS AIRES,Pendientes de habilitación,,2026-04-19
00027,BANCO SUPERVIELLE S.A.,privado_nacional,informacion_estructura,CÓRDOBA,Pendientes de habilitación,,2026-04-19
00027,BANCO SUPERVIELLE S.A.,privado_nacional,informacion_estructura,MENDOZA,Pendientes de habilitación,,2026-04-19
00027,BANCO SUPERVIELLE S.A.,privado_nacional,informacion_estructura,NEUQUÉN,Pendientes de habilitación,,2026-04-19
00027,BANCO SUPERVIELLE S.A.,privado_nacional,informacion_estructura,SAN JUAN,Pendientes de habilitación,,2026-04-19
00027,BANCO SUPERVIELLE S.A.,privado_nacional,informacion_estructura,SAN LUIS,Pendientes de habilitación,,2026-04-19
00027,BANCO SUPERVIELLE S.A.,privado_nacional,informacion_estructura,SANTA FE,Pendientes de habilitación,,2026-04-19
00027,BANCO SUPERVIELLE S.A.,privado_nacional,informacion_estructura,TUCUMÁN,Pendientes de habilitación,,2026-04-19
00027,BANCO SUPERVIELLE S.A.,privado_nacional,informacion_estructura,CABA,Total,43.0,2026-04-19
00027,BANCO SUPERVIELLE S.A.,privado_nacional,informacion_estructura,BUENOS AIRES,Total,72.0,2026-04-19
00027,BANCO SUPERVIELLE S.A.,privado_nacional,informacion_estructura,CÓRDOBA,Total,11.0,2026-04-19
00027,BANCO SUPERVIELLE S.A.,privado_nacional,informacion_estructura,MENDOZA,Total,28.0,2026-04-19
00027,BANCO SUPERVIELLE S.A.,privado_nacional,informacion_estructura,NEUQUÉN,Total,1.0,2026-04-19
00027,BANCO SUPERVIELLE S.A.,privado_nacional,informacion_estructura,SAN JUAN,Total,2.0,2026-04-19
00027,BANCO SUPERVIELLE S.A.,privado_nacional,informacion_estructura,SAN LUIS,Total,23.0,2026-04-19
00027,BANCO SUPERVIELLE S.A.,privado_nacional,informacion_estructura,SANTA FE,Total,3.0,2026-04-19
00027,BANCO SUPERVIELLE S.A.,privado_nacional,informacion_estructura,TUCUMÁN,Total,2.0,2026-04-19
00312,BANCO VOII S.A.,privado_nacional,informacion_estructura,Cantidad de cuentas corrientes,Dic-2023,131.0,2026-04-19
00312,BANCO VOII S.A.,privado_nacional,informacion_estructura,Cantidad de cuentas de ahorro,Dic-2023,1398.0,2026-04-19
00312,BANCO VOII S.A.,privado_nacional,informacion_estructura,Cantidad de operaciones a plazo fijo Individuos,Dic-2023,536.0,2026-04-19
00312,BANCO VOII S.A.,privado_nacional,informacion_estructura,Cantidad de operaciones por otros préstamos,Dic-2023,78784.0,2026-04-19
00312,BANCO VOII S.A.,privado_nacional,informacion_estructura,Dotación de personal,Dic-2023,66.0,2026-04-19
00312,BANCO VOII S.A.,privado_nacional,informacion_estructura,Cantidad de tarjetas de débito,Dic-2023,,2026-04-19
00312,BANCO VOII S.A.,privado_nacional,informacion_estructura,Cantidad de tarjetas de crédito (plásticos),Dic-2023,,2026-04-19
00312,BANCO VOII S.A.,privado_nacional,informacion_estructura,Cantidad de operaciones a plazo fijo Empresas,Dic-2023,73.0,2026-04-19
00312,BANCO VOII S.A.,privado_nacional,informacion_estructura,Cantidad de cuentas corrientes,Dic-2024,94.0,2026-04-19
00312,BANCO VOII S.A.,privado_nacional,informacion_estructura,Cantidad de cuentas de ahorro,Dic-2024,164.0,2026-04-19
00312,BANCO VOII S.A.,privado_nacional,informacion_estructura,Cantidad de operaciones a plazo fijo Individuos,Dic-2024,2906.0,2026-04-19
00312,BANCO VOII S.A.,privado_nacional,informacion_estructura,Cantidad de operaciones por otros préstamos,Dic-2024,56181.0,2026-04-19
00312,BANCO VOII S.A.,privado_nacional,informacion_estructura,Dotación de personal,Dic-2024,66.0,2026-04-19
00312,BANCO VOII S.A.,privado_nacional,informacion_estructura,Cantidad de tarjetas de débito,Dic-2024,,2026-04-19
00312,BANCO VOII S.A.,privado_nacional,informacion_estructura,Cantidad de tarjetas de crédito (plásticos),Dic-2024,,2026-04-19
00312,BANCO VOII S.A.,privado_nacional,informacion_estructura,Cantidad de operaciones a plazo fijo Empresas,Dic-2024,75.0,2026-04-19
00312,BANCO VOII S.A.,privado_nacional,informacion_estructura,Cantidad de cuentas corrientes,Jun-2025,78.0,2026-04-19
00312,BANCO VOII S.A.,privado_nacional,informacion_estructura,Cantidad de cuentas de ahorro,Jun-2025,206.0,2026-04-19
00312,BANCO VOII S.A.,privado_nacional,informacion_estructura,Cantidad de operaciones a plazo fijo Individuos,Jun-2025,2862.0,2026-04-19
00312,BANCO VOII S.A.,privado_nacional,informacion_estructura,Cantidad de operaciones por otros préstamos,Jun-2025,61066.0,2026-04-19
00312,BANCO VOII S.A.,privado_nacional,informacion_estructura,Dotación de personal,Jun-2025,68.0,2026-04-19
00312,BANCO VOII S.A.,privado_nacional,informacion_estructura,Cantidad de tarjetas de débito,Jun-2025,,2026-04-19
00312,BANCO VOII S.A.,privado_nacional,informacion_estructura,Cantidad de tarjetas de crédito (plásticos),Jun-2025,87.0,2026-04-19
00312,BANCO VOII S.A.,privado_nacional,informacion_estructura,Cantidad de operaciones a plazo fijo Empresas,Jun-2025,90.0,2026-04-19
00312,BANCO VOII S.A.,privado_nacional,informacion_estructura,Cantidad de cuentas corrientes,Set-2025,76.0,2026-04-19
00312,BANCO VOII S.A.,privado_nacional,informacion_estructura,Cantidad de cuentas de ahorro,Set-2025,300.0,2026-04-19
00312,BANCO VOII S.A.,privado_nacional,informacion_estructura,Cantidad de operaciones a plazo fijo Individuos,Set-2025,10431.0,2026-04-19
00312,BANCO VOII S.A.,privado_nacional,informacion_estructura,Cantidad de operaciones por otros préstamos,Set-2025,96484.0,2026-04-19
00312,BANCO VOII S.A.,privado_nacional,informacion_estructura,Dotación de personal,Set-2025,66.0,2026-04-19
00312,BANCO VOII S.A.,privado_nacional,informacion_estructura,Cantidad de tarjetas de débito,Set-2025,87.0,2026-04-19
00312,BANCO VOII S.A.,privado_nacional,informacion_estructura,Cantidad de tarjetas de crédito (plásticos),Set-2025,,2026-04-19
00312,BANCO VOII S.A.,privado_nacional,informacion_estructura,Cantidad de operaciones a plazo fijo Empresas,Set-2025,87.0,2026-04-19
00312,BANCO VOII S.A.,privado_nacional,informacion_estructura,Cantidad de cuentas corrientes,Dic-2025,78.0,2026-04-19
00312,BANCO VOII S.A.,privado_nacional,informacion_estructura,Cantidad de cuentas de ahorro,Dic-2025,716.0,2026-04-19
00312,BANCO VOII S.A.,privado_nacional,informacion_estructura,Cantidad de operaciones a plazo fijo Individuos,Dic-2025,10378.0,2026-04-19
00312,BANCO VOII S.A.,privado_nacional,informacion_estructura,Cantidad de operaciones por otros préstamos,Dic-2025,92203.0,2026-04-19
00312,BANCO VOII S.A.,privado_nacional,informacion_estructura,Dotación de personal,Dic-2025,67.0,2026-04-19
00312,BANCO VOII S.A.,privado_nacional,informacion_estructura,Cantidad de tarjetas de débito,Dic-2025,87.0,2026-04-19
00312,BANCO VOII S.A.,privado_nacional,informacion_estructura,Cantidad de tarjetas de crédito (plásticos),Dic-2025,,2026-04-19
00312,BANCO VOII S.A.,privado_nacional,informacion_estructura,Cantidad de operaciones a plazo fijo Empresas,Dic-2025,56.0,2026-04-19
00312,BANCO VOII S.A.,privado_nacional,informacion_estructura,CABA,Habilitadas,2.0,2026-04-19
00312,BANCO VOII S.A.,privado_nacional,informacion_estructura,MISIONES,Habilitadas,,2026-04-19
00312,BANCO VOII S.A.,privado_nacional,informacion_estructura,SANTA FE,Habilitadas,,2026-04-19
00312,BANCO VOII S.A.,privado_nacional,informacion_estructura,CABA,Habilitadas,,2026-04-19
00312,BANCO VOII S.A.,privado_nacional,informacion_estructura,MISIONES,Habilitadas,,2026-04-19
00312,BANCO VOII S.A.,privado_nacional,informacion_estructura,SANTA FE,Habilitadas,,2026-04-19
00312,BANCO VOII S.A.,privado_nacional,informacion_estructura,CABA,Habilitadas,,2026-04-19
00312,BANCO VOII S.A.,privado_nacional,informacion_estructura,MISIONES,Habilitadas,,2026-04-19
00312,BANCO VOII S.A.,privado_nacional,informacion_estructura,SANTA FE,Habilitadas,,2026-04-19
00312,BANCO VOII S.A.,privado_nacional,informacion_estructura,CABA,Habilitadas,3.0,2026-04-19
00312,BANCO VOII S.A.,privado_nacional,informacion_estructura,MISIONES,Habilitadas,,2026-04-19
00312,BANCO VOII S.A.,privado_nacional,informacion_estructura,SANTA FE,Habilitadas,,2026-04-19
00312,BANCO VOII S.A.,privado_nacional,informacion_estructura,CABA,Habilitadas,,2026-04-19
00312,BANCO VOII S.A.,privado_nacional,informacion_estructura,MISIONES,Habilitadas,,2026-04-19
00312,BANCO VOII S.A.,privado_nacional,informacion_estructura,SANTA FE,Habilitadas,,2026-04-19
00312,BANCO VOII S.A.,privado_nacional,informacion_estructura,CABA,Habilitadas,,2026-04-19
00312,BANCO VOII S.A.,privado_nacional,informacion_estructura,MISIONES,Habilitadas,1.0,2026-04-19
00312,BANCO VOII S.A.,privado_nacional,informacion_estructura,SANTA FE,Habilitadas,1.0,2026-04-19
00312,BANCO VOII S.A.,privado_nacional,informacion_estructura,CABA,Habilitadas,,2026-04-19
00312,BANCO VOII S.A.,privado_nacional,informacion_estructura,MISIONES,Habilitadas,,2026-04-19
00312,BANCO VOII S.A.,privado_nacional,informacion_estructura,SANTA FE,Habilitadas,,2026-04-19
00312,BANCO VOII S.A.,privado_nacional,informacion_estructura,CABA,Pendientes de habilitación,,2026-04-19
00312,BANCO VOII S.A.,privado_nacional,informacion_estructura,MISIONES,Pendientes de habilitación,,2026-04-19
00312,BANCO VOII S.A.,privado_nacional,informacion_estructura,SANTA FE,Pendientes de habilitación,,2026-04-19
00312,BANCO VOII S.A.,privado_nacional,informacion_estructura,CABA,Total,2.0,2026-04-19
00312,BANCO VOII S.A.,privado_nacional,informacion_estructura,MISIONES,Total,,2026-04-19
00312,BANCO VOII S.A.,privado_nacional,informacion_estructura,SANTA FE,Total,,2026-04-19
00131,BANK OF CHINA LIMITED SUCURSAL BUEN,extranjero,informacion_estructura,Cantidad de cuentas de ahorro,Dic-2023,31.0,2026-04-19
00131,BANK OF CHINA LIMITED SUCURSAL BUEN,extranjero,informacion_estructura,Cantidad de operaciones a plazo fijo Empresas,Dic-2023,,2026-04-19
00131,BANK OF CHINA LIMITED SUCURSAL BUEN,extranjero,informacion_estructura,Cantidad de operaciones por otros préstamos,Dic-2023,5.0,2026-04-19
00131,BANK OF CHINA LIMITED SUCURSAL BUEN,extranjero,informacion_estructura,Dotación de personal,Dic-2023,35.0,2026-04-19
00131,BANK OF CHINA LIMITED SUCURSAL BUEN,extranjero,informacion_estructura,Cantidad de cuentas de ahorro,Dic-2024,53.0,2026-04-19
00131,BANK OF CHINA LIMITED SUCURSAL BUEN,extranjero,informacion_estructura,Cantidad de operaciones a plazo fijo Empresas,Dic-2024,,2026-04-19
00131,BANK OF CHINA LIMITED SUCURSAL BUEN,extranjero,informacion_estructura,Cantidad de operaciones por otros préstamos,Dic-2024,,2026-04-19
00131,BANK OF CHINA LIMITED SUCURSAL BUEN,extranjero,informacion_estructura,Dotación de personal,Dic-2024,34.0,2026-04-19
00131,BANK OF CHINA LIMITED SUCURSAL BUEN,extranjero,informacion_estructura,Cantidad de cuentas de ahorro,Jun-2025,54.0,2026-04-19
00131,BANK OF CHINA LIMITED SUCURSAL BUEN,extranjero,informacion_estructura,Cantidad de operaciones a plazo fijo Empresas,Jun-2025,9.0,2026-04-19
00131,BANK OF CHINA LIMITED SUCURSAL BUEN,extranjero,informacion_estructura,Cantidad de operaciones por otros préstamos,Jun-2025,,2026-04-19
00131,BANK OF CHINA LIMITED SUCURSAL BUEN,extranjero,informacion_estructura,Dotación de personal,Jun-2025,35.0,2026-04-19
00131,BANK OF CHINA LIMITED SUCURSAL BUEN,extranjero,informacion_estructura,Cantidad de cuentas de ahorro,Set-2025,52.0,2026-04-19
00131,BANK OF CHINA LIMITED SUCURSAL BUEN,extranjero,informacion_estructura,Cantidad de operaciones a plazo fijo Empresas,Set-2025,,2026-04-19
00131,BANK OF CHINA LIMITED SUCURSAL BUEN,extranjero,informacion_estructura,Cantidad de operaciones por otros préstamos,Set-2025,,2026-04-19
00131,BANK OF CHINA LIMITED SUCURSAL BUEN,extranjero,informacion_estructura,Dotación de personal,Set-2025,35.0,2026-04-19
00131,BANK OF CHINA LIMITED SUCURSAL BUEN,extranjero,informacion_estructura,Cantidad de cuentas de ahorro,Dic-2025,51.0,2026-04-19
00131,BANK OF CHINA LIMITED SUCURSAL BUEN,extranjero,informacion_estructura,Cantidad de operaciones a plazo fijo Empresas,Dic-2025,,2026-04-19
00131,BANK OF CHINA LIMITED SUCURSAL BUEN,extranjero,informacion_estructura,Cantidad de operaciones por otros préstamos,Dic-2025,,2026-04-19
00131,BANK OF CHINA LIMITED SUCURSAL BUEN,extranjero,informacion_estructura,Dotación de personal,Dic-2025,34.0,2026-04-19
00147,BIBANK S.A.,privado_nacional,informacion_estructura,Cantidad de cuentas corrientes,Dic-2023,448.0,2026-04-19
00147,BIBANK S.A.,privado_nacional,informacion_estructura,Cantidad de cuentas de ahorro,Dic-2023,256.0,2026-04-19
00147,BIBANK S.A.,privado_nacional,informacion_estructura,Cantidad de operaciones a plazo fijo Individuos,Dic-2023,49.0,2026-04-19
00147,BIBANK S.A.,privado_nacional,informacion_estructura,Cantidad de operaciones a plazo fijo Empresas,Dic-2023,77.0,2026-04-19
00147,BIBANK S.A.,privado_nacional,informacion_estructura,Cantidad de operaciones por préstamos prendarios,Dic-2023,176.0,2026-04-19
00147,BIBANK S.A.,privado_nacional,informacion_estructura,Cantidad de operaciones por otros préstamos,Dic-2023,225.0,2026-04-19
00147,BIBANK S.A.,privado_nacional,informacion_estructura,Dotación de personal,Dic-2023,105.0,2026-04-19
00147,BIBANK S.A.,privado_nacional,informacion_estructura,Cantidad de cuentas corrientes,Dic-2024,444.0,2026-04-19
00147,BIBANK S.A.,privado_nacional,informacion_estructura,Cantidad de cuentas de ahorro,Dic-2024,259.0,2026-04-19
00147,BIBANK S.A.,privado_nacional,informacion_estructura,Cantidad de operaciones a plazo fijo Individuos,Dic-2024,11.0,2026-04-19
00147,BIBANK S.A.,privado_nacional,informacion_estructura,Cantidad de operaciones a plazo fijo Empresas,Dic-2024,103.0,2026-04-19
00147,BIBANK S.A.,privado_nacional,informacion_estructura,Cantidad de operaciones por préstamos prendarios,Dic-2024,15.0,2026-04-19
00147,BIBANK S.A.,privado_nacional,informacion_estructura,Cantidad de operaciones por otros préstamos,Dic-2024,284.0,2026-04-19
00147,BIBANK S.A.,privado_nacional,informacion_estructura,Dotación de personal,Dic-2024,112.0,2026-04-19
00147,BIBANK S.A.,privado_nacional,informacion_estructura,Cantidad de cuentas corrientes,Jun-2025,472.0,2026-04-19
00147,BIBANK S.A.,privado_nacional,informacion_estructura,Cantidad de cuentas de ahorro,Jun-2025,268.0,2026-04-19
00147,BIBANK S.A.,privado_nacional,informacion_estructura,Cantidad de operaciones a plazo fijo Individuos,Jun-2025,27.0,2026-04-19
00147,BIBANK S.A.,privado_nacional,informacion_estructura,Cantidad de operaciones a plazo fijo Empresas,Jun-2025,62.0,2026-04-19
00147,BIBANK S.A.,privado_nacional,informacion_estructura,Cantidad de operaciones por préstamos prendarios,Jun-2025,3.0,2026-04-19
00147,BIBANK S.A.,privado_nacional,informacion_estructura,Cantidad de operaciones por otros préstamos,Jun-2025,275.0,2026-04-19
00147,BIBANK S.A.,privado_nacional,informacion_estructura,Dotación de personal,Jun-2025,108.0,2026-04-19
00147,BIBANK S.A.,privado_nacional,informacion_estructura,Cantidad de cuentas corrientes,Set-2025,451.0,2026-04-19
00147,BIBANK S.A.,privado_nacional,informacion_estructura,Cantidad de cuentas de ahorro,Set-2025,267.0,2026-04-19
00147,BIBANK S.A.,privado_nacional,informacion_estructura,Cantidad de operaciones a plazo fijo Individuos,Set-2025,29.0,2026-04-19
00147,BIBANK S.A.,privado_nacional,informacion_estructura,Cantidad de operaciones a plazo fijo Empresas,Set-2025,72.0,2026-04-19
00147,BIBANK S.A.,privado_nacional,informacion_estructura,Cantidad de operaciones por préstamos prendarios,Set-2025,,2026-04-19
00147,BIBANK S.A.,privado_nacional,informacion_estructura,Cantidad de operaciones por otros préstamos,Set-2025,248.0,2026-04-19
00147,BIBANK S.A.,privado_nacional,informacion_estructura,Dotación de personal,Set-2025,105.0,2026-04-19
00147,BIBANK S.A.,privado_nacional,informacion_estructura,Cantidad de cuentas corrientes,Dic-2025,476.0,2026-04-19
00147,BIBANK S.A.,privado_nacional,informacion_estructura,Cantidad de cuentas de ahorro,Dic-2025,282.0,2026-04-19
00147,BIBANK S.A.,privado_nacional,informacion_estructura,Cantidad de operaciones a plazo fijo Individuos,Dic-2025,36.0,2026-04-19
00147,BIBANK S.A.,privado_nacional,informacion_estructura,Cantidad de operaciones a plazo fijo Empresas,Dic-2025,111.0,2026-04-19
00147,BIBANK S.A.,privado_nacional,informacion_estructura,Cantidad de operaciones por préstamos prendarios,Dic-2025,,2026-04-19
00147,BIBANK S.A.,privado_nacional,informacion_estructura,Cantidad de operaciones por otros préstamos,Dic-2025,249.0,2026-04-19
00147,BIBANK S.A.,privado_nacional,informacion_estructura,Dotación de personal,Dic-2025,99.0,2026-04-19
00147,BIBANK S.A.,privado_nacional,informacion_estructura,CABA,Habilitadas,1.0,2026-04-19
00147,BIBANK S.A.,privado_nacional,informacion_estructura,CABA,Habilitadas,,2026-04-19
00147,BIBANK S.A.,privado_nacional,informacion_estructura,CABA,Habilitadas,,2026-04-19
00147,BIBANK S.A.,privado_nacional,informacion_estructura,CABA,Habilitadas,,2026-04-19
00147,BIBANK S.A.,privado_nacional,informacion_estructura,CABA,Habilitadas,,2026-04-19
00147,BIBANK S.A.,privado_nacional,informacion_estructura,CABA,Habilitadas,,2026-04-19
00147,BIBANK S.A.,privado_nacional,informacion_estructura,CABA,Habilitadas,,2026-04-19
00147,BIBANK S.A.,privado_nacional,informacion_estructura,CABA,Pendientes de habilitación,,2026-04-19
00147,BIBANK S.A.,privado_nacional,informacion_estructura,CABA,Total,1.0,2026-04-19
00266,BNP PARIBAS,extranjero,informacion_estructura,Cantidad de cuentas corrientes,Dic-2023,76.0,2026-04-19
00266,BNP PARIBAS,extranjero,informacion_estructura,Cantidad de cuentas de ahorro,Dic-2023,75.0,2026-04-19
00266,BNP PARIBAS,extranjero,informacion_estructura,Cantidad de operaciones a plazo fijo Empresas,Dic-2023,1.0,2026-04-19
00266,BNP PARIBAS,extranjero,informacion_estructura,Cantidad de operaciones por otros préstamos,Dic-2023,1.0,2026-04-19
00266,BNP PARIBAS,extranjero,informacion_estructura,Dotación de personal,Dic-2023,80.0,2026-04-19
00266,BNP PARIBAS,extranjero,informacion_estructura,Cantidad de cuentas corrientes,Dic-2024,69.0,2026-04-19
00266,BNP PARIBAS,extranjero,informacion_estructura,Cantidad de cuentas de ahorro,Dic-2024,71.0,2026-04-19
00266,BNP PARIBAS,extranjero,informacion_estructura,Cantidad de operaciones a plazo fijo Empresas,Dic-2024,2.0,2026-04-19
00266,BNP PARIBAS,extranjero,informacion_estructura,Cantidad de operaciones por otros préstamos,Dic-2024,1.0,2026-04-19
00266,BNP PARIBAS,extranjero,informacion_estructura,Dotación de personal,Dic-2024,81.0,2026-04-19
00266,BNP PARIBAS,extranjero,informacion_estructura,Cantidad de cuentas corrientes,Jun-2025,62.0,2026-04-19
00266,BNP PARIBAS,extranjero,informacion_estructura,Cantidad de cuentas de ahorro,Jun-2025,56.0,2026-04-19
00266,BNP PARIBAS,extranjero,informacion_estructura,Cantidad de operaciones a plazo fijo Empresas,Jun-2025,2.0,2026-04-19
00266,BNP PARIBAS,extranjero,informacion_estructura,Cantidad de operaciones por otros préstamos,Jun-2025,1.0,2026-04-19
00266,BNP PARIBAS,extranjero,informacion_estructura,Dotación de personal,Jun-2025,81.0,2026-04-19
00266,BNP PARIBAS,extranjero,informacion_estructura,Cantidad de cuentas corrientes,Set-2025,63.0,2026-04-19
00266,BNP PARIBAS,extranjero,informacion_estructura,Cantidad de cuentas de ahorro,Set-2025,49.0,2026-04-19
00266,BNP PARIBAS,extranjero,informacion_estructura,Cantidad de operaciones a plazo fijo Empresas,Set-2025,2.0,2026-04-19
00266,BNP PARIBAS,extranjero,informacion_estructura,Cantidad de operaciones por otros préstamos,Set-2025,1.0,2026-04-19
00266,BNP PARIBAS,extranjero,informacion_estructura,Dotación de personal,Set-2025,76.0,2026-04-19
00266,BNP PARIBAS,extranjero,informacion_estructura,Cantidad de cuentas corrientes,Dic-2025,64.0,2026-04-19
00266,BNP PARIBAS,extranjero,informacion_estructura,Cantidad de cuentas de ahorro,Dic-2025,16.0,2026-04-19
00266,BNP PARIBAS,extranjero,informacion_estructura,Cantidad de operaciones a plazo fijo Empresas,Dic-2025,2.0,2026-04-19
00266,BNP PARIBAS,extranjero,informacion_estructura,Cantidad de operaciones por otros préstamos,Dic-2025,1.0,2026-04-19
00266,BNP PARIBAS,extranjero,informacion_estructura,Dotación de personal,Dic-2025,80.0,2026-04-19
00266,BNP PARIBAS,extranjero,informacion_estructura,CABA,Habilitadas,1.0,2026-04-19
00266,BNP PARIBAS,extranjero,informacion_estructura,CABA,Habilitadas,,2026-04-19
00266,BNP PARIBAS,extranjero,informacion_estructura,CABA,Habilitadas,,2026-04-19
00266,BNP PARIBAS,extranjero,informacion_estructura,CABA,Habilitadas,,2026-04-19
00266,BNP PARIBAS,extranjero,informacion_estructura,CABA,Habilitadas,,2026-04-19
00266,BNP PARIBAS,extranjero,informacion_estructura,CABA,Habilitadas,,2026-04-19
00266,BNP PARIBAS,extranjero,informacion_estructura,CABA,Habilitadas,,2026-04-19
00266,BNP PARIBAS,extranjero,informacion_estructura,CABA,Pendientes de habilitación,,2026-04-19
00266,BNP PARIBAS,extranjero,informacion_estructura,CABA,Total,1.0,2026-04-19
00143,BRUBANK S.A.U.,privado_nacional,informacion_estructura,Cantidad de cuentas corrientes,Dic-2023,,2026-04-19
00143,BRUBANK S.A.U.,privado_nacional,informacion_estructura,Cantidad de cuentas de ahorro,Dic-2023,5664608.0,2026-04-19
00143,BRUBANK S.A.U.,privado_nacional,informacion_estructura,Cantidad de cajas de ahorro de ayuda social,Dic-2023,492983.0,2026-04-19
00143,BRUBANK S.A.U.,privado_nacional,informacion_estructura,Cantidad de operaciones a plazo fijo Individuos,Dic-2023,77201.0,2026-04-19
00143,BRUBANK S.A.U.,privado_nacional,informacion_estructura,Cantidad de operaciones por préstamos hipotecarios,Dic-2023,,2026-04-19
00143,BRUBANK S.A.U.,privado_nacional,informacion_estructura,Cantidad de operaciones por otros préstamos,Dic-2023,1245.0,2026-04-19
00143,BRUBANK S.A.U.,privado_nacional,informacion_estructura,Dotación de personal,Dic-2023,318.0,2026-04-19
00143,BRUBANK S.A.U.,privado_nacional,informacion_estructura,Cantidad de titulares por tarjetas de crédito,Dic-2023,17392.0,2026-04-19
00143,BRUBANK S.A.U.,privado_nacional,informacion_estructura,Cantidad de tarjetas de crédito (plásticos),Dic-2023,17911.0,2026-04-19
00143,BRUBANK S.A.U.,privado_nacional,informacion_estructura,Cantidad de tarjetas de débito,Dic-2023,3156942.0,2026-04-19
00143,BRUBANK S.A.U.,privado_nacional,informacion_estructura,Cantidad de cuentas corrientes,Dic-2024,,2026-04-19
00143,BRUBANK S.A.U.,privado_nacional,informacion_estructura,Cantidad de cuentas de ahorro,Dic-2024,6476342.0,2026-04-19
00143,BRUBANK S.A.U.,privado_nacional,informacion_estructura,Cantidad de cajas de ahorro de ayuda social,Dic-2024,504404.0,2026-04-19
00143,BRUBANK S.A.U.,privado_nacional,informacion_estructura,Cantidad de operaciones a plazo fijo Individuos,Dic-2024,37264.0,2026-04-19
00143,BRUBANK S.A.U.,privado_nacional,informacion_estructura,Cantidad de operaciones por préstamos hipotecarios,Dic-2024,,2026-04-19
00143,BRUBANK S.A.U.,privado_nacional,informacion_estructura,Cantidad de operaciones por otros préstamos,Dic-2024,3549.0,2026-04-19
00143,BRUBANK S.A.U.,privado_nacional,informacion_estructura,Dotación de personal,Dic-2024,336.0,2026-04-19
00143,BRUBANK S.A.U.,privado_nacional,informacion_estructura,Cantidad de titulares por tarjetas de crédito,Dic-2024,64251.0,2026-04-19
00143,BRUBANK S.A.U.,privado_nacional,informacion_estructura,Cantidad de tarjetas de crédito (plásticos),Dic-2024,67124.0,2026-04-19
00143,BRUBANK S.A.U.,privado_nacional,informacion_estructura,Cantidad de tarjetas de débito,Dic-2024,3639305.0,2026-04-19
00143,BRUBANK S.A.U.,privado_nacional,informacion_estructura,Cantidad de cuentas corrientes,Jun-2025,4308.0,2026-04-19
00143,BRUBANK S.A.U.,privado_nacional,informacion_estructura,Cantidad de cuentas de ahorro,Jun-2025,7099479.0,2026-04-19
00143,BRUBANK S.A.U.,privado_nacional,informacion_estructura,Cantidad de cajas de ahorro de ayuda social,Jun-2025,508941.0,2026-04-19
00143,BRUBANK S.A.U.,privado_nacional,informacion_estructura,Cantidad de operaciones a plazo fijo Individuos,Jun-2025,32620.0,2026-04-19
00143,BRUBANK S.A.U.,privado_nacional,informacion_estructura,Cantidad de operaciones por préstamos hipotecarios,Jun-2025,1.0,2026-04-19
00143,BRUBANK S.A.U.,privado_nacional,informacion_estructura,Cantidad de operaciones por otros préstamos,Jun-2025,11245.0,2026-04-19
00143,BRUBANK S.A.U.,privado_nacional,informacion_estructura,Dotación de personal,Jun-2025,323.0,2026-04-19
00143,BRUBANK S.A.U.,privado_nacional,informacion_estructura,Cantidad de titulares por tarjetas de crédito,Jun-2025,79695.0,2026-04-19
00143,BRUBANK S.A.U.,privado_nacional,informacion_estructura,Cantidad de tarjetas de crédito (plásticos),Jun-2025,84461.0,2026-04-19
00143,BRUBANK S.A.U.,privado_nacional,informacion_estructura,Cantidad de tarjetas de débito,Jun-2025,3976926.0,2026-04-19
00143,BRUBANK S.A.U.,privado_nacional,informacion_estructura,Cantidad de cuentas corrientes,Set-2025,5834.0,2026-04-19
00143,BRUBANK S.A.U.,privado_nacional,informacion_estructura,Cantidad de cuentas de ahorro,Set-2025,7391587.0,2026-04-19
00143,BRUBANK S.A.U.,privado_nacional,informacion_estructura,Cantidad de cajas de ahorro de ayuda social,Set-2025,515275.0,2026-04-19
00143,BRUBANK S.A.U.,privado_nacional,informacion_estructura,Cantidad de operaciones a plazo fijo Individuos,Set-2025,44653.0,2026-04-19
00143,BRUBANK S.A.U.,privado_nacional,informacion_estructura,Cantidad de operaciones por préstamos hipotecarios,Set-2025,2.0,2026-04-19
00143,BRUBANK S.A.U.,privado_nacional,informacion_estructura,Cantidad de operaciones por otros préstamos,Set-2025,12146.0,2026-04-19
00143,BRUBANK S.A.U.,privado_nacional,informacion_estructura,Dotación de personal,Set-2025,323.0,2026-04-19
00143,BRUBANK S.A.U.,privado_nacional,informacion_estructura,Cantidad de titulares por tarjetas de crédito,Set-2025,86224.0,2026-04-19
00143,BRUBANK S.A.U.,privado_nacional,informacion_estructura,Cantidad de tarjetas de crédito (plásticos),Set-2025,91657.0,2026-04-19
00143,BRUBANK S.A.U.,privado_nacional,informacion_estructura,Cantidad de tarjetas de débito,Set-2025,3975443.0,2026-04-19
00143,BRUBANK S.A.U.,privado_nacional,informacion_estructura,Cantidad de cuentas corrientes,Dic-2025,6743.0,2026-04-19
00143,BRUBANK S.A.U.,privado_nacional,informacion_estructura,Cantidad de cuentas de ahorro,Dic-2025,7244740.0,2026-04-19
00143,BRUBANK S.A.U.,privado_nacional,informacion_estructura,Cantidad de cajas de ahorro de ayuda social,Dic-2025,518588.0,2026-04-19
00143,BRUBANK S.A.U.,privado_nacional,informacion_estructura,Cantidad de operaciones a plazo fijo Individuos,Dic-2025,33252.0,2026-04-19
00143,BRUBANK S.A.U.,privado_nacional,informacion_estructura,Cantidad de operaciones por préstamos hipotecarios,Dic-2025,2.0,2026-04-19
00143,BRUBANK S.A.U.,privado_nacional,informacion_estructura,Cantidad de operaciones por otros préstamos,Dic-2025,13108.0,2026-04-19
00143,BRUBANK S.A.U.,privado_nacional,informacion_estructura,Dotación de personal,Dic-2025,318.0,2026-04-19
00143,BRUBANK S.A.U.,privado_nacional,informacion_estructura,Cantidad de titulares por tarjetas de crédito,Dic-2025,87141.0,2026-04-19
00143,BRUBANK S.A.U.,privado_nacional,informacion_estructura,Cantidad de tarjetas de crédito (plásticos),Dic-2025,92801.0,2026-04-19
00143,BRUBANK S.A.U.,privado_nacional,informacion_estructura,Cantidad de tarjetas de débito,Dic-2025,4283781.0,2026-04-19
00143,BRUBANK S.A.U.,privado_nacional,informacion_estructura,Cantidad de Cuentas,Dic-2023,6432.0,2026-04-19
00143,BRUBANK S.A.U.,privado_nacional,informacion_estructura,Cantidad de Empresas,Dic-2023,3627.0,2026-04-19
00143,BRUBANK S.A.U.,privado_nacional,informacion_estructura,Cantidad de Cuentas,Dic-2024,11080.0,2026-04-19
00143,BRUBANK S.A.U.,privado_nacional,informacion_estructura,Cantidad de Empresas,Dic-2024,6073.0,2026-04-19
00143,BRUBANK S.A.U.,privado_nacional,informacion_estructura,Cantidad de Cuentas,Nov-2025,15754.0,2026-04-19
00143,BRUBANK S.A.U.,privado_nacional,informacion_estructura,Cantidad de Empresas,Nov-2025,6712.0,2026-04-19
00143,BRUBANK S.A.U.,privado_nacional,informacion_estructura,Cantidad de Cuentas,Dic-2025,16752.0,2026-04-19
00143,BRUBANK S.A.U.,privado_nacional,informacion_estructura,Cantidad de Empresas,Dic-2025,6944.0,2026-04-19
00143,BRUBANK S.A.U.,privado_nacional,informacion_estructura,Cantidad de Cuentas,Ene-2026,17508.0,2026-04-19
00143,BRUBANK S.A.U.,privado_nacional,informacion_estructura,Cantidad de Empresas,Ene-2026,6971.0,2026-04-19
00143,BRUBANK S.A.U.,privado_nacional,informacion_estructura,CABA,Habilitadas,1.0,2026-04-19
00143,BRUBANK S.A.U.,privado_nacional,informacion_estructura,CABA,Habilitadas,,2026-04-19
00143,BRUBANK S.A.U.,privado_nacional,informacion_estructura,CABA,Habilitadas,,2026-04-19
00143,BRUBANK S.A.U.,privado_nacional,informacion_estructura,CABA,Habilitadas,,2026-04-19
00143,BRUBANK S.A.U.,privado_nacional,informacion_estructura,CABA,Habilitadas,,2026-04-19
00143,BRUBANK S.A.U.,privado_nacional,informacion_estructura,CABA,Habilitadas,,2026-04-19
00143,BRUBANK S.A.U.,privado_nacional,informacion_estructura,CABA,Habilitadas,,2026-04-19
00143,BRUBANK S.A.U.,privado_nacional,informacion_estructura,CABA,Pendientes de habilitación,,2026-04-19
00143,BRUBANK S.A.U.,privado_nacional,informacion_estructura,CABA,Total,1.0,2026-04-19
00016,CITIBANK N.A.,extranjero,informacion_estructura,Dotación de personal,Dic-2023,1083.0,2026-04-19
00016,CITIBANK N.A.,extranjero,informacion_estructura,Cantidad de cuentas corrientes,Dic-2023,2131.0,2026-04-19
00016,CITIBANK N.A.,extranjero,informacion_estructura,Cantidad de cuentas de ahorro,Dic-2023,751.0,2026-04-19
00016,CITIBANK N.A.,extranjero,informacion_estructura,Cantidad de operaciones a plazo fijo Empresas,Dic-2023,96.0,2026-04-19
00016,CITIBANK N.A.,extranjero,informacion_estructura,Cantidad de operaciones por préstamos hipotecarios,Dic-2023,1.0,2026-04-19
00016,CITIBANK N.A.,extranjero,informacion_estructura,Cantidad de operaciones por préstamos prendarios,Dic-2023,1.0,2026-04-19
00016,CITIBANK N.A.,extranjero,informacion_estructura,Cantidad de operaciones por otros préstamos,Dic-2023,1148.0,2026-04-19
00016,CITIBANK N.A.,extranjero,informacion_estructura,Dotación de personal,Dic-2024,1059.0,2026-04-19
00016,CITIBANK N.A.,extranjero,informacion_estructura,Cantidad de cuentas corrientes,Dic-2024,2081.0,2026-04-19
00016,CITIBANK N.A.,extranjero,informacion_estructura,Cantidad de cuentas de ahorro,Dic-2024,714.0,2026-04-19
00016,CITIBANK N.A.,extranjero,informacion_estructura,Cantidad de operaciones a plazo fijo Empresas,Dic-2024,,2026-04-19
00016,CITIBANK N.A.,extranjero,informacion_estructura,Cantidad de operaciones por préstamos hipotecarios,Dic-2024,56.0,2026-04-19
00016,CITIBANK N.A.,extranjero,informacion_estructura,Cantidad de operaciones por préstamos prendarios,Dic-2024,47.0,2026-04-19
00016,CITIBANK N.A.,extranjero,informacion_estructura,Cantidad de operaciones por otros préstamos,Dic-2024,1179.0,2026-04-19
00016,CITIBANK N.A.,extranjero,informacion_estructura,Dotación de personal,Jun-2025,1060.0,2026-04-19
00016,CITIBANK N.A.,extranjero,informacion_estructura,Cantidad de cuentas corrientes,Jun-2025,2070.0,2026-04-19
00016,CITIBANK N.A.,extranjero,informacion_estructura,Cantidad de cuentas de ahorro,Jun-2025,717.0,2026-04-19
00016,CITIBANK N.A.,extranjero,informacion_estructura,Cantidad de operaciones a plazo fijo Empresas,Jun-2025,,2026-04-19
00016,CITIBANK N.A.,extranjero,informacion_estructura,Cantidad de operaciones por préstamos hipotecarios,Jun-2025,45.0,2026-04-19
00016,CITIBANK N.A.,extranjero,informacion_estructura,Cantidad de operaciones por préstamos prendarios,Jun-2025,37.0,2026-04-19
00016,CITIBANK N.A.,extranjero,informacion_estructura,Cantidad de operaciones por otros préstamos,Jun-2025,1280.0,2026-04-19
00016,CITIBANK N.A.,extranjero,informacion_estructura,Dotación de personal,Set-2025,1044.0,2026-04-19
00016,CITIBANK N.A.,extranjero,informacion_estructura,Cantidad de cuentas corrientes,Set-2025,2064.0,2026-04-19
00016,CITIBANK N.A.,extranjero,informacion_estructura,Cantidad de cuentas de ahorro,Set-2025,727.0,2026-04-19
00016,CITIBANK N.A.,extranjero,informacion_estructura,Cantidad de operaciones a plazo fijo Empresas,Set-2025,,2026-04-19
00016,CITIBANK N.A.,extranjero,informacion_estructura,Cantidad de operaciones por préstamos hipotecarios,Set-2025,37.0,2026-04-19
00016,CITIBANK N.A.,extranjero,informacion_estructura,Cantidad de operaciones por préstamos prendarios,Set-2025,31.0,2026-04-19
00016,CITIBANK N.A.,extranjero,informacion_estructura,Cantidad de operaciones por otros préstamos,Set-2025,1183.0,2026-04-19
00016,CITIBANK N.A.,extranjero,informacion_estructura,Dotación de personal,Dic-2025,1051.0,2026-04-19
00016,CITIBANK N.A.,extranjero,informacion_estructura,Cantidad de cuentas corrientes,Dic-2025,2047.0,2026-04-19
00016,CITIBANK N.A.,extranjero,informacion_estructura,Cantidad de cuentas de ahorro,Dic-2025,730.0,2026-04-19
00016,CITIBANK N.A.,extranjero,informacion_estructura,Cantidad de operaciones a plazo fijo Empresas,Dic-2025,,2026-04-19
00016,CITIBANK N.A.,extranjero,informacion_estructura,Cantidad de operaciones por préstamos hipotecarios,Dic-2025,33.0,2026-04-19
00016,CITIBANK N.A.,extranjero,informacion_estructura,Cantidad de operaciones por préstamos prendarios,Dic-2025,27.0,2026-04-19
00016,CITIBANK N.A.,extranjero,informacion_estructura,Cantidad de operaciones por otros préstamos,Dic-2025,1388.0,2026-04-19
00016,CITIBANK N.A.,extranjero,informacion_estructura,CABA,Habilitadas,1.0,2026-04-19
00016,CITIBANK N.A.,extranjero,informacion_estructura,BUENOS AIRES,Habilitadas,3.0,2026-04-19
00016,CITIBANK N.A.,extranjero,informacion_estructura,CÓRDOBA,Habilitadas,1.0,2026-04-19
00016,CITIBANK N.A.,extranjero,informacion_estructura,MENDOZA,Habilitadas,1.0,2026-04-19
00016,CITIBANK N.A.,extranjero,informacion_estructura,NEUQUÉN,Habilitadas,1.0,2026-04-19
00016,CITIBANK N.A.,extranjero,informacion_estructura,SANTA FE,Habilitadas,2.0,2026-04-19
00016,CITIBANK N.A.,extranjero,informacion_estructura,TUCUMÁN,Habilitadas,1.0,2026-04-19
00016,CITIBANK N.A.,extranjero,informacion_estructura,CABA,Habilitadas,,2026-04-19
00016,CITIBANK N.A.,extranjero,informacion_estructura,BUENOS AIRES,Habilitadas,,2026-04-19
00016,CITIBANK N.A.,extranjero,informacion_estructura,CÓRDOBA,Habilitadas,,2026-04-19
00016,CITIBANK N.A.,extranjero,informacion_estructura,MENDOZA,Habilitadas,,2026-04-19
00016,CITIBANK N.A.,extranjero,informacion_estructura,NEUQUÉN,Habilitadas,,2026-04-19
00016,CITIBANK N.A.,extranjero,informacion_estructura,SANTA FE,Habilitadas,,2026-04-19
00016,CITIBANK N.A.,extranjero,informacion_estructura,TUCUMÁN,Habilitadas,,2026-04-19
00016,CITIBANK N.A.,extranjero,informacion_estructura,CABA,Habilitadas,,2026-04-19
00016,CITIBANK N.A.,extranjero,informacion_estructura,BUENOS AIRES,Habilitadas,,2026-04-19
00016,CITIBANK N.A.,extranjero,informacion_estructura,CÓRDOBA,Habilitadas,,2026-04-19
00016,CITIBANK N.A.,extranjero,informacion_estructura,MENDOZA,Habilitadas,,2026-04-19
00016,CITIBANK N.A.,extranjero,informacion_estructura,NEUQUÉN,Habilitadas,,2026-04-19
00016,CITIBANK N.A.,extranjero,informacion_estructura,SANTA FE,Habilitadas,,2026-04-19
00016,CITIBANK N.A.,extranjero,informacion_estructura,TUCUMÁN,Habilitadas,,2026-04-19
00016,CITIBANK N.A.,extranjero,informacion_estructura,CABA,Habilitadas,4.0,2026-04-19
00016,CITIBANK N.A.,extranjero,informacion_estructura,BUENOS AIRES,Habilitadas,7.0,2026-04-19
00016,CITIBANK N.A.,extranjero,informacion_estructura,CÓRDOBA,Habilitadas,3.0,2026-04-19
00016,CITIBANK N.A.,extranjero,informacion_estructura,MENDOZA,Habilitadas,3.0,2026-04-19
00016,CITIBANK N.A.,extranjero,informacion_estructura,NEUQUÉN,Habilitadas,2.0,2026-04-19
00016,CITIBANK N.A.,extranjero,informacion_estructura,SANTA FE,Habilitadas,5.0,2026-04-19
00016,CITIBANK N.A.,extranjero,informacion_estructura,TUCUMÁN,Habilitadas,3.0,2026-04-19
00016,CITIBANK N.A.,extranjero,informacion_estructura,CABA,Habilitadas,,2026-04-19
00016,CITIBANK N.A.,extranjero,informacion_estructura,BUENOS AIRES,Habilitadas,,2026-04-19
00016,CITIBANK N.A.,extranjero,informacion_estructura,CÓRDOBA,Habilitadas,,2026-04-19
00016,CITIBANK N.A.,extranjero,informacion_estructura,MENDOZA,Habilitadas,,2026-04-19
00016,CITIBANK N.A.,extranjero,informacion_estructura,NEUQUÉN,Habilitadas,,2026-04-19
00016,CITIBANK N.A.,extranjero,informacion_estructura,SANTA FE,Habilitadas,,2026-04-19
00016,CITIBANK N.A.,extranjero,informacion_estructura,TUCUMÁN,Habilitadas,,2026-04-19
00016,CITIBANK N.A.,extranjero,informacion_estructura,CABA,Habilitadas,,2026-04-19
00016,CITIBANK N.A.,extranjero,informacion_estructura,BUENOS AIRES,Habilitadas,,2026-04-19
00016,CITIBANK N.A.,extranjero,informacion_estructura,CÓRDOBA,Habilitadas,,2026-04-19
00016,CITIBANK N.A.,extranjero,informacion_estructura,MENDOZA,Habilitadas,,2026-04-19
00016,CITIBANK N.A.,extranjero,informacion_estructura,NEUQUÉN,Habilitadas,,2026-04-19
00016,CITIBANK N.A.,extranjero,informacion_estructura,SANTA FE,Habilitadas,,2026-04-19
00016,CITIBANK N.A.,extranjero,informacion_estructura,TUCUMÁN,Habilitadas,,2026-04-19
00016,CITIBANK N.A.,extranjero,informacion_estructura,CABA,Habilitadas,,2026-04-19
00016,CITIBANK N.A.,extranjero,informacion_estructura,BUENOS AIRES,Habilitadas,,2026-04-19
00016,CITIBANK N.A.,extranjero,informacion_estructura,CÓRDOBA,Habilitadas,,2026-04-19
00016,CITIBANK N.A.,extranjero,informacion_estructura,MENDOZA,Habilitadas,,2026-04-19
00016,CITIBANK N.A.,extranjero,informacion_estructura,NEUQUÉN,Habilitadas,,2026-04-19
00016,CITIBANK N.A.,extranjero,informacion_estructura,SANTA FE,Habilitadas,,2026-04-19
00016,CITIBANK N.A.,extranjero,informacion_estructura,TUCUMÁN,Habilitadas,,2026-04-19
00016,CITIBANK N.A.,extranjero,informacion_estructura,CABA,Pendientes de habilitación,,2026-04-19
00016,CITIBANK N.A.,extranjero,informacion_estructura,BUENOS AIRES,Pendientes de habilitación,,2026-04-19
00016,CITIBANK N.A.,extranjero,informacion_estructura,CÓRDOBA,Pendientes de habilitación,,2026-04-19
00016,CITIBANK N.A.,extranjero,informacion_estructura,MENDOZA,Pendientes de habilitación,,2026-04-19
00016,CITIBANK N.A.,extranjero,informacion_estructura,NEUQUÉN,Pendientes de habilitación,,2026-04-19
00016,CITIBANK N.A.,extranjero,informacion_estructura,SANTA FE,Pendientes de habilitación,,2026-04-19
00016,CITIBANK N.A.,extranjero,informacion_estructura,TUCUMÁN,Pendientes de habilitación,,2026-04-19
00016,CITIBANK N.A.,extranjero,informacion_estructura,CABA,Total,1.0,2026-04-19
00016,CITIBANK N.A.,extranjero,informacion_estructura,BUENOS AIRES,Total,3.0,2026-04-19
00016,CITIBANK N.A.,extranjero,informacion_estructura,CÓRDOBA,Total,1.0,2026-04-19
00016,CITIBANK N.A.,extranjero,informacion_estructura,MENDOZA,Total,1.0,2026-04-19
00016,CITIBANK N.A.,extranjero,informacion_estructura,NEUQUÉN,Total,1.0,2026-04-19
00016,CITIBANK N.A.,extranjero,informacion_estructura,SANTA FE,Total,2.0,2026-04-19
00016,CITIBANK N.A.,extranjero,informacion_estructura,TUCUMÁN,Total,1.0,2026-04-19
00015,INDUSTRIAL AND COMMERCIAL BANK OF C,extranjero,informacion_estructura,Cantidad de cuentas corrientes,Dic-2023,148955.0,2026-04-19
00015,INDUSTRIAL AND COMMERCIAL BANK OF C,extranjero,informacion_estructura,Cantidad de cuentas de ahorro,Dic-2023,1461758.0,2026-04-19
00015,INDUSTRIAL AND COMMERCIAL BANK OF C,extranjero,informacion_estructura,Cantidad de cajas de ahorro de ayuda social,Dic-2023,74355.0,2026-04-19
00015,INDUSTRIAL AND COMMERCIAL BANK OF C,extranjero,informacion_estructura,Cantidad de cuentas previsionales,Dic-2023,3589.0,2026-04-19
00015,INDUSTRIAL AND COMMERCIAL BANK OF C,extranjero,informacion_estructura,Cantidad de operaciones a plazo fijo Individuos,Dic-2023,135110.0,2026-04-19
00015,INDUSTRIAL AND COMMERCIAL BANK OF C,extranjero,informacion_estructura,Cantidad de operaciones a plazo fijo Empresas,Dic-2023,1860.0,2026-04-19
00015,INDUSTRIAL AND COMMERCIAL BANK OF C,extranjero,informacion_estructura,Cantidad de operaciones por préstamos hipotecarios,Dic-2023,74.0,2026-04-19
00015,INDUSTRIAL AND COMMERCIAL BANK OF C,extranjero,informacion_estructura,Cantidad de operaciones por préstamos prendarios,Dic-2023,15953.0,2026-04-19
00015,INDUSTRIAL AND COMMERCIAL BANK OF C,extranjero,informacion_estructura,Cantidad de operaciones por otros préstamos,Dic-2023,951332.0,2026-04-19
00015,INDUSTRIAL AND COMMERCIAL BANK OF C,extranjero,informacion_estructura,Dotación de personal,Dic-2023,3463.0,2026-04-19
00015,INDUSTRIAL AND COMMERCIAL BANK OF C,extranjero,informacion_estructura,Cantidad de titulares por tarjetas de crédito,Dic-2023,1108815.0,2026-04-19
00015,INDUSTRIAL AND COMMERCIAL BANK OF C,extranjero,informacion_estructura,Cantidad de tarjetas de crédito (plásticos),Dic-2023,1503826.0,2026-04-19
00015,INDUSTRIAL AND COMMERCIAL BANK OF C,extranjero,informacion_estructura,Cantidad de tarjetas de débito,Dic-2023,1396205.0,2026-04-19
00015,INDUSTRIAL AND COMMERCIAL BANK OF C,extranjero,informacion_estructura,Cantidad de cuentas corrientes,Dic-2024,147574.0,2026-04-19
00015,INDUSTRIAL AND COMMERCIAL BANK OF C,extranjero,informacion_estructura,Cantidad de cuentas de ahorro,Dic-2024,1803462.0,2026-04-19
00015,INDUSTRIAL AND COMMERCIAL BANK OF C,extranjero,informacion_estructura,Cantidad de cajas de ahorro de ayuda social,Dic-2024,77004.0,2026-04-19
00015,INDUSTRIAL AND COMMERCIAL BANK OF C,extranjero,informacion_estructura,Cantidad de cuentas previsionales,Dic-2024,6293.0,2026-04-19
00015,INDUSTRIAL AND COMMERCIAL BANK OF C,extranjero,informacion_estructura,Cantidad de operaciones a plazo fijo Individuos,Dic-2024,81585.0,2026-04-19
00015,INDUSTRIAL AND COMMERCIAL BANK OF C,extranjero,informacion_estructura,Cantidad de operaciones a plazo fijo Empresas,Dic-2024,2125.0,2026-04-19
00015,INDUSTRIAL AND COMMERCIAL BANK OF C,extranjero,informacion_estructura,Cantidad de operaciones por préstamos hipotecarios,Dic-2024,188.0,2026-04-19
00015,INDUSTRIAL AND COMMERCIAL BANK OF C,extranjero,informacion_estructura,Cantidad de operaciones por préstamos prendarios,Dic-2024,15765.0,2026-04-19
00015,INDUSTRIAL AND COMMERCIAL BANK OF C,extranjero,informacion_estructura,Cantidad de operaciones por otros préstamos,Dic-2024,1073334.0,2026-04-19
00015,INDUSTRIAL AND COMMERCIAL BANK OF C,extranjero,informacion_estructura,Dotación de personal,Dic-2024,3413.0,2026-04-19
00015,INDUSTRIAL AND COMMERCIAL BANK OF C,extranjero,informacion_estructura,Cantidad de titulares por tarjetas de crédito,Dic-2024,1189065.0,2026-04-19
00015,INDUSTRIAL AND COMMERCIAL BANK OF C,extranjero,informacion_estructura,Cantidad de tarjetas de crédito (plásticos),Dic-2024,1585465.0,2026-04-19
00015,INDUSTRIAL AND COMMERCIAL BANK OF C,extranjero,informacion_estructura,Cantidad de tarjetas de débito,Dic-2024,1620488.0,2026-04-19
00015,INDUSTRIAL AND COMMERCIAL BANK OF C,extranjero,informacion_estructura,Cantidad de cuentas corrientes,Jun-2025,145397.0,2026-04-19
00015,INDUSTRIAL AND COMMERCIAL BANK OF C,extranjero,informacion_estructura,Cantidad de cuentas de ahorro,Jun-2025,1905352.0,2026-04-19
00015,INDUSTRIAL AND COMMERCIAL BANK OF C,extranjero,informacion_estructura,Cantidad de cajas de ahorro de ayuda social,Jun-2025,82248.0,2026-04-19
00015,INDUSTRIAL AND COMMERCIAL BANK OF C,extranjero,informacion_estructura,Cantidad de cuentas previsionales,Jun-2025,12417.0,2026-04-19
00015,INDUSTRIAL AND COMMERCIAL BANK OF C,extranjero,informacion_estructura,Cantidad de operaciones a plazo fijo Individuos,Jun-2025,81846.0,2026-04-19
00015,INDUSTRIAL AND COMMERCIAL BANK OF C,extranjero,informacion_estructura,Cantidad de operaciones a plazo fijo Empresas,Jun-2025,2667.0,2026-04-19
00015,INDUSTRIAL AND COMMERCIAL BANK OF C,extranjero,informacion_estructura,Cantidad de operaciones por préstamos hipotecarios,Jun-2025,224.0,2026-04-19
00015,INDUSTRIAL AND COMMERCIAL BANK OF C,extranjero,informacion_estructura,Cantidad de operaciones por préstamos prendarios,Jun-2025,20150.0,2026-04-19
00015,INDUSTRIAL AND COMMERCIAL BANK OF C,extranjero,informacion_estructura,Cantidad de operaciones por otros préstamos,Jun-2025,1064293.0,2026-04-19
00015,INDUSTRIAL AND COMMERCIAL BANK OF C,extranjero,informacion_estructura,Dotación de personal,Jun-2025,3461.0,2026-04-19
00015,INDUSTRIAL AND COMMERCIAL BANK OF C,extranjero,informacion_estructura,Cantidad de titulares por tarjetas de crédito,Jun-2025,1153830.0,2026-04-19
00015,INDUSTRIAL AND COMMERCIAL BANK OF C,extranjero,informacion_estructura,Cantidad de tarjetas de crédito (plásticos),Jun-2025,1551099.0,2026-04-19
00015,INDUSTRIAL AND COMMERCIAL BANK OF C,extranjero,informacion_estructura,Cantidad de tarjetas de débito,Jun-2025,1699633.0,2026-04-19
00015,INDUSTRIAL AND COMMERCIAL BANK OF C,extranjero,informacion_estructura,Cantidad de cuentas corrientes,Set-2025,143956.0,2026-04-19
00015,INDUSTRIAL AND COMMERCIAL BANK OF C,extranjero,informacion_estructura,Cantidad de cuentas de ahorro,Set-2025,1949151.0,2026-04-19
00015,INDUSTRIAL AND COMMERCIAL BANK OF C,extranjero,informacion_estructura,Cantidad de cajas de ahorro de ayuda social,Set-2025,82726.0,2026-04-19
00015,INDUSTRIAL AND COMMERCIAL BANK OF C,extranjero,informacion_estructura,Cantidad de cuentas previsionales,Set-2025,16039.0,2026-04-19
00015,INDUSTRIAL AND COMMERCIAL BANK OF C,extranjero,informacion_estructura,Cantidad de operaciones a plazo fijo Individuos,Set-2025,97346.0,2026-04-19
00015,INDUSTRIAL AND COMMERCIAL BANK OF C,extranjero,informacion_estructura,Cantidad de operaciones a plazo fijo Empresas,Set-2025,3370.0,2026-04-19
00015,INDUSTRIAL AND COMMERCIAL BANK OF C,extranjero,informacion_estructura,Cantidad de operaciones por préstamos hipotecarios,Set-2025,150.0,2026-04-19
00015,INDUSTRIAL AND COMMERCIAL BANK OF C,extranjero,informacion_estructura,Cantidad de operaciones por préstamos prendarios,Set-2025,22223.0,2026-04-19
00015,INDUSTRIAL AND COMMERCIAL BANK OF C,extranjero,informacion_estructura,Cantidad de operaciones por otros préstamos,Set-2025,1041994.0,2026-04-19
00015,INDUSTRIAL AND COMMERCIAL BANK OF C,extranjero,informacion_estructura,Dotación de personal,Set-2025,3432.0,2026-04-19
00015,INDUSTRIAL AND COMMERCIAL BANK OF C,extranjero,informacion_estructura,Cantidad de titulares por tarjetas de crédito,Set-2025,1198780.0,2026-04-19
00015,INDUSTRIAL AND COMMERCIAL BANK OF C,extranjero,informacion_estructura,Cantidad de tarjetas de crédito (plásticos),Set-2025,1567552.0,2026-04-19
00015,INDUSTRIAL AND COMMERCIAL BANK OF C,extranjero,informacion_estructura,Cantidad de tarjetas de débito,Set-2025,1706202.0,2026-04-19
00015,INDUSTRIAL AND COMMERCIAL BANK OF C,extranjero,informacion_estructura,Cantidad de cuentas corrientes,Dic-2025,142138.0,2026-04-19
00015,INDUSTRIAL AND COMMERCIAL BANK OF C,extranjero,informacion_estructura,Cantidad de cuentas de ahorro,Dic-2025,1962551.0,2026-04-19
00015,INDUSTRIAL AND COMMERCIAL BANK OF C,extranjero,informacion_estructura,Cantidad de cajas de ahorro de ayuda social,Dic-2025,,2026-04-19
00015,INDUSTRIAL AND COMMERCIAL BANK OF C,extranjero,informacion_estructura,Cantidad de cuentas previsionales,Dic-2025,,2026-04-19
00015,INDUSTRIAL AND COMMERCIAL BANK OF C,extranjero,informacion_estructura,Cantidad de operaciones a plazo fijo Individuos,Dic-2025,,2026-04-19
00015,INDUSTRIAL AND COMMERCIAL BANK OF C,extranjero,informacion_estructura,Cantidad de operaciones a plazo fijo Empresas,Dic-2025,,2026-04-19
00015,INDUSTRIAL AND COMMERCIAL BANK OF C,extranjero,informacion_estructura,Cantidad de operaciones por préstamos hipotecarios,Dic-2025,,2026-04-19
00015,INDUSTRIAL AND COMMERCIAL BANK OF C,extranjero,informacion_estructura,Cantidad de operaciones por préstamos prendarios,Dic-2025,,2026-04-19
00015,INDUSTRIAL AND COMMERCIAL BANK OF C,extranjero,informacion_estructura,Cantidad de operaciones por otros préstamos,Dic-2025,,2026-04-19
00015,INDUSTRIAL AND COMMERCIAL BANK OF C,extranjero,informacion_estructura,Dotación de personal,Dic-2025,,2026-04-19
00015,INDUSTRIAL AND COMMERCIAL BANK OF C,extranjero,informacion_estructura,Cantidad de titulares por tarjetas de crédito,Dic-2025,,2026-04-19
00015,INDUSTRIAL AND COMMERCIAL BANK OF C,extranjero,informacion_estructura,Cantidad de tarjetas de crédito (plásticos),Dic-2025,,2026-04-19
00015,INDUSTRIAL AND COMMERCIAL BANK OF C,extranjero,informacion_estructura,Cantidad de tarjetas de débito,Dic-2025,,2026-04-19
00015,INDUSTRIAL AND COMMERCIAL BANK OF C,extranjero,informacion_estructura,Cantidad de Cuentas,Dic-2023,213206.0,2026-04-19
00015,INDUSTRIAL AND COMMERCIAL BANK OF C,extranjero,informacion_estructura,Cantidad de Empresas,Dic-2023,14280.0,2026-04-19
00015,INDUSTRIAL AND COMMERCIAL BANK OF C,extranjero,informacion_estructura,Cantidad de Cuentas,Dic-2024,207523.0,2026-04-19
00015,INDUSTRIAL AND COMMERCIAL BANK OF C,extranjero,informacion_estructura,Cantidad de Empresas,Dic-2024,14506.0,2026-04-19
00015,INDUSTRIAL AND COMMERCIAL BANK OF C,extranjero,informacion_estructura,Cantidad de Cuentas,Nov-2025,180549.0,2026-04-19
00015,INDUSTRIAL AND COMMERCIAL BANK OF C,extranjero,informacion_estructura,Cantidad de Empresas,Nov-2025,12326.0,2026-04-19
00015,INDUSTRIAL AND COMMERCIAL BANK OF C,extranjero,informacion_estructura,Cantidad de Cuentas,Dic-2025,186584.0,2026-04-19
00015,INDUSTRIAL AND COMMERCIAL BANK OF C,extranjero,informacion_estructura,Cantidad de Empresas,Dic-2025,12924.0,2026-04-19
00015,INDUSTRIAL AND COMMERCIAL BANK OF C,extranjero,informacion_estructura,Cantidad de Cuentas,Ene-2026,178078.0,2026-04-19
00015,INDUSTRIAL AND COMMERCIAL BANK OF C,extranjero,informacion_estructura,Cantidad de Empresas,Ene-2026,12282.0,2026-04-19
00015,INDUSTRIAL AND COMMERCIAL BANK OF C,extranjero,informacion_estructura,CABA,Habilitadas,41.0,2026-04-19
00015,INDUSTRIAL AND COMMERCIAL BANK OF C,extranjero,informacion_estructura,BUENOS AIRES,Habilitadas,43.0,2026-04-19
00015,INDUSTRIAL AND COMMERCIAL BANK OF C,extranjero,informacion_estructura,CÓRDOBA,Habilitadas,7.0,2026-04-19
00015,INDUSTRIAL AND COMMERCIAL BANK OF C,extranjero,informacion_estructura,CORRIENTES,Habilitadas,1.0,2026-04-19
00015,INDUSTRIAL AND COMMERCIAL BANK OF C,extranjero,informacion_estructura,CHACO,Habilitadas,1.0,2026-04-19
00015,INDUSTRIAL AND COMMERCIAL BANK OF C,extranjero,informacion_estructura,CHUBUT,Habilitadas,1.0,2026-04-19
00015,INDUSTRIAL AND COMMERCIAL BANK OF C,extranjero,informacion_estructura,ENTRE RÍOS,Habilitadas,2.0,2026-04-19
00015,INDUSTRIAL AND COMMERCIAL BANK OF C,extranjero,informacion_estructura,JUJUY,Habilitadas,1.0,2026-04-19
00015,INDUSTRIAL AND COMMERCIAL BANK OF C,extranjero,informacion_estructura,LA PAMPA,Habilitadas,1.0,2026-04-19
00015,INDUSTRIAL AND COMMERCIAL BANK OF C,extranjero,informacion_estructura,MENDOZA,Habilitadas,5.0,2026-04-19
00015,INDUSTRIAL AND COMMERCIAL BANK OF C,extranjero,informacion_estructura,MISIONES,Habilitadas,1.0,2026-04-19
00015,INDUSTRIAL AND COMMERCIAL BANK OF C,extranjero,informacion_estructura,NEUQUÉN,Habilitadas,2.0,2026-04-19
00015,INDUSTRIAL AND COMMERCIAL BANK OF C,extranjero,informacion_estructura,SALTA,Habilitadas,1.0,2026-04-19
00015,INDUSTRIAL AND COMMERCIAL BANK OF C,extranjero,informacion_estructura,SAN JUAN,Habilitadas,1.0,2026-04-19
00015,INDUSTRIAL AND COMMERCIAL BANK OF C,extranjero,informacion_estructura,SAN LUIS,Habilitadas,1.0,2026-04-19
00015,INDUSTRIAL AND COMMERCIAL BANK OF C,extranjero,informacion_estructura,SANTA CRUZ,Habilitadas,3.0,2026-04-19
00015,INDUSTRIAL AND COMMERCIAL BANK OF C,extranjero,informacion_estructura,SANTA FE,Habilitadas,9.0,2026-04-19
00015,INDUSTRIAL AND COMMERCIAL BANK OF C,extranjero,informacion_estructura,SANTIAGO DEL ESTERO,Habilitadas,1.0,2026-04-19
00015,INDUSTRIAL AND COMMERCIAL BANK OF C,extranjero,informacion_estructura,TUCUMÁN,Habilitadas,2.0,2026-04-19
00015,INDUSTRIAL AND COMMERCIAL BANK OF C,extranjero,informacion_estructura,CABA,Habilitadas,,2026-04-19
00015,INDUSTRIAL AND COMMERCIAL BANK OF C,extranjero,informacion_estructura,BUENOS AIRES,Habilitadas,,2026-04-19
00015,INDUSTRIAL AND COMMERCIAL BANK OF C,extranjero,informacion_estructura,CÓRDOBA,Habilitadas,,2026-04-19
00015,INDUSTRIAL AND COMMERCIAL BANK OF C,extranjero,informacion_estructura,CORRIENTES,Habilitadas,,2026-04-19
00015,INDUSTRIAL AND COMMERCIAL BANK OF C,extranjero,informacion_estructura,CHACO,Habilitadas,,2026-04-19
00015,INDUSTRIAL AND COMMERCIAL BANK OF C,extranjero,informacion_estructura,CHUBUT,Habilitadas,,2026-04-19
00015,INDUSTRIAL AND COMMERCIAL BANK OF C,extranjero,informacion_estructura,ENTRE RÍOS,Habilitadas,,2026-04-19
00015,INDUSTRIAL AND COMMERCIAL BANK OF C,extranjero,informacion_estructura,JUJUY,Habilitadas,,2026-04-19
00015,INDUSTRIAL AND COMMERCIAL BANK OF C,extranjero,informacion_estructura,LA PAMPA,Habilitadas,,2026-04-19
00015,INDUSTRIAL AND COMMERCIAL BANK OF C,extranjero,informacion_estructura,MENDOZA,Habilitadas,,2026-04-19
00015,INDUSTRIAL AND COMMERCIAL BANK OF C,extranjero,informacion_estructura,MISIONES,Habilitadas,,2026-04-19
00015,INDUSTRIAL AND COMMERCIAL BANK OF C,extranjero,informacion_estructura,NEUQUÉN,Habilitadas,,2026-04-19
00015,INDUSTRIAL AND COMMERCIAL BANK OF C,extranjero,informacion_estructura,SALTA,Habilitadas,,2026-04-19
00015,INDUSTRIAL AND COMMERCIAL BANK OF C,extranjero,informacion_estructura,SAN JUAN,Habilitadas,,2026-04-19
00015,INDUSTRIAL AND COMMERCIAL BANK OF C,extranjero,informacion_estructura,SAN LUIS,Habilitadas,,2026-04-19
00015,INDUSTRIAL AND COMMERCIAL BANK OF C,extranjero,informacion_estructura,SANTA CRUZ,Habilitadas,,2026-04-19
00015,INDUSTRIAL AND COMMERCIAL BANK OF C,extranjero,informacion_estructura,SANTA FE,Habilitadas,,2026-04-19
00015,INDUSTRIAL AND COMMERCIAL BANK OF C,extranjero,informacion_estructura,SANTIAGO DEL ESTERO,Habilitadas,,2026-04-19
00015,INDUSTRIAL AND COMMERCIAL BANK OF C,extranjero,informacion_estructura,TUCUMÁN,Habilitadas,,2026-04-19
00015,INDUSTRIAL AND COMMERCIAL BANK OF C,extranjero,informacion_estructura,CABA,Habilitadas,,2026-04-19
00015,INDUSTRIAL AND COMMERCIAL BANK OF C,extranjero,informacion_estructura,BUENOS AIRES,Habilitadas,,2026-04-19
00015,INDUSTRIAL AND COMMERCIAL BANK OF C,extranjero,informacion_estructura,CÓRDOBA,Habilitadas,,2026-04-19
00015,INDUSTRIAL AND COMMERCIAL BANK OF C,extranjero,informacion_estructura,CORRIENTES,Habilitadas,,2026-04-19
00015,INDUSTRIAL AND COMMERCIAL BANK OF C,extranjero,informacion_estructura,CHACO,Habilitadas,,2026-04-19
00015,INDUSTRIAL AND COMMERCIAL BANK OF C,extranjero,informacion_estructura,CHUBUT,Habilitadas,,2026-04-19
00015,INDUSTRIAL AND COMMERCIAL BANK OF C,extranjero,informacion_estructura,ENTRE RÍOS,Habilitadas,,2026-04-19
00015,INDUSTRIAL AND COMMERCIAL BANK OF C,extranjero,informacion_estructura,JUJUY,Habilitadas,,2026-04-19
00015,INDUSTRIAL AND COMMERCIAL BANK OF C,extranjero,informacion_estructura,LA PAMPA,Habilitadas,,2026-04-19
00015,INDUSTRIAL AND COMMERCIAL BANK OF C,extranjero,informacion_estructura,MENDOZA,Habilitadas,,2026-04-19
00015,INDUSTRIAL AND COMMERCIAL BANK OF C,extranjero,informacion_estructura,MISIONES,Habilitadas,,2026-04-19
00015,INDUSTRIAL AND COMMERCIAL BANK OF C,extranjero,informacion_estructura,NEUQUÉN,Habilitadas,,2026-04-19
00015,INDUSTRIAL AND COMMERCIAL BANK OF C,extranjero,informacion_estructura,SALTA,Habilitadas,,2026-04-19
00015,INDUSTRIAL AND COMMERCIAL BANK OF C,extranjero,informacion_estructura,SAN JUAN,Habilitadas,,2026-04-19
00015,INDUSTRIAL AND COMMERCIAL BANK OF C,extranjero,informacion_estructura,SAN LUIS,Habilitadas,,2026-04-19
00015,INDUSTRIAL AND COMMERCIAL BANK OF C,extranjero,informacion_estructura,SANTA CRUZ,Habilitadas,,2026-04-19
00015,INDUSTRIAL AND COMMERCIAL BANK OF C,extranjero,informacion_estructura,SANTA FE,Habilitadas,,2026-04-19
00015,INDUSTRIAL AND COMMERCIAL BANK OF C,extranjero,informacion_estructura,SANTIAGO DEL ESTERO,Habilitadas,,2026-04-19
00015,INDUSTRIAL AND COMMERCIAL BANK OF C,extranjero,informacion_estructura,TUCUMÁN,Habilitadas,,2026-04-19
00015,INDUSTRIAL AND COMMERCIAL BANK OF C,extranjero,informacion_estructura,CABA,Habilitadas,188.0,2026-04-19
00015,INDUSTRIAL AND COMMERCIAL BANK OF C,extranjero,informacion_estructura,BUENOS AIRES,Habilitadas,216.0,2026-04-19
00015,INDUSTRIAL AND COMMERCIAL BANK OF C,extranjero,informacion_estructura,CÓRDOBA,Habilitadas,26.0,2026-04-19
00015,INDUSTRIAL AND COMMERCIAL BANK OF C,extranjero,informacion_estructura,CORRIENTES,Habilitadas,5.0,2026-04-19
00015,INDUSTRIAL AND COMMERCIAL BANK OF C,extranjero,informacion_estructura,CHACO,Habilitadas,5.0,2026-04-19
00015,INDUSTRIAL AND COMMERCIAL BANK OF C,extranjero,informacion_estructura,CHUBUT,Habilitadas,6.0,2026-04-19
00015,INDUSTRIAL AND COMMERCIAL BANK OF C,extranjero,informacion_estructura,ENTRE RÍOS,Habilitadas,7.0,2026-04-19
00015,INDUSTRIAL AND COMMERCIAL BANK OF C,extranjero,informacion_estructura,JUJUY,Habilitadas,4.0,2026-04-19
00015,INDUSTRIAL AND COMMERCIAL BANK OF C,extranjero,informacion_estructura,LA PAMPA,Habilitadas,3.0,2026-04-19
00015,INDUSTRIAL AND COMMERCIAL BANK OF C,extranjero,informacion_estructura,MENDOZA,Habilitadas,22.0,2026-04-19
00015,INDUSTRIAL AND COMMERCIAL BANK OF C,extranjero,informacion_estructura,MISIONES,Habilitadas,5.0,2026-04-19
00015,INDUSTRIAL AND COMMERCIAL BANK OF C,extranjero,informacion_estructura,NEUQUÉN,Habilitadas,9.0,2026-04-19
00015,INDUSTRIAL AND COMMERCIAL BANK OF C,extranjero,informacion_estructura,SALTA,Habilitadas,6.0,2026-04-19
00015,INDUSTRIAL AND COMMERCIAL BANK OF C,extranjero,informacion_estructura,SAN JUAN,Habilitadas,4.0,2026-04-19
00015,INDUSTRIAL AND COMMERCIAL BANK OF C,extranjero,informacion_estructura,SAN LUIS,Habilitadas,3.0,2026-04-19
00015,INDUSTRIAL AND COMMERCIAL BANK OF C,extranjero,informacion_estructura,SANTA CRUZ,Habilitadas,5.0,2026-04-19
00015,INDUSTRIAL AND COMMERCIAL BANK OF C,extranjero,informacion_estructura,SANTA FE,Habilitadas,41.0,2026-04-19
00015,INDUSTRIAL AND COMMERCIAL BANK OF C,extranjero,informacion_estructura,SANTIAGO DEL ESTERO,Habilitadas,5.0,2026-04-19
00015,INDUSTRIAL AND COMMERCIAL BANK OF C,extranjero,informacion_estructura,TUCUMÁN,Habilitadas,12.0,2026-04-19
00015,INDUSTRIAL AND COMMERCIAL BANK OF C,extranjero,informacion_estructura,CABA,Habilitadas,78.0,2026-04-19
00015,INDUSTRIAL AND COMMERCIAL BANK OF C,extranjero,informacion_estructura,BUENOS AIRES,Habilitadas,80.0,2026-04-19
00015,INDUSTRIAL AND COMMERCIAL BANK OF C,extranjero,informacion_estructura,CÓRDOBA,Habilitadas,9.0,2026-04-19
00015,INDUSTRIAL AND COMMERCIAL BANK OF C,extranjero,informacion_estructura,CORRIENTES,Habilitadas,1.0,2026-04-19
00015,INDUSTRIAL AND COMMERCIAL BANK OF C,extranjero,informacion_estructura,CHACO,Habilitadas,1.0,2026-04-19
00015,INDUSTRIAL AND COMMERCIAL BANK OF C,extranjero,informacion_estructura,CHUBUT,Habilitadas,1.0,2026-04-19
00015,INDUSTRIAL AND COMMERCIAL BANK OF C,extranjero,informacion_estructura,ENTRE RÍOS,Habilitadas,3.0,2026-04-19
00015,INDUSTRIAL AND COMMERCIAL BANK OF C,extranjero,informacion_estructura,JUJUY,Habilitadas,1.0,2026-04-19
00015,INDUSTRIAL AND COMMERCIAL BANK OF C,extranjero,informacion_estructura,LA PAMPA,Habilitadas,2.0,2026-04-19
00015,INDUSTRIAL AND COMMERCIAL BANK OF C,extranjero,informacion_estructura,MENDOZA,Habilitadas,8.0,2026-04-19
00015,INDUSTRIAL AND COMMERCIAL BANK OF C,extranjero,informacion_estructura,MISIONES,Habilitadas,2.0,2026-04-19
00015,INDUSTRIAL AND COMMERCIAL BANK OF C,extranjero,informacion_estructura,NEUQUÉN,Habilitadas,4.0,2026-04-19
00015,INDUSTRIAL AND COMMERCIAL BANK OF C,extranjero,informacion_estructura,SALTA,Habilitadas,1.0,2026-04-19
00015,INDUSTRIAL AND COMMERCIAL BANK OF C,extranjero,informacion_estructura,SAN JUAN,Habilitadas,2.0,2026-04-19
00015,INDUSTRIAL AND COMMERCIAL BANK OF C,extranjero,informacion_estructura,SAN LUIS,Habilitadas,1.0,2026-04-19
00015,INDUSTRIAL AND COMMERCIAL BANK OF C,extranjero,informacion_estructura,SANTA CRUZ,Habilitadas,2.0,2026-04-19
00015,INDUSTRIAL AND COMMERCIAL BANK OF C,extranjero,informacion_estructura,SANTA FE,Habilitadas,15.0,2026-04-19
00015,INDUSTRIAL AND COMMERCIAL BANK OF C,extranjero,informacion_estructura,SANTIAGO DEL ESTERO,Habilitadas,1.0,2026-04-19
00015,INDUSTRIAL AND COMMERCIAL BANK OF C,extranjero,informacion_estructura,TUCUMÁN,Habilitadas,3.0,2026-04-19
00015,INDUSTRIAL AND COMMERCIAL BANK OF C,extranjero,informacion_estructura,CABA,Habilitadas,4.0,2026-04-19
00015,INDUSTRIAL AND COMMERCIAL BANK OF C,extranjero,informacion_estructura,BUENOS AIRES,Habilitadas,4.0,2026-04-19
00015,INDUSTRIAL AND COMMERCIAL BANK OF C,extranjero,informacion_estructura,CÓRDOBA,Habilitadas,,2026-04-19
00015,INDUSTRIAL AND COMMERCIAL BANK OF C,extranjero,informacion_estructura,CORRIENTES,Habilitadas,,2026-04-19
00015,INDUSTRIAL AND COMMERCIAL BANK OF C,extranjero,informacion_estructura,CHACO,Habilitadas,,2026-04-19
00015,INDUSTRIAL AND COMMERCIAL BANK OF C,extranjero,informacion_estructura,CHUBUT,Habilitadas,,2026-04-19
00015,INDUSTRIAL AND COMMERCIAL BANK OF C,extranjero,informacion_estructura,ENTRE RÍOS,Habilitadas,,2026-04-19
00015,INDUSTRIAL AND COMMERCIAL BANK OF C,extranjero,informacion_estructura,JUJUY,Habilitadas,,2026-04-19
00015,INDUSTRIAL AND COMMERCIAL BANK OF C,extranjero,informacion_estructura,LA PAMPA,Habilitadas,,2026-04-19
00015,INDUSTRIAL AND COMMERCIAL BANK OF C,extranjero,informacion_estructura,MENDOZA,Habilitadas,,2026-04-19
00015,INDUSTRIAL AND COMMERCIAL BANK OF C,extranjero,informacion_estructura,MISIONES,Habilitadas,,2026-04-19
00015,INDUSTRIAL AND COMMERCIAL BANK OF C,extranjero,informacion_estructura,NEUQUÉN,Habilitadas,,2026-04-19
00015,INDUSTRIAL AND COMMERCIAL BANK OF C,extranjero,informacion_estructura,SALTA,Habilitadas,,2026-04-19
00015,INDUSTRIAL AND COMMERCIAL BANK OF C,extranjero,informacion_estructura,SAN JUAN,Habilitadas,,2026-04-19
00015,INDUSTRIAL AND COMMERCIAL BANK OF C,extranjero,informacion_estructura,SAN LUIS,Habilitadas,,2026-04-19
00015,INDUSTRIAL AND COMMERCIAL BANK OF C,extranjero,informacion_estructura,SANTA CRUZ,Habilitadas,,2026-04-19
00015,INDUSTRIAL AND COMMERCIAL BANK OF C,extranjero,informacion_estructura,SANTA FE,Habilitadas,,2026-04-19
00015,INDUSTRIAL AND COMMERCIAL BANK OF C,extranjero,informacion_estructura,SANTIAGO DEL ESTERO,Habilitadas,,2026-04-19
00015,INDUSTRIAL AND COMMERCIAL BANK OF C,extranjero,informacion_estructura,TUCUMÁN,Habilitadas,,2026-04-19
00015,INDUSTRIAL AND COMMERCIAL BANK OF C,extranjero,informacion_estructura,CABA,Habilitadas,5.0,2026-04-19
00015,INDUSTRIAL AND COMMERCIAL BANK OF C,extranjero,informacion_estructura,BUENOS AIRES,Habilitadas,12.0,2026-04-19
00015,INDUSTRIAL AND COMMERCIAL BANK OF C,extranjero,informacion_estructura,CÓRDOBA,Habilitadas,,2026-04-19
00015,INDUSTRIAL AND COMMERCIAL BANK OF C,extranjero,informacion_estructura,CORRIENTES,Habilitadas,,2026-04-19
00015,INDUSTRIAL AND COMMERCIAL BANK OF C,extranjero,informacion_estructura,CHACO,Habilitadas,,2026-04-19
00015,INDUSTRIAL AND COMMERCIAL BANK OF C,extranjero,informacion_estructura,CHUBUT,Habilitadas,,2026-04-19
00015,INDUSTRIAL AND COMMERCIAL BANK OF C,extranjero,informacion_estructura,ENTRE RÍOS,Habilitadas,,2026-04-19
00015,INDUSTRIAL AND COMMERCIAL BANK OF C,extranjero,informacion_estructura,JUJUY,Habilitadas,1.0,2026-04-19
00015,INDUSTRIAL AND COMMERCIAL BANK OF C,extranjero,informacion_estructura,LA PAMPA,Habilitadas,,2026-04-19
00015,INDUSTRIAL AND COMMERCIAL BANK OF C,extranjero,informacion_estructura,MENDOZA,Habilitadas,,2026-04-19
00015,INDUSTRIAL AND COMMERCIAL BANK OF C,extranjero,informacion_estructura,MISIONES,Habilitadas,,2026-04-19
00015,INDUSTRIAL AND COMMERCIAL BANK OF C,extranjero,informacion_estructura,NEUQUÉN,Habilitadas,,2026-04-19
00015,INDUSTRIAL AND COMMERCIAL BANK OF C,extranjero,informacion_estructura,SALTA,Habilitadas,,2026-04-19
00015,INDUSTRIAL AND COMMERCIAL BANK OF C,extranjero,informacion_estructura,SAN JUAN,Habilitadas,,2026-04-19
00015,INDUSTRIAL AND COMMERCIAL BANK OF C,extranjero,informacion_estructura,SAN LUIS,Habilitadas,,2026-04-19
00015,INDUSTRIAL AND COMMERCIAL BANK OF C,extranjero,informacion_estructura,SANTA CRUZ,Habilitadas,,2026-04-19
00015,INDUSTRIAL AND COMMERCIAL BANK OF C,extranjero,informacion_estructura,SANTA FE,Habilitadas,,2026-04-19
00015,INDUSTRIAL AND COMMERCIAL BANK OF C,extranjero,informacion_estructura,SANTIAGO DEL ESTERO,Habilitadas,,2026-04-19
00015,INDUSTRIAL AND COMMERCIAL BANK OF C,extranjero,informacion_estructura,TUCUMÁN,Habilitadas,1.0,2026-04-19
00015,INDUSTRIAL AND COMMERCIAL BANK OF C,extranjero,informacion_estructura,CABA,Pendientes de habilitación,,2026-04-19
00015,INDUSTRIAL AND COMMERCIAL BANK OF C,extranjero,informacion_estructura,BUENOS AIRES,Pendientes de habilitación,,2026-04-19
00015,INDUSTRIAL AND COMMERCIAL BANK OF C,extranjero,informacion_estructura,CÓRDOBA,Pendientes de habilitación,,2026-04-19
00015,INDUSTRIAL AND COMMERCIAL BANK OF C,extranjero,informacion_estructura,CORRIENTES,Pendientes de habilitación,,2026-04-19
00015,INDUSTRIAL AND COMMERCIAL BANK OF C,extranjero,informacion_estructura,CHACO,Pendientes de habilitación,,2026-04-19
00015,INDUSTRIAL AND COMMERCIAL BANK OF C,extranjero,informacion_estructura,CHUBUT,Pendientes de habilitación,,2026-04-19
00015,INDUSTRIAL AND COMMERCIAL BANK OF C,extranjero,informacion_estructura,ENTRE RÍOS,Pendientes de habilitación,,2026-04-19
00015,INDUSTRIAL AND COMMERCIAL BANK OF C,extranjero,informacion_estructura,JUJUY,Pendientes de habilitación,,2026-04-19
00015,INDUSTRIAL AND COMMERCIAL BANK OF C,extranjero,informacion_estructura,LA PAMPA,Pendientes de habilitación,,2026-04-19
00015,INDUSTRIAL AND COMMERCIAL BANK OF C,extranjero,informacion_estructura,MENDOZA,Pendientes de habilitación,,2026-04-19
00015,INDUSTRIAL AND COMMERCIAL BANK OF C,extranjero,informacion_estructura,MISIONES,Pendientes de habilitación,,2026-04-19
00015,INDUSTRIAL AND COMMERCIAL BANK OF C,extranjero,informacion_estructura,NEUQUÉN,Pendientes de habilitación,,2026-04-19
00015,INDUSTRIAL AND COMMERCIAL BANK OF C,extranjero,informacion_estructura,SALTA,Pendientes de habilitación,,2026-04-19
00015,INDUSTRIAL AND COMMERCIAL BANK OF C,extranjero,informacion_estructura,SAN JUAN,Pendientes de habilitación,,2026-04-19
00015,INDUSTRIAL AND COMMERCIAL BANK OF C,extranjero,informacion_estructura,SAN LUIS,Pendientes de habilitación,,2026-04-19
00015,INDUSTRIAL AND COMMERCIAL BANK OF C,extranjero,informacion_estructura,SANTA CRUZ,Pendientes de habilitación,,2026-04-19
00015,INDUSTRIAL AND COMMERCIAL BANK OF C,extranjero,informacion_estructura,SANTA FE,Pendientes de habilitación,,2026-04-19
00015,INDUSTRIAL AND COMMERCIAL BANK OF C,extranjero,informacion_estructura,SANTIAGO DEL ESTERO,Pendientes de habilitación,,2026-04-19
00015,INDUSTRIAL AND COMMERCIAL BANK OF C,extranjero,informacion_estructura,TUCUMÁN,Pendientes de habilitación,,2026-04-19
00015,INDUSTRIAL AND COMMERCIAL BANK OF C,extranjero,informacion_estructura,CABA,Total,41.0,2026-04-19
00015,INDUSTRIAL AND COMMERCIAL BANK OF C,extranjero,informacion_estructura,BUENOS AIRES,Total,43.0,2026-04-19
00015,INDUSTRIAL AND COMMERCIAL BANK OF C,extranjero,informacion_estructura,CÓRDOBA,Total,7.0,2026-04-19
00015,INDUSTRIAL AND COMMERCIAL BANK OF C,extranjero,informacion_estructura,CORRIENTES,Total,1.0,2026-04-19
00015,INDUSTRIAL AND COMMERCIAL BANK OF C,extranjero,informacion_estructura,CHACO,Total,1.0,2026-04-19
00015,INDUSTRIAL AND COMMERCIAL BANK OF C,extranjero,informacion_estructura,CHUBUT,Total,1.0,2026-04-19
00015,INDUSTRIAL AND COMMERCIAL BANK OF C,extranjero,informacion_estructura,ENTRE RÍOS,Total,2.0,2026-04-19
00015,INDUSTRIAL AND COMMERCIAL BANK OF C,extranjero,informacion_estructura,JUJUY,Total,1.0,2026-04-19
00015,INDUSTRIAL AND COMMERCIAL BANK OF C,extranjero,informacion_estructura,LA PAMPA,Total,1.0,2026-04-19
00015,INDUSTRIAL AND COMMERCIAL BANK OF C,extranjero,informacion_estructura,MENDOZA,Total,5.0,2026-04-19
00015,INDUSTRIAL AND COMMERCIAL BANK OF C,extranjero,informacion_estructura,MISIONES,Total,1.0,2026-04-19
00015,INDUSTRIAL AND COMMERCIAL BANK OF C,extranjero,informacion_estructura,NEUQUÉN,Total,2.0,2026-04-19
00015,INDUSTRIAL AND COMMERCIAL BANK OF C,extranjero,informacion_estructura,SALTA,Total,1.0,2026-04-19
00015,INDUSTRIAL AND COMMERCIAL BANK OF C,extranjero,informacion_estructura,SAN JUAN,Total,1.0,2026-04-19
00015,INDUSTRIAL AND COMMERCIAL BANK OF C,extranjero,informacion_estructura,SAN LUIS,Total,1.0,2026-04-19
00015,INDUSTRIAL AND COMMERCIAL BANK OF C,extranjero,informacion_estructura,SANTA CRUZ,Total,3.0,2026-04-19
00015,INDUSTRIAL AND COMMERCIAL BANK OF C,extranjero,informacion_estructura,SANTA FE,Total,9.0,2026-04-19
00015,INDUSTRIAL AND COMMERCIAL BANK OF C,extranjero,informacion_estructura,SANTIAGO DEL ESTERO,Total,1.0,2026-04-19
00015,INDUSTRIAL AND COMMERCIAL BANK OF C,extranjero,informacion_estructura,TUCUMÁN,Total,2.0,2026-04-19
00165,"JPMORGAN CHASE BANK, NATIONAL ASSOC",extranjero,informacion_estructura,Cantidad de cuentas corrientes,Dic-2023,38.0,2026-04-19
00165,"JPMORGAN CHASE BANK, NATIONAL ASSOC",extranjero,informacion_estructura,Cantidad de cuentas de ahorro,Dic-2023,68.0,2026-04-19
00165,"JPMORGAN CHASE BANK, NATIONAL ASSOC",extranjero,informacion_estructura,Cantidad de operaciones a plazo fijo Empresas,Dic-2023,,2026-04-19
00165,"JPMORGAN CHASE BANK, NATIONAL ASSOC",extranjero,informacion_estructura,Cantidad de operaciones por otros préstamos,Dic-2023,,2026-04-19
00165,"JPMORGAN CHASE BANK, NATIONAL ASSOC",extranjero,informacion_estructura,Dotación de personal,Dic-2023,172.0,2026-04-19
00165,"JPMORGAN CHASE BANK, NATIONAL ASSOC",extranjero,informacion_estructura,Cantidad de cuentas corrientes,Dic-2024,38.0,2026-04-19
00165,"JPMORGAN CHASE BANK, NATIONAL ASSOC",extranjero,informacion_estructura,Cantidad de cuentas de ahorro,Dic-2024,71.0,2026-04-19
00165,"JPMORGAN CHASE BANK, NATIONAL ASSOC",extranjero,informacion_estructura,Cantidad de operaciones a plazo fijo Empresas,Dic-2024,,2026-04-19
00165,"JPMORGAN CHASE BANK, NATIONAL ASSOC",extranjero,informacion_estructura,Cantidad de operaciones por otros préstamos,Dic-2024,4.0,2026-04-19
00165,"JPMORGAN CHASE BANK, NATIONAL ASSOC",extranjero,informacion_estructura,Dotación de personal,Dic-2024,173.0,2026-04-19
00165,"JPMORGAN CHASE BANK, NATIONAL ASSOC",extranjero,informacion_estructura,Cantidad de cuentas corrientes,Jun-2025,35.0,2026-04-19
00165,"JPMORGAN CHASE BANK, NATIONAL ASSOC",extranjero,informacion_estructura,Cantidad de cuentas de ahorro,Jun-2025,83.0,2026-04-19
00165,"JPMORGAN CHASE BANK, NATIONAL ASSOC",extranjero,informacion_estructura,Cantidad de operaciones a plazo fijo Empresas,Jun-2025,3.0,2026-04-19
00165,"JPMORGAN CHASE BANK, NATIONAL ASSOC",extranjero,informacion_estructura,Cantidad de operaciones por otros préstamos,Jun-2025,8.0,2026-04-19
00165,"JPMORGAN CHASE BANK, NATIONAL ASSOC",extranjero,informacion_estructura,Dotación de personal,Jun-2025,160.0,2026-04-19
00165,"JPMORGAN CHASE BANK, NATIONAL ASSOC",extranjero,informacion_estructura,Cantidad de cuentas corrientes,Set-2025,34.0,2026-04-19
00165,"JPMORGAN CHASE BANK, NATIONAL ASSOC",extranjero,informacion_estructura,Cantidad de cuentas de ahorro,Set-2025,82.0,2026-04-19
00165,"JPMORGAN CHASE BANK, NATIONAL ASSOC",extranjero,informacion_estructura,Cantidad de operaciones a plazo fijo Empresas,Set-2025,2.0,2026-04-19
00165,"JPMORGAN CHASE BANK, NATIONAL ASSOC",extranjero,informacion_estructura,Cantidad de operaciones por otros préstamos,Set-2025,5.0,2026-04-19
00165,"JPMORGAN CHASE BANK, NATIONAL ASSOC",extranjero,informacion_estructura,Dotación de personal,Set-2025,171.0,2026-04-19
00165,"JPMORGAN CHASE BANK, NATIONAL ASSOC",extranjero,informacion_estructura,Cantidad de cuentas corrientes,Dic-2025,35.0,2026-04-19
00165,"JPMORGAN CHASE BANK, NATIONAL ASSOC",extranjero,informacion_estructura,Cantidad de cuentas de ahorro,Dic-2025,85.0,2026-04-19
00165,"JPMORGAN CHASE BANK, NATIONAL ASSOC",extranjero,informacion_estructura,Cantidad de operaciones a plazo fijo Empresas,Dic-2025,,2026-04-19
00165,"JPMORGAN CHASE BANK, NATIONAL ASSOC",extranjero,informacion_estructura,Cantidad de operaciones por otros préstamos,Dic-2025,3.0,2026-04-19
00165,"JPMORGAN CHASE BANK, NATIONAL ASSOC",extranjero,informacion_estructura,Dotación de personal,Dic-2025,175.0,2026-04-19
00165,"JPMORGAN CHASE BANK, NATIONAL ASSOC",extranjero,informacion_estructura,CABA,Habilitadas,1.0,2026-04-19
00165,"JPMORGAN CHASE BANK, NATIONAL ASSOC",extranjero,informacion_estructura,CABA,Habilitadas,,2026-04-19
00165,"JPMORGAN CHASE BANK, NATIONAL ASSOC",extranjero,informacion_estructura,CABA,Habilitadas,,2026-04-19
00165,"JPMORGAN CHASE BANK, NATIONAL ASSOC",extranjero,informacion_estructura,CABA,Habilitadas,,2026-04-19
00165,"JPMORGAN CHASE BANK, NATIONAL ASSOC",extranjero,informacion_estructura,CABA,Habilitadas,,2026-04-19
00165,"JPMORGAN CHASE BANK, NATIONAL ASSOC",extranjero,informacion_estructura,CABA,Habilitadas,,2026-04-19
00165,"JPMORGAN CHASE BANK, NATIONAL ASSOC",extranjero,informacion_estructura,CABA,Habilitadas,,2026-04-19
00165,"JPMORGAN CHASE BANK, NATIONAL ASSOC",extranjero,informacion_estructura,CABA,Pendientes de habilitación,,2026-04-19
00165,"JPMORGAN CHASE BANK, NATIONAL ASSOC",extranjero,informacion_estructura,CABA,Total,1.0,2026-04-19
00384,UALA BANK S.A.U.,privado_nacional,informacion_estructura,Cantidad de cuentas de ahorro,Dic-2023,811042.0,2026-04-19
00384,UALA BANK S.A.U.,privado_nacional,informacion_estructura,Cantidad de operaciones a plazo fijo Individuos,Dic-2023,691.0,2026-04-19
00384,UALA BANK S.A.U.,privado_nacional,informacion_estructura,Cantidad de operaciones a plazo fijo Empresas,Dic-2023,,2026-04-19
00384,UALA BANK S.A.U.,privado_nacional,informacion_estructura,Cantidad de operaciones por otros préstamos,Dic-2023,3206.0,2026-04-19
00384,UALA BANK S.A.U.,privado_nacional,informacion_estructura,Dotación de personal,Dic-2023,60.0,2026-04-19
00384,UALA BANK S.A.U.,privado_nacional,informacion_estructura,Cantidad de titulares por tarjetas de crédito,Dic-2023,16017.0,2026-04-19
00384,UALA BANK S.A.U.,privado_nacional,informacion_estructura,Cantidad de tarjetas de crédito (plásticos),Dic-2023,16017.0,2026-04-19
00384,UALA BANK S.A.U.,privado_nacional,informacion_estructura,Cantidad de tarjetas de débito,Dic-2023,74720.0,2026-04-19
00384,UALA BANK S.A.U.,privado_nacional,informacion_estructura,Cantidad de cuentas de ahorro,Dic-2024,2046787.0,2026-04-19
00384,UALA BANK S.A.U.,privado_nacional,informacion_estructura,Cantidad de operaciones a plazo fijo Individuos,Dic-2024,63366.0,2026-04-19
00384,UALA BANK S.A.U.,privado_nacional,informacion_estructura,Cantidad de operaciones a plazo fijo Empresas,Dic-2024,11.0,2026-04-19
00384,UALA BANK S.A.U.,privado_nacional,informacion_estructura,Cantidad de operaciones por otros préstamos,Dic-2024,402699.0,2026-04-19
00384,UALA BANK S.A.U.,privado_nacional,informacion_estructura,Dotación de personal,Dic-2024,67.0,2026-04-19
00384,UALA BANK S.A.U.,privado_nacional,informacion_estructura,Cantidad de titulares por tarjetas de crédito,Dic-2024,118561.0,2026-04-19
00384,UALA BANK S.A.U.,privado_nacional,informacion_estructura,Cantidad de tarjetas de crédito (plásticos),Dic-2024,118561.0,2026-04-19
00384,UALA BANK S.A.U.,privado_nacional,informacion_estructura,Cantidad de tarjetas de débito,Dic-2024,,2026-04-19
00384,UALA BANK S.A.U.,privado_nacional,informacion_estructura,Cantidad de cuentas de ahorro,Jun-2025,3890606.0,2026-04-19
00384,UALA BANK S.A.U.,privado_nacional,informacion_estructura,Cantidad de operaciones a plazo fijo Individuos,Jun-2025,129830.0,2026-04-19
00384,UALA BANK S.A.U.,privado_nacional,informacion_estructura,Cantidad de operaciones a plazo fijo Empresas,Jun-2025,28.0,2026-04-19
00384,UALA BANK S.A.U.,privado_nacional,informacion_estructura,Cantidad de operaciones por otros préstamos,Jun-2025,680223.0,2026-04-19
00384,UALA BANK S.A.U.,privado_nacional,informacion_estructura,Dotación de personal,Jun-2025,103.0,2026-04-19
00384,UALA BANK S.A.U.,privado_nacional,informacion_estructura,Cantidad de titulares por tarjetas de crédito,Jun-2025,187282.0,2026-04-19
00384,UALA BANK S.A.U.,privado_nacional,informacion_estructura,Cantidad de tarjetas de crédito (plásticos),Jun-2025,187282.0,2026-04-19
00384,UALA BANK S.A.U.,privado_nacional,informacion_estructura,Cantidad de tarjetas de débito,Jun-2025,,2026-04-19
00384,UALA BANK S.A.U.,privado_nacional,informacion_estructura,Cantidad de cuentas de ahorro,Set-2025,4329705.0,2026-04-19
00384,UALA BANK S.A.U.,privado_nacional,informacion_estructura,Cantidad de operaciones a plazo fijo Individuos,Set-2025,164211.0,2026-04-19
00384,UALA BANK S.A.U.,privado_nacional,informacion_estructura,Cantidad de operaciones a plazo fijo Empresas,Set-2025,31.0,2026-04-19
00384,UALA BANK S.A.U.,privado_nacional,informacion_estructura,Cantidad de operaciones por otros préstamos,Set-2025,687606.0,2026-04-19
00384,UALA BANK S.A.U.,privado_nacional,informacion_estructura,Dotación de personal,Set-2025,126.0,2026-04-19
00384,UALA BANK S.A.U.,privado_nacional,informacion_estructura,Cantidad de titulares por tarjetas de crédito,Set-2025,200432.0,2026-04-19
00384,UALA BANK S.A.U.,privado_nacional,informacion_estructura,Cantidad de tarjetas de crédito (plásticos),Set-2025,200432.0,2026-04-19
00384,UALA BANK S.A.U.,privado_nacional,informacion_estructura,Cantidad de tarjetas de débito,Set-2025,,2026-04-19
00384,UALA BANK S.A.U.,privado_nacional,informacion_estructura,Cantidad de cuentas de ahorro,Dic-2025,4665968.0,2026-04-19
00384,UALA BANK S.A.U.,privado_nacional,informacion_estructura,Cantidad de operaciones a plazo fijo Individuos,Dic-2025,120390.0,2026-04-19
00384,UALA BANK S.A.U.,privado_nacional,informacion_estructura,Cantidad de operaciones a plazo fijo Empresas,Dic-2025,18.0,2026-04-19
00384,UALA BANK S.A.U.,privado_nacional,informacion_estructura,Cantidad de operaciones por otros préstamos,Dic-2025,628378.0,2026-04-19
00384,UALA BANK S.A.U.,privado_nacional,informacion_estructura,Dotación de personal,Dic-2025,130.0,2026-04-19
00384,UALA BANK S.A.U.,privado_nacional,informacion_estructura,Cantidad de titulares por tarjetas de crédito,Dic-2025,200017.0,2026-04-19
00384,UALA BANK S.A.U.,privado_nacional,informacion_estructura,Cantidad de tarjetas de crédito (plásticos),Dic-2025,200017.0,2026-04-19
00384,UALA BANK S.A.U.,privado_nacional,informacion_estructura,Cantidad de tarjetas de débito,Dic-2025,,2026-04-19
00384,UALA BANK S.A.U.,privado_nacional,informacion_estructura,Cantidad de Cuentas,Dic-2023,,2026-04-19
00384,UALA BANK S.A.U.,privado_nacional,informacion_estructura,Cantidad de Empresas,Dic-2023,,2026-04-19
00384,UALA BANK S.A.U.,privado_nacional,informacion_estructura,Cantidad de Cuentas,Dic-2024,56.0,2026-04-19
00384,UALA BANK S.A.U.,privado_nacional,informacion_estructura,Cantidad de Empresas,Dic-2024,53.0,2026-04-19
00384,UALA BANK S.A.U.,privado_nacional,informacion_estructura,Cantidad de Cuentas,Nov-2025,179.0,2026-04-19
00384,UALA BANK S.A.U.,privado_nacional,informacion_estructura,Cantidad de Empresas,Nov-2025,167.0,2026-04-19
00384,UALA BANK S.A.U.,privado_nacional,informacion_estructura,Cantidad de Cuentas,Dic-2025,214.0,2026-04-19
00384,UALA BANK S.A.U.,privado_nacional,informacion_estructura,Cantidad de Empresas,Dic-2025,202.0,2026-04-19
00384,UALA BANK S.A.U.,privado_nacional,informacion_estructura,Cantidad de Cuentas,Ene-2026,176.0,2026-04-19
00384,UALA BANK S.A.U.,privado_nacional,informacion_estructura,Cantidad de Empresas,Ene-2026,168.0,2026-04-19
00384,UALA BANK S.A.U.,privado_nacional,informacion_estructura,CABA,Habilitadas,,2026-04-19
00384,UALA BANK S.A.U.,privado_nacional,informacion_estructura,CABA,Habilitadas,,2026-04-19
00384,UALA BANK S.A.U.,privado_nacional,informacion_estructura,CABA,Habilitadas,,2026-04-19
00384,UALA BANK S.A.U.,privado_nacional,informacion_estructura,CABA,Habilitadas,,2026-04-19
00384,UALA BANK S.A.U.,privado_nacional,informacion_estructura,CABA,Habilitadas,,2026-04-19
00384,UALA BANK S.A.U.,privado_nacional,informacion_estructura,CABA,Habilitadas,,2026-04-19
00384,UALA BANK S.A.U.,privado_nacional,informacion_estructura,CABA,Habilitadas,,2026-04-19
00384,UALA BANK S.A.U.,privado_nacional,informacion_estructura,CABA,Pendientes de habilitación,1.0,2026-04-19
00384,UALA BANK S.A.U.,privado_nacional,informacion_estructura,CABA,Total,1.0,2026-04-19
