codigo_entidad,nombre_banco,tipo_entidad,activo,ACTIVOS INTANGIBLES,ADELANTOS,AJUSTES NIIF,BIENES DIVERSOS,CAJA DE AHORROS,"CAPITAL, APORTES, RESERVAS Y ORI ACUMULADO",CARGO POR INCOBRABILIDAD,COBROS NO APLICADOS,CONTINGENTES ACREEDORAS,CONTINGENTES DEUDORAS,CREDITO POR ARRENDAMIENTO FINANCIERO,CRÉDITOS DIVERSOS,CRÉDITOS IRRECUPERABLES EN PARTIDAS FUERA DEL BALANCE,CRÉDITOS RECUPERADOS Y PREVISIONES DESAFECTADAS,CUENTAS CORRIENTES,DE ACTIVIDAD FIDUCIARIA DEUDORAS,DE CONTROL ACREEDORAS,DE CONTROL DEUDORAS,DE DERIVADOS ACREEDORAS,DE DERIVADOS DEUDORAS,depositos,DETERIORO DE VALOR,"DOC A SOLA FIRMA, DESCONT. Y COMPRADOS",efectivo,egr_fin,egr_serv,EN ENTIDADES FINANCIERAS,FILIALES EN EL EXTERIOR,gastos_adm,HIPOTECARIOS,IMPUESTO A LAS GANANCIAS,ing_fin,ing_serv,INTERESES DOCUMENTADOS,INTERESES Y DIF. COTIZ. DEVENG. A COBRAR,INTERESES Y DIF. COTIZ. DEVENG. A PAGAR,OBLIGACIONES DIVERSAS,OBLIGACIONES SUBORDINADAS,OTRAS,OTRAS OBLIG.POR INTERMED. FINANC.,OTRO RESULTADO INTEGRAL,OTROS,OTROS CRED.POR INTERM.FINAN.,OTROS EGRESOS FINANCIEROS,OTROS INGRESOS FINANCIEROS,pasivo,patrimonio,PART. EN OTRAS SOCIEDADES,PARTIDAS PEND. DE IMPUTACIÓN,PARTIDAS PENDIENTES DE IMPUTACIÓN,PERSONALES,PLAZO FIJO E INVERSIONES A PLAZO,POR INTERESES,PRENDARIOS,PREVISIONES,"PROPIEDAD, PLANTAS Y EQUIPO",PROVISIONES,prestamos,resultado,RESULTADO MONETARIO,RESULTADOS NO ASIGNADOS,SECTOR FINANCIERO,SECTOR PRIVADO NO FINANCIERO Y RESIDENTES EN EL EXT.,SECTOR PÚBLICO NO FINANCIERO,TÍTULOS PÚBLICOS Y PRIVADOS,C.CAC.Sit.1: En situación normal (%),C.CAC.Sit.2: Riesgo bajo (%),C.CAC.Sit.3: Riesgo medio (%),C.CAC.Sit.4: Riesgo alto (%),C.CAC.Sit.5: Irrecuperable (%),C.CAC.TOTAL GARANTIZADO - Garantías Preferidas A y B (%),C.COM.Sit.1: En situación normal (%),C.COM.Sit.2: Con seguimiento especial (%),C.COM.Sit.3: Con problemas (%),C.COM.Sit.4: Con alto riesgo de insolvencia (%),C.COM.Sit.5: Irrecuperable (%),C.COM.TOTAL GARANTIZADO - Garantías Preferidas A y B (%),C.CON.Sit.1: En situación normal (%),C.CON.Sit.2: Riesgo bajo (%),C.CON.Sit.3: Riesgo medio (%),C.CON.Sit.4: Riesgo alto (%),C.CON.Sit.5: Irrecuperable (%),C.CON.TOTAL GARANTIZADO - Garantías Preferidas A y B (%),CARTERA COMERCIAL ($),CARTERA COMERCIAL ASIMILABLE A CONSUMO ($),CARTERA DE CONSUMO O VIVIENDA ($),Previsiones por riesgo de incobrabilidad constituídas,TF.Sit.1: En situación normal (%),TF.Sit.2: Con seguimiento especial/Riesgo bajo (%),TF.Sit.3: Con problemas/Riesgo medio (%),TF.Sit.4: Con alto riesgo de insolvencia/Riesgo alto (%),TF.Sit.5: Irrecuperable (%),financiaciones_totales,TOTAL GARANTIZADO - Garantías Preferidas A y B (%),Total cartera sobre financiaciones (%),Cantidad de Cuentas,Cantidad de Empresas,Cantidad de cajas de ahorro de ayuda social,Cantidad de cuentas corrientes,Cantidad de cuentas de ahorro,Cantidad de cuentas previsionales,Cantidad de operaciones a plazo fijo Empresas,Cantidad de operaciones a plazo fijo Individuos,Cantidad de operaciones por otros préstamos,Cantidad de operaciones por préstamos hipotecarios,Cantidad de operaciones por préstamos prendarios,Cantidad de tarjetas de crédito (plásticos),Cantidad de tarjetas de débito,Cantidad de titulares por tarjetas de crédito,dotacion,hipoteca_uva,hipoteca_tea_max,hipoteca_monto_max,hipoteca_plazo_max,hipoteca_n_productos,ofrece_hipoteca,personal_tea_max,personal_monto_max,personal_plazo_max,personal_n_productos,ofrece_personal,prendario_tea_max,prendario_monto_max,prendario_n_productos,ofrece_prendario,pfijo_uva,pfijo_tea_min,pfijo_monto_min,pfijo_n_productos,ofrece_pfijo,paquete_tiene_premium,paquete_comision_min,paquete_comision_max,paquete_n_productos,ofrece_paquete,tarjeta_tea_financiacion,tarjeta_tea_adelanto,tarjeta_tiene_premium,tarjeta_comision_admin_min,tarjeta_n_productos,ofrece_tarjeta,caja_apertura_simplificada,n_productos_ofrecidos,corte,roa,roe,apalancamiento,depositos_sobre_activo,prestamos_sobre_activo,liquidez,eficiencia,cartera_irregular,activo_por_empleado
7,BANCO DE GALICIA Y BUENOS AIRES S.A,privado_nacional,8673081708.0,102859938.0,174121302.0,-75884006.0,12290816.0,3492318614.0,1371195708.0,-121657270.0,-952934.0,5999368130.0,1016638569.0,6316418.0,518451900.0,18230112.0,32318484.0,645401190.0,18384835.0,79012633.0,18525122840.0,653823595.0,3200604751.0,5544973263.0,,711797727.0,1923492910.0,-3112191382.0,-170848004.0,,,-525813743.0,37915833.0,-156000000.0,5016497371.0,360362782.0,-13447131.0,237170728.0,143292512.0,395981000.0,207787189.0,5692106.0,843473509.0,14084.0,922876498.0,1346898381.0,-440056532.0,995219658.0,7019112820.0,1653968888.0,5692106.0,2861077.0,1966154.0,182589596.0,1174951678.0,4021277713.0,45092352.0,-81613012.0,320753921.0,24931705.0,2167426307.0,282787264.0,-1225233705.0,282773180.0,27298507.0,2221279965.0,460847.0,2266037934.0,96.78,0.91,0.6,1.07,0.64,10.87,99.64,0.22,0.0,0.05,0.09,6.6,94.14,1.7,1.6,1.86,0.69,9.68,993461.97,686501.13,1134529.54,84225.25,96.73,0.99,0.79,1.03,0.46,2814492.63,8.88,35.3,1272258.0,217395.0,409692.0,456064.0,6423086.0,621674.0,11551.0,635210.0,4174488.0,4906.0,3284.0,4223804.0,5803983.0,2931929.0,5765.0,1,12.0,999999999.0,240.0,1.0,1,30.0,24800000.0,72.0,2.0,1,34.0,57000000.0,18.0,1,1,26.83,100.0,12.0,1,1,27000.0,70000.0,56.0,1,133.44,133.44,1,18500.0,12.0,1,1,6,Dic-2023,3.2605165444153337,17.097495971762196,5.243799790265462,63.933137605349074,24.990267357919375,34.68894832793714,25.112643416627268,2.2800000000000002,1504437.4168256721
11,BANCO DE LA NACION ARGENTINA,publico,21240048256.0,,44954475.0,-4642463.0,25242472.0,3652191764.0,3823864872.0,-293324838.0,-2155112.0,1298387298.0,6553771330.0,,736743248.0,220155124.0,91860129.0,557463906.0,1167981380.0,30160619.0,16607086649.0,,186124741.0,13714214413.0,,746241124.0,2186066456.0,-8476132463.0,-143910957.0,134166280.0,610046183.0,-764887245.0,273452759.0,-963009325.0,14768528907.0,215255116.0,-56131252.0,1224825223.0,289527934.0,1352581138.0,,368581714.0,563373056.0,229499735.0,1317773140.0,4533184832.0,-623031677.0,7636811534.0,15679168922.0,5560879334.0,502747994.0,,,215384329.0,4511289118.0,7131717373.0,130197247.0,-607900208.0,571109939.0,49000315.0,3688884484.0,1786910387.0,-2879116992.0,1737014462.0,16725852.0,3889899470.0,406885222.0,8386022648.0,97.91,1.3,0.23,0.3,0.25,39.04,73.82,2.35,0.28,0.88,22.67,14.28,94.62,2.18,1.05,1.2,0.94,65.48,1860735.82,981308.6,1697556.48,656585.3,86.81,2.06,0.56,0.88,9.7,4539600.89,38.78,40.99,1176405.0,29126.0,6998742.0,295730.0,19198791.0,4641614.0,52487.0,1371493.0,3841487.0,74005.0,18901.0,4461272.0,21162364.0,2881751.0,17515.0,1,6.17,521192700.0,360.0,24.0,1,45.37,100000000.0,72.0,5.0,1,,,,0,1,25.66,100.0,10.0,1,1,9427.0,75038.0,12.0,1,103.18,103.18,0,8801.54,1.0,1,1,5,Dic-2023,8.412929977667185,32.133593981703186,3.8195484886959066,64.56771777402123,17.367589939245757,15.940150782007464,12.019459822724645,11.139999999999999,1212677.6052526406
14,BANCO DE LA PROVINCIA DE BUENOS AIR,publico,8682679817.0,11409390.0,114289153.0,-47983298.0,12968626.0,3356231329.0,1254192793.0,-93986112.0,-56106.0,2891205911.0,895056527.0,711543.0,82470468.0,136759834.0,24342952.0,431871104.0,305404769.0,12004932.0,5062566012.0,,989470026.0,6830552643.0,-15785.0,621618047.0,1041618738.0,-3903724661.0,-391406168.0,,36683250.0,-745783606.0,48095075.0,,5624732612.0,274633966.0,-13766060.0,387191180.0,167356585.0,150133280.0,,128963738.0,267596699.0,10095180.0,660245069.0,3393134040.0,-163871370.0,3633170088.0,7315036396.0,1367643421.0,128947953.0,3633989.0,2828327.0,264148730.0,1535805624.0,1991562524.0,61813768.0,-87081830.0,580576184.0,63925447.0,2039109787.0,226967419.0,-555896568.0,113450628.0,5623434.0,2095595558.0,30596059.0,1351415849.0,98.28,1.07,0.22,0.25,0.18,14.56,95.41,1.75,2.5,0.35,,7.41,96.2,1.3,1.01,0.83,0.67,3.53,433185.12,714851.41,1123597.78,88555.19,96.7,1.31,1.04,0.55,0.39,2271634.3,7.74,19.07,1323850.0,23181.0,1554135.0,986277.0,11209171.0,1239559.0,44223.0,565574.0,4103903.0,27773.0,6469.0,4939833.0,8017605.0,2183888.0,10407.0,0,37.22,345689450.0,240.0,60.0,1,77.88,50000000.0,60.0,22.0,1,,,,0,1,24.48,100.0,20.0,1,1,24700.0,85000.0,72.0,1,40.42,40.42,1,0.0,11.0,1,1,5,Dic-2023,2.6140249759713097,16.595511338331516,6.348642989596921,78.66871503917855,23.48479766589555,15.249406489348392,46.48840461664591,1.98,834311.5035072548
15,INDUSTRIAL AND COMMERCIAL BANK OF C,extranjero,3965612887.0,46559021.0,40005412.0,-19650636.0,188833.0,1299554073.0,643431215.0,-36279206.0,-24645.0,1334600911.0,319610137.0,5706753.0,151047903.0,8905125.0,16627209.0,575476221.0,,16536592.0,10840387836.0,334095713.0,853068545.0,2394056035.0,,36070892.0,519848877.0,-1240862341.0,-56722200.0,,,-299141626.0,1766731.0,-54815598.0,2059557187.0,88068358.0,-6080090.0,38904319.0,74192432.0,186571840.0,,2264667.0,625144119.0,74096746.0,656264672.0,1682923287.0,-147525782.0,459161436.0,3222945238.0,742667649.0,2264667.0,288237.0,2406148.0,18241363.0,369015450.0,1600395751.0,123556846.0,-18268066.0,214636496.0,14767096.0,873027387.0,172954952.0,-431517176.0,99236434.0,2198758.0,889054864.0,41831.0,469121426.0,98.22,0.71,0.29,0.53,0.25,25.1,99.84,0.07,0.09,0.0,0.0,11.76,96.99,1.19,0.85,0.84,0.14,4.55,651790.19,110164.9,373149.41,19502.04,98.74,0.5,0.36,0.33,0.07,1135104.5,10.69,57.42,213206.0,14280.0,74355.0,148955.0,1461758.0,3589.0,1860.0,135110.0,951332.0,74.0,15953.0,1503826.0,1396205.0,1108815.0,3463.0,1,9.27,300000000.0,240.0,2.0,1,147.19,145000000.0,96.0,8.0,1,67.97,130000000.0,7.0,1,1,23.89,1000.0,6.0,1,1,26000.0,76000.0,3.0,1,120.78,120.78,0,0.0,8.0,1,1,6,Dic-2023,4.36136750934459,23.28833795748117,5.339687129686728,60.370391745703444,22.01494225172463,21.714148265539656,35.19143483577176,0.76,1145137.9979786312
16,CITIBANK N.A.,extranjero,2654884630.0,,59246081.0,,65485.0,481214804.0,469939901.0,-17632318.0,15.0,191355701.0,152433614.0,836148.0,95097000.0,385134.0,172488.0,680695178.0,,24255011.0,2490809427.0,76627714.0,35101860.0,1197003685.0,,61459165.0,678827186.0,-157425894.0,-14656597.0,,,-135991690.0,14069652.0,-192997246.0,1706124303.0,74610710.0,-7101450.0,60592454.0,3458274.0,209357051.0,,,170880280.0,-17029.0,199817716.0,934773167.0,-100721248.0,469082546.0,1586811036.0,1068073594.0,,28436.0,27091.0,,30779615.0,1237041757.0,2420863.0,-16355174.0,29477532.0,9542929.0,376259921.0,186667420.0,-1072803217.0,598133693.0,2110599.0,390504496.0,,539519755.0,,,,,,,99.9,0.1,,0.0,,9.52,,,,,,,439961.63,,,19181.91,99.9,0.1,,0.0,,439961.63,9.52,100.0,,,,2131.0,751.0,,96.0,,1148.0,1.0,1.0,,,,1083.0,0,,,,,0,,,,,0,,,,0,0,,,,0,0,,,,0,,,0,,,0,0,0,Dic-2023,7.031093475425333,17.477018535859433,2.485675748294925,45.086843754864034,14.172364280853891,56.710534353952305,8.453764137386532,0.0,2451417.01754386
17,BANCO BBVA ARGENTINA S.A.,extranjero,6059940594.0,32918773.0,165656167.0,-10934162.0,62022584.0,1720565230.0,1241627611.0,-74814181.0,,1945086308.0,611863956.0,10368951.0,167842431.0,59256477.0,6770177.0,898630401.0,,72567442.0,14583767949.0,112648668.0,296652695.0,3644186549.0,,459063426.0,1141811692.0,-1824186854.0,-144702893.0,21371617.0,,-516873640.0,6408694.0,-129068205.0,3436713939.0,250344114.0,-48631663.0,172384006.0,95624840.0,504059947.0,,20831040.0,478634657.0,196946954.0,946533449.0,1468610809.0,-349579224.0,835120610.0,4653771085.0,1406169509.0,42202657.0,773456.0,6295894.0,141594821.0,856208666.0,2601593329.0,25386157.0,-47395986.0,298058346.0,20594038.0,1851259393.0,361488852.0,-848268946.0,164541898.0,41049276.0,1857460895.0,145208.0,984071502.0,98.72,0.26,0.37,0.35,0.31,2.92,99.63,0.03,0.32,0.0,0.0,1.03,96.33,1.36,1.27,0.95,0.09,7.1,863065.1,249403.7,940853.39,49824.51,98.01,0.67,0.76,0.48,0.08,2053322.18,4.04,42.03,775418.0,48115.0,384288.0,2179022.0,6073203.0,221880.0,6392.0,453380.0,3278760.0,4383.0,17653.0,5337069.0,4010963.0,4951122.0,5918.0,1,7.76,999999999.0,360.0,13.0,1,249.85,70000000.0,72.0,7.0,1,28.0,55000000.0,4.0,1,1,22.54,1000.0,12.0,1,1,22900.0,78900.0,49.0,1,106.41,106.41,1,28900.0,8.0,1,1,6,Dic-2023,5.965221051142206,25.70734535817616,4.3095377585804275,60.13568107595214,30.549134340243334,31.332416072753578,30.08282938260648,1.32,1023984.5545792497
20,BANCO DE LA PROVINCIA DE CORDOBA S.,publico,1850325878.0,7196132.0,7401407.0,-14748859.0,3374172.0,260321893.0,188965693.0,-26149675.0,,361578034.0,243404673.0,,63192357.0,3206363.0,7737466.0,120071224.0,,405863881.0,916658594.0,53132506.0,277894494.0,1395099291.0,,132833439.0,251366358.0,-1185794412.0,-27848369.0,,,-246335736.0,82060899.0,-45678462.0,1609864011.0,60234889.0,-16499552.0,131845391.0,41464967.0,100743000.0,,2262114.0,89303283.0,,195913386.0,522497864.0,-78985332.0,443740000.0,1600352454.0,249973424.0,2262114.0,924142.0,3917109.0,51975796.0,500926100.0,1166124011.0,8666303.0,-19866406.0,84176995.0,11289771.0,564236457.0,61007671.0,-98191820.0,61007731.0,582.0,579448210.0,4654653.0,351099287.0,99.05,0.16,0.16,0.61,0.02,12.07,98.62,0.0,0.0,1.38,0.0,7.89,97.65,0.96,0.56,0.61,0.22,36.11,170617.86,100764.96,377466.34,20160.59,98.12,0.58,0.35,0.81,0.13,648849.16,24.96,26.3,206873.0,2347.0,567777.0,465113.0,2646094.0,459233.0,4520.0,227909.0,1106265.0,8834.0,1148.0,971753.0,529027.0,626088.0,2088.0,1,8.9,468092500.0,240.0,12.0,1,114.99,138720000.0,72.0,7.0,1,,,,0,1,25.37,100.0,17.0,1,0,14000.0,14000.0,3.0,1,369.88,369.88,1,4345.99,18.0,1,1,5,Dic-2023,3.2971311554018055,24.405662819580375,7.402090383816161,75.39749119803425,30.493896437846825,18.017811321502563,53.96701363970542,1.29,886171.3975095785
27,BANCO SUPERVIELLE S.A.,privado_nacional,1978294088.0,34555750.0,40224261.0,-820155.0,54388440.0,973987572.0,229495009.0,-31147833.0,,500066213.0,266455153.0,19991780.0,53346329.0,9090153.0,5505502.0,138611262.0,647.0,13517781.0,1224238258.0,18026330.0,139020611.0,1549155279.0,,181776456.0,223604982.0,-876072308.0,-36008676.0,,,-249150310.0,2701332.0,-24721699.0,1277320044.0,77818094.0,-14799708.0,79860662.0,20264610.0,58653854.0,,14425.0,85594354.0,4150303.0,120096924.0,807653032.0,-60876079.0,144493487.0,1708646686.0,269647402.0,14425.0,73082.0,369522.0,48502319.0,299228995.0,1132826557.0,14252110.0,-16870078.0,49371582.0,14873677.0,461007883.0,44351157.0,-75896201.0,40152393.0,4013645.0,471794201.0,2070115.0,274286803.0,97.17,0.74,0.81,0.76,0.53,15.4,97.15,2.79,0.0,0.0,0.06,11.81,95.28,1.87,1.4,0.84,0.62,8.96,353905.47,86003.44,188272.63,17887.96,96.59,2.23,0.53,0.36,0.29,628181.54,11.45,56.34,169631.0,12702.0,602775.0,39764.0,2052265.0,906488.0,2389.0,87927.0,1812572.0,1371.0,11132.0,898838.0,2167074.0,664213.0,3230.0,1,18.39,99999999.0,180.0,54.0,1,176.31,75000000.0,72.0,48.0,1,49.65,85250000.0,16.0,1,1,23.6,100.0,20.0,1,1,0.0,83400.0,52.0,1,142.75,142.75,1,10800.0,11.0,1,1,6,Dic-2023,2.241888972374061,16.447833975422466,7.336596137499593,78.30763324810583,23.30330388168253,14.433994127711971,56.234349846430874,1.18,612474.9498452012
29,BANCO DE LA CIUDAD DE BUENOS AIRES,publico,3630280986.0,10961559.0,4646908.0,-1130860.0,5494972.0,467304995.0,414866439.0,-24602101.0,-188607.0,817287769.0,622167999.0,1601770.0,84369571.0,21798571.0,8488494.0,53666932.0,34139496.0,1288385.0,946554847.0,,266528373.0,2602162979.0,,227699325.0,834208859.0,-1237912702.0,-39777905.0,,,-173915571.0,40284876.0,-164822231.0,2271166870.0,41131605.0,-990309.0,175635309.0,22232667.0,199447492.0,,299074.0,127964120.0,-5774048.0,163751164.0,989592476.0,-272436484.0,611575681.0,2936029390.0,694251596.0,299074.0,,,50496943.0,466357066.0,1659591189.0,7164185.0,-26063173.0,128287793.0,6454799.0,671831511.0,159301523.0,-518979574.0,279385157.0,8.0,667368934.0,30525742.0,903633401.0,97.78,0.21,0.76,0.99,0.25,47.33,92.99,1.53,0.42,1.54,3.52,9.56,95.15,1.52,1.13,1.3,0.91,10.03,283501.89,89105.98,370451.29,26696.09,94.64,1.36,0.81,1.35,1.83,743059.15,14.32,38.15,278016.0,3872.0,104930.0,48970.0,1221718.0,176871.0,2854.0,178504.0,158435.0,22500.0,431.0,907998.0,1513478.0,743175.0,2613.0,1,10.36,300000000.0,240.0,68.0,1,127.33,40000000.0,72.0,12.0,1,63.21,28000000.0,2.0,1,1,20.75,100.0,24.0,1,0,26734.0,26734.0,42.0,1,125.3,125.3,0,6458.0,6.0,1,1,6,Dic-2023,4.388132037556831,22.945791398656,5.22905673809931,71.67938209287693,18.506322612240904,32.058286346099,16.80980556780378,3.99,1389315.3409873708
34,BANCO PATAGONIA S.A.,privado_nacional,2760641847.0,2952653.0,177196575.0,-3552099.0,2175935.0,981013063.0,485482018.0,-6174529.0,,452946682.0,132190963.0,7152344.0,53433786.0,5334383.0,1825248.0,136526620.0,73395687.0,37515277.0,2663781875.0,13020062.0,259850325.0,1858803560.0,,168838986.0,398822209.0,-1311086548.0,-45303185.0,12277113.0,,-187542863.0,820518.0,-55829601.0,2033851816.0,81860853.0,-2801129.0,31546841.0,54292509.0,110961776.0,,15366278.0,217158674.0,24860429.0,205560847.0,1090614662.0,-130675071.0,192258736.0,2189929975.0,570711872.0,27643391.0,20680.0,140390.0,33720807.0,520906658.0,1841593080.0,,-5290598.0,100728800.0,2865575.0,649694905.0,110090283.0,-430013669.0,85229854.0,40831744.0,611331346.0,2822413.0,427402482.0,99.12,0.4,0.18,0.19,0.11,53.77,100.0,0.0,0.0,0.0,0.0,8.66,97.81,0.85,0.49,0.73,0.12,2.34,506868.6,16417.44,202655.23,5458.74,99.37,0.25,0.14,0.21,0.04,725941.26,7.92,69.82,288803.0,13245.0,50823.0,169944.0,2256765.0,238301.0,3422.0,148355.0,903600.0,601.0,,908258.0,2398623.0,619894.0,2909.0,1,13.24,140000000.0,360.0,3.0,1,129.55,30000000.0,60.0,2.0,1,,,,0,1,20.75,500.0,32.0,1,0,21250.0,21250.0,5.0,1,126.1,126.1,0,10436.25,1.0,1,1,5,Dic-2023,3.987850981815534,19.28999349780479,4.837190152231492,67.332296727298,23.53419751664005,21.455855668793745,24.698695918227866,0.38999999999999996,949000.291165349
44,BANCO HIPOTECARIO S.A.,publico,1362708198.0,1720364.0,2986647.0,-590866.0,6499528.0,103577270.0,153627130.0,-4987301.0,-4833.0,159712483.0,134961558.0,1541941.0,9295902.0,54291015.0,1737955.0,710663612.0,93486019.0,1147403.0,2215620471.0,16486318.0,11001248.0,999652775.0,,10888627.0,97318901.0,-674397772.0,-15400366.0,5703609.0,,-93343939.0,5344343.0,-3771355.0,886950236.0,41603867.0,-2403621.0,36536862.0,8077100.0,38099973.0,,59158780.0,111306936.0,,78006422.0,855776498.0,-69704983.0,378637863.0,1152515856.0,210192342.0,64862389.0,110911.0,458357.0,7642793.0,142346792.0,508312373.0,14832.0,-4805720.0,39184370.0,2997815.0,134029588.0,56565212.0,-87697479.0,56565212.0,413975.0,138421206.0,127.0,152367806.0,99.92,0.01,0.07,0.0,0.01,55.2,94.21,0.0,0.0,0.01,5.79,8.02,95.32,1.82,1.0,1.04,0.82,37.58,35354.0,15196.62,95446.55,4831.83,95.53,1.19,0.66,0.68,1.94,145997.17,32.26,24.22,78689.0,4195.0,28946.0,6817.0,753984.0,,385.0,88496.0,396510.0,8753.0,4.0,463382.0,1024756.0,390184.0,1560.0,1,13.24,250000000.0,180.0,6.0,1,16.08,100000000.0,72.0,5.0,1,,,,0,1,24.98,100.0,18.0,1,1,0.0,1787.17,12.0,1,172.36,172.36,1,10103.6,7.0,1,0,5,Dic-2023,4.150940904517843,26.91116691587175,6.483148648679123,73.35780150637943,9.835531054756302,9.735270429274804,39.09596101609441,3.2800000000000002,873530.8961538462
45,BANCO DE SAN JUAN S.A.,publico,415317331.0,7364848.0,8076501.0,-1430985.0,16683932.0,86808748.0,80746663.0,-1809979.0,-362.0,54366438.0,24610396.0,1645040.0,19047962.0,725633.0,985778.0,7727190.0,12356573.0,1946518.0,158692666.0,2513600.0,156006561.0,248973302.0,,18729588.0,25873160.0,-135520054.0,-6128289.0,,,-39865620.0,1907311.0,-31135475.0,284273452.0,10679656.0,-969286.0,2461612.0,2286262.0,38302384.0,,,12007180.0,,12360591.0,38767737.0,-14320212.0,164052197.0,299441389.0,115875942.0,,589.0,1305.0,8812070.0,38300600.0,120221255.0,1062344.0,-723348.0,32516395.0,157218.0,59979794.0,35129279.0,-46731788.0,35129279.0,9693758.0,51009384.0,111647012.0,213437874.0,99.42,0.18,0.14,0.18,0.08,21.1,99.76,0.0,0.24,0.0,0.0,3.55,96.87,0.92,0.98,1.0,0.22,0.31,71303.49,13748.38,19921.85,771.34,99.17,0.2,0.37,0.21,0.05,104973.71,5.24,67.93,64765.0,692.0,103848.0,28732.0,570120.0,154560.0,291.0,21405.0,180695.0,17.0,67.0,123442.0,339848.0,94870.0,567.0,1,12.68,335970000.0,240.0,3.0,1,158.06,50000000.0,72.0,1.0,1,20.75,50000000.0,4.0,1,1,23.75,5000.0,6.0,1,0,33113.0,33113.0,1.0,1,108.9,108.9,0,10350.0,1.0,1,1,6,Dic-2023,8.458418750649248,30.31628342663225,3.5841549490920213,59.94772753656168,14.441919352505902,10.391941542390757,26.00416236246799,0.63,732482.0652557319
65,BANCO MUNICIPAL DE ROSARIO,publico,145804940.0,2761865.0,2394660.0,463773.0,955234.0,26020555.0,27628488.0,-1086717.0,,48101281.0,42583567.0,1822559.0,2261812.0,443029.0,57890.0,5333471.0,,354199.0,33720028.0,,14263904.0,95902959.0,,17538920.0,25268746.0,-48082871.0,-4933422.0,,,-23581740.0,688191.0,-5940726.0,101008686.0,7612277.0,-247963.0,3726164.0,2036581.0,10072077.0,,533291.0,6561976.0,,13298872.0,16827563.0,-4250922.0,18561108.0,113918957.0,31885983.0,533291.0,,,13508408.0,39081229.0,82447578.0,288255.0,-813790.0,9122683.0,1381945.0,50849927.0,4257495.0,-20646362.0,4257495.0,417.0,51659280.0,4020.0,35401260.0,97.68,1.6,0.35,0.29,0.07,14.57,100.0,,,,,10.05,97.46,0.88,0.59,0.67,0.4,1.08,15939.99,10412.6,28635.48,843.94,98.24,0.76,0.37,0.4,0.22,54988.07,6.24,28.99,22040.0,370.0,39952.0,3205.0,243460.0,87782.0,9259.0,19688.0,102056.0,53.0,5057.0,144304.0,102452.0,60882.0,435.0,1,4.28,100000000.0,240.0,5.0,1,117.01,50000000.0,60.0,5.0,1,,,,0,0,28.08,1000.0,2.0,1,0,,,,0,123.2,123.2,0,14375.0,1.0,1,1,4,Dic-2023,2.919993657279376,13.352246345988455,4.572697037441185,65.77483520105697,34.87531149493289,26.34824437481642,42.409639334250166,0.99,335183.7701149425
72,BANCO SANTANDER ARGENTINA S.A.,extranjero,8578333584.0,145393948.0,94123162.0,789992.0,85336903.0,3174686020.0,1175041623.0,-126996347.0,-299276.0,4870880440.0,1064501158.0,,402224010.0,54648980.0,11452973.0,1127448786.0,,67269471.0,13761995204.0,1616967.0,20159531.0,6002501637.0,,514197136.0,1774525077.0,-2630817515.0,-226404961.0,5711788.0,,-612325307.0,5402386.0,-215668708.0,4492081796.0,452467444.0,-28535689.0,249659559.0,126768798.0,410515274.0,132526193.0,65832212.0,502358927.0,44724150.0,1198819997.0,2194268614.0,-462143806.0,721083942.0,7095526790.0,1482806794.0,71544000.0,514775.0,2834236.0,164465249.0,1345455096.0,3770997854.0,396869445.0,-96946302.0,336067449.0,44790523.0,2503167000.0,351468461.0,-763641622.0,307765171.0,2516183.0,2595491961.0,2105158.0,1065291808.0,97.4,1.31,0.52,0.68,0.08,31.1,99.44,0.38,0.18,0.0,,7.64,95.55,1.74,0.78,1.72,0.22,15.42,789578.52,749951.49,1213901.52,97364.25,97.17,1.23,0.54,0.94,0.12,2753431.52,17.46,28.68,1058411.0,85794.0,341802.0,1472308.0,8989318.0,228965.0,16241.0,591194.0,953092.0,99800.0,135916.0,4994083.0,5417335.0,1777142.0,6302.0,1,9.92,999999999.0,240.0,2.0,1,127.33,50000000.0,72.0,7.0,1,61.65,57000000.0,24.0,1,1,19.92,500.0,45.0,1,1,11900.0,76777.0,61.0,1,123.41,123.41,1,7234.0,12.0,1,0,6,Dic-2023,4.0971647646758145,23.702916821137794,5.785199810731377,69.9728167274312,29.180107948574268,29.56309192923257,29.335383302736208,1.6,1361208.1218660742
83,BANCO DEL CHUBUT S.A.,publico,345216329.0,1118594.0,7608998.0,-233425.0,301944.0,51469201.0,67371155.0,-3034264.0,,67367526.0,40683820.0,447648.0,9068713.0,2109293.0,1098546.0,13092616.0,13806.0,,171025786.0,,,230330670.0,,12137193.0,31598542.0,-93093469.0,-5049118.0,,,-41131706.0,6097550.0,-20548864.0,238198893.0,9675339.0,-325861.0,4027906.0,3327255.0,24979965.0,,,2899601.0,,29361122.0,144980713.0,-8038213.0,53947200.0,258599317.0,86617012.0,,,,8767773.0,59127741.0,184251693.0,6573060.0,-2030065.0,14779408.0,389081.0,73092440.0,19245857.0,-68961530.0,19245857.0,828353.0,74014316.0,279836.0,69828327.0,93.28,4.89,0.52,0.42,0.89,47.84,68.42,23.88,6.69,1.01,0.0,28.72,96.91,0.97,0.73,0.75,0.63,2.66,30411.0,16832.5,35590.67,2133.95,85.72,10.18,2.88,0.78,0.45,82834.17,21.41,36.71,100286.0,759.0,22466.0,7896.0,322572.0,37907.0,1070.0,30006.0,171919.0,1077.0,901.0,129372.0,365136.0,87210.0,740.0,0,10.47,180000000.0,180.0,1.0,1,118.0,40000000.0,60.0,6.0,1,55.55,0.0,4.0,1,1,28.08,1000.0,18.0,1,0,,,,0,111.01,111.01,0,2797.52,3.0,1,1,5,Dic-2023,5.575013515655571,22.219488476466957,3.9855488088182955,66.72067647182472,21.17293820130971,13.718773101298234,27.470282584553186,4.11,466508.5527027027
86,BANCO DE SANTA CRUZ S.A.,publico,220447881.0,2263093.0,960221.0,-218806.0,8904609.0,34439603.0,35479957.0,-1439298.0,-29.0,121865428.0,3386582.0,732928.0,2580134.0,191726.0,284295.0,4888143.0,12397989.0,58509.0,31021692.0,1278030.0,126499515.0,141650435.0,,4407594.0,8382921.0,-96448879.0,-4821131.0,,,-23526160.0,89475.0,-13791594.0,170603672.0,8011618.0,-9241.0,1591128.0,4009302.0,16325555.0,,,11206430.0,,19712037.0,13493264.0,-7018914.0,114035683.0,169529054.0,50918827.0,,1717.0,265864.0,12648053.0,61328814.0,56567989.0,382342.0,-779489.0,15354436.0,80770.0,44591443.0,15438870.0,-23316039.0,15438870.0,5722067.0,39562774.0,86091.0,124143336.0,98.59,0.6,0.24,0.41,0.17,2.53,100.0,,,,,1.73,92.34,3.28,1.43,2.02,0.93,0.0,22103.23,33093.53,6750.47,947.8,98.41,0.68,0.28,0.44,0.19,61947.24,1.97,35.68,71348.0,149.0,24215.0,12980.0,161070.0,19795.0,299.0,14200.0,114642.0,4.0,3.0,68181.0,155801.0,36667.0,268.0,1,14.36,335970000.0,240.0,1.0,1,154.37,50000000.0,72.0,1.0,1,29.03,50000000.0,4.0,1,1,23.15,5000.0,4.0,1,0,19781.0,19781.0,1.0,1,111.08,111.08,0,9000.0,1.0,1,1,6,Dic-2023,7.003410479595401,30.320553142357344,4.3293982597046075,64.25574805139543,20.227657801800326,5.91803406745627,30.417059709396614,0.9099999999999999,822566.7201492537
93,BANCO DE LA PAMPA SA,publico,499070899.0,1717787.0,6685891.0,-4487658.0,1862427.0,75817568.0,114894456.0,-5234794.0,-18783.0,4879.0,23781825.0,,4391946.0,3014373.0,1712905.0,32553482.0,16834.0,1006.0,196295174.0,,41397627.0,317977887.0,,27199096.0,60555831.0,-227783553.0,-19432638.0,,,-60864661.0,3154051.0,-24466005.0,436715034.0,18381845.0,-856478.0,7928428.0,7198760.0,33686834.0,,,12712251.0,,42514204.0,139031276.0,-35210387.0,88554588.0,366583915.0,132486984.0,,221552.0,631980.0,17143354.0,126259392.0,348160446.0,120523.0,-4902574.0,24259107.0,1574963.0,94509273.0,15929259.0,-102040695.0,17592528.0,146.0,99382628.0,29073.0,172521700.0,96.54,1.76,0.49,1.02,0.19,26.51,100.0,0.0,0.0,,,24.73,96.46,1.54,0.84,0.79,0.37,0.58,3624.94,59904.75,44281.79,5951.3,96.62,1.61,0.61,0.89,0.26,107811.49,15.8,3.36,84774.0,4032.0,63450.0,73692.0,517394.0,75381.0,2000.0,60305.0,336192.0,429.0,33.0,240660.0,261825.0,202785.0,800.0,0,,,,,0,107.05,10000000.0,60.0,42.0,1,,,,0,0,21.94,1000.0,8.0,1,1,23000.0,70000.0,168.0,1,110.98,110.98,1,0.0,60.0,1,1,4,Dic-2023,3.1917827771400473,12.023263356949842,3.7669428643646987,63.71397082802057,18.937043452016624,19.04403843025726,29.278650934616877,1.76,623838.62375
94,BANCO DE CORRIENTES S.A.,publico,349573776.0,661926.0,4437656.0,-799976.0,1283048.0,51584027.0,58478533.0,-2330358.0,-6330.0,693.0,109573843.0,2121443.0,5925780.0,805867.0,440984.0,12820551.0,4332501.0,280967.0,137341235.0,,,185333941.0,-333257.0,14673024.0,29736937.0,-95513002.0,-16122585.0,,,-58919422.0,2631060.0,-11918898.0,275297517.0,23595242.0,-192985.0,4631091.0,3579748.0,26897477.0,,333257.0,21379705.0,,31136350.0,124710977.0,-14270335.0,185746453.0,233977684.0,115596092.0,,262683.0,28521.0,10306424.0,56997793.0,89551064.0,1573552.0,-1550431.0,36430457.0,338040.0,66841138.0,33827759.0,-79347019.0,57117559.0,1703.0,68389866.0,58182099.0,81599387.0,91.52,5.17,1.53,1.21,0.58,8.31,98.94,0.47,0.0,0.59,0.0,23.29,95.64,1.46,1.32,1.16,0.42,0.86,24114.53,24004.99,29937.83,1657.94,95.39,2.3,0.98,1.0,0.34,78057.35,10.08,30.89,328443.0,622.0,234649.0,27655.0,820352.0,166406.0,769.0,47559.0,78619.0,181.0,110.0,135880.0,474473.0,124905.0,826.0,1,10.36,9999999999.0,180.0,1.0,1,123.2,15000000.0,60.0,2.0,1,91.93,99999999.0,1.0,1,0,22.14,1500.0,6.0,1,0,12671.52,12671.52,1.0,1,136.07,136.07,0,6790.62,1.0,1,1,6,Dic-2023,9.676858312163553,29.263756598276697,3.024096835384366,53.01711790875297,19.120752925127885,16.04505728392189,31.464440785210616,2.32,423212.803874092
97,BANCO PROVINCIA DEL NEUQUÉN SOCIEDA,publico,525929502.0,360117.0,4965260.0,-2440570.0,2493403.0,68002932.0,110581112.0,-3756016.0,-16389.0,265736953.0,15692718.0,3788267.0,1944847.0,1653123.0,1662017.0,18519077.0,,,252180267.0,,1747913.0,340853353.0,,7812760.0,89952620.0,-101578263.0,-8547166.0,,,-67762437.0,691177.0,-24328776.0,316757402.0,19228329.0,-303728.0,5554560.0,4478532.0,28673345.0,,,15288215.0,,34985016.0,268107809.0,-6411275.0,18108759.0,388517138.0,137412364.0,,32121.0,2168264.0,28641983.0,69913712.0,298648643.0,4868439.0,-2872535.0,37089911.0,1533961.0,82250191.0,26831252.0,-102046294.0,26831252.0,1120344.0,84758508.0,364218.0,39910216.0,98.11,0.48,0.29,0.39,0.72,39.27,100.0,,,,,24.7,94.22,2.97,1.33,1.04,0.45,3.32,6644.37,18754.5,68026.75,2953.47,95.41,2.26,1.03,0.83,0.47,93425.62,12.06,7.11,211914.0,3024.0,168772.0,11703.0,406318.0,93967.0,1076.0,38216.0,444175.0,464.0,360.0,254454.0,472097.0,235174.0,1142.0,1,3.56,150000000.0,240.0,12.0,1,26.83,25000000.0,72.0,42.0,1,,,,0,1,20.75,1000.0,13.0,1,1,10715.76,42437.12,146.0,1,127.42,0.0,1,4950.11,33.0,1,1,5,Dic-2023,5.101682240293871,19.526082820320305,3.827381224589077,64.80970390590485,15.639014485253197,26.390416643488322,30.00192437536013,2.33,460533.7145359019
131,BANK OF CHINA LIMITED SUCURSAL BUEN,extranjero,25584531.0,368468.0,,,,10956161.0,45234852.0,-5265.0,,12002953.0,12002953.0,,878880.0,,829.0,,,,12332366.0,,,11542807.0,,,6991175.0,-9078435.0,-7676.0,,,-3539007.0,,,18396418.0,99355.0,,149658.0,586646.0,2324235.0,,,2671063.0,,1800000.0,11803346.0,-2956707.0,,16549570.0,9034961.0,,,,,,18396418.0,,-1945.0,446757.0,11465.0,1947713.0,-7963537.0,-13767771.0,-36199891.0,,1949658.0,,3148192.0,,,,,,,100.0,,,,,,,,,,,,13952.61,,,13.41,100.0,,,,,13952.61,,100.0,,,,,31.0,,,,5.0,,,,,,35.0,0,,,,,0,,,,,0,,,,0,0,28.02,10000.0,1.0,1,0,,,,0,,,0,,,0,0,1,Dic-2023,-31.126374761374365,-88.14135445631696,2.831725670979653,45.1163517517675,7.6128540327747265,60.56737325678234,37.610351997765704,,730986.6
143,BRUBANK S.A.U.,privado_nacional,71871322.0,361943.0,,,,44726592.0,30636983.0,-773794.0,,,3222254.0,,6459386.0,148460.0,110069.0,,,,30429031.0,3000000.0,3000000.0,57671231.0,,,18367282.0,-18209237.0,-8492925.0,,,-16276658.0,,1036361.0,44449359.0,4569074.0,,224083.0,1002070.0,3052802.0,,,3076027.0,,1622903.0,30756416.0,-3750111.0,719379.0,64145411.0,7725911.0,,79632.0,330092.0,2127250.0,11849928.0,43729980.0,,-284885.0,746626.0,15259.0,3689351.0,-2489226.0,-8982275.0,-22911072.0,,3974236.0,,11410686.0,100.0,0.0,0.0,0.0,,,,,,,,,90.25,2.3,2.3,3.58,1.58,0.02,,1650.84,3999.32,323.46,93.1,1.63,1.63,2.53,1.12,5650.16,0.01,70.78,6432.0,3627.0,492983.0,,5664608.0,,,77201.0,1245.0,,,17911.0,3156942.0,17392.0,318.0,1,12.68,250000000.0,360.0,20.0,1,349.05,16706000.0,48.0,6.0,1,,,,0,1,24.36,50.0,11.0,1,0,,,,0,154.28,154.28,0,6600.0,2.0,1,0,4,Dic-2023,-3.46344818869479,-32.21919072068006,9.302633954753038,80.24234060979148,5.133272767683333,31.84825723591716,72.93628043860913,5.28,226010.4465408805
147,BIBANK S.A.,privado_nacional,50730408.0,1052890.0,4165678.0,-10098.0,163452.0,3358494.0,9378841.0,-272258.0,-173.0,4283724.0,6477887.0,,5029733.0,360629.0,13728.0,10418515.0,,176117.0,59866987.0,753182.0,804252.0,20006292.0,,3053666.0,3087552.0,-24175631.0,-647990.0,,,-8863364.0,,-1204619.0,37660729.0,247379.0,-346614.0,365309.0,1206385.0,3380069.0,,,16652635.0,50164.0,70000.0,27111146.0,-9481056.0,19965221.0,40039341.0,10691067.0,,,,,3119734.0,17695508.0,42632.0,-172392.0,3006411.0,345.0,7168008.0,1362390.0,-1524260.0,1312226.0,,7340400.0,1902054.0,4111216.0,98.73,0.0,0.4,0.0,0.87,15.68,99.33,0.0,0.0,0.67,0.0,13.15,85.58,0.11,2.18,1.44,10.69,66.54,6469.35,1473.48,63.33,173.7,99.11,0.0,0.09,0.55,0.24,8006.17,14.04,80.8,,,,448.0,256.0,,77.0,49.0,225.0,,176.0,,,,105.0,0,,,,,0,,,,,0,,,,0,1,26.83,1000.0,13.0,1,0,,,,0,,,0,,,0,0,1,Dic-2023,2.6855490695048223,12.743255654463676,4.7451211371138164,39.436489452243315,14.12960841947102,15.432904808147358,67.73948416930675,0.88,483146.7428571429
165,"JPMORGAN CHASE BANK, NATIONAL ASSOC",extranjero,204551341.0,,,,675597.0,36647024.0,172016619.0,-314.0,,,,,13336539.0,,222.0,5382608.0,,191129506.0,194310293.0,7761440.0,,43279686.0,,,6834276.0,-26622894.0,-438566.0,,,-22622926.0,,-4067746.0,185420930.0,10272678.0,,,942527.0,7140323.0,,,2656627.0,,282254.0,173508096.0,-12252097.0,42682805.0,53503823.0,151047518.0,,,,,,142738125.0,,,2577944.0,427187.0,,-20969101.0,-162514321.0,-20969101.0,25273.0,43254413.0,,7618889.0,,,,,,,0.0,,,,,,,,,,,,0.0,,,0.0,0.0,,,,,0.0,,0.0,,,,38.0,68.0,,,,,,,,,,172.0,0,,,,,0,,,,,0,,,,0,0,21.0,20000000.0,1.0,1,0,,,,0,,,0,,,0,0,1,Dic-2023,-10.251265475692971,-13.882453202574304,1.354218485073022,21.158348700339246,,15.790955599816506,13.415547550280863,,1189251.9825581396
191,BANCO CREDICOOP COOPERATIVO LIMITAD,privado_nacional,3194076484.0,4568491.0,16654956.0,-224653.0,5874794.0,631589660.0,897071227.0,-8728686.0,-63351.0,973671812.0,319974684.0,9006105.0,10227489.0,7304067.0,4822283.0,348290753.0,,32255701.0,7162287224.0,1905595.0,595238216.0,1957496860.0,,237722935.0,379536854.0,-1676973801.0,-9698340.0,,,-304965429.0,16512574.0,,2776321882.0,106626171.0,-19342734.0,37818031.0,52184778.0,63281330.0,,58806639.0,108982001.0,82297217.0,122000878.0,703384157.0,-149920911.0,396852208.0,2148558139.0,1045518345.0,58806639.0,49138.0,32553.0,14569072.0,786392401.0,2379469674.0,17992882.0,-7110018.0,145982874.0,18765395.0,438061087.0,230744335.0,-721436753.0,148447118.0,3829.0,443640590.0,1526686.0,1438578856.0,99.64,0.08,0.09,0.15,0.03,16.13,99.89,0.0,0.02,0.08,0.01,20.89,98.33,0.38,0.45,0.51,0.33,16.13,166405.05,215748.12,91338.05,7540.36,99.47,0.11,0.14,0.2,0.08,473491.22,17.8,35.14,279106.0,24446.0,230399.0,388400.0,3254836.0,364113.0,15202.0,175185.0,642664.0,1544.0,2218.0,1069677.0,1672927.0,642336.0,4570.0,1,13.24,200000000.0,240.0,48.0,1,112.98,50000000.0,60.0,10.0,1,151.94,20000000.0,6.0,1,1,21.34,0.0,65.0,1,1,23595.0,71995.0,20.0,1,129.55,129.55,1,0.0,9.0,1,1,6,Dic-2023,7.224133052413155,22.069850433853457,3.055017158976775,61.285221872601845,13.714796411243357,19.38888698907032,25.492900587636342,0.42000000000000004,698922.6442013129
198,BANCO DE VALORES S.A.,privado_nacional,1071950135.0,217064.0,6212850.0,,82479.0,332891346.0,55130419.0,-958697.0,,38267656.0,5465970.0,,10818950.0,7780.0,70908.0,534216894.0,208995141.0,1678861.0,6489629658.0,,,982719167.0,,5025693.0,320523662.0,-313716896.0,-2228254.0,,,-20782900.0,22845.0,-8635586.0,405504820.0,7922719.0,-22217.0,181613.0,32211569.0,16924030.0,,4065806.0,8562114.0,1557848.0,39333681.0,665156047.0,-30501317.0,2513597.0,1008490486.0,63459649.0,4065806.0,,,,44065549.0,402991223.0,,-377564.0,3997963.0,285175.0,11726393.0,9887078.0,-59061099.0,8329230.0,683173.0,11420784.0,51.0,55361771.0,93.92,0.0,0.0,0.0,6.07,18.47,100.0,,,0.0,,0.01,100.0,0.0,,,,0.02,52904.03,887.44,485.3,798.95,99.9,0.0,0.0,0.0,0.1,54276.77,0.31,97.47,,,,1228.0,1961.0,,92.0,14.0,495.0,48.0,,,,,273.0,0,,,,,0,,,,,0,,,,0,0,,,,0,0,,,,0,,,0,,,0,0,0,Dic-2023,0.9223449559059946,15.580101932174253,16.891838386940968,91.675828465659,1.0939308291611904,32.61599781130553,21.31964574647427,0.1,3926557.271062271
247,BANCO ROELA S.A.,privado_nacional,48181865.0,,153136.0,,251949.0,1538139.0,18942219.0,-123295.0,-1.0,,97238.0,,2037402.0,24187.0,29238.0,7591948.0,,18912.0,17444463.0,,,13459790.0,,2911.0,1174564.0,-5355317.0,-1287088.0,,,-6456502.0,1182.0,-5110719.0,39543594.0,5622286.0,-280.0,7937.0,248759.0,8119946.0,,,603947.0,,95220.0,13184774.0,-1792541.0,1471103.0,22380159.0,25801706.0,,146001.0,196476.0,457.0,3185748.0,38072491.0,,-18879.0,6446291.0,,241683.0,6638038.0,-20175091.0,6859487.0,,260562.0,126024.0,24699201.0,98.41,0.01,0.03,0.12,1.44,7.15,100.0,,,,,0.18,99.45,0.0,0.35,0.06,0.13,13.66,5231.2,1081.3,77.64,79.92,99.72,0.0,0.01,0.02,0.24,6390.14,1.52,81.86,3465.0,2137.0,,21127.0,8327.0,,433.0,944.0,1692.0,3.0,,900.0,7832.0,660.0,149.0,0,,,,,0,109.01,1500000.0,12.0,24.0,1,,,,0,0,19.56,1.0,12.0,1,0,,,,0,126.6,0.0,1,5358.73,6.0,1,1,3,Dic-2023,13.7770466128698,25.727128275936483,1.8673906678883947,27.935386062785238,0.5016057390057442,8.726466014700081,16.759915869479585,0.27,323368.22147651005
254,BANCO MARIVA S.A.,privado_nacional,200224235.0,340166.0,15691313.0,-122.0,3968835.0,65790561.0,28189991.0,-906954.0,,21622744.0,29121535.0,,1035017.0,34293.0,326926.0,4580179.0,,223851.0,435145795.0,9649519.0,9698427.0,76305582.0,,501667.0,25763600.0,-65412156.0,-591209.0,,,-13232109.0,,-10516222.0,126243220.0,2300239.0,-65106.0,2314778.0,2510868.0,19981109.0,,22898897.0,40491431.0,,1213155.0,108097452.0,-17163370.0,65205206.0,136795999.0,63428236.0,22898897.0,,2807.0,62.0,3156597.0,61038014.0,2363.0,-532942.0,6415838.0,15070.0,19125202.0,35238245.0,-18252900.0,35238245.0,34.0,19658110.0,,12579228.0,96.9,0.0,0.0,0.46,2.65,3.27,100.0,,,0.0,,5.24,85.32,,0.0,0.0,14.68,0.0,24995.05,11769.32,106.68,548.97,98.97,0.0,0.0,0.15,0.89,36871.05,4.6,67.79,255.0,9.0,,621.0,1801.0,,25.0,77.0,236.0,,6.0,,2111.0,,194.0,0,,,,,0,,,,,0,63.23,10000000.0,1.0,1,0,28.36,1000.0,6.0,1,0,,,,0,,,0,,,0,0,2,Dic-2023,17.599390503352407,55.55608546326276,3.1567050832061607,38.110062950171844,9.551891657870486,33.76371600179919,21.157801585651598,1.04,1032083.6855670103
266,BNP PARIBAS,extranjero,94111917.0,18639.0,4281.0,,7383.0,5497958.0,30996309.0,-8633.0,,1800300.0,61550709.0,,13715656.0,,12038.0,22545065.0,,55365283.0,234985939.0,51525492.0,66471211.0,28267561.0,,,14621329.0,-18044946.0,-488192.0,,,-16509443.0,,-3724206.0,54676941.0,9940200.0,,,48452.0,8141072.0,,,26380782.0,,25471.0,57838901.0,-4006054.0,18359261.0,63755682.0,30356235.0,,3.0,154.0,,150000.0,36317680.0,,,1098495.0,966113.0,3707404.0,4132615.0,-22355465.0,-640074.0,3703123.0,4281.0,,3104107.0,,,,,,,100.0,,,,,,100.0,,,,,,5808.11,,0.3,5.13,100.0,,,,,5808.41,,99.99,,,,76.0,75.0,,1.0,,1.0,,,,,,80.0,0,,,,,0,,,,,0,,,,0,0,,,,0,0,,,,0,,,0,,,0,0,0,Dic-2023,4.391170780210545,13.61372713052195,3.100249981593567,30.036112217329503,3.9393565854152137,51.72476323655939,35.82467217528825,,1176398.9625
268,BANCO PROVINCIA DE TIERRA DEL FUEGO,publico,134667771.0,365276.0,123127.0,-22955.0,6255495.0,15289338.0,37034788.0,-939542.0,-1452.0,30582934.0,7590340.0,,5620412.0,216453.0,322448.0,5881395.0,,200115.0,22271171.0,5226702.0,5226702.0,63217122.0,,2719501.0,11488688.0,-24136897.0,-1920523.0,,,-20643238.0,1628717.0,-932045.0,96076148.0,6532879.0,-183927.0,6003487.0,666305.0,3133680.0,,,6099031.0,,17036193.0,25853663.0,-1018317.0,40134630.0,73527116.0,61140655.0,,2712.0,434714.0,12375815.0,11918613.0,55941518.0,400620.0,-1491145.0,11549388.0,642569.0,38822159.0,14026954.0,-40434667.0,24105867.0,22229.0,40079126.0,234178.0,34709978.0,97.69,1.37,0.26,0.58,0.1,31.34,37.7,,,,62.3,25.56,97.59,1.23,0.33,0.61,0.24,1.64,1371.21,4752.41,34215.3,1494.95,95.57,1.21,0.31,0.58,2.34,40338.93,5.95,3.4,41403.0,1116.0,29552.0,1866.0,85981.0,11944.0,455.0,7693.0,24568.0,642.0,92.0,74044.0,80313.0,30696.0,332.0,1,8.3,187929000.0,360.0,1.0,1,107.97,6000000.0,60.0,2.0,1,94.68,30000000.0,1.0,1,0,23.04,1.0,14.0,1,1,20930.0,66279.0,4.0,1,128.71,128.91,1,9739.0,10.0,1,1,6,Dic-2023,10.415969534388447,22.942106197586533,2.2025896026138416,46.9430224697192,28.82809948640198,18.17338030668337,26.96643324548366,3.2299999999999995,405625.8162650602
269,BANCO DE LA REPUBLICA ORIENTAL DEL,extranjero,3721946.0,,1139.0,,1021.0,1813862.0,12438064.0,-730.0,,861.0,134446.0,,85869.0,136762.0,4607.0,216656.0,,,1677389.0,,,2248912.0,,16540.0,2165128.0,-43990.0,-178961.0,,,-1238540.0,,794.0,367092.0,113831.0,,537.0,1001.0,259733.0,,,22712.0,,19635.0,89463.0,-25045.0,105653.0,2531357.0,1190589.0,,,,670.0,102382.0,261439.0,,-453.0,936268.0,,350106.0,-1382010.0,-415575.0,-11247475.0,312038.0,38521.0,,94091.0,100.0,,,,,,100.0,,,,,,98.44,1.1,0.0,0.13,0.33,,320.41,13.52,17.5,0.46,99.92,0.05,0.0,0.01,0.02,351.44,,91.17,40.0,7.0,,48.0,2834.0,,,24.0,125.0,,,151.0,3561.0,62.0,23.0,0,,,,,0,103.18,30000.0,12.0,1.0,1,,,,0,0,14.94,2000.0,1.0,1,0,,,,0,166.31,166.31,0,100.1,1.0,1,0,3,Dic-2023,-37.13138234676162,-116.07784046383765,3.126138407124541,60.423015272118406,9.406530884650127,96.2744651635991,480.1063681329757,0.03,161823.73913043478
277,BANCO SAENZ S.A.,privado_nacional,36681295.0,543016.0,50581.0,-161125.0,55701.0,367365.0,8130570.0,-1897675.0,,695116.0,284807.0,,6197424.0,438122.0,67122.0,10129790.0,,10287.0,10583261.0,,,17302077.0,,1034260.0,983480.0,-18740834.0,-46431.0,,,-6016154.0,,1650087.0,35070117.0,731534.0,,793760.0,1061043.0,2234897.0,178542.0,,6603370.0,520190.0,230851.0,7456514.0,-2690725.0,2078796.0,28022788.0,8658507.0,,,,6441949.0,5739050.0,32991321.0,,-1340707.0,7966.0,1703902.0,19634166.0,1048127.0,-8407243.0,527937.0,12584597.0,8390276.0,,1803028.0,98.41,,0.16,1.37,0.06,,99.65,,,,0.35,,88.27,4.34,2.8,2.96,1.63,,14192.56,3.2,7445.55,1345.58,95.73,1.49,0.96,1.02,0.79,21641.31,,65.58,202.0,1.0,,247.0,1036.0,,18.0,103.0,70499.0,,,8802.0,980.0,8255.0,68.0,0,,,,,0,494.63,3750000.0,24.0,6.0,1,,,,0,1,24.36,1.0,3.0,1,0,,,,0,,,0,,0.0,1,0,3,Dic-2023,2.857388213802157,12.105170094567113,4.236445729038505,47.16866457413785,53.52637086558695,5.684173061997123,35.35921895741639,2.77,539430.8088235294
281,BANCO MERIDIAN S.A.,privado_nacional,22896751.0,92739.0,64460.0,-8507.0,9366.0,4017166.0,4603301.0,-161713.0,,1941871.0,3839673.0,548606.0,279185.0,873290.0,31704.0,3405180.0,,95147.0,11201228.0,,450202.0,11128142.0,,671718.0,4348844.0,-6075891.0,-145426.0,,,-4285606.0,,-129846.0,11114294.0,1004358.0,-100742.0,78248.0,171099.0,1772124.0,,,4496062.0,-90702.0,726055.0,5908851.0,-859238.0,1215237.0,17397692.0,5499059.0,,1.0,913.0,,2600690.0,9899057.0,57036.0,-81782.0,5388185.0,451.0,2414664.0,468927.0,-758495.0,895758.0,1008178.0,1488268.0,,3906310.0,97.12,0.5,0.0,2.37,0.01,51.23,99.55,0.0,0.0,0.45,,49.87,99.76,0.06,0.0,0.18,0.0,0.0,2980.31,2021.81,83.97,88.84,98.58,0.2,0.0,1.21,0.0,5086.09,49.58,58.6,17.0,11.0,,439.0,1016.0,,22.0,500.0,585.0,,4.0,401.0,1430.0,396.0,76.0,0,,,,,0,,,,,0,99.38,32000000.0,1.0,1,1,34.5,10000.0,2.0,1,0,,,,0,87.8,,1,7000.0,1.0,1,1,3,Dic-2023,2.04800672374871,8.52740441591916,4.163758017508086,48.601402006773796,10.545880505055063,39.079695424447316,72.67021459693235,1.21,301273.0394736842
285,BANCO MACRO S.A.,privado_nacional,5851533387.0,56906063.0,153961788.0,-10670882.0,51194497.0,1200846423.0,1456250045.0,-42885883.0,,1268408014.0,552835946.0,1403741.0,113889945.0,17992653.0,2032113.0,321827999.0,,79104701.0,3890001419.0,16902631.0,2066413974.0,2754864346.0,,281430507.0,942229357.0,-1768627882.0,-114597961.0,238452523.0,,-458745807.0,58869255.0,-255267888.0,3989597084.0,246073039.0,-43001487.0,195535964.0,53995449.0,340086358.0,329132909.0,69116453.0,372596723.0,40167738.0,673296935.0,619703000.0,-221449655.0,1736232645.0,3807369437.0,2044163950.0,307568976.0,3761591.0,4817395.0,215900431.0,944963975.0,2253364439.0,26691696.0,-35963314.0,319870468.0,5871706.0,1524990309.0,627471842.0,-1244022707.0,587913905.0,5720687.0,1552014207.0,3218729.0,1910015440.0,98.8,0.51,0.14,0.33,0.22,33.27,98.36,0.0,1.0,0.59,0.05,23.88,97.5,0.95,0.7,0.59,0.26,6.0,476610.66,303543.31,881856.88,36441.26,97.98,0.6,0.68,0.54,0.2,1662010.84,16.11,28.68,1048171.0,36659.0,1004303.0,746832.0,5910030.0,1153933.0,16751.0,503560.0,3421797.0,81220.0,6165.0,2923806.0,5645190.0,1770458.0,7605.0,1,12.13,9999999999.0,240.0,15.0,1,9.38,10000000.0,72.0,16.0,1,,,,0,1,22.54,1.0,11.0,1,1,14943.5,78480.6,28.0,1,112.7,112.7,1,15972.0,14.0,1,1,5,Dic-2023,10.723203654515865,30.69576889857587,2.862555807717869,47.079357901645345,26.06137926834664,34.20238671163956,19.50081499911233,1.4200000000000002,769432.3980276134
299,BANCO COMAFI SOCIEDAD ANONIMA,privado_nacional,1359542041.0,6941861.0,48265039.0,-515179.0,6379678.0,191300959.0,114142589.0,-4854167.0,-76.0,90283544.0,95835412.0,26388536.0,25597503.0,9742588.0,700054.0,767298731.0,,,33427609385.0,26426085.0,36757418.0,1072708879.0,,4918270.0,151600511.0,-571894728.0,-6496207.0,,,-120102610.0,23150.0,-24053796.0,844029543.0,30532860.0,-597457.0,5135153.0,5952988.0,69248398.0,,275974.0,49153673.0,-4255668.0,85899106.0,810546547.0,-56399659.0,157219446.0,1192114953.0,167427088.0,275974.0,33204.0,26925.0,4282678.0,96587824.0,686810097.0,35249.0,-3872573.0,66107730.0,977078.0,180103318.0,49028831.0,-97958398.0,53284499.0,36526847.0,147445933.0,3111.0,85567179.0,98.3,0.8,0.26,0.5,0.14,35.24,98.81,0.96,0.07,0.12,0.05,11.01,96.02,1.81,0.88,1.12,0.17,6.75,232742.52,30570.74,41437.3,4994.32,98.38,1.06,0.2,0.29,0.07,304750.56,12.86,76.37,40004.0,4379.0,123676.0,51482.0,489679.0,75160.0,682.0,26278.0,197987.0,2.0,10.0,324830.0,272208.0,191091.0,1450.0,1,11.0,350000000.0,240.0,6.0,1,151.94,100000000.0,60.0,6.0,1,,,,0,0,23.15,500.0,8.0,1,1,9102.23,79890.25,30.0,1,122.2,122.2,1,8372.38,9.0,1,0,5,Dic-2023,3.6062754605173697,29.283690940142254,8.120203589756038,78.90222197255319,13.247351870599491,14.132493350975611,40.5517151301016,0.56,937615.2006896551
300,BANCO DE INVERSION Y COMERCIO EXTER,publico,734953064.0,1052455.0,,-125602.0,4556267.0,,206679004.0,-6574262.0,,107834000.0,1370335449.0,14788455.0,9920707.0,44654124.0,3463308.0,,5100387787.0,1233399.0,216563839.0,,62822500.0,242000224.0,,112597307.0,58747528.0,-179450483.0,-805833.0,,,-31689878.0,72373501.0,-7951074.0,418611428.0,1189170.0,-463702.0,5789113.0,3962626.0,31463055.0,,20968057.0,233071530.0,7604937.0,9297784.0,184885217.0,-37726947.0,174538378.0,508578187.0,226374877.0,20968057.0,13880.0,,,137159174.0,244073050.0,1288055.0,-2645104.0,783290.0,2043378.0,212913403.0,27300810.0,-194364611.0,19695873.0,9624438.0,200756456.0,5177613.0,226323805.0,99.45,0.43,0.04,0.06,0.02,82.63,96.6,2.27,0.03,1.08,0.03,41.8,,,,,,,144845.96,90941.68,,3336.27,97.7,1.56,0.03,0.69,0.02,235787.64,57.55,61.43,,,,,,,42.0,,8702.0,3396.0,270.0,,,,459.0,0,,,,,0,,,,,0,,,,0,0,,,,0,0,,,,0,,,0,,,0,0,0,Dic-2023,3.714633129279668,12.059999926581959,3.2466193852421177,32.92730323252316,28.969659891097482,24.275815546352554,13.229235837071663,0.74,1601204.9324618736
301,BANCO PIANO S.A.,privado_nacional,178858830.0,138212.0,1775470.0,,2756692.0,61974576.0,18661131.0,-1794787.0,,315901.0,5669680.0,,4364607.0,542022.0,561089.0,28935638.0,,275.0,82313954.0,647511.0,,140406337.0,,124360.0,51831638.0,-51192352.0,-3340577.0,,,-33169514.0,,-828156.0,96634701.0,6965064.0,,2321972.0,1774098.0,6417629.0,,,11480960.0,,1212875.0,50399606.0,-5423988.0,11559348.0,158315522.0,20543308.0,,,,19115889.0,44462183.0,85075353.0,,-879328.0,6176008.0,10596.0,23671238.0,2190279.0,-11334215.0,1882177.0,,24550566.0,,39520829.0,100.0,0.0,0.0,,,,100.0,,0.0,,,,90.73,2.24,2.0,3.43,1.6,,8237.91,199.99,23113.78,917.04,93.21,1.64,1.46,2.52,1.17,31551.68,,26.11,,,96435.0,111742.0,419396.0,365549.0,30.0,16535.0,7.0,,,,474221.0,,659.0,0,,,,,0,89.0,12171000.0,60.0,4.0,1,,,,0,0,25.66,1000.0,10.0,1,0,,,,0,,,0,,,0,0,2,Dic-2023,1.224585333584034,10.661763918449745,8.706427903432106,78.5012051124342,13.23459289094086,36.91545489146975,67.60067838896316,5.15,271409.45371775416
305,BANCO JULIO SOCIEDAD ANONIMA,privado_nacional,15280614.0,9022.0,1492062.0,,1191109.0,1892720.0,5160520.0,-285836.0,-12711.0,97500.0,2148465.0,133785.0,233530.0,33999.0,43225.0,2758812.0,,223776.0,5906184.0,1403080.0,697080.0,7591106.0,,1710236.0,1940915.0,-5506424.0,-53370.0,,,-3430567.0,24826.0,-877220.0,14488655.0,755653.0,-102413.0,369486.0,101229.0,1456553.0,,50.0,136817.0,,413527.0,4711686.0,-1434614.0,4609750.0,9199277.0,6081337.0,50.0,48.0,14801.0,3135.0,1024228.0,9878905.0,20786.0,-177311.0,903590.0,,3328096.0,772012.0,-4137382.0,920817.0,,3505407.0,1400590.0,2828783.0,92.2,1.68,0.12,5.36,0.64,7.69,0.0,,,,,0.0,100.0,,,,,,0.0,4078.34,0.27,182.1,92.2,1.68,0.12,5.36,0.64,4078.61,7.69,0.0,,,,516.0,797.0,,53.0,69.0,757.0,2.0,5.0,,,,79.0,0,,,,,0,127.77,1000000.0,36.0,2.0,1,,,,0,0,25.59,500.0,8.0,1,0,,,,0,,,0,,,0,0,2,Dic-2023,5.052231539910634,12.694774191925228,2.5127063341498754,49.678016865029115,21.77985779890782,25.568276875596258,35.42322309617189,6.12,193425.49367088606
309,BANCO RIOJA SOCIEDAD ANONIMA UNIPER,publico,96944768.0,3905889.0,5443154.0,-849.0,1642147.0,11573700.0,33971875.0,-3373368.0,,368763.0,23742591.0,,1408119.0,74060.0,74418.0,1855602.0,202929309.0,,3334971.0,32662660.0,32662660.0,54946508.0,,4218869.0,7165387.0,-18489698.0,-1294008.0,,,-17446101.0,178026.0,-2784357.0,62230719.0,2983994.0,-221773.0,835902.0,608497.0,6292007.0,,,1222459.0,,7761494.0,33754425.0,-1377404.0,17266399.0,62510206.0,34434562.0,,68979.0,45544.0,8752027.0,10981390.0,44964320.0,2939.0,-1456007.0,12152313.0,3688.0,25573078.0,-1154650.0,-22795766.0,462687.0,523.0,26969789.0,59296.0,11274431.0,85.46,5.65,2.45,5.9,0.54,33.91,78.25,0.0,1.03,9.38,11.35,26.3,94.34,1.6,1.45,1.81,0.8,0.16,14857.21,5816.98,12398.12,3161.58,85.55,1.59,1.44,5.93,5.49,33072.31,17.84,44.92,102744.0,232.0,31880.0,1483.0,205170.0,57452.0,90.0,9265.0,65243.0,45.0,18.0,21513.0,218528.0,21513.0,342.0,0,,,,,0,110.96,5000000.0,72.0,2.0,1,,,,0,1,24.42,1000.0,3.0,1,0,,,,0,141.27,141.27,1,4210.0,7.0,1,1,3,Dic-2023,-1.1910390048073558,-3.3531717348401298,2.8153332689406647,56.678157195651856,26.37901820550027,13.04065947193587,38.40130816382741,12.86,283464.23391812865
310,BANCO DEL SOL S.A.,privado_nacional,65930168.0,18232423.0,98864.0,142967.0,,5975024.0,55586527.0,-727656.0,,322277.0,9429287.0,,837161.0,388697.0,67956.0,15384013.0,,,17989648.0,,1316982.0,39871228.0,,17707545.0,1040440.0,-33130225.0,-1022952.0,,,-18626977.0,,-4753777.0,55154659.0,610464.0,-8170557.0,2434413.0,1081862.0,3450442.0,,,743733.0,,588402.0,16937210.0,-3094540.0,25357304.0,44068658.0,21861510.0,,,1010.0,3151325.0,7520310.0,29797355.0,1958136.0,-488763.0,709502.0,2245.0,17422332.0,-4657152.0,-2126778.0,-33725017.0,,17911095.0,9866179.0,10751100.0,97.31,0.12,0.86,1.58,0.14,14.64,0.0,,,,,0.0,75.15,21.75,1.66,1.34,0.1,13.66,0.0,5671.9,12156.01,489.04,82.2,14.86,1.41,1.41,0.11,17827.91,13.97,0.0,3404.0,269.0,,589.0,186343.0,,14.0,13647.0,70181.0,,929.0,4741.0,279390.0,3650.0,259.0,1,13.24,250000000.0,240.0,2.0,1,129.47,9000000.0,48.0,3.0,1,45.37,40000000.0,4.0,1,1,27.46,1.0,34.0,1,0,,,,0,150.42,150.42,1,15000.0,4.0,1,0,5,Dic-2023,-7.063764800356644,-21.30297495461201,3.0158103442991817,60.474937664348126,26.425432436331725,2.6095007658153895,86.18833769064572,2.9299999999999997,254556.6332046332
312,BANCO VOII S.A.,privado_nacional,35611942.0,732523.0,504374.0,334534.0,,331402.0,11274998.0,-403909.0,,45664.0,,,3128425.0,241910.0,28971.0,7741341.0,,3253.0,17733955.0,,,24102472.0,,348466.0,342779.0,-36286783.0,-1884383.0,,,-6497954.0,,-972180.0,29947777.0,223515.0,,613530.0,707713.0,5130703.0,,,672328.0,,274721.0,5099879.0,-8899042.0,16384177.0,29905546.0,5706396.0,,,,3189728.0,8775972.0,13563600.0,,-192751.0,7420411.0,43.0,5072602.0,-5361686.0,10613334.0,-5568602.0,287.0,5265353.0,6512760.0,13815323.0,100.0,,,,,,98.62,0.0,1.38,0.0,,,93.47,1.83,2.27,1.64,0.8,,1071.22,0.0,4113.2,195.29,94.53,1.45,2.09,1.3,0.63,5184.42,,20.66,,,,131.0,1398.0,,73.0,536.0,78784.0,,,,,,66.0,0,,,,,0,161.04,18000000.0,48.0,19.0,1,,,,0,1,31.25,1000.0,11.0,1,0,,,,0,,,0,,,0,0,2,Dic-2023,-15.055865248797721,-93.95923451509499,6.240706393317253,67.68086952404899,14.24410384583913,1.422173626008154,-81.22570430484281,4.02,539574.8787878788
315,BANCO DE FORMOSA S.A.,publico,267850547.0,3846572.0,2056826.0,145409.0,,27675092.0,51650987.0,-2540643.0,,,38069234.0,46353.0,4690096.0,1757462.0,1218075.0,10650892.0,424396.0,1151291.0,70701867.0,,7198328.0,187501778.0,,3756956.0,88456677.0,-40434453.0,-1129319.0,,,-55241142.0,898903.0,-7753835.0,141334675.0,5363303.0,-107669.0,1875028.0,1357940.0,17998200.0,,160334.0,5923111.0,,12991621.0,75465600.0,-4978625.0,12516543.0,212574867.0,55275680.0,160334.0,168540.0,942201.0,15763825.0,21588293.0,128818132.0,1774634.0,-1006777.0,11136621.0,209577.0,38149807.0,3624693.0,-45355251.0,3624693.0,118904.0,39155533.0,1051.0,45729947.0,95.13,1.9,0.66,2.05,0.26,18.14,100.0,,,,,23.33,95.52,1.4,1.28,1.3,0.5,6.22,997.35,12835.7,29065.05,1050.73,95.5,1.52,1.07,1.49,0.42,42898.11,10.18,2.32,64920.0,274.0,128927.0,44243.0,603837.0,268880.0,373.0,14033.0,130073.0,22.0,1325.0,91123.0,451855.0,91123.0,554.0,0,,,,,0,90.16,8000000.0,36.0,10.0,1,24.36,40000000.0,35.0,1,0,25.59,500.0,4.0,1,1,11660.0,49511.0,16.0,1,101.27,101.27,0,15730.0,2.0,1,0,5,Dic-2023,1.3532520432000463,6.557482422649527,4.845721427579001,70.00238756279262,14.242945339215604,47.176447041478184,52.54345288915769,2.98,483484.7418772563
319,BANCO CMF S.A.,privado_nacional,326582252.0,,24007426.0,-105635.0,180910.0,196639231.0,72143313.0,-1418729.0,,23991738.0,85371053.0,1874678.0,2176907.0,2621967.0,18306.0,13231569.0,5573926.0,1410982.0,165446667.0,1616967.0,41994865.0,221009576.0,,9335530.0,90888888.0,-85682580.0,-996445.0,25736308.0,,-18622115.0,2655.0,-5164642.0,149472016.0,2814579.0,-1119006.0,1059154.0,265392.0,12555561.0,,5068997.0,14308349.0,8168364.0,8223348.0,111612166.0,-9944163.0,21196538.0,247873486.0,78708766.0,30805305.0,,,,4589541.0,128275478.0,113999.0,-2050019.0,10977564.0,,39467452.0,14733817.0,-37852046.0,6565453.0,1388.0,41517471.0,,38598382.0,99.99,0.0,0.01,0.0,,4.1,100.0,0.0,0.0,0.0,,4.9,100.0,,,0.0,,0.0,62878.01,6810.08,4.46,2090.78,100.0,0.0,0.0,0.0,,69692.55,4.82,90.22,7.0,1.0,,1099.0,1748.0,,21.0,42.0,132.0,1.0,1.0,,,,178.0,0,,,,,0,,,,,0,,,,0,1,25.9,1.0,8.0,1,0,,,,0,,,0,,,0,0,1,Dic-2023,4.51151797434479,18.719410491075415,4.149248788883312,67.67348030902794,12.08499597216324,41.12441173137222,28.38409500610981,0.0,1834731.7528089888
321,BANCO DE SANTIAGO DEL ESTERO S.A.,publico,457130160.0,872627.0,3308852.0,-107358.0,3902110.0,56493572.0,169845553.0,-2527410.0,,1294.0,30106562.0,,4783679.0,142014.0,98538.0,13778904.0,352704.0,,356081942.0,,,206407199.0,,2222363.0,44745140.0,-104072541.0,-13802303.0,,,-45311388.0,,-30458060.0,377583347.0,28086893.0,,2187940.0,3643874.0,46446282.0,,138743.0,2909719.0,,36336211.0,283179022.0,-3158634.0,4007815.0,255904694.0,201225466.0,138743.0,547819.0,87436.0,31268426.0,56741489.0,373575532.0,,-3017574.0,35313692.0,54058.0,72198860.0,-17860294.0,-224648825.0,31379913.0,,75216434.0,74944830.0,11448468.0,91.66,5.41,1.7,0.97,0.27,4.18,100.0,,,,,4.15,91.83,3.01,1.54,1.69,1.93,0.0,78.68,17211.2,58131.18,3017.57,91.8,3.55,1.58,1.52,1.55,75421.06,0.96,0.1,98500.0,250.0,479474.0,9837.0,1231762.0,446288.0,477.0,30163.0,576298.0,,,252497.0,1002946.0,177810.0,645.0,0,,,,,0,114.98,10000000.0,60.0,28.0,1,,,,0,0,23.15,15000.0,7.0,1,0,,,,0,112.98,112.98,1,285.56,32.0,1,1,3,Dic-2023,-3.907047830753499,-8.875762275536239,2.271731153550913,45.15282890107273,15.793939301664103,21.678090791784836,15.744306069441084,4.65,708728.9302325582
322,BANCO INDUSTRIAL S.A.,privado_nacional,770685987.0,,9849096.0,-29709.0,1024141.0,178573036.0,111137368.0,-20812843.0,,31786754.0,154826782.0,2940947.0,46350433.0,947223.0,1050751.0,258024595.0,,11107523.0,1629832163.0,46223740.0,12540740.0,506940015.0,,23259466.0,76097139.0,-358487919.0,-8514673.0,,,-88472615.0,,-43456375.0,577747078.0,33966892.0,-772504.0,1910068.0,31759405.0,81249866.0,,,36205634.0,,16504052.0,416373978.0,-53574068.0,147167921.0,624692209.0,145993778.0,,438350.0,183523.0,13308918.0,29874947.0,430579157.0,,-14274758.0,78684240.0,113171.0,54125417.0,34856410.0,-51904962.0,34856410.0,4370788.0,64029387.0,4552049.0,94651342.0,95.05,0.44,3.96,0.41,0.13,6.75,97.56,0.59,0.4,0.01,1.44,1.8,93.48,1.6,1.88,2.18,0.85,0.04,150138.55,13880.9,15807.8,16754.83,97.01,0.67,0.81,0.23,1.29,179827.25,2.03,83.49,1350.0,148.0,73415.0,15347.0,746069.0,300401.0,67.0,11506.0,185599.0,,,9174.0,482453.0,7394.0,733.0,0,,,,,0,300.16,99999999.0,70.0,13.0,1,,,,0,1,21.94,1000.0,11.0,1,1,11246.62,51734.05,23.0,1,214.07,214.07,1,12116.94,8.0,1,1,4,Dic-2023,4.522777186553413,23.875270903668238,5.278896111586344,65.77776468641046,7.023018182890615,15.011073647441306,36.15386244933818,2.33,1051413.3519781718
331,BANCO CETELEM ARGENTINA S.A.,extranjero,1575938.0,,,,,,3720759.0,,,,12091.0,,125819.0,29795.0,1097.0,,,,,,,,,,895120.0,-101368.0,-908.0,,,-1323393.0,,,689820.0,654.0,,,,169386.0,,,,,-315396.0,48920.0,-101368.0,,287434.0,1288504.0,,,,,,689820.0,,,5958.0,118048.0,499363.0,-2432255.0,-1382761.0,-2432255.0,499363.0,,,758.0,,,,,,,100.0,,,,,,,,,,,,499.36,,,,100.0,,,,,499.36,,100.0,,,,,,,,,,,,,,,5.0,0,,,,,0,,,,,0,,,,0,0,,,,0,0,,,,0,,,0,,,0,0,0,Dic-2023,-154.3369726474011,-188.76580903124864,1.2230757529662306,,31.686716101775573,,224.99107443411913,,315187.6
332,BANCO DE SERVICIOS FINANCIEROS S.A.,privado_nacional,54948490.0,891329.0,,-668985.0,,,21096620.0,-4945079.0,,,,,6954930.0,271729.0,132104.0,,,,,,,159630.0,,,2363428.0,-13780465.0,-6033460.0,,,-13916169.0,,773583.0,28311698.0,13538447.0,,2464727.0,15431.0,5586990.0,,,35390528.0,,42874580.0,1557619.0,-1342237.0,219.0,41582860.0,13365630.0,,,,1011584.0,144199.0,28311479.0,,-2694173.0,193451.0,445712.0,42987733.0,-7730990.0,-11509813.0,-7730990.0,,45681906.0,,,100.0,,,,,,,,,,,,87.55,3.6,2.59,4.22,2.04,,,5.36,48200.22,3032.43,87.56,3.6,2.59,4.22,2.04,48205.58,,99.99,,,,,,,1.0,,490656.0,,,629728.0,,551718.0,184.0,0,,,,,0,952.11,300000000.0,36.0,4.0,1,,,,0,0,,,,0,0,,,,0,0.0,0.0,1,1028.5,6.0,1,0,2,Dic-2023,-14.069522201610999,-57.84231644898146,4.111178448004321,0.29050843799347353,78.23278310286598,1480.566309590929,63.15134356073773,8.85,298633.097826087
338,BANCO DE SERVICIOS Y TRANSACCIONES,privado_nacional,162280823.0,376145.0,11367325.0,-46847.0,,17756009.0,12020152.0,-3413278.0,-333.0,14601518.0,10670203.0,2099635.0,10352288.0,230587.0,674334.0,36606060.0,10622.0,910710.0,611154338.0,7848901.0,15008843.0,71846795.0,,8259885.0,7699233.0,-40749675.0,-2502310.0,,,-26960886.0,3646.0,-19282436.0,124889943.0,7177685.0,-341715.0,4845473.0,1409070.0,22886924.0,,,33885994.0,,2858053.0,49000734.0,-8585822.0,62603557.0,130046959.0,32233864.0,,,,147762.0,14537212.0,62286386.0,,-946872.0,1005682.0,1427246.0,26146377.0,20213712.0,-17570613.0,20213712.0,10.0,27093249.0,1004504.0,65600729.0,99.3,0.0,0.05,0.64,0.0,26.99,100.0,0.0,0.0,0.0,,19.62,99.39,0.17,0.28,0.16,,14.67,37935.94,11832.87,224.61,2553.88,99.83,0.0,0.01,0.15,0.0,49993.43,21.34,75.88,1.0,1.0,,785.0,599.0,,8.0,73.0,4382.0,1.0,,,1762.0,,128.0,0,16.1,12000000.0,120.0,1.0,1,,,,,0,,,,0,0,27.0,1000.0,5.0,1,0,,,,0,,,0,,,0,1,2,Dic-2023,12.45600781800324,62.709552909945884,5.034482462294933,44.27312708415337,16.11180946500376,10.716181563840113,30.35601059601629,0.16,1267818.9296875
340,BACS BANCO DE CREDITO Y SECURITIZAC,privado_nacional,148814589.0,417369.0,,-1398.0,,123036601.0,8169363.0,-65801.0,,,1886992.0,,764292.0,25017.0,40449.0,,3946338.0,127992863.0,1319731631.0,466127.0,561006.0,131840181.0,,1030559.0,723106.0,-71204596.0,-536537.0,,,-6574608.0,1965.0,-763107.0,84316174.0,921023.0,-125912.0,16755.0,5596131.0,3309649.0,,2332055.0,4506750.0,,1129549.0,130398285.0,-6280513.0,13527968.0,139656580.0,9158009.0,2332055.0,,,,3207449.0,70788206.0,611.0,-25500.0,380003.0,,5369788.0,988646.0,-6004638.0,988646.0,3343159.0,2052129.0,,8429691.0,,,,,,,99.89,0.0,,0.11,0.0,2.66,79.59,1.46,4.89,0.0,14.06,99.9,8483.93,,2.88,56.38,99.88,0.0,0.0,0.11,0.0,8486.81,2.69,99.97,,,,,65.0,,7.0,,734.0,85.0,8.0,,,,69.0,0,,,,,0,,,,,0,,,,0,0,21.94,1.0,5.0,1,0,,,,0,,,0,,,0,0,1,Dic-2023,0.6643474988866851,10.795425075472192,16.249666166521568,88.59358607642965,3.6083747138528204,0.5484716377930337,48.715003129801396,0.11,2156733.1739130435
341,BANCO MASVENTAS S.A.,privado_nacional,17724625.0,37304.0,201386.0,38578.0,94571.0,5108856.0,3539670.0,-167196.0,,,22674.0,,430053.0,143193.0,44893.0,728508.0,,,93732.0,,3002665.0,11217595.0,,882835.0,4372074.0,-5941313.0,-892585.0,,,-3110419.0,2323.0,-250396.0,9463171.0,1527933.0,-196001.0,396078.0,325464.0,1780547.0,,,244684.0,31880.0,413586.0,3940822.0,-242284.0,4068832.0,13341573.0,4383052.0,,6825.0,79559.0,1168738.0,4938417.0,5394339.0,773.0,-150823.0,4951749.0,19188.0,2757473.0,-371147.0,-995438.0,843382.0,,2908296.0,1162.0,1133754.0,94.39,0.14,0.01,5.12,0.33,2.74,42.46,,57.54,,0.0,,86.77,5.25,2.76,3.92,1.3,0.07,10.98,1141.46,1662.2,156.47,89.69,3.16,1.86,4.39,0.91,2814.63,1.15,0.39,1401.0,62.0,,377.0,9644.0,,117.0,4695.0,60804.0,4.0,1.0,2614.0,4705.0,2614.0,103.0,0,,,,,0,86.59,15000000.0,36.0,64.0,1,,,,0,1,26.83,100.0,19.0,1,1,1459.9,4383.11,12.0,1,138.28,138.28,1,8780.97,20.0,1,1,4,Dic-2023,-2.0939624956804446,-8.46777542224003,4.043900232075732,63.2881936853389,15.55729951973596,38.975145742024026,74.81993916106154,7.16,172083.73786407767
384,UALA BANK S.A.U.,privado_nacional,27138311.0,851374.0,,,,20125166.0,36408923.0,-13516.0,,,19215.0,,1370538.0,21651.0,1789.0,,,,10247063.0,,,20960184.0,,42892.0,12263400.0,-1542648.0,-1766742.0,,,-4409559.0,,,6860263.0,1359422.0,,3127.0,221461.0,1664960.0,,,130545.0,,287425.0,11114045.0,-299705.0,2700224.0,22755689.0,4382622.0,,,,32.0,588912.0,4160039.0,,-12877.0,47510.0,,320599.0,-5759558.0,-6246357.0,-32026301.0,,333476.0,,1170845.0,0.0,,,,,,100.0,,,,,,96.31,0.84,0.72,1.29,0.84,0.14,45.64,0.0,287.83,12.88,96.82,0.72,0.62,1.11,0.72,333.48,0.12,13.69,,,,,811042.0,,,691.0,3206.0,,,16017.0,74720.0,16017.0,60.0,0,,,,,0,390.99,10000000.0,24.0,1.0,1,,,,0,1,30.0,1000.0,9.0,1,0,,,,0,211.22,211.22,0,0.0,1.0,1,1,3,Dic-2023,-21.222978836081584,-131.4180871633465,6.192254545338384,77.2346665199614,1.1813520745635202,58.50807416576114,89.80232348565616,2.45,452305.18333333335
389,BANCO COLUMBIA S.A.,privado_nacional,181902026.0,1656540.0,686734.0,368349.0,,18116655.0,11852252.0,-3744629.0,,695000.0,25143.0,,51880987.0,1103645.0,2115.0,38182781.0,,38394.0,53639813.0,4042417.0,33942585.0,103445886.0,,129409.0,12751857.0,-81847485.0,-8455840.0,,,-35605761.0,,-1151588.0,109300993.0,13217406.0,-808.0,3166682.0,2080617.0,11316954.0,1333623.0,323623.0,51411628.0,,12214403.0,50494563.0,-6708166.0,215095.0,167777323.0,14124703.0,323623.0,,,22019457.0,37981879.0,109085898.0,,-2300833.0,11548517.0,269232.0,36283393.0,2272451.0,672851.0,2272451.0,,38584226.0,5480863.0,16962546.0,99.21,0.33,0.36,0.1,0.0,,100.0,0.0,,,0.0,,87.32,4.56,2.89,3.31,1.92,0.0,6797.91,34.07,36347.29,2348.13,89.33,3.84,2.43,2.78,1.62,43179.27,0.0,15.74,1030.0,100.0,182989.0,1140.0,450526.0,286143.0,122.0,30674.0,213935.0,,,237519.0,488282.0,237519.0,774.0,0,,,,,0,286.0,20000000.0,36.0,3.0,1,97.27,50000000.0,3.0,1,1,18.39,1000.0,5.0,1,0,14599.0,14599.0,1.0,1,150.0,150.0,1,15946.16,3.0,1,1,5,Dic-2023,1.2492719569819415,16.088486957920463,12.878290325821364,56.8690125529443,19.94666788373209,12.327079880199394,110.52515663940427,6.83,235015.53746770025
426,BANCO BICA S.A.,privado_nacional,68272969.0,159769.0,1185119.0,517827.0,333145.0,10457459.0,12495782.0,-499593.0,-5689.0,4328590.0,4830824.0,,3975235.0,542830.0,294126.0,8498324.0,,7369521.0,45395180.0,,,43746249.0,,9318536.0,8625651.0,-33355769.0,-898163.0,,,-8645758.0,312874.0,-1405603.0,51925743.0,3584076.0,-236537.0,731097.0,967190.0,2945145.0,,,6811970.0,,2283161.0,30740820.0,-4219213.0,8124786.0,53527034.0,14745935.0,,6601.0,19668.0,2247335.0,19673737.0,43800957.0,85158.0,-258382.0,3335076.0,4002.0,16180499.0,2499281.0,-12306233.0,2250153.0,3.0,16438881.0,3692482.0,4916173.0,99.28,0.26,0.09,0.29,0.08,18.1,100.0,,,,,23.05,97.13,0.7,0.63,1.36,0.19,0.0,2700.56,5351.08,8060.83,261.08,98.32,0.44,0.34,0.78,0.12,16112.47,9.87,16.76,2446.0,282.0,,4243.0,56616.0,,3442.0,1840.0,173030.0,8.0,15.0,13520.0,45126.0,5845.0,1312.0,0,,,,,0,84.42,8000000.0,60.0,63.0,1,,,,0,1,26.83,500.0,12.0,1,1,20469.29,64000.53,32.0,1,185.34,185.34,1,13973.0,8.0,1,1,4,Dic-2023,3.6607181972707235,16.948948981532876,4.629951847746515,64.07550402561225,23.69971489009069,19.717464233333466,40.67465168590706,1.2400000000000002,52037.32393292683
431,BANCO COINAG S.A.,privado_nacional,63791798.0,908521.0,2911097.0,-68512.0,903586.0,6460128.0,8649533.0,-1074998.0,-2835.0,4353213.0,972697.0,,1754283.0,99822.0,71383.0,8858477.0,,1639954.0,22531729.0,138460.0,,42991828.0,,11959414.0,6923447.0,-24439628.0,-3700312.0,,,-12448121.0,,-4786195.0,53527206.0,4551466.0,-303128.0,1665006.0,577322.0,4538328.0,,610257.0,2118712.0,,1459185.0,23150392.0,-4147699.0,15683957.0,49648868.0,14142930.0,610257.0,,,1095062.0,11661931.0,37843249.0,2079.0,-889433.0,3431461.0,,17836202.0,5182325.0,-6502311.0,5493397.0,88690.0,18717368.0,8267.0,8273649.0,97.24,0.46,0.74,1.11,0.45,8.32,71.23,0.0,28.77,,,0.0,97.87,0.84,0.49,0.49,0.32,0.63,3400.2,11294.49,5193.13,899.56,92.96,0.48,5.47,0.76,0.34,19887.82,4.89,17.1,3729.0,191.0,470.0,3770.0,16356.0,,445.0,1318.0,49154.0,,1.0,10752.0,23826.0,10295.0,195.0,0,,,,,0,34.5,2500000.0,48.0,13.0,1,88.37,50000000.0,24.0,1,1,25.59,100.0,22.0,1,1,15000.0,32800.0,15.0,1,97.51,97.51,1,6200.0,4.0,1,1,5,Dic-2023,8.123810838503093,36.64251325573979,4.510507935767199,67.39397437896326,27.96002395166852,16.10410006292359,41.57865136038493,6.569999999999999,327137.42564102565
432,BANCO DE COMERCIO S.A.,privado_nacional,37926253.0,79290.0,1680031.0,5420.0,2347.0,5159192.0,8184032.0,-88150.0,,355780.0,12344365.0,,2603628.0,21962.0,,6963217.0,107212.0,115832.0,16537203.0,4811750.0,8693750.0,13363853.0,,5202806.0,14166536.0,-9420399.0,-377801.0,,,-4625860.0,,-2174265.0,25239751.0,1405996.0,-1533860.0,380033.0,67993.0,3978496.0,,,10200165.0,,311484.0,7426495.0,-2947606.0,14735060.0,27568992.0,10357261.0,,764.0,17936.0,516622.0,1012857.0,10504691.0,396.0,-94790.0,2329418.0,8542.0,7163958.0,5188874.0,-4772085.0,2173229.0,695816.0,6562932.0,,4153817.0,99.62,0.03,0.06,0.28,0.02,8.43,100.0,0.0,,,,25.21,95.81,1.04,1.19,1.71,0.25,0.15,2238.83,5317.99,663.49,94.79,99.41,0.1,0.14,0.32,0.03,8220.31,12.33,27.24,76.0,9.0,,1484.0,1263.0,,57.0,25.0,28599.0,,9.0,719.0,1963.0,627.0,107.0,0,,,,,0,125.45,30000.0,24.0,5.0,1,131.62,350000.0,3.0,1,0,39.16,1000.0,5.0,1,0,41915.5,345674.31,5.0,1,461.06,103.62,1,9300.0,3.0,1,1,5,Dic-2023,13.681483377754192,50.09890163046003,3.6618033474294025,35.23641789764994,18.889179482085932,106.00637405993616,27.457172251841765,0.49,354450.96261682245
435,BANCO SUCREDITO REGIONAL S.A.U.,privado_nacional,3307397.0,49452.0,24855.0,,,11533.0,5019422.0,-37135.0,,480414.0,378320.0,,339268.0,,2.0,97443.0,,214426.0,2746083.0,,,307735.0,,316331.0,86282.0,-363872.0,-10543.0,,,-1156311.0,,213157.0,4298956.0,12698.0,,32934.0,4992.0,170054.0,,,1452.0,,312.0,2376702.0,-215990.0,2181332.0,479241.0,2828156.0,,1206.0,,17877.0,193455.0,2117624.0,,-25594.0,88084.0,,366403.0,1026258.0,-1916822.0,-2191266.0,,391997.0,,,75.83,0.0,24.17,0.0,0.0,6.04,,,,,,,99.22,0.0,0.0,0.78,0.0,,,372.38,19.63,25.6,77.0,0.0,22.96,0.04,0.0,392.01,5.74,5.01,197.0,1.0,,25.0,368.0,,,21.0,141.0,,,,,,3.0,0,,,,,0,83.07,50000000.0,24.0,6.0,1,,,,0,0,27.15,1000.0,18.0,1,0,,,,0,196.08,,0,7005.9,5.0,1,1,3,Dic-2023,31.02917490703414,36.28717793502197,1.1694535237801593,9.304446971440077,11.078289059341833,28.037759760833186,29.36857528841912,23.0,1102465.6666666667
448,BANCO DINO S.A.,privado_nacional,30454381.0,22235.0,589547.0,,,3161956.0,8579009.0,-60215.0,,427264.0,1247856.0,,793445.0,59248.0,8611.0,258508.0,,7707919.0,9552225.0,4726104.0,4726104.0,15633863.0,,970715.0,2229621.0,-13729581.0,-497906.0,,,-2007801.0,24404.0,-304115.0,24906617.0,1034385.0,-146900.0,62848.0,517840.0,1080257.0,,,4352003.0,,968906.0,8319960.0,-500432.0,3158145.0,21102150.0,9352231.0,,854.0,35717.0,100000.0,11675256.0,21748472.0,,-58353.0,148682.0,310.0,2511167.0,409945.0,-8915721.0,773222.0,274.0,2569520.0,,16428417.0,99.99,0.0,0.01,0.0,0.0,3.38,90.34,0.0,9.66,0.0,,9.1,96.18,0.81,0.58,1.53,0.9,3.97,1076.25,415.92,1083.63,58.35,94.35,0.34,4.28,0.65,0.38,2575.81,6.02,41.78,1791.0,24.0,,169.0,6628.0,,62.0,734.0,271097.0,1.0,,11204.0,9844.0,7520.0,38.0,1,16.08,320302000.0,180.0,6.0,1,157.84,2000000.0,18.0,1.0,1,,,,0,1,23.75,1000.0,4.0,1,1,16940.0,30250.0,3.0,1,149.91,149.91,0,9084.08,1.0,1,0,5,Dic-2023,1.3460953286162671,4.383392583010407,3.2563760454590995,51.33534974820208,8.24566751167919,14.26148482943723,17.140892379443745,5.3100000000000005,801431.0789473684
7,BANCO DE GALICIA Y BUENOS AIRES S.A,privado_nacional,21692306233.0,229096568.0,422033149.0,-132699699.0,44656757.0,8460653361.0,3079304456.0,-434112928.0,-128267.0,15577160021.0,2372436971.0,24816548.0,461614726.0,72728672.0,12842083.0,1399054430.0,22836175.0,251473900.0,38119368911.0,1134635222.0,944885902.0,14268420141.0,,3393899488.0,5284748505.0,-2939750149.0,-395722940.0,71567.0,,-1257024760.0,316899790.0,-541459699.0,7533475868.0,780989191.0,-23922226.0,481238316.0,211155319.0,359266147.0,266114122.0,949291543.0,2159532687.0,32859049.0,3247431254.0,1006845355.0,-691364398.0,1560035619.0,17286376034.0,4405930199.0,949363110.0,1475749.0,1176890.0,1028720014.0,3878747612.0,5973440249.0,259543523.0,-308260099.0,698228462.0,231866047.0,8832468790.0,1359484792.0,-1941525374.0,1326625743.0,146974298.0,8993015342.0,739249.0,4158991663.0,98.16,0.43,0.58,0.5,0.33,19.3,99.73,0.04,0.23,0.0,0.0,5.57,93.1,3.41,1.83,1.56,0.1,11.66,4084769.98,2112699.39,4452774.68,327293.4,96.65,1.53,0.97,0.75,0.11,10650244.05,10.84,38.35,1350833.0,262226.0,429274.0,453309.0,7267812.0,624203.0,8771.0,460953.0,4742267.0,6956.0,3427.0,4380291.0,6240600.0,3069192.0,5675.0,1,12.0,999999999.0,240.0,1.0,1,30.0,24800000.0,72.0,2.0,1,34.0,57000000.0,18.0,1,1,26.83,100.0,12.0,1,1,27000.0,70000.0,56.0,1,133.44,133.44,1,18500.0,12.0,1,1,6,Dic-2024,6.267128895367738,30.855795044337242,4.923433929553272,65.7764093302988,40.71705744483439,37.038077466014535,25.24657134564529,1.83,3822432.816387665
11,BANCO DE LA NACION ARGENTINA,publico,47967263079.0,,233467964.0,-14903011.0,52027850.0,5038191261.0,10534641360.0,-400019701.0,-3050065.0,4597362010.0,21538057544.0,,716464549.0,716925118.0,168099499.0,1378198212.0,2780078770.0,168489816.0,22480458582.0,,1.0,31046332752.0,,4988841445.0,4177227558.0,-9985219093.0,-453293832.0,235676989.0,829775635.0,-1788302150.0,676243381.0,-1746429431.0,25345942955.0,495424728.0,-159974079.0,3394897814.0,510477368.0,1144984990.0,,844736307.0,508610064.0,-1282467122.0,3080478042.0,5325400184.0,-1310256961.0,16395544855.0,32817609943.0,15149653136.0,1080413296.0,58570210.0,34209402.0,1565221093.0,11220181123.0,8950398100.0,630083636.0,-351453329.0,1151910764.0,83472735.0,15042969953.0,3313035071.0,-7023507593.0,4615011776.0,1500000.0,14391306220.0,1001617062.0,19532503080.0,98.56,1.06,0.12,0.11,0.15,26.82,97.12,0.97,0.11,0.31,1.5,9.85,96.1,2.37,0.62,0.46,0.45,53.23,6373813.52,3716240.83,5799280.62,413780.65,97.09,1.5,0.3,0.32,0.8,15889334.96,29.65,40.11,1144348.0,33786.0,7184888.0,322054.0,20250566.0,4944838.0,57523.0,1066088.0,4548393.0,66194.0,20695.0,5081452.0,21095087.0,2429554.0,16847.0,1,6.17,521192700.0,360.0,24.0,1,45.37,100000000.0,72.0,5.0,1,,,,0,1,25.66,100.0,10.0,1,1,9427.0,75038.0,12.0,1,103.18,103.18,0,8801.54,1.0,1,1,5,Dic-2024,6.9068670137455515,21.868718981606655,3.166228470605428,64.7240029118777,31.360909477417714,13.454817969542324,11.61019939548014,1.42,2847228.7694545025
14,BANCO DE LA PROVINCIA DE BUENOS AIR,publico,14770115398.0,25693808.0,153518128.0,-139305864.0,28064280.0,3872183452.0,2938164586.0,-87167403.0,-203835.0,7309981922.0,1799857915.0,2694741.0,151374224.0,173888182.0,63878260.0,1079744856.0,425250086.0,13259503.0,4815552660.0,,1239486183.0,10700866583.0,-35913.0,1855720647.0,2242988800.0,-3428232938.0,-782505361.0,,42538314.0,-1480327626.0,57364746.0,,6443824067.0,455169909.0,-16972622.0,956039880.0,147655223.0,238959886.0,,242715679.0,714963774.0,-39949043.0,1812211124.0,614233848.0,-665191352.0,3022745644.0,11763499015.0,3006616383.0,242679766.0,11721257.0,5649461.0,1113345662.0,3477290238.0,3421078423.0,141617814.0,-116545932.0,1252275739.0,103059311.0,5830674384.0,28502754.0,-1100366743.0,68451797.0,2.0,5933335680.0,13884634.0,4325176237.0,98.39,0.92,0.37,0.22,0.1,11.86,98.36,1.59,0.0,0.04,,4.2,95.74,1.74,1.3,0.83,0.39,2.24,1253743.43,1691595.62,3390120.93,118169.35,96.97,1.49,0.8,0.51,0.24,6335459.98,5.19,19.79,1297945.0,23501.0,1439705.0,1207704.0,12327538.0,1295656.0,44367.0,329365.0,4686910.0,25373.0,6474.0,5231215.0,11553671.0,2265627.0,10401.0,0,37.22,345689450.0,240.0,60.0,1,77.88,50000000.0,60.0,22.0,1,,,,0,1,24.48,100.0,20.0,1,1,24700.0,85000.0,72.0,1,40.42,40.42,1,0.0,11.0,1,1,5,Dic-2024,0.19297583825147036,0.94800102072084,4.912537389709287,72.44944467020879,39.47615998172582,20.960814552751632,55.06647446763673,1.55,1420066.8587635804
15,INDUSTRIAL AND COMMERCIAL BANK OF C,extranjero,7607866008.0,105861793.0,159610348.0,-3138731.0,2350503.0,2152753533.0,1417488571.0,-107098062.0,-14195.0,5410716395.0,559829840.0,12324687.0,208460029.0,21111480.0,22191246.0,1012777098.0,,56216680.0,22237066085.0,505399970.0,440480261.0,4655877519.0,,104569051.0,1376719905.0,-1112828707.0,-125730021.0,,,-659485828.0,22696685.0,-33028280.0,2845191268.0,187004996.0,-5560242.0,65241686.0,87389734.0,171753836.0,,4900526.0,1090328074.0,-113239195.0,1638843293.0,236329288.0,-236064752.0,1336822364.0,6021956536.0,1585909472.0,4900526.0,672555.0,10219495.0,123100731.0,1290357381.0,1508368904.0,419887132.0,-77828352.0,328023192.0,93777612.0,2455603496.0,54934813.0,-758537576.0,168420901.0,7569576.0,2525235758.0,626514.0,2876620034.0,98.55,0.71,0.38,0.16,0.21,21.6,99.86,0.14,0.0,0.0,0.0,17.02,95.44,2.17,1.49,0.79,0.11,8.03,1363338.09,330510.68,1277904.64,82255.46,97.81,1.08,0.68,0.36,0.07,2971753.41,13.66,45.88,207523.0,14506.0,77004.0,147574.0,1803462.0,6293.0,2125.0,81585.0,1073334.0,188.0,15765.0,1585465.0,1620488.0,1189065.0,3413.0,1,9.27,300000000.0,240.0,2.0,1,147.19,145000000.0,96.0,8.0,1,67.97,130000000.0,7.0,1,1,23.89,1000.0,6.0,1,1,26000.0,76000.0,3.0,1,120.78,120.78,0,0.0,8.0,1,1,6,Dic-2024,0.7220791341781476,3.4639311997248736,4.797162853441864,61.19820609490419,32.27716541560836,29.56950433901653,36.76806571915988,1.11,2229084.678581893
16,CITIBANK N.A.,extranjero,4252712440.0,,99580850.0,,142603.0,548088386.0,1104744507.0,-39754321.0,,305155090.0,320959244.0,3221227.0,390573096.0,383106.0,1683701.0,1459418029.0,,31069531.0,3108493709.0,309754121.0,125969562.0,2010410925.0,,174045440.0,1393659670.0,-157682727.0,-33689660.0,,,-413432090.0,13430086.0,216451425.0,1465306348.0,154607225.0,-6668999.0,92486638.0,1518163.0,132782923.0,,,398351706.0,80141.0,390888786.0,812752886.0,-137658598.0,507196089.0,2552404009.0,1700308431.0,,48197.0,16594.0,,,958110259.0,5492358.0,-52607994.0,64090683.0,10841861.0,717111829.0,-156270497.0,-1434988594.0,595563924.0,464664.0,769255159.0,,871112249.0,,,,,,,100.0,0.0,,0.0,,9.49,,,,,,,847509.09,,,54943.65,100.0,0.0,,0.0,,847509.09,9.49,100.0,,,,2081.0,714.0,,,,1179.0,56.0,47.0,,,,1059.0,0,,,,,0,,,,,0,,,,0,0,,,,0,0,,,,0,,,0,,,0,0,0,Dic-2024,-3.674607658165573,-9.190714705101643,2.501141770789702,47.273615448120914,16.862457528400395,69.32212975314984,28.94085897219627,0.0,4015781.34088763
17,BANCO BBVA ARGENTINA S.A.,extranjero,14486092511.0,68621326.0,633511468.0,-22417197.0,150144580.0,4569129641.0,2225621964.0,-212430079.0,,12069845918.0,2106954324.0,23338252.0,478514630.0,108704245.0,12603178.0,1762401617.0,,234418539.0,31317355057.0,764767332.0,784084062.0,9961696169.0,,1862633660.0,2816873683.0,-2094444014.0,-332106309.0,53417266.0,,-1138905552.0,47015726.0,-66875894.0,5076193430.0,554655844.0,-102076679.0,349231995.0,110735344.0,515883474.0,,44463797.0,1379222637.0,-328990098.0,3519456296.0,476629758.0,-526314044.0,1734316719.0,11907228110.0,2578864401.0,97881063.0,4560288.0,3423219.0,759593013.0,3309473565.0,3341876711.0,70239601.0,-167731920.0,646164404.0,47002611.0,7122612459.0,24252339.0,-1415780136.0,353242437.0,172191770.0,7117187883.0,964726.0,2600752068.0,99.08,0.27,0.2,0.2,0.25,3.27,99.9,0.0,0.09,0.01,0.0,0.54,95.64,1.82,1.39,1.06,0.08,8.26,3686324.98,813639.15,3157566.86,168847.25,98.06,0.78,0.64,0.46,0.06,7657531.0,4.02,48.14,866488.0,68687.0,386663.0,2239373.0,6437239.0,258673.0,5970.0,294253.0,3417520.0,4298.0,15230.0,5216767.0,4232586.0,5300275.0,6193.0,1,7.76,999999999.0,360.0,13.0,1,249.85,70000000.0,72.0,7.0,1,28.0,55000000.0,4.0,1,1,22.54,1000.0,12.0,1,1,22900.0,78900.0,49.0,1,106.41,106.41,1,28900.0,8.0,1,1,6,Dic-2024,0.1674180872556489,0.9404270728850935,5.617236992136059,68.76731017308909,49.16862469013953,28.27704875968698,35.54304917912137,1.1600000000000001,2339107.4618117227
20,BANCO DE LA PROVINCIA DE CORDOBA S.,publico,4231255382.0,54640853.0,24343733.0,-22009744.0,7941510.0,615217125.0,438069052.0,-33969866.0,,1325890554.0,580649878.0,,167159813.0,4843346.0,14674725.0,172611427.0,,3082519.0,1238438911.0,46160590.0,722742569.0,3097896822.0,,249832652.0,387371311.0,-1004199389.0,-60159444.0,,,-440597354.0,174553420.0,-64083959.0,1800987961.0,143003261.0,-20532990.0,449664052.0,28803245.0,157775036.0,,9527436.0,286513769.0,,652837757.0,168159068.0,-148429280.0,1173815525.0,3581794018.0,649461364.0,9527436.0,3344573.0,14957214.0,330379376.0,1477092111.0,627172436.0,14171415.0,-33136948.0,166021742.0,24651177.0,1865368812.0,105110167.0,-268941867.0,211392312.0,1228.0,1853239671.0,45266089.0,1401720264.0,99.33,0.24,0.12,0.26,0.05,10.95,97.5,1.24,0.0,1.26,0.0,6.47,97.35,1.26,0.64,0.59,0.16,32.28,383759.8,250989.32,1375577.61,33263.65,97.63,1.13,0.45,0.68,0.12,2010326.73,24.69,19.09,228749.0,2278.0,604251.0,623650.0,2812381.0,480784.0,1856.0,173398.0,1306587.0,8834.0,987.0,951566.0,733843.0,649318.0,2014.0,1,8.9,468092500.0,240.0,12.0,1,114.99,138720000.0,72.0,7.0,1,,,,0,1,25.37,100.0,17.0,1,0,14000.0,14000.0,3.0,1,369.88,369.88,1,4345.99,18.0,1,1,5,Dic-2024,2.4841366807388794,16.184206301762394,6.51502247329989,73.21460281453652,44.08546976236378,12.504332237569917,50.088805222473454,1.25,2100921.242303873
27,BANCO SUPERVIELLE S.A.,privado_nacional,4291845949.0,94493198.0,79537627.0,1420822.0,96263082.0,1687785002.0,573268700.0,-52659890.0,,1591828310.0,838898084.0,61262033.0,155816064.0,14082050.0,4580588.0,386100742.0,647.0,27379816.0,1803269596.0,38216354.0,23087180.0,3173735660.0,,627605603.0,641673629.0,-958935129.0,-80475120.0,,,-475814812.0,122296694.0,-31996992.0,1873410070.0,148247850.0,-32690209.0,203050173.0,21685966.0,99999015.0,,8493.0,307264746.0,-13991812.0,654239538.0,76519382.0,-113147107.0,534440670.0,3623410809.0,668435140.0,8493.0,208394.0,1917670.0,285710093.0,898408761.0,1338969400.0,184075766.0,-48418781.0,98417508.0,40493718.0,2100465799.0,81241166.0,-250452994.0,95166440.0,20406639.0,2125246107.0,3231834.0,966718367.0,96.0,2.4,0.86,0.5,0.24,35.31,98.04,1.13,0.8,0.03,0.0,5.49,96.89,1.5,0.89,0.63,0.09,29.19,1075772.04,589900.18,819105.78,49855.76,97.18,1.55,0.84,0.34,0.09,2484778.0,20.38,43.29,172248.0,13835.0,613292.0,40840.0,1809646.0,801994.0,2015.0,48537.0,1861727.0,2113.0,28127.0,852390.0,2194419.0,674681.0,3056.0,1,18.39,99999999.0,180.0,54.0,1,176.31,75000000.0,72.0,48.0,1,49.65,85250000.0,16.0,1,1,23.6,100.0,20.0,1,1,0.0,83400.0,52.0,1,142.75,142.75,1,10800.0,11.0,1,1,6,Dic-2024,1.892918966929118,12.153934037639015,6.420736571389709,73.94803303085658,48.94084792324404,20.218244294485448,48.441429391793385,1.27,1404399.852421466
29,BANCO DE LA CIUDAD DE BUENOS AIRES,publico,6742856993.0,26246250.0,88910782.0,-124139.0,8471291.0,1141818622.0,958031998.0,-35548179.0,-885856.0,2328247941.0,1792643255.0,1518704.0,65875934.0,27037328.0,17643571.0,159200337.0,75906292.0,2840409.0,110599124.0,,129029000.0,4861000748.0,,508315315.0,1020968365.0,-1344869309.0,-80259261.0,,,-336143369.0,123743321.0,-123589807.0,3213198617.0,81691690.0,-1112906.0,437555460.0,14325651.0,75706858.0,,1985165.0,170713252.0,-17291116.0,445066644.0,1267287184.0,-200026481.0,1708590043.0,5121886493.0,1620970500.0,1985165.0,,,196359920.0,683681641.0,1504608574.0,13768731.0,-42179708.0,161232677.0,14465635.0,1781984550.0,360078597.0,-904700770.0,662938502.0,29.0,1811597272.0,12566957.0,2407286873.0,98.94,0.13,0.11,0.14,0.67,49.33,97.27,0.57,0.0,0.61,1.55,7.64,95.74,1.86,0.9,0.93,0.56,10.46,748157.13,183658.36,1062492.31,44047.23,96.61,1.22,0.49,0.74,0.94,1994307.79,12.98,37.51,270999.0,3827.0,90756.0,41350.0,1110007.0,177760.0,2122.0,163175.0,156963.0,19475.0,372.0,947908.0,1623054.0,785310.0,2446.0,1,10.36,300000000.0,240.0,68.0,1,127.33,40000000.0,72.0,12.0,1,63.21,28000000.0,2.0,1,1,20.75,100.0,24.0,1,0,26734.0,26734.0,42.0,1,125.3,125.3,0,6458.0,6.0,1,1,6,Dic-2024,5.3401488030045785,22.213766197472438,4.159765395483755,72.09111439033006,26.42773755768425,21.003254636816607,17.977871851166245,2.17,2756687.24161897
34,BANCO PATAGONIA S.A.,privado_nacional,5962677163.0,4727745.0,857775631.0,-7260337.0,3915513.0,1714439772.0,1103923014.0,-22512816.0,,1543218972.0,345965184.0,19339703.0,143889837.0,6295435.0,1792498.0,287117748.0,301691942.0,45048454.0,5227155507.0,123339617.0,6572588.0,4133217770.0,,426286664.0,841925227.0,-1216142887.0,-93374016.0,24752582.0,,-369226149.0,19915538.0,-96021066.0,2561593350.0,155066308.0,-3425796.0,63951876.0,70538259.0,156043252.0,,25652805.0,355230041.0,-33722256.0,504183494.0,117894655.0,-185031638.0,782312943.0,4651468678.0,1311208485.0,50405387.0,31323.0,463139.0,197098693.0,1592373039.0,1779280407.0,,-18829873.0,155421755.0,6514476.0,2224674045.0,173563215.0,-717322052.0,207285471.0,184298261.0,2058525763.0,679894.0,2400451973.0,99.64,0.2,0.1,0.06,0.01,40.08,100.0,0.0,0.0,0.0,0.0,9.09,97.1,1.31,0.79,0.69,0.11,2.91,1711683.9,90090.9,673369.26,19171.31,99.2,0.36,0.22,0.19,0.03,2475144.05,8.54,69.15,277049.0,13516.0,83756.0,171296.0,2332198.0,233785.0,2910.0,82440.0,990614.0,758.0,,922702.0,2457134.0,617638.0,2875.0,1,13.24,140000000.0,360.0,3.0,1,129.55,30000000.0,60.0,2.0,1,,,,0,1,20.75,500.0,32.0,1,0,21250.0,21250.0,5.0,1,126.1,126.1,0,10436.25,1.0,1,1,5,Dic-2024,2.9108269700899787,13.236889250301031,4.547466883574964,69.31815453044679,37.309986507481824,20.36972823234523,26.239423661034305,0.44000000000000006,2073974.6653913043
44,BANCO HIPOTECARIO S.A.,publico,2694106732.0,5483885.0,22744693.0,-4730609.0,13373404.0,251306293.0,400015107.0,-14435480.0,-26602.0,681041312.0,372392578.0,1160296.0,34336401.0,64892316.0,4436779.0,597116425.0,93486019.0,3587150.0,2474477380.0,6756842.0,4024195.0,1647480616.0,-7756849.0,13146054.0,245106694.0,-965819527.0,-32761456.0,15922709.0,,-208445712.0,39920655.0,-57035856.0,1520953925.0,69302859.0,-1236660.0,106791379.0,15408413.0,166753015.0,,112753099.0,389173998.0,,383328287.0,253668987.0,-87772674.0,789557067.0,2213605764.0,480500968.0,120918959.0,257812.0,443317.0,52565614.0,597583550.0,731396858.0,2743623.0,-14757418.0,83080261.0,9754818.0,603785839.0,80485861.0,-193586209.0,80485861.0,3294597.0,615246434.0,2226.0,1332934194.0,99.52,0.27,0.17,0.03,0.01,45.61,96.52,0.0,2.32,1.13,0.02,6.85,96.19,1.6,0.97,0.75,0.49,33.46,219413.08,28358.57,390368.01,14794.7,96.45,0.99,1.4,0.85,0.31,638139.66,24.85,34.38,70617.0,3919.0,53343.0,8434.0,776835.0,,469.0,52021.0,333400.0,8809.0,11.0,421350.0,1143871.0,339305.0,1484.0,1,13.24,250000000.0,180.0,6.0,1,16.08,100000000.0,72.0,5.0,1,,,,0,1,24.98,100.0,18.0,1,1,0.0,1787.17,12.0,1,172.36,172.36,1,10103.6,7.0,1,0,5,Dic-2024,2.9874785599251457,16.750405589193317,5.6068705609766845,61.15127498222665,22.411355564661424,14.87766785354396,35.22971729580673,2.56,1815435.8032345013
45,BANCO DE SAN JUAN S.A.,publico,886318842.0,14363334.0,20699639.0,-6049826.0,30910288.0,152140626.0,180909186.0,-3915467.0,-651.0,177562711.0,57865299.0,8327058.0,46227048.0,834405.0,995746.0,19524999.0,43037069.0,3873948.0,247596863.0,5317500.0,163806414.0,626286329.0,,62696119.0,71639963.0,-195513043.0,-12420333.0,,,-85010175.0,5745822.0,3883685.0,405526327.0,20423429.0,-1770194.0,4652753.0,951188.0,32995039.0,,129060.0,27538354.0,,38436362.0,20536875.0,-24736414.0,209483229.0,687285799.0,199033043.0,129060.0,9190.0,,43622704.0,60974221.0,196043098.0,2649517.0,-2820346.0,52177492.0,466077.0,207765199.0,18105433.0,-90307109.0,18123857.0,7070506.0,170682245.0,32832794.0,434233335.0,99.27,0.21,0.33,0.09,0.1,11.31,100.0,0.0,0.0,0.0,0.0,3.17,95.88,2.28,0.9,0.85,0.09,0.08,166650.73,53548.35,76646.81,2927.35,98.8,0.63,0.29,0.24,0.04,296845.89,3.84,56.14,63090.0,678.0,109507.0,32853.0,490484.0,158262.0,165.0,13217.0,175806.0,30.0,64.0,118188.0,354701.0,106084.0,596.0,1,12.68,335970000.0,240.0,3.0,1,158.06,50000000.0,72.0,1.0,1,20.75,50000000.0,4.0,1,1,23.75,5000.0,6.0,1,0,33113.0,33113.0,1.0,1,108.9,108.9,0,10350.0,1.0,1,1,6,Dic-2024,2.0427674717085615,9.096697074565654,4.45312410763875,70.6615158475893,23.441360958904223,11.438851477787885,38.99256331106864,0.5700000000000001,1487112.1510067114
65,BANCO MUNICIPAL DE ROSARIO,publico,321522482.0,7331928.0,4009514.0,1417311.0,1240193.0,58814052.0,75514363.0,-2157812.0,,153470132.0,88274925.0,1788063.0,6433045.0,671744.0,51056.0,15977153.0,,328115.0,90506450.0,,18690000.0,201622662.0,,18813298.0,50162517.0,-51154383.0,-12021172.0,,,-48678324.0,1998841.0,-3671764.0,143170179.0,16608793.0,-355174.0,4243286.0,838573.0,19539137.0,,814078.0,14501967.0,,29858879.0,17403330.0,-10219506.0,52724210.0,238023487.0,83498995.0,814078.0,,,48344364.0,64108685.0,90445969.0,666345.0,-2444649.0,19462569.0,2359721.0,106558570.0,7984632.0,-33532686.0,7984632.0,6017458.0,108996664.0,6555.0,110328189.0,98.99,0.63,0.16,0.07,0.15,6.52,100.0,,,,,29.15,94.19,2.69,1.8,0.89,0.43,1.16,6429.84,23410.78,89390.59,2492.39,95.44,2.14,1.38,0.68,0.35,119231.21,3.72,5.39,20975.0,353.0,41743.0,3224.0,283570.0,90795.0,12361.0,14009.0,151183.0,54.0,4741.0,151882.0,113989.0,63277.0,415.0,1,4.28,100000000.0,240.0,5.0,1,117.01,50000000.0,60.0,5.0,1,,,,0,0,28.08,1000.0,2.0,1,0,,,,0,123.2,123.2,0,14375.0,1.0,1,1,4,Dic-2024,2.4833821729455297,9.562548627082277,3.850614992431945,62.70872902753967,33.14187217552021,24.879404181262124,50.3898573277175,2.41,774752.9686746988
72,BANCO SANTANDER ARGENTINA S.A.,extranjero,18416612350.0,376935846.0,441643096.0,3453808.0,91713619.0,7583797826.0,2491477878.0,-330490016.0,-604767.0,11521146010.0,3471150199.0,,694495690.0,75907065.0,15825924.0,1843907140.0,,240242405.0,20150120946.0,19000149.0,10328004.0,13228109816.0,,1269970723.0,4846072993.0,-2589306226.0,-433389595.0,,,-1346634137.0,97342489.0,-199673381.0,6390586473.0,956032185.0,-17010956.0,648221353.0,99886136.0,488781534.0,169269922.0,161418544.0,956426489.0,-131259544.0,3454777548.0,959829348.0,-975526530.0,2695461859.0,15001904535.0,3414707815.0,161418544.0,2389971.0,26068469.0,817160914.0,3395544204.0,3695124614.0,1096747637.0,-285907081.0,511160665.0,133248305.0,7557508022.0,790081200.0,-1235627706.0,923229937.0,28181471.0,7811701845.0,3531787.0,3215087652.0,97.15,1.39,0.44,0.95,0.08,38.39,99.52,0.14,0.29,0.05,,4.58,94.55,2.28,0.82,2.15,0.19,15.99,2555881.42,1999819.04,3655885.36,287496.32,96.73,1.4,0.56,1.2,0.11,8211585.82,17.89,31.13,1076881.0,94607.0,387484.0,1126869.0,10131998.0,265525.0,8562.0,311911.0,1019303.0,89997.0,135488.0,5003298.0,5929850.0,1873035.0,6058.0,1,9.92,999999999.0,240.0,2.0,1,127.33,50000000.0,72.0,7.0,1,61.65,57000000.0,24.0,1,1,19.92,500.0,45.0,1,1,11900.0,76777.0,61.0,1,123.41,123.41,1,7234.0,12.0,1,0,6,Dic-2024,4.290046317883213,23.13759310619084,5.393320116321577,71.82705247091765,41.03636368281379,36.634659527383526,31.1438059318911,1.87,3040048.2585011553
83,BANCO DEL CHUBUT S.A.,publico,749478869.0,2144313.0,14486933.0,-691578.0,649237.0,136388925.0,180546839.0,-9519213.0,,304844061.0,109216858.0,630865.0,17975497.0,2647922.0,2396583.0,44580402.0,13087.0,,178592776.0,,,477201662.0,,45229526.0,60658447.0,-110880275.0,-10877097.0,,,-83766182.0,13125077.0,-14895344.0,365691772.0,17499839.0,-190464.0,6487527.0,2171933.0,27509032.0,,,21172545.0,,94864077.0,34614675.0,-22399499.0,90301391.0,526564340.0,222914529.0,,,,64295779.0,110300618.0,275390381.0,28613067.0,-7779049.0,34100860.0,681101.0,260498998.0,40970158.0,-115439565.0,42367690.0,1573651.0,266219944.0,484452.0,338205977.0,93.34,5.19,0.56,0.19,0.72,30.94,87.66,0.0,0.54,11.41,0.39,27.3,97.89,1.09,0.45,0.27,0.31,7.08,79502.21,55571.2,161340.1,8197.75,94.29,1.56,0.49,3.25,0.4,296413.51,16.98,26.82,97259.0,786.0,19128.0,8259.0,317010.0,37140.0,1111.0,22631.0,186624.0,885.0,1647.0,138180.0,338511.0,93165.0,750.0,0,10.47,180000000.0,180.0,1.0,1,118.0,40000000.0,60.0,6.0,1,55.55,0.0,4.0,1,1,28.08,1000.0,18.0,1,0,,,,0,111.01,111.01,0,2797.52,3.0,1,1,5,Dic-2024,5.4664860738055046,18.379312548084293,3.3621804391224765,63.671129599252254,34.7573505771515,12.71128158811819,32.04101433707006,4.140000000000001,999305.1586666667
86,BANCO DE SANTA CRUZ S.A.,publico,443406269.0,4753791.0,3910457.0,-727013.0,10660308.0,101832702.0,74951689.0,-3435332.0,-301.0,420239538.0,11260852.0,1842468.0,7808598.0,154313.0,394191.0,16388441.0,34579599.0,243670.0,31704150.0,4254000.0,101330442.0,307575775.0,,15226506.0,14937340.0,-141048203.0,-9264414.0,,,-52824062.0,370798.0,-1229427.0,247474403.0,17122606.0,-11475.0,3989351.0,991558.0,12369329.0,,,37903385.0,,62216894.0,23612648.0,-13775831.0,115367132.0,358486413.0,84919856.0,,126927.0,512909.0,66363734.0,63278384.0,132107271.0,313586.0,-2956029.0,30416590.0,125015.0,151387023.0,9968167.0,-35781244.0,9968167.0,2646417.0,151652537.0,44098.0,197860576.0,98.54,0.47,0.46,0.42,0.12,0.93,100.0,,,,,1.85,97.51,0.8,0.8,0.72,0.17,0.0,35568.95,80923.42,68291.88,3255.9,98.44,0.5,0.5,0.45,0.12,184784.24,0.76,19.25,70961.0,143.0,24385.0,13279.0,163238.0,20325.0,470.0,8212.0,124183.0,3.0,2.0,65734.0,159764.0,39411.0,265.0,1,14.36,335970000.0,240.0,1.0,1,154.37,50000000.0,72.0,1.0,1,29.03,50000000.0,4.0,1,1,23.15,5000.0,4.0,1,0,19781.0,19781.0,1.0,1,111.08,111.08,0,9000.0,1.0,1,1,6,Dic-2024,2.2480888739983063,11.738323013642415,5.221467509318433,69.36658241067855,34.141831900892676,4.856474798771132,46.22158903378512,1.0699999999999998,1673231.203773585
93,BANCO DE LA PAMPA SA,publico,1085317625.0,4658978.0,15472814.0,-10034250.0,3655002.0,181651364.0,284625921.0,-9655670.0,-58450.0,1493648.0,37915962.0,,23478448.0,3741456.0,3506833.0,88219911.0,22862.0,1006.0,106364138.0,,,683001364.0,,75166285.0,103553893.0,-226192033.0,-42369752.0,,,-108052733.0,5117958.0,-7320422.0,545185450.0,43087078.0,-672683.0,12944309.0,3682826.0,27732616.0,,,54724252.0,,130441855.0,54146015.0,-54598511.0,256825075.0,769506468.0,315811157.0,,861843.0,1143416.0,82115379.0,205555543.0,288360375.0,42765.0,-10527763.0,47035774.0,2904820.0,300034340.0,27002471.0,-162453158.0,31185236.0,5.0,310535982.0,26121.0,547893332.0,98.02,1.18,0.27,0.27,0.26,8.7,100.0,0.0,0.0,,,9.63,97.59,1.14,0.55,0.43,0.28,0.16,30254.28,172221.19,155400.07,14515.7,98.0,1.06,0.37,0.32,0.24,357875.54,5.07,8.45,83532.0,4061.0,61285.0,69612.0,515922.0,75302.0,2131.0,47112.0,328395.0,363.0,17.0,247675.0,248177.0,209514.0,763.0,0,,,,,0,107.05,10000000.0,60.0,42.0,1,,,,0,0,21.94,1000.0,8.0,1,1,23000.0,70000.0,168.0,1,110.98,110.98,1,0.0,60.0,1,1,4,Dic-2024,2.4879786689173136,8.550195394141822,3.436603175485659,62.93101192381355,27.644841757729676,15.16159387933521,33.79702914768804,0.9299999999999999,1422434.6330275228
94,BANCO DE CORRIENTES S.A.,publico,844596590.0,1016941.0,17311921.0,-2568168.0,3506320.0,120669112.0,142077885.0,-5157235.0,-49378.0,693.0,258024707.0,3997596.0,100402572.0,1227027.0,191453.0,35052669.0,6836750.0,1245942.0,65293956.0,,,407064546.0,-707085.0,61814804.0,66459417.0,-89847590.0,-36067638.0,,,-107448614.0,4954747.0,-26272729.0,429623691.0,49672992.0,-180193.0,8507422.0,1990838.0,52008908.0,,707085.0,118462889.0,,90646986.0,79622234.0,-26988491.0,320732947.0,578558495.0,266038095.0,,1402636.0,200069.0,55077629.0,92069688.0,108890744.0,2647291.0,-5260421.0,76965538.0,822083.0,233639387.0,79553837.0,-109111438.0,123960210.0,1674.0,238163061.0,735073.0,277583949.0,92.85,3.52,1.38,1.1,1.16,5.54,99.76,0.0,0.0,0.24,0.0,8.09,96.41,1.36,1.07,0.81,0.35,2.03,56581.15,69762.26,130460.2,5465.34,96.18,1.65,0.92,0.76,0.49,256803.61,4.32,22.03,326491.0,674.0,213830.0,26737.0,819800.0,170518.0,564.0,32652.0,102969.0,205.0,70.0,142645.0,554157.0,130940.0,823.0,1,10.36,9999999999.0,180.0,1.0,1,123.2,15000000.0,60.0,2.0,1,91.93,99999999.0,1.0,1,0,22.14,1500.0,6.0,1,0,12671.52,12671.52,1.0,1,136.07,136.07,0,6790.62,1.0,1,1,6,Dic-2024,9.419152047488138,29.903174956954942,3.174720485049331,48.19632837968243,27.662838065685296,16.326505870643913,30.40584401917752,2.17,1026241.3001215067
97,BANCO PROVINCIA DEL NEUQUÉN SOCIEDA,publico,1470999587.0,434210.0,9954421.0,-6443654.0,5221237.0,274089763.0,299234153.0,-7388239.0,-76928.0,596175956.0,47176517.0,17477903.0,11491473.0,2538060.0,1713191.0,77933871.0,7282588.0,,14436652.0,,22796032.0,961394044.0,,32619913.0,107323227.0,-168061030.0,-20039533.0,,,-133768854.0,1928618.0,-22976065.0,609864329.0,36852575.0,-353588.0,10558200.0,3269061.0,48547224.0,,,41090722.0,,83734160.0,61057081.0,-21390890.0,119505011.0,1069934430.0,401065157.0,,38697.0,9309346.0,116838784.0,138995637.0,490359318.0,8602370.0,-7284386.0,80778211.0,9593094.0,255270710.0,101831004.0,-180349452.0,101831004.0,1920439.0,257362296.0,5192800.0,931906838.0,98.62,0.75,0.21,0.2,0.22,42.62,100.0,,,,,12.92,91.43,4.69,2.14,1.38,0.35,3.64,28057.63,51050.71,211659.76,7511.1,93.52,3.55,1.59,1.04,0.29,290768.09,11.38,9.65,215543.0,2397.0,113902.0,12198.0,409365.0,89154.0,995.0,30151.0,427482.0,371.0,325.0,241991.0,479055.0,224998.0,1158.0,1,3.56,150000000.0,240.0,12.0,1,26.83,25000000.0,72.0,42.0,1,,,,0,1,20.75,1000.0,13.0,1,1,10715.76,42437.12,146.0,1,127.42,0.0,1,4950.11,33.0,1,1,5,Dic-2024,6.922571896004211,25.39013978718675,3.6677321909566927,65.35651352293684,17.353554158407796,11.16329227019842,29.16792142825107,2.92,1270293.2530224526
131,BANK OF CHINA LIMITED SUCURSAL BUEN,extranjero,25260770.0,764274.0,,,,9844120.0,98505054.0,,,16269619.0,16269619.0,,1121261.0,,22009.0,,,,,,,9964728.0,,,4831744.0,-5788079.0,-22161.0,,,-7081974.0,,,13138135.0,209538.0,,,120608.0,4632779.0,,,867486.0,,-220652.0,1103250.0,-1439155.0,5156.0,15489439.0,9771331.0,,,,,,13132979.0,,,1785535.0,24446.0,,-9903527.0,-10160343.0,-88733723.0,,9964728.0,,15654706.0,,,,,,,100.0,,,,,,,,,,,,16269.62,,,24.45,100.0,,,,,16269.62,,100.0,,,,,53.0,,,,,,,,,,34.0,0,,,,,0,,,,,0,,,,0,0,28.02,10000.0,1.0,1,0,,,,0,,,0,,,0,0,1,Dic-2024,-39.20516674669854,-101.35289655012198,2.585192334595973,39.44744360524244,,48.488468526185564,93.95737249007719,,742963.8235294118
143,BRUBANK S.A.U.,privado_nacional,204294617.0,3583177.0,,,,127672649.0,73465964.0,-2526520.0,,30.0,570409.0,,9224225.0,360776.0,406862.0,188.0,,,29905846.0,,,140256938.0,,,39932271.0,-19956431.0,-13900748.0,,,-30294101.0,,1867682.0,53143768.0,8650240.0,,2322133.0,429721.0,3497714.0,,,45506028.0,,13541876.0,46376242.0,-6413973.0,4791678.0,189967165.0,14327452.0,,41822.0,674182.0,24903937.0,11940819.0,48352090.0,,-1846565.0,1492914.0,32303.0,38921381.0,-9246527.0,-7375888.0,-59138512.0,,40767946.0,,64722585.0,100.0,0.0,0.0,0.0,,,,,,,,,86.42,5.18,5.31,2.92,0.17,0.0,,5917.07,40916.15,1985.78,88.13,4.53,4.64,2.55,0.15,46833.22,0.0,87.37,11080.0,6073.0,504404.0,,6476342.0,,,37264.0,3549.0,,,67124.0,3639305.0,64251.0,336.0,1,12.68,250000000.0,360.0,20.0,1,349.05,16706000.0,48.0,6.0,1,,,,0,1,24.36,50.0,11.0,1,0,,,,0,154.28,154.28,0,6600.0,2.0,1,0,4,Dic-2024,-4.526074712972002,-64.53713472570001,14.258963631495677,68.654250444592,19.05159400259675,28.470799070203572,108.43786529960147,7.34,608019.693452381
147,BIBANK S.A.,privado_nacional,121437801.0,2054784.0,16763093.0,-14233.0,272226.0,2101119.0,26272003.0,-268929.0,-60.0,12115642.0,19722028.0,,19927216.0,452236.0,79226.0,16617985.0,,332038.0,68923272.0,7739448.0,4167475.0,59138391.0,,9243149.0,4296431.0,-31090926.0,-1097677.0,,,-14121709.0,,2576011.0,46608966.0,415517.0,-346529.0,502701.0,801626.0,2729818.0,,,32271684.0,-9503.0,8428389.0,34005022.0,-12412328.0,18399932.0,94139922.0,27297879.0,,,,2020.0,27517645.0,28209034.0,3668.0,-318075.0,6817550.0,29.0,25835734.0,1016373.0,-3702446.0,1025876.0,,26153809.0,3671627.0,28228838.0,98.77,0.0,0.0,1.23,0.0,0.0,99.85,0.0,0.0,0.02,0.13,7.9,74.4,0.0,0.0,0.0,25.6,20.81,25978.09,2698.78,10.33,318.69,99.74,0.0,0.0,0.14,0.13,28687.19,7.16,90.56,,,,444.0,259.0,,103.0,11.0,284.0,,15.0,,,,112.0,0,,,,,0,,,,,0,,,,0,1,26.83,1000.0,13.0,1,0,,,,0,,,0,,,0,0,1,Dic-2024,0.8369494437732778,3.723267291206031,4.448616722200285,48.69850286567689,21.274869758222977,7.2650454761273435,95.18619050571992,0.27,1084266.080357143
165,"JPMORGAN CHASE BANK, NATIONAL ASSOC",extranjero,475868442.0,,66426778.0,,1471204.0,105210451.0,340661458.0,-2419.0,,73222.0,,,11546206.0,,108.0,9013655.0,,,4285321.0,35941325.0,18196780.0,115414699.0,,,15850724.0,-31748524.0,-728557.0,,,-50911070.0,,-21390456.0,296681340.0,25573917.0,,156444.0,1127203.0,14548245.0,,,2575113.0,,34477.0,15218669.0,-13493966.0,177894295.0,133166708.0,342701734.0,,,,,,118787045.0,,-2121.0,4664090.0,628651.0,66581101.0,2040276.0,-217495822.0,2040276.0,28913.0,66583222.0,,360536448.0,,,,,,,100.0,,,,,,,,,,,,66583.22,,,2.12,100.0,,,,,66583.22,,100.0,,,,38.0,71.0,,,,4.0,,,,,,173.0,0,,,,,0,,,,,0,,,,0,0,21.0,20000000.0,1.0,1,0,,,,0,,,0,,,0,0,1,Dic-2024,0.4287479101209237,0.5953503579296159,1.3885790318177964,24.25348874048681,13.991493262333208,13.733713415480986,17.568980073916954,,2750684.6358381505
191,BANCO CREDICOOP COOPERATIVO LIMITAD,privado_nacional,7590623588.0,11089119.0,50992566.0,-2261247.0,11464496.0,1315013275.0,2130925596.0,-24555336.0,-131954.0,2946828809.0,1148820888.0,18837264.0,30329615.0,9567593.0,18021495.0,811182971.0,,94200451.0,2910777982.0,,,4660565276.0,,1005861497.0,986175214.0,-1401722194.0,-19580008.0,,,-634021972.0,26531234.0,,3743905136.0,203333604.0,-34413245.0,73555378.0,53652642.0,96187930.0,,122199437.0,203327893.0,-28405606.0,339297675.0,335440384.0,-188877120.0,134001967.0,4994522686.0,2596100902.0,122199437.0,146795.0,102304.0,82640561.0,2230278691.0,3609903169.0,40719848.0,-27243125.0,314161351.0,34339283.0,1556719356.0,436769700.0,-1398608889.0,465175306.0,3965.0,1582792313.0,1166203.0,4204060557.0,99.82,0.07,0.04,0.06,0.02,12.41,99.98,0.0,0.0,0.02,0.0,12.37,98.12,0.66,0.47,0.52,0.23,13.23,532606.89,810973.68,305977.0,27891.08,99.56,0.16,0.1,0.13,0.05,1649557.56,12.55,32.29,283587.0,28240.0,65542.0,411052.0,3420673.0,372146.0,9794.0,123227.0,705373.0,844.0,1948.0,1092390.0,1390809.0,661566.0,4590.0,1,13.24,200000000.0,240.0,48.0,1,112.98,50000000.0,60.0,10.0,1,151.94,20000000.0,6.0,1,1,21.34,0.0,65.0,1,1,23595.0,71995.0,20.0,1,129.55,129.55,1,0.0,9.0,1,1,6,Dic-2024,5.754068752539491,16.824064876042325,2.923855379485554,61.39897759345988,20.50845148560672,21.15999145164639,25.10047115047512,0.28,1653730.6291938997
198,BANCO DE VALORES S.A.,privado_nacional,1330038455.0,437958.0,31404076.0,,179609.0,598522040.0,115115686.0,-3323335.0,,144813363.0,36181556.0,,14967584.0,42731.0,491775.0,350100881.0,562812072.0,8788281.0,7932496709.0,1080500.0,,1126318095.0,,36838511.0,517271404.0,-340584455.0,-3848168.0,,,-44423337.0,,-8705567.0,494992368.0,15964493.0,-10669.0,921533.0,12084228.0,22865898.0,,6146367.0,43038981.0,-2486064.0,42006859.0,48688915.0,-39700501.0,58158264.0,1193742574.0,136295881.0,6146367.0,,,,99419241.0,436834104.0,,-2218564.0,8733821.0,1519600.0,212369309.0,18694131.0,-87015188.0,21180195.0,103427563.0,111160310.0,,521243488.0,99.98,0.01,0.01,0.0,0.0,2.4,100.0,,,0.0,,0.0,100.0,0.0,,,,0.0,318443.19,2150.22,880.33,3408.15,100.0,0.0,0.0,0.0,0.0,321473.73,0.02,99.06,,,,1528.0,2102.0,,66.0,15.0,1046.0,42.0,,,,,251.0,0,,,,,0,,,,,0,,,,0,0,,,,0,0,,,,0,,,0,,,0,0,0,Dic-2024,1.405533120469062,13.715844428196622,9.75846405072212,84.6831225643021,15.967155551152842,45.925871767158284,26.67679944585604,0.0,5298957.988047808
247,BANCO ROELA S.A.,privado_nacional,109243044.0,,684143.0,,512615.0,2504743.0,50183989.0,-287427.0,,,329409.0,,8133203.0,26343.0,60027.0,28662314.0,,38164.0,17953632.0,,,35492860.0,,,1372047.0,-5285555.0,-1518283.0,,,-12994600.0,220862.0,-1216007.0,50660394.0,13281675.0,,35366.0,45357.0,12530690.0,,,1868568.0,,643602.0,2493397.0,-2612234.0,26394362.0,50617411.0,58625633.0,,522489.0,725293.0,2330.0,3614249.0,24266032.0,72260.0,-38159.0,13706206.0,,1620404.0,8441644.0,-31162087.0,8441644.0,,1658563.0,365382.0,80882683.0,99.51,0.11,0.05,0.08,0.25,4.26,100.0,,,,,0.09,99.24,0.21,0.04,0.09,0.42,12.92,19698.93,6804.72,170.77,288.07,99.87,0.03,0.01,0.02,0.07,26674.41,1.23,73.85,3475.0,2145.0,,22578.0,7861.0,,289.0,699.0,1609.0,12.0,6.0,766.0,8977.0,556.0,189.0,0,,,,,0,109.01,1500000.0,12.0,24.0,1,,,,0,0,19.56,1.0,12.0,1,0,,,,0,126.6,0.0,1,5358.73,6.0,1,1,3,Dic-2024,7.727397270255485,14.399237275612869,1.8634006732174644,32.48981234905904,1.4833017651906513,3.865698622201761,22.742391167132915,0.1,578005.5238095238
254,BANCO MARIVA S.A.,privado_nacional,521661561.0,1490704.0,72665932.0,-30112.0,8625984.0,154502230.0,116580006.0,-1535694.0,,20480059.0,38065925.0,,41566710.0,33483.0,316027.0,23076717.0,,564849.0,1615790902.0,22195055.0,4186376.0,208299568.0,,638263.0,28737412.0,-97019886.0,-1994720.0,,,-29885876.0,,4902072.0,165386074.0,4490255.0,-19084.0,3369283.0,3988137.0,14928642.0,,60249501.0,164965095.0,,27733883.0,94419408.0,-56100847.0,93193596.0,388194312.0,133467249.0,60249501.0,,,17212.0,26621340.0,72192478.0,2363.0,-1582603.0,14497051.0,1007.0,112857387.0,16887243.0,-50262434.0,16887243.0,10062250.0,104377740.0,,159217404.0,96.1,0.0,0.0,0.0,3.9,1.82,100.0,,,0.0,,1.01,83.46,,0.0,0.01,16.53,0.0,116093.77,13565.21,101.0,1596.16,99.58,0.0,0.0,0.0,0.42,129759.98,1.09,89.47,205.0,8.0,,617.0,1618.0,,156.0,98.0,281.0,,6.0,,1040.0,,196.0,0,,,,,0,,,,,0,63.23,10000000.0,1.0,1,0,28.36,1000.0,6.0,1,0,,,,0,,,0,,,0,0,2,Dic-2024,3.2372028653267013,12.652724264961812,3.9085361008677117,39.930020452474935,21.63421563660122,13.796193758788785,42.17492143113709,0.42,2661538.576530612
266,BNP PARIBAS,extranjero,140150760.0,144319.0,3640581.0,,,1698104.0,67520078.0,-7803.0,,274945.0,64196412.0,,40990578.0,,8526.0,16933733.0,,63463483.0,253630986.0,174688641.0,167082037.0,45222653.0,,,7228986.0,-24056275.0,-993768.0,,,-29153789.0,,-5933514.0,99382540.0,14730686.0,,,553644.0,14460993.0,,,1634323.0,21393.0,34252.0,49650693.0,-5668103.0,57088788.0,61436777.0,78713983.0,,4.0,,,26000000.0,42293752.0,,,1971341.0,118808.0,21693163.0,12609136.0,-43263428.0,11193905.0,18052582.0,3640581.0,,18471676.0,,,,,,,100.0,,,,,,100.0,,,,,,22172.9,,0.3,7.0,100.0,,,,,22173.2,,100.0,,,,69.0,71.0,,2.0,,1.0,,,,,,81.0,0,,,,,0,,,,,0,,,,0,0,,,,0,0,,,,0,,,0,,,0,0,0,Dic-2024,8.996837405662303,16.018927666257213,1.7805065206775268,32.26714789131361,15.478448350904412,15.98532045433071,32.73382784893282,,1730256.2962962964
268,BANCO PROVINCIA DE TIERRA DEL FUEGO,publico,377163540.0,1357188.0,301895.0,-85916.0,13570455.0,47454585.0,107021178.0,-2074957.0,-1072.0,128371091.0,16174906.0,,62581799.0,401357.0,275558.0,16599367.0,,200521.0,2515291.0,,,205028862.0,,7725922.0,12332050.0,-43555435.0,-4792742.0,,,-44151842.0,1527631.0,-657943.0,189272231.0,13772188.0,-22432.0,15063745.0,469056.0,7680416.0,,,16574820.0,,48919403.0,18837147.0,-4204965.0,132252541.0,230966196.0,146197344.0,,18546.0,883495.0,48271322.0,23255494.0,57019690.0,232131.0,-3174699.0,24537769.0,798603.0,118759651.0,36326342.0,-71385023.0,39176166.0,599.0,121932629.0,1122.0,125168935.0,97.98,1.01,0.14,0.64,0.23,17.88,20.23,,,,79.77,20.19,97.59,1.22,0.34,0.58,0.28,0.45,1441.34,11610.05,108979.08,3185.32,96.71,1.18,0.32,0.57,1.21,122030.47,2.34,1.18,41656.0,1034.0,25550.0,2025.0,85418.0,12123.0,534.0,6514.0,30845.0,346.0,38.0,71870.0,77407.0,29463.0,334.0,1,8.3,187929000.0,360.0,1.0,1,107.97,6000000.0,60.0,2.0,1,94.68,30000000.0,1.0,1,0,23.04,1.0,14.0,1,1,20930.0,66279.0,4.0,1,128.71,128.91,1,9739.0,10.0,1,1,6,Dic-2024,9.631456423385993,24.847470553227012,2.5798248427823696,54.36073221711728,31.487574594299332,6.0147873229672415,28.54099196540275,2.0999999999999996,1129232.1556886227
269,BANCO DE LA REPUBLICA ORIENTAL DEL,extranjero,9451028.0,,197.0,,45759.0,2336563.0,33345178.0,-1102.0,,4803.0,174543.0,,108047.0,167587.0,612.0,432555.0,,,2973412.0,,,2990559.0,,23402.0,2644279.0,-51874.0,-416426.0,,,-2759648.0,,7995.0,855914.0,290656.0,,827.0,323.0,562318.0,,,53531.0,,49419.0,230270.0,-40819.0,320435.0,3606408.0,5844620.0,,,,8238.0,109223.0,535479.0,,-874.0,1947250.0,,231390.0,-3007651.0,-957522.0,-27500558.0,150181.0,82083.0,,4244033.0,100.0,,,,,,100.0,,,,,,99.56,0.0,0.44,0.0,0.0,,164.58,21.64,50.86,0.87,99.91,0.0,0.09,0.0,0.0,237.08,,69.42,36.0,6.0,,48.0,2568.0,,,18.0,130.0,,,120.0,2354.0,58.0,22.0,0,,,,,0,103.18,30000.0,12.0,1.0,1,,,,0,0,14.94,2000.0,1.0,1,0,,,,0,166.31,166.31,0,100.1,1.0,1,0,3,Dic-2024,-31.823532847432045,-51.46016336391417,1.6170474727185,31.642684795770364,2.448305094429939,88.42089388639381,406.8657024488773,0.09,429592.1818181818
277,BANCO SAENZ S.A.,privado_nacional,62436757.0,858206.0,14808.0,-45492.0,7825.0,2891223.0,17722295.0,-2193883.0,,1191225.0,224383.0,,2154415.0,691456.0,243893.0,18365374.0,,95067.0,8609997.0,,,33582701.0,,890148.0,4215297.0,-18693507.0,-91133.0,,,-11959170.0,,584546.0,46415955.0,618812.0,,1917800.0,538984.0,2119303.0,132243.0,,5283216.0,,1719032.0,4354196.0,-3191089.0,5061687.0,42246306.0,20190451.0,,,,17788271.0,11740960.0,41354268.0,,-2761990.0,17133.0,1128843.0,33448914.0,2468156.0,-11898728.0,2468156.0,13926337.0,22284567.0,,17380771.0,99.99,,0.0,0.0,0.01,,100.0,,,,0.0,,85.7,5.27,3.82,4.23,0.98,,17506.47,68.49,20031.94,2778.53,92.38,2.81,2.03,2.25,0.52,37606.9,,46.55,174.0,1.0,,206.0,683.0,,37.0,36.0,53730.0,,,5360.0,557.0,5036.0,62.0,0,,,,,0,494.63,3750000.0,24.0,6.0,1,,,,0,1,24.36,1.0,3.0,1,0,,,,0,,,0,,0.0,1,0,3,Dic-2024,3.9530496434976596,12.224372798804742,3.092390407722938,53.78674776462204,53.57247174128534,12.551989192292782,42.333154820861516,4.799999999999999,1007044.4677419355
281,BANCO MERIDIAN S.A.,privado_nacional,37621387.0,143181.0,375220.0,-16260.0,20397.0,7662772.0,10456733.0,-113436.0,,2364425.0,6247140.0,2065640.0,866053.0,1144196.0,25075.0,4440510.0,,316706.0,18460533.0,,,18193749.0,,1844625.0,5771289.0,-3732147.0,-244740.0,,,-8743530.0,,203920.0,11823011.0,2132262.0,-57439.0,38191.0,100607.0,2687722.0,,,6244041.0,-1518221.0,1356639.0,1909297.0,-1038718.0,6869698.0,27148920.0,10472467.0,,1.0,23263.0,,5445760.0,4953313.0,,-75805.0,9288684.0,145.0,3986456.0,-1502487.0,-1277758.0,15734.0,521285.0,3540976.0,,13570389.0,98.35,0.14,1.42,0.07,0.01,57.66,100.0,0.0,0.0,0.0,,41.35,97.09,0.0,2.59,0.12,0.19,0.0,5361.14,3873.1,189.0,112.78,99.26,0.06,0.64,0.03,0.01,9423.24,47.22,56.89,83.0,15.0,,412.0,1138.0,,31.0,562.0,574.0,,,453.0,882.0,453.0,76.0,0,,,,,0,,,,,0,99.38,32000000.0,1.0,1,1,34.5,10000.0,2.0,1,0,,,,0,87.8,,1,7000.0,1.0,1,1,3,Dic-2024,-3.993704432002999,-14.347020620833659,3.5924092193367616,48.36012292688731,10.596249415259464,31.721274158503558,87.62469200930893,0.68,495018.25
285,BANCO MACRO S.A.,privado_nacional,14178945690.0,143933701.0,527491419.0,-14854561.0,131044729.0,4022468959.0,3735403761.0,-109135361.0,,4239780917.0,1882559194.0,16010700.0,333020984.0,32216067.0,9311575.0,944085315.0,,181059707.0,10477205018.0,89203797.0,2328902987.0,8403442909.0,,986565777.0,2616967892.0,-2316141647.0,-291624203.0,45602531.0,,-1161686251.0,201497236.0,-3416989.0,5820096064.0,578033602.0,-35595080.0,450603906.0,106499723.0,320692386.0,419379179.0,231131280.0,963811913.0,-97426403.0,2400379292.0,473416519.0,-504713066.0,3626969431.0,10129428138.0,4049517552.0,276733811.0,15515745.0,5196975.0,1108165873.0,2571757623.0,2193126633.0,120188172.0,-122297370.0,787160279.0,16904776.0,5752085056.0,226716653.0,-2268700132.0,314113791.0,62949039.0,5744442034.0,66991353.0,3633056274.0,98.86,0.44,0.3,0.24,0.16,31.54,98.93,0.18,0.0,0.3,0.6,14.66,96.99,1.32,0.9,0.6,0.18,6.91,1735833.18,1115944.72,3298177.91,123405.7,97.88,0.84,0.54,0.45,0.3,6149955.8,13.57,28.23,1132891.0,46252.0,1066102.0,877661.0,7488943.0,1248656.0,15636.0,342981.0,4130965.0,79305.0,6370.0,3325651.0,7208047.0,1880825.0,8788.0,1,12.13,9999999999.0,240.0,15.0,1,9.38,10000000.0,72.0,16.0,1,,,,0,1,22.54,1.0,11.0,1,1,14943.5,78480.6,28.0,1,112.7,112.7,1,15972.0,14.0,1,1,5,Dic-2024,1.5989669327804583,5.598608972271965,3.5013913405554242,59.267050546125624,40.56779101747162,31.141615648953298,30.64841021582821,1.29,1613443.9792899408
299,BANCO COMAFI SOCIEDAD ANONIMA,privado_nacional,2293218545.0,12059707.0,138592668.0,-2074466.0,80404387.0,561550080.0,267363855.0,-10346966.0,,117704877.0,272914262.0,101613692.0,61635289.0,9730185.0,796451.0,532806590.0,,,354542980619.0,633928314.0,607426343.0,1481612757.0,,53279515.0,490619542.0,-550517803.0,-15866195.0,,,-219097092.0,634473.0,-8915286.0,960005908.0,67804803.0,-2955982.0,13402395.0,7595357.0,92114598.0,,423935.0,398738539.0,-9311891.0,471143205.0,241677300.0,-70828066.0,316471204.0,1974659974.0,318558571.0,423935.0,42980.0,53939.0,19887265.0,366912199.0,643534704.0,2255909.0,-9971088.0,60889431.0,2140141.0,800538802.0,41882825.0,-164218698.0,51194716.0,116331992.0,694164982.0,12916.0,443313480.0,99.02,0.12,0.5,0.29,0.08,29.74,99.78,0.17,0.0,0.03,0.03,6.85,95.77,1.51,1.18,1.38,0.17,8.4,819056.2,141367.39,105959.92,12922.78,99.28,0.29,0.18,0.2,0.05,1066383.51,10.04,76.81,34417.0,3762.0,122542.0,54047.0,493123.0,75070.0,575.0,20087.0,189970.0,7.0,36.0,306286.0,262563.0,186623.0,1515.0,1,11.0,350000000.0,240.0,6.0,1,151.94,100000000.0,60.0,6.0,1,,,,0,0,23.15,500.0,8.0,1,1,9102.23,79890.25,30.0,1,122.2,122.2,1,8372.38,9.0,1,0,5,Dic-2024,1.826377389600257,13.14760575065488,7.198734404794903,64.60844127701749,34.9089625036152,33.11388483137905,47.482533157979525,0.43,1513675.6072607262
300,BANCO DE INVERSION Y COMERCIO EXTER,publico,1309452778.0,1564661.0,,-129117.0,9731223.0,,472895080.0,-3111238.0,,423436688.0,1794638285.0,29656698.0,28621553.0,55939725.0,8258875.0,,6102991871.0,1235495.0,13609387.0,,,569072527.0,,141225111.0,34574602.0,-250746186.0,-1244047.0,,,-53606261.0,69278604.0,-9857059.0,624763586.0,3554827.0,-370375.0,5462321.0,6146155.0,39234767.0,,48974093.0,208114498.0,-4915204.0,1602997.0,11922632.0,-24081232.0,311338118.0,817410840.0,492041938.0,48974093.0,15666.0,,,415441424.0,313425468.0,3456180.0,-3692885.0,2967829.0,989048.0,328247600.0,14231651.0,-301625100.0,19146858.0,103779413.0,220525721.0,7635351.0,813176221.0,99.67,0.17,0.03,0.05,0.07,71.54,98.34,1.25,0.0,0.39,0.02,28.7,,,,,,,266838.88,105832.32,,4604.57,98.72,0.94,0.01,0.3,0.03,372671.2,40.86,71.6,,,,,,,82.0,,5543.0,2405.0,112.0,,,,344.0,0,,,,,0,,,,,0,,,,0,0,,,,0,0,,,,0,,,0,,,0,0,0,Dic-2024,1.086839574447029,2.8923654471095106,2.6612625405926273,43.45880481991692,25.067540083526403,6.075605544036393,14.244551391288315,0.33999999999999997,3806548.773255814
301,BANCO PIANO S.A.,privado_nacional,318004584.0,149407.0,3291032.0,,3534007.0,135874796.0,44735845.0,-1450176.0,,511923.0,2075955.0,,5135030.0,918071.0,349590.0,39612746.0,,140801.0,147120232.0,907014.0,,231559507.0,,2832996.0,101744595.0,-48145442.0,-4468924.0,,,-66473815.0,,1487997.0,137202121.0,15236161.0,,4653351.0,496690.0,10144048.0,,,23466483.0,,413000.0,21795676.0,-7671454.0,16473830.0,265208107.0,52796477.0,,,,43827705.0,50242658.0,120728291.0,,-1298673.0,13442472.0,38069.0,53719411.0,8060632.0,-21647364.0,8060632.0,3238.0,55018084.0,,118483986.0,99.96,0.03,0.01,,,,100.0,,0.0,,,,91.6,3.11,2.01,2.16,1.12,,28342.49,478.09,51729.28,1383.27,94.6,2.0,1.29,1.39,0.72,80549.86,,35.19,,,92186.0,96487.0,372699.0,337667.0,18.0,12040.0,8.0,,,,443793.0,,611.0,0,,,,,0,89.0,12171000.0,60.0,4.0,1,,,,0,0,25.66,1000.0,10.0,1,0,,,,0,,,0,,,0,0,2,Dic-2024,2.534753398397553,15.267367176790984,6.023215980869329,72.81640537609357,16.892653031693406,43.93885455974822,66.59107122185029,3.3999999999999995,520465.767594108
305,BANCO JULIO SOCIEDAD ANONIMA,privado_nacional,36162472.0,17702.0,3774496.0,,2113051.0,3747640.0,11441498.0,-165944.0,-415.0,170000.0,7249264.0,403113.0,699010.0,55106.0,119393.0,10274051.0,,637537.0,612626.0,5648000.0,1695219.0,17782232.0,,8294742.0,3881847.0,-3813944.0,-105350.0,,,-7325167.0,233156.0,464087.0,15529357.0,1322633.0,-211197.0,774538.0,140489.0,1405742.0,,752.0,4641304.0,,279573.0,8634972.0,-1221366.0,6259683.0,23891351.0,12271121.0,752.0,61.0,62073.0,3352.0,2632067.0,9269674.0,202821.0,-187472.0,1442670.0,,13163594.0,-718465.0,-6481406.0,829623.0,,13351066.0,424087.0,5805700.0,96.26,3.36,0.0,0.0,0.38,6.4,100.0,,,,,2.4,100.0,,,,,,2463.46,11464.53,3.21,191.64,96.92,2.76,0.0,0.0,0.31,13931.2,5.69,17.68,,,,510.0,819.0,,40.0,105.0,634.0,2.0,4.0,,,,83.0,0,,,,,0,127.77,1000000.0,36.0,2.0,1,,,,0,0,25.59,500.0,8.0,1,0,,,,0,,,0,,,0,0,2,Dic-2024,-1.9867695991579337,-5.854925560590593,2.946957494755369,49.17316493186638,36.401255976084826,21.82991988857192,56.64068033455669,0.31,435692.4337349398
309,BANCO RIOJA SOCIEDAD ANONIMA UNIPER,publico,223566104.0,6525838.0,8607863.0,-706.0,4040749.0,34772753.0,73974421.0,-5236246.0,-85000.0,707849.0,80311273.0,,7142276.0,136979.0,240553.0,3801306.0,259157500.0,,2934680.0,,,140251044.0,,12614801.0,10112013.0,-14844698.0,-2710282.0,,,-47158232.0,6718813.0,992669.0,88545903.0,5901909.0,-255509.0,2199731.0,330831.0,8018942.0,,,2225362.0,,13476488.0,15378402.0,-2281135.0,16743484.0,151354840.0,72211264.0,,118660.0,852334.0,46217337.0,16489290.0,71802419.0,9688.0,-4862227.0,32328353.0,7158.0,84671710.0,-2733851.0,-26186253.0,-1763157.0,910.0,89503506.0,30431.0,63248103.0,81.27,1.64,2.99,9.93,4.18,39.41,85.91,0.06,0.19,0.0,13.84,42.07,94.28,3.17,1.52,0.82,0.2,0.04,37005.66,6018.99,57894.23,7077.06,90.44,1.94,1.12,1.06,5.44,100918.88,17.8,36.67,99511.0,235.0,33632.0,1594.0,213765.0,59945.0,61.0,6171.0,72646.0,16.0,2.0,23235.0,229679.0,23235.0,346.0,0,,,,,0,110.96,5000000.0,72.0,2.0,1,,,,0,1,24.42,1000.0,3.0,1,0,,,,0,141.27,141.27,1,4210.0,7.0,1,1,3,Dic-2024,-1.2228378770692359,-3.7859065865402943,3.0960004245321064,62.73359041941349,37.873232339371086,7.2099377741530395,61.329815502178405,7.620000000000001,646144.8092485549
310,BANCO DEL SOL S.A.,privado_nacional,227931677.0,43103871.0,742855.0,4558126.0,,16240336.0,139927254.0,-5244439.0,,1164840.0,87161610.0,,4076335.0,567924.0,1270593.0,102188070.0,,,715982.0,,7414022.0,159335030.0,,98209863.0,27540800.0,-26383406.0,-3290552.0,,,-48208526.0,5890649.0,-762088.0,76155949.0,1285322.0,-42390821.0,6848234.0,1072622.0,8221607.0,,,3185701.0,,2921484.0,3040481.0,-4846826.0,15229076.0,170750007.0,57181670.0,,989.0,1715.0,18102593.0,22850405.0,60926873.0,39054418.0,-2274735.0,1174334.0,5954.0,131662666.0,-9304761.0,-4008624.0,-82745584.0,,133937401.0,16831911.0,17332201.0,97.38,0.69,0.36,1.24,0.33,23.66,100.0,,,,,38.31,93.96,4.46,1.04,0.46,0.08,39.99,9588.09,31129.29,95788.99,2340.33,95.16,3.29,0.81,0.61,0.13,136506.37,36.15,7.02,3537.0,399.0,,945.0,181244.0,,18.0,3821.0,121267.0,1.0,5210.0,13393.0,431151.0,13142.0,260.0,1,13.24,250000000.0,240.0,2.0,1,129.47,9000000.0,48.0,3.0,1,45.37,40000000.0,4.0,1,1,27.46,1.0,34.0,1,0,,,,0,150.42,150.42,1,15000.0,4.0,1,0,5,Dic-2024,-4.082258825305796,-16.272279211152803,3.9860968908393195,69.90473289941178,57.76409305320033,17.28483686230203,100.92367138172497,1.5499999999999998,876660.2961538462
312,BANCO VOII S.A.,privado_nacional,92205226.0,1340101.0,389.0,5311905.0,,2779266.0,12426452.0,-85351.0,,1650000.0,,,2020242.0,229645.0,84116.0,15627739.0,,4077.0,62085909.0,158850.0,,71010784.0,,80590.0,925024.0,-29029332.0,-2693578.0,,,-13447111.0,,-2484402.0,38424910.0,990553.0,,1103839.0,871909.0,4395708.0,,,1025883.0,,158235.0,27153374.0,-6447740.0,22342658.0,76871739.0,15333487.0,,,,13694975.0,38988967.0,16082252.0,,-164839.0,8986660.0,439364.0,20185094.0,2907035.0,14860150.0,2907035.0,3386.0,20349933.0,12706115.0,31594731.0,0.0,,,,,,99.55,0.0,0.0,0.45,,,97.25,0.9,1.24,0.51,0.11,,1846.94,0.0,17353.17,174.1,97.47,0.81,1.12,0.5,0.1,19200.11,,9.62,,,,94.0,164.0,,75.0,2906.0,56181.0,,,,,,66.0,0,,,,,0,161.04,18000000.0,48.0,19.0,1,,,,0,1,31.25,1000.0,11.0,1,0,,,,0,,,0,,,0,0,2,Dic-2024,3.152787673878702,18.958733913557953,6.013324040382987,77.01383867330904,21.89148584701696,1.3026528477702768,174.80686840896644,1.7200000000000002,1397048.878787879
315,BANCO DE FORMOSA S.A.,publico,648600325.0,7451901.0,5510678.0,65156.0,,53780374.0,120370314.0,-2967708.0,-1934.0,,101260933.0,215535.0,14023014.0,2103417.0,1154836.0,28440905.0,822812.0,,9190166.0,,,456845293.0,,11599618.0,80062525.0,-64495960.0,-1538607.0,,,-106574006.0,1657415.0,-11931924.0,272136117.0,13259811.0,-107877.0,4178432.0,563213.0,34669720.0,,3171324.0,16767653.0,,24954846.0,43576790.0,-38370030.0,108675288.0,508755485.0,139844840.0,3171324.0,15964.0,125998.0,50744480.0,30560358.0,163460829.0,4746892.0,-2422117.0,18374744.0,346821.0,102930036.0,19474526.0,-79539796.0,19474526.0,2004356.0,103347706.0,91.0,378778492.0,94.07,2.28,1.62,0.77,1.26,13.62,100.0,,,,,18.73,96.02,1.47,1.22,0.97,0.31,6.35,3877.2,29782.55,77382.55,2503.75,95.64,1.63,1.29,0.88,0.56,111042.3,8.74,3.49,65786.0,298.0,117063.0,36523.0,453545.0,282104.0,413.0,8417.0,145706.0,23.0,1920.0,87845.0,444513.0,87845.0,541.0,0,,,,,0,90.16,8000000.0,36.0,10.0,1,24.36,40000000.0,35.0,1,0,25.59,500.0,4.0,1,1,11660.0,49511.0,16.0,1,101.27,101.27,0,15730.0,2.0,1,0,5,Dic-2024,3.002546444915827,13.925809490003349,4.6379996930884255,70.43556338026812,15.869562815898991,17.525084799330525,48.583764029436345,2.73,1198891.5434380777
319,BANCO CMF S.A.,privado_nacional,598468180.0,,76428041.0,-354950.0,250671.0,220967386.0,114322293.0,-7353282.0,,62675521.0,294742008.0,1598049.0,6548912.0,608887.0,1108575.0,35720076.0,909644.0,7990299.0,171861466.0,21970197.0,4413938.0,321483267.0,,78664560.0,69706772.0,-126609095.0,-2565647.0,34791350.0,,-42151318.0,,-17950463.0,292374611.0,6461921.0,-3897882.0,2535620.0,1041768.0,19000978.0,,11665999.0,83390497.0,-23358750.0,40377527.0,33464868.0,-19175275.0,95597653.0,423874742.0,174593438.0,46457349.0,,,,46666990.0,196776958.0,177965.0,-7696341.0,23674700.0,,204217068.0,19124667.0,-70436421.0,60271145.0,17982528.0,193930881.0,,212549791.0,99.91,0.08,0.01,0.0,,1.97,99.98,0.0,0.0,0.02,,2.82,100.0,,,0.0,,0.0,294981.11,24685.98,0.0,8082.07,99.98,0.01,0.0,0.02,,319667.09,2.76,92.28,4.0,1.0,,1007.0,2042.0,,34.0,368.0,55.0,,1.0,90.0,,90.0,194.0,0,,,,,0,,,,,0,,,,0,1,25.9,1.0,8.0,1,0,,,,0,,,0,,,0,0,1,Dic-2024,3.1956029809304147,10.953829204050612,3.427781632892755,53.71768754689681,34.12329591190629,21.68286164641969,24.84431998507148,0.02,3084887.525773196
321,BANCO DE SANTIAGO DEL ESTERO S.A.,publico,1332783837.0,1461629.0,2500183.0,-2165344.0,8432769.0,108940964.0,369847393.0,-7642806.0,,1294.0,50910283.0,,25076779.0,34977.0,147550.0,28883629.0,1086989.0,,84824617.0,,,760208583.0,,1608104.0,126726682.0,-157531134.0,-20276183.0,,,-89795486.0,,-25010405.0,550935634.0,39112138.0,-19499.0,5704896.0,1233430.0,64570079.0,,367909.0,6747118.0,,105713807.0,19079044.0,-9487598.0,58561722.0,839382688.0,493401149.0,367909.0,2874362.0,7810078.0,61120184.0,81929460.0,492373912.0,,-9107239.0,76711364.0,46830.0,180383845.0,66639280.0,-247281999.0,123553756.0,15028753.0,174462331.0,537849059.0,891669454.0,69.28,14.72,10.63,4.01,1.36,1.56,100.0,,,,,0.0,88.32,4.95,2.78,2.31,1.63,0.0,17199.0,26245.45,150647.56,9107.24,86.78,5.83,3.6,2.34,1.45,194092.0,0.21,8.86,118942.0,322.0,501603.0,10251.0,1259872.0,407200.0,737.0,29132.0,621615.0,,,234944.0,961597.0,169179.0,635.0,0,,,,,0,114.98,10000000.0,60.0,28.0,1,,,,0,0,23.15,15000.0,7.0,1,0,,,,0,112.98,112.98,1,285.56,32.0,1,1,3,Dic-2024,5.000006613975767,13.506105556312761,2.7012175381050847,57.0391508281774,13.534366188445906,16.669988320823787,21.78230809491999,7.39,2098872.1842519683
322,BANCO INDUSTRIAL S.A.,privado_nacional,2608311943.0,211142.0,53522030.0,-406357.0,2255686.0,443139585.0,208953012.0,-13189244.0,,114022120.0,581162560.0,2692883.0,54328581.0,3810122.0,646974.0,1234812204.0,,25872395.0,4835804792.0,168813840.0,157454162.0,1963953925.0,,242135205.0,406516911.0,-756501962.0,-21114943.0,,,-210478176.0,,-92352233.0,1253695151.0,95867959.0,-7874293.0,9458026.0,34631455.0,218497694.0,,,63343261.0,,48695867.0,243604780.0,-113637015.0,439569802.0,2258227638.0,350084305.0,,7343229.0,12256421.0,26852852.0,238520535.0,814125349.0,,-19804401.0,174339708.0,176337.0,586361346.0,141131293.0,-97029622.0,141131293.0,233782396.0,372383330.0,21.0,1130657677.0,99.64,0.16,0.01,0.02,0.17,13.14,99.82,0.09,0.0,0.0,0.09,1.83,93.6,2.13,2.13,1.33,0.81,0.5,823677.43,93908.65,31715.14,25880.1,99.6,0.16,0.07,0.05,0.12,949301.22,2.91,86.77,1796.0,160.0,54873.0,19811.0,3869000.0,307225.0,113.0,6127.0,237480.0,,,9938.0,330043.0,6890.0,709.0,0,,,,,0,300.16,99999999.0,70.0,13.0,1,,,,0,1,21.94,1000.0,11.0,1,1,11246.62,51734.05,23.0,1,214.07,214.07,1,12116.94,8.0,1,1,4,Dic-2024,5.4108287691109185,40.31351619719142,7.450525218489872,75.29597563169997,22.480491552156344,20.698902648645383,36.800344885582376,0.24,3678860.286318759
331,BANCO CETELEM ARGENTINA S.A.,extranjero,6871161.0,,,,,,11055139.0,,,,,,285389.0,29795.0,,,,,,,,,,,4422288.0,-140969.0,-1650.0,,,-2410643.0,,,1023955.0,23.0,,,,311007.0,,,,,-217428.0,45.0,-140969.0,,588024.0,6283137.0,,,,,,1023955.0,,,35348.0,277017.0,2127781.0,-3551075.0,-1804363.0,-4772002.0,2127781.0,,,310.0,,,,,,,100.0,,,,,,,,,,,,2127.78,,,,100.0,,,,,2127.78,,100.0,,,,,,,,,,,,,,,5.0,0,,,,,0,,,,,0,,,,0,0,,,,0,0,,,,0,,,0,,,0,0,0,Dic-2024,-51.68085859143746,-56.517548479366276,1.093587645789038,,30.966833698118844,,273.51431142133913,,1374232.2
332,BANCO DE SERVICIOS FINANCIEROS S.A.,privado_nacional,197293882.0,2670578.0,,-3009245.0,,,29105483.0,-16686499.0,,,,,13113321.0,715581.0,240327.0,,,,,,,418981.0,,,7386491.0,-32347296.0,-13224552.0,,,-40260233.0,,-3470281.0,72480425.0,36670734.0,,10381086.0,418981.0,21683455.0,,,149597270.0,,166589977.0,6494915.0,-4080743.0,,172848289.0,24445593.0,,,,5768244.0,,72480425.0,,-12655197.0,553712.0,1148583.0,167074865.0,-4659890.0,-9601626.0,-4659890.0,,179730062.0,,,0.0,,,,,,,,,,,,81.92,5.76,4.04,6.6,1.68,,,0.0,190702.95,14321.97,81.92,5.76,4.04,6.6,1.68,190702.95,,100.0,,,,,,,,,543640.0,,,678559.0,,599182.0,179.0,0,,,,,0,952.11,300000000.0,36.0,4.0,1,,,,0,0,,,,0,0,,,,0,0.0,0.0,1,1028.5,6.0,1,0,2,Dic-2024,-2.3619029403050624,-19.062290695913983,8.070734140096336,0.21236390898324967,84.68324679221426,1762.9656237395016,63.32285198875465,12.32,1102200.4581005587
338,BANCO DE SERVICIOS Y TRANSACCIONES,privado_nacional,437889775.0,554544.0,28123838.0,265156.0,,39670761.0,70193627.0,-1861991.0,-39.0,43269613.0,20256370.0,12057651.0,25258264.0,235428.0,613887.0,59951732.0,122.0,1246692.0,1294983533.0,135587856.0,58133835.0,135196083.0,,40949732.0,36974134.0,-64025074.0,-2270639.0,,,-45945658.0,2702094.0,-50990050.0,277338066.0,13700556.0,-133061.0,2787111.0,1540445.0,43295358.0,,,121177174.0,,25236938.0,38326900.0,-11943676.0,181683331.0,300710160.0,137179615.0,,,,718765.0,31131195.0,95654735.0,,-2099774.0,1846569.0,1041545.0,103587198.0,66985988.0,-67333114.0,66985988.0,,100650534.0,5036438.0,219284515.0,99.66,0.0,0.0,0.34,0.0,5.43,100.0,0.0,0.0,0.0,,13.65,99.75,0.19,0.04,0.01,,0.11,135506.85,32342.13,970.67,3356.36,99.93,0.0,0.0,0.06,0.0,168819.65,12.0,80.27,3.0,1.0,,779.0,582.0,,22.0,46.0,5628.0,3.0,,,83.0,,139.0,0,16.1,12000000.0,120.0,1.0,1,,,,,0,,,,0,0,27.0,1000.0,5.0,1,0,,,,0,,,0,,,0,1,2,Dic-2024,15.297454250901382,48.83086164077658,3.192090712603327,30.874455335249607,23.655998361688166,27.348524587062183,20.443651906276607,0.06,3150286.151079137
340,BACS BANCO DE CREDITO Y SECURITIZAC,privado_nacional,170799939.0,804756.0,,1032809.0,,92942699.0,19942815.0,-660076.0,,2581250.0,2573379.0,,1239892.0,23718.0,21351.0,,11036461.0,,650686896.0,1620751.0,386823.0,111654250.0,,9573649.0,33133020.0,-82248972.0,-1221560.0,,,-14285217.0,1061.0,-781525.0,112933358.0,1994372.0,-892793.0,308262.0,2306836.0,5539027.0,,4542248.0,28040334.0,,9778648.0,2876770.0,-6991514.0,33276501.0,145233611.0,25566328.0,4542248.0,,,10211263.0,16404715.0,79656857.0,203.0,-542752.0,568624.0,,71704195.0,5623513.0,-12038593.0,5623513.0,42233845.0,30013102.0,,55930434.0,,,,,,,97.21,2.77,,0.0,0.01,2.71,99.66,0.04,0.1,0.2,0.0,0.01,75514.34,,10396.99,663.8,97.51,2.44,0.01,0.02,0.01,85911.33,2.39,87.9,,,,,13.0,,15.0,,12008.0,18.0,2.0,,,,74.0,0,,,,,0,,,,,0,,,,0,0,21.94,1.0,5.0,1,0,,,,0,,,0,,,0,0,1,Dic-2024,3.292456093909963,21.995778979288698,6.68065977249451,65.37136409633027,41.98139379897554,29.67466083915301,45.41160023216308,0.04,2308107.2837837837
341,BANCO MASVENTAS S.A.,privado_nacional,28897076.0,115027.0,497961.0,50253.0,206525.0,7623169.0,7739799.0,-251321.0,,,38090.0,,772646.0,173394.0,43726.0,1788908.0,,,232032.0,,,19400736.0,,1883840.0,6028941.0,-4924264.0,-1173565.0,,,-6578929.0,,1203265.0,7428528.0,1529501.0,-264996.0,478535.0,123032.0,2354386.0,,,519161.0,31686.0,1133991.0,1366756.0,-412981.0,1436149.0,22607533.0,6289543.0,,2742.0,332812.0,1174397.0,8350705.0,5992379.0,,-285799.0,11045454.0,438.0,4868620.0,-3255150.0,-29826.0,-1450256.0,200438.0,4953981.0,1328281.0,4490365.0,96.72,1.86,0.15,0.0,1.27,1.66,97.19,,0.0,,2.81,,80.42,4.19,4.97,9.16,1.25,0.09,224.67,2538.64,2232.73,304.06,89.46,2.82,2.3,4.09,1.33,4996.03,0.88,4.5,1180.0,57.0,,340.0,8543.0,,105.0,4022.0,26533.0,,,1385.0,4925.0,1385.0,96.0,0,,,,,0,86.59,15000000.0,36.0,64.0,1,,,,0,1,26.83,100.0,19.0,1,1,1459.9,4383.11,12.0,1,138.28,138.28,1,8780.97,20.0,1,1,4,Dic-2024,-11.264634525652353,-51.75495262533383,4.594463540514788,67.13736711631309,16.848140621563235,31.075836504347055,230.01639745472343,7.72,301011.2083333333
384,UALA BANK S.A.U.,privado_nacional,353773712.0,1178913.0,,,,266893679.0,22262871.0,-1515172.0,,,,,1656004.0,22770.0,2140.0,,,,10575.0,,,316393740.0,,800000.0,45807298.0,-45172257.0,-5601601.0,,,-12890643.0,,,70050199.0,4363666.0,,5270755.0,2959945.0,8299322.0,,,4985941.0,,19851565.0,20776541.0,-2479989.0,32219907.0,329692949.0,24080763.0,,,,67385548.0,46208750.0,37830292.0,,-1300483.0,93900.0,13946.0,92007385.0,4017283.0,-5326469.0,1817892.0,,93307868.0,,192253671.0,100.0,,,,,,0.0,,,,,,95.87,3.52,0.58,0.02,0.0,0.0,0.0,820.4,105263.14,1428.24,95.91,3.49,0.58,0.02,0.0,106083.54,0.0,0.0,56.0,53.0,,,2046787.0,,11.0,63366.0,402699.0,,,118561.0,,118561.0,67.0,0,,,,,0,390.99,10000000.0,24.0,1.0,1,,,,0,1,30.0,1000.0,9.0,1,0,,,,0,211.22,211.22,0,0.0,1.0,1,1,3,Dic-2024,1.135551586715974,16.68254033312815,14.691133831598275,89.43393171056192,26.007411483417396,14.477940682391505,54.52893055403918,0.6,5280204.6567164175
389,BANCO COLUMBIA S.A.,privado_nacional,450341689.0,2269323.0,1892393.0,2833505.0,,43146625.0,30758470.0,-9967826.0,,,49414511.0,,122897936.0,1675102.0,74.0,45509773.0,,70633.0,6027658.0,9292500.0,,168045384.0,,119050.0,16929736.0,-129888371.0,-16189136.0,,,-83431349.0,,-6797547.0,159378364.0,28807645.0,-4672.0,9454257.0,1368849.0,24534513.0,1115951.0,606521.0,179352540.0,,30918682.0,130118760.0,-7118852.0,36538630.0,373912162.0,76429527.0,606521.0,,,69174071.0,71551413.0,122839734.0,15638190.0,-8232912.0,15327237.0,863774.0,121792594.0,45671057.0,-23440836.0,45671057.0,30.0,130025476.0,4133393.0,40399582.0,98.33,1.1,0.21,0.27,0.09,,100.0,0.0,,,0.0,,85.99,4.94,3.71,3.89,1.48,11.12,11517.33,418.56,123651.69,8386.99,87.22,4.51,3.38,3.54,1.35,135587.58,10.14,8.49,840.0,86.0,156854.0,1300.0,332631.0,139069.0,94.0,24347.0,213804.0,,976.0,288236.0,479186.0,288236.0,697.0,0,,,,,0,286.0,20000000.0,36.0,3.0,1,97.27,50000000.0,3.0,1,1,18.39,1000.0,5.0,1,0,14599.0,14599.0,1.0,1,150.0,150.0,1,15946.16,3.0,1,1,5,Dic-2024,10.14142330491637,59.755776062829746,5.892247494871976,37.3150849909434,27.044485770447956,10.074502254700432,198.1342128960085,8.27,646114.331420373
426,BANCO BICA S.A.,privado_nacional,136359034.0,450940.0,7929200.0,711595.0,578947.0,20437919.0,28039495.0,-851505.0,-50179.0,14393915.0,15041333.0,,1427916.0,674598.0,358293.0,19608933.0,,24456338.0,55226608.0,,,90420486.0,,34320765.0,15304019.0,-31537364.0,-2181292.0,,,-18028167.0,7064.0,-2933728.0,71842910.0,6600508.0,-874141.0,1269568.0,790672.0,6638831.0,,,5740177.0,,9623225.0,1878494.0,-5236611.0,24693339.0,102881521.0,33477513.0,,84049.0,67191.0,9131840.0,46550079.0,47149571.0,248791.0,-633040.0,6616268.0,14836.0,61684727.0,5438018.0,-19684843.0,5438018.0,3.0,62317728.0,39.0,48333674.0,99.64,0.19,0.05,0.1,0.03,15.13,100.0,,,,,11.1,97.57,0.92,0.61,0.75,0.16,0.0,15888.13,20787.79,26355.52,647.25,98.86,0.45,0.27,0.34,0.07,63031.43,7.79,25.21,2068.0,254.0,,4254.0,57527.0,,3548.0,1513.0,152498.0,2.0,12.0,11661.0,51106.0,5586.0,187.0,0,,,,,0,84.42,8000000.0,60.0,63.0,1,,,,0,1,26.83,500.0,12.0,1,1,20469.29,64000.53,32.0,1,185.34,185.34,1,13973.0,8.0,1,1,4,Dic-2024,3.98801446481353,16.24379325907513,4.0731530445526225,66.31059442676897,45.23699324534669,16.92538900974277,40.309140158196925,0.6800000000000002,729192.6951871658
431,BANCO COINAG S.A.,privado_nacional,192051465.0,3304445.0,7472605.0,-446490.0,5098945.0,33745108.0,20285436.0,-1295747.0,-18275.0,16358013.0,5639132.0,20989.0,8595634.0,261708.0,868822.0,27906508.0,,4144205.0,11539071.0,,,147496715.0,,36279242.0,40231366.0,-32480574.0,-7020904.0,,,-27691109.0,,-1996125.0,80392640.0,7526018.0,-773749.0,2302779.0,486912.0,3502004.0,,1002404.0,5222843.0,,13167553.0,14335567.0,-5815940.0,19788228.0,156221562.0,35829903.0,1002404.0,,,5331233.0,22032516.0,60604412.0,,-1085449.0,9926091.0,,62272322.0,5031754.0,-13082047.0,15544467.0,505245.0,63314898.0,42873.0,47263702.0,99.23,0.26,0.12,0.19,0.19,13.15,100.0,0.0,0.0,,,0.0,97.63,0.97,0.63,0.51,0.26,0.02,13695.87,42859.27,9747.83,1093.17,99.16,0.31,0.17,0.2,0.16,66302.96,8.51,20.66,3856.0,172.0,376.0,4043.0,18128.0,,414.0,1048.0,37779.0,,,11000.0,19525.0,6349.0,198.0,0,,,,,0,34.5,2500000.0,48.0,13.0,1,88.37,50000000.0,24.0,1,1,25.59,100.0,22.0,1,1,15000.0,32800.0,15.0,1,97.51,97.51,1,6200.0,4.0,1,1,5,Dic-2024,2.6200029247368666,14.043448568643907,5.360088889997832,76.80061956309471,32.42480967276141,27.276109844209074,57.192734066709384,0.53,969956.8939393939
432,BANCO DE COMERCIO S.A.,privado_nacional,106016177.0,115275.0,5155634.0,5441.0,5111.0,6993992.0,18058470.0,-322876.0,,260780.0,37937597.0,436747.0,12074614.0,23831.0,,8739331.0,109657.0,5855.0,42782309.0,4288000.0,,19646461.0,,8828064.0,9215286.0,-8799188.0,-404585.0,,,-9742424.0,1583333.0,977628.0,35055934.0,2666870.0,-1225930.0,682396.0,138025.0,1675478.0,,,60605115.0,,5162972.0,17590286.0,-5466656.0,17378578.0,82010010.0,24006167.0,,,32956.0,2115341.0,3525807.0,17677356.0,255663.0,-346921.0,3050074.0,50000.0,22616870.0,1451818.0,-15508709.0,5947697.0,400877.0,22562914.0,,40911914.0,99.53,0.02,0.05,0.33,0.07,9.51,75.72,24.28,,,,37.05,95.55,1.41,1.27,1.71,0.06,0.04,7392.27,15114.9,2437.18,351.33,92.08,7.35,0.15,0.37,0.05,24944.35,16.75,29.64,44.0,4.0,,1307.0,1204.0,,132.0,61.0,23316.0,2.0,5.0,574.0,,499.0,107.0,0,,,,,0,125.45,30000.0,24.0,5.0,1,131.62,350000.0,3.0,1,0,39.16,1000.0,5.0,1,0,41915.5,345674.31,5.0,1,461.06,103.62,1,9300.0,3.0,1,1,5,Dic-2024,1.3694306294406373,6.047687662924281,4.416205927418567,18.531569007624185,21.333414050574564,46.905577549055785,34.16113261351692,0.5700000000000001,990805.3925233645
435,BANCO SUCREDITO REGIONAL S.A.U.,privado_nacional,14594890.0,,1131892.0,,,28812.0,11042207.0,-417721.0,,589602.0,1444365.0,,1149184.0,,8895.0,8637930.0,,,3180891.0,,,9300720.0,,1811983.0,591607.0,-416440.0,-34318.0,,,-3372944.0,,374397.0,5025603.0,826499.0,-38723.0,180917.0,21917.0,566230.0,,,21286.0,,1.0,164586.0,-265226.0,554744.0,9888236.0,4706654.0,,228593.0,,334385.0,612060.0,4470859.0,,-389070.0,92143.0,,3031384.0,-1452029.0,-3471506.0,-6335553.0,,3420454.0,,9337393.0,78.06,0.0,3.74,15.25,2.95,10.9,,,,,,,91.47,2.09,1.99,4.41,0.04,,,3047.98,378.28,389.07,79.54,0.23,3.55,14.05,2.63,3426.25,9.7,11.04,199.0,2.0,,110.0,931.0,,3.0,22.0,513.0,,,,,,11.0,0,,,,,0,83.07,50000000.0,24.0,6.0,1,,,,0,0,27.15,1000.0,18.0,1,0,,,,0,196.08,,0,7005.9,5.0,1,1,3,Dic-2024,-9.94888621976596,-30.850557529829047,3.1009056539953863,63.72586569682951,20.77017367037367,6.360873136703395,62.446383714868006,20.23,1326808.1818181819
448,BANCO DINO S.A.,privado_nacional,56846990.0,17773.0,367020.0,,,10123917.0,18860506.0,-136349.0,,1209022.0,4553672.0,,1075699.0,70530.0,8996.0,844029.0,,497.0,9770084.0,,,38468062.0,,6588981.0,5760257.0,-24727756.0,-1137203.0,,,-4169962.0,898840.0,-85783.0,32125744.0,1719854.0,-385835.0,470340.0,325530.0,2458200.0,,,3074347.0,,2770070.0,1542205.0,-16387617.0,13837693.0,44132842.0,12714148.0,,4327.0,109032.0,593039.0,27095386.0,18288051.0,,-158612.0,256701.0,23201.0,11242182.0,-7651604.0,-10769212.0,-6146358.0,6668.0,11302455.0,98339.0,36947846.0,99.99,0.0,0.0,0.0,0.0,6.71,99.71,0.0,0.0,0.29,,99.71,97.71,1.11,0.47,0.52,0.19,23.66,2107.78,4898.07,4445.35,159.12,99.06,0.43,0.18,0.26,0.07,11451.2,30.41,18.41,1826.0,23.0,,546.0,6915.0,,11.0,387.0,267906.0,6.0,,9082.0,5455.0,6097.0,34.0,1,16.08,320302000.0,180.0,6.0,1,157.84,2000000.0,18.0,1.0,1,,,,0,1,23.75,1000.0,4.0,1,1,16940.0,30250.0,3.0,1,149.91,149.91,0,9084.08,1.0,1,0,5,Dic-2024,-13.459998497721692,-60.18180691305466,4.47116000222744,67.66947907004399,19.77621330522513,14.97412840813244,52.25097890031112,0.51,1671970.294117647
7,BANCO DE GALICIA Y BUENOS AIRES S.A,privado_nacional,36652383802.0,329742564.0,993859800.0,-155446215.0,114415020.0,13595537804.0,6116195102.0,-1836132381.0,-2716924.0,22193410479.0,2144926783.0,49124964.0,899247541.0,665958944.0,60965177.0,2616213565.0,27383989.0,258253953.0,103681329093.0,1727809854.0,1983231593.0,25566662220.0,,7012827790.0,9073773343.0,-3600168194.0,-649355464.0,,,-2092411961.0,1077039628.0,78837582.0,7756692459.0,1348355546.0,-59888382.0,959732664.0,176412405.0,542312003.0,516103776.0,12198862.0,3797294083.0,-31545228.0,6224676316.0,1279691745.0,-620716974.0,1970392250.0,30628766865.0,6023616937.0,12198862.0,2686009.0,1552349.0,2058654446.0,8650839674.0,5786300209.0,651398112.0,-1359338950.0,1098167416.0,204842434.0,17970336315.0,-101848513.0,-1192417880.0,-92578165.0,554037600.0,18760137235.0,15500430.0,5823000023.0,92.37,2.97,2.37,1.88,0.42,14.97,99.14,0.36,0.05,0.45,0.0,5.78,79.02,6.32,7.14,6.41,1.1,14.94,8193614.63,5236278.13,8275396.17,1405361.55,89.84,3.26,3.31,3.07,0.52,21705288.93,11.49,37.75,1621940.0,277240.0,79206.0,663924.0,10084506.0,315419.0,14107.0,496239.0,5873629.0,7131.0,22820.0,5014189.0,7286249.0,3511027.0,6302.0,1,12.0,999999999.0,240.0,1.0,1,30.0,24800000.0,72.0,2.0,1,34.0,57000000.0,18.0,1,1,26.83,100.0,12.0,1,1,27000.0,70000.0,56.0,1,133.44,133.44,1,18500.0,12.0,1,1,6,Dic-2025,-0.27787691395516395,-1.6908198855474466,6.0847799893886245,69.75443223042129,49.029106570742115,35.49064506317086,43.09342949320814,6.9,5815992.351951761
11,BANCO DE LA NACION ARGENTINA,publico,69203707044.0,,534159982.0,-14830184.0,116512704.0,8344541954.0,20584351053.0,-1252228556.0,-4414020.0,22010837176.0,42988242214.0,,1117018288.0,1147019358.0,561714017.0,1819564734.0,3785224205.0,83297874.0,50764893983.0,,,45218109389.0,,7072399742.0,6178501822.0,-8693407051.0,-849530133.0,289650307.0,1268529998.0,-2416052851.0,3178084468.0,-202722201.0,17298157371.0,738414713.0,-146746055.0,4653358082.0,300208589.0,2165643323.0,,1231519206.0,600365573.0,841935203.0,5423123321.0,2932418054.0,-946273095.0,6655924747.0,48275920381.0,20927786663.0,1521169513.0,29657158.0,50909639.0,3354187538.0,16727567733.0,10642232624.0,1052072306.0,-1296778504.0,1535845679.0,240892457.0,25224618427.0,1190433509.0,-4591966656.0,343435610.0,898.0,25101395180.0,1420000853.0,29279435401.0,94.13,3.11,1.46,1.13,0.16,20.32,97.09,1.07,0.64,0.75,0.45,11.02,89.37,5.01,2.95,2.12,0.54,51.12,8494779.19,7174645.32,11906407.22,1314557.59,92.98,3.3,1.85,1.44,0.42,27575831.73,30.76,30.81,1146571.0,39601.0,7370931.0,368598.0,21191133.0,5174830.0,66977.0,947888.0,5517004.0,81696.0,17198.0,5868760.0,21005564.0,2654471.0,15405.0,1,6.17,521192700.0,360.0,24.0,1,45.37,100000000.0,72.0,5.0,1,,,,0,1,25.66,100.0,10.0,1,1,9427.0,75038.0,12.0,1,103.18,103.18,0,8801.54,1.0,1,1,5,Dic-2025,1.720187486839567,5.688291495749371,3.3067857656610706,65.34058841710623,36.449808116438156,13.663777423438706,28.445452146759926,3.71,4492288.675365142
14,BANCO DE LA PROVINCIA DE BUENOS AIR,publico,19195579702.0,40838962.0,133878147.0,-89404169.0,36690475.0,5282343468.0,3970774881.0,-514675858.0,-576357.0,8345471328.0,2704432340.0,4030539.0,212549456.0,146187937.0,117142272.0,1150650581.0,641618482.0,53722988.0,7451718846.0,,58060250.0,13576868521.0,-59786.0,2154483669.0,2194321888.0,-2270998205.0,-629118329.0,,65642349.0,-1778171679.0,72968695.0,,4788415215.0,740575243.0,-21367490.0,1274941035.0,69964720.0,269648922.0,,317756610.0,1245148487.0,15471367.0,3788926223.0,606502702.0,-143538277.0,1223097345.0,15227398295.0,3968181407.0,317696824.0,26542879.0,7459148.0,2053708837.0,4691650299.0,3565317870.0,160024855.0,-566862054.0,1636251697.0,128273217.0,9052691355.0,12877893.0,-519271634.0,-2593474.0,7.0,9527583445.0,91969957.0,5001820576.0,89.76,4.54,3.2,2.26,0.23,10.11,92.6,0.03,5.65,1.73,,6.96,82.94,6.41,4.77,5.14,0.75,1.84,2159871.45,2274912.99,5677481.58,569181.61,86.53,4.63,4.61,3.76,0.47,10112266.02,4.8,21.36,1284987.0,22992.0,1183769.0,1227438.0,12456724.0,1251531.0,50519.0,449728.0,5655930.0,23499.0,4765.0,5112856.0,11543252.0,2276381.0,10093.0,0,37.22,345689450.0,240.0,60.0,1,77.88,50000000.0,60.0,22.0,1,,,,0,1,24.48,100.0,20.0,1,1,24700.0,85000.0,72.0,1,40.42,40.42,1,0.0,11.0,1,1,5,Dic-2025,0.06708780458793981,0.3245288377512929,4.83737453840653,70.7291404155167,47.16029156471265,16.16220916189868,67.64005161169531,8.840000000000002,1901870.5738630735
15,INDUSTRIAL AND COMMERCIAL BANK OF C,extranjero,14019179843.0,133093688.0,599163121.0,-41225414.0,3341268.0,2698607457.0,2035475271.0,-419810707.0,-49276.0,6109420892.0,1683427818.0,24860906.0,377271398.0,144880860.0,109827135.0,1221075278.0,,57258478.0,27353472779.0,1646470301.0,1873410782.0,6959590128.0,,161012860.0,2001721361.0,-1235484746.0,-171295079.0,,,-714860580.0,122723267.0,-68809807.0,2621464992.0,297476381.0,-7487299.0,186072841.0,58313413.0,241257562.0,,10684701.0,4571957705.0,-49850644.0,4301911426.0,1574350320.0,-174936907.0,776442642.0,11850202619.0,2168977224.0,10684701.0,8227065.0,29445317.0,205239961.0,2822813940.0,1845022350.0,858671046.0,-209876104.0,434861190.0,47951907.0,6336825414.0,83499617.0,-383790895.0,133501953.0,160517475.0,6386032533.0,151510.0,3113942532.0,92.39,4.12,2.15,1.31,0.03,25.42,99.87,0.01,0.03,0.08,0.0,8.23,86.53,5.67,4.83,2.9,0.07,20.0,4940205.04,595784.2,2201102.71,217882.62,95.5,1.94,1.56,0.98,0.02,7737091.95,12.9,63.85,186584.0,12924.0,,142138.0,1962551.0,,,,,,,,,,,1,9.27,300000000.0,240.0,2.0,1,147.19,145000000.0,96.0,8.0,1,67.97,130000000.0,7.0,1,1,23.89,1000.0,6.0,1,1,26000.0,76000.0,3.0,1,120.78,120.78,0,0.0,8.0,1,1,6,Dic-2025,0.5956098568896859,3.849723089577265,6.463497950958659,49.643347228154965,45.20111365262268,28.76205816987158,47.27408794023904,2.56,
16,CITIBANK N.A.,extranjero,5643849601.0,,274740020.0,,187592.0,709195003.0,1452565450.0,-16849427.0,,364905513.0,430509875.0,3042392.0,339459426.0,381223.0,2666853.0,2048984314.0,,52819597.0,4481977329.0,894011261.0,435134977.0,2761979045.0,,176329619.0,1170016624.0,-67540901.0,-41586566.0,,,-495201174.0,9501205.0,-144759021.0,1273843392.0,181478337.0,-3928996.0,210584731.0,3355473.0,367059488.0,,,495618935.0,-712295.0,712426961.0,1357220434.0,-40407820.0,791583748.0,3634339734.0,2009509867.0,,51532.0,9108.0,,,482259644.0,2451602.0,-86572820.0,80621222.0,9673158.0,1295731453.0,160373412.0,-536753683.0,556944417.0,199131.0,1382105142.0,,1397518926.0,,,,,,,100.0,0.0,,0.0,,4.93,,,,,,,1415654.74,,,87453.88,100.0,0.0,,0.0,,1415654.74,4.93,100.0,,,,2047.0,730.0,,,,1388.0,33.0,27.0,,,,1051.0,0,,,,,0,,,,,0,,,,0,0,,,,0,0,,,,0,,,0,,,0,0,0,Dic-2025,2.8415606959403097,7.980722793833388,2.808570235798698,48.937856963988224,22.95829167330074,42.36153153001202,36.78526851424063,0.0,5369980.590865842
17,BANCO BBVA ARGENTINA S.A.,extranjero,24538348034.0,117760737.0,1142236335.0,-48298641.0,196708452.0,6924220611.0,3182768779.0,-794902714.0,,18222613909.0,3670091608.0,36493699.0,629586465.0,251709203.0,33007139.0,2838400219.0,,225377995.0,37399144035.0,933676736.0,1002083088.0,17249108277.0,,3031571644.0,4737500473.0,-3006926539.0,-459725488.0,135111595.0,,-1335071973.0,335196939.0,-115999368.0,5484312060.0,883738420.0,-139011093.0,680349304.0,167950732.0,765366273.0,,100111743.0,3037201299.0,-92055617.0,6872684702.0,1089997759.0,-599567370.0,1018480188.0,21105587890.0,3432760144.0,235223338.0,5522812.0,4308482.0,1333871776.0,6776108371.0,4465831872.0,120071082.0,-636208643.0,895630330.0,49603559.0,13227331230.0,157935748.0,-539291240.0,249991365.0,531715139.0,13328672048.0,3152686.0,3366592739.0,92.89,3.73,1.63,1.57,0.18,1.83,99.5,0.16,0.13,0.2,0.02,0.66,85.54,4.71,4.49,4.95,0.31,10.22,6823590.0,1872150.17,5522533.69,638478.6,93.21,2.4,2.02,2.22,0.15,14218273.86,4.53,47.99,862833.0,70059.0,370851.0,2232705.0,6967131.0,290416.0,7503.0,242057.0,3634274.0,6954.0,21355.0,4859546.0,4294107.0,2038645.0,6586.0,1,7.76,999999999.0,360.0,13.0,1,249.85,70000000.0,72.0,7.0,1,28.0,55000000.0,4.0,1,1,22.54,1000.0,12.0,1,1,22900.0,78900.0,49.0,1,106.41,106.41,1,28900.0,8.0,1,1,6,Dic-2025,0.6436282824791888,4.600838432479773,7.1482850547801045,70.29449681412893,53.90473397668168,27.465190645924544,46.0147751033491,4.390000000000001,3725834.806255694
20,BANCO DE LA PROVINCIA DE CORDOBA S.,publico,6080435298.0,60324115.0,107754620.0,-21242226.0,11953010.0,953709579.0,603928631.0,-160678114.0,,1871467751.0,812751460.0,1.0,137580096.0,8510289.0,18160676.0,258605418.0,,158997197.0,1470166815.0,3271000.0,,4683768611.0,,307176299.0,477620790.0,-1119869667.0,-91918645.0,,,-532113652.0,255064333.0,94372288.0,1616872645.0,227137131.0,-19805027.0,660712317.0,26267498.0,118928401.0,,14958866.0,453220846.0,,1068816165.0,368746154.0,-133168949.0,719732286.0,5298228545.0,782206753.0,14958866.0,7398627.0,19707122.0,643942949.0,1879677080.0,897140359.0,27443071.0,-155676512.0,209027563.0,22603565.0,2931467128.0,-72151620.0,-157927920.0,178278122.0,1230.0,3029862501.0,57281139.0,1861358948.0,94.68,2.43,1.39,1.3,0.2,10.11,93.08,0.69,1.32,4.05,0.86,4.92,87.62,4.37,3.48,3.79,0.74,28.09,563164.96,384555.0,2243285.19,157452.01,89.44,3.49,2.84,3.54,0.7,3191005.14,21.84,17.65,200631.0,1396.0,631660.0,679983.0,2972779.0,502177.0,2809.0,180936.0,1298095.0,8834.0,775.0,1021213.0,287391.0,692247.0,1784.0,1,8.9,468092500.0,240.0,12.0,1,114.99,138720000.0,72.0,7.0,1,,,,0,1,25.37,100.0,17.0,1,0,14000.0,14000.0,3.0,1,369.88,369.88,1,4345.99,18.0,1,1,5,Dic-2025,-1.1866193202274908,-9.224111109150703,7.773437489103345,77.03015296520962,48.21146816518596,10.1973609216794,84.16570494670836,7.08,3408315.75
27,BANCO SUPERVIELLE S.A.,privado_nacional,7402408895.0,138720163.0,372795015.0,-2815976.0,115230270.0,2768371780.0,873931504.0,-260519938.0,,1989213718.0,1365146345.0,103995835.0,337871314.0,54941730.0,8385494.0,602524709.0,647.0,23998321.0,1673710228.0,142199922.0,397648803.0,5121355412.0,,808151825.0,1478161428.0,-1112902961.0,-106088838.0,,,-564701147.0,151577253.0,75891032.0,1776629306.0,204516347.0,-38645615.0,343266914.0,24716838.0,155203150.0,,6571.0,1347787668.0,-5350363.0,1181670072.0,529825629.0,-216228503.0,338570899.0,6641964709.0,760444186.0,6571.0,501720.0,3889715.0,466719596.0,1541774561.0,1438058407.0,251485741.0,-227533660.0,125122352.0,13728764.0,3647892345.0,-118873968.0,-117172062.0,-113487318.0,332485738.0,3534204825.0,8735442.0,925081268.0,85.16,5.9,4.13,4.25,0.55,28.67,98.14,0.49,0.0,1.33,0.04,5.69,87.55,4.7,4.11,3.39,0.25,27.43,1972862.48,1033808.43,1198155.22,232125.76,91.93,3.02,2.19,2.64,0.23,4204826.13,17.53,46.92,103025.0,12059.0,415946.0,39733.0,1888874.0,596593.0,2304.0,66631.0,1781346.0,2373.0,33910.0,806696.0,2285096.0,680392.0,2916.0,1,18.39,99999999.0,180.0,54.0,1,176.31,75000000.0,72.0,48.0,1,49.65,85250000.0,16.0,1,1,23.6,100.0,20.0,1,1,0.0,83400.0,52.0,1,142.75,142.75,1,10800.0,11.0,1,1,6,Dic-2025,-1.6058822159945003,-15.63217527183514,9.734322427971065,69.18498403214728,49.279800626306795,28.862699599728543,74.09280213388516,5.0600000000000005,2538549.003772291
29,BANCO DE LA CIUDAD DE BUENOS AIRES,publico,9187958465.0,30272403.0,48148346.0,4534090.0,15651469.0,1738061065.0,1362718815.0,-76395277.0,-98830.0,2750142715.0,3045071243.0,1206253.0,199759440.0,41465097.0,21257238.0,190059186.0,86742169.0,1371616.0,634339698.0,,,6684967355.0,,847520648.0,2118265886.0,-851239635.0,-107082493.0,,,-421487689.0,368824104.0,-124709243.0,2044513363.0,119815552.0,-1366159.0,597487415.0,13189495.0,306870489.0,,3229341.0,226403457.0,3154560.0,705687302.0,558048969.0,-129676620.0,631318213.0,7235154267.0,1952804198.0,3229341.0,,,385170275.0,958271454.0,1413195150.0,17535962.0,-95148682.0,202193559.0,16912966.0,3068302897.0,129440943.0,-466118718.0,590085383.0,172145979.0,2973443153.0,17862447.0,2991028248.0,93.21,1.96,3.2,1.15,0.47,34.67,97.06,1.12,0.43,0.82,0.55,4.88,91.6,3.54,1.99,2.16,0.71,21.04,1272432.96,335401.6,1809889.88,96251.98,93.8,2.49,1.53,1.56,0.63,3417724.44,16.36,37.23,264483.0,3722.0,76679.0,55716.0,1263785.0,176378.0,2284.0,132573.0,170529.0,19438.0,186.0,946504.0,1612195.0,789054.0,2408.0,1,10.36,300000000.0,240.0,68.0,1,127.33,40000000.0,72.0,12.0,1,63.21,28000000.0,2.0,1,1,20.75,100.0,24.0,1,0,26734.0,26734.0,42.0,1,125.3,125.3,0,6458.0,6.0,1,1,6,Dic-2025,1.408810711248682,6.628465011114237,4.7050075345034665,72.75791875273785,33.39482768330081,31.687004191810296,34.9490312611317,3.7199999999999998,3815597.3691860465
34,BANCO PATAGONIA S.A.,privado_nacional,8678754177.0,5199129.0,1228055472.0,-7375351.0,5221479.0,2595530381.0,1547986956.0,-86745128.0,,1863019673.0,1018392902.0,56540686.0,116464083.0,15579040.0,2003683.0,361096152.0,168663711.0,22618492.0,4840237364.0,155680945.0,342415035.0,5745077363.0,,1047871460.0,1485224407.0,-1340773783.0,-132747401.0,33577483.0,,-445864301.0,97841875.0,-63748436.0,2333503404.0,213503155.0,-7742557.0,114756412.0,57301314.0,277297546.0,,40696805.0,991699758.0,-35278048.0,740118506.0,171402373.0,-147298128.0,630536027.0,7021655749.0,1657098428.0,74274288.0,310513.0,627731.0,341056552.0,2332781224.0,1702967377.0,,-81301975.0,208691996.0,6953351.0,3902988577.0,73833424.0,-390587210.0,109111472.0,371977437.0,3554582369.0,57730746.0,2652436646.0,96.77,1.34,1.65,0.19,0.05,40.44,99.98,0.0,0.01,0.0,0.01,7.87,88.0,4.08,3.51,4.15,0.25,11.26,3158761.89,168022.99,1124599.92,81703.55,96.84,1.08,0.95,1.06,0.07,4451384.8,9.96,70.96,279581.0,12430.0,42883.0,163210.0,3538797.0,226508.0,2905.0,68456.0,997362.0,1519.0,,929892.0,2412297.0,629205.0,2828.0,1,13.24,140000000.0,360.0,3.0,1,129.55,30000000.0,60.0,2.0,1,,,,0,1,20.75,500.0,32.0,1,0,21250.0,21250.0,5.0,1,126.1,126.1,0,10436.25,1.0,1,1,5,Dic-2025,0.8507375885316539,4.455584698677899,5.237319660893433,66.19702835028231,44.9717608933262,25.852121967326063,41.53426878312152,2.0799999999999996,3068866.399222065
44,BANCO HIPOTECARIO S.A.,publico,3179539170.0,7867488.0,53850576.0,-8901752.0,17687785.0,372795071.0,550532840.0,-85056241.0,-26826.0,583481461.0,701275015.0,3250577.0,103933146.0,94639029.0,14187044.0,596624790.0,93486019.0,7188760.0,4146746440.0,1057293.0,28206049.0,2121718450.0,,9412719.0,438120206.0,-666138268.0,-46907891.0,21470623.0,,-192876931.0,98371638.0,49587526.0,936647739.0,100562915.0,-572088.0,171412458.0,15643140.0,99557262.0,,162686698.0,376522117.0,,681151633.0,138549833.0,-61825623.0,326733846.0,2603632414.0,575906756.0,184157321.0,552408.0,590176.0,116366035.0,810131852.0,609913893.0,2957008.0,-83220826.0,108130584.0,5244409.0,1098327664.0,25183094.0,-80490015.0,25373916.0,56411933.0,1124021401.0,1115156.0,1078962158.0,93.72,2.05,3.75,0.44,0.03,32.39,98.44,0.0,0.0,1.54,0.02,6.65,83.15,6.14,5.4,4.9,0.4,32.77,400664.26,96432.01,712220.47,83281.3,89.06,3.78,3.48,3.43,0.24,1209316.74,24.09,33.13,67381.0,3537.0,64695.0,8572.0,834613.0,,870.0,62277.0,313300.0,7679.0,10.0,334238.0,892353.0,322633.0,1405.0,1,13.24,250000000.0,180.0,6.0,1,16.08,100000000.0,72.0,5.0,1,,,,0,1,24.98,100.0,18.0,1,1,0.0,1787.17,12.0,1,172.36,172.36,1,10103.6,7.0,1,0,5,Dic-2025,0.7920359729362919,4.372772803519603,5.520927019651077,66.73037621360707,34.54361167690851,20.64930933696693,59.499708936353436,7.15,2263017.202846975
45,BANCO DE SAN JUAN S.A.,publico,1249783973.0,17951707.0,43528804.0,-4844461.0,29069288.0,212561828.0,234200254.0,-19621240.0,-4093.0,293802982.0,150348873.0,7820995.0,45627155.0,1098316.0,2137505.0,25670678.0,77624043.0,4781323.0,734111273.0,752750.0,,893475590.0,,157019458.0,85178713.0,-193767333.0,-22321119.0,,,-109437359.0,27789054.0,-3507401.0,358266473.0,30871483.0,-1919357.0,13297789.0,1392597.0,58705339.0,,253608.0,50710311.0,,70648002.0,31813225.0,-21115449.0,63426982.0,1004226121.0,245557852.0,253608.0,2472.0,,102014370.0,124423147.0,294839491.0,4517138.0,-17474634.0,72057657.0,1334881.0,459234521.0,11357598.0,-32755249.0,11357598.0,33623253.0,412046704.0,31039198.0,500774632.0,93.14,3.97,1.75,0.92,0.22,10.22,98.81,0.46,0.0,0.56,0.16,4.79,90.41,3.82,3.11,2.42,0.24,7.95,334983.03,79268.72,186028.69,18000.2,95.46,1.96,1.2,1.18,0.19,600280.44,6.48,55.8,61504.0,720.0,106519.0,38472.0,535315.0,161096.0,391.0,13012.0,180252.0,35.0,74.0,118262.0,372970.0,111079.0,375.0,1,12.68,335970000.0,240.0,3.0,1,158.06,50000000.0,72.0,1.0,1,20.75,50000000.0,4.0,1,1,23.75,5000.0,6.0,1,0,33113.0,33113.0,1.0,1,108.9,108.9,0,10350.0,1.0,1,1,6,Dic-2025,0.90876489420304,4.625222898594177,5.089570391746219,71.49040228570766,36.74511202905304,9.533412434916102,63.24049273206816,2.57,3332757.2613333333
65,BANCO MUNICIPAL DE ROSARIO,publico,497274852.0,7951258.0,9189588.0,3211420.0,1234557.0,83679541.0,112203590.0,-4970015.0,,257031097.0,145251664.0,3987435.0,9601139.0,1462229.0,387959.0,25754447.0,,1433315.0,95811029.0,,,331898275.0,,34487905.0,72198175.0,-52839095.0,-18109302.0,,,-63117806.0,23682303.0,-2132532.0,141526192.0,24637256.0,-450980.0,10402043.0,1279558.0,23658867.0,,1321525.0,24284339.0,,43127777.0,53717681.0,-12729607.0,30105995.0,382872346.0,114402506.0,1321525.0,,,101524338.0,122957071.0,111420197.0,971915.0,-6153419.0,24819227.0,3030865.0,220005330.0,2198916.0,-22721296.0,2198916.0,6.0,226146309.0,12434.0,102438525.0,94.94,0.82,1.25,2.74,0.25,6.96,100.0,,,,,13.64,93.15,2.84,2.16,1.3,0.56,2.33,10070.42,42788.05,176272.13,6184.41,93.78,2.34,1.89,1.51,0.48,229130.6,3.69,4.4,20268.0,315.0,42488.0,3235.0,313861.0,93284.0,13616.0,12665.0,170544.0,422.0,3027.0,132540.0,125014.0,63699.0,397.0,1,4.28,100000000.0,240.0,5.0,1,117.01,50000000.0,60.0,5.0,1,,,,0,0,28.08,1000.0,2.0,1,0,,,,0,123.2,123.2,0,14375.0,1.0,1,1,4,Dic-2025,0.44219328428858495,1.922087266165306,4.346712929522715,66.74342643009827,44.24219908068064,21.7531034170033,66.28973606284157,3.88,1252581.491183879
72,BANCO SANTANDER ARGENTINA S.A.,extranjero,24881582387.0,492475928.0,903819606.0,8078922.0,142928443.0,10122816223.0,4160544339.0,-828902048.0,-407235.0,16755356777.0,6049793525.0,,923877844.0,153080443.0,32655140.0,2352387895.0,,203416760.0,26156186284.0,73487532.0,183266252.0,17252423533.0,,1861527995.0,5778971142.0,-2743810900.0,-529633370.0,,,-1581494350.0,447823769.0,-411813237.0,5973880514.0,1476748965.0,-18679580.0,977412075.0,78387065.0,950813501.0,239270063.0,204476501.0,1494244395.0,44060981.0,5838081305.0,719949767.0,-580963156.0,1558486950.0,20084563171.0,4797019216.0,204476501.0,11528945.0,20921147.0,1286360882.0,4420158014.0,4415393564.0,1533995770.0,-816229402.0,716826506.0,126890532.0,12159515239.0,680279836.0,-773200372.0,636474877.0,107144088.0,12838013509.0,30587044.0,3731032072.0,90.63,3.55,2.88,2.79,0.14,38.26,99.16,0.46,0.19,0.19,,2.92,82.47,5.7,5.34,5.94,0.55,21.19,3668045.55,3067338.69,6703442.66,827116.09,88.89,3.78,3.37,3.65,0.31,13438826.9,20.1,27.29,1061796.0,96324.0,383327.0,975864.0,11014003.0,289438.0,7976.0,251824.0,1178270.0,88156.0,135010.0,4823824.0,6070615.0,1861086.0,5685.0,1,9.92,999999999.0,240.0,2.0,1,127.33,50000000.0,72.0,7.0,1,61.65,57000000.0,24.0,1,1,19.92,500.0,45.0,1,1,11900.0,76777.0,61.0,1,123.41,123.41,1,7234.0,12.0,1,0,6,Dic-2025,2.7340698248975883,14.181303125303135,5.186884034987781,69.33812835800168,48.869541534275726,33.496575892344225,37.860287989926185,7.329999999999999,4376707.543887423
83,BANCO DEL CHUBUT S.A.,publico,883834256.0,3331422.0,21502319.0,-1203437.0,886965.0,181298090.0,248653892.0,-34009716.0,,445479095.0,269981112.0,374479.0,20976050.0,3427234.0,15616477.0,52275947.0,13087.0,,16812875.0,,,517337244.0,,68301313.0,32149130.0,-108303931.0,-17002972.0,,,-105652167.0,75062682.0,13006.0,282157721.0,27484751.0,-254952.0,24173202.0,2205859.0,41079434.0,,,48835397.0,,160273061.0,62100441.0,-30298657.0,44568221.0,608201552.0,275632704.0,,,,141566521.0,155251483.0,237589500.0,63414938.0,-24288387.0,47264376.0,949477.0,580889809.0,-4001472.0,-64965801.0,26978812.0,1510672.0,552835647.0,50831877.0,135861584.0,85.05,6.16,4.31,3.3,1.19,41.67,80.06,6.87,1.51,6.09,5.46,23.46,89.76,4.4,3.23,2.05,0.55,18.84,166445.95,112362.41,351927.99,25280.01,86.36,5.37,2.97,3.34,1.96,630736.35,24.12,26.39,82313.0,533.0,16749.0,8535.0,323695.0,37022.0,1091.0,21289.0,150689.0,1323.0,3468.0,141214.0,306189.0,95822.0,736.0,0,10.47,180000000.0,180.0,1.0,1,118.0,40000000.0,60.0,6.0,1,55.55,0.0,4.0,1,1,28.08,1000.0,18.0,1,0,,,,0,111.01,111.01,0,2797.52,3.0,1,1,5,Dic-2025,-0.45274008931375936,-1.4517406468573482,3.2065652702808443,58.53328726376046,65.72383962904466,6.214346709590466,57.31512782538458,8.27,1200861.7608695652
86,BANCO DE SANTA CRUZ S.A.,publico,624995728.0,9957907.0,7614031.0,-3274538.0,13720581.0,118224566.0,91978702.0,-16161905.0,-822.0,211403493.0,24713309.0,3418023.0,10682983.0,182561.0,1295561.0,15381371.0,646197621.0,416646.0,59412574.0,,,440420723.0,,27886117.0,16565447.0,-104314475.0,-17853777.0,,,-69923133.0,5917795.0,-4408822.0,216513693.0,26155804.0,-70126.0,11869940.0,1609510.0,26503311.0,,,45857927.0,,120027078.0,30106382.0,-15125245.0,24768197.0,514164830.0,110830898.0,,23172.0,288641.0,158263380.0,129122789.0,191745496.0,570504.0,-15778568.0,39927030.0,1094228.0,328416059.0,18852196.0,-14109028.0,18852196.0,14091050.0,328803359.0,1300218.0,172178144.0,91.7,3.7,3.18,1.38,0.05,1.79,100.0,,,,,0.99,89.53,4.17,4.26,1.93,0.11,0.02,54851.33,169481.75,153248.62,15864.53,92.02,3.35,3.15,1.4,0.07,377581.69,0.96,14.53,71744.0,136.0,22650.0,22999.0,161370.0,19876.0,498.0,7058.0,138402.0,1.0,1.0,69240.0,165299.0,43651.0,257.0,1,14.36,335970000.0,240.0,1.0,1,154.37,50000000.0,72.0,1.0,1,29.03,50000000.0,4.0,1,1,23.15,5000.0,4.0,1,0,19781.0,19781.0,1.0,1,111.08,111.08,0,9000.0,1.0,1,1,6,Dic-2025,3.0163719775057407,17.009873907184257,5.639183109388863,70.46779734148839,52.54692860876643,3.7612778270653715,58.026896734552416,4.62,2431889.992217899
93,BANCO DE LA PAMPA SA,publico,1421587260.0,4805241.0,37970170.0,-11419026.0,4660469.0,253963207.0,413287808.0,-30975827.0,-172473.0,770975695.0,100292103.0,,143919139.0,6406531.0,17845394.0,108843561.0,29737.0,1006.0,153975411.0,,,881961845.0,,128999623.0,156398731.0,-185987231.0,-79123506.0,,,-127981616.0,26883161.0,-7615632.0,440221667.0,73647418.0,-2044719.0,22367386.0,2872030.0,37206432.0,,,73982585.0,,239602601.0,99622048.0,-60754953.0,91961192.0,1001512055.0,420075205.0,,1637904.0,714812.0,137071947.0,282723368.0,348260475.0,314408.0,-24173988.0,62330700.0,7646381.0,555422496.0,4615157.0,-89544079.0,6787397.0,5.0,579573078.0,23406.0,392790532.0,96.72,1.46,0.77,0.95,0.1,15.29,82.28,17.72,0.0,,,14.18,90.13,3.86,2.76,2.82,0.43,0.08,53707.84,318800.57,291815.26,24292.59,92.66,3.83,1.59,1.69,0.24,664323.68,8.52,8.08,82470.0,3926.0,58893.0,70221.0,517093.0,74761.0,1893.0,36256.0,336764.0,333.0,7.0,248966.0,,211300.0,735.0,0,,,,,0,107.05,10000000.0,60.0,42.0,1,,,,0,0,21.94,1000.0,8.0,1,1,23000.0,70000.0,168.0,1,110.98,110.98,1,0.0,60.0,1,1,4,Dic-2025,0.32464816827353954,1.0986501809836646,3.3841256115080633,62.04064075532022,39.0705876190815,17.733049551593698,51.44816928917698,3.5200000000000005,1934132.3265306123
94,BANCO DE CORRIENTES S.A.,publico,1051839450.0,805141.0,54624700.0,-4307051.0,2372637.0,170995826.0,207832114.0,-24344874.0,-143852.0,315304964.0,525343698.0,5005780.0,133161618.0,1222457.0,544933.0,39983401.0,15458440.0,1972702.0,96269088.0,,,555390293.0,-880744.0,98764554.0,79810922.0,-123127345.0,-58440198.0,,,-123509713.0,22851459.0,9961059.0,269127040.0,75224029.0,-413643.0,17698440.0,3172201.0,57934858.0,,880744.0,151118342.0,,159646533.0,55319696.0,-39784816.0,93434621.0,764896323.0,286943127.0,,678181.0,106455.0,100131540.0,222754190.0,175692419.0,2532092.0,-26616404.0,105294039.0,346375.0,486096130.0,-31688757.0,-53127903.0,79111013.0,1735.0,451384772.0,61326027.0,183295306.0,82.33,6.77,6.5,2.75,1.65,6.87,96.77,0.85,0.07,2.31,0.0,5.79,90.44,3.38,2.13,2.77,1.28,6.27,154802.96,133835.07,235790.23,26937.71,90.24,3.5,2.64,2.63,1.0,524428.27,6.28,29.52,311681.0,974.0,199916.0,26794.0,814820.0,174092.0,601.0,33357.0,138017.0,387.0,74.0,142645.0,464720.0,130940.0,817.0,1,10.36,9999999999.0,180.0,1.0,1,123.2,15000000.0,60.0,2.0,1,91.93,99999999.0,1.0,1,0,22.14,1500.0,6.0,1,0,12671.52,12671.52,1.0,1,136.07,136.07,0,6790.62,1.0,1,1,6,Dic-2025,-3.0126990388124346,-11.043567180474756,3.6656722222170526,52.80181238686189,46.21390935660381,14.370240712867483,75.87359485013245,6.27,1287441.1872705019
97,BANCO PROVINCIA DEL NEUQUÉN SOCIEDA,publico,1896543930.0,1550677.0,36950936.0,-18798785.0,5407042.0,385353109.0,527596241.0,-40418429.0,-251238.0,919766916.0,132199769.0,41074832.0,19697566.0,4693773.0,10870165.0,91679193.0,13082672.0,,176387066.0,,,1103248828.0,,108354602.0,143930814.0,-143673783.0,-35793797.0,,,-180369167.0,19215961.0,-70125505.0,654949984.0,55315285.0,-2441420.0,24795979.0,2552799.0,78089449.0,,,52409028.0,,114283414.0,345458304.0,-21662920.0,76412583.0,1260138715.0,636405215.0,,82450.0,11975559.0,302512657.0,203083091.0,578537401.0,20611227.0,-32791370.0,103559207.0,14415851.0,577363334.0,109983407.0,-124686785.0,108808974.0,3769320.0,605233333.0,4921371.0,658419704.0,94.54,3.55,1.23,0.51,0.18,40.65,100.0,,,,,24.04,89.09,4.05,3.09,3.02,0.76,6.19,76485.74,142582.63,457786.71,33790.03,91.47,3.48,2.35,2.15,0.55,676855.08,15.47,11.3,213829.0,2409.0,104340.0,74850.0,480470.0,92066.0,859.0,22684.0,426193.0,549.0,405.0,240735.0,514276.0,224140.0,1148.0,1,3.56,150000000.0,240.0,12.0,1,26.83,25000000.0,72.0,42.0,1,,,,0,1,20.75,1000.0,13.0,1,1,10715.76,42437.12,146.0,1,127.42,0.0,1,4950.11,33.0,1,1,5,Dic-2025,5.799148928756952,17.281977646899076,2.980088605967819,58.17154090387982,30.442919083872738,13.046088094280758,33.980774735437855,5.05,1652041.7508710802
131,BANK OF CHINA LIMITED SUCURSAL BUEN,extranjero,57013017.0,870271.0,,,,28292568.0,129582179.0,,,110969513.0,110969513.0,,800174.0,,28553.0,,,,34576644.0,,,28324411.0,,,8324336.0,-5838932.0,-27277.0,,,-9262763.0,,,9275662.0,11035983.0,,,31843.0,6960178.0,,,6329300.0,,-336081.0,35231039.0,-835107.0,,41616036.0,15396981.0,,,,,,9275662.0,,,1782166.0,2147.0,,2542914.0,-2332231.0,-114185198.0,,28324411.0,,10005031.0,,,,,,,100.0,,,,,,,,,,,,110969.51,,,2.15,100.0,,,,,110969.51,,100.0,,,,,51.0,,,,,,,,,,34.0,0,,,,,0,,,,,0,,,,0,0,28.02,10000.0,1.0,1,0,,,,0,,,0,,,0,0,1,Dic-2025,4.460234054970289,16.515666285488045,3.702869867800707,49.6806036417964,,29.389264263959454,64.1224190117903,,1676853.4411764706
143,BRUBANK S.A.U.,privado_nacional,326010000.0,12287314.0,102261.0,400948.0,,250261798.0,100019359.0,-12038314.0,,61777441.0,3179132.0,,8287149.0,2357512.0,609460.0,4155562.0,,276994.0,3379113.0,,,274358222.0,,215707.0,89211732.0,-24590139.0,-19025223.0,,,-31305523.0,387027.0,-2120893.0,78455819.0,14669052.0,-9539.0,5127344.0,407932.0,5893622.0,,,19430552.0,,31081847.0,27246001.0,-7952457.0,18677955.0,299792429.0,26217571.0,,34489.0,52776.0,48834747.0,17920789.0,59777864.0,,-9732557.0,1577844.0,57257.0,76407785.0,4000860.0,-1639368.0,-73801788.0,,86140342.0,,110957686.0,99.08,0.14,0.48,0.3,,,,,,,,,72.8,7.09,6.55,9.55,4.01,0.0,,18964.77,77306.9,10157.12,77.97,5.72,5.36,7.73,3.22,96271.66,0.0,80.3,16752.0,6944.0,518588.0,6743.0,7244740.0,,,33252.0,13108.0,2.0,,92801.0,4283781.0,87141.0,318.0,1,12.68,250000000.0,360.0,20.0,1,349.05,16706000.0,48.0,6.0,1,,,,0,1,24.36,50.0,11.0,1,0,,,,0,154.28,154.28,0,6600.0,2.0,1,0,4,Dic-2025,1.2272200239256463,15.260223763673606,12.434790393053575,84.15638231956075,23.43725192478758,32.51651485042792,63.23133400494842,16.31,1025188.679245283
147,BIBANK S.A.,privado_nacional,160210632.0,16911992.0,24468502.0,4669.0,344406.0,3236301.0,47176399.0,-1079257.0,-750.0,19162363.0,28546529.0,,15940291.0,566.0,67622.0,25740546.0,,294404.0,123770930.0,28266785.0,29586418.0,83567779.0,,19553401.0,8748101.0,-32494322.0,-1391470.0,,,-21022457.0,,2710412.0,48369194.0,483945.0,-893854.0,1077524.0,1043709.0,2142076.0,,585150.0,32216187.0,-109154.0,3678783.0,15065930.0,-16996748.0,5894223.0,117959582.0,42251050.0,585150.0,,,,53359358.0,42474971.0,,-1331370.0,8189993.0,33540.0,46556905.0,-5034503.0,-246334.0,-4925349.0,2756.0,47888275.0,92788.0,47867864.0,98.47,1.52,0.0,0.0,0.01,0.0,97.7,0.01,0.4,1.76,0.14,1.02,100.0,0.0,0.0,0.0,0.0,0.0,47877.15,9860.64,120.03,1348.38,97.83,0.27,0.33,1.45,0.12,57857.83,0.84,82.75,,,,476.0,282.0,,111.0,36.0,249.0,,,,,,99.0,0,,,,,0,,,,,0,,,,0,1,26.83,1000.0,13.0,1,0,,,,0,,,0,,,0,0,1,Dic-2025,-3.1424275262830244,-11.915687302445738,3.791873385395156,52.161194270802206,29.059809838338317,10.468270312652441,140.45546615575893,1.9,1618289.2121212122
165,"JPMORGAN CHASE BANK, NATIONAL ASSOC",extranjero,928614311.0,,21749234.0,,1935351.0,364395504.0,345992186.0,-2844.0,,250766.0,,,20157668.0,,2730.0,14287015.0,,369506474.0,389215192.0,71566876.0,56037223.0,379859487.0,,,86398748.0,-77595456.0,-1967491.0,,,-74068010.0,,-12867456.0,295780950.0,49964818.0,,110629.0,954577.0,46223740.0,,,82914436.0,,84378.0,336310335.0,-45282285.0,202485833.0,509767269.0,418847042.0,,,,,,93295117.0,,-574.0,20116596.0,769606.0,21859289.0,72854856.0,-119406294.0,72854856.0,138013.0,21859863.0,,441836324.0,,,,,,,100.0,,,,,,,,,,,,21859.86,,,0.57,100.0,,,,,21859.86,,100.0,,,,35.0,85.0,,,,3.0,,,,,,175.0,0,,,,,0,,,,,0,,,,0,0,21.0,20000000.0,1.0,1,0,,,,0,,,0,,,0,0,1,Dic-2025,7.845545253501913,17.394143611977565,2.2170726252854855,40.90605566814272,2.353968568119558,22.744923045715588,27.8259918208621,,5306367.491428572
191,BANCO CREDICOOP COOPERATIVO LIMITAD,privado_nacional,9357620655.0,18422688.0,149666737.0,-3564059.0,13623834.0,1809388366.0,3409190308.0,-60592332.0,-698997.0,3979763089.0,1767743985.0,38425225.0,45381845.0,14654404.0,24258945.0,896402463.0,,81842859.0,3301994151.0,3057478.0,3057478.0,5813588651.0,,1394782424.0,1209173059.0,-1211787790.0,-31031447.0,,,-801088417.0,86131904.0,,2187602065.0,316465536.0,-47769031.0,111309224.0,40949827.0,123713434.0,,167272989.0,273698881.0,7033271.0,504589491.0,242322440.0,-95313660.0,91182666.0,6254663206.0,3102957449.0,167272989.0,355519.0,176154.0,159525945.0,2681170146.0,2096419399.0,102993381.0,-79579464.0,408970098.0,43486086.0,2399740493.0,-299199588.0,-720762480.0,-306232859.0,14062320.0,2456967019.0,8290618.0,4813932465.0,97.6,0.9,0.62,0.78,0.1,15.21,99.75,0.0,0.08,0.17,0.0,14.48,89.55,3.55,3.01,3.51,0.38,15.54,800666.43,1282670.28,499257.86,80808.19,96.71,1.14,0.91,1.12,0.12,2582594.57,15.05,31.0,267026.0,27828.0,53834.0,400618.0,3518618.0,382800.0,9506.0,93460.0,702164.0,232.0,1963.0,1008345.0,1296800.0,641091.0,4543.0,1,13.24,200000000.0,240.0,48.0,1,112.98,50000000.0,60.0,10.0,1,151.94,20000000.0,6.0,1,1,21.34,0.0,65.0,1,1,23595.0,71995.0,20.0,1,129.55,129.55,1,0.0,9.0,1,1,6,Dic-2025,-3.197389582576534,-9.642400610308853,3.0157102727965897,62.1267827083123,25.64477212182951,20.799081799363446,63.51551683757031,2.1500000000000004,2059788.830068237
198,BANCO DE VALORES S.A.,privado_nacional,1908754450.0,61560993.0,115937207.0,,236274.0,667153992.0,308110428.0,-9735515.0,,197386652.0,21125539.0,,39734655.0,7589.0,2354638.0,299039269.0,855534732.0,5005013.0,13643650475.0,22875389.0,57819001.0,1281781091.0,,190407326.0,484053142.0,-206961527.0,-8725616.0,,,-63609607.0,,-22062534.0,373421468.0,30908886.0,-1435200.0,4037394.0,5412095.0,41242216.0,,22277640.0,220912036.0,1751440.0,90453339.0,180984743.0,-24496475.0,38647051.0,1544623442.0,364131008.0,22277640.0,,,,188216474.0,334774417.0,,-9667704.0,12598829.0,688099.0,713348170.0,57772020.0,-47220390.0,56020580.0,323615808.0,399400066.0,466.0,393960004.0,99.25,0.36,0.11,0.29,0.0,0.0,99.23,,,0.77,,0.03,100.0,0.0,,,,0.01,919597.22,347.0,6580.35,10163.82,99.24,0.0,0.0,0.76,0.0,926524.57,0.03,99.25,,,,1304.0,2080.0,,85.0,12.0,18691.0,34.0,,,,,288.0,0,,,,,0,,,,,0,,,,0,0,,,,0,0,,,,0,,,0,,,0,0,0,Dic-2025,3.026686853303734,15.865723800154916,5.241944267487376,67.15274932299438,37.37244306097099,37.764103823872055,33.719531523453554,0.76,6627619.618055556
247,BANCO ROELA S.A.,privado_nacional,189521017.0,,4612604.0,,664742.0,5070636.0,71745728.0,-607423.0,,4471565.0,4647145.0,,8822776.0,41171.0,331999.0,56377388.0,,134755.0,38269957.0,,,70266256.0,,99832.0,4203177.0,-6792021.0,-2295625.0,,,-21526568.0,2999497.0,-8372650.0,48792297.0,24245724.0,-9093.0,191686.0,64643.0,29562870.0,,,1832479.0,,2484657.0,12560993.0,-5185871.0,13463803.0,103282555.0,86238462.0,,1596096.0,1545715.0,3665.0,6738664.0,35328494.0,237669.0,-356608.0,17977486.0,75235.0,11268183.0,14492734.0,-18258639.0,14492734.0,1004274.0,10620517.0,476431.0,132427564.0,91.49,5.24,3.18,0.09,0.0,31.5,100.0,,,,,1.06,92.29,3.5,0.01,4.16,0.04,10.87,40261.75,13319.28,216.04,462.55,97.86,1.31,0.79,0.04,0.0,53797.07,8.64,74.84,3379.0,2096.0,,23571.0,7591.0,,377.0,573.0,1728.0,93.0,12.0,668.0,7636.0,517.0,184.0,0,,,,,0,109.01,1500000.0,12.0,24.0,1,,,,0,0,19.56,1.0,12.0,1,0,,,,0,126.6,0.0,1,5358.73,6.0,1,1,3,Dic-2025,7.647032624355324,16.805417981596193,2.1976391114210734,37.0757064901145,5.945611298613915,5.9817859087297895,33.66136320545423,0.8300000000000001,1030005.5271739131
254,BANCO MARIVA S.A.,privado_nacional,831312128.0,1166358.0,62591833.0,-90983.0,11004978.0,224369540.0,168997069.0,-757509.0,-37.0,38583702.0,102024827.0,,21045674.0,18025.0,382113.0,88688983.0,,1646786.0,2586994766.0,30958981.0,,388392203.0,,6753124.0,144867128.0,-134772943.0,-4042299.0,,,-45811433.0,,2648967.0,173761137.0,5537519.0,-603849.0,6889581.0,3684947.0,21893604.0,,95510512.0,254656354.0,,132637834.0,119197689.0,-31434508.0,76932820.0,665103076.0,166209052.0,95510512.0,,31561.0,4394.0,71073955.0,96828317.0,2363.0,-1014546.0,18323869.0,129354.0,219339810.0,-3875004.0,-16229558.0,-2788017.0,12170096.0,208184260.0,,200856110.0,98.49,0.26,0.0,0.0,1.25,0.75,100.0,,,0.0,,2.25,92.67,,0.4,0.01,6.93,0.0,222090.32,40283.15,255.79,1214.67,99.76,0.04,0.0,0.0,0.2,262629.25,2.01,84.56,196.0,8.0,,638.0,1628.0,,85.0,327.0,346.0,,6.0,,1301.0,,216.0,0,,,,,0,,,,,0,63.23,10000000.0,1.0,1,0,28.36,1000.0,6.0,1,0,,,,0,,,0,,,0,0,2,Dic-2025,-0.4661310558914401,-2.331403707181965,5.001605616522017,46.72038214267458,26.384772050384424,37.299185431897044,113.16099230168682,0.2,3848667.2592592593
266,BNP PARIBAS,extranjero,203371672.0,153593.0,15704079.0,,,4045461.0,91797025.0,-21962.0,,300.0,20275574.0,,40499674.0,,8860.0,21851450.0,23691.0,13587954.0,124708522.0,670850895.0,680785022.0,46060057.0,,,8831405.0,-15345169.0,-1875995.0,,,-40910724.0,,-1538660.0,74335782.0,10522686.0,,,121644.0,20882782.0,,,34454344.0,-308463.0,35820.0,42777472.0,-3389394.0,37288974.0,101627296.0,101744376.0,,3.0,,,20000000.0,37046808.0,,-20401.0,2376350.0,230113.0,38818938.0,4964292.0,-24453353.0,9947351.0,23135260.0,15704079.0,,69914237.0,,,,,,,100.0,,,,,,100.0,,,,,,38915.28,,0.3,20.53,100.0,,,,,38915.58,,100.0,,,,64.0,16.0,,2.0,,1.0,,,,,,80.0,0,,,,,0,,,,,0,,,,0,0,,,,0,0,,,,0,,,0,,,0,0,0,Dic-2025,2.4409948303911277,4.879180742137531,1.9988492730055172,22.64821670935567,19.087681985522543,19.17367362354762,60.485444541077506,,2542145.9
268,BANCO PROVINCIA DE TIERRA DEL FUEGO,publico,395257743.0,1575979.0,1927933.0,48166.0,17681966.0,55806621.0,150342476.0,-12694737.0,-285.0,204150692.0,20756478.0,,66932803.0,1019256.0,2799951.0,15599118.0,,191141.0,3870515.0,,,153108547.0,,12754764.0,22290374.0,-38442144.0,-8021534.0,,,-55906323.0,995061.0,-404389.0,130202331.0,19181930.0,-177913.0,19949376.0,667065.0,11726848.0,,,43090574.0,,69374048.0,42243088.0,-13434165.0,45503383.0,208772614.0,186485129.0,,54857.0,99077.0,78773375.0,42031729.0,84698948.0,328593.0,-12557519.0,31365494.0,747568.0,171424746.0,297068.0,-37634636.0,36142653.0,7416.0,183973118.0,1731.0,41688436.0,85.14,8.87,3.51,1.6,0.88,11.18,12.85,,,,87.15,12.39,87.39,5.75,3.45,2.38,1.03,0.32,1605.41,19248.77,163081.76,12561.62,86.51,6.03,3.42,2.27,1.76,183935.95,1.56,0.87,41414.0,946.0,16907.0,1952.0,83052.0,12147.0,476.0,5940.0,34083.0,349.0,18.0,66940.0,76631.0,29502.0,321.0,1,8.3,187929000.0,360.0,1.0,1,107.97,6000000.0,60.0,2.0,1,94.68,30000000.0,1.0,1,0,23.04,1.0,14.0,1,1,20930.0,66279.0,4.0,1,128.71,128.91,1,9739.0,10.0,1,1,6,Dic-2025,0.07515804693546509,0.15929849291092804,2.1195134706961003,38.736381440097425,43.37037010303426,14.558543227505124,54.31986622151178,7.449999999999999,1231332.5327102803
269,BANCO DE LA REPUBLICA ORIENTAL DEL,extranjero,11842258.0,,7635.0,,59061.0,2981471.0,48116365.0,-3363.0,,163336.0,376709.0,,1152678.0,19534.0,16221.0,201544.0,,,3356733.0,,,3465746.0,,4310.0,3120119.0,-40561.0,-558710.0,,,-4403077.0,,14320.0,1610085.0,310031.0,,859.0,301.0,738623.0,,,112617.0,,56341.0,283948.0,-34208.0,175256.0,4317825.0,7524433.0,,,,20741.0,98444.0,1434829.0,,-2229.0,2507077.0,839.0,888731.0,-4415254.0,-1394492.0,-40591932.0,801074.0,89886.0,,3830644.0,100.0,,,,,,100.0,,,,,,96.92,1.72,0.0,1.36,0.0,,806.43,32.6,63.33,2.23,99.78,0.12,0.0,0.1,0.0,902.35,,89.37,36.0,6.0,,45.0,2339.0,,,14.0,130.0,,,114.0,2614.0,59.0,22.0,0,,,,,0,103.18,30000.0,12.0,1.0,1,,,,0,0,14.94,2000.0,1.0,1,0,,,,0,166.31,166.31,0,100.1,1.0,1,0,3,Dic-2025,-37.2838862318318,-58.678893147164715,1.5738405804131688,29.26592209019597,7.504742761051145,90.02734187675611,333.353042938422,0.1,538284.4545454546
277,BANCO SAENZ S.A.,privado_nacional,86539579.0,930925.0,38.0,8.0,10293.0,8510999.0,25389891.0,-9384955.0,,,214377.0,,3018655.0,1461339.0,107932.0,15810925.0,,4973.0,8610815.0,,,56372491.0,,123826.0,9497401.0,-17147551.0,-799131.0,,,-14822618.0,,812249.0,45028303.0,549319.0,,4917182.0,715707.0,2134461.0,135143.0,,1564256.0,,82806.0,2025878.0,-2966706.0,4122596.0,61279020.0,25260559.0,,,,31003671.0,31314728.0,40905707.0,,-10025364.0,31280.0,1072669.0,41155130.0,-685343.0,-6733944.0,-129332.0,15052963.0,36127531.0,,29870017.0,99.99,,0.0,0.0,0.01,,100.0,,,,0.0,,53.08,11.29,13.32,19.06,3.25,,18903.9,55.11,35999.93,10032.12,69.26,7.39,8.73,12.49,2.13,54958.95,,34.4,161.0,1.0,,157.0,534.0,,31.0,28.0,62606.0,,,,418.0,,60.0,0,,,,,0,494.63,3750000.0,24.0,6.0,1,,,,0,1,24.36,1.0,3.0,1,0,,,,0,,,0,,0.0,1,0,3,Dic-2025,-0.791941684856128,-2.7130951456774968,3.4258774320869145,65.14070400088265,47.55642502027887,16.847580852866695,53.64500085773412,23.349999999999998,1442326.3166666667
281,BANCO MERIDIAN S.A.,privado_nacional,54722597.0,131377.0,569044.0,-18628.0,26832.0,7240230.0,13776401.0,-153092.0,,7041739.0,6571140.0,3265333.0,1819710.0,1595651.0,156474.0,4495052.0,,60141.0,27953190.0,,,29061469.0,,8598900.0,5855464.0,-4452327.0,-325402.0,,,-11585529.0,,343529.0,14331703.0,3209061.0,-2076076.0,450113.0,213390.0,3185671.0,,,8902615.0,,2988393.0,5209213.0,-739400.0,3499333.0,41161408.0,13561189.0,,12.0,728.0,,15981242.0,10832370.0,,-128322.0,11702194.0,10925.0,11031428.0,-215212.0,-1027226.0,-215212.0,648004.0,10511746.0,,15681034.0,98.99,1.0,0.0,0.0,0.01,31.53,96.89,0.0,0.33,2.78,,47.43,99.41,0.38,0.1,0.1,0.0,2.45,6062.53,11039.46,2561.6,149.4,98.4,0.61,0.12,0.87,0.01,19663.59,32.65,30.83,80.0,10.0,,356.0,1196.0,,35.0,1940.0,3474.0,,,447.0,1010.0,447.0,76.0,0,,,,,0,,,,,0,99.38,32000000.0,1.0,1,1,34.5,10000.0,2.0,1,0,,,,0,87.8,,1,7000.0,1.0,1,1,3,Dic-2025,-0.39327811872671176,-1.5869699920855023,4.035235922159923,53.10688928012682,20.158816658500324,20.148547893432365,90.77409095877273,1.0,720034.1710526316
285,BANCO MACRO S.A.,privado_nacional,22317773535.0,177965756.0,1516390995.0,-7936672.0,179945067.0,4823582754.0,4941777278.0,-534692143.0,,5990217340.0,3538596481.0,12876691.0,384271800.0,122858052.0,18566452.0,1246082671.0,,154188835.0,11974885723.0,83898009.0,304764585.0,13575507745.0,,1704105925.0,4219998701.0,-2404852818.0,-389520188.0,70847529.0,,-1512593073.0,503280329.0,-171778739.0,5352406066.0,872463646.0,-63213034.0,734004473.0,93459835.0,754293861.0,591241125.0,232673380.0,2083038047.0,12338845.0,3875025117.0,387292618.0,-511230232.0,1614265784.0,17085557381.0,5232216154.0,303520909.0,15094368.0,11070474.0,2250365171.0,6613880330.0,3738140282.0,242917690.0,-501233610.0,1041739695.0,70406129.0,10595731071.0,301831488.0,-1005982470.0,290438876.0,117613628.0,10754939994.0,224411059.0,4999336859.0,93.56,2.71,1.58,1.74,0.42,25.73,98.86,0.44,0.0,0.44,0.26,13.22,90.6,3.61,3.01,1.97,0.81,9.52,3346688.8,2269755.73,5727362.68,504070.75,93.63,2.5,1.83,1.47,0.57,11343807.21,13.85,29.5,1133456.0,49266.0,1086197.0,890053.0,8812189.0,1297255.0,22368.0,368826.0,4396405.0,78634.0,6568.0,3373794.0,6638673.0,2081728.0,8245.0,1,12.13,9999999999.0,240.0,15.0,1,9.38,10000000.0,72.0,16.0,1,,,,0,1,22.54,1.0,11.0,1,1,14943.5,78480.6,28.0,1,112.7,112.7,1,15972.0,14.0,1,1,5,Dic-2025,1.3524265201752796,5.768712131077603,4.265453276034513,60.82823505539259,47.476649292023566,31.08538391541391,44.09253827162835,3.8699999999999997,2706825.171012735
299,BANCO COMAFI SOCIEDAD ANONIMA,privado_nacional,3403554607.0,14098143.0,226169209.0,-2932195.0,61102573.0,795382377.0,366440347.0,-44480935.0,-86.0,157472208.0,536342191.0,207700889.0,118582887.0,9694453.0,4066841.0,754849873.0,,,25999359686.0,754179752.0,809902985.0,2567928796.0,,52597941.0,707074986.0,-398543662.0,-23965284.0,,,-286797501.0,19221213.0,27228281.0,701717637.0,105408934.0,-4909052.0,25857244.0,14759401.0,104634623.0,,628945.0,345660452.0,,802795715.0,240675539.0,-68462530.0,218687423.0,3020751028.0,382803579.0,628945.0,238132.0,138165.0,43871932.0,967714848.0,483030214.0,13114074.0,-43253010.0,122289244.0,2388992.0,1387772079.0,16363232.0,-64423896.0,16363232.0,255229431.0,1175785995.0,9663.0,543391190.0,92.22,3.28,2.51,1.72,0.27,31.05,99.21,0.05,0.02,0.69,0.03,8.94,83.63,5.98,5.78,4.3,0.3,15.79,1406922.36,223704.17,205057.68,50350.87,96.62,1.11,0.97,1.22,0.09,1835684.2,12.4,76.64,29577.0,3636.0,90959.0,54563.0,438640.0,43688.0,661.0,15903.0,171800.0,139.0,66.0,199264.0,211124.0,122932.0,1417.0,1,11.0,350000000.0,240.0,6.0,1,151.94,100000000.0,60.0,6.0,1,,,,0,0,23.15,500.0,8.0,1,1,9102.23,79890.25,30.0,1,122.2,122.2,1,8372.38,9.0,1,0,5,Dic-2025,0.4807688986786396,4.274576544646151,8.891125354394871,75.44843825095708,40.77419754470242,27.534836133361384,74.56691590771484,2.28,2401943.9710656316
300,BANCO DE INVERSION Y COMERCIO EXTER,publico,1765747363.0,1270084.0,,-241928.0,13018082.0,,644531941.0,-12033557.0,,636748379.0,2793757924.0,62002444.0,38428349.0,82045463.0,9015350.0,,8708066884.0,1239490.0,36946431.0,,,832885919.0,,186058013.0,64145299.0,-230663052.0,-454870.0,,,-49544743.0,101327737.0,-3225659.0,458376537.0,4566906.0,-1073438.0,8526246.0,6042521.0,45827593.0,,75774547.0,215513869.0,-2743127.0,57393716.0,14296531.0,-13717424.0,228495917.0,1095378139.0,670369224.0,75774547.0,17919.0,,,603363755.0,229880620.0,6238486.0,-9496114.0,2513093.0,1150758.0,602524041.0,20648334.0,-163356254.0,25837283.0,253087202.0,358228832.0,704121.0,891756974.0,99.43,0.12,0.2,0.22,0.03,79.37,97.95,0.0,1.62,0.42,0.01,22.45,,,,,,,475400.65,210052.53,,10116.48,98.41,0.04,1.19,0.36,0.01,685453.18,39.9,69.36,,,,,,,78.0,,5130.0,1639.0,61.0,,,,337.0,0,,,,,0,,,,,0,,,,0,0,,,,0,0,,,,0,,,0,,,0,0,0,Dic-2025,1.1693821229849404,3.0801434882100134,2.6339922833331024,47.16903088474271,34.12289060289538,7.701570831815204,21.37156547143056,1.5599999999999998,5239606.418397626
301,BANCO PIANO S.A.,privado_nacional,379809408.0,925308.0,7048215.0,,4430874.0,147122306.0,69453100.0,-3221690.0,,5179521.0,3235179.0,,7994401.0,1420380.0,498930.0,25486712.0,,54579.0,215806361.0,4335444.0,,264202377.0,,18904356.0,88181286.0,-36303329.0,-8248099.0,,,-79968056.0,,-5407400.0,144056645.0,17030416.0,,8807890.0,723295.0,19199571.0,,,17817919.0,,583767.0,12766304.0,-11285837.0,23863068.0,301333654.0,78475754.0,,,,91531838.0,83838176.0,120193577.0,,-2806127.0,16410878.0,113787.0,124069939.0,9022654.0,-16154341.0,9022654.0,2621.0,126876066.0,,125030418.0,100.0,0.0,0.0,,,,100.0,,0.0,,,,87.6,4.97,3.17,2.91,1.35,,76415.03,383.96,103994.82,2925.79,92.87,2.86,1.82,1.67,0.78,180793.8,,42.27,,,83423.0,80900.0,488861.0,315154.0,4.0,10199.0,15.0,,,,285423.0,,545.0,0,,,,,0,89.0,12171000.0,60.0,4.0,1,,,,0,0,25.66,1000.0,10.0,1,0,,,,0,,,0,,,0,0,2,Dic-2025,2.3755741195331317,11.497377903498704,4.839831268139202,69.5618306010998,32.66636802214231,33.37641659446538,68.62111951629421,4.2700000000000005,696897.9963302752
305,BANCO JULIO SOCIEDAD ANONIMA,privado_nacional,54423797.0,8728.0,7924218.0,,2263001.0,2531340.0,15051148.0,-825406.0,-412.0,260000.0,14230100.0,414452.0,556712.0,39122.0,76686.0,16222849.0,,743839.0,8828668.0,2935725.0,3011000.0,35303979.0,,9815786.0,4970489.0,-6304752.0,-136480.0,,,-9693931.0,825458.0,-2716.0,16753944.0,2090202.0,-422423.0,1084145.0,301935.0,1892182.0,,767.0,2005646.0,,2944353.0,7986305.0,-2765594.0,5492718.0,39267729.0,15156068.0,767.0,,65375.0,29648.0,15268110.0,11261226.0,621530.0,-786034.0,1462838.0,547.0,23542017.0,-1081723.0,-3076415.0,104920.0,1505748.0,22822303.0,29404.0,13218488.0,93.53,1.45,0.55,4.28,0.18,6.67,100.0,,,,,3.09,100.0,,,,,,1063.04,23944.84,30.51,807.8,93.81,1.39,0.53,4.1,0.17,25038.39,6.51,4.25,,,,519.0,802.0,,50.0,81.0,630.0,3.0,11.0,,,,83.0,0,,,,,0,127.77,1000000.0,36.0,2.0,1,,,,0,0,25.59,500.0,8.0,1,0,,,,0,,,0,,,0,0,2,Dic-2025,-1.9875919351970244,-7.137227148888485,3.590891582170257,64.8686437662554,43.25684406032897,14.079118390592743,78.15849565674647,4.8,655708.3975903614
309,BANCO RIOJA SOCIEDAD ANONIMA UNIPER,publico,277900146.0,8504895.0,11600296.0,-2666.0,5312630.0,41744550.0,97307247.0,-8651783.0,,1339137.0,109679130.0,,9896955.0,262869.0,2706124.0,5613232.0,366313591.0,,3279871.0,,,183071089.0,,7367032.0,16238106.0,-21188067.0,-4412134.0,,,-65585095.0,11804482.0,-300617.0,85674631.0,8004160.0,,5894021.0,523277.0,8872765.0,,,2744245.0,,20488795.0,35138955.0,-1650967.0,7878472.0,195731635.0,82168511.0,,274350.0,1039667.0,73667163.0,31257057.0,77796159.0,1947643.0,-9314966.0,44452162.0,3869.0,123528831.0,-12698948.0,-6953082.0,-15138736.0,,132766766.0,77031.0,34553262.0,53.83,18.09,5.9,17.07,5.1,28.69,27.35,31.13,0.0,27.78,13.73,26.32,81.35,7.87,6.25,3.79,0.75,0.04,31391.73,12476.01,95570.69,12494.27,66.73,14.02,4.81,10.38,4.06,139438.43,8.52,22.51,98009.0,243.0,34884.0,1517.0,203838.0,52182.0,60.0,5277.0,77297.0,28.0,7.0,25448.0,200390.0,25448.0,346.0,0,,,,,0,110.96,5000000.0,72.0,2.0,1,,,,0,1,24.42,1000.0,3.0,1,0,,,,0,141.27,141.27,1,4210.0,7.0,1,1,3,Dic-2025,-4.569608250583647,-15.454762226371606,3.3820759633821282,65.87657172371547,44.450797445784715,8.869836350839645,96.33732866676587,19.25,803179.612716763
310,BANCO DEL SOL S.A.,privado_nacional,630801208.0,57571256.0,7031006.0,16938075.0,,35088159.0,101642949.0,-11276914.0,,24258327.0,263309387.0,,28139888.0,1760507.0,143133.0,155557236.0,,,43844422.0,,,494975362.0,,177880182.0,44522668.0,-83508492.0,-14025288.0,,,-64262604.0,11497364.0,21400915.0,176496999.0,2540506.0,-59679843.0,27118267.0,4012542.0,10729788.0,,,7839754.0,,13073286.0,50387746.0,-19310454.0,16961869.0,513574820.0,117226388.0,,,5059.0,41007218.0,273274905.0,159535130.0,157031055.0,-8845068.0,978350.0,24857.0,383051542.0,17206506.0,-11102393.0,15583439.0,,391896610.0,26732349.0,66149758.0,90.13,1.59,3.34,3.83,1.11,25.63,100.0,,,,,0.0,85.3,7.05,3.64,3.48,0.52,60.32,2969.46,102121.81,273807.17,10074.36,86.72,5.53,3.53,3.55,0.68,378898.44,50.5,0.78,4231.0,450.0,,1280.0,200188.0,,84.0,8876.0,160852.0,1.0,17151.0,18439.0,498983.0,19278.0,282.0,1,13.24,250000000.0,240.0,2.0,1,129.47,9000000.0,48.0,3.0,1,45.37,40000000.0,4.0,1,1,27.46,1.0,34.0,1,0,,,,0,150.42,150.42,1,15000.0,4.0,1,0,5,Dic-2025,2.727722423765555,14.678014305106798,5.381051303909492,78.46772576250362,60.72460501692635,8.994926094927528,78.84621715142467,7.76,2236883.716312057
312,BANCO VOII S.A.,privado_nacional,184270075.0,1191981.0,1217386.0,9872197.0,,3815674.0,20171012.0,-962238.0,,2557781.0,,,3281409.0,239797.0,82794.0,42040458.0,,,91611551.0,223650.0,,161359137.0,,4381.0,14595361.0,-40385322.0,-13201892.0,,,-20949759.0,,-426154.0,64928493.0,2921545.0,,3039155.0,1779558.0,9109710.0,,,989508.0,,313966.0,34702391.0,-4315981.0,31672621.0,171954372.0,12315703.0,,,,42369518.0,107496917.0,33255872.0,,-682255.0,12430715.0,496017.0,56134348.0,-7855309.0,560134.0,-7855309.0,34702.0,56816603.0,6145527.0,61933870.0,0.0,,,,,,99.89,0.0,0.0,0.11,,,91.5,3.45,3.36,1.63,0.07,,4170.45,0.0,50054.42,707.86,92.15,3.18,3.1,1.51,0.06,54224.87,,7.69,,,,78.0,716.0,,56.0,10378.0,92203.0,,,,87.0,,67.0,0,,,,,0,161.04,18000000.0,48.0,19.0,1,,,,0,1,31.25,1000.0,11.0,1,0,,,,0,,,0,,,0,0,2,Dic-2025,-4.262932546155419,-63.7828713472548,14.962205161978979,87.5666529142076,30.46308414429201,9.04526466325858,146.88366763833025,4.67,2750299.6268656715
315,BANCO DE FORMOSA S.A.,publico,589381234.0,9052080.0,12351999.0,910385.0,,88756929.0,164750283.0,-8937354.0,,96425480.0,166305945.0,207423.0,33408794.0,3312024.0,2112169.0,33262391.0,1763692.0,,28024695.0,,1911780.0,332632190.0,,28403129.0,25276881.0,-25215924.0,-1628360.0,,,-138137354.0,3251364.0,-12486337.0,228102768.0,17221448.0,-555881.0,6739547.0,473378.0,50437035.0,,3702082.0,21167414.0,,39475035.0,76791392.0,-7565398.0,74485300.0,408637871.0,180743363.0,3702082.0,35772.0,47137.0,126892793.0,40107748.0,153617468.0,14112622.0,-7318325.0,32485603.0,4354095.0,227774175.0,15513033.0,-41446244.0,15993080.0,3511507.0,231580993.0,159815618.0,180647032.0,89.27,3.95,2.94,2.74,1.1,14.68,100.0,,,,,25.02,95.13,1.69,1.55,1.21,0.42,6.37,7544.7,58104.31,173131.46,8018.01,93.86,2.19,1.84,1.54,0.57,238780.47,8.98,3.16,67094.0,311.0,196423.0,35401.0,513289.0,344260.0,117.0,7002.0,167580.0,22.0,2490.0,85635.0,641955.0,85635.0,550.0,0,,,,,0,90.16,8000000.0,36.0,10.0,1,24.36,40000000.0,35.0,1,0,25.59,500.0,4.0,1,1,11660.0,49511.0,16.0,1,101.27,101.27,0,15730.0,2.0,1,0,5,Dic-2025,2.632088045069993,8.582906029030786,3.2608734518235116,56.43752647882915,38.64632293331552,7.599048366305137,63.22656398483317,3.9499999999999997,1071602.2436363637
319,BANCO CMF S.A.,privado_nacional,1010093921.0,,134589702.0,-477794.0,288851.0,334437996.0,202638728.0,-9812173.0,,68827729.0,525359246.0,10032862.0,15667390.0,828244.0,5117.0,105163581.0,19568435.0,5848088.0,80347676.0,33787394.0,102089117.0,592956460.0,,102556914.0,201812726.0,-108145893.0,-7998269.0,59356870.0,,-63535485.0,4852561.0,-6765016.0,241099704.0,11224617.0,-3774939.0,4600576.0,1447310.0,33435725.0,,15425374.0,141764666.0,3610488.0,100573035.0,26676362.0,-15154099.0,56385701.0,768243249.0,241850672.0,74782244.0,,,,121527611.0,184714003.0,748852.0,-16788205.0,30284760.0,86398.0,369127876.0,42822432.0,-36570699.0,39211944.0,42246584.0,343668907.0,590.0,281420850.0,99.13,0.15,0.0,0.72,,5.57,97.53,2.21,0.0,0.27,,3.73,100.0,,,0.0,,100.0,516572.17,39673.62,32.69,17740.75,97.64,2.06,0.0,0.3,,556278.48,3.86,92.86,4.0,1.0,,1336.0,2167.0,,53.0,112.0,58.0,1.0,1.0,287.0,,287.0,199.0,0,,,,,0,,,,,0,,,,0,1,25.9,1.0,8.0,1,0,,,,0,,,0,,,0,0,1,Dic-2025,4.239450521354043,17.70614555083808,4.1765189761391275,58.70310153069419,36.54391619687809,34.03499912961569,46.65546395785894,0.3,5075848.849246231
321,BANCO DE SANTIAGO DEL ESTERO S.A.,publico,1564675982.0,1741280.0,6269288.0,-8260558.0,11016119.0,172579265.0,504079741.0,-23296430.0,,817878001.0,144527356.0,,32779325.0,2787269.0,365895.0,52458046.0,6529921.0,,102361957.0,,,676058650.0,,1097454.0,122271347.0,-190724665.0,-30645246.0,,,-124862611.0,,-62166765.0,646132060.0,57386701.0,-15844.0,9427947.0,1365004.0,141756197.0,,648242.0,10186258.0,,158760494.0,103160479.0,-30083266.0,34146173.0,840627923.0,724048059.0,648242.0,12236617.0,11557659.0,166665575.0,101130096.0,611985887.0,,-25257132.0,98348190.0,1069159.0,409139279.0,98843697.0,-158640994.0,219968318.0,100452055.0,333944356.0,343536091.0,773335104.0,81.9,6.59,4.08,4.23,3.2,0.82,100.0,,,,,0.0,85.77,2.93,4.1,4.45,2.75,0.0,108621.33,155440.98,186932.99,25458.6,87.86,3.49,3.11,3.3,2.24,450995.3,0.28,24.08,94555.0,312.0,,10664.0,1256916.0,,,,,,,,,,,0,,,,,0,114.98,10000000.0,60.0,28.0,1,,,,0,0,23.15,15000.0,7.0,1,0,,,,0,112.98,112.98,1,285.56,32.0,1,1,3,Dic-2025,6.317199096624211,13.651538150176851,2.1610112237038672,43.20758149146307,26.14849871198445,18.085908227045095,25.897108538162023,8.65,
322,BANCO INDUSTRIAL S.A.,privado_nacional,3028817257.0,,84631847.0,5766217.0,3414092.0,730063864.0,343488789.0,-9185125.0,,230627459.0,1562286674.0,2801965.0,54969461.0,6628238.0,26213491.0,1253020577.0,,37029169.0,8737184671.0,172252285.0,163610046.0,2320184916.0,,445409324.0,855919934.0,-475554509.0,-41270132.0,,,-217309162.0,,-2599530.0,770880554.0,115285228.0,-14843929.0,19040054.0,15933282.0,196024966.0,,,88633537.0,,183762507.0,195570857.0,-49693311.0,210138337.0,2607980613.0,420836644.0,,27159528.0,767361.0,71179165.0,302745334.0,560742217.0,,-28918170.0,193990295.0,2369833.0,1066483219.0,77347855.0,-58449635.0,77347855.0,300456204.0,794945185.0,235643.0,628507906.0,96.24,0.31,1.64,1.56,0.25,8.11,99.24,0.0,0.0,0.63,0.14,4.01,94.35,1.37,1.22,1.67,1.38,0.02,1193633.03,154971.78,81070.79,32706.44,98.64,0.11,0.25,0.79,0.22,1429675.6,4.22,83.49,1543.0,122.0,64.0,23030.0,7856686.0,396.0,27.0,5.0,268336.0,,,9311.0,328900.0,6206.0,651.0,0,,,,,0,300.16,99999999.0,70.0,13.0,1,,,,0,1,21.94,1000.0,11.0,1,1,11246.62,51734.05,23.0,1,214.07,214.07,1,12116.94,8.0,1,1,4,Dic-2025,2.553731322721396,18.379543726235017,7.197132902238428,76.6036614007578,35.21121046623778,36.89016026686383,58.836976950802246,1.26,4652561.070660522
331,BANCO CETELEM ARGENTINA S.A.,extranjero,6894845.0,,,,,,18287493.0,,,,,,121421.0,29795.0,,,,,,,,,,,1848144.0,-133493.0,-5369.0,,,-4766880.0,,,1281817.0,,,,,399583.0,,,,,-252145.0,48.0,-133493.0,,607952.0,6286893.0,,,,,,1281817.0,,,50197.0,208369.0,4874725.0,-5723088.0,-1847018.0,-12000600.0,4874725.0,,,310.0,,,,,,,100.0,,,,,,,,,,,,4874.73,,,,100.0,,,,,4874.73,,100.0,,,,,,,,,,,,,,,5.0,0,,,,,0,,,,,0,,,,0,0,,,,0,0,,,,0,,,0,,,0,0,0,Dic-2025,-83.00531774100796,-91.03205669318693,1.0967015026341311,,70.70100923225975,,,,1378969.0
332,BANCO DE SERVICIOS FINANCIEROS S.A.,privado_nacional,384817369.0,4234010.0,,-4227216.0,,,60081968.0,-55644303.0,,103921836.0,,,14577667.0,222791.0,96466.0,,,,,,,,,,23462462.0,-92396876.0,-18240842.0,,,-60049986.0,,-4353240.0,183354259.0,54127154.0,,48693168.0,,36329036.0,,,275199257.0,,302252320.0,15993112.0,-12239281.0,,313172027.0,71645342.0,,,,23210275.0,,183354259.0,,-44322125.0,943696.0,1643734.0,325606422.0,11563374.0,-8938748.0,11563374.0,,369928547.0,,,0.0,,,,,,,,,,,,47.58,12.12,13.87,21.36,5.06,,,0.0,396651.07,51087.06,47.58,12.12,13.87,21.36,5.06,396651.07,,100.0,,,,,,,,,570455.0,,,596479.0,,527751.0,172.0,0,,,,,0,952.11,300000000.0,36.0,4.0,1,,,,0,0,,,,0,0,,,,0,0.0,0.0,1,1028.5,6.0,1,0,2,Dic-2025,3.004899188944873,16.139742901918176,5.371142886023211,,84.61323428465101,,47.34171927110764,40.29,2237310.284883721
338,BANCO DE SERVICIOS Y TRANSACCIONES,privado_nacional,590093153.0,1306822.0,39629767.0,441511.0,,47903202.0,121261143.0,-9598734.0,,32363493.0,19935928.0,31002957.0,38200870.0,3606718.0,907802.0,87042854.0,122.0,678315.0,1641631908.0,53132036.0,17182445.0,330178073.0,,53901948.0,60314576.0,-97666319.0,-1648650.0,,,-53002964.0,1789369.0,23848353.0,171029098.0,8928471.0,-2060686.0,9504843.0,1922559.0,35126743.0,,,92422017.0,,147067366.0,23300076.0,-30560700.0,70608795.0,458975842.0,131117311.0,,,,3914827.0,108214433.0,100420303.0,,-8761410.0,3586870.0,1249009.0,248785160.0,9856168.0,-41479874.0,9856168.0,,254188945.0,3357625.0,183595822.0,97.34,0.23,0.88,1.43,0.12,9.99,98.83,0.0,0.0,1.17,,4.49,93.46,2.88,3.21,0.45,,0.01,285856.42,71172.31,5711.69,11684.33,98.45,0.09,0.22,1.21,0.02,362740.42,5.5,78.8,2.0,1.0,,747.0,641.0,,26.0,29.0,15136.0,3.0,,,100.0,,148.0,0,16.1,12000000.0,120.0,1.0,1,,,,,0,,,,0,0,27.0,1000.0,5.0,1,0,,,,0,,,0,,,0,1,2,Dic-2025,1.670273235656405,7.517060809765996,4.500497672652851,55.95355094723493,42.16031972836669,18.26728693761563,65.72576281022685,1.45,3987115.8986486485
340,BACS BANCO DE CREDITO Y SECURITIZAC,privado_nacional,250752038.0,983929.0,,451297.0,,122834117.0,33632187.0,-2011179.0,,1050000.0,1910010.0,,1229081.0,25050.0,56588.0,5423784.0,22590551.0,,727248678.0,301100.0,,178779259.0,,9736976.0,34535298.0,-56443374.0,-849523.0,,,-13439194.0,,455478.0,75498707.0,3081247.0,-635397.0,929387.0,1691489.0,4284753.0,,5549143.0,33211735.0,,10202134.0,9971447.0,-4668873.0,21156957.0,216277694.0,34474344.0,5549143.0,,,36507253.0,48829869.0,54341750.0,186.0,-1402713.0,417411.0,1947.0,147988932.0,535763.0,-7322593.0,842157.0,92199809.0,57191836.0,,50076797.0,,,,,,,98.42,0.0,,1.57,0.01,2.18,97.24,0.82,0.81,1.14,0.0,0.0,133087.23,,37391.03,2075.43,98.16,0.18,0.18,1.48,0.01,170478.26,1.71,78.07,,,,1.0,19.0,,39.0,,31070.0,,1.0,,,,71.0,0,,,,,0,,,,,0,,,,0,0,21.94,1.0,5.0,1,0,,,,0,,,0,,,0,0,1,Dic-2025,0.21366247081110465,1.5540919357305247,7.273584031069598,71.29723069289669,59.01803757224099,19.31728445076506,63.13317054583919,1.67,3531718.8450704226
341,BANCO MASVENTAS S.A.,privado_nacional,33358563.0,128159.0,1842856.0,159185.0,269100.0,3783342.0,12871303.0,-782594.0,,,104089.0,,6214102.0,250379.0,26069.0,2174537.0,,,1274583.0,,,23666909.0,,6585988.0,2440309.0,-4877097.0,-1524444.0,,,-8108029.0,6486.0,2499704.0,7489227.0,1845248.0,-1285712.0,857965.0,212417.0,1857439.0,,,589521.0,57813.0,1305248.0,1553878.0,-476149.0,1834674.0,26371956.0,6986607.0,,1998.0,257649.0,1622357.0,13642916.0,5654553.0,7307.0,-980781.0,2630811.0,438.0,10120899.0,-3919082.0,-289159.0,-5884696.0,,11101680.0,3571536.0,9999307.0,94.93,1.32,1.73,1.96,0.06,1.82,100.0,,0.0,,0.0,,75.43,4.92,3.16,13.05,3.44,0.07,220.02,5876.47,4725.94,1003.97,86.52,2.86,2.32,6.76,1.53,10822.43,1.02,2.03,894.0,47.0,,278.0,7818.0,,,,,,,,,,,0,,,,,0,86.59,15000000.0,36.0,64.0,1,,,,0,1,26.83,100.0,19.0,1,1,1459.9,4383.11,12.0,1,138.28,138.28,1,8780.97,20.0,1,1,4,Dic-2025,-11.748353788501023,-56.09420996486564,4.774644258650873,70.9470279040497,30.339733159369004,10.311059209295138,276.44771413199203,10.61,
384,UALA BANK S.A.U.,privado_nacional,619333156.0,1707006.0,,3820217.0,,341367632.0,132274631.0,-134590441.0,,158919639.0,,,3569939.0,,15696.0,,,,27959659.0,,,549174056.0,,2550000.0,54412827.0,-160294950.0,-12594520.0,,,-29945671.0,,,235988649.0,6309473.0,,36203985.0,8926473.0,9551445.0,,,21996106.0,,71793892.0,83625900.0,-15370415.0,22084272.0,581774728.0,37558428.0,,,,225182972.0,198213764.0,213904377.0,,-123607960.0,3142273.0,1053121.0,238015435.0,-96629336.0,-4310156.0,-94716203.0,22072329.0,339551066.0,,234859776.0,0.0,,,,,,100.0,,,,,,56.24,8.0,14.37,19.41,1.99,0.0,24664.42,0.0,362044.87,123897.0,59.03,7.49,13.45,18.17,1.86,386709.28,0.0,6.38,214.0,202.0,,,4665968.0,,18.0,120390.0,628378.0,,,200017.0,,200017.0,130.0,0,,,,,0,390.99,10000000.0,24.0,1.0,1,,,,0,1,30.0,1000.0,9.0,1,0,,,,0,211.22,211.22,0,0.0,1.0,1,1,3,Dic-2025,-15.602157750456364,-257.2773706077368,16.489858308233774,88.67183206319412,38.43092085320231,9.908120459353965,43.144003142432446,33.480000000000004,4764101.2
389,BANCO COLUMBIA S.A.,privado_nacional,677621279.0,6106613.0,4306812.0,10599467.0,,61184614.0,100542097.0,-35763424.0,,122337392.0,194973246.0,,41830026.0,1650570.0,101955.0,13925363.0,,85096.0,128102909.0,,5000000.0,275778405.0,,106328.0,49088529.0,-161928680.0,-24263454.0,,,-93892787.0,,-1283602.0,212767094.0,30023694.0,-8002.0,19402458.0,2945541.0,16971690.0,1114371.0,,342200404.0,,98960058.0,249811448.0,-16195504.0,41876625.0,636720050.0,40901229.0,,,,118582763.0,191811905.0,170890469.0,41687071.0,-32457442.0,19584369.0,655180.0,261179513.0,-59640868.0,-15579015.0,-59640868.0,1.0,293636955.0,3019882.0,50020781.0,95.37,2.06,1.13,1.34,0.11,,100.0,0.0,,,0.0,,71.18,8.64,7.78,10.77,1.63,19.12,58231.15,2696.18,224923.37,32932.12,77.28,6.82,6.13,8.49,1.28,285850.7,15.04,20.37,818.0,92.0,159346.0,2155.0,346365.0,138550.0,626.0,249702.0,181155.0,,5621.0,282450.0,398667.0,220337.0,660.0,0,,,,,0,286.0,20000000.0,36.0,3.0,1,97.27,50000000.0,3.0,1,1,18.39,1000.0,5.0,1,0,14599.0,14599.0,1.0,1,150.0,150.0,1,15946.16,3.0,1,1,5,Dic-2025,-8.8015045938367,-145.81681151928223,16.567259604839748,40.69801429597668,38.543581952655884,17.79999017689583,165.89226132480113,15.9,1026698.9075757576
426,BANCO BICA S.A.,privado_nacional,253617371.0,731995.0,26759541.0,1982711.0,569855.0,27296338.0,43343486.0,-2698662.0,-38779.0,27465714.0,31584229.0,,2319540.0,1012809.0,574629.0,29014951.0,,185991066.0,214717864.0,,,191537102.0,,78280699.0,22483698.0,-42493261.0,-3538626.0,,,-23681821.0,468441.0,-1552068.0,75055064.0,10256206.0,-1471595.0,2340777.0,1701058.0,8148835.0,,,7046470.0,,15581490.0,17986019.0,-6724616.0,10124158.0,207737076.0,45880295.0,,37505.0,992901.0,18833931.0,119662279.0,64930906.0,878662.0,-2289199.0,9596942.0,11768.0,146856967.0,2536809.0,-10213006.0,2536809.0,5530288.0,143615878.0,12660618.0,53034850.0,97.84,0.85,0.44,0.81,0.05,16.76,100.0,,,,,7.06,92.64,2.63,2.32,1.86,0.55,0.0,34007.55,58068.77,62144.76,2379.6,96.22,1.38,1.1,1.06,0.24,154221.08,7.87,22.05,1836.0,248.0,,4510.0,62472.0,,5903.0,1577.0,220626.0,5.0,11.0,10978.0,56157.0,5248.0,190.0,0,,,,,0,84.42,8000000.0,60.0,63.0,1,,,,0,1,26.83,500.0,12.0,1,1,20469.29,64000.53,32.0,1,185.34,185.34,1,13973.0,8.0,1,1,4,Dic-2025,1.0002504915170025,5.529190690687582,5.527806022171392,75.52207533923219,57.904932308441914,11.738560187675805,60.29071536077846,2.4000000000000004,1334828.2684210527
431,BANCO COINAG S.A.,privado_nacional,386050746.0,4298030.0,24427171.0,-543042.0,5734953.0,83126523.0,30350241.0,-2613954.0,-25541.0,26747341.0,14921505.0,2415429.0,7759038.0,418432.0,400690.0,41004462.0,,4776326.0,38224875.0,,,332441864.0,,65337082.0,99044862.0,-44027946.0,-11678650.0,,,-33433901.0,,1424087.0,79822564.0,14692284.0,-1619912.0,5599876.0,1623863.0,3892717.0,,1126190.0,3697137.0,,33185551.0,49151579.0,-7280818.0,9488192.0,340061619.0,45989127.0,1126190.0,,,11522852.0,97204396.0,70334372.0,,-3051598.0,14880611.0,29901.0,134842412.0,-1144665.0,-5517798.0,15638886.0,91.0,137884037.0,9882.0,66797642.0,93.77,2.74,0.9,2.52,0.08,15.88,100.0,0.0,0.0,,,0.74,91.64,2.88,2.75,1.8,0.93,0.0,34207.86,92395.44,17139.53,3131.64,95.0,2.1,0.91,1.83,0.16,143742.83,10.38,23.8,3258.0,155.0,151.0,4347.0,19174.0,,351.0,1270.0,32104.0,,,9167.0,18756.0,6708.0,187.0,0,,,,,0,34.5,2500000.0,48.0,13.0,1,88.37,50000000.0,24.0,1,1,25.59,100.0,22.0,1,1,15000.0,32800.0,15.0,1,97.51,97.51,1,6200.0,4.0,1,1,5,Dic-2025,-0.29650635618769144,-2.4889904955142983,8.394391700455632,86.11351420623858,34.92867541305049,29.7931376055574,86.15152519623919,2.9000000000000004,2064442.4919786097
432,BANCO DE COMERCIO S.A.,privado_nacional,152632312.0,75696.0,8637941.0,23156.0,6723.0,14837787.0,23848601.0,-1234786.0,,1004904.0,124331528.0,2390900.0,22511485.0,53216.0,,32340567.0,230861.0,,47515610.0,3042500.0,3042500.0,54205444.0,,35800447.0,10555712.0,-13531877.0,-794239.0,,,-14714604.0,3754957.0,213448.0,40124816.0,4249760.0,-6662206.0,2711288.0,177096.0,2476170.0,,,58072019.0,,19191447.0,14483690.0,-8283735.0,11435771.0,114819960.0,37812352.0,,60.0,13125.0,8217680.0,5286395.0,28689045.0,7232393.0,-1378154.0,3977553.0,53202.0,79588884.0,6232537.0,-8475674.0,13963751.0,2059935.0,78907103.0,,19041609.0,96.94,0.99,0.31,0.21,1.56,22.88,95.56,4.44,,,,20.21,91.5,3.56,2.63,2.06,0.25,0.0,40161.86,37027.0,9424.3,1402.31,95.71,2.87,0.42,0.31,0.69,86613.15,19.15,46.37,38.0,4.0,,1278.0,1125.0,,94.0,72.0,44366.0,5.0,9.0,463.0,1911.0,386.0,117.0,0,,,,,0,125.45,30000.0,24.0,5.0,1,131.62,350000.0,3.0,1,0,39.16,1000.0,5.0,1,0,41915.5,345674.31,5.0,1,461.06,103.62,1,9300.0,3.0,1,1,5,Dic-2025,4.083366698920213,16.48280699386275,4.0365728109163905,35.513741022281046,52.1441908054174,19.473527419127866,48.96957780864643,1.42,1304549.6752136752
435,BANCO SUCREDITO REGIONAL S.A.U.,privado_nacional,9404624.0,,810963.0,,,40381.0,18687960.0,-1570511.0,,142823.0,3626914.0,,3591393.0,1164404.0,,348855.0,,1164404.0,25704.0,,,949819.0,,2158362.0,366680.0,-582876.0,-71118.0,,,-4462848.0,,1647608.0,3825195.0,230126.0,-4943.0,232323.0,9118.0,612012.0,,,9560.0,,14421.0,1886602.0,-341945.0,,1571391.0,7833233.0,,,,675401.0,537044.0,3825195.0,,-586120.0,173932.0,,3285986.0,-2538952.0,-1554083.0,-10854727.0,,3872106.0,,100031.0,71.0,10.27,3.9,14.82,0.0,0.0,,,,,,,77.67,6.05,6.46,8.07,1.75,,,3113.63,769.09,586.12,72.32,9.44,4.41,13.49,0.35,3882.72,0.0,19.81,180.0,1.0,,97.0,1672.0,,,17.0,829.0,,,,,,15.0,0,,,,,0,83.07,50000000.0,24.0,6.0,1,,,,0,0,27.15,1000.0,18.0,1,0,,,,0,196.08,,0,7005.9,5.0,1,1,3,Dic-2025,-26.996847508204475,-32.41256834821586,1.2006056758429118,10.099489357575592,34.94011031169349,38.605250052904815,131.20902518340637,18.25,626974.9333333333
448,BANCO DINO S.A.,privado_nacional,62242608.0,13861.0,1100684.0,10892.0,,10956423.0,24810762.0,-1039567.0,,3471904.0,17944382.0,,2091163.0,81459.0,107478.0,819953.0,,1704797.0,13239791.0,,,38231046.0,,8523207.0,9575845.0,-8126044.0,-1890938.0,,,-5110974.0,2761630.0,-66046.0,19105007.0,2586736.0,-366592.0,1117384.0,273932.0,2884634.0,,,3224103.0,,3644088.0,4861424.0,-897021.0,1971800.0,44591074.0,17651534.0,,8079.0,223336.0,1525059.0,26069082.0,17133207.0,,-980328.0,313340.0,27955.0,17336024.0,926229.0,-4481945.0,-7159228.0,44059.0,18316352.0,,28042872.0,76.4,0.0,0.0,23.59,0.01,6.87,99.72,0.28,0.0,0.0,,22.57,93.25,2.28,2.03,2.03,0.4,40.92,5559.72,3755.54,9041.97,981.14,91.76,1.21,1.0,5.83,0.2,18357.23,28.39,30.29,1704.0,22.0,,1032.0,7271.0,,7.0,398.0,249948.0,17.0,,7279.0,7386.0,4850.0,32.0,1,16.08,320302000.0,180.0,6.0,1,157.84,2000000.0,18.0,1.0,1,,,,0,1,23.75,1000.0,4.0,1,1,16940.0,30250.0,3.0,1,149.91,149.91,0,9084.08,1.0,1,0,5,Dic-2025,1.488094779061957,5.247300319620947,3.526186902509436,61.42262869190829,27.852341919863,25.047300563003166,43.77797541208766,7.03,1945081.5
