codigo_bcra,nombre_banco,tipo_entidad,fuente,variable,periodo,valor,scraping_fecha
00340,BACS BANCO DE CREDITO Y SECURITIZAC,privado_nacional,situacion_deudores,TOTAL DE FINANCIACIONES Y GARANTIAS OTORGADAS ($),Dic-2023,8486.81,2026-04-19
00340,BACS BANCO DE CREDITO Y SECURITIZAC,privado_nacional,situacion_deudores,TF.Sit.1: En situación normal (%),Dic-2023,99.88,2026-04-19
00340,BACS BANCO DE CREDITO Y SECURITIZAC,privado_nacional,situacion_deudores,TF.Sit.2: Con seguimiento especial/Riesgo bajo (%),Dic-2023,0.0,2026-04-19
00340,BACS BANCO DE CREDITO Y SECURITIZAC,privado_nacional,situacion_deudores,TF.Sit.3: Con problemas/Riesgo medio (%),Dic-2023,0.0,2026-04-19
00340,BACS BANCO DE CREDITO Y SECURITIZAC,privado_nacional,situacion_deudores,TF.Sit.4: Con alto riesgo de insolvencia/Riesgo alto (%),Dic-2023,0.11,2026-04-19
00340,BACS BANCO DE CREDITO Y SECURITIZAC,privado_nacional,situacion_deudores,TF.Sit.5: Irrecuperable (%),Dic-2023,0.0,2026-04-19
00340,BACS BANCO DE CREDITO Y SECURITIZAC,privado_nacional,situacion_deudores,TOTAL GARANTIZADO - Garantías Preferidas A y B (%),Dic-2023,2.69,2026-04-19
00340,BACS BANCO DE CREDITO Y SECURITIZAC,privado_nacional,situacion_deudores,Previsiones por riesgo de incobrabilidad constituídas,Dic-2023,56.38,2026-04-19
00340,BACS BANCO DE CREDITO Y SECURITIZAC,privado_nacional,situacion_deudores,CARTERA COMERCIAL ($),Dic-2023,8483.93,2026-04-19
00340,BACS BANCO DE CREDITO Y SECURITIZAC,privado_nacional,situacion_deudores,Total cartera sobre financiaciones (%),Dic-2023,99.97,2026-04-19
00340,BACS BANCO DE CREDITO Y SECURITIZAC,privado_nacional,situacion_deudores,C.COM.Sit.1: En situación normal (%),Dic-2023,99.89,2026-04-19
00340,BACS BANCO DE CREDITO Y SECURITIZAC,privado_nacional,situacion_deudores,C.COM.Sit.2: Con seguimiento especial (%),Dic-2023,0.0,2026-04-19
00340,BACS BANCO DE CREDITO Y SECURITIZAC,privado_nacional,situacion_deudores,C.COM.Sit.4: Con alto riesgo de insolvencia (%),Dic-2023,0.11,2026-04-19
00340,BACS BANCO DE CREDITO Y SECURITIZAC,privado_nacional,situacion_deudores,C.COM.Sit.5: Irrecuperable (%),Dic-2023,0.0,2026-04-19
00340,BACS BANCO DE CREDITO Y SECURITIZAC,privado_nacional,situacion_deudores,C.COM.TOTAL GARANTIZADO - Garantías Preferidas A y B (%),Dic-2023,2.66,2026-04-19
00340,BACS BANCO DE CREDITO Y SECURITIZAC,privado_nacional,situacion_deudores,CARTERA DE CONSUMO O VIVIENDA ($),Dic-2023,2.88,2026-04-19
00340,BACS BANCO DE CREDITO Y SECURITIZAC,privado_nacional,situacion_deudores,Total cartera sobre financiaciones (%),Dic-2023,0.03,2026-04-19
00340,BACS BANCO DE CREDITO Y SECURITIZAC,privado_nacional,situacion_deudores,C.CON.Sit.1: En situación normal (%),Dic-2023,79.59,2026-04-19
00340,BACS BANCO DE CREDITO Y SECURITIZAC,privado_nacional,situacion_deudores,C.CON.Sit.2: Riesgo bajo (%),Dic-2023,1.46,2026-04-19
00340,BACS BANCO DE CREDITO Y SECURITIZAC,privado_nacional,situacion_deudores,C.CON.Sit.3: Riesgo medio (%),Dic-2023,4.89,2026-04-19
00340,BACS BANCO DE CREDITO Y SECURITIZAC,privado_nacional,situacion_deudores,C.CON.Sit.4: Riesgo alto (%),Dic-2023,0.0,2026-04-19
00340,BACS BANCO DE CREDITO Y SECURITIZAC,privado_nacional,situacion_deudores,C.CON.Sit.5: Irrecuperable (%),Dic-2023,14.06,2026-04-19
00340,BACS BANCO DE CREDITO Y SECURITIZAC,privado_nacional,situacion_deudores,C.CON.TOTAL GARANTIZADO - Garantías Preferidas A y B (%),Dic-2023,99.9,2026-04-19
00340,BACS BANCO DE CREDITO Y SECURITIZAC,privado_nacional,situacion_deudores,TOTAL DE FINANCIACIONES Y GARANTIAS OTORGADAS ($),Dic-2024,85911.33,2026-04-19
00340,BACS BANCO DE CREDITO Y SECURITIZAC,privado_nacional,situacion_deudores,TF.Sit.1: En situación normal (%),Dic-2024,97.51,2026-04-19
00340,BACS BANCO DE CREDITO Y SECURITIZAC,privado_nacional,situacion_deudores,TF.Sit.2: Con seguimiento especial/Riesgo bajo (%),Dic-2024,2.44,2026-04-19
00340,BACS BANCO DE CREDITO Y SECURITIZAC,privado_nacional,situacion_deudores,TF.Sit.3: Con problemas/Riesgo medio (%),Dic-2024,0.01,2026-04-19
00340,BACS BANCO DE CREDITO Y SECURITIZAC,privado_nacional,situacion_deudores,TF.Sit.4: Con alto riesgo de insolvencia/Riesgo alto (%),Dic-2024,0.02,2026-04-19
00340,BACS BANCO DE CREDITO Y SECURITIZAC,privado_nacional,situacion_deudores,TF.Sit.5: Irrecuperable (%),Dic-2024,0.01,2026-04-19
00340,BACS BANCO DE CREDITO Y SECURITIZAC,privado_nacional,situacion_deudores,TOTAL GARANTIZADO - Garantías Preferidas A y B (%),Dic-2024,2.39,2026-04-19
00340,BACS BANCO DE CREDITO Y SECURITIZAC,privado_nacional,situacion_deudores,Previsiones por riesgo de incobrabilidad constituídas,Dic-2024,663.8,2026-04-19
00340,BACS BANCO DE CREDITO Y SECURITIZAC,privado_nacional,situacion_deudores,CARTERA COMERCIAL ($),Dic-2024,75514.34,2026-04-19
00340,BACS BANCO DE CREDITO Y SECURITIZAC,privado_nacional,situacion_deudores,Total cartera sobre financiaciones (%),Dic-2024,87.9,2026-04-19
00340,BACS BANCO DE CREDITO Y SECURITIZAC,privado_nacional,situacion_deudores,C.COM.Sit.1: En situación normal (%),Dic-2024,97.21,2026-04-19
00340,BACS BANCO DE CREDITO Y SECURITIZAC,privado_nacional,situacion_deudores,C.COM.Sit.2: Con seguimiento especial (%),Dic-2024,2.77,2026-04-19
00340,BACS BANCO DE CREDITO Y SECURITIZAC,privado_nacional,situacion_deudores,C.COM.Sit.4: Con alto riesgo de insolvencia (%),Dic-2024,0.0,2026-04-19
00340,BACS BANCO DE CREDITO Y SECURITIZAC,privado_nacional,situacion_deudores,C.COM.Sit.5: Irrecuperable (%),Dic-2024,0.01,2026-04-19
00340,BACS BANCO DE CREDITO Y SECURITIZAC,privado_nacional,situacion_deudores,C.COM.TOTAL GARANTIZADO - Garantías Preferidas A y B (%),Dic-2024,2.71,2026-04-19
00340,BACS BANCO DE CREDITO Y SECURITIZAC,privado_nacional,situacion_deudores,CARTERA DE CONSUMO O VIVIENDA ($),Dic-2024,10396.99,2026-04-19
00340,BACS BANCO DE CREDITO Y SECURITIZAC,privado_nacional,situacion_deudores,Total cartera sobre financiaciones (%),Dic-2024,12.1,2026-04-19
00340,BACS BANCO DE CREDITO Y SECURITIZAC,privado_nacional,situacion_deudores,C.CON.Sit.1: En situación normal (%),Dic-2024,99.66,2026-04-19
00340,BACS BANCO DE CREDITO Y SECURITIZAC,privado_nacional,situacion_deudores,C.CON.Sit.2: Riesgo bajo (%),Dic-2024,0.04,2026-04-19
00340,BACS BANCO DE CREDITO Y SECURITIZAC,privado_nacional,situacion_deudores,C.CON.Sit.3: Riesgo medio (%),Dic-2024,0.1,2026-04-19
00340,BACS BANCO DE CREDITO Y SECURITIZAC,privado_nacional,situacion_deudores,C.CON.Sit.4: Riesgo alto (%),Dic-2024,0.2,2026-04-19
00340,BACS BANCO DE CREDITO Y SECURITIZAC,privado_nacional,situacion_deudores,C.CON.Sit.5: Irrecuperable (%),Dic-2024,0.0,2026-04-19
00340,BACS BANCO DE CREDITO Y SECURITIZAC,privado_nacional,situacion_deudores,C.CON.TOTAL GARANTIZADO - Garantías Preferidas A y B (%),Dic-2024,0.01,2026-04-19
00340,BACS BANCO DE CREDITO Y SECURITIZAC,privado_nacional,situacion_deudores,TOTAL DE FINANCIACIONES Y GARANTIAS OTORGADAS ($),Nov-2025,146858.33,2026-04-19
00340,BACS BANCO DE CREDITO Y SECURITIZAC,privado_nacional,situacion_deudores,TF.Sit.1: En situación normal (%),Nov-2025,98.13,2026-04-19
00340,BACS BANCO DE CREDITO Y SECURITIZAC,privado_nacional,situacion_deudores,TF.Sit.2: Con seguimiento especial/Riesgo bajo (%),Nov-2025,0.17,2026-04-19
00340,BACS BANCO DE CREDITO Y SECURITIZAC,privado_nacional,situacion_deudores,TF.Sit.3: Con problemas/Riesgo medio (%),Nov-2025,0.14,2026-04-19
00340,BACS BANCO DE CREDITO Y SECURITIZAC,privado_nacional,situacion_deudores,TF.Sit.4: Con alto riesgo de insolvencia/Riesgo alto (%),Nov-2025,1.55,2026-04-19
00340,BACS BANCO DE CREDITO Y SECURITIZAC,privado_nacional,situacion_deudores,TF.Sit.5: Irrecuperable (%),Nov-2025,0.01,2026-04-19
00340,BACS BANCO DE CREDITO Y SECURITIZAC,privado_nacional,situacion_deudores,TOTAL GARANTIZADO - Garantías Preferidas A y B (%),Nov-2025,1.96,2026-04-19
00340,BACS BANCO DE CREDITO Y SECURITIZAC,privado_nacional,situacion_deudores,Previsiones por riesgo de incobrabilidad constituídas,Nov-2025,1870.03,2026-04-19
00340,BACS BANCO DE CREDITO Y SECURITIZAC,privado_nacional,situacion_deudores,CARTERA COMERCIAL ($),Nov-2025,123259.84,2026-04-19
00340,BACS BANCO DE CREDITO Y SECURITIZAC,privado_nacional,situacion_deudores,Total cartera sobre financiaciones (%),Nov-2025,83.93,2026-04-19
00340,BACS BANCO DE CREDITO Y SECURITIZAC,privado_nacional,situacion_deudores,C.COM.Sit.1: En situación normal (%),Nov-2025,98.29,2026-04-19
00340,BACS BANCO DE CREDITO Y SECURITIZAC,privado_nacional,situacion_deudores,C.COM.Sit.2: Con seguimiento especial (%),Nov-2025,0.0,2026-04-19
00340,BACS BANCO DE CREDITO Y SECURITIZAC,privado_nacional,situacion_deudores,C.COM.Sit.4: Con alto riesgo de insolvencia (%),Nov-2025,1.7,2026-04-19
00340,BACS BANCO DE CREDITO Y SECURITIZAC,privado_nacional,situacion_deudores,C.COM.Sit.5: Irrecuperable (%),Nov-2025,0.01,2026-04-19
00340,BACS BANCO DE CREDITO Y SECURITIZAC,privado_nacional,situacion_deudores,C.COM.TOTAL GARANTIZADO - Garantías Preferidas A y B (%),Nov-2025,2.33,2026-04-19
00340,BACS BANCO DE CREDITO Y SECURITIZAC,privado_nacional,situacion_deudores,CARTERA DE CONSUMO O VIVIENDA ($),Nov-2025,23598.49,2026-04-19
00340,BACS BANCO DE CREDITO Y SECURITIZAC,privado_nacional,situacion_deudores,Total cartera sobre financiaciones (%),Nov-2025,16.07,2026-04-19
00340,BACS BANCO DE CREDITO Y SECURITIZAC,privado_nacional,situacion_deudores,C.CON.Sit.1: En situación normal (%),Nov-2025,97.26,2026-04-19
00340,BACS BANCO DE CREDITO Y SECURITIZAC,privado_nacional,situacion_deudores,C.CON.Sit.2: Riesgo bajo (%),Nov-2025,1.07,2026-04-19
00340,BACS BANCO DE CREDITO Y SECURITIZAC,privado_nacional,situacion_deudores,C.CON.Sit.3: Riesgo medio (%),Nov-2025,0.87,2026-04-19
00340,BACS BANCO DE CREDITO Y SECURITIZAC,privado_nacional,situacion_deudores,C.CON.Sit.4: Riesgo alto (%),Nov-2025,0.8,2026-04-19
00340,BACS BANCO DE CREDITO Y SECURITIZAC,privado_nacional,situacion_deudores,C.CON.Sit.5: Irrecuperable (%),Nov-2025,0.0,2026-04-19
00340,BACS BANCO DE CREDITO Y SECURITIZAC,privado_nacional,situacion_deudores,C.CON.TOTAL GARANTIZADO - Garantías Preferidas A y B (%),Nov-2025,0.0,2026-04-19
00340,BACS BANCO DE CREDITO Y SECURITIZAC,privado_nacional,situacion_deudores,TOTAL DE FINANCIACIONES Y GARANTIAS OTORGADAS ($),Dic-2025,170478.26,2026-04-19
00340,BACS BANCO DE CREDITO Y SECURITIZAC,privado_nacional,situacion_deudores,TF.Sit.1: En situación normal (%),Dic-2025,98.16,2026-04-19
00340,BACS BANCO DE CREDITO Y SECURITIZAC,privado_nacional,situacion_deudores,TF.Sit.2: Con seguimiento especial/Riesgo bajo (%),Dic-2025,0.18,2026-04-19
00340,BACS BANCO DE CREDITO Y SECURITIZAC,privado_nacional,situacion_deudores,TF.Sit.3: Con problemas/Riesgo medio (%),Dic-2025,0.18,2026-04-19
00340,BACS BANCO DE CREDITO Y SECURITIZAC,privado_nacional,situacion_deudores,TF.Sit.4: Con alto riesgo de insolvencia/Riesgo alto (%),Dic-2025,1.48,2026-04-19
00340,BACS BANCO DE CREDITO Y SECURITIZAC,privado_nacional,situacion_deudores,TF.Sit.5: Irrecuperable (%),Dic-2025,0.01,2026-04-19
00340,BACS BANCO DE CREDITO Y SECURITIZAC,privado_nacional,situacion_deudores,TOTAL GARANTIZADO - Garantías Preferidas A y B (%),Dic-2025,1.71,2026-04-19
00340,BACS BANCO DE CREDITO Y SECURITIZAC,privado_nacional,situacion_deudores,Previsiones por riesgo de incobrabilidad constituídas,Dic-2025,2075.43,2026-04-19
00340,BACS BANCO DE CREDITO Y SECURITIZAC,privado_nacional,situacion_deudores,CARTERA COMERCIAL ($),Dic-2025,133087.23,2026-04-19
00340,BACS BANCO DE CREDITO Y SECURITIZAC,privado_nacional,situacion_deudores,Total cartera sobre financiaciones (%),Dic-2025,78.07,2026-04-19
00340,BACS BANCO DE CREDITO Y SECURITIZAC,privado_nacional,situacion_deudores,C.COM.Sit.1: En situación normal (%),Dic-2025,98.42,2026-04-19
00340,BACS BANCO DE CREDITO Y SECURITIZAC,privado_nacional,situacion_deudores,C.COM.Sit.2: Con seguimiento especial (%),Dic-2025,0.0,2026-04-19
00340,BACS BANCO DE CREDITO Y SECURITIZAC,privado_nacional,situacion_deudores,C.COM.Sit.4: Con alto riesgo de insolvencia (%),Dic-2025,1.57,2026-04-19
00340,BACS BANCO DE CREDITO Y SECURITIZAC,privado_nacional,situacion_deudores,C.COM.Sit.5: Irrecuperable (%),Dic-2025,0.01,2026-04-19
00340,BACS BANCO DE CREDITO Y SECURITIZAC,privado_nacional,situacion_deudores,C.COM.TOTAL GARANTIZADO - Garantías Preferidas A y B (%),Dic-2025,2.18,2026-04-19
00340,BACS BANCO DE CREDITO Y SECURITIZAC,privado_nacional,situacion_deudores,CARTERA DE CONSUMO O VIVIENDA ($),Dic-2025,37391.03,2026-04-19
00340,BACS BANCO DE CREDITO Y SECURITIZAC,privado_nacional,situacion_deudores,Total cartera sobre financiaciones (%),Dic-2025,21.93,2026-04-19
00340,BACS BANCO DE CREDITO Y SECURITIZAC,privado_nacional,situacion_deudores,C.CON.Sit.1: En situación normal (%),Dic-2025,97.24,2026-04-19
00340,BACS BANCO DE CREDITO Y SECURITIZAC,privado_nacional,situacion_deudores,C.CON.Sit.2: Riesgo bajo (%),Dic-2025,0.82,2026-04-19
00340,BACS BANCO DE CREDITO Y SECURITIZAC,privado_nacional,situacion_deudores,C.CON.Sit.3: Riesgo medio (%),Dic-2025,0.81,2026-04-19
00340,BACS BANCO DE CREDITO Y SECURITIZAC,privado_nacional,situacion_deudores,C.CON.Sit.4: Riesgo alto (%),Dic-2025,1.14,2026-04-19
00340,BACS BANCO DE CREDITO Y SECURITIZAC,privado_nacional,situacion_deudores,C.CON.Sit.5: Irrecuperable (%),Dic-2025,0.0,2026-04-19
00340,BACS BANCO DE CREDITO Y SECURITIZAC,privado_nacional,situacion_deudores,C.CON.TOTAL GARANTIZADO - Garantías Preferidas A y B (%),Dic-2025,0.0,2026-04-19
00340,BACS BANCO DE CREDITO Y SECURITIZAC,privado_nacional,situacion_deudores,TOTAL DE FINANCIACIONES Y GARANTIAS OTORGADAS ($),Ene-2026,171052.87,2026-04-19
00340,BACS BANCO DE CREDITO Y SECURITIZAC,privado_nacional,situacion_deudores,TF.Sit.1: En situación normal (%),Ene-2026,97.96,2026-04-19
00340,BACS BANCO DE CREDITO Y SECURITIZAC,privado_nacional,situacion_deudores,TF.Sit.2: Con seguimiento especial/Riesgo bajo (%),Ene-2026,0.25,2026-04-19
00340,BACS BANCO DE CREDITO Y SECURITIZAC,privado_nacional,situacion_deudores,TF.Sit.3: Con problemas/Riesgo medio (%),Ene-2026,0.25,2026-04-19
00340,BACS BANCO DE CREDITO Y SECURITIZAC,privado_nacional,situacion_deudores,TF.Sit.4: Con alto riesgo de insolvencia/Riesgo alto (%),Ene-2026,1.54,2026-04-19
00340,BACS BANCO DE CREDITO Y SECURITIZAC,privado_nacional,situacion_deudores,TF.Sit.5: Irrecuperable (%),Ene-2026,0.01,2026-04-19
00340,BACS BANCO DE CREDITO Y SECURITIZAC,privado_nacional,situacion_deudores,TOTAL GARANTIZADO - Garantías Preferidas A y B (%),Ene-2026,0.0,2026-04-19
00340,BACS BANCO DE CREDITO Y SECURITIZAC,privado_nacional,situacion_deudores,Previsiones por riesgo de incobrabilidad constituídas,Ene-2026,1990.28,2026-04-19
00340,BACS BANCO DE CREDITO Y SECURITIZAC,privado_nacional,situacion_deudores,CARTERA COMERCIAL ($),Ene-2026,134879.19,2026-04-19
00340,BACS BANCO DE CREDITO Y SECURITIZAC,privado_nacional,situacion_deudores,Total cartera sobre financiaciones (%),Ene-2026,78.85,2026-04-19
00340,BACS BANCO DE CREDITO Y SECURITIZAC,privado_nacional,situacion_deudores,C.COM.Sit.1: En situación normal (%),Ene-2026,98.44,2026-04-19
00340,BACS BANCO DE CREDITO Y SECURITIZAC,privado_nacional,situacion_deudores,C.COM.Sit.2: Con seguimiento especial (%),Ene-2026,0.0,2026-04-19
00340,BACS BANCO DE CREDITO Y SECURITIZAC,privado_nacional,situacion_deudores,C.COM.Sit.4: Con alto riesgo de insolvencia (%),Ene-2026,1.55,2026-04-19
00340,BACS BANCO DE CREDITO Y SECURITIZAC,privado_nacional,situacion_deudores,C.COM.Sit.5: Irrecuperable (%),Ene-2026,0.01,2026-04-19
00340,BACS BANCO DE CREDITO Y SECURITIZAC,privado_nacional,situacion_deudores,C.COM.TOTAL GARANTIZADO - Garantías Preferidas A y B (%),Ene-2026,0.0,2026-04-19
00340,BACS BANCO DE CREDITO Y SECURITIZAC,privado_nacional,situacion_deudores,CARTERA DE CONSUMO O VIVIENDA ($),Ene-2026,36173.68,2026-04-19
00340,BACS BANCO DE CREDITO Y SECURITIZAC,privado_nacional,situacion_deudores,Total cartera sobre financiaciones (%),Ene-2026,21.15,2026-04-19
00340,BACS BANCO DE CREDITO Y SECURITIZAC,privado_nacional,situacion_deudores,C.CON.Sit.1: En situación normal (%),Ene-2026,96.16,2026-04-19
00340,BACS BANCO DE CREDITO Y SECURITIZAC,privado_nacional,situacion_deudores,C.CON.Sit.2: Riesgo bajo (%),Ene-2026,1.19,2026-04-19
00340,BACS BANCO DE CREDITO Y SECURITIZAC,privado_nacional,situacion_deudores,C.CON.Sit.3: Riesgo medio (%),Ene-2026,1.17,2026-04-19
00340,BACS BANCO DE CREDITO Y SECURITIZAC,privado_nacional,situacion_deudores,C.CON.Sit.4: Riesgo alto (%),Ene-2026,1.48,2026-04-19
00340,BACS BANCO DE CREDITO Y SECURITIZAC,privado_nacional,situacion_deudores,C.CON.Sit.5: Irrecuperable (%),Ene-2026,0.0,2026-04-19
00340,BACS BANCO DE CREDITO Y SECURITIZAC,privado_nacional,situacion_deudores,C.CON.TOTAL GARANTIZADO - Garantías Preferidas A y B (%),Ene-2026,0.0,2026-04-19
00017,BANCO BBVA ARGENTINA S.A.,extranjero,situacion_deudores,TOTAL DE FINANCIACIONES Y GARANTIAS OTORGADAS ($),Dic-2023,2053322.18,2026-04-19
00017,BANCO BBVA ARGENTINA S.A.,extranjero,situacion_deudores,TF.Sit.1: En situación normal (%),Dic-2023,98.01,2026-04-19
00017,BANCO BBVA ARGENTINA S.A.,extranjero,situacion_deudores,TF.Sit.2: Con seguimiento especial/Riesgo bajo (%),Dic-2023,0.67,2026-04-19
00017,BANCO BBVA ARGENTINA S.A.,extranjero,situacion_deudores,TF.Sit.3: Con problemas/Riesgo medio (%),Dic-2023,0.76,2026-04-19
00017,BANCO BBVA ARGENTINA S.A.,extranjero,situacion_deudores,TF.Sit.4: Con alto riesgo de insolvencia/Riesgo alto (%),Dic-2023,0.48,2026-04-19
00017,BANCO BBVA ARGENTINA S.A.,extranjero,situacion_deudores,TF.Sit.5: Irrecuperable (%),Dic-2023,0.08,2026-04-19
00017,BANCO BBVA ARGENTINA S.A.,extranjero,situacion_deudores,TOTAL GARANTIZADO - Garantías Preferidas A y B (%),Dic-2023,4.04,2026-04-19
00017,BANCO BBVA ARGENTINA S.A.,extranjero,situacion_deudores,Previsiones por riesgo de incobrabilidad constituídas,Dic-2023,49824.51,2026-04-19
00017,BANCO BBVA ARGENTINA S.A.,extranjero,situacion_deudores,CARTERA COMERCIAL ($),Dic-2023,863065.1,2026-04-19
00017,BANCO BBVA ARGENTINA S.A.,extranjero,situacion_deudores,Total cartera sobre financiaciones (%),Dic-2023,42.03,2026-04-19
00017,BANCO BBVA ARGENTINA S.A.,extranjero,situacion_deudores,C.COM.Sit.1: En situación normal (%),Dic-2023,99.63,2026-04-19
00017,BANCO BBVA ARGENTINA S.A.,extranjero,situacion_deudores,C.COM.Sit.2: Con seguimiento especial (%),Dic-2023,0.03,2026-04-19
00017,BANCO BBVA ARGENTINA S.A.,extranjero,situacion_deudores,C.COM.Sit.3: Con problemas (%),Dic-2023,0.32,2026-04-19
00017,BANCO BBVA ARGENTINA S.A.,extranjero,situacion_deudores,C.COM.Sit.4: Con alto riesgo de insolvencia (%),Dic-2023,0.0,2026-04-19
00017,BANCO BBVA ARGENTINA S.A.,extranjero,situacion_deudores,C.COM.Sit.5: Irrecuperable (%),Dic-2023,0.0,2026-04-19
00017,BANCO BBVA ARGENTINA S.A.,extranjero,situacion_deudores,C.COM.TOTAL GARANTIZADO - Garantías Preferidas A y B (%),Dic-2023,1.03,2026-04-19
00017,BANCO BBVA ARGENTINA S.A.,extranjero,situacion_deudores,CARTERA DE CONSUMO O VIVIENDA ($),Dic-2023,940853.39,2026-04-19
00017,BANCO BBVA ARGENTINA S.A.,extranjero,situacion_deudores,Total cartera sobre financiaciones (%),Dic-2023,45.82,2026-04-19
00017,BANCO BBVA ARGENTINA S.A.,extranjero,situacion_deudores,C.CON.Sit.1: En situación normal (%),Dic-2023,96.33,2026-04-19
00017,BANCO BBVA ARGENTINA S.A.,extranjero,situacion_deudores,C.CON.Sit.2: Riesgo bajo (%),Dic-2023,1.36,2026-04-19
00017,BANCO BBVA ARGENTINA S.A.,extranjero,situacion_deudores,C.CON.Sit.3: Riesgo medio (%),Dic-2023,1.27,2026-04-19
00017,BANCO BBVA ARGENTINA S.A.,extranjero,situacion_deudores,C.CON.Sit.4: Riesgo alto (%),Dic-2023,0.95,2026-04-19
00017,BANCO BBVA ARGENTINA S.A.,extranjero,situacion_deudores,C.CON.Sit.5: Irrecuperable (%),Dic-2023,0.09,2026-04-19
00017,BANCO BBVA ARGENTINA S.A.,extranjero,situacion_deudores,C.CON.TOTAL GARANTIZADO - Garantías Preferidas A y B (%),Dic-2023,7.1,2026-04-19
00017,BANCO BBVA ARGENTINA S.A.,extranjero,situacion_deudores,CARTERA COMERCIAL ASIMILABLE A CONSUMO ($),Dic-2023,249403.7,2026-04-19
00017,BANCO BBVA ARGENTINA S.A.,extranjero,situacion_deudores,Total cartera sobre financiaciones (%),Dic-2023,12.15,2026-04-19
00017,BANCO BBVA ARGENTINA S.A.,extranjero,situacion_deudores,C.CAC.Sit.1: En situación normal (%),Dic-2023,98.72,2026-04-19
00017,BANCO BBVA ARGENTINA S.A.,extranjero,situacion_deudores,C.CAC.Sit.2: Riesgo bajo (%),Dic-2023,0.26,2026-04-19
00017,BANCO BBVA ARGENTINA S.A.,extranjero,situacion_deudores,C.CAC.Sit.3: Riesgo medio (%),Dic-2023,0.37,2026-04-19
00017,BANCO BBVA ARGENTINA S.A.,extranjero,situacion_deudores,C.CAC.Sit.4: Riesgo alto (%),Dic-2023,0.35,2026-04-19
00017,BANCO BBVA ARGENTINA S.A.,extranjero,situacion_deudores,C.CAC.Sit.5: Irrecuperable (%),Dic-2023,0.31,2026-04-19
00017,BANCO BBVA ARGENTINA S.A.,extranjero,situacion_deudores,C.CAC.TOTAL GARANTIZADO - Garantías Preferidas A y B (%),Dic-2023,2.92,2026-04-19
00017,BANCO BBVA ARGENTINA S.A.,extranjero,situacion_deudores,TOTAL DE FINANCIACIONES Y GARANTIAS OTORGADAS ($),Dic-2024,7657531.0,2026-04-19
00017,BANCO BBVA ARGENTINA S.A.,extranjero,situacion_deudores,TF.Sit.1: En situación normal (%),Dic-2024,98.06,2026-04-19
00017,BANCO BBVA ARGENTINA S.A.,extranjero,situacion_deudores,TF.Sit.2: Con seguimiento especial/Riesgo bajo (%),Dic-2024,0.78,2026-04-19
00017,BANCO BBVA ARGENTINA S.A.,extranjero,situacion_deudores,TF.Sit.3: Con problemas/Riesgo medio (%),Dic-2024,0.64,2026-04-19
00017,BANCO BBVA ARGENTINA S.A.,extranjero,situacion_deudores,TF.Sit.4: Con alto riesgo de insolvencia/Riesgo alto (%),Dic-2024,0.46,2026-04-19
00017,BANCO BBVA ARGENTINA S.A.,extranjero,situacion_deudores,TF.Sit.5: Irrecuperable (%),Dic-2024,0.06,2026-04-19
00017,BANCO BBVA ARGENTINA S.A.,extranjero,situacion_deudores,TOTAL GARANTIZADO - Garantías Preferidas A y B (%),Dic-2024,4.02,2026-04-19
00017,BANCO BBVA ARGENTINA S.A.,extranjero,situacion_deudores,Previsiones por riesgo de incobrabilidad constituídas,Dic-2024,168847.25,2026-04-19
00017,BANCO BBVA ARGENTINA S.A.,extranjero,situacion_deudores,CARTERA COMERCIAL ($),Dic-2024,3686324.98,2026-04-19
00017,BANCO BBVA ARGENTINA S.A.,extranjero,situacion_deudores,Total cartera sobre financiaciones (%),Dic-2024,48.14,2026-04-19
00017,BANCO BBVA ARGENTINA S.A.,extranjero,situacion_deudores,C.COM.Sit.1: En situación normal (%),Dic-2024,99.9,2026-04-19
00017,BANCO BBVA ARGENTINA S.A.,extranjero,situacion_deudores,C.COM.Sit.2: Con seguimiento especial (%),Dic-2024,0.0,2026-04-19
00017,BANCO BBVA ARGENTINA S.A.,extranjero,situacion_deudores,C.COM.Sit.3: Con problemas (%),Dic-2024,0.09,2026-04-19
00017,BANCO BBVA ARGENTINA S.A.,extranjero,situacion_deudores,C.COM.Sit.4: Con alto riesgo de insolvencia (%),Dic-2024,0.01,2026-04-19
00017,BANCO BBVA ARGENTINA S.A.,extranjero,situacion_deudores,C.COM.Sit.5: Irrecuperable (%),Dic-2024,0.0,2026-04-19
00017,BANCO BBVA ARGENTINA S.A.,extranjero,situacion_deudores,C.COM.TOTAL GARANTIZADO - Garantías Preferidas A y B (%),Dic-2024,0.54,2026-04-19
00017,BANCO BBVA ARGENTINA S.A.,extranjero,situacion_deudores,CARTERA DE CONSUMO O VIVIENDA ($),Dic-2024,3157566.86,2026-04-19
00017,BANCO BBVA ARGENTINA S.A.,extranjero,situacion_deudores,Total cartera sobre financiaciones (%),Dic-2024,41.23,2026-04-19
00017,BANCO BBVA ARGENTINA S.A.,extranjero,situacion_deudores,C.CON.Sit.1: En situación normal (%),Dic-2024,95.64,2026-04-19
00017,BANCO BBVA ARGENTINA S.A.,extranjero,situacion_deudores,C.CON.Sit.2: Riesgo bajo (%),Dic-2024,1.82,2026-04-19
00017,BANCO BBVA ARGENTINA S.A.,extranjero,situacion_deudores,C.CON.Sit.3: Riesgo medio (%),Dic-2024,1.39,2026-04-19
00017,BANCO BBVA ARGENTINA S.A.,extranjero,situacion_deudores,C.CON.Sit.4: Riesgo alto (%),Dic-2024,1.06,2026-04-19
00017,BANCO BBVA ARGENTINA S.A.,extranjero,situacion_deudores,C.CON.Sit.5: Irrecuperable (%),Dic-2024,0.08,2026-04-19
00017,BANCO BBVA ARGENTINA S.A.,extranjero,situacion_deudores,C.CON.TOTAL GARANTIZADO - Garantías Preferidas A y B (%),Dic-2024,8.26,2026-04-19
00017,BANCO BBVA ARGENTINA S.A.,extranjero,situacion_deudores,CARTERA COMERCIAL ASIMILABLE A CONSUMO ($),Dic-2024,813639.15,2026-04-19
00017,BANCO BBVA ARGENTINA S.A.,extranjero,situacion_deudores,Total cartera sobre financiaciones (%),Dic-2024,10.63,2026-04-19
00017,BANCO BBVA ARGENTINA S.A.,extranjero,situacion_deudores,C.CAC.Sit.1: En situación normal (%),Dic-2024,99.08,2026-04-19
00017,BANCO BBVA ARGENTINA S.A.,extranjero,situacion_deudores,C.CAC.Sit.2: Riesgo bajo (%),Dic-2024,0.27,2026-04-19
00017,BANCO BBVA ARGENTINA S.A.,extranjero,situacion_deudores,C.CAC.Sit.3: Riesgo medio (%),Dic-2024,0.2,2026-04-19
00017,BANCO BBVA ARGENTINA S.A.,extranjero,situacion_deudores,C.CAC.Sit.4: Riesgo alto (%),Dic-2024,0.2,2026-04-19
00017,BANCO BBVA ARGENTINA S.A.,extranjero,situacion_deudores,C.CAC.Sit.5: Irrecuperable (%),Dic-2024,0.25,2026-04-19
00017,BANCO BBVA ARGENTINA S.A.,extranjero,situacion_deudores,C.CAC.TOTAL GARANTIZADO - Garantías Preferidas A y B (%),Dic-2024,3.27,2026-04-19
00017,BANCO BBVA ARGENTINA S.A.,extranjero,situacion_deudores,TOTAL DE FINANCIACIONES Y GARANTIAS OTORGADAS ($),Nov-2025,13163622.25,2026-04-19
00017,BANCO BBVA ARGENTINA S.A.,extranjero,situacion_deudores,TF.Sit.1: En situación normal (%),Nov-2025,93.36,2026-04-19
00017,BANCO BBVA ARGENTINA S.A.,extranjero,situacion_deudores,TF.Sit.2: Con seguimiento especial/Riesgo bajo (%),Nov-2025,2.52,2026-04-19
00017,BANCO BBVA ARGENTINA S.A.,extranjero,situacion_deudores,TF.Sit.3: Con problemas/Riesgo medio (%),Nov-2025,2.14,2026-04-19
00017,BANCO BBVA ARGENTINA S.A.,extranjero,situacion_deudores,TF.Sit.4: Con alto riesgo de insolvencia/Riesgo alto (%),Nov-2025,1.84,2026-04-19
00017,BANCO BBVA ARGENTINA S.A.,extranjero,situacion_deudores,TF.Sit.5: Irrecuperable (%),Nov-2025,0.15,2026-04-19
00017,BANCO BBVA ARGENTINA S.A.,extranjero,situacion_deudores,TOTAL GARANTIZADO - Garantías Preferidas A y B (%),Nov-2025,4.6,2026-04-19
00017,BANCO BBVA ARGENTINA S.A.,extranjero,situacion_deudores,Previsiones por riesgo de incobrabilidad constituídas,Nov-2025,557005.96,2026-04-19
00017,BANCO BBVA ARGENTINA S.A.,extranjero,situacion_deudores,CARTERA COMERCIAL ($),Nov-2025,6201810.24,2026-04-19
00017,BANCO BBVA ARGENTINA S.A.,extranjero,situacion_deudores,Total cartera sobre financiaciones (%),Nov-2025,47.11,2026-04-19
00017,BANCO BBVA ARGENTINA S.A.,extranjero,situacion_deudores,C.COM.Sit.1: En situación normal (%),Nov-2025,99.7,2026-04-19
00017,BANCO BBVA ARGENTINA S.A.,extranjero,situacion_deudores,C.COM.Sit.2: Con seguimiento especial (%),Nov-2025,0.06,2026-04-19
00017,BANCO BBVA ARGENTINA S.A.,extranjero,situacion_deudores,C.COM.Sit.3: Con problemas (%),Nov-2025,0.13,2026-04-19
00017,BANCO BBVA ARGENTINA S.A.,extranjero,situacion_deudores,C.COM.Sit.4: Con alto riesgo de insolvencia (%),Nov-2025,0.11,2026-04-19
00017,BANCO BBVA ARGENTINA S.A.,extranjero,situacion_deudores,C.COM.Sit.5: Irrecuperable (%),Nov-2025,0.01,2026-04-19
00017,BANCO BBVA ARGENTINA S.A.,extranjero,situacion_deudores,C.COM.TOTAL GARANTIZADO - Garantías Preferidas A y B (%),Nov-2025,0.6,2026-04-19
00017,BANCO BBVA ARGENTINA S.A.,extranjero,situacion_deudores,CARTERA DE CONSUMO O VIVIENDA ($),Nov-2025,5240607.24,2026-04-19
00017,BANCO BBVA ARGENTINA S.A.,extranjero,situacion_deudores,Total cartera sobre financiaciones (%),Nov-2025,39.81,2026-04-19
00017,BANCO BBVA ARGENTINA S.A.,extranjero,situacion_deudores,C.CON.Sit.1: En situación normal (%),Nov-2025,85.67,2026-04-19
00017,BANCO BBVA ARGENTINA S.A.,extranjero,situacion_deudores,C.CON.Sit.2: Riesgo bajo (%),Nov-2025,5.14,2026-04-19
00017,BANCO BBVA ARGENTINA S.A.,extranjero,situacion_deudores,C.CON.Sit.3: Riesgo medio (%),Nov-2025,4.82,2026-04-19
00017,BANCO BBVA ARGENTINA S.A.,extranjero,situacion_deudores,C.CON.Sit.4: Riesgo alto (%),Nov-2025,4.07,2026-04-19
00017,BANCO BBVA ARGENTINA S.A.,extranjero,situacion_deudores,C.CON.Sit.5: Irrecuperable (%),Nov-2025,0.3,2026-04-19
00017,BANCO BBVA ARGENTINA S.A.,extranjero,situacion_deudores,C.CON.TOTAL GARANTIZADO - Garantías Preferidas A y B (%),Nov-2025,10.29,2026-04-19
00017,BANCO BBVA ARGENTINA S.A.,extranjero,situacion_deudores,CARTERA COMERCIAL ASIMILABLE A CONSUMO ($),Nov-2025,1721204.77,2026-04-19
00017,BANCO BBVA ARGENTINA S.A.,extranjero,situacion_deudores,Total cartera sobre financiaciones (%),Nov-2025,13.08,2026-04-19
00017,BANCO BBVA ARGENTINA S.A.,extranjero,situacion_deudores,C.CAC.Sit.1: En situación normal (%),Nov-2025,93.93,2026-04-19
00017,BANCO BBVA ARGENTINA S.A.,extranjero,situacion_deudores,C.CAC.Sit.2: Riesgo bajo (%),Nov-2025,3.41,2026-04-19
00017,BANCO BBVA ARGENTINA S.A.,extranjero,situacion_deudores,C.CAC.Sit.3: Riesgo medio (%),Nov-2025,1.22,2026-04-19
00017,BANCO BBVA ARGENTINA S.A.,extranjero,situacion_deudores,C.CAC.Sit.4: Riesgo alto (%),Nov-2025,1.25,2026-04-19
00017,BANCO BBVA ARGENTINA S.A.,extranjero,situacion_deudores,C.CAC.Sit.5: Irrecuperable (%),Nov-2025,0.18,2026-04-19
00017,BANCO BBVA ARGENTINA S.A.,extranjero,situacion_deudores,C.CAC.TOTAL GARANTIZADO - Garantías Preferidas A y B (%),Nov-2025,1.67,2026-04-19
00017,BANCO BBVA ARGENTINA S.A.,extranjero,situacion_deudores,TOTAL DE FINANCIACIONES Y GARANTIAS OTORGADAS ($),Dic-2025,14218273.86,2026-04-19
00017,BANCO BBVA ARGENTINA S.A.,extranjero,situacion_deudores,TF.Sit.1: En situación normal (%),Dic-2025,93.21,2026-04-19
00017,BANCO BBVA ARGENTINA S.A.,extranjero,situacion_deudores,TF.Sit.2: Con seguimiento especial/Riesgo bajo (%),Dic-2025,2.4,2026-04-19
00017,BANCO BBVA ARGENTINA S.A.,extranjero,situacion_deudores,TF.Sit.3: Con problemas/Riesgo medio (%),Dic-2025,2.02,2026-04-19
00017,BANCO BBVA ARGENTINA S.A.,extranjero,situacion_deudores,TF.Sit.4: Con alto riesgo de insolvencia/Riesgo alto (%),Dic-2025,2.22,2026-04-19
00017,BANCO BBVA ARGENTINA S.A.,extranjero,situacion_deudores,TF.Sit.5: Irrecuperable (%),Dic-2025,0.15,2026-04-19
00017,BANCO BBVA ARGENTINA S.A.,extranjero,situacion_deudores,TOTAL GARANTIZADO - Garantías Preferidas A y B (%),Dic-2025,4.53,2026-04-19
00017,BANCO BBVA ARGENTINA S.A.,extranjero,situacion_deudores,Previsiones por riesgo de incobrabilidad constituídas,Dic-2025,638478.6,2026-04-19
00017,BANCO BBVA ARGENTINA S.A.,extranjero,situacion_deudores,CARTERA COMERCIAL ($),Dic-2025,6823590.0,2026-04-19
00017,BANCO BBVA ARGENTINA S.A.,extranjero,situacion_deudores,Total cartera sobre financiaciones (%),Dic-2025,47.99,2026-04-19
00017,BANCO BBVA ARGENTINA S.A.,extranjero,situacion_deudores,C.COM.Sit.1: En situación normal (%),Dic-2025,99.5,2026-04-19
00017,BANCO BBVA ARGENTINA S.A.,extranjero,situacion_deudores,C.COM.Sit.2: Con seguimiento especial (%),Dic-2025,0.16,2026-04-19
00017,BANCO BBVA ARGENTINA S.A.,extranjero,situacion_deudores,C.COM.Sit.3: Con problemas (%),Dic-2025,0.13,2026-04-19
00017,BANCO BBVA ARGENTINA S.A.,extranjero,situacion_deudores,C.COM.Sit.4: Con alto riesgo de insolvencia (%),Dic-2025,0.2,2026-04-19
00017,BANCO BBVA ARGENTINA S.A.,extranjero,situacion_deudores,C.COM.Sit.5: Irrecuperable (%),Dic-2025,0.02,2026-04-19
00017,BANCO BBVA ARGENTINA S.A.,extranjero,situacion_deudores,C.COM.TOTAL GARANTIZADO - Garantías Preferidas A y B (%),Dic-2025,0.66,2026-04-19
00017,BANCO BBVA ARGENTINA S.A.,extranjero,situacion_deudores,CARTERA DE CONSUMO O VIVIENDA ($),Dic-2025,5522533.69,2026-04-19
00017,BANCO BBVA ARGENTINA S.A.,extranjero,situacion_deudores,Total cartera sobre financiaciones (%),Dic-2025,38.84,2026-04-19
00017,BANCO BBVA ARGENTINA S.A.,extranjero,situacion_deudores,C.CON.Sit.1: En situación normal (%),Dic-2025,85.54,2026-04-19
00017,BANCO BBVA ARGENTINA S.A.,extranjero,situacion_deudores,C.CON.Sit.2: Riesgo bajo (%),Dic-2025,4.71,2026-04-19
00017,BANCO BBVA ARGENTINA S.A.,extranjero,situacion_deudores,C.CON.Sit.3: Riesgo medio (%),Dic-2025,4.49,2026-04-19
00017,BANCO BBVA ARGENTINA S.A.,extranjero,situacion_deudores,C.CON.Sit.4: Riesgo alto (%),Dic-2025,4.95,2026-04-19
00017,BANCO BBVA ARGENTINA S.A.,extranjero,situacion_deudores,C.CON.Sit.5: Irrecuperable (%),Dic-2025,0.31,2026-04-19
00017,BANCO BBVA ARGENTINA S.A.,extranjero,situacion_deudores,C.CON.TOTAL GARANTIZADO - Garantías Preferidas A y B (%),Dic-2025,10.22,2026-04-19
00017,BANCO BBVA ARGENTINA S.A.,extranjero,situacion_deudores,CARTERA COMERCIAL ASIMILABLE A CONSUMO ($),Dic-2025,1872150.17,2026-04-19
00017,BANCO BBVA ARGENTINA S.A.,extranjero,situacion_deudores,Total cartera sobre financiaciones (%),Dic-2025,13.17,2026-04-19
00017,BANCO BBVA ARGENTINA S.A.,extranjero,situacion_deudores,C.CAC.Sit.1: En situación normal (%),Dic-2025,92.89,2026-04-19
00017,BANCO BBVA ARGENTINA S.A.,extranjero,situacion_deudores,C.CAC.Sit.2: Riesgo bajo (%),Dic-2025,3.73,2026-04-19
00017,BANCO BBVA ARGENTINA S.A.,extranjero,situacion_deudores,C.CAC.Sit.3: Riesgo medio (%),Dic-2025,1.63,2026-04-19
00017,BANCO BBVA ARGENTINA S.A.,extranjero,situacion_deudores,C.CAC.Sit.4: Riesgo alto (%),Dic-2025,1.57,2026-04-19
00017,BANCO BBVA ARGENTINA S.A.,extranjero,situacion_deudores,C.CAC.Sit.5: Irrecuperable (%),Dic-2025,0.18,2026-04-19
00017,BANCO BBVA ARGENTINA S.A.,extranjero,situacion_deudores,C.CAC.TOTAL GARANTIZADO - Garantías Preferidas A y B (%),Dic-2025,1.83,2026-04-19
00017,BANCO BBVA ARGENTINA S.A.,extranjero,situacion_deudores,TOTAL DE FINANCIACIONES Y GARANTIAS OTORGADAS ($),Ene-2026,14093593.12,2026-04-19
00017,BANCO BBVA ARGENTINA S.A.,extranjero,situacion_deudores,TF.Sit.1: En situación normal (%),Ene-2026,92.39,2026-04-19
00017,BANCO BBVA ARGENTINA S.A.,extranjero,situacion_deudores,TF.Sit.2: Con seguimiento especial/Riesgo bajo (%),Ene-2026,2.25,2026-04-19
00017,BANCO BBVA ARGENTINA S.A.,extranjero,situacion_deudores,TF.Sit.3: Con problemas/Riesgo medio (%),Ene-2026,2.48,2026-04-19
00017,BANCO BBVA ARGENTINA S.A.,extranjero,situacion_deudores,TF.Sit.4: Con alto riesgo de insolvencia/Riesgo alto (%),Ene-2026,2.72,2026-04-19
00017,BANCO BBVA ARGENTINA S.A.,extranjero,situacion_deudores,TF.Sit.5: Irrecuperable (%),Ene-2026,0.16,2026-04-19
00017,BANCO BBVA ARGENTINA S.A.,extranjero,situacion_deudores,TOTAL GARANTIZADO - Garantías Preferidas A y B (%),Ene-2026,4.97,2026-04-19
00017,BANCO BBVA ARGENTINA S.A.,extranjero,situacion_deudores,Previsiones por riesgo de incobrabilidad constituídas,Ene-2026,697658.78,2026-04-19
00017,BANCO BBVA ARGENTINA S.A.,extranjero,situacion_deudores,CARTERA COMERCIAL ($),Ene-2026,6650719.17,2026-04-19
00017,BANCO BBVA ARGENTINA S.A.,extranjero,situacion_deudores,Total cartera sobre financiaciones (%),Ene-2026,47.19,2026-04-19
00017,BANCO BBVA ARGENTINA S.A.,extranjero,situacion_deudores,C.COM.Sit.1: En situación normal (%),Ene-2026,99.38,2026-04-19
00017,BANCO BBVA ARGENTINA S.A.,extranjero,situacion_deudores,C.COM.Sit.2: Con seguimiento especial (%),Ene-2026,0.15,2026-04-19
00017,BANCO BBVA ARGENTINA S.A.,extranjero,situacion_deudores,C.COM.Sit.3: Con problemas (%),Ene-2026,0.2,2026-04-19
00017,BANCO BBVA ARGENTINA S.A.,extranjero,situacion_deudores,C.COM.Sit.4: Con alto riesgo de insolvencia (%),Ene-2026,0.25,2026-04-19
00017,BANCO BBVA ARGENTINA S.A.,extranjero,situacion_deudores,C.COM.Sit.5: Irrecuperable (%),Ene-2026,0.02,2026-04-19
00017,BANCO BBVA ARGENTINA S.A.,extranjero,situacion_deudores,C.COM.TOTAL GARANTIZADO - Garantías Preferidas A y B (%),Ene-2026,0.7,2026-04-19
00017,BANCO BBVA ARGENTINA S.A.,extranjero,situacion_deudores,CARTERA DE CONSUMO O VIVIENDA ($),Ene-2026,5568800.92,2026-04-19
00017,BANCO BBVA ARGENTINA S.A.,extranjero,situacion_deudores,Total cartera sobre financiaciones (%),Ene-2026,39.51,2026-04-19
00017,BANCO BBVA ARGENTINA S.A.,extranjero,situacion_deudores,C.CON.Sit.1: En situación normal (%),Ene-2026,84.2,2026-04-19
00017,BANCO BBVA ARGENTINA S.A.,extranjero,situacion_deudores,C.CON.Sit.2: Riesgo bajo (%),Ene-2026,4.22,2026-04-19
00017,BANCO BBVA ARGENTINA S.A.,extranjero,situacion_deudores,C.CON.Sit.3: Riesgo medio (%),Ene-2026,5.33,2026-04-19
00017,BANCO BBVA ARGENTINA S.A.,extranjero,situacion_deudores,C.CON.Sit.4: Riesgo alto (%),Ene-2026,5.89,2026-04-19
00017,BANCO BBVA ARGENTINA S.A.,extranjero,situacion_deudores,C.CON.Sit.5: Irrecuperable (%),Ene-2026,0.35,2026-04-19
00017,BANCO BBVA ARGENTINA S.A.,extranjero,situacion_deudores,C.CON.TOTAL GARANTIZADO - Garantías Preferidas A y B (%),Ene-2026,11.1,2026-04-19
00017,BANCO BBVA ARGENTINA S.A.,extranjero,situacion_deudores,CARTERA COMERCIAL ASIMILABLE A CONSUMO ($),Ene-2026,1874073.04,2026-04-19
00017,BANCO BBVA ARGENTINA S.A.,extranjero,situacion_deudores,Total cartera sobre financiaciones (%),Ene-2026,13.3,2026-04-19
00017,BANCO BBVA ARGENTINA S.A.,extranjero,situacion_deudores,C.CAC.Sit.1: En situación normal (%),Ene-2026,91.91,2026-04-19
00017,BANCO BBVA ARGENTINA S.A.,extranjero,situacion_deudores,C.CAC.Sit.2: Riesgo bajo (%),Ene-2026,3.86,2026-04-19
00017,BANCO BBVA ARGENTINA S.A.,extranjero,situacion_deudores,C.CAC.Sit.3: Riesgo medio (%),Ene-2026,2.04,2026-04-19
00017,BANCO BBVA ARGENTINA S.A.,extranjero,situacion_deudores,C.CAC.Sit.4: Riesgo alto (%),Ene-2026,2.1,2026-04-19
00017,BANCO BBVA ARGENTINA S.A.,extranjero,situacion_deudores,C.CAC.Sit.5: Irrecuperable (%),Ene-2026,0.09,2026-04-19
00017,BANCO BBVA ARGENTINA S.A.,extranjero,situacion_deudores,C.CAC.TOTAL GARANTIZADO - Garantías Preferidas A y B (%),Ene-2026,1.87,2026-04-19
00426,BANCO BICA S.A.,privado_nacional,situacion_deudores,TOTAL DE FINANCIACIONES Y GARANTIAS OTORGADAS ($),Dic-2023,16112.47,2026-04-19
00426,BANCO BICA S.A.,privado_nacional,situacion_deudores,TF.Sit.1: En situación normal (%),Dic-2023,98.32,2026-04-19
00426,BANCO BICA S.A.,privado_nacional,situacion_deudores,TF.Sit.2: Con seguimiento especial/Riesgo bajo (%),Dic-2023,0.44,2026-04-19
00426,BANCO BICA S.A.,privado_nacional,situacion_deudores,TF.Sit.3: Con problemas/Riesgo medio (%),Dic-2023,0.34,2026-04-19
00426,BANCO BICA S.A.,privado_nacional,situacion_deudores,TF.Sit.4: Con alto riesgo de insolvencia/Riesgo alto (%),Dic-2023,0.78,2026-04-19
00426,BANCO BICA S.A.,privado_nacional,situacion_deudores,TF.Sit.5: Irrecuperable (%),Dic-2023,0.12,2026-04-19
00426,BANCO BICA S.A.,privado_nacional,situacion_deudores,TOTAL GARANTIZADO - Garantías Preferidas A y B (%),Dic-2023,9.87,2026-04-19
00426,BANCO BICA S.A.,privado_nacional,situacion_deudores,Previsiones por riesgo de incobrabilidad constituídas,Dic-2023,261.08,2026-04-19
00426,BANCO BICA S.A.,privado_nacional,situacion_deudores,CARTERA COMERCIAL ($),Dic-2023,2700.56,2026-04-19
00426,BANCO BICA S.A.,privado_nacional,situacion_deudores,Total cartera sobre financiaciones (%),Dic-2023,16.76,2026-04-19
00426,BANCO BICA S.A.,privado_nacional,situacion_deudores,C.COM.Sit.1: En situación normal (%),Dic-2023,100.0,2026-04-19
00426,BANCO BICA S.A.,privado_nacional,situacion_deudores,C.COM.TOTAL GARANTIZADO - Garantías Preferidas A y B (%),Dic-2023,23.05,2026-04-19
00426,BANCO BICA S.A.,privado_nacional,situacion_deudores,CARTERA DE CONSUMO O VIVIENDA ($),Dic-2023,8060.83,2026-04-19
00426,BANCO BICA S.A.,privado_nacional,situacion_deudores,Total cartera sobre financiaciones (%),Dic-2023,50.03,2026-04-19
00426,BANCO BICA S.A.,privado_nacional,situacion_deudores,C.CON.Sit.1: En situación normal (%),Dic-2023,97.13,2026-04-19
00426,BANCO BICA S.A.,privado_nacional,situacion_deudores,C.CON.Sit.2: Riesgo bajo (%),Dic-2023,0.7,2026-04-19
00426,BANCO BICA S.A.,privado_nacional,situacion_deudores,C.CON.Sit.3: Riesgo medio (%),Dic-2023,0.63,2026-04-19
00426,BANCO BICA S.A.,privado_nacional,situacion_deudores,C.CON.Sit.4: Riesgo alto (%),Dic-2023,1.36,2026-04-19
00426,BANCO BICA S.A.,privado_nacional,situacion_deudores,C.CON.Sit.5: Irrecuperable (%),Dic-2023,0.19,2026-04-19
00426,BANCO BICA S.A.,privado_nacional,situacion_deudores,C.CON.TOTAL GARANTIZADO - Garantías Preferidas A y B (%),Dic-2023,0.0,2026-04-19
00426,BANCO BICA S.A.,privado_nacional,situacion_deudores,CARTERA COMERCIAL ASIMILABLE A CONSUMO ($),Dic-2023,5351.08,2026-04-19
00426,BANCO BICA S.A.,privado_nacional,situacion_deudores,Total cartera sobre financiaciones (%),Dic-2023,33.21,2026-04-19
00426,BANCO BICA S.A.,privado_nacional,situacion_deudores,C.CAC.Sit.1: En situación normal (%),Dic-2023,99.28,2026-04-19
00426,BANCO BICA S.A.,privado_nacional,situacion_deudores,C.CAC.Sit.2: Riesgo bajo (%),Dic-2023,0.26,2026-04-19
00426,BANCO BICA S.A.,privado_nacional,situacion_deudores,C.CAC.Sit.3: Riesgo medio (%),Dic-2023,0.09,2026-04-19
00426,BANCO BICA S.A.,privado_nacional,situacion_deudores,C.CAC.Sit.4: Riesgo alto (%),Dic-2023,0.29,2026-04-19
00426,BANCO BICA S.A.,privado_nacional,situacion_deudores,C.CAC.Sit.5: Irrecuperable (%),Dic-2023,0.08,2026-04-19
00426,BANCO BICA S.A.,privado_nacional,situacion_deudores,C.CAC.TOTAL GARANTIZADO - Garantías Preferidas A y B (%),Dic-2023,18.1,2026-04-19
00426,BANCO BICA S.A.,privado_nacional,situacion_deudores,TOTAL DE FINANCIACIONES Y GARANTIAS OTORGADAS ($),Dic-2024,63031.43,2026-04-19
00426,BANCO BICA S.A.,privado_nacional,situacion_deudores,TF.Sit.1: En situación normal (%),Dic-2024,98.86,2026-04-19
00426,BANCO BICA S.A.,privado_nacional,situacion_deudores,TF.Sit.2: Con seguimiento especial/Riesgo bajo (%),Dic-2024,0.45,2026-04-19
00426,BANCO BICA S.A.,privado_nacional,situacion_deudores,TF.Sit.3: Con problemas/Riesgo medio (%),Dic-2024,0.27,2026-04-19
00426,BANCO BICA S.A.,privado_nacional,situacion_deudores,TF.Sit.4: Con alto riesgo de insolvencia/Riesgo alto (%),Dic-2024,0.34,2026-04-19
00426,BANCO BICA S.A.,privado_nacional,situacion_deudores,TF.Sit.5: Irrecuperable (%),Dic-2024,0.07,2026-04-19
00426,BANCO BICA S.A.,privado_nacional,situacion_deudores,TOTAL GARANTIZADO - Garantías Preferidas A y B (%),Dic-2024,7.79,2026-04-19
00426,BANCO BICA S.A.,privado_nacional,situacion_deudores,Previsiones por riesgo de incobrabilidad constituídas,Dic-2024,647.25,2026-04-19
00426,BANCO BICA S.A.,privado_nacional,situacion_deudores,CARTERA COMERCIAL ($),Dic-2024,15888.13,2026-04-19
00426,BANCO BICA S.A.,privado_nacional,situacion_deudores,Total cartera sobre financiaciones (%),Dic-2024,25.21,2026-04-19
00426,BANCO BICA S.A.,privado_nacional,situacion_deudores,C.COM.Sit.1: En situación normal (%),Dic-2024,100.0,2026-04-19
00426,BANCO BICA S.A.,privado_nacional,situacion_deudores,C.COM.TOTAL GARANTIZADO - Garantías Preferidas A y B (%),Dic-2024,11.1,2026-04-19
00426,BANCO BICA S.A.,privado_nacional,situacion_deudores,CARTERA DE CONSUMO O VIVIENDA ($),Dic-2024,26355.52,2026-04-19
00426,BANCO BICA S.A.,privado_nacional,situacion_deudores,Total cartera sobre financiaciones (%),Dic-2024,41.81,2026-04-19
00426,BANCO BICA S.A.,privado_nacional,situacion_deudores,C.CON.Sit.1: En situación normal (%),Dic-2024,97.57,2026-04-19
00426,BANCO BICA S.A.,privado_nacional,situacion_deudores,C.CON.Sit.2: Riesgo bajo (%),Dic-2024,0.92,2026-04-19
00426,BANCO BICA S.A.,privado_nacional,situacion_deudores,C.CON.Sit.3: Riesgo medio (%),Dic-2024,0.61,2026-04-19
00426,BANCO BICA S.A.,privado_nacional,situacion_deudores,C.CON.Sit.4: Riesgo alto (%),Dic-2024,0.75,2026-04-19
00426,BANCO BICA S.A.,privado_nacional,situacion_deudores,C.CON.Sit.5: Irrecuperable (%),Dic-2024,0.16,2026-04-19
00426,BANCO BICA S.A.,privado_nacional,situacion_deudores,C.CON.TOTAL GARANTIZADO - Garantías Preferidas A y B (%),Dic-2024,0.0,2026-04-19
00426,BANCO BICA S.A.,privado_nacional,situacion_deudores,CARTERA COMERCIAL ASIMILABLE A CONSUMO ($),Dic-2024,20787.79,2026-04-19
00426,BANCO BICA S.A.,privado_nacional,situacion_deudores,Total cartera sobre financiaciones (%),Dic-2024,32.98,2026-04-19
00426,BANCO BICA S.A.,privado_nacional,situacion_deudores,C.CAC.Sit.1: En situación normal (%),Dic-2024,99.64,2026-04-19
00426,BANCO BICA S.A.,privado_nacional,situacion_deudores,C.CAC.Sit.2: Riesgo bajo (%),Dic-2024,0.19,2026-04-19
00426,BANCO BICA S.A.,privado_nacional,situacion_deudores,C.CAC.Sit.3: Riesgo medio (%),Dic-2024,0.05,2026-04-19
00426,BANCO BICA S.A.,privado_nacional,situacion_deudores,C.CAC.Sit.4: Riesgo alto (%),Dic-2024,0.1,2026-04-19
00426,BANCO BICA S.A.,privado_nacional,situacion_deudores,C.CAC.Sit.5: Irrecuperable (%),Dic-2024,0.03,2026-04-19
00426,BANCO BICA S.A.,privado_nacional,situacion_deudores,C.CAC.TOTAL GARANTIZADO - Garantías Preferidas A y B (%),Dic-2024,15.13,2026-04-19
00426,BANCO BICA S.A.,privado_nacional,situacion_deudores,TOTAL DE FINANCIACIONES Y GARANTIAS OTORGADAS ($),Nov-2025,126792.94,2026-04-19
00426,BANCO BICA S.A.,privado_nacional,situacion_deudores,TF.Sit.1: En situación normal (%),Nov-2025,95.81,2026-04-19
00426,BANCO BICA S.A.,privado_nacional,situacion_deudores,TF.Sit.2: Con seguimiento especial/Riesgo bajo (%),Nov-2025,1.6,2026-04-19
00426,BANCO BICA S.A.,privado_nacional,situacion_deudores,TF.Sit.3: Con problemas/Riesgo medio (%),Nov-2025,1.14,2026-04-19
00426,BANCO BICA S.A.,privado_nacional,situacion_deudores,TF.Sit.4: Con alto riesgo de insolvencia/Riesgo alto (%),Nov-2025,1.16,2026-04-19
00426,BANCO BICA S.A.,privado_nacional,situacion_deudores,TF.Sit.5: Irrecuperable (%),Nov-2025,0.3,2026-04-19
00426,BANCO BICA S.A.,privado_nacional,situacion_deudores,TOTAL GARANTIZADO - Garantías Preferidas A y B (%),Nov-2025,7.95,2026-04-19
00426,BANCO BICA S.A.,privado_nacional,situacion_deudores,Previsiones por riesgo de incobrabilidad constituídas,Nov-2025,2002.99,2026-04-19
00426,BANCO BICA S.A.,privado_nacional,situacion_deudores,CARTERA COMERCIAL ($),Nov-2025,24110.0,2026-04-19
00426,BANCO BICA S.A.,privado_nacional,situacion_deudores,Total cartera sobre financiaciones (%),Nov-2025,19.02,2026-04-19
00426,BANCO BICA S.A.,privado_nacional,situacion_deudores,C.COM.Sit.1: En situación normal (%),Nov-2025,100.0,2026-04-19
00426,BANCO BICA S.A.,privado_nacional,situacion_deudores,C.COM.TOTAL GARANTIZADO - Garantías Preferidas A y B (%),Nov-2025,18.57,2026-04-19
00426,BANCO BICA S.A.,privado_nacional,situacion_deudores,CARTERA DE CONSUMO O VIVIENDA ($),Nov-2025,55044.66,2026-04-19
00426,BANCO BICA S.A.,privado_nacional,situacion_deudores,Total cartera sobre financiaciones (%),Nov-2025,43.41,2026-04-19
00426,BANCO BICA S.A.,privado_nacional,situacion_deudores,C.CON.Sit.1: En situación normal (%),Nov-2025,92.56,2026-04-19
00426,BANCO BICA S.A.,privado_nacional,situacion_deudores,C.CON.Sit.2: Riesgo bajo (%),Nov-2025,2.79,2026-04-19
00426,BANCO BICA S.A.,privado_nacional,situacion_deudores,C.CON.Sit.3: Riesgo medio (%),Nov-2025,2.14,2026-04-19
00426,BANCO BICA S.A.,privado_nacional,situacion_deudores,C.CON.Sit.4: Riesgo alto (%),Nov-2025,1.89,2026-04-19
00426,BANCO BICA S.A.,privado_nacional,situacion_deudores,C.CON.Sit.5: Irrecuperable (%),Nov-2025,0.62,2026-04-19
00426,BANCO BICA S.A.,privado_nacional,situacion_deudores,C.CON.TOTAL GARANTIZADO - Garantías Preferidas A y B (%),Nov-2025,0.0,2026-04-19
00426,BANCO BICA S.A.,privado_nacional,situacion_deudores,CARTERA COMERCIAL ASIMILABLE A CONSUMO ($),Nov-2025,47638.28,2026-04-19
00426,BANCO BICA S.A.,privado_nacional,situacion_deudores,Total cartera sobre financiaciones (%),Nov-2025,37.57,2026-04-19
00426,BANCO BICA S.A.,privado_nacional,situacion_deudores,C.CAC.Sit.1: En situación normal (%),Nov-2025,97.44,2026-04-19
00426,BANCO BICA S.A.,privado_nacional,situacion_deudores,C.CAC.Sit.2: Riesgo bajo (%),Nov-2025,1.03,2026-04-19
00426,BANCO BICA S.A.,privado_nacional,situacion_deudores,C.CAC.Sit.3: Riesgo medio (%),Nov-2025,0.58,2026-04-19
00426,BANCO BICA S.A.,privado_nacional,situacion_deudores,C.CAC.Sit.4: Riesgo alto (%),Nov-2025,0.89,2026-04-19
00426,BANCO BICA S.A.,privado_nacional,situacion_deudores,C.CAC.Sit.5: Irrecuperable (%),Nov-2025,0.06,2026-04-19
00426,BANCO BICA S.A.,privado_nacional,situacion_deudores,C.CAC.TOTAL GARANTIZADO - Garantías Preferidas A y B (%),Nov-2025,11.77,2026-04-19
00426,BANCO BICA S.A.,privado_nacional,situacion_deudores,TOTAL DE FINANCIACIONES Y GARANTIAS OTORGADAS ($),Dic-2025,154221.08,2026-04-19
00426,BANCO BICA S.A.,privado_nacional,situacion_deudores,TF.Sit.1: En situación normal (%),Dic-2025,96.22,2026-04-19
00426,BANCO BICA S.A.,privado_nacional,situacion_deudores,TF.Sit.2: Con seguimiento especial/Riesgo bajo (%),Dic-2025,1.38,2026-04-19
00426,BANCO BICA S.A.,privado_nacional,situacion_deudores,TF.Sit.3: Con problemas/Riesgo medio (%),Dic-2025,1.1,2026-04-19
00426,BANCO BICA S.A.,privado_nacional,situacion_deudores,TF.Sit.4: Con alto riesgo de insolvencia/Riesgo alto (%),Dic-2025,1.06,2026-04-19
00426,BANCO BICA S.A.,privado_nacional,situacion_deudores,TF.Sit.5: Irrecuperable (%),Dic-2025,0.24,2026-04-19
00426,BANCO BICA S.A.,privado_nacional,situacion_deudores,TOTAL GARANTIZADO - Garantías Preferidas A y B (%),Dic-2025,7.87,2026-04-19
00426,BANCO BICA S.A.,privado_nacional,situacion_deudores,Previsiones por riesgo de incobrabilidad constituídas,Dic-2025,2379.6,2026-04-19
00426,BANCO BICA S.A.,privado_nacional,situacion_deudores,CARTERA COMERCIAL ($),Dic-2025,34007.55,2026-04-19
00426,BANCO BICA S.A.,privado_nacional,situacion_deudores,Total cartera sobre financiaciones (%),Dic-2025,22.05,2026-04-19
00426,BANCO BICA S.A.,privado_nacional,situacion_deudores,C.COM.Sit.1: En situación normal (%),Dic-2025,100.0,2026-04-19
00426,BANCO BICA S.A.,privado_nacional,situacion_deudores,C.COM.TOTAL GARANTIZADO - Garantías Preferidas A y B (%),Dic-2025,7.06,2026-04-19
00426,BANCO BICA S.A.,privado_nacional,situacion_deudores,CARTERA DE CONSUMO O VIVIENDA ($),Dic-2025,62144.76,2026-04-19
00426,BANCO BICA S.A.,privado_nacional,situacion_deudores,Total cartera sobre financiaciones (%),Dic-2025,40.3,2026-04-19
00426,BANCO BICA S.A.,privado_nacional,situacion_deudores,C.CON.Sit.1: En situación normal (%),Dic-2025,92.64,2026-04-19
00426,BANCO BICA S.A.,privado_nacional,situacion_deudores,C.CON.Sit.2: Riesgo bajo (%),Dic-2025,2.63,2026-04-19
00426,BANCO BICA S.A.,privado_nacional,situacion_deudores,C.CON.Sit.3: Riesgo medio (%),Dic-2025,2.32,2026-04-19
00426,BANCO BICA S.A.,privado_nacional,situacion_deudores,C.CON.Sit.4: Riesgo alto (%),Dic-2025,1.86,2026-04-19
00426,BANCO BICA S.A.,privado_nacional,situacion_deudores,C.CON.Sit.5: Irrecuperable (%),Dic-2025,0.55,2026-04-19
00426,BANCO BICA S.A.,privado_nacional,situacion_deudores,C.CON.TOTAL GARANTIZADO - Garantías Preferidas A y B (%),Dic-2025,0.0,2026-04-19
00426,BANCO BICA S.A.,privado_nacional,situacion_deudores,CARTERA COMERCIAL ASIMILABLE A CONSUMO ($),Dic-2025,58068.77,2026-04-19
00426,BANCO BICA S.A.,privado_nacional,situacion_deudores,Total cartera sobre financiaciones (%),Dic-2025,37.65,2026-04-19
00426,BANCO BICA S.A.,privado_nacional,situacion_deudores,C.CAC.Sit.1: En situación normal (%),Dic-2025,97.84,2026-04-19
00426,BANCO BICA S.A.,privado_nacional,situacion_deudores,C.CAC.Sit.2: Riesgo bajo (%),Dic-2025,0.85,2026-04-19
00426,BANCO BICA S.A.,privado_nacional,situacion_deudores,C.CAC.Sit.3: Riesgo medio (%),Dic-2025,0.44,2026-04-19
00426,BANCO BICA S.A.,privado_nacional,situacion_deudores,C.CAC.Sit.4: Riesgo alto (%),Dic-2025,0.81,2026-04-19
00426,BANCO BICA S.A.,privado_nacional,situacion_deudores,C.CAC.Sit.5: Irrecuperable (%),Dic-2025,0.05,2026-04-19
00426,BANCO BICA S.A.,privado_nacional,situacion_deudores,C.CAC.TOTAL GARANTIZADO - Garantías Preferidas A y B (%),Dic-2025,16.76,2026-04-19
00426,BANCO BICA S.A.,privado_nacional,situacion_deudores,TOTAL DE FINANCIACIONES Y GARANTIAS OTORGADAS ($),Ene-2026,158420.6,2026-04-19
00426,BANCO BICA S.A.,privado_nacional,situacion_deudores,TF.Sit.1: En situación normal (%),Ene-2026,95.99,2026-04-19
00426,BANCO BICA S.A.,privado_nacional,situacion_deudores,TF.Sit.2: Con seguimiento especial/Riesgo bajo (%),Ene-2026,1.39,2026-04-19
00426,BANCO BICA S.A.,privado_nacional,situacion_deudores,TF.Sit.3: Con problemas/Riesgo medio (%),Ene-2026,1.08,2026-04-19
00426,BANCO BICA S.A.,privado_nacional,situacion_deudores,TF.Sit.4: Con alto riesgo de insolvencia/Riesgo alto (%),Ene-2026,1.28,2026-04-19
00426,BANCO BICA S.A.,privado_nacional,situacion_deudores,TF.Sit.5: Irrecuperable (%),Ene-2026,0.26,2026-04-19
00426,BANCO BICA S.A.,privado_nacional,situacion_deudores,TOTAL GARANTIZADO - Garantías Preferidas A y B (%),Ene-2026,4.87,2026-04-19
00426,BANCO BICA S.A.,privado_nacional,situacion_deudores,Previsiones por riesgo de incobrabilidad constituídas,Ene-2026,3246.32,2026-04-19
00426,BANCO BICA S.A.,privado_nacional,situacion_deudores,CARTERA COMERCIAL ($),Ene-2026,34373.84,2026-04-19
00426,BANCO BICA S.A.,privado_nacional,situacion_deudores,Total cartera sobre financiaciones (%),Ene-2026,21.7,2026-04-19
00426,BANCO BICA S.A.,privado_nacional,situacion_deudores,C.COM.Sit.1: En situación normal (%),Ene-2026,100.0,2026-04-19
00426,BANCO BICA S.A.,privado_nacional,situacion_deudores,C.COM.TOTAL GARANTIZADO - Garantías Preferidas A y B (%),Ene-2026,4.67,2026-04-19
00426,BANCO BICA S.A.,privado_nacional,situacion_deudores,CARTERA DE CONSUMO O VIVIENDA ($),Ene-2026,62795.52,2026-04-19
00426,BANCO BICA S.A.,privado_nacional,situacion_deudores,Total cartera sobre financiaciones (%),Ene-2026,39.64,2026-04-19
00426,BANCO BICA S.A.,privado_nacional,situacion_deudores,C.CON.Sit.1: En situación normal (%),Ene-2026,91.89,2026-04-19
00426,BANCO BICA S.A.,privado_nacional,situacion_deudores,C.CON.Sit.2: Riesgo bajo (%),Ene-2026,2.71,2026-04-19
00426,BANCO BICA S.A.,privado_nacional,situacion_deudores,C.CON.Sit.3: Riesgo medio (%),Ene-2026,2.56,2026-04-19
00426,BANCO BICA S.A.,privado_nacional,situacion_deudores,C.CON.Sit.4: Riesgo alto (%),Ene-2026,2.24,2026-04-19
00426,BANCO BICA S.A.,privado_nacional,situacion_deudores,C.CON.Sit.5: Irrecuperable (%),Ene-2026,0.6,2026-04-19
00426,BANCO BICA S.A.,privado_nacional,situacion_deudores,C.CON.TOTAL GARANTIZADO - Garantías Preferidas A y B (%),Ene-2026,0.0,2026-04-19
00426,BANCO BICA S.A.,privado_nacional,situacion_deudores,CARTERA COMERCIAL ASIMILABLE A CONSUMO ($),Ene-2026,61251.24,2026-04-19
00426,BANCO BICA S.A.,privado_nacional,situacion_deudores,Total cartera sobre financiaciones (%),Ene-2026,38.66,2026-04-19
00426,BANCO BICA S.A.,privado_nacional,situacion_deudores,C.CAC.Sit.1: En situación normal (%),Ene-2026,97.93,2026-04-19
00426,BANCO BICA S.A.,privado_nacional,situacion_deudores,C.CAC.Sit.2: Riesgo bajo (%),Ene-2026,0.83,2026-04-19
00426,BANCO BICA S.A.,privado_nacional,situacion_deudores,C.CAC.Sit.3: Riesgo medio (%),Ene-2026,0.18,2026-04-19
00426,BANCO BICA S.A.,privado_nacional,situacion_deudores,C.CAC.Sit.4: Riesgo alto (%),Ene-2026,1.01,2026-04-19
00426,BANCO BICA S.A.,privado_nacional,situacion_deudores,C.CAC.Sit.5: Irrecuperable (%),Ene-2026,0.05,2026-04-19
00426,BANCO BICA S.A.,privado_nacional,situacion_deudores,C.CAC.TOTAL GARANTIZADO - Garantías Preferidas A y B (%),Ene-2026,9.97,2026-04-19
00331,BANCO CETELEM ARGENTINA S.A.,extranjero,situacion_deudores,TOTAL DE FINANCIACIONES Y GARANTIAS OTORGADAS ($),Dic-2023,499.36,2026-04-19
00331,BANCO CETELEM ARGENTINA S.A.,extranjero,situacion_deudores,TF.Sit.1: En situación normal (%),Dic-2023,100.0,2026-04-19
00331,BANCO CETELEM ARGENTINA S.A.,extranjero,situacion_deudores,CARTERA COMERCIAL ($),Dic-2023,499.36,2026-04-19
00331,BANCO CETELEM ARGENTINA S.A.,extranjero,situacion_deudores,Total cartera sobre financiaciones (%),Dic-2023,100.0,2026-04-19
00331,BANCO CETELEM ARGENTINA S.A.,extranjero,situacion_deudores,C.COM.Sit.1: En situación normal (%),Dic-2023,100.0,2026-04-19
00331,BANCO CETELEM ARGENTINA S.A.,extranjero,situacion_deudores,TOTAL DE FINANCIACIONES Y GARANTIAS OTORGADAS ($),Dic-2024,2127.78,2026-04-19
00331,BANCO CETELEM ARGENTINA S.A.,extranjero,situacion_deudores,TF.Sit.1: En situación normal (%),Dic-2024,100.0,2026-04-19
00331,BANCO CETELEM ARGENTINA S.A.,extranjero,situacion_deudores,CARTERA COMERCIAL ($),Dic-2024,2127.78,2026-04-19
00331,BANCO CETELEM ARGENTINA S.A.,extranjero,situacion_deudores,Total cartera sobre financiaciones (%),Dic-2024,100.0,2026-04-19
00331,BANCO CETELEM ARGENTINA S.A.,extranjero,situacion_deudores,C.COM.Sit.1: En situación normal (%),Dic-2024,100.0,2026-04-19
00331,BANCO CETELEM ARGENTINA S.A.,extranjero,situacion_deudores,TOTAL DE FINANCIACIONES Y GARANTIAS OTORGADAS ($),Nov-2025,4545.91,2026-04-19
00331,BANCO CETELEM ARGENTINA S.A.,extranjero,situacion_deudores,TF.Sit.1: En situación normal (%),Nov-2025,100.0,2026-04-19
00331,BANCO CETELEM ARGENTINA S.A.,extranjero,situacion_deudores,CARTERA COMERCIAL ($),Nov-2025,4545.91,2026-04-19
00331,BANCO CETELEM ARGENTINA S.A.,extranjero,situacion_deudores,Total cartera sobre financiaciones (%),Nov-2025,100.0,2026-04-19
00331,BANCO CETELEM ARGENTINA S.A.,extranjero,situacion_deudores,C.COM.Sit.1: En situación normal (%),Nov-2025,100.0,2026-04-19
00331,BANCO CETELEM ARGENTINA S.A.,extranjero,situacion_deudores,TOTAL DE FINANCIACIONES Y GARANTIAS OTORGADAS ($),Dic-2025,4874.73,2026-04-19
00331,BANCO CETELEM ARGENTINA S.A.,extranjero,situacion_deudores,TF.Sit.1: En situación normal (%),Dic-2025,100.0,2026-04-19
00331,BANCO CETELEM ARGENTINA S.A.,extranjero,situacion_deudores,CARTERA COMERCIAL ($),Dic-2025,4874.73,2026-04-19
00331,BANCO CETELEM ARGENTINA S.A.,extranjero,situacion_deudores,Total cartera sobre financiaciones (%),Dic-2025,100.0,2026-04-19
00331,BANCO CETELEM ARGENTINA S.A.,extranjero,situacion_deudores,C.COM.Sit.1: En situación normal (%),Dic-2025,100.0,2026-04-19
00331,BANCO CETELEM ARGENTINA S.A.,extranjero,situacion_deudores,TOTAL DE FINANCIACIONES Y GARANTIAS OTORGADAS ($),Ene-2026,4890.85,2026-04-19
00331,BANCO CETELEM ARGENTINA S.A.,extranjero,situacion_deudores,TF.Sit.1: En situación normal (%),Ene-2026,100.0,2026-04-19
00331,BANCO CETELEM ARGENTINA S.A.,extranjero,situacion_deudores,CARTERA COMERCIAL ($),Ene-2026,4890.85,2026-04-19
00331,BANCO CETELEM ARGENTINA S.A.,extranjero,situacion_deudores,Total cartera sobre financiaciones (%),Ene-2026,100.0,2026-04-19
00331,BANCO CETELEM ARGENTINA S.A.,extranjero,situacion_deudores,C.COM.Sit.1: En situación normal (%),Ene-2026,100.0,2026-04-19
00319,BANCO CMF S.A.,privado_nacional,situacion_deudores,TOTAL DE FINANCIACIONES Y GARANTIAS OTORGADAS ($),Dic-2023,69692.55,2026-04-19
00319,BANCO CMF S.A.,privado_nacional,situacion_deudores,TF.Sit.1: En situación normal (%),Dic-2023,100.0,2026-04-19
00319,BANCO CMF S.A.,privado_nacional,situacion_deudores,TF.Sit.2: Con seguimiento especial/Riesgo bajo (%),Dic-2023,0.0,2026-04-19
00319,BANCO CMF S.A.,privado_nacional,situacion_deudores,TF.Sit.3: Con problemas/Riesgo medio (%),Dic-2023,0.0,2026-04-19
00319,BANCO CMF S.A.,privado_nacional,situacion_deudores,TF.Sit.4: Con alto riesgo de insolvencia/Riesgo alto (%),Dic-2023,0.0,2026-04-19
00319,BANCO CMF S.A.,privado_nacional,situacion_deudores,TOTAL GARANTIZADO - Garantías Preferidas A y B (%),Dic-2023,4.82,2026-04-19
00319,BANCO CMF S.A.,privado_nacional,situacion_deudores,Previsiones por riesgo de incobrabilidad constituídas,Dic-2023,2090.78,2026-04-19
00319,BANCO CMF S.A.,privado_nacional,situacion_deudores,CARTERA COMERCIAL ($),Dic-2023,62878.01,2026-04-19
00319,BANCO CMF S.A.,privado_nacional,situacion_deudores,Total cartera sobre financiaciones (%),Dic-2023,90.22,2026-04-19
00319,BANCO CMF S.A.,privado_nacional,situacion_deudores,C.COM.Sit.1: En situación normal (%),Dic-2023,100.0,2026-04-19
00319,BANCO CMF S.A.,privado_nacional,situacion_deudores,C.COM.Sit.2: Con seguimiento especial (%),Dic-2023,0.0,2026-04-19
00319,BANCO CMF S.A.,privado_nacional,situacion_deudores,C.COM.Sit.3: Con problemas (%),Dic-2023,0.0,2026-04-19
00319,BANCO CMF S.A.,privado_nacional,situacion_deudores,C.COM.Sit.4: Con alto riesgo de insolvencia (%),Dic-2023,0.0,2026-04-19
00319,BANCO CMF S.A.,privado_nacional,situacion_deudores,C.COM.TOTAL GARANTIZADO - Garantías Preferidas A y B (%),Dic-2023,4.9,2026-04-19
00319,BANCO CMF S.A.,privado_nacional,situacion_deudores,CARTERA DE CONSUMO O VIVIENDA ($),Dic-2023,4.46,2026-04-19
00319,BANCO CMF S.A.,privado_nacional,situacion_deudores,Total cartera sobre financiaciones (%),Dic-2023,0.01,2026-04-19
00319,BANCO CMF S.A.,privado_nacional,situacion_deudores,C.CON.Sit.1: En situación normal (%),Dic-2023,100.0,2026-04-19
00319,BANCO CMF S.A.,privado_nacional,situacion_deudores,C.CON.Sit.4: Riesgo alto (%),Dic-2023,0.0,2026-04-19
00319,BANCO CMF S.A.,privado_nacional,situacion_deudores,C.CON.TOTAL GARANTIZADO - Garantías Preferidas A y B (%),Dic-2023,0.0,2026-04-19
00319,BANCO CMF S.A.,privado_nacional,situacion_deudores,CARTERA COMERCIAL ASIMILABLE A CONSUMO ($),Dic-2023,6810.08,2026-04-19
00319,BANCO CMF S.A.,privado_nacional,situacion_deudores,Total cartera sobre financiaciones (%),Dic-2023,9.77,2026-04-19
00319,BANCO CMF S.A.,privado_nacional,situacion_deudores,C.CAC.Sit.1: En situación normal (%),Dic-2023,99.99,2026-04-19
00319,BANCO CMF S.A.,privado_nacional,situacion_deudores,C.CAC.Sit.2: Riesgo bajo (%),Dic-2023,0.0,2026-04-19
00319,BANCO CMF S.A.,privado_nacional,situacion_deudores,C.CAC.Sit.3: Riesgo medio (%),Dic-2023,0.01,2026-04-19
00319,BANCO CMF S.A.,privado_nacional,situacion_deudores,C.CAC.Sit.4: Riesgo alto (%),Dic-2023,0.0,2026-04-19
00319,BANCO CMF S.A.,privado_nacional,situacion_deudores,C.CAC.TOTAL GARANTIZADO - Garantías Preferidas A y B (%),Dic-2023,4.1,2026-04-19
00319,BANCO CMF S.A.,privado_nacional,situacion_deudores,TOTAL DE FINANCIACIONES Y GARANTIAS OTORGADAS ($),Dic-2024,319667.09,2026-04-19
00319,BANCO CMF S.A.,privado_nacional,situacion_deudores,TF.Sit.1: En situación normal (%),Dic-2024,99.98,2026-04-19
00319,BANCO CMF S.A.,privado_nacional,situacion_deudores,TF.Sit.2: Con seguimiento especial/Riesgo bajo (%),Dic-2024,0.01,2026-04-19
00319,BANCO CMF S.A.,privado_nacional,situacion_deudores,TF.Sit.3: Con problemas/Riesgo medio (%),Dic-2024,0.0,2026-04-19
00319,BANCO CMF S.A.,privado_nacional,situacion_deudores,TF.Sit.4: Con alto riesgo de insolvencia/Riesgo alto (%),Dic-2024,0.02,2026-04-19
00319,BANCO CMF S.A.,privado_nacional,situacion_deudores,TOTAL GARANTIZADO - Garantías Preferidas A y B (%),Dic-2024,2.76,2026-04-19
00319,BANCO CMF S.A.,privado_nacional,situacion_deudores,Previsiones por riesgo de incobrabilidad constituídas,Dic-2024,8082.07,2026-04-19
00319,BANCO CMF S.A.,privado_nacional,situacion_deudores,CARTERA COMERCIAL ($),Dic-2024,294981.11,2026-04-19
00319,BANCO CMF S.A.,privado_nacional,situacion_deudores,Total cartera sobre financiaciones (%),Dic-2024,92.28,2026-04-19
00319,BANCO CMF S.A.,privado_nacional,situacion_deudores,C.COM.Sit.1: En situación normal (%),Dic-2024,99.98,2026-04-19
00319,BANCO CMF S.A.,privado_nacional,situacion_deudores,C.COM.Sit.2: Con seguimiento especial (%),Dic-2024,0.0,2026-04-19
00319,BANCO CMF S.A.,privado_nacional,situacion_deudores,C.COM.Sit.3: Con problemas (%),Dic-2024,0.0,2026-04-19
00319,BANCO CMF S.A.,privado_nacional,situacion_deudores,C.COM.Sit.4: Con alto riesgo de insolvencia (%),Dic-2024,0.02,2026-04-19
00319,BANCO CMF S.A.,privado_nacional,situacion_deudores,C.COM.TOTAL GARANTIZADO - Garantías Preferidas A y B (%),Dic-2024,2.82,2026-04-19
00319,BANCO CMF S.A.,privado_nacional,situacion_deudores,CARTERA DE CONSUMO O VIVIENDA ($),Dic-2024,0.0,2026-04-19
00319,BANCO CMF S.A.,privado_nacional,situacion_deudores,Total cartera sobre financiaciones (%),Dic-2024,0.0,2026-04-19
00319,BANCO CMF S.A.,privado_nacional,situacion_deudores,C.CON.Sit.1: En situación normal (%),Dic-2024,100.0,2026-04-19
00319,BANCO CMF S.A.,privado_nacional,situacion_deudores,C.CON.Sit.4: Riesgo alto (%),Dic-2024,0.0,2026-04-19
00319,BANCO CMF S.A.,privado_nacional,situacion_deudores,C.CON.TOTAL GARANTIZADO - Garantías Preferidas A y B (%),Dic-2024,0.0,2026-04-19
00319,BANCO CMF S.A.,privado_nacional,situacion_deudores,CARTERA COMERCIAL ASIMILABLE A CONSUMO ($),Dic-2024,24685.98,2026-04-19
00319,BANCO CMF S.A.,privado_nacional,situacion_deudores,Total cartera sobre financiaciones (%),Dic-2024,7.72,2026-04-19
00319,BANCO CMF S.A.,privado_nacional,situacion_deudores,C.CAC.Sit.1: En situación normal (%),Dic-2024,99.91,2026-04-19
00319,BANCO CMF S.A.,privado_nacional,situacion_deudores,C.CAC.Sit.2: Riesgo bajo (%),Dic-2024,0.08,2026-04-19
00319,BANCO CMF S.A.,privado_nacional,situacion_deudores,C.CAC.Sit.3: Riesgo medio (%),Dic-2024,0.01,2026-04-19
00319,BANCO CMF S.A.,privado_nacional,situacion_deudores,C.CAC.Sit.4: Riesgo alto (%),Dic-2024,0.0,2026-04-19
00319,BANCO CMF S.A.,privado_nacional,situacion_deudores,C.CAC.TOTAL GARANTIZADO - Garantías Preferidas A y B (%),Dic-2024,1.97,2026-04-19
00319,BANCO CMF S.A.,privado_nacional,situacion_deudores,TOTAL DE FINANCIACIONES Y GARANTIAS OTORGADAS ($),Nov-2025,591358.64,2026-04-19
00319,BANCO CMF S.A.,privado_nacional,situacion_deudores,TF.Sit.1: En situación normal (%),Nov-2025,99.72,2026-04-19
00319,BANCO CMF S.A.,privado_nacional,situacion_deudores,TF.Sit.2: Con seguimiento especial/Riesgo bajo (%),Nov-2025,0.03,2026-04-19
00319,BANCO CMF S.A.,privado_nacional,situacion_deudores,TF.Sit.3: Con problemas/Riesgo medio (%),Nov-2025,0.0,2026-04-19
00319,BANCO CMF S.A.,privado_nacional,situacion_deudores,TF.Sit.4: Con alto riesgo de insolvencia/Riesgo alto (%),Nov-2025,0.25,2026-04-19
00319,BANCO CMF S.A.,privado_nacional,situacion_deudores,TOTAL GARANTIZADO - Garantías Preferidas A y B (%),Nov-2025,4.17,2026-04-19
00319,BANCO CMF S.A.,privado_nacional,situacion_deudores,Previsiones por riesgo de incobrabilidad constituídas,Nov-2025,17740.76,2026-04-19
00319,BANCO CMF S.A.,privado_nacional,situacion_deudores,CARTERA COMERCIAL ($),Nov-2025,558557.44,2026-04-19
00319,BANCO CMF S.A.,privado_nacional,situacion_deudores,Total cartera sobre financiaciones (%),Nov-2025,94.45,2026-04-19
00319,BANCO CMF S.A.,privado_nacional,situacion_deudores,C.COM.Sit.1: En situación normal (%),Nov-2025,99.74,2026-04-19
00319,BANCO CMF S.A.,privado_nacional,situacion_deudores,C.COM.Sit.2: Con seguimiento especial (%),Nov-2025,0.0,2026-04-19
00319,BANCO CMF S.A.,privado_nacional,situacion_deudores,C.COM.Sit.3: Con problemas (%),Nov-2025,0.0,2026-04-19
00319,BANCO CMF S.A.,privado_nacional,situacion_deudores,C.COM.Sit.4: Con alto riesgo de insolvencia (%),Nov-2025,0.26,2026-04-19
00319,BANCO CMF S.A.,privado_nacional,situacion_deudores,C.COM.TOTAL GARANTIZADO - Garantías Preferidas A y B (%),Nov-2025,4.11,2026-04-19
00319,BANCO CMF S.A.,privado_nacional,situacion_deudores,CARTERA DE CONSUMO O VIVIENDA ($),Nov-2025,39.3,2026-04-19
00319,BANCO CMF S.A.,privado_nacional,situacion_deudores,Total cartera sobre financiaciones (%),Nov-2025,0.01,2026-04-19
00319,BANCO CMF S.A.,privado_nacional,situacion_deudores,C.CON.Sit.1: En situación normal (%),Nov-2025,99.95,2026-04-19
00319,BANCO CMF S.A.,privado_nacional,situacion_deudores,C.CON.Sit.4: Riesgo alto (%),Nov-2025,0.05,2026-04-19
00319,BANCO CMF S.A.,privado_nacional,situacion_deudores,C.CON.TOTAL GARANTIZADO - Garantías Preferidas A y B (%),Nov-2025,88.94,2026-04-19
00319,BANCO CMF S.A.,privado_nacional,situacion_deudores,CARTERA COMERCIAL ASIMILABLE A CONSUMO ($),Nov-2025,32761.91,2026-04-19
00319,BANCO CMF S.A.,privado_nacional,situacion_deudores,Total cartera sobre financiaciones (%),Nov-2025,5.54,2026-04-19
00319,BANCO CMF S.A.,privado_nacional,situacion_deudores,C.CAC.Sit.1: En situación normal (%),Nov-2025,99.28,2026-04-19
00319,BANCO CMF S.A.,privado_nacional,situacion_deudores,C.CAC.Sit.2: Riesgo bajo (%),Nov-2025,0.59,2026-04-19
00319,BANCO CMF S.A.,privado_nacional,situacion_deudores,C.CAC.Sit.3: Riesgo medio (%),Nov-2025,0.0,2026-04-19
00319,BANCO CMF S.A.,privado_nacional,situacion_deudores,C.CAC.Sit.4: Riesgo alto (%),Nov-2025,0.13,2026-04-19
00319,BANCO CMF S.A.,privado_nacional,situacion_deudores,C.CAC.TOTAL GARANTIZADO - Garantías Preferidas A y B (%),Nov-2025,5.2,2026-04-19
00319,BANCO CMF S.A.,privado_nacional,situacion_deudores,TOTAL DE FINANCIACIONES Y GARANTIAS OTORGADAS ($),Dic-2025,556278.48,2026-04-19
00319,BANCO CMF S.A.,privado_nacional,situacion_deudores,TF.Sit.1: En situación normal (%),Dic-2025,97.64,2026-04-19
00319,BANCO CMF S.A.,privado_nacional,situacion_deudores,TF.Sit.2: Con seguimiento especial/Riesgo bajo (%),Dic-2025,2.06,2026-04-19
00319,BANCO CMF S.A.,privado_nacional,situacion_deudores,TF.Sit.3: Con problemas/Riesgo medio (%),Dic-2025,0.0,2026-04-19
00319,BANCO CMF S.A.,privado_nacional,situacion_deudores,TF.Sit.4: Con alto riesgo de insolvencia/Riesgo alto (%),Dic-2025,0.3,2026-04-19
00319,BANCO CMF S.A.,privado_nacional,situacion_deudores,TOTAL GARANTIZADO - Garantías Preferidas A y B (%),Dic-2025,3.86,2026-04-19
00319,BANCO CMF S.A.,privado_nacional,situacion_deudores,Previsiones por riesgo de incobrabilidad constituídas,Dic-2025,17740.75,2026-04-19
00319,BANCO CMF S.A.,privado_nacional,situacion_deudores,CARTERA COMERCIAL ($),Dic-2025,516572.17,2026-04-19
00319,BANCO CMF S.A.,privado_nacional,situacion_deudores,Total cartera sobre financiaciones (%),Dic-2025,92.86,2026-04-19
00319,BANCO CMF S.A.,privado_nacional,situacion_deudores,C.COM.Sit.1: En situación normal (%),Dic-2025,97.53,2026-04-19
00319,BANCO CMF S.A.,privado_nacional,situacion_deudores,C.COM.Sit.2: Con seguimiento especial (%),Dic-2025,2.21,2026-04-19
00319,BANCO CMF S.A.,privado_nacional,situacion_deudores,C.COM.Sit.3: Con problemas (%),Dic-2025,0.0,2026-04-19
00319,BANCO CMF S.A.,privado_nacional,situacion_deudores,C.COM.Sit.4: Con alto riesgo de insolvencia (%),Dic-2025,0.27,2026-04-19
00319,BANCO CMF S.A.,privado_nacional,situacion_deudores,C.COM.TOTAL GARANTIZADO - Garantías Preferidas A y B (%),Dic-2025,3.73,2026-04-19
00319,BANCO CMF S.A.,privado_nacional,situacion_deudores,CARTERA DE CONSUMO O VIVIENDA ($),Dic-2025,32.69,2026-04-19
00319,BANCO CMF S.A.,privado_nacional,situacion_deudores,Total cartera sobre financiaciones (%),Dic-2025,0.01,2026-04-19
00319,BANCO CMF S.A.,privado_nacional,situacion_deudores,C.CON.Sit.1: En situación normal (%),Dic-2025,100.0,2026-04-19
00319,BANCO CMF S.A.,privado_nacional,situacion_deudores,C.CON.Sit.4: Riesgo alto (%),Dic-2025,0.0,2026-04-19
00319,BANCO CMF S.A.,privado_nacional,situacion_deudores,C.CON.TOTAL GARANTIZADO - Garantías Preferidas A y B (%),Dic-2025,100.0,2026-04-19
00319,BANCO CMF S.A.,privado_nacional,situacion_deudores,CARTERA COMERCIAL ASIMILABLE A CONSUMO ($),Dic-2025,39673.62,2026-04-19
00319,BANCO CMF S.A.,privado_nacional,situacion_deudores,Total cartera sobre financiaciones (%),Dic-2025,7.13,2026-04-19
00319,BANCO CMF S.A.,privado_nacional,situacion_deudores,C.CAC.Sit.1: En situación normal (%),Dic-2025,99.13,2026-04-19
00319,BANCO CMF S.A.,privado_nacional,situacion_deudores,C.CAC.Sit.2: Riesgo bajo (%),Dic-2025,0.15,2026-04-19
00319,BANCO CMF S.A.,privado_nacional,situacion_deudores,C.CAC.Sit.3: Riesgo medio (%),Dic-2025,0.0,2026-04-19
00319,BANCO CMF S.A.,privado_nacional,situacion_deudores,C.CAC.Sit.4: Riesgo alto (%),Dic-2025,0.72,2026-04-19
00319,BANCO CMF S.A.,privado_nacional,situacion_deudores,C.CAC.TOTAL GARANTIZADO - Garantías Preferidas A y B (%),Dic-2025,5.57,2026-04-19
00319,BANCO CMF S.A.,privado_nacional,situacion_deudores,TOTAL DE FINANCIACIONES Y GARANTIAS OTORGADAS ($),Ene-2026,603786.3,2026-04-19
00319,BANCO CMF S.A.,privado_nacional,situacion_deudores,TF.Sit.1: En situación normal (%),Ene-2026,96.57,2026-04-19
00319,BANCO CMF S.A.,privado_nacional,situacion_deudores,TF.Sit.2: Con seguimiento especial/Riesgo bajo (%),Ene-2026,1.98,2026-04-19
00319,BANCO CMF S.A.,privado_nacional,situacion_deudores,TF.Sit.3: Con problemas/Riesgo medio (%),Ene-2026,1.19,2026-04-19
00319,BANCO CMF S.A.,privado_nacional,situacion_deudores,TF.Sit.4: Con alto riesgo de insolvencia/Riesgo alto (%),Ene-2026,0.26,2026-04-19
00319,BANCO CMF S.A.,privado_nacional,situacion_deudores,TOTAL GARANTIZADO - Garantías Preferidas A y B (%),Ene-2026,4.64,2026-04-19
00319,BANCO CMF S.A.,privado_nacional,situacion_deudores,Previsiones por riesgo de incobrabilidad constituídas,Ene-2026,18515.4,2026-04-19
00319,BANCO CMF S.A.,privado_nacional,situacion_deudores,CARTERA COMERCIAL ($),Ene-2026,562073.57,2026-04-19
00319,BANCO CMF S.A.,privado_nacional,situacion_deudores,Total cartera sobre financiaciones (%),Ene-2026,93.09,2026-04-19
00319,BANCO CMF S.A.,privado_nacional,situacion_deudores,C.COM.Sit.1: En situación normal (%),Ene-2026,96.37,2026-04-19
00319,BANCO CMF S.A.,privado_nacional,situacion_deudores,C.COM.Sit.2: Con seguimiento especial (%),Ene-2026,2.12,2026-04-19
00319,BANCO CMF S.A.,privado_nacional,situacion_deudores,C.COM.Sit.3: Con problemas (%),Ene-2026,1.28,2026-04-19
00319,BANCO CMF S.A.,privado_nacional,situacion_deudores,C.COM.Sit.4: Con alto riesgo de insolvencia (%),Ene-2026,0.23,2026-04-19
00319,BANCO CMF S.A.,privado_nacional,situacion_deudores,C.COM.TOTAL GARANTIZADO - Garantías Preferidas A y B (%),Ene-2026,4.74,2026-04-19
00319,BANCO CMF S.A.,privado_nacional,situacion_deudores,CARTERA DE CONSUMO O VIVIENDA ($),Ene-2026,32.31,2026-04-19
00319,BANCO CMF S.A.,privado_nacional,situacion_deudores,Total cartera sobre financiaciones (%),Ene-2026,0.01,2026-04-19
00319,BANCO CMF S.A.,privado_nacional,situacion_deudores,C.CON.Sit.1: En situación normal (%),Ene-2026,100.0,2026-04-19
00319,BANCO CMF S.A.,privado_nacional,situacion_deudores,C.CON.Sit.4: Riesgo alto (%),Ene-2026,0.0,2026-04-19
00319,BANCO CMF S.A.,privado_nacional,situacion_deudores,C.CON.TOTAL GARANTIZADO - Garantías Preferidas A y B (%),Ene-2026,100.0,2026-04-19
00319,BANCO CMF S.A.,privado_nacional,situacion_deudores,CARTERA COMERCIAL ASIMILABLE A CONSUMO ($),Ene-2026,41680.43,2026-04-19
00319,BANCO CMF S.A.,privado_nacional,situacion_deudores,Total cartera sobre financiaciones (%),Ene-2026,6.9,2026-04-19
00319,BANCO CMF S.A.,privado_nacional,situacion_deudores,C.CAC.Sit.1: En situación normal (%),Ene-2026,99.22,2026-04-19
00319,BANCO CMF S.A.,privado_nacional,situacion_deudores,C.CAC.Sit.2: Riesgo bajo (%),Ene-2026,0.11,2026-04-19
00319,BANCO CMF S.A.,privado_nacional,situacion_deudores,C.CAC.Sit.3: Riesgo medio (%),Ene-2026,0.0,2026-04-19
00319,BANCO CMF S.A.,privado_nacional,situacion_deudores,C.CAC.Sit.4: Riesgo alto (%),Ene-2026,0.67,2026-04-19
00319,BANCO CMF S.A.,privado_nacional,situacion_deudores,C.CAC.TOTAL GARANTIZADO - Garantías Preferidas A y B (%),Ene-2026,3.24,2026-04-19
00431,BANCO COINAG S.A.,privado_nacional,situacion_deudores,TOTAL DE FINANCIACIONES Y GARANTIAS OTORGADAS ($),Dic-2023,19887.82,2026-04-19
00431,BANCO COINAG S.A.,privado_nacional,situacion_deudores,TF.Sit.1: En situación normal (%),Dic-2023,92.96,2026-04-19
00431,BANCO COINAG S.A.,privado_nacional,situacion_deudores,TF.Sit.2: Con seguimiento especial/Riesgo bajo (%),Dic-2023,0.48,2026-04-19
00431,BANCO COINAG S.A.,privado_nacional,situacion_deudores,TF.Sit.3: Con problemas/Riesgo medio (%),Dic-2023,5.47,2026-04-19
00431,BANCO COINAG S.A.,privado_nacional,situacion_deudores,TF.Sit.4: Con alto riesgo de insolvencia/Riesgo alto (%),Dic-2023,0.76,2026-04-19
00431,BANCO COINAG S.A.,privado_nacional,situacion_deudores,TF.Sit.5: Irrecuperable (%),Dic-2023,0.34,2026-04-19
00431,BANCO COINAG S.A.,privado_nacional,situacion_deudores,TOTAL GARANTIZADO - Garantías Preferidas A y B (%),Dic-2023,4.89,2026-04-19
00431,BANCO COINAG S.A.,privado_nacional,situacion_deudores,Previsiones por riesgo de incobrabilidad constituídas,Dic-2023,899.56,2026-04-19
00431,BANCO COINAG S.A.,privado_nacional,situacion_deudores,CARTERA COMERCIAL ($),Dic-2023,3400.2,2026-04-19
00431,BANCO COINAG S.A.,privado_nacional,situacion_deudores,Total cartera sobre financiaciones (%),Dic-2023,17.1,2026-04-19
00431,BANCO COINAG S.A.,privado_nacional,situacion_deudores,C.COM.Sit.1: En situación normal (%),Dic-2023,71.23,2026-04-19
00431,BANCO COINAG S.A.,privado_nacional,situacion_deudores,C.COM.Sit.2: Con seguimiento especial (%),Dic-2023,0.0,2026-04-19
00431,BANCO COINAG S.A.,privado_nacional,situacion_deudores,C.COM.Sit.3: Con problemas (%),Dic-2023,28.77,2026-04-19
00431,BANCO COINAG S.A.,privado_nacional,situacion_deudores,C.COM.TOTAL GARANTIZADO - Garantías Preferidas A y B (%),Dic-2023,0.0,2026-04-19
00431,BANCO COINAG S.A.,privado_nacional,situacion_deudores,CARTERA DE CONSUMO O VIVIENDA ($),Dic-2023,5193.13,2026-04-19
00431,BANCO COINAG S.A.,privado_nacional,situacion_deudores,Total cartera sobre financiaciones (%),Dic-2023,26.11,2026-04-19
00431,BANCO COINAG S.A.,privado_nacional,situacion_deudores,C.CON.Sit.1: En situación normal (%),Dic-2023,97.87,2026-04-19
00431,BANCO COINAG S.A.,privado_nacional,situacion_deudores,C.CON.Sit.2: Riesgo bajo (%),Dic-2023,0.84,2026-04-19
00431,BANCO COINAG S.A.,privado_nacional,situacion_deudores,C.CON.Sit.3: Riesgo medio (%),Dic-2023,0.49,2026-04-19
00431,BANCO COINAG S.A.,privado_nacional,situacion_deudores,C.CON.Sit.4: Riesgo alto (%),Dic-2023,0.49,2026-04-19
00431,BANCO COINAG S.A.,privado_nacional,situacion_deudores,C.CON.Sit.5: Irrecuperable (%),Dic-2023,0.32,2026-04-19
00431,BANCO COINAG S.A.,privado_nacional,situacion_deudores,C.CON.TOTAL GARANTIZADO - Garantías Preferidas A y B (%),Dic-2023,0.63,2026-04-19
00431,BANCO COINAG S.A.,privado_nacional,situacion_deudores,CARTERA COMERCIAL ASIMILABLE A CONSUMO ($),Dic-2023,11294.49,2026-04-19
00431,BANCO COINAG S.A.,privado_nacional,situacion_deudores,Total cartera sobre financiaciones (%),Dic-2023,56.79,2026-04-19
00431,BANCO COINAG S.A.,privado_nacional,situacion_deudores,C.CAC.Sit.1: En situación normal (%),Dic-2023,97.24,2026-04-19
00431,BANCO COINAG S.A.,privado_nacional,situacion_deudores,C.CAC.Sit.2: Riesgo bajo (%),Dic-2023,0.46,2026-04-19
00431,BANCO COINAG S.A.,privado_nacional,situacion_deudores,C.CAC.Sit.3: Riesgo medio (%),Dic-2023,0.74,2026-04-19
00431,BANCO COINAG S.A.,privado_nacional,situacion_deudores,C.CAC.Sit.4: Riesgo alto (%),Dic-2023,1.11,2026-04-19
00431,BANCO COINAG S.A.,privado_nacional,situacion_deudores,C.CAC.Sit.5: Irrecuperable (%),Dic-2023,0.45,2026-04-19
00431,BANCO COINAG S.A.,privado_nacional,situacion_deudores,C.CAC.TOTAL GARANTIZADO - Garantías Preferidas A y B (%),Dic-2023,8.32,2026-04-19
00431,BANCO COINAG S.A.,privado_nacional,situacion_deudores,TOTAL DE FINANCIACIONES Y GARANTIAS OTORGADAS ($),Dic-2024,66302.96,2026-04-19
00431,BANCO COINAG S.A.,privado_nacional,situacion_deudores,TF.Sit.1: En situación normal (%),Dic-2024,99.16,2026-04-19
00431,BANCO COINAG S.A.,privado_nacional,situacion_deudores,TF.Sit.2: Con seguimiento especial/Riesgo bajo (%),Dic-2024,0.31,2026-04-19
00431,BANCO COINAG S.A.,privado_nacional,situacion_deudores,TF.Sit.3: Con problemas/Riesgo medio (%),Dic-2024,0.17,2026-04-19
00431,BANCO COINAG S.A.,privado_nacional,situacion_deudores,TF.Sit.4: Con alto riesgo de insolvencia/Riesgo alto (%),Dic-2024,0.2,2026-04-19
00431,BANCO COINAG S.A.,privado_nacional,situacion_deudores,TF.Sit.5: Irrecuperable (%),Dic-2024,0.16,2026-04-19
00431,BANCO COINAG S.A.,privado_nacional,situacion_deudores,TOTAL GARANTIZADO - Garantías Preferidas A y B (%),Dic-2024,8.51,2026-04-19
00431,BANCO COINAG S.A.,privado_nacional,situacion_deudores,Previsiones por riesgo de incobrabilidad constituídas,Dic-2024,1093.17,2026-04-19
00431,BANCO COINAG S.A.,privado_nacional,situacion_deudores,CARTERA COMERCIAL ($),Dic-2024,13695.87,2026-04-19
00431,BANCO COINAG S.A.,privado_nacional,situacion_deudores,Total cartera sobre financiaciones (%),Dic-2024,20.66,2026-04-19
00431,BANCO COINAG S.A.,privado_nacional,situacion_deudores,C.COM.Sit.1: En situación normal (%),Dic-2024,100.0,2026-04-19
00431,BANCO COINAG S.A.,privado_nacional,situacion_deudores,C.COM.Sit.2: Con seguimiento especial (%),Dic-2024,0.0,2026-04-19
00431,BANCO COINAG S.A.,privado_nacional,situacion_deudores,C.COM.Sit.3: Con problemas (%),Dic-2024,0.0,2026-04-19
00431,BANCO COINAG S.A.,privado_nacional,situacion_deudores,C.COM.TOTAL GARANTIZADO - Garantías Preferidas A y B (%),Dic-2024,0.0,2026-04-19
00431,BANCO COINAG S.A.,privado_nacional,situacion_deudores,CARTERA DE CONSUMO O VIVIENDA ($),Dic-2024,9747.83,2026-04-19
00431,BANCO COINAG S.A.,privado_nacional,situacion_deudores,Total cartera sobre financiaciones (%),Dic-2024,14.7,2026-04-19
00431,BANCO COINAG S.A.,privado_nacional,situacion_deudores,C.CON.Sit.1: En situación normal (%),Dic-2024,97.63,2026-04-19
00431,BANCO COINAG S.A.,privado_nacional,situacion_deudores,C.CON.Sit.2: Riesgo bajo (%),Dic-2024,0.97,2026-04-19
00431,BANCO COINAG S.A.,privado_nacional,situacion_deudores,C.CON.Sit.3: Riesgo medio (%),Dic-2024,0.63,2026-04-19
00431,BANCO COINAG S.A.,privado_nacional,situacion_deudores,C.CON.Sit.4: Riesgo alto (%),Dic-2024,0.51,2026-04-19
00431,BANCO COINAG S.A.,privado_nacional,situacion_deudores,C.CON.Sit.5: Irrecuperable (%),Dic-2024,0.26,2026-04-19
00431,BANCO COINAG S.A.,privado_nacional,situacion_deudores,C.CON.TOTAL GARANTIZADO - Garantías Preferidas A y B (%),Dic-2024,0.02,2026-04-19
00431,BANCO COINAG S.A.,privado_nacional,situacion_deudores,CARTERA COMERCIAL ASIMILABLE A CONSUMO ($),Dic-2024,42859.27,2026-04-19
00431,BANCO COINAG S.A.,privado_nacional,situacion_deudores,Total cartera sobre financiaciones (%),Dic-2024,64.64,2026-04-19
00431,BANCO COINAG S.A.,privado_nacional,situacion_deudores,C.CAC.Sit.1: En situación normal (%),Dic-2024,99.23,2026-04-19
00431,BANCO COINAG S.A.,privado_nacional,situacion_deudores,C.CAC.Sit.2: Riesgo bajo (%),Dic-2024,0.26,2026-04-19
00431,BANCO COINAG S.A.,privado_nacional,situacion_deudores,C.CAC.Sit.3: Riesgo medio (%),Dic-2024,0.12,2026-04-19
00431,BANCO COINAG S.A.,privado_nacional,situacion_deudores,C.CAC.Sit.4: Riesgo alto (%),Dic-2024,0.19,2026-04-19
00431,BANCO COINAG S.A.,privado_nacional,situacion_deudores,C.CAC.Sit.5: Irrecuperable (%),Dic-2024,0.19,2026-04-19
00431,BANCO COINAG S.A.,privado_nacional,situacion_deudores,C.CAC.TOTAL GARANTIZADO - Garantías Preferidas A y B (%),Dic-2024,13.15,2026-04-19
00431,BANCO COINAG S.A.,privado_nacional,situacion_deudores,TOTAL DE FINANCIACIONES Y GARANTIAS OTORGADAS ($),Nov-2025,137919.88,2026-04-19
00431,BANCO COINAG S.A.,privado_nacional,situacion_deudores,TF.Sit.1: En situación normal (%),Nov-2025,96.47,2026-04-19
00431,BANCO COINAG S.A.,privado_nacional,situacion_deudores,TF.Sit.2: Con seguimiento especial/Riesgo bajo (%),Nov-2025,1.21,2026-04-19
00431,BANCO COINAG S.A.,privado_nacional,situacion_deudores,TF.Sit.3: Con problemas/Riesgo medio (%),Nov-2025,0.83,2026-04-19
00431,BANCO COINAG S.A.,privado_nacional,situacion_deudores,TF.Sit.4: Con alto riesgo de insolvencia/Riesgo alto (%),Nov-2025,1.36,2026-04-19
00431,BANCO COINAG S.A.,privado_nacional,situacion_deudores,TF.Sit.5: Irrecuperable (%),Nov-2025,0.13,2026-04-19
00431,BANCO COINAG S.A.,privado_nacional,situacion_deudores,TOTAL GARANTIZADO - Garantías Preferidas A y B (%),Nov-2025,10.64,2026-04-19
00431,BANCO COINAG S.A.,privado_nacional,situacion_deudores,Previsiones por riesgo de incobrabilidad constituídas,Nov-2025,2539.5,2026-04-19
00431,BANCO COINAG S.A.,privado_nacional,situacion_deudores,CARTERA COMERCIAL ($),Nov-2025,38182.66,2026-04-19
00431,BANCO COINAG S.A.,privado_nacional,situacion_deudores,Total cartera sobre financiaciones (%),Nov-2025,27.68,2026-04-19
00431,BANCO COINAG S.A.,privado_nacional,situacion_deudores,C.COM.Sit.1: En situación normal (%),Nov-2025,100.0,2026-04-19
00431,BANCO COINAG S.A.,privado_nacional,situacion_deudores,C.COM.Sit.2: Con seguimiento especial (%),Nov-2025,0.0,2026-04-19
00431,BANCO COINAG S.A.,privado_nacional,situacion_deudores,C.COM.Sit.3: Con problemas (%),Nov-2025,0.0,2026-04-19
00431,BANCO COINAG S.A.,privado_nacional,situacion_deudores,C.COM.TOTAL GARANTIZADO - Garantías Preferidas A y B (%),Nov-2025,0.02,2026-04-19
00431,BANCO COINAG S.A.,privado_nacional,situacion_deudores,CARTERA DE CONSUMO O VIVIENDA ($),Nov-2025,16591.96,2026-04-19
00431,BANCO COINAG S.A.,privado_nacional,situacion_deudores,Total cartera sobre financiaciones (%),Nov-2025,12.03,2026-04-19
00431,BANCO COINAG S.A.,privado_nacional,situacion_deudores,C.CON.Sit.1: En situación normal (%),Nov-2025,92.43,2026-04-19
00431,BANCO COINAG S.A.,privado_nacional,situacion_deudores,C.CON.Sit.2: Riesgo bajo (%),Nov-2025,2.85,2026-04-19
00431,BANCO COINAG S.A.,privado_nacional,situacion_deudores,C.CON.Sit.3: Riesgo medio (%),Nov-2025,2.22,2026-04-19
00431,BANCO COINAG S.A.,privado_nacional,situacion_deudores,C.CON.Sit.4: Riesgo alto (%),Nov-2025,1.78,2026-04-19
00431,BANCO COINAG S.A.,privado_nacional,situacion_deudores,C.CON.Sit.5: Irrecuperable (%),Nov-2025,0.73,2026-04-19
00431,BANCO COINAG S.A.,privado_nacional,situacion_deudores,C.CON.TOTAL GARANTIZADO - Garantías Preferidas A y B (%),Nov-2025,0.03,2026-04-19
00431,BANCO COINAG S.A.,privado_nacional,situacion_deudores,CARTERA COMERCIAL ASIMILABLE A CONSUMO ($),Nov-2025,83145.26,2026-04-19
00431,BANCO COINAG S.A.,privado_nacional,situacion_deudores,Total cartera sobre financiaciones (%),Nov-2025,60.29,2026-04-19
00431,BANCO COINAG S.A.,privado_nacional,situacion_deudores,C.CAC.Sit.1: En situación normal (%),Nov-2025,95.65,2026-04-19
00431,BANCO COINAG S.A.,privado_nacional,situacion_deudores,C.CAC.Sit.2: Riesgo bajo (%),Nov-2025,1.43,2026-04-19
00431,BANCO COINAG S.A.,privado_nacional,situacion_deudores,C.CAC.Sit.3: Riesgo medio (%),Nov-2025,0.94,2026-04-19
00431,BANCO COINAG S.A.,privado_nacional,situacion_deudores,C.CAC.Sit.4: Riesgo alto (%),Nov-2025,1.91,2026-04-19
00431,BANCO COINAG S.A.,privado_nacional,situacion_deudores,C.CAC.Sit.5: Irrecuperable (%),Nov-2025,0.08,2026-04-19
00431,BANCO COINAG S.A.,privado_nacional,situacion_deudores,C.CAC.TOTAL GARANTIZADO - Garantías Preferidas A y B (%),Nov-2025,17.64,2026-04-19
00431,BANCO COINAG S.A.,privado_nacional,situacion_deudores,TOTAL DE FINANCIACIONES Y GARANTIAS OTORGADAS ($),Dic-2025,143742.83,2026-04-19
00431,BANCO COINAG S.A.,privado_nacional,situacion_deudores,TF.Sit.1: En situación normal (%),Dic-2025,95.0,2026-04-19
00431,BANCO COINAG S.A.,privado_nacional,situacion_deudores,TF.Sit.2: Con seguimiento especial/Riesgo bajo (%),Dic-2025,2.1,2026-04-19
00431,BANCO COINAG S.A.,privado_nacional,situacion_deudores,TF.Sit.3: Con problemas/Riesgo medio (%),Dic-2025,0.91,2026-04-19
00431,BANCO COINAG S.A.,privado_nacional,situacion_deudores,TF.Sit.4: Con alto riesgo de insolvencia/Riesgo alto (%),Dic-2025,1.83,2026-04-19
00431,BANCO COINAG S.A.,privado_nacional,situacion_deudores,TF.Sit.5: Irrecuperable (%),Dic-2025,0.16,2026-04-19
00431,BANCO COINAG S.A.,privado_nacional,situacion_deudores,TOTAL GARANTIZADO - Garantías Preferidas A y B (%),Dic-2025,10.38,2026-04-19
00431,BANCO COINAG S.A.,privado_nacional,situacion_deudores,Previsiones por riesgo de incobrabilidad constituídas,Dic-2025,3131.64,2026-04-19
00431,BANCO COINAG S.A.,privado_nacional,situacion_deudores,CARTERA COMERCIAL ($),Dic-2025,34207.86,2026-04-19
00431,BANCO COINAG S.A.,privado_nacional,situacion_deudores,Total cartera sobre financiaciones (%),Dic-2025,23.8,2026-04-19
00431,BANCO COINAG S.A.,privado_nacional,situacion_deudores,C.COM.Sit.1: En situación normal (%),Dic-2025,100.0,2026-04-19
00431,BANCO COINAG S.A.,privado_nacional,situacion_deudores,C.COM.Sit.2: Con seguimiento especial (%),Dic-2025,0.0,2026-04-19
00431,BANCO COINAG S.A.,privado_nacional,situacion_deudores,C.COM.Sit.3: Con problemas (%),Dic-2025,0.0,2026-04-19
00431,BANCO COINAG S.A.,privado_nacional,situacion_deudores,C.COM.TOTAL GARANTIZADO - Garantías Preferidas A y B (%),Dic-2025,0.74,2026-04-19
00431,BANCO COINAG S.A.,privado_nacional,situacion_deudores,CARTERA DE CONSUMO O VIVIENDA ($),Dic-2025,17139.53,2026-04-19
00431,BANCO COINAG S.A.,privado_nacional,situacion_deudores,Total cartera sobre financiaciones (%),Dic-2025,11.92,2026-04-19
00431,BANCO COINAG S.A.,privado_nacional,situacion_deudores,C.CON.Sit.1: En situación normal (%),Dic-2025,91.64,2026-04-19
00431,BANCO COINAG S.A.,privado_nacional,situacion_deudores,C.CON.Sit.2: Riesgo bajo (%),Dic-2025,2.88,2026-04-19
00431,BANCO COINAG S.A.,privado_nacional,situacion_deudores,C.CON.Sit.3: Riesgo medio (%),Dic-2025,2.75,2026-04-19
00431,BANCO COINAG S.A.,privado_nacional,situacion_deudores,C.CON.Sit.4: Riesgo alto (%),Dic-2025,1.8,2026-04-19
00431,BANCO COINAG S.A.,privado_nacional,situacion_deudores,C.CON.Sit.5: Irrecuperable (%),Dic-2025,0.93,2026-04-19
00431,BANCO COINAG S.A.,privado_nacional,situacion_deudores,C.CON.TOTAL GARANTIZADO - Garantías Preferidas A y B (%),Dic-2025,0.0,2026-04-19
00431,BANCO COINAG S.A.,privado_nacional,situacion_deudores,CARTERA COMERCIAL ASIMILABLE A CONSUMO ($),Dic-2025,92395.44,2026-04-19
00431,BANCO COINAG S.A.,privado_nacional,situacion_deudores,Total cartera sobre financiaciones (%),Dic-2025,64.28,2026-04-19
00431,BANCO COINAG S.A.,privado_nacional,situacion_deudores,C.CAC.Sit.1: En situación normal (%),Dic-2025,93.77,2026-04-19
00431,BANCO COINAG S.A.,privado_nacional,situacion_deudores,C.CAC.Sit.2: Riesgo bajo (%),Dic-2025,2.74,2026-04-19
00431,BANCO COINAG S.A.,privado_nacional,situacion_deudores,C.CAC.Sit.3: Riesgo medio (%),Dic-2025,0.9,2026-04-19
00431,BANCO COINAG S.A.,privado_nacional,situacion_deudores,C.CAC.Sit.4: Riesgo alto (%),Dic-2025,2.52,2026-04-19
00431,BANCO COINAG S.A.,privado_nacional,situacion_deudores,C.CAC.Sit.5: Irrecuperable (%),Dic-2025,0.08,2026-04-19
00431,BANCO COINAG S.A.,privado_nacional,situacion_deudores,C.CAC.TOTAL GARANTIZADO - Garantías Preferidas A y B (%),Dic-2025,15.88,2026-04-19
00431,BANCO COINAG S.A.,privado_nacional,situacion_deudores,TOTAL DE FINANCIACIONES Y GARANTIAS OTORGADAS ($),Ene-2026,144087.68,2026-04-19
00431,BANCO COINAG S.A.,privado_nacional,situacion_deudores,TF.Sit.1: En situación normal (%),Ene-2026,91.95,2026-04-19
00431,BANCO COINAG S.A.,privado_nacional,situacion_deudores,TF.Sit.2: Con seguimiento especial/Riesgo bajo (%),Ene-2026,4.54,2026-04-19
00431,BANCO COINAG S.A.,privado_nacional,situacion_deudores,TF.Sit.3: Con problemas/Riesgo medio (%),Ene-2026,1.4,2026-04-19
00431,BANCO COINAG S.A.,privado_nacional,situacion_deudores,TF.Sit.4: Con alto riesgo de insolvencia/Riesgo alto (%),Ene-2026,1.9,2026-04-19
00431,BANCO COINAG S.A.,privado_nacional,situacion_deudores,TF.Sit.5: Irrecuperable (%),Ene-2026,0.21,2026-04-19
00431,BANCO COINAG S.A.,privado_nacional,situacion_deudores,TOTAL GARANTIZADO - Garantías Preferidas A y B (%),Ene-2026,11.47,2026-04-19
00431,BANCO COINAG S.A.,privado_nacional,situacion_deudores,Previsiones por riesgo de incobrabilidad constituídas,Ene-2026,3521.81,2026-04-19
00431,BANCO COINAG S.A.,privado_nacional,situacion_deudores,CARTERA COMERCIAL ($),Ene-2026,32969.7,2026-04-19
00431,BANCO COINAG S.A.,privado_nacional,situacion_deudores,Total cartera sobre financiaciones (%),Ene-2026,22.88,2026-04-19
00431,BANCO COINAG S.A.,privado_nacional,situacion_deudores,C.COM.Sit.1: En situación normal (%),Ene-2026,89.6,2026-04-19
00431,BANCO COINAG S.A.,privado_nacional,situacion_deudores,C.COM.Sit.2: Con seguimiento especial (%),Ene-2026,10.4,2026-04-19
00431,BANCO COINAG S.A.,privado_nacional,situacion_deudores,C.COM.Sit.3: Con problemas (%),Ene-2026,0.0,2026-04-19
00431,BANCO COINAG S.A.,privado_nacional,situacion_deudores,C.COM.TOTAL GARANTIZADO - Garantías Preferidas A y B (%),Ene-2026,2.55,2026-04-19
00431,BANCO COINAG S.A.,privado_nacional,situacion_deudores,CARTERA DE CONSUMO O VIVIENDA ($),Ene-2026,17854.69,2026-04-19
00431,BANCO COINAG S.A.,privado_nacional,situacion_deudores,Total cartera sobre financiaciones (%),Ene-2026,12.39,2026-04-19
00431,BANCO COINAG S.A.,privado_nacional,situacion_deudores,C.CON.Sit.1: En situación normal (%),Ene-2026,90.2,2026-04-19
00431,BANCO COINAG S.A.,privado_nacional,situacion_deudores,C.CON.Sit.2: Riesgo bajo (%),Ene-2026,3.52,2026-04-19
00431,BANCO COINAG S.A.,privado_nacional,situacion_deudores,C.CON.Sit.3: Riesgo medio (%),Ene-2026,2.88,2026-04-19
00431,BANCO COINAG S.A.,privado_nacional,situacion_deudores,C.CON.Sit.4: Riesgo alto (%),Ene-2026,2.33,2026-04-19
00431,BANCO COINAG S.A.,privado_nacional,situacion_deudores,C.CON.Sit.5: Irrecuperable (%),Ene-2026,1.07,2026-04-19
00431,BANCO COINAG S.A.,privado_nacional,situacion_deudores,C.CON.TOTAL GARANTIZADO - Garantías Preferidas A y B (%),Ene-2026,0.0,2026-04-19
00431,BANCO COINAG S.A.,privado_nacional,situacion_deudores,CARTERA COMERCIAL ASIMILABLE A CONSUMO ($),Ene-2026,93263.29,2026-04-19
00431,BANCO COINAG S.A.,privado_nacional,situacion_deudores,Total cartera sobre financiaciones (%),Ene-2026,64.73,2026-04-19
00431,BANCO COINAG S.A.,privado_nacional,situacion_deudores,C.CAC.Sit.1: En situación normal (%),Ene-2026,93.11,2026-04-19
00431,BANCO COINAG S.A.,privado_nacional,situacion_deudores,C.CAC.Sit.2: Riesgo bajo (%),Ene-2026,2.67,2026-04-19
00431,BANCO COINAG S.A.,privado_nacional,situacion_deudores,C.CAC.Sit.3: Riesgo medio (%),Ene-2026,1.61,2026-04-19
00431,BANCO COINAG S.A.,privado_nacional,situacion_deudores,C.CAC.Sit.4: Riesgo alto (%),Ene-2026,2.48,2026-04-19
00431,BANCO COINAG S.A.,privado_nacional,situacion_deudores,C.CAC.Sit.5: Irrecuperable (%),Ene-2026,0.13,2026-04-19
00431,BANCO COINAG S.A.,privado_nacional,situacion_deudores,C.CAC.TOTAL GARANTIZADO - Garantías Preferidas A y B (%),Ene-2026,16.82,2026-04-19
00389,BANCO COLUMBIA S.A.,privado_nacional,situacion_deudores,TOTAL DE FINANCIACIONES Y GARANTIAS OTORGADAS ($),Dic-2023,43179.27,2026-04-19
00389,BANCO COLUMBIA S.A.,privado_nacional,situacion_deudores,TF.Sit.1: En situación normal (%),Dic-2023,89.33,2026-04-19
00389,BANCO COLUMBIA S.A.,privado_nacional,situacion_deudores,TF.Sit.2: Con seguimiento especial/Riesgo bajo (%),Dic-2023,3.84,2026-04-19
00389,BANCO COLUMBIA S.A.,privado_nacional,situacion_deudores,TF.Sit.3: Con problemas/Riesgo medio (%),Dic-2023,2.43,2026-04-19
00389,BANCO COLUMBIA S.A.,privado_nacional,situacion_deudores,TF.Sit.4: Con alto riesgo de insolvencia/Riesgo alto (%),Dic-2023,2.78,2026-04-19
00389,BANCO COLUMBIA S.A.,privado_nacional,situacion_deudores,TF.Sit.5: Irrecuperable (%),Dic-2023,1.62,2026-04-19
00389,BANCO COLUMBIA S.A.,privado_nacional,situacion_deudores,TOTAL GARANTIZADO - Garantías Preferidas A y B (%),Dic-2023,0.0,2026-04-19
00389,BANCO COLUMBIA S.A.,privado_nacional,situacion_deudores,Previsiones por riesgo de incobrabilidad constituídas,Dic-2023,2348.13,2026-04-19
00389,BANCO COLUMBIA S.A.,privado_nacional,situacion_deudores,CARTERA COMERCIAL ($),Dic-2023,6797.91,2026-04-19
00389,BANCO COLUMBIA S.A.,privado_nacional,situacion_deudores,Total cartera sobre financiaciones (%),Dic-2023,15.74,2026-04-19
00389,BANCO COLUMBIA S.A.,privado_nacional,situacion_deudores,C.COM.Sit.1: En situación normal (%),Dic-2023,100.0,2026-04-19
00389,BANCO COLUMBIA S.A.,privado_nacional,situacion_deudores,C.COM.Sit.2: Con seguimiento especial (%),Dic-2023,0.0,2026-04-19
00389,BANCO COLUMBIA S.A.,privado_nacional,situacion_deudores,C.COM.Sit.5: Irrecuperable (%),Dic-2023,0.0,2026-04-19
00389,BANCO COLUMBIA S.A.,privado_nacional,situacion_deudores,CARTERA DE CONSUMO O VIVIENDA ($),Dic-2023,36347.29,2026-04-19
00389,BANCO COLUMBIA S.A.,privado_nacional,situacion_deudores,Total cartera sobre financiaciones (%),Dic-2023,84.18,2026-04-19
00389,BANCO COLUMBIA S.A.,privado_nacional,situacion_deudores,C.CON.Sit.1: En situación normal (%),Dic-2023,87.32,2026-04-19
00389,BANCO COLUMBIA S.A.,privado_nacional,situacion_deudores,C.CON.Sit.2: Riesgo bajo (%),Dic-2023,4.56,2026-04-19
00389,BANCO COLUMBIA S.A.,privado_nacional,situacion_deudores,C.CON.Sit.3: Riesgo medio (%),Dic-2023,2.89,2026-04-19
00389,BANCO COLUMBIA S.A.,privado_nacional,situacion_deudores,C.CON.Sit.4: Riesgo alto (%),Dic-2023,3.31,2026-04-19
00389,BANCO COLUMBIA S.A.,privado_nacional,situacion_deudores,C.CON.Sit.5: Irrecuperable (%),Dic-2023,1.92,2026-04-19
00389,BANCO COLUMBIA S.A.,privado_nacional,situacion_deudores,C.CON.TOTAL GARANTIZADO - Garantías Preferidas A y B (%),Dic-2023,0.0,2026-04-19
00389,BANCO COLUMBIA S.A.,privado_nacional,situacion_deudores,CARTERA COMERCIAL ASIMILABLE A CONSUMO ($),Dic-2023,34.07,2026-04-19
00389,BANCO COLUMBIA S.A.,privado_nacional,situacion_deudores,Total cartera sobre financiaciones (%),Dic-2023,0.08,2026-04-19
00389,BANCO COLUMBIA S.A.,privado_nacional,situacion_deudores,C.CAC.Sit.1: En situación normal (%),Dic-2023,99.21,2026-04-19
00389,BANCO COLUMBIA S.A.,privado_nacional,situacion_deudores,C.CAC.Sit.2: Riesgo bajo (%),Dic-2023,0.33,2026-04-19
00389,BANCO COLUMBIA S.A.,privado_nacional,situacion_deudores,C.CAC.Sit.3: Riesgo medio (%),Dic-2023,0.36,2026-04-19
00389,BANCO COLUMBIA S.A.,privado_nacional,situacion_deudores,C.CAC.Sit.4: Riesgo alto (%),Dic-2023,0.1,2026-04-19
00389,BANCO COLUMBIA S.A.,privado_nacional,situacion_deudores,C.CAC.Sit.5: Irrecuperable (%),Dic-2023,0.0,2026-04-19
00389,BANCO COLUMBIA S.A.,privado_nacional,situacion_deudores,TOTAL DE FINANCIACIONES Y GARANTIAS OTORGADAS ($),Dic-2024,135587.58,2026-04-19
00389,BANCO COLUMBIA S.A.,privado_nacional,situacion_deudores,TF.Sit.1: En situación normal (%),Dic-2024,87.22,2026-04-19
00389,BANCO COLUMBIA S.A.,privado_nacional,situacion_deudores,TF.Sit.2: Con seguimiento especial/Riesgo bajo (%),Dic-2024,4.51,2026-04-19
00389,BANCO COLUMBIA S.A.,privado_nacional,situacion_deudores,TF.Sit.3: Con problemas/Riesgo medio (%),Dic-2024,3.38,2026-04-19
00389,BANCO COLUMBIA S.A.,privado_nacional,situacion_deudores,TF.Sit.4: Con alto riesgo de insolvencia/Riesgo alto (%),Dic-2024,3.54,2026-04-19
00389,BANCO COLUMBIA S.A.,privado_nacional,situacion_deudores,TF.Sit.5: Irrecuperable (%),Dic-2024,1.35,2026-04-19
00389,BANCO COLUMBIA S.A.,privado_nacional,situacion_deudores,TOTAL GARANTIZADO - Garantías Preferidas A y B (%),Dic-2024,10.14,2026-04-19
00389,BANCO COLUMBIA S.A.,privado_nacional,situacion_deudores,Previsiones por riesgo de incobrabilidad constituídas,Dic-2024,8386.99,2026-04-19
00389,BANCO COLUMBIA S.A.,privado_nacional,situacion_deudores,CARTERA COMERCIAL ($),Dic-2024,11517.33,2026-04-19
00389,BANCO COLUMBIA S.A.,privado_nacional,situacion_deudores,Total cartera sobre financiaciones (%),Dic-2024,8.49,2026-04-19
00389,BANCO COLUMBIA S.A.,privado_nacional,situacion_deudores,C.COM.Sit.1: En situación normal (%),Dic-2024,100.0,2026-04-19
00389,BANCO COLUMBIA S.A.,privado_nacional,situacion_deudores,C.COM.Sit.2: Con seguimiento especial (%),Dic-2024,0.0,2026-04-19
00389,BANCO COLUMBIA S.A.,privado_nacional,situacion_deudores,C.COM.Sit.5: Irrecuperable (%),Dic-2024,0.0,2026-04-19
00389,BANCO COLUMBIA S.A.,privado_nacional,situacion_deudores,CARTERA DE CONSUMO O VIVIENDA ($),Dic-2024,123651.69,2026-04-19
00389,BANCO COLUMBIA S.A.,privado_nacional,situacion_deudores,Total cartera sobre financiaciones (%),Dic-2024,91.2,2026-04-19
00389,BANCO COLUMBIA S.A.,privado_nacional,situacion_deudores,C.CON.Sit.1: En situación normal (%),Dic-2024,85.99,2026-04-19
00389,BANCO COLUMBIA S.A.,privado_nacional,situacion_deudores,C.CON.Sit.2: Riesgo bajo (%),Dic-2024,4.94,2026-04-19
00389,BANCO COLUMBIA S.A.,privado_nacional,situacion_deudores,C.CON.Sit.3: Riesgo medio (%),Dic-2024,3.71,2026-04-19
00389,BANCO COLUMBIA S.A.,privado_nacional,situacion_deudores,C.CON.Sit.4: Riesgo alto (%),Dic-2024,3.89,2026-04-19
00389,BANCO COLUMBIA S.A.,privado_nacional,situacion_deudores,C.CON.Sit.5: Irrecuperable (%),Dic-2024,1.48,2026-04-19
00389,BANCO COLUMBIA S.A.,privado_nacional,situacion_deudores,C.CON.TOTAL GARANTIZADO - Garantías Preferidas A y B (%),Dic-2024,11.12,2026-04-19
00389,BANCO COLUMBIA S.A.,privado_nacional,situacion_deudores,CARTERA COMERCIAL ASIMILABLE A CONSUMO ($),Dic-2024,418.56,2026-04-19
00389,BANCO COLUMBIA S.A.,privado_nacional,situacion_deudores,Total cartera sobre financiaciones (%),Dic-2024,0.31,2026-04-19
00389,BANCO COLUMBIA S.A.,privado_nacional,situacion_deudores,C.CAC.Sit.1: En situación normal (%),Dic-2024,98.33,2026-04-19
00389,BANCO COLUMBIA S.A.,privado_nacional,situacion_deudores,C.CAC.Sit.2: Riesgo bajo (%),Dic-2024,1.1,2026-04-19
00389,BANCO COLUMBIA S.A.,privado_nacional,situacion_deudores,C.CAC.Sit.3: Riesgo medio (%),Dic-2024,0.21,2026-04-19
00389,BANCO COLUMBIA S.A.,privado_nacional,situacion_deudores,C.CAC.Sit.4: Riesgo alto (%),Dic-2024,0.27,2026-04-19
00389,BANCO COLUMBIA S.A.,privado_nacional,situacion_deudores,C.CAC.Sit.5: Irrecuperable (%),Dic-2024,0.09,2026-04-19
00389,BANCO COLUMBIA S.A.,privado_nacional,situacion_deudores,TOTAL DE FINANCIACIONES Y GARANTIAS OTORGADAS ($),Nov-2025,289493.55,2026-04-19
00389,BANCO COLUMBIA S.A.,privado_nacional,situacion_deudores,TF.Sit.1: En situación normal (%),Nov-2025,77.87,2026-04-19
00389,BANCO COLUMBIA S.A.,privado_nacional,situacion_deudores,TF.Sit.2: Con seguimiento especial/Riesgo bajo (%),Nov-2025,6.69,2026-04-19
00389,BANCO COLUMBIA S.A.,privado_nacional,situacion_deudores,TF.Sit.3: Con problemas/Riesgo medio (%),Nov-2025,5.81,2026-04-19
00389,BANCO COLUMBIA S.A.,privado_nacional,situacion_deudores,TF.Sit.4: Con alto riesgo de insolvencia/Riesgo alto (%),Nov-2025,7.61,2026-04-19
00389,BANCO COLUMBIA S.A.,privado_nacional,situacion_deudores,TF.Sit.5: Irrecuperable (%),Nov-2025,2.01,2026-04-19
00389,BANCO COLUMBIA S.A.,privado_nacional,situacion_deudores,TOTAL GARANTIZADO - Garantías Preferidas A y B (%),Nov-2025,15.27,2026-04-19
00389,BANCO COLUMBIA S.A.,privado_nacional,situacion_deudores,Previsiones por riesgo de incobrabilidad constituídas,Nov-2025,34026.95,2026-04-19
00389,BANCO COLUMBIA S.A.,privado_nacional,situacion_deudores,CARTERA COMERCIAL ($),Nov-2025,60484.75,2026-04-19
00389,BANCO COLUMBIA S.A.,privado_nacional,situacion_deudores,Total cartera sobre financiaciones (%),Nov-2025,20.89,2026-04-19
00389,BANCO COLUMBIA S.A.,privado_nacional,situacion_deudores,C.COM.Sit.1: En situación normal (%),Nov-2025,100.0,2026-04-19
00389,BANCO COLUMBIA S.A.,privado_nacional,situacion_deudores,C.COM.Sit.2: Con seguimiento especial (%),Nov-2025,0.0,2026-04-19
00389,BANCO COLUMBIA S.A.,privado_nacional,situacion_deudores,C.COM.Sit.5: Irrecuperable (%),Nov-2025,0.0,2026-04-19
00389,BANCO COLUMBIA S.A.,privado_nacional,situacion_deudores,CARTERA DE CONSUMO O VIVIENDA ($),Nov-2025,226156.94,2026-04-19
00389,BANCO COLUMBIA S.A.,privado_nacional,situacion_deudores,Total cartera sobre financiaciones (%),Nov-2025,78.12,2026-04-19
00389,BANCO COLUMBIA S.A.,privado_nacional,situacion_deudores,C.CON.Sit.1: En situación normal (%),Nov-2025,71.71,2026-04-19
00389,BANCO COLUMBIA S.A.,privado_nacional,situacion_deudores,C.CON.Sit.2: Riesgo bajo (%),Nov-2025,8.55,2026-04-19
00389,BANCO COLUMBIA S.A.,privado_nacional,situacion_deudores,C.CON.Sit.3: Riesgo medio (%),Nov-2025,7.42,2026-04-19
00389,BANCO COLUMBIA S.A.,privado_nacional,situacion_deudores,C.CON.Sit.4: Riesgo alto (%),Nov-2025,9.73,2026-04-19
00389,BANCO COLUMBIA S.A.,privado_nacional,situacion_deudores,C.CON.Sit.5: Irrecuperable (%),Nov-2025,2.58,2026-04-19
00389,BANCO COLUMBIA S.A.,privado_nacional,situacion_deudores,C.CON.TOTAL GARANTIZADO - Garantías Preferidas A y B (%),Nov-2025,19.55,2026-04-19
00389,BANCO COLUMBIA S.A.,privado_nacional,situacion_deudores,CARTERA COMERCIAL ASIMILABLE A CONSUMO ($),Nov-2025,2851.86,2026-04-19
00389,BANCO COLUMBIA S.A.,privado_nacional,situacion_deudores,Total cartera sobre financiaciones (%),Nov-2025,0.99,2026-04-19
00389,BANCO COLUMBIA S.A.,privado_nacional,situacion_deudores,C.CAC.Sit.1: En situación normal (%),Nov-2025,96.96,2026-04-19
00389,BANCO COLUMBIA S.A.,privado_nacional,situacion_deudores,C.CAC.Sit.2: Riesgo bajo (%),Nov-2025,1.0,2026-04-19
00389,BANCO COLUMBIA S.A.,privado_nacional,situacion_deudores,C.CAC.Sit.3: Riesgo medio (%),Nov-2025,1.08,2026-04-19
00389,BANCO COLUMBIA S.A.,privado_nacional,situacion_deudores,C.CAC.Sit.4: Riesgo alto (%),Nov-2025,0.84,2026-04-19
00389,BANCO COLUMBIA S.A.,privado_nacional,situacion_deudores,C.CAC.Sit.5: Irrecuperable (%),Nov-2025,0.12,2026-04-19
00389,BANCO COLUMBIA S.A.,privado_nacional,situacion_deudores,TOTAL DE FINANCIACIONES Y GARANTIAS OTORGADAS ($),Dic-2025,285850.7,2026-04-19
00389,BANCO COLUMBIA S.A.,privado_nacional,situacion_deudores,TF.Sit.1: En situación normal (%),Dic-2025,77.28,2026-04-19
00389,BANCO COLUMBIA S.A.,privado_nacional,situacion_deudores,TF.Sit.2: Con seguimiento especial/Riesgo bajo (%),Dic-2025,6.82,2026-04-19
00389,BANCO COLUMBIA S.A.,privado_nacional,situacion_deudores,TF.Sit.3: Con problemas/Riesgo medio (%),Dic-2025,6.13,2026-04-19
00389,BANCO COLUMBIA S.A.,privado_nacional,situacion_deudores,TF.Sit.4: Con alto riesgo de insolvencia/Riesgo alto (%),Dic-2025,8.49,2026-04-19
00389,BANCO COLUMBIA S.A.,privado_nacional,situacion_deudores,TF.Sit.5: Irrecuperable (%),Dic-2025,1.28,2026-04-19
00389,BANCO COLUMBIA S.A.,privado_nacional,situacion_deudores,TOTAL GARANTIZADO - Garantías Preferidas A y B (%),Dic-2025,15.04,2026-04-19
00389,BANCO COLUMBIA S.A.,privado_nacional,situacion_deudores,Previsiones por riesgo de incobrabilidad constituídas,Dic-2025,32932.12,2026-04-19
00389,BANCO COLUMBIA S.A.,privado_nacional,situacion_deudores,CARTERA COMERCIAL ($),Dic-2025,58231.15,2026-04-19
00389,BANCO COLUMBIA S.A.,privado_nacional,situacion_deudores,Total cartera sobre financiaciones (%),Dic-2025,20.37,2026-04-19
00389,BANCO COLUMBIA S.A.,privado_nacional,situacion_deudores,C.COM.Sit.1: En situación normal (%),Dic-2025,100.0,2026-04-19
00389,BANCO COLUMBIA S.A.,privado_nacional,situacion_deudores,C.COM.Sit.2: Con seguimiento especial (%),Dic-2025,0.0,2026-04-19
00389,BANCO COLUMBIA S.A.,privado_nacional,situacion_deudores,C.COM.Sit.5: Irrecuperable (%),Dic-2025,0.0,2026-04-19
00389,BANCO COLUMBIA S.A.,privado_nacional,situacion_deudores,CARTERA DE CONSUMO O VIVIENDA ($),Dic-2025,224923.37,2026-04-19
00389,BANCO COLUMBIA S.A.,privado_nacional,situacion_deudores,Total cartera sobre financiaciones (%),Dic-2025,78.69,2026-04-19
00389,BANCO COLUMBIA S.A.,privado_nacional,situacion_deudores,C.CON.Sit.1: En situación normal (%),Dic-2025,71.18,2026-04-19
00389,BANCO COLUMBIA S.A.,privado_nacional,situacion_deudores,C.CON.Sit.2: Riesgo bajo (%),Dic-2025,8.64,2026-04-19
00389,BANCO COLUMBIA S.A.,privado_nacional,situacion_deudores,C.CON.Sit.3: Riesgo medio (%),Dic-2025,7.78,2026-04-19
00389,BANCO COLUMBIA S.A.,privado_nacional,situacion_deudores,C.CON.Sit.4: Riesgo alto (%),Dic-2025,10.77,2026-04-19
00389,BANCO COLUMBIA S.A.,privado_nacional,situacion_deudores,C.CON.Sit.5: Irrecuperable (%),Dic-2025,1.63,2026-04-19
00389,BANCO COLUMBIA S.A.,privado_nacional,situacion_deudores,C.CON.TOTAL GARANTIZADO - Garantías Preferidas A y B (%),Dic-2025,19.12,2026-04-19
00389,BANCO COLUMBIA S.A.,privado_nacional,situacion_deudores,CARTERA COMERCIAL ASIMILABLE A CONSUMO ($),Dic-2025,2696.18,2026-04-19
00389,BANCO COLUMBIA S.A.,privado_nacional,situacion_deudores,Total cartera sobre financiaciones (%),Dic-2025,0.94,2026-04-19
00389,BANCO COLUMBIA S.A.,privado_nacional,situacion_deudores,C.CAC.Sit.1: En situación normal (%),Dic-2025,95.37,2026-04-19
00389,BANCO COLUMBIA S.A.,privado_nacional,situacion_deudores,C.CAC.Sit.2: Riesgo bajo (%),Dic-2025,2.06,2026-04-19
00389,BANCO COLUMBIA S.A.,privado_nacional,situacion_deudores,C.CAC.Sit.3: Riesgo medio (%),Dic-2025,1.13,2026-04-19
00389,BANCO COLUMBIA S.A.,privado_nacional,situacion_deudores,C.CAC.Sit.4: Riesgo alto (%),Dic-2025,1.34,2026-04-19
00389,BANCO COLUMBIA S.A.,privado_nacional,situacion_deudores,C.CAC.Sit.5: Irrecuperable (%),Dic-2025,0.11,2026-04-19
00389,BANCO COLUMBIA S.A.,privado_nacional,situacion_deudores,TOTAL DE FINANCIACIONES Y GARANTIAS OTORGADAS ($),Ene-2026,268405.31,2026-04-19
00389,BANCO COLUMBIA S.A.,privado_nacional,situacion_deudores,TF.Sit.1: En situación normal (%),Ene-2026,74.39,2026-04-19
00389,BANCO COLUMBIA S.A.,privado_nacional,situacion_deudores,TF.Sit.2: Con seguimiento especial/Riesgo bajo (%),Ene-2026,7.12,2026-04-19
00389,BANCO COLUMBIA S.A.,privado_nacional,situacion_deudores,TF.Sit.3: Con problemas/Riesgo medio (%),Ene-2026,7.18,2026-04-19
00389,BANCO COLUMBIA S.A.,privado_nacional,situacion_deudores,TF.Sit.4: Con alto riesgo de insolvencia/Riesgo alto (%),Ene-2026,9.95,2026-04-19
00389,BANCO COLUMBIA S.A.,privado_nacional,situacion_deudores,TF.Sit.5: Irrecuperable (%),Ene-2026,1.36,2026-04-19
00389,BANCO COLUMBIA S.A.,privado_nacional,situacion_deudores,TOTAL GARANTIZADO - Garantías Preferidas A y B (%),Ene-2026,15.77,2026-04-19
00389,BANCO COLUMBIA S.A.,privado_nacional,situacion_deudores,Previsiones por riesgo de incobrabilidad constituídas,Ene-2026,34351.05,2026-04-19
00389,BANCO COLUMBIA S.A.,privado_nacional,situacion_deudores,CARTERA COMERCIAL ($),Ene-2026,47285.23,2026-04-19
00389,BANCO COLUMBIA S.A.,privado_nacional,situacion_deudores,Total cartera sobre financiaciones (%),Ene-2026,17.62,2026-04-19
00389,BANCO COLUMBIA S.A.,privado_nacional,situacion_deudores,C.COM.Sit.1: En situación normal (%),Ene-2026,99.33,2026-04-19
00389,BANCO COLUMBIA S.A.,privado_nacional,situacion_deudores,C.COM.Sit.2: Con seguimiento especial (%),Ene-2026,0.67,2026-04-19
00389,BANCO COLUMBIA S.A.,privado_nacional,situacion_deudores,C.COM.Sit.5: Irrecuperable (%),Ene-2026,0.0,2026-04-19
00389,BANCO COLUMBIA S.A.,privado_nacional,situacion_deudores,CARTERA DE CONSUMO O VIVIENDA ($),Ene-2026,218693.45,2026-04-19
00389,BANCO COLUMBIA S.A.,privado_nacional,situacion_deudores,Total cartera sobre financiaciones (%),Ene-2026,81.48,2026-04-19
00389,BANCO COLUMBIA S.A.,privado_nacional,situacion_deudores,C.CON.Sit.1: En situación normal (%),Ene-2026,68.78,2026-04-19
00389,BANCO COLUMBIA S.A.,privado_nacional,situacion_deudores,C.CON.Sit.2: Riesgo bajo (%),Ene-2026,8.58,2026-04-19
00389,BANCO COLUMBIA S.A.,privado_nacional,situacion_deudores,C.CON.Sit.3: Riesgo medio (%),Ene-2026,8.77,2026-04-19
00389,BANCO COLUMBIA S.A.,privado_nacional,situacion_deudores,C.CON.Sit.4: Riesgo alto (%),Ene-2026,12.2,2026-04-19
00389,BANCO COLUMBIA S.A.,privado_nacional,situacion_deudores,C.CON.Sit.5: Irrecuperable (%),Ene-2026,1.67,2026-04-19
00389,BANCO COLUMBIA S.A.,privado_nacional,situacion_deudores,C.CON.TOTAL GARANTIZADO - Garantías Preferidas A y B (%),Ene-2026,19.35,2026-04-19
00389,BANCO COLUMBIA S.A.,privado_nacional,situacion_deudores,CARTERA COMERCIAL ASIMILABLE A CONSUMO ($),Ene-2026,2426.63,2026-04-19
00389,BANCO COLUMBIA S.A.,privado_nacional,situacion_deudores,Total cartera sobre financiaciones (%),Ene-2026,0.9,2026-04-19
00389,BANCO COLUMBIA S.A.,privado_nacional,situacion_deudores,C.CAC.Sit.1: En situación normal (%),Ene-2026,93.66,2026-04-19
00389,BANCO COLUMBIA S.A.,privado_nacional,situacion_deudores,C.CAC.Sit.2: Riesgo bajo (%),Ene-2026,1.52,2026-04-19
00389,BANCO COLUMBIA S.A.,privado_nacional,situacion_deudores,C.CAC.Sit.3: Riesgo medio (%),Ene-2026,3.28,2026-04-19
00389,BANCO COLUMBIA S.A.,privado_nacional,situacion_deudores,C.CAC.Sit.4: Riesgo alto (%),Ene-2026,1.55,2026-04-19
00389,BANCO COLUMBIA S.A.,privado_nacional,situacion_deudores,C.CAC.Sit.5: Irrecuperable (%),Ene-2026,0.0,2026-04-19
00299,BANCO COMAFI SOCIEDAD ANONIMA,privado_nacional,situacion_deudores,TOTAL DE FINANCIACIONES Y GARANTIAS OTORGADAS ($),Dic-2023,304750.56,2026-04-19
00299,BANCO COMAFI SOCIEDAD ANONIMA,privado_nacional,situacion_deudores,TF.Sit.1: En situación normal (%),Dic-2023,98.38,2026-04-19
00299,BANCO COMAFI SOCIEDAD ANONIMA,privado_nacional,situacion_deudores,TF.Sit.2: Con seguimiento especial/Riesgo bajo (%),Dic-2023,1.06,2026-04-19
00299,BANCO COMAFI SOCIEDAD ANONIMA,privado_nacional,situacion_deudores,TF.Sit.3: Con problemas/Riesgo medio (%),Dic-2023,0.2,2026-04-19
00299,BANCO COMAFI SOCIEDAD ANONIMA,privado_nacional,situacion_deudores,TF.Sit.4: Con alto riesgo de insolvencia/Riesgo alto (%),Dic-2023,0.29,2026-04-19
00299,BANCO COMAFI SOCIEDAD ANONIMA,privado_nacional,situacion_deudores,TF.Sit.5: Irrecuperable (%),Dic-2023,0.07,2026-04-19
00299,BANCO COMAFI SOCIEDAD ANONIMA,privado_nacional,situacion_deudores,TOTAL GARANTIZADO - Garantías Preferidas A y B (%),Dic-2023,12.86,2026-04-19
00299,BANCO COMAFI SOCIEDAD ANONIMA,privado_nacional,situacion_deudores,Previsiones por riesgo de incobrabilidad constituídas,Dic-2023,4994.32,2026-04-19
00299,BANCO COMAFI SOCIEDAD ANONIMA,privado_nacional,situacion_deudores,CARTERA COMERCIAL ($),Dic-2023,232742.52,2026-04-19
00299,BANCO COMAFI SOCIEDAD ANONIMA,privado_nacional,situacion_deudores,Total cartera sobre financiaciones (%),Dic-2023,76.37,2026-04-19
00299,BANCO COMAFI SOCIEDAD ANONIMA,privado_nacional,situacion_deudores,C.COM.Sit.1: En situación normal (%),Dic-2023,98.81,2026-04-19
00299,BANCO COMAFI SOCIEDAD ANONIMA,privado_nacional,situacion_deudores,C.COM.Sit.2: Con seguimiento especial (%),Dic-2023,0.96,2026-04-19
00299,BANCO COMAFI SOCIEDAD ANONIMA,privado_nacional,situacion_deudores,C.COM.Sit.3: Con problemas (%),Dic-2023,0.07,2026-04-19
00299,BANCO COMAFI SOCIEDAD ANONIMA,privado_nacional,situacion_deudores,C.COM.Sit.4: Con alto riesgo de insolvencia (%),Dic-2023,0.12,2026-04-19
00299,BANCO COMAFI SOCIEDAD ANONIMA,privado_nacional,situacion_deudores,C.COM.Sit.5: Irrecuperable (%),Dic-2023,0.05,2026-04-19
00299,BANCO COMAFI SOCIEDAD ANONIMA,privado_nacional,situacion_deudores,C.COM.TOTAL GARANTIZADO - Garantías Preferidas A y B (%),Dic-2023,11.01,2026-04-19
00299,BANCO COMAFI SOCIEDAD ANONIMA,privado_nacional,situacion_deudores,CARTERA DE CONSUMO O VIVIENDA ($),Dic-2023,41437.3,2026-04-19
00299,BANCO COMAFI SOCIEDAD ANONIMA,privado_nacional,situacion_deudores,Total cartera sobre financiaciones (%),Dic-2023,13.6,2026-04-19
00299,BANCO COMAFI SOCIEDAD ANONIMA,privado_nacional,situacion_deudores,C.CON.Sit.1: En situación normal (%),Dic-2023,96.02,2026-04-19
00299,BANCO COMAFI SOCIEDAD ANONIMA,privado_nacional,situacion_deudores,C.CON.Sit.2: Riesgo bajo (%),Dic-2023,1.81,2026-04-19
00299,BANCO COMAFI SOCIEDAD ANONIMA,privado_nacional,situacion_deudores,C.CON.Sit.3: Riesgo medio (%),Dic-2023,0.88,2026-04-19
00299,BANCO COMAFI SOCIEDAD ANONIMA,privado_nacional,situacion_deudores,C.CON.Sit.4: Riesgo alto (%),Dic-2023,1.12,2026-04-19
00299,BANCO COMAFI SOCIEDAD ANONIMA,privado_nacional,situacion_deudores,C.CON.Sit.5: Irrecuperable (%),Dic-2023,0.17,2026-04-19
00299,BANCO COMAFI SOCIEDAD ANONIMA,privado_nacional,situacion_deudores,C.CON.TOTAL GARANTIZADO - Garantías Preferidas A y B (%),Dic-2023,6.75,2026-04-19
00299,BANCO COMAFI SOCIEDAD ANONIMA,privado_nacional,situacion_deudores,CARTERA COMERCIAL ASIMILABLE A CONSUMO ($),Dic-2023,30570.74,2026-04-19
00299,BANCO COMAFI SOCIEDAD ANONIMA,privado_nacional,situacion_deudores,Total cartera sobre financiaciones (%),Dic-2023,10.03,2026-04-19
00299,BANCO COMAFI SOCIEDAD ANONIMA,privado_nacional,situacion_deudores,C.CAC.Sit.1: En situación normal (%),Dic-2023,98.3,2026-04-19
00299,BANCO COMAFI SOCIEDAD ANONIMA,privado_nacional,situacion_deudores,C.CAC.Sit.2: Riesgo bajo (%),Dic-2023,0.8,2026-04-19
00299,BANCO COMAFI SOCIEDAD ANONIMA,privado_nacional,situacion_deudores,C.CAC.Sit.3: Riesgo medio (%),Dic-2023,0.26,2026-04-19
00299,BANCO COMAFI SOCIEDAD ANONIMA,privado_nacional,situacion_deudores,C.CAC.Sit.4: Riesgo alto (%),Dic-2023,0.5,2026-04-19
00299,BANCO COMAFI SOCIEDAD ANONIMA,privado_nacional,situacion_deudores,C.CAC.Sit.5: Irrecuperable (%),Dic-2023,0.14,2026-04-19
00299,BANCO COMAFI SOCIEDAD ANONIMA,privado_nacional,situacion_deudores,C.CAC.TOTAL GARANTIZADO - Garantías Preferidas A y B (%),Dic-2023,35.24,2026-04-19
00299,BANCO COMAFI SOCIEDAD ANONIMA,privado_nacional,situacion_deudores,TOTAL DE FINANCIACIONES Y GARANTIAS OTORGADAS ($),Dic-2024,1066383.51,2026-04-19
00299,BANCO COMAFI SOCIEDAD ANONIMA,privado_nacional,situacion_deudores,TF.Sit.1: En situación normal (%),Dic-2024,99.28,2026-04-19
00299,BANCO COMAFI SOCIEDAD ANONIMA,privado_nacional,situacion_deudores,TF.Sit.2: Con seguimiento especial/Riesgo bajo (%),Dic-2024,0.29,2026-04-19
00299,BANCO COMAFI SOCIEDAD ANONIMA,privado_nacional,situacion_deudores,TF.Sit.3: Con problemas/Riesgo medio (%),Dic-2024,0.18,2026-04-19
00299,BANCO COMAFI SOCIEDAD ANONIMA,privado_nacional,situacion_deudores,TF.Sit.4: Con alto riesgo de insolvencia/Riesgo alto (%),Dic-2024,0.2,2026-04-19
00299,BANCO COMAFI SOCIEDAD ANONIMA,privado_nacional,situacion_deudores,TF.Sit.5: Irrecuperable (%),Dic-2024,0.05,2026-04-19
00299,BANCO COMAFI SOCIEDAD ANONIMA,privado_nacional,situacion_deudores,TOTAL GARANTIZADO - Garantías Preferidas A y B (%),Dic-2024,10.04,2026-04-19
00299,BANCO COMAFI SOCIEDAD ANONIMA,privado_nacional,situacion_deudores,Previsiones por riesgo de incobrabilidad constituídas,Dic-2024,12922.78,2026-04-19
00299,BANCO COMAFI SOCIEDAD ANONIMA,privado_nacional,situacion_deudores,CARTERA COMERCIAL ($),Dic-2024,819056.2,2026-04-19
00299,BANCO COMAFI SOCIEDAD ANONIMA,privado_nacional,situacion_deudores,Total cartera sobre financiaciones (%),Dic-2024,76.81,2026-04-19
00299,BANCO COMAFI SOCIEDAD ANONIMA,privado_nacional,situacion_deudores,C.COM.Sit.1: En situación normal (%),Dic-2024,99.78,2026-04-19
00299,BANCO COMAFI SOCIEDAD ANONIMA,privado_nacional,situacion_deudores,C.COM.Sit.2: Con seguimiento especial (%),Dic-2024,0.17,2026-04-19
00299,BANCO COMAFI SOCIEDAD ANONIMA,privado_nacional,situacion_deudores,C.COM.Sit.3: Con problemas (%),Dic-2024,0.0,2026-04-19
00299,BANCO COMAFI SOCIEDAD ANONIMA,privado_nacional,situacion_deudores,C.COM.Sit.4: Con alto riesgo de insolvencia (%),Dic-2024,0.03,2026-04-19
00299,BANCO COMAFI SOCIEDAD ANONIMA,privado_nacional,situacion_deudores,C.COM.Sit.5: Irrecuperable (%),Dic-2024,0.03,2026-04-19
00299,BANCO COMAFI SOCIEDAD ANONIMA,privado_nacional,situacion_deudores,C.COM.TOTAL GARANTIZADO - Garantías Preferidas A y B (%),Dic-2024,6.85,2026-04-19
00299,BANCO COMAFI SOCIEDAD ANONIMA,privado_nacional,situacion_deudores,CARTERA DE CONSUMO O VIVIENDA ($),Dic-2024,105959.92,2026-04-19
00299,BANCO COMAFI SOCIEDAD ANONIMA,privado_nacional,situacion_deudores,Total cartera sobre financiaciones (%),Dic-2024,9.94,2026-04-19
00299,BANCO COMAFI SOCIEDAD ANONIMA,privado_nacional,situacion_deudores,C.CON.Sit.1: En situación normal (%),Dic-2024,95.77,2026-04-19
00299,BANCO COMAFI SOCIEDAD ANONIMA,privado_nacional,situacion_deudores,C.CON.Sit.2: Riesgo bajo (%),Dic-2024,1.51,2026-04-19
00299,BANCO COMAFI SOCIEDAD ANONIMA,privado_nacional,situacion_deudores,C.CON.Sit.3: Riesgo medio (%),Dic-2024,1.18,2026-04-19
00299,BANCO COMAFI SOCIEDAD ANONIMA,privado_nacional,situacion_deudores,C.CON.Sit.4: Riesgo alto (%),Dic-2024,1.38,2026-04-19
00299,BANCO COMAFI SOCIEDAD ANONIMA,privado_nacional,situacion_deudores,C.CON.Sit.5: Irrecuperable (%),Dic-2024,0.17,2026-04-19
00299,BANCO COMAFI SOCIEDAD ANONIMA,privado_nacional,situacion_deudores,C.CON.TOTAL GARANTIZADO - Garantías Preferidas A y B (%),Dic-2024,8.4,2026-04-19
00299,BANCO COMAFI SOCIEDAD ANONIMA,privado_nacional,situacion_deudores,CARTERA COMERCIAL ASIMILABLE A CONSUMO ($),Dic-2024,141367.39,2026-04-19
00299,BANCO COMAFI SOCIEDAD ANONIMA,privado_nacional,situacion_deudores,Total cartera sobre financiaciones (%),Dic-2024,13.26,2026-04-19
00299,BANCO COMAFI SOCIEDAD ANONIMA,privado_nacional,situacion_deudores,C.CAC.Sit.1: En situación normal (%),Dic-2024,99.02,2026-04-19
00299,BANCO COMAFI SOCIEDAD ANONIMA,privado_nacional,situacion_deudores,C.CAC.Sit.2: Riesgo bajo (%),Dic-2024,0.12,2026-04-19
00299,BANCO COMAFI SOCIEDAD ANONIMA,privado_nacional,situacion_deudores,C.CAC.Sit.3: Riesgo medio (%),Dic-2024,0.5,2026-04-19
00299,BANCO COMAFI SOCIEDAD ANONIMA,privado_nacional,situacion_deudores,C.CAC.Sit.4: Riesgo alto (%),Dic-2024,0.29,2026-04-19
00299,BANCO COMAFI SOCIEDAD ANONIMA,privado_nacional,situacion_deudores,C.CAC.Sit.5: Irrecuperable (%),Dic-2024,0.08,2026-04-19
00299,BANCO COMAFI SOCIEDAD ANONIMA,privado_nacional,situacion_deudores,C.CAC.TOTAL GARANTIZADO - Garantías Preferidas A y B (%),Dic-2024,29.74,2026-04-19
00299,BANCO COMAFI SOCIEDAD ANONIMA,privado_nacional,situacion_deudores,TOTAL DE FINANCIACIONES Y GARANTIAS OTORGADAS ($),Nov-2025,1690860.62,2026-04-19
00299,BANCO COMAFI SOCIEDAD ANONIMA,privado_nacional,situacion_deudores,TF.Sit.1: En situación normal (%),Nov-2025,96.72,2026-04-19
00299,BANCO COMAFI SOCIEDAD ANONIMA,privado_nacional,situacion_deudores,TF.Sit.2: Con seguimiento especial/Riesgo bajo (%),Nov-2025,1.24,2026-04-19
00299,BANCO COMAFI SOCIEDAD ANONIMA,privado_nacional,situacion_deudores,TF.Sit.3: Con problemas/Riesgo medio (%),Nov-2025,0.84,2026-04-19
00299,BANCO COMAFI SOCIEDAD ANONIMA,privado_nacional,situacion_deudores,TF.Sit.4: Con alto riesgo de insolvencia/Riesgo alto (%),Nov-2025,1.11,2026-04-19
00299,BANCO COMAFI SOCIEDAD ANONIMA,privado_nacional,situacion_deudores,TF.Sit.5: Irrecuperable (%),Nov-2025,0.09,2026-04-19
00299,BANCO COMAFI SOCIEDAD ANONIMA,privado_nacional,situacion_deudores,TOTAL GARANTIZADO - Garantías Preferidas A y B (%),Nov-2025,12.59,2026-04-19
00299,BANCO COMAFI SOCIEDAD ANONIMA,privado_nacional,situacion_deudores,Previsiones por riesgo de incobrabilidad constituídas,Nov-2025,43178.86,2026-04-19
00299,BANCO COMAFI SOCIEDAD ANONIMA,privado_nacional,situacion_deudores,CARTERA COMERCIAL ($),Nov-2025,1282247.07,2026-04-19
00299,BANCO COMAFI SOCIEDAD ANONIMA,privado_nacional,situacion_deudores,Total cartera sobre financiaciones (%),Nov-2025,75.83,2026-04-19
00299,BANCO COMAFI SOCIEDAD ANONIMA,privado_nacional,situacion_deudores,C.COM.Sit.1: En situación normal (%),Nov-2025,99.16,2026-04-19
00299,BANCO COMAFI SOCIEDAD ANONIMA,privado_nacional,situacion_deudores,C.COM.Sit.2: Con seguimiento especial (%),Nov-2025,0.08,2026-04-19
00299,BANCO COMAFI SOCIEDAD ANONIMA,privado_nacional,situacion_deudores,C.COM.Sit.3: Con problemas (%),Nov-2025,0.0,2026-04-19
00299,BANCO COMAFI SOCIEDAD ANONIMA,privado_nacional,situacion_deudores,C.COM.Sit.4: Con alto riesgo de insolvencia (%),Nov-2025,0.74,2026-04-19
00299,BANCO COMAFI SOCIEDAD ANONIMA,privado_nacional,situacion_deudores,C.COM.Sit.5: Irrecuperable (%),Nov-2025,0.03,2026-04-19
00299,BANCO COMAFI SOCIEDAD ANONIMA,privado_nacional,situacion_deudores,C.COM.TOTAL GARANTIZADO - Garantías Preferidas A y B (%),Nov-2025,8.87,2026-04-19
00299,BANCO COMAFI SOCIEDAD ANONIMA,privado_nacional,situacion_deudores,CARTERA DE CONSUMO O VIVIENDA ($),Nov-2025,192743.51,2026-04-19
00299,BANCO COMAFI SOCIEDAD ANONIMA,privado_nacional,situacion_deudores,Total cartera sobre financiaciones (%),Nov-2025,11.4,2026-04-19
00299,BANCO COMAFI SOCIEDAD ANONIMA,privado_nacional,situacion_deudores,C.CON.Sit.1: En situación normal (%),Nov-2025,84.72,2026-04-19
00299,BANCO COMAFI SOCIEDAD ANONIMA,privado_nacional,situacion_deudores,C.CON.Sit.2: Riesgo bajo (%),Nov-2025,6.43,2026-04-19
00299,BANCO COMAFI SOCIEDAD ANONIMA,privado_nacional,situacion_deudores,C.CON.Sit.3: Riesgo medio (%),Nov-2025,5.03,2026-04-19
00299,BANCO COMAFI SOCIEDAD ANONIMA,privado_nacional,situacion_deudores,C.CON.Sit.4: Riesgo alto (%),Nov-2025,3.54,2026-04-19
00299,BANCO COMAFI SOCIEDAD ANONIMA,privado_nacional,situacion_deudores,C.CON.Sit.5: Irrecuperable (%),Nov-2025,0.28,2026-04-19
00299,BANCO COMAFI SOCIEDAD ANONIMA,privado_nacional,situacion_deudores,C.CON.TOTAL GARANTIZADO - Garantías Preferidas A y B (%),Nov-2025,16.08,2026-04-19
00299,BANCO COMAFI SOCIEDAD ANONIMA,privado_nacional,situacion_deudores,CARTERA COMERCIAL ASIMILABLE A CONSUMO ($),Nov-2025,215870.04,2026-04-19
00299,BANCO COMAFI SOCIEDAD ANONIMA,privado_nacional,situacion_deudores,Total cartera sobre financiaciones (%),Nov-2025,12.77,2026-04-19
00299,BANCO COMAFI SOCIEDAD ANONIMA,privado_nacional,situacion_deudores,C.CAC.Sit.1: En situación normal (%),Nov-2025,92.94,2026-04-19
00299,BANCO COMAFI SOCIEDAD ANONIMA,privado_nacional,situacion_deudores,C.CAC.Sit.2: Riesgo bajo (%),Nov-2025,3.54,2026-04-19
00299,BANCO COMAFI SOCIEDAD ANONIMA,privado_nacional,situacion_deudores,C.CAC.Sit.3: Riesgo medio (%),Nov-2025,2.05,2026-04-19
00299,BANCO COMAFI SOCIEDAD ANONIMA,privado_nacional,situacion_deudores,C.CAC.Sit.4: Riesgo alto (%),Nov-2025,1.19,2026-04-19
00299,BANCO COMAFI SOCIEDAD ANONIMA,privado_nacional,situacion_deudores,C.CAC.Sit.5: Irrecuperable (%),Nov-2025,0.28,2026-04-19
00299,BANCO COMAFI SOCIEDAD ANONIMA,privado_nacional,situacion_deudores,C.CAC.TOTAL GARANTIZADO - Garantías Preferidas A y B (%),Nov-2025,31.54,2026-04-19
00299,BANCO COMAFI SOCIEDAD ANONIMA,privado_nacional,situacion_deudores,TOTAL DE FINANCIACIONES Y GARANTIAS OTORGADAS ($),Dic-2025,1835684.2,2026-04-19
00299,BANCO COMAFI SOCIEDAD ANONIMA,privado_nacional,situacion_deudores,TF.Sit.1: En situación normal (%),Dic-2025,96.62,2026-04-19
00299,BANCO COMAFI SOCIEDAD ANONIMA,privado_nacional,situacion_deudores,TF.Sit.2: Con seguimiento especial/Riesgo bajo (%),Dic-2025,1.11,2026-04-19
00299,BANCO COMAFI SOCIEDAD ANONIMA,privado_nacional,situacion_deudores,TF.Sit.3: Con problemas/Riesgo medio (%),Dic-2025,0.97,2026-04-19
00299,BANCO COMAFI SOCIEDAD ANONIMA,privado_nacional,situacion_deudores,TF.Sit.4: Con alto riesgo de insolvencia/Riesgo alto (%),Dic-2025,1.22,2026-04-19
00299,BANCO COMAFI SOCIEDAD ANONIMA,privado_nacional,situacion_deudores,TF.Sit.5: Irrecuperable (%),Dic-2025,0.09,2026-04-19
00299,BANCO COMAFI SOCIEDAD ANONIMA,privado_nacional,situacion_deudores,TOTAL GARANTIZADO - Garantías Preferidas A y B (%),Dic-2025,12.4,2026-04-19
00299,BANCO COMAFI SOCIEDAD ANONIMA,privado_nacional,situacion_deudores,Previsiones por riesgo de incobrabilidad constituídas,Dic-2025,50350.87,2026-04-19
00299,BANCO COMAFI SOCIEDAD ANONIMA,privado_nacional,situacion_deudores,CARTERA COMERCIAL ($),Dic-2025,1406922.36,2026-04-19
00299,BANCO COMAFI SOCIEDAD ANONIMA,privado_nacional,situacion_deudores,Total cartera sobre financiaciones (%),Dic-2025,76.64,2026-04-19
00299,BANCO COMAFI SOCIEDAD ANONIMA,privado_nacional,situacion_deudores,C.COM.Sit.1: En situación normal (%),Dic-2025,99.21,2026-04-19
00299,BANCO COMAFI SOCIEDAD ANONIMA,privado_nacional,situacion_deudores,C.COM.Sit.2: Con seguimiento especial (%),Dic-2025,0.05,2026-04-19
00299,BANCO COMAFI SOCIEDAD ANONIMA,privado_nacional,situacion_deudores,C.COM.Sit.3: Con problemas (%),Dic-2025,0.02,2026-04-19
00299,BANCO COMAFI SOCIEDAD ANONIMA,privado_nacional,situacion_deudores,C.COM.Sit.4: Con alto riesgo de insolvencia (%),Dic-2025,0.69,2026-04-19
00299,BANCO COMAFI SOCIEDAD ANONIMA,privado_nacional,situacion_deudores,C.COM.Sit.5: Irrecuperable (%),Dic-2025,0.03,2026-04-19
00299,BANCO COMAFI SOCIEDAD ANONIMA,privado_nacional,situacion_deudores,C.COM.TOTAL GARANTIZADO - Garantías Preferidas A y B (%),Dic-2025,8.94,2026-04-19
00299,BANCO COMAFI SOCIEDAD ANONIMA,privado_nacional,situacion_deudores,CARTERA DE CONSUMO O VIVIENDA ($),Dic-2025,205057.68,2026-04-19
00299,BANCO COMAFI SOCIEDAD ANONIMA,privado_nacional,situacion_deudores,Total cartera sobre financiaciones (%),Dic-2025,11.17,2026-04-19
00299,BANCO COMAFI SOCIEDAD ANONIMA,privado_nacional,situacion_deudores,C.CON.Sit.1: En situación normal (%),Dic-2025,83.63,2026-04-19
00299,BANCO COMAFI SOCIEDAD ANONIMA,privado_nacional,situacion_deudores,C.CON.Sit.2: Riesgo bajo (%),Dic-2025,5.98,2026-04-19
00299,BANCO COMAFI SOCIEDAD ANONIMA,privado_nacional,situacion_deudores,C.CON.Sit.3: Riesgo medio (%),Dic-2025,5.78,2026-04-19
00299,BANCO COMAFI SOCIEDAD ANONIMA,privado_nacional,situacion_deudores,C.CON.Sit.4: Riesgo alto (%),Dic-2025,4.3,2026-04-19
00299,BANCO COMAFI SOCIEDAD ANONIMA,privado_nacional,situacion_deudores,C.CON.Sit.5: Irrecuperable (%),Dic-2025,0.3,2026-04-19
00299,BANCO COMAFI SOCIEDAD ANONIMA,privado_nacional,situacion_deudores,C.CON.TOTAL GARANTIZADO - Garantías Preferidas A y B (%),Dic-2025,15.79,2026-04-19
00299,BANCO COMAFI SOCIEDAD ANONIMA,privado_nacional,situacion_deudores,CARTERA COMERCIAL ASIMILABLE A CONSUMO ($),Dic-2025,223704.17,2026-04-19
00299,BANCO COMAFI SOCIEDAD ANONIMA,privado_nacional,situacion_deudores,Total cartera sobre financiaciones (%),Dic-2025,12.19,2026-04-19
00299,BANCO COMAFI SOCIEDAD ANONIMA,privado_nacional,situacion_deudores,C.CAC.Sit.1: En situación normal (%),Dic-2025,92.22,2026-04-19
00299,BANCO COMAFI SOCIEDAD ANONIMA,privado_nacional,situacion_deudores,C.CAC.Sit.2: Riesgo bajo (%),Dic-2025,3.28,2026-04-19
00299,BANCO COMAFI SOCIEDAD ANONIMA,privado_nacional,situacion_deudores,C.CAC.Sit.3: Riesgo medio (%),Dic-2025,2.51,2026-04-19
00299,BANCO COMAFI SOCIEDAD ANONIMA,privado_nacional,situacion_deudores,C.CAC.Sit.4: Riesgo alto (%),Dic-2025,1.72,2026-04-19
00299,BANCO COMAFI SOCIEDAD ANONIMA,privado_nacional,situacion_deudores,C.CAC.Sit.5: Irrecuperable (%),Dic-2025,0.27,2026-04-19
00299,BANCO COMAFI SOCIEDAD ANONIMA,privado_nacional,situacion_deudores,C.CAC.TOTAL GARANTIZADO - Garantías Preferidas A y B (%),Dic-2025,31.05,2026-04-19
00299,BANCO COMAFI SOCIEDAD ANONIMA,privado_nacional,situacion_deudores,TOTAL DE FINANCIACIONES Y GARANTIAS OTORGADAS ($),Ene-2026,1851953.81,2026-04-19
00299,BANCO COMAFI SOCIEDAD ANONIMA,privado_nacional,situacion_deudores,TF.Sit.1: En situación normal (%),Ene-2026,96.18,2026-04-19
00299,BANCO COMAFI SOCIEDAD ANONIMA,privado_nacional,situacion_deudores,TF.Sit.2: Con seguimiento especial/Riesgo bajo (%),Ene-2026,1.05,2026-04-19
00299,BANCO COMAFI SOCIEDAD ANONIMA,privado_nacional,situacion_deudores,TF.Sit.3: Con problemas/Riesgo medio (%),Ene-2026,1.3,2026-04-19
00299,BANCO COMAFI SOCIEDAD ANONIMA,privado_nacional,situacion_deudores,TF.Sit.4: Con alto riesgo de insolvencia/Riesgo alto (%),Ene-2026,1.37,2026-04-19
00299,BANCO COMAFI SOCIEDAD ANONIMA,privado_nacional,situacion_deudores,TF.Sit.5: Irrecuperable (%),Ene-2026,0.1,2026-04-19
00299,BANCO COMAFI SOCIEDAD ANONIMA,privado_nacional,situacion_deudores,TOTAL GARANTIZADO - Garantías Preferidas A y B (%),Ene-2026,12.99,2026-04-19
00299,BANCO COMAFI SOCIEDAD ANONIMA,privado_nacional,situacion_deudores,Previsiones por riesgo de incobrabilidad constituídas,Ene-2026,58834.98,2026-04-19
00299,BANCO COMAFI SOCIEDAD ANONIMA,privado_nacional,situacion_deudores,CARTERA COMERCIAL ($),Ene-2026,1411269.75,2026-04-19
00299,BANCO COMAFI SOCIEDAD ANONIMA,privado_nacional,situacion_deudores,Total cartera sobre financiaciones (%),Ene-2026,76.2,2026-04-19
00299,BANCO COMAFI SOCIEDAD ANONIMA,privado_nacional,situacion_deudores,C.COM.Sit.1: En situación normal (%),Ene-2026,99.2,2026-04-19
00299,BANCO COMAFI SOCIEDAD ANONIMA,privado_nacional,situacion_deudores,C.COM.Sit.2: Con seguimiento especial (%),Ene-2026,0.04,2026-04-19
00299,BANCO COMAFI SOCIEDAD ANONIMA,privado_nacional,situacion_deudores,C.COM.Sit.3: Con problemas (%),Ene-2026,0.03,2026-04-19
00299,BANCO COMAFI SOCIEDAD ANONIMA,privado_nacional,situacion_deudores,C.COM.Sit.4: Con alto riesgo de insolvencia (%),Ene-2026,0.7,2026-04-19
00299,BANCO COMAFI SOCIEDAD ANONIMA,privado_nacional,situacion_deudores,C.COM.Sit.5: Irrecuperable (%),Ene-2026,0.03,2026-04-19
00299,BANCO COMAFI SOCIEDAD ANONIMA,privado_nacional,situacion_deudores,C.COM.TOTAL GARANTIZADO - Garantías Preferidas A y B (%),Ene-2026,9.6,2026-04-19
00299,BANCO COMAFI SOCIEDAD ANONIMA,privado_nacional,situacion_deudores,CARTERA DE CONSUMO O VIVIENDA ($),Ene-2026,209102.73,2026-04-19
00299,BANCO COMAFI SOCIEDAD ANONIMA,privado_nacional,situacion_deudores,Total cartera sobre financiaciones (%),Ene-2026,11.29,2026-04-19
00299,BANCO COMAFI SOCIEDAD ANONIMA,privado_nacional,situacion_deudores,C.CON.Sit.1: En situación normal (%),Ene-2026,82.07,2026-04-19
00299,BANCO COMAFI SOCIEDAD ANONIMA,privado_nacional,situacion_deudores,C.CON.Sit.2: Riesgo bajo (%),Ene-2026,5.33,2026-04-19
00299,BANCO COMAFI SOCIEDAD ANONIMA,privado_nacional,situacion_deudores,C.CON.Sit.3: Riesgo medio (%),Ene-2026,7.06,2026-04-19
00299,BANCO COMAFI SOCIEDAD ANONIMA,privado_nacional,situacion_deudores,C.CON.Sit.4: Riesgo alto (%),Ene-2026,5.17,2026-04-19
00299,BANCO COMAFI SOCIEDAD ANONIMA,privado_nacional,situacion_deudores,C.CON.Sit.5: Irrecuperable (%),Ene-2026,0.38,2026-04-19
00299,BANCO COMAFI SOCIEDAD ANONIMA,privado_nacional,situacion_deudores,C.CON.TOTAL GARANTIZADO - Garantías Preferidas A y B (%),Ene-2026,15.61,2026-04-19
00299,BANCO COMAFI SOCIEDAD ANONIMA,privado_nacional,situacion_deudores,CARTERA COMERCIAL ASIMILABLE A CONSUMO ($),Ene-2026,231581.34,2026-04-19
00299,BANCO COMAFI SOCIEDAD ANONIMA,privado_nacional,situacion_deudores,Total cartera sobre financiaciones (%),Ene-2026,12.5,2026-04-19
00299,BANCO COMAFI SOCIEDAD ANONIMA,privado_nacional,situacion_deudores,C.CAC.Sit.1: En situación normal (%),Ene-2026,90.53,2026-04-19
00299,BANCO COMAFI SOCIEDAD ANONIMA,privado_nacional,situacion_deudores,C.CAC.Sit.2: Riesgo bajo (%),Ene-2026,3.37,2026-04-19
00299,BANCO COMAFI SOCIEDAD ANONIMA,privado_nacional,situacion_deudores,C.CAC.Sit.3: Riesgo medio (%),Ene-2026,3.81,2026-04-19
00299,BANCO COMAFI SOCIEDAD ANONIMA,privado_nacional,situacion_deudores,C.CAC.Sit.4: Riesgo alto (%),Ene-2026,2.03,2026-04-19
00299,BANCO COMAFI SOCIEDAD ANONIMA,privado_nacional,situacion_deudores,C.CAC.Sit.5: Irrecuperable (%),Ene-2026,0.26,2026-04-19
00299,BANCO COMAFI SOCIEDAD ANONIMA,privado_nacional,situacion_deudores,C.CAC.TOTAL GARANTIZADO - Garantías Preferidas A y B (%),Ene-2026,31.33,2026-04-19
00191,BANCO CREDICOOP COOPERATIVO LIMITAD,privado_nacional,situacion_deudores,TOTAL DE FINANCIACIONES Y GARANTIAS OTORGADAS ($),Dic-2023,473491.22,2026-04-19
00191,BANCO CREDICOOP COOPERATIVO LIMITAD,privado_nacional,situacion_deudores,TF.Sit.1: En situación normal (%),Dic-2023,99.47,2026-04-19
00191,BANCO CREDICOOP COOPERATIVO LIMITAD,privado_nacional,situacion_deudores,TF.Sit.2: Con seguimiento especial/Riesgo bajo (%),Dic-2023,0.11,2026-04-19
00191,BANCO CREDICOOP COOPERATIVO LIMITAD,privado_nacional,situacion_deudores,TF.Sit.3: Con problemas/Riesgo medio (%),Dic-2023,0.14,2026-04-19
00191,BANCO CREDICOOP COOPERATIVO LIMITAD,privado_nacional,situacion_deudores,TF.Sit.4: Con alto riesgo de insolvencia/Riesgo alto (%),Dic-2023,0.2,2026-04-19
00191,BANCO CREDICOOP COOPERATIVO LIMITAD,privado_nacional,situacion_deudores,TF.Sit.5: Irrecuperable (%),Dic-2023,0.08,2026-04-19
00191,BANCO CREDICOOP COOPERATIVO LIMITAD,privado_nacional,situacion_deudores,TOTAL GARANTIZADO - Garantías Preferidas A y B (%),Dic-2023,17.8,2026-04-19
00191,BANCO CREDICOOP COOPERATIVO LIMITAD,privado_nacional,situacion_deudores,Previsiones por riesgo de incobrabilidad constituídas,Dic-2023,7540.36,2026-04-19
00191,BANCO CREDICOOP COOPERATIVO LIMITAD,privado_nacional,situacion_deudores,CARTERA COMERCIAL ($),Dic-2023,166405.05,2026-04-19
00191,BANCO CREDICOOP COOPERATIVO LIMITAD,privado_nacional,situacion_deudores,Total cartera sobre financiaciones (%),Dic-2023,35.14,2026-04-19
00191,BANCO CREDICOOP COOPERATIVO LIMITAD,privado_nacional,situacion_deudores,C.COM.Sit.1: En situación normal (%),Dic-2023,99.89,2026-04-19
00191,BANCO CREDICOOP COOPERATIVO LIMITAD,privado_nacional,situacion_deudores,C.COM.Sit.2: Con seguimiento especial (%),Dic-2023,0.0,2026-04-19
00191,BANCO CREDICOOP COOPERATIVO LIMITAD,privado_nacional,situacion_deudores,C.COM.Sit.3: Con problemas (%),Dic-2023,0.02,2026-04-19
00191,BANCO CREDICOOP COOPERATIVO LIMITAD,privado_nacional,situacion_deudores,C.COM.Sit.4: Con alto riesgo de insolvencia (%),Dic-2023,0.08,2026-04-19
00191,BANCO CREDICOOP COOPERATIVO LIMITAD,privado_nacional,situacion_deudores,C.COM.Sit.5: Irrecuperable (%),Dic-2023,0.01,2026-04-19
00191,BANCO CREDICOOP COOPERATIVO LIMITAD,privado_nacional,situacion_deudores,C.COM.TOTAL GARANTIZADO - Garantías Preferidas A y B (%),Dic-2023,20.89,2026-04-19
00191,BANCO CREDICOOP COOPERATIVO LIMITAD,privado_nacional,situacion_deudores,CARTERA DE CONSUMO O VIVIENDA ($),Dic-2023,91338.05,2026-04-19
00191,BANCO CREDICOOP COOPERATIVO LIMITAD,privado_nacional,situacion_deudores,Total cartera sobre financiaciones (%),Dic-2023,19.29,2026-04-19
00191,BANCO CREDICOOP COOPERATIVO LIMITAD,privado_nacional,situacion_deudores,C.CON.Sit.1: En situación normal (%),Dic-2023,98.33,2026-04-19
00191,BANCO CREDICOOP COOPERATIVO LIMITAD,privado_nacional,situacion_deudores,C.CON.Sit.2: Riesgo bajo (%),Dic-2023,0.38,2026-04-19
00191,BANCO CREDICOOP COOPERATIVO LIMITAD,privado_nacional,situacion_deudores,C.CON.Sit.3: Riesgo medio (%),Dic-2023,0.45,2026-04-19
00191,BANCO CREDICOOP COOPERATIVO LIMITAD,privado_nacional,situacion_deudores,C.CON.Sit.4: Riesgo alto (%),Dic-2023,0.51,2026-04-19
00191,BANCO CREDICOOP COOPERATIVO LIMITAD,privado_nacional,situacion_deudores,C.CON.Sit.5: Irrecuperable (%),Dic-2023,0.33,2026-04-19
00191,BANCO CREDICOOP COOPERATIVO LIMITAD,privado_nacional,situacion_deudores,C.CON.TOTAL GARANTIZADO - Garantías Preferidas A y B (%),Dic-2023,16.13,2026-04-19
00191,BANCO CREDICOOP COOPERATIVO LIMITAD,privado_nacional,situacion_deudores,CARTERA COMERCIAL ASIMILABLE A CONSUMO ($),Dic-2023,215748.12,2026-04-19
00191,BANCO CREDICOOP COOPERATIVO LIMITAD,privado_nacional,situacion_deudores,Total cartera sobre financiaciones (%),Dic-2023,45.57,2026-04-19
00191,BANCO CREDICOOP COOPERATIVO LIMITAD,privado_nacional,situacion_deudores,C.CAC.Sit.1: En situación normal (%),Dic-2023,99.64,2026-04-19
00191,BANCO CREDICOOP COOPERATIVO LIMITAD,privado_nacional,situacion_deudores,C.CAC.Sit.2: Riesgo bajo (%),Dic-2023,0.08,2026-04-19
00191,BANCO CREDICOOP COOPERATIVO LIMITAD,privado_nacional,situacion_deudores,C.CAC.Sit.3: Riesgo medio (%),Dic-2023,0.09,2026-04-19
00191,BANCO CREDICOOP COOPERATIVO LIMITAD,privado_nacional,situacion_deudores,C.CAC.Sit.4: Riesgo alto (%),Dic-2023,0.15,2026-04-19
00191,BANCO CREDICOOP COOPERATIVO LIMITAD,privado_nacional,situacion_deudores,C.CAC.Sit.5: Irrecuperable (%),Dic-2023,0.03,2026-04-19
00191,BANCO CREDICOOP COOPERATIVO LIMITAD,privado_nacional,situacion_deudores,C.CAC.TOTAL GARANTIZADO - Garantías Preferidas A y B (%),Dic-2023,16.13,2026-04-19
00191,BANCO CREDICOOP COOPERATIVO LIMITAD,privado_nacional,situacion_deudores,TOTAL DE FINANCIACIONES Y GARANTIAS OTORGADAS ($),Dic-2024,1649557.56,2026-04-19
00191,BANCO CREDICOOP COOPERATIVO LIMITAD,privado_nacional,situacion_deudores,TF.Sit.1: En situación normal (%),Dic-2024,99.56,2026-04-19
00191,BANCO CREDICOOP COOPERATIVO LIMITAD,privado_nacional,situacion_deudores,TF.Sit.2: Con seguimiento especial/Riesgo bajo (%),Dic-2024,0.16,2026-04-19
00191,BANCO CREDICOOP COOPERATIVO LIMITAD,privado_nacional,situacion_deudores,TF.Sit.3: Con problemas/Riesgo medio (%),Dic-2024,0.1,2026-04-19
00191,BANCO CREDICOOP COOPERATIVO LIMITAD,privado_nacional,situacion_deudores,TF.Sit.4: Con alto riesgo de insolvencia/Riesgo alto (%),Dic-2024,0.13,2026-04-19
00191,BANCO CREDICOOP COOPERATIVO LIMITAD,privado_nacional,situacion_deudores,TF.Sit.5: Irrecuperable (%),Dic-2024,0.05,2026-04-19
00191,BANCO CREDICOOP COOPERATIVO LIMITAD,privado_nacional,situacion_deudores,TOTAL GARANTIZADO - Garantías Preferidas A y B (%),Dic-2024,12.55,2026-04-19
00191,BANCO CREDICOOP COOPERATIVO LIMITAD,privado_nacional,situacion_deudores,Previsiones por riesgo de incobrabilidad constituídas,Dic-2024,27891.08,2026-04-19
00191,BANCO CREDICOOP COOPERATIVO LIMITAD,privado_nacional,situacion_deudores,CARTERA COMERCIAL ($),Dic-2024,532606.89,2026-04-19
00191,BANCO CREDICOOP COOPERATIVO LIMITAD,privado_nacional,situacion_deudores,Total cartera sobre financiaciones (%),Dic-2024,32.29,2026-04-19
00191,BANCO CREDICOOP COOPERATIVO LIMITAD,privado_nacional,situacion_deudores,C.COM.Sit.1: En situación normal (%),Dic-2024,99.98,2026-04-19
00191,BANCO CREDICOOP COOPERATIVO LIMITAD,privado_nacional,situacion_deudores,C.COM.Sit.2: Con seguimiento especial (%),Dic-2024,0.0,2026-04-19
00191,BANCO CREDICOOP COOPERATIVO LIMITAD,privado_nacional,situacion_deudores,C.COM.Sit.3: Con problemas (%),Dic-2024,0.0,2026-04-19
00191,BANCO CREDICOOP COOPERATIVO LIMITAD,privado_nacional,situacion_deudores,C.COM.Sit.4: Con alto riesgo de insolvencia (%),Dic-2024,0.02,2026-04-19
00191,BANCO CREDICOOP COOPERATIVO LIMITAD,privado_nacional,situacion_deudores,C.COM.Sit.5: Irrecuperable (%),Dic-2024,0.0,2026-04-19
00191,BANCO CREDICOOP COOPERATIVO LIMITAD,privado_nacional,situacion_deudores,C.COM.TOTAL GARANTIZADO - Garantías Preferidas A y B (%),Dic-2024,12.37,2026-04-19
00191,BANCO CREDICOOP COOPERATIVO LIMITAD,privado_nacional,situacion_deudores,CARTERA DE CONSUMO O VIVIENDA ($),Dic-2024,305977.0,2026-04-19
00191,BANCO CREDICOOP COOPERATIVO LIMITAD,privado_nacional,situacion_deudores,Total cartera sobre financiaciones (%),Dic-2024,18.55,2026-04-19
00191,BANCO CREDICOOP COOPERATIVO LIMITAD,privado_nacional,situacion_deudores,C.CON.Sit.1: En situación normal (%),Dic-2024,98.12,2026-04-19
00191,BANCO CREDICOOP COOPERATIVO LIMITAD,privado_nacional,situacion_deudores,C.CON.Sit.2: Riesgo bajo (%),Dic-2024,0.66,2026-04-19
00191,BANCO CREDICOOP COOPERATIVO LIMITAD,privado_nacional,situacion_deudores,C.CON.Sit.3: Riesgo medio (%),Dic-2024,0.47,2026-04-19
00191,BANCO CREDICOOP COOPERATIVO LIMITAD,privado_nacional,situacion_deudores,C.CON.Sit.4: Riesgo alto (%),Dic-2024,0.52,2026-04-19
00191,BANCO CREDICOOP COOPERATIVO LIMITAD,privado_nacional,situacion_deudores,C.CON.Sit.5: Irrecuperable (%),Dic-2024,0.23,2026-04-19
00191,BANCO CREDICOOP COOPERATIVO LIMITAD,privado_nacional,situacion_deudores,C.CON.TOTAL GARANTIZADO - Garantías Preferidas A y B (%),Dic-2024,13.23,2026-04-19
00191,BANCO CREDICOOP COOPERATIVO LIMITAD,privado_nacional,situacion_deudores,CARTERA COMERCIAL ASIMILABLE A CONSUMO ($),Dic-2024,810973.68,2026-04-19
00191,BANCO CREDICOOP COOPERATIVO LIMITAD,privado_nacional,situacion_deudores,Total cartera sobre financiaciones (%),Dic-2024,49.16,2026-04-19
00191,BANCO CREDICOOP COOPERATIVO LIMITAD,privado_nacional,situacion_deudores,C.CAC.Sit.1: En situación normal (%),Dic-2024,99.82,2026-04-19
00191,BANCO CREDICOOP COOPERATIVO LIMITAD,privado_nacional,situacion_deudores,C.CAC.Sit.2: Riesgo bajo (%),Dic-2024,0.07,2026-04-19
00191,BANCO CREDICOOP COOPERATIVO LIMITAD,privado_nacional,situacion_deudores,C.CAC.Sit.3: Riesgo medio (%),Dic-2024,0.04,2026-04-19
00191,BANCO CREDICOOP COOPERATIVO LIMITAD,privado_nacional,situacion_deudores,C.CAC.Sit.4: Riesgo alto (%),Dic-2024,0.06,2026-04-19
00191,BANCO CREDICOOP COOPERATIVO LIMITAD,privado_nacional,situacion_deudores,C.CAC.Sit.5: Irrecuperable (%),Dic-2024,0.02,2026-04-19
00191,BANCO CREDICOOP COOPERATIVO LIMITAD,privado_nacional,situacion_deudores,C.CAC.TOTAL GARANTIZADO - Garantías Preferidas A y B (%),Dic-2024,12.41,2026-04-19
00191,BANCO CREDICOOP COOPERATIVO LIMITAD,privado_nacional,situacion_deudores,TOTAL DE FINANCIACIONES Y GARANTIAS OTORGADAS ($),Nov-2025,2245631.77,2026-04-19
00191,BANCO CREDICOOP COOPERATIVO LIMITAD,privado_nacional,situacion_deudores,TF.Sit.1: En situación normal (%),Nov-2025,96.53,2026-04-19
00191,BANCO CREDICOOP COOPERATIVO LIMITAD,privado_nacional,situacion_deudores,TF.Sit.2: Con seguimiento especial/Riesgo bajo (%),Nov-2025,1.4,2026-04-19
00191,BANCO CREDICOOP COOPERATIVO LIMITAD,privado_nacional,situacion_deudores,TF.Sit.3: Con problemas/Riesgo medio (%),Nov-2025,1.0,2026-04-19
00191,BANCO CREDICOOP COOPERATIVO LIMITAD,privado_nacional,situacion_deudores,TF.Sit.4: Con alto riesgo de insolvencia/Riesgo alto (%),Nov-2025,0.92,2026-04-19
00191,BANCO CREDICOOP COOPERATIVO LIMITAD,privado_nacional,situacion_deudores,TF.Sit.5: Irrecuperable (%),Nov-2025,0.15,2026-04-19
00191,BANCO CREDICOOP COOPERATIVO LIMITAD,privado_nacional,situacion_deudores,TOTAL GARANTIZADO - Garantías Preferidas A y B (%),Nov-2025,16.64,2026-04-19
00191,BANCO CREDICOOP COOPERATIVO LIMITAD,privado_nacional,situacion_deudores,Previsiones por riesgo de incobrabilidad constituídas,Nov-2025,63301.17,2026-04-19
00191,BANCO CREDICOOP COOPERATIVO LIMITAD,privado_nacional,situacion_deudores,CARTERA COMERCIAL ($),Nov-2025,670583.11,2026-04-19
00191,BANCO CREDICOOP COOPERATIVO LIMITAD,privado_nacional,situacion_deudores,Total cartera sobre financiaciones (%),Nov-2025,29.86,2026-04-19
00191,BANCO CREDICOOP COOPERATIVO LIMITAD,privado_nacional,situacion_deudores,C.COM.Sit.1: En situación normal (%),Nov-2025,99.65,2026-04-19
00191,BANCO CREDICOOP COOPERATIVO LIMITAD,privado_nacional,situacion_deudores,C.COM.Sit.2: Con seguimiento especial (%),Nov-2025,0.0,2026-04-19
00191,BANCO CREDICOOP COOPERATIVO LIMITAD,privado_nacional,situacion_deudores,C.COM.Sit.3: Con problemas (%),Nov-2025,0.11,2026-04-19
00191,BANCO CREDICOOP COOPERATIVO LIMITAD,privado_nacional,situacion_deudores,C.COM.Sit.4: Con alto riesgo de insolvencia (%),Nov-2025,0.24,2026-04-19
00191,BANCO CREDICOOP COOPERATIVO LIMITAD,privado_nacional,situacion_deudores,C.COM.Sit.5: Irrecuperable (%),Nov-2025,0.0,2026-04-19
00191,BANCO CREDICOOP COOPERATIVO LIMITAD,privado_nacional,situacion_deudores,C.COM.TOTAL GARANTIZADO - Garantías Preferidas A y B (%),Nov-2025,16.55,2026-04-19
00191,BANCO CREDICOOP COOPERATIVO LIMITAD,privado_nacional,situacion_deudores,CARTERA DE CONSUMO O VIVIENDA ($),Nov-2025,474699.58,2026-04-19
00191,BANCO CREDICOOP COOPERATIVO LIMITAD,privado_nacional,situacion_deudores,Total cartera sobre financiaciones (%),Nov-2025,21.14,2026-04-19
00191,BANCO CREDICOOP COOPERATIVO LIMITAD,privado_nacional,situacion_deudores,C.CON.Sit.1: En situación normal (%),Nov-2025,89.92,2026-04-19
00191,BANCO CREDICOOP COOPERATIVO LIMITAD,privado_nacional,situacion_deudores,C.CON.Sit.2: Riesgo bajo (%),Nov-2025,3.81,2026-04-19
00191,BANCO CREDICOOP COOPERATIVO LIMITAD,privado_nacional,situacion_deudores,C.CON.Sit.3: Riesgo medio (%),Nov-2025,3.2,2026-04-19
00191,BANCO CREDICOOP COOPERATIVO LIMITAD,privado_nacional,situacion_deudores,C.CON.Sit.4: Riesgo alto (%),Nov-2025,2.65,2026-04-19
00191,BANCO CREDICOOP COOPERATIVO LIMITAD,privado_nacional,situacion_deudores,C.CON.Sit.5: Irrecuperable (%),Nov-2025,0.42,2026-04-19
00191,BANCO CREDICOOP COOPERATIVO LIMITAD,privado_nacional,situacion_deudores,C.CON.TOTAL GARANTIZADO - Garantías Preferidas A y B (%),Nov-2025,15.38,2026-04-19
00191,BANCO CREDICOOP COOPERATIVO LIMITAD,privado_nacional,situacion_deudores,CARTERA COMERCIAL ASIMILABLE A CONSUMO ($),Nov-2025,1100349.08,2026-04-19
00191,BANCO CREDICOOP COOPERATIVO LIMITAD,privado_nacional,situacion_deudores,Total cartera sobre financiaciones (%),Nov-2025,49.0,2026-04-19
00191,BANCO CREDICOOP COOPERATIVO LIMITAD,privado_nacional,situacion_deudores,C.CAC.Sit.1: En situación normal (%),Nov-2025,97.49,2026-04-19
00191,BANCO CREDICOOP COOPERATIVO LIMITAD,privado_nacional,situacion_deudores,C.CAC.Sit.2: Riesgo bajo (%),Nov-2025,1.21,2026-04-19
00191,BANCO CREDICOOP COOPERATIVO LIMITAD,privado_nacional,situacion_deudores,C.CAC.Sit.3: Riesgo medio (%),Nov-2025,0.59,2026-04-19
00191,BANCO CREDICOOP COOPERATIVO LIMITAD,privado_nacional,situacion_deudores,C.CAC.Sit.4: Riesgo alto (%),Nov-2025,0.58,2026-04-19
00191,BANCO CREDICOOP COOPERATIVO LIMITAD,privado_nacional,situacion_deudores,C.CAC.Sit.5: Irrecuperable (%),Nov-2025,0.13,2026-04-19
00191,BANCO CREDICOOP COOPERATIVO LIMITAD,privado_nacional,situacion_deudores,C.CAC.TOTAL GARANTIZADO - Garantías Preferidas A y B (%),Nov-2025,17.23,2026-04-19
00191,BANCO CREDICOOP COOPERATIVO LIMITAD,privado_nacional,situacion_deudores,TOTAL DE FINANCIACIONES Y GARANTIAS OTORGADAS ($),Dic-2025,2582594.57,2026-04-19
00191,BANCO CREDICOOP COOPERATIVO LIMITAD,privado_nacional,situacion_deudores,TF.Sit.1: En situación normal (%),Dic-2025,96.71,2026-04-19
00191,BANCO CREDICOOP COOPERATIVO LIMITAD,privado_nacional,situacion_deudores,TF.Sit.2: Con seguimiento especial/Riesgo bajo (%),Dic-2025,1.14,2026-04-19
00191,BANCO CREDICOOP COOPERATIVO LIMITAD,privado_nacional,situacion_deudores,TF.Sit.3: Con problemas/Riesgo medio (%),Dic-2025,0.91,2026-04-19
00191,BANCO CREDICOOP COOPERATIVO LIMITAD,privado_nacional,situacion_deudores,TF.Sit.4: Con alto riesgo de insolvencia/Riesgo alto (%),Dic-2025,1.12,2026-04-19
00191,BANCO CREDICOOP COOPERATIVO LIMITAD,privado_nacional,situacion_deudores,TF.Sit.5: Irrecuperable (%),Dic-2025,0.12,2026-04-19
00191,BANCO CREDICOOP COOPERATIVO LIMITAD,privado_nacional,situacion_deudores,TOTAL GARANTIZADO - Garantías Preferidas A y B (%),Dic-2025,15.05,2026-04-19
00191,BANCO CREDICOOP COOPERATIVO LIMITAD,privado_nacional,situacion_deudores,Previsiones por riesgo de incobrabilidad constituídas,Dic-2025,80808.19,2026-04-19
00191,BANCO CREDICOOP COOPERATIVO LIMITAD,privado_nacional,situacion_deudores,CARTERA COMERCIAL ($),Dic-2025,800666.43,2026-04-19
00191,BANCO CREDICOOP COOPERATIVO LIMITAD,privado_nacional,situacion_deudores,Total cartera sobre financiaciones (%),Dic-2025,31.0,2026-04-19
00191,BANCO CREDICOOP COOPERATIVO LIMITAD,privado_nacional,situacion_deudores,C.COM.Sit.1: En situación normal (%),Dic-2025,99.75,2026-04-19
00191,BANCO CREDICOOP COOPERATIVO LIMITAD,privado_nacional,situacion_deudores,C.COM.Sit.2: Con seguimiento especial (%),Dic-2025,0.0,2026-04-19
00191,BANCO CREDICOOP COOPERATIVO LIMITAD,privado_nacional,situacion_deudores,C.COM.Sit.3: Con problemas (%),Dic-2025,0.08,2026-04-19
00191,BANCO CREDICOOP COOPERATIVO LIMITAD,privado_nacional,situacion_deudores,C.COM.Sit.4: Con alto riesgo de insolvencia (%),Dic-2025,0.17,2026-04-19
00191,BANCO CREDICOOP COOPERATIVO LIMITAD,privado_nacional,situacion_deudores,C.COM.Sit.5: Irrecuperable (%),Dic-2025,0.0,2026-04-19
00191,BANCO CREDICOOP COOPERATIVO LIMITAD,privado_nacional,situacion_deudores,C.COM.TOTAL GARANTIZADO - Garantías Preferidas A y B (%),Dic-2025,14.48,2026-04-19
00191,BANCO CREDICOOP COOPERATIVO LIMITAD,privado_nacional,situacion_deudores,CARTERA DE CONSUMO O VIVIENDA ($),Dic-2025,499257.86,2026-04-19
00191,BANCO CREDICOOP COOPERATIVO LIMITAD,privado_nacional,situacion_deudores,Total cartera sobre financiaciones (%),Dic-2025,19.33,2026-04-19
00191,BANCO CREDICOOP COOPERATIVO LIMITAD,privado_nacional,situacion_deudores,C.CON.Sit.1: En situación normal (%),Dic-2025,89.55,2026-04-19
00191,BANCO CREDICOOP COOPERATIVO LIMITAD,privado_nacional,situacion_deudores,C.CON.Sit.2: Riesgo bajo (%),Dic-2025,3.55,2026-04-19
00191,BANCO CREDICOOP COOPERATIVO LIMITAD,privado_nacional,situacion_deudores,C.CON.Sit.3: Riesgo medio (%),Dic-2025,3.01,2026-04-19
00191,BANCO CREDICOOP COOPERATIVO LIMITAD,privado_nacional,situacion_deudores,C.CON.Sit.4: Riesgo alto (%),Dic-2025,3.51,2026-04-19
00191,BANCO CREDICOOP COOPERATIVO LIMITAD,privado_nacional,situacion_deudores,C.CON.Sit.5: Irrecuperable (%),Dic-2025,0.38,2026-04-19
00191,BANCO CREDICOOP COOPERATIVO LIMITAD,privado_nacional,situacion_deudores,C.CON.TOTAL GARANTIZADO - Garantías Preferidas A y B (%),Dic-2025,15.54,2026-04-19
00191,BANCO CREDICOOP COOPERATIVO LIMITAD,privado_nacional,situacion_deudores,CARTERA COMERCIAL ASIMILABLE A CONSUMO ($),Dic-2025,1282670.28,2026-04-19
00191,BANCO CREDICOOP COOPERATIVO LIMITAD,privado_nacional,situacion_deudores,Total cartera sobre financiaciones (%),Dic-2025,49.67,2026-04-19
00191,BANCO CREDICOOP COOPERATIVO LIMITAD,privado_nacional,situacion_deudores,C.CAC.Sit.1: En situación normal (%),Dic-2025,97.6,2026-04-19
00191,BANCO CREDICOOP COOPERATIVO LIMITAD,privado_nacional,situacion_deudores,C.CAC.Sit.2: Riesgo bajo (%),Dic-2025,0.9,2026-04-19
00191,BANCO CREDICOOP COOPERATIVO LIMITAD,privado_nacional,situacion_deudores,C.CAC.Sit.3: Riesgo medio (%),Dic-2025,0.62,2026-04-19
00191,BANCO CREDICOOP COOPERATIVO LIMITAD,privado_nacional,situacion_deudores,C.CAC.Sit.4: Riesgo alto (%),Dic-2025,0.78,2026-04-19
00191,BANCO CREDICOOP COOPERATIVO LIMITAD,privado_nacional,situacion_deudores,C.CAC.Sit.5: Irrecuperable (%),Dic-2025,0.1,2026-04-19
00191,BANCO CREDICOOP COOPERATIVO LIMITAD,privado_nacional,situacion_deudores,C.CAC.TOTAL GARANTIZADO - Garantías Preferidas A y B (%),Dic-2025,15.21,2026-04-19
00191,BANCO CREDICOOP COOPERATIVO LIMITAD,privado_nacional,situacion_deudores,TOTAL DE FINANCIACIONES Y GARANTIAS OTORGADAS ($),Ene-2026,2515338.9,2026-04-19
00191,BANCO CREDICOOP COOPERATIVO LIMITAD,privado_nacional,situacion_deudores,TF.Sit.1: En situación normal (%),Ene-2026,96.14,2026-04-19
00191,BANCO CREDICOOP COOPERATIVO LIMITAD,privado_nacional,situacion_deudores,TF.Sit.2: Con seguimiento especial/Riesgo bajo (%),Ene-2026,1.11,2026-04-19
00191,BANCO CREDICOOP COOPERATIVO LIMITAD,privado_nacional,situacion_deudores,TF.Sit.3: Con problemas/Riesgo medio (%),Ene-2026,1.3,2026-04-19
00191,BANCO CREDICOOP COOPERATIVO LIMITAD,privado_nacional,situacion_deudores,TF.Sit.4: Con alto riesgo de insolvencia/Riesgo alto (%),Ene-2026,1.31,2026-04-19
00191,BANCO CREDICOOP COOPERATIVO LIMITAD,privado_nacional,situacion_deudores,TF.Sit.5: Irrecuperable (%),Ene-2026,0.15,2026-04-19
00191,BANCO CREDICOOP COOPERATIVO LIMITAD,privado_nacional,situacion_deudores,TOTAL GARANTIZADO - Garantías Preferidas A y B (%),Ene-2026,15.8,2026-04-19
00191,BANCO CREDICOOP COOPERATIVO LIMITAD,privado_nacional,situacion_deudores,Previsiones por riesgo de incobrabilidad constituídas,Ene-2026,91838.81,2026-04-19
00191,BANCO CREDICOOP COOPERATIVO LIMITAD,privado_nacional,situacion_deudores,CARTERA COMERCIAL ($),Ene-2026,742883.74,2026-04-19
00191,BANCO CREDICOOP COOPERATIVO LIMITAD,privado_nacional,situacion_deudores,Total cartera sobre financiaciones (%),Ene-2026,29.53,2026-04-19
00191,BANCO CREDICOOP COOPERATIVO LIMITAD,privado_nacional,situacion_deudores,C.COM.Sit.1: En situación normal (%),Ene-2026,99.4,2026-04-19
00191,BANCO CREDICOOP COOPERATIVO LIMITAD,privado_nacional,situacion_deudores,C.COM.Sit.2: Con seguimiento especial (%),Ene-2026,0.0,2026-04-19
00191,BANCO CREDICOOP COOPERATIVO LIMITAD,privado_nacional,situacion_deudores,C.COM.Sit.3: Con problemas (%),Ene-2026,0.42,2026-04-19
00191,BANCO CREDICOOP COOPERATIVO LIMITAD,privado_nacional,situacion_deudores,C.COM.Sit.4: Con alto riesgo de insolvencia (%),Ene-2026,0.17,2026-04-19
00191,BANCO CREDICOOP COOPERATIVO LIMITAD,privado_nacional,situacion_deudores,C.COM.Sit.5: Irrecuperable (%),Ene-2026,0.0,2026-04-19
00191,BANCO CREDICOOP COOPERATIVO LIMITAD,privado_nacional,situacion_deudores,C.COM.TOTAL GARANTIZADO - Garantías Preferidas A y B (%),Ene-2026,16.26,2026-04-19
00191,BANCO CREDICOOP COOPERATIVO LIMITAD,privado_nacional,situacion_deudores,CARTERA DE CONSUMO O VIVIENDA ($),Ene-2026,502510.65,2026-04-19
00191,BANCO CREDICOOP COOPERATIVO LIMITAD,privado_nacional,situacion_deudores,Total cartera sobre financiaciones (%),Ene-2026,19.98,2026-04-19
00191,BANCO CREDICOOP COOPERATIVO LIMITAD,privado_nacional,situacion_deudores,C.CON.Sit.1: En situación normal (%),Ene-2026,88.82,2026-04-19
00191,BANCO CREDICOOP COOPERATIVO LIMITAD,privado_nacional,situacion_deudores,C.CON.Sit.2: Riesgo bajo (%),Ene-2026,3.28,2026-04-19
00191,BANCO CREDICOOP COOPERATIVO LIMITAD,privado_nacional,situacion_deudores,C.CON.Sit.3: Riesgo medio (%),Ene-2026,3.74,2026-04-19
00191,BANCO CREDICOOP COOPERATIVO LIMITAD,privado_nacional,situacion_deudores,C.CON.Sit.4: Riesgo alto (%),Ene-2026,3.69,2026-04-19
00191,BANCO CREDICOOP COOPERATIVO LIMITAD,privado_nacional,situacion_deudores,C.CON.Sit.5: Irrecuperable (%),Ene-2026,0.47,2026-04-19
00191,BANCO CREDICOOP COOPERATIVO LIMITAD,privado_nacional,situacion_deudores,C.CON.TOTAL GARANTIZADO - Garantías Preferidas A y B (%),Ene-2026,15.83,2026-04-19
00191,BANCO CREDICOOP COOPERATIVO LIMITAD,privado_nacional,situacion_deudores,CARTERA COMERCIAL ASIMILABLE A CONSUMO ($),Ene-2026,1269944.51,2026-04-19
00191,BANCO CREDICOOP COOPERATIVO LIMITAD,privado_nacional,situacion_deudores,Total cartera sobre financiaciones (%),Ene-2026,50.49,2026-04-19
00191,BANCO CREDICOOP COOPERATIVO LIMITAD,privado_nacional,situacion_deudores,C.CAC.Sit.1: En situación normal (%),Ene-2026,97.14,2026-04-19
00191,BANCO CREDICOOP COOPERATIVO LIMITAD,privado_nacional,situacion_deudores,C.CAC.Sit.2: Riesgo bajo (%),Ene-2026,0.89,2026-04-19
00191,BANCO CREDICOOP COOPERATIVO LIMITAD,privado_nacional,situacion_deudores,C.CAC.Sit.3: Riesgo medio (%),Ene-2026,0.84,2026-04-19
00191,BANCO CREDICOOP COOPERATIVO LIMITAD,privado_nacional,situacion_deudores,C.CAC.Sit.4: Riesgo alto (%),Ene-2026,1.02,2026-04-19
00191,BANCO CREDICOOP COOPERATIVO LIMITAD,privado_nacional,situacion_deudores,C.CAC.Sit.5: Irrecuperable (%),Ene-2026,0.11,2026-04-19
00191,BANCO CREDICOOP COOPERATIVO LIMITAD,privado_nacional,situacion_deudores,C.CAC.TOTAL GARANTIZADO - Garantías Preferidas A y B (%),Ene-2026,15.52,2026-04-19
00432,BANCO DE COMERCIO S.A.,privado_nacional,situacion_deudores,TOTAL DE FINANCIACIONES Y GARANTIAS OTORGADAS ($),Dic-2023,8220.31,2026-04-19
00432,BANCO DE COMERCIO S.A.,privado_nacional,situacion_deudores,TF.Sit.1: En situación normal (%),Dic-2023,99.41,2026-04-19
00432,BANCO DE COMERCIO S.A.,privado_nacional,situacion_deudores,TF.Sit.2: Con seguimiento especial/Riesgo bajo (%),Dic-2023,0.1,2026-04-19
00432,BANCO DE COMERCIO S.A.,privado_nacional,situacion_deudores,TF.Sit.3: Con problemas/Riesgo medio (%),Dic-2023,0.14,2026-04-19
00432,BANCO DE COMERCIO S.A.,privado_nacional,situacion_deudores,TF.Sit.4: Con alto riesgo de insolvencia/Riesgo alto (%),Dic-2023,0.32,2026-04-19
00432,BANCO DE COMERCIO S.A.,privado_nacional,situacion_deudores,TF.Sit.5: Irrecuperable (%),Dic-2023,0.03,2026-04-19
00432,BANCO DE COMERCIO S.A.,privado_nacional,situacion_deudores,TOTAL GARANTIZADO - Garantías Preferidas A y B (%),Dic-2023,12.33,2026-04-19
00432,BANCO DE COMERCIO S.A.,privado_nacional,situacion_deudores,Previsiones por riesgo de incobrabilidad constituídas,Dic-2023,94.79,2026-04-19
00432,BANCO DE COMERCIO S.A.,privado_nacional,situacion_deudores,CARTERA COMERCIAL ($),Dic-2023,2238.83,2026-04-19
00432,BANCO DE COMERCIO S.A.,privado_nacional,situacion_deudores,Total cartera sobre financiaciones (%),Dic-2023,27.24,2026-04-19
00432,BANCO DE COMERCIO S.A.,privado_nacional,situacion_deudores,C.COM.Sit.1: En situación normal (%),Dic-2023,100.0,2026-04-19
00432,BANCO DE COMERCIO S.A.,privado_nacional,situacion_deudores,C.COM.Sit.2: Con seguimiento especial (%),Dic-2023,0.0,2026-04-19
00432,BANCO DE COMERCIO S.A.,privado_nacional,situacion_deudores,C.COM.TOTAL GARANTIZADO - Garantías Preferidas A y B (%),Dic-2023,25.21,2026-04-19
00432,BANCO DE COMERCIO S.A.,privado_nacional,situacion_deudores,CARTERA DE CONSUMO O VIVIENDA ($),Dic-2023,663.49,2026-04-19
00432,BANCO DE COMERCIO S.A.,privado_nacional,situacion_deudores,Total cartera sobre financiaciones (%),Dic-2023,8.07,2026-04-19
00432,BANCO DE COMERCIO S.A.,privado_nacional,situacion_deudores,C.CON.Sit.1: En situación normal (%),Dic-2023,95.81,2026-04-19
00432,BANCO DE COMERCIO S.A.,privado_nacional,situacion_deudores,C.CON.Sit.2: Riesgo bajo (%),Dic-2023,1.04,2026-04-19
00432,BANCO DE COMERCIO S.A.,privado_nacional,situacion_deudores,C.CON.Sit.3: Riesgo medio (%),Dic-2023,1.19,2026-04-19
00432,BANCO DE COMERCIO S.A.,privado_nacional,situacion_deudores,C.CON.Sit.4: Riesgo alto (%),Dic-2023,1.71,2026-04-19
00432,BANCO DE COMERCIO S.A.,privado_nacional,situacion_deudores,C.CON.Sit.5: Irrecuperable (%),Dic-2023,0.25,2026-04-19
00432,BANCO DE COMERCIO S.A.,privado_nacional,situacion_deudores,C.CON.TOTAL GARANTIZADO - Garantías Preferidas A y B (%),Dic-2023,0.15,2026-04-19
00432,BANCO DE COMERCIO S.A.,privado_nacional,situacion_deudores,CARTERA COMERCIAL ASIMILABLE A CONSUMO ($),Dic-2023,5317.99,2026-04-19
00432,BANCO DE COMERCIO S.A.,privado_nacional,situacion_deudores,Total cartera sobre financiaciones (%),Dic-2023,64.69,2026-04-19
00432,BANCO DE COMERCIO S.A.,privado_nacional,situacion_deudores,C.CAC.Sit.1: En situación normal (%),Dic-2023,99.62,2026-04-19
00432,BANCO DE COMERCIO S.A.,privado_nacional,situacion_deudores,C.CAC.Sit.2: Riesgo bajo (%),Dic-2023,0.03,2026-04-19
00432,BANCO DE COMERCIO S.A.,privado_nacional,situacion_deudores,C.CAC.Sit.3: Riesgo medio (%),Dic-2023,0.06,2026-04-19
00432,BANCO DE COMERCIO S.A.,privado_nacional,situacion_deudores,C.CAC.Sit.4: Riesgo alto (%),Dic-2023,0.28,2026-04-19
00432,BANCO DE COMERCIO S.A.,privado_nacional,situacion_deudores,C.CAC.Sit.5: Irrecuperable (%),Dic-2023,0.02,2026-04-19
00432,BANCO DE COMERCIO S.A.,privado_nacional,situacion_deudores,C.CAC.TOTAL GARANTIZADO - Garantías Preferidas A y B (%),Dic-2023,8.43,2026-04-19
00432,BANCO DE COMERCIO S.A.,privado_nacional,situacion_deudores,TOTAL DE FINANCIACIONES Y GARANTIAS OTORGADAS ($),Dic-2024,24944.35,2026-04-19
00432,BANCO DE COMERCIO S.A.,privado_nacional,situacion_deudores,TF.Sit.1: En situación normal (%),Dic-2024,92.08,2026-04-19
00432,BANCO DE COMERCIO S.A.,privado_nacional,situacion_deudores,TF.Sit.2: Con seguimiento especial/Riesgo bajo (%),Dic-2024,7.35,2026-04-19
00432,BANCO DE COMERCIO S.A.,privado_nacional,situacion_deudores,TF.Sit.3: Con problemas/Riesgo medio (%),Dic-2024,0.15,2026-04-19
00432,BANCO DE COMERCIO S.A.,privado_nacional,situacion_deudores,TF.Sit.4: Con alto riesgo de insolvencia/Riesgo alto (%),Dic-2024,0.37,2026-04-19
00432,BANCO DE COMERCIO S.A.,privado_nacional,situacion_deudores,TF.Sit.5: Irrecuperable (%),Dic-2024,0.05,2026-04-19
00432,BANCO DE COMERCIO S.A.,privado_nacional,situacion_deudores,TOTAL GARANTIZADO - Garantías Preferidas A y B (%),Dic-2024,16.75,2026-04-19
00432,BANCO DE COMERCIO S.A.,privado_nacional,situacion_deudores,Previsiones por riesgo de incobrabilidad constituídas,Dic-2024,351.33,2026-04-19
00432,BANCO DE COMERCIO S.A.,privado_nacional,situacion_deudores,CARTERA COMERCIAL ($),Dic-2024,7392.27,2026-04-19
00432,BANCO DE COMERCIO S.A.,privado_nacional,situacion_deudores,Total cartera sobre financiaciones (%),Dic-2024,29.64,2026-04-19
00432,BANCO DE COMERCIO S.A.,privado_nacional,situacion_deudores,C.COM.Sit.1: En situación normal (%),Dic-2024,75.72,2026-04-19
00432,BANCO DE COMERCIO S.A.,privado_nacional,situacion_deudores,C.COM.Sit.2: Con seguimiento especial (%),Dic-2024,24.28,2026-04-19
00432,BANCO DE COMERCIO S.A.,privado_nacional,situacion_deudores,C.COM.TOTAL GARANTIZADO - Garantías Preferidas A y B (%),Dic-2024,37.05,2026-04-19
00432,BANCO DE COMERCIO S.A.,privado_nacional,situacion_deudores,CARTERA DE CONSUMO O VIVIENDA ($),Dic-2024,2437.18,2026-04-19
00432,BANCO DE COMERCIO S.A.,privado_nacional,situacion_deudores,Total cartera sobre financiaciones (%),Dic-2024,9.77,2026-04-19
00432,BANCO DE COMERCIO S.A.,privado_nacional,situacion_deudores,C.CON.Sit.1: En situación normal (%),Dic-2024,95.55,2026-04-19
00432,BANCO DE COMERCIO S.A.,privado_nacional,situacion_deudores,C.CON.Sit.2: Riesgo bajo (%),Dic-2024,1.41,2026-04-19
00432,BANCO DE COMERCIO S.A.,privado_nacional,situacion_deudores,C.CON.Sit.3: Riesgo medio (%),Dic-2024,1.27,2026-04-19
00432,BANCO DE COMERCIO S.A.,privado_nacional,situacion_deudores,C.CON.Sit.4: Riesgo alto (%),Dic-2024,1.71,2026-04-19
00432,BANCO DE COMERCIO S.A.,privado_nacional,situacion_deudores,C.CON.Sit.5: Irrecuperable (%),Dic-2024,0.06,2026-04-19
00432,BANCO DE COMERCIO S.A.,privado_nacional,situacion_deudores,C.CON.TOTAL GARANTIZADO - Garantías Preferidas A y B (%),Dic-2024,0.04,2026-04-19
00432,BANCO DE COMERCIO S.A.,privado_nacional,situacion_deudores,CARTERA COMERCIAL ASIMILABLE A CONSUMO ($),Dic-2024,15114.9,2026-04-19
00432,BANCO DE COMERCIO S.A.,privado_nacional,situacion_deudores,Total cartera sobre financiaciones (%),Dic-2024,60.59,2026-04-19
00432,BANCO DE COMERCIO S.A.,privado_nacional,situacion_deudores,C.CAC.Sit.1: En situación normal (%),Dic-2024,99.53,2026-04-19
00432,BANCO DE COMERCIO S.A.,privado_nacional,situacion_deudores,C.CAC.Sit.2: Riesgo bajo (%),Dic-2024,0.02,2026-04-19
00432,BANCO DE COMERCIO S.A.,privado_nacional,situacion_deudores,C.CAC.Sit.3: Riesgo medio (%),Dic-2024,0.05,2026-04-19
00432,BANCO DE COMERCIO S.A.,privado_nacional,situacion_deudores,C.CAC.Sit.4: Riesgo alto (%),Dic-2024,0.33,2026-04-19
00432,BANCO DE COMERCIO S.A.,privado_nacional,situacion_deudores,C.CAC.Sit.5: Irrecuperable (%),Dic-2024,0.07,2026-04-19
00432,BANCO DE COMERCIO S.A.,privado_nacional,situacion_deudores,C.CAC.TOTAL GARANTIZADO - Garantías Preferidas A y B (%),Dic-2024,9.51,2026-04-19
00432,BANCO DE COMERCIO S.A.,privado_nacional,situacion_deudores,TOTAL DE FINANCIACIONES Y GARANTIAS OTORGADAS ($),Nov-2025,79507.87,2026-04-19
00432,BANCO DE COMERCIO S.A.,privado_nacional,situacion_deudores,TF.Sit.1: En situación normal (%),Nov-2025,94.01,2026-04-19
00432,BANCO DE COMERCIO S.A.,privado_nacional,situacion_deudores,TF.Sit.2: Con seguimiento especial/Riesgo bajo (%),Nov-2025,4.46,2026-04-19
00432,BANCO DE COMERCIO S.A.,privado_nacional,situacion_deudores,TF.Sit.3: Con problemas/Riesgo medio (%),Nov-2025,0.52,2026-04-19
00432,BANCO DE COMERCIO S.A.,privado_nacional,situacion_deudores,TF.Sit.4: Con alto riesgo de insolvencia/Riesgo alto (%),Nov-2025,0.29,2026-04-19
00432,BANCO DE COMERCIO S.A.,privado_nacional,situacion_deudores,TF.Sit.5: Irrecuperable (%),Nov-2025,0.72,2026-04-19
00432,BANCO DE COMERCIO S.A.,privado_nacional,situacion_deudores,TOTAL GARANTIZADO - Garantías Preferidas A y B (%),Nov-2025,12.51,2026-04-19
00432,BANCO DE COMERCIO S.A.,privado_nacional,situacion_deudores,Previsiones por riesgo de incobrabilidad constituídas,Nov-2025,1352.07,2026-04-19
00432,BANCO DE COMERCIO S.A.,privado_nacional,situacion_deudores,CARTERA COMERCIAL ($),Nov-2025,35665.85,2026-04-19
00432,BANCO DE COMERCIO S.A.,privado_nacional,situacion_deudores,Total cartera sobre financiaciones (%),Nov-2025,44.86,2026-04-19
00432,BANCO DE COMERCIO S.A.,privado_nacional,situacion_deudores,C.COM.Sit.1: En situación normal (%),Nov-2025,91.39,2026-04-19
00432,BANCO DE COMERCIO S.A.,privado_nacional,situacion_deudores,C.COM.Sit.2: Con seguimiento especial (%),Nov-2025,8.61,2026-04-19
00432,BANCO DE COMERCIO S.A.,privado_nacional,situacion_deudores,C.COM.TOTAL GARANTIZADO - Garantías Preferidas A y B (%),Nov-2025,16.24,2026-04-19
00432,BANCO DE COMERCIO S.A.,privado_nacional,situacion_deudores,CARTERA DE CONSUMO O VIVIENDA ($),Nov-2025,9141.08,2026-04-19
00432,BANCO DE COMERCIO S.A.,privado_nacional,situacion_deudores,Total cartera sobre financiaciones (%),Nov-2025,11.5,2026-04-19
00432,BANCO DE COMERCIO S.A.,privado_nacional,situacion_deudores,C.CON.Sit.1: En situación normal (%),Nov-2025,90.94,2026-04-19
00432,BANCO DE COMERCIO S.A.,privado_nacional,situacion_deudores,C.CON.Sit.2: Riesgo bajo (%),Nov-2025,4.13,2026-04-19
00432,BANCO DE COMERCIO S.A.,privado_nacional,situacion_deudores,C.CON.Sit.3: Riesgo medio (%),Nov-2025,2.54,2026-04-19
00432,BANCO DE COMERCIO S.A.,privado_nacional,situacion_deudores,C.CON.Sit.4: Riesgo alto (%),Nov-2025,2.15,2026-04-19
00432,BANCO DE COMERCIO S.A.,privado_nacional,situacion_deudores,C.CON.Sit.5: Irrecuperable (%),Nov-2025,0.24,2026-04-19
00432,BANCO DE COMERCIO S.A.,privado_nacional,situacion_deudores,C.CON.TOTAL GARANTIZADO - Garantías Preferidas A y B (%),Nov-2025,0.0,2026-04-19
00432,BANCO DE COMERCIO S.A.,privado_nacional,situacion_deudores,CARTERA COMERCIAL ASIMILABLE A CONSUMO ($),Nov-2025,34700.95,2026-04-19
00432,BANCO DE COMERCIO S.A.,privado_nacional,situacion_deudores,Total cartera sobre financiaciones (%),Nov-2025,43.64,2026-04-19
00432,BANCO DE COMERCIO S.A.,privado_nacional,situacion_deudores,C.CAC.Sit.1: En situación normal (%),Nov-2025,97.5,2026-04-19
00432,BANCO DE COMERCIO S.A.,privado_nacional,situacion_deudores,C.CAC.Sit.2: Riesgo bajo (%),Nov-2025,0.28,2026-04-19
00432,BANCO DE COMERCIO S.A.,privado_nacional,situacion_deudores,C.CAC.Sit.3: Riesgo medio (%),Nov-2025,0.52,2026-04-19
00432,BANCO DE COMERCIO S.A.,privado_nacional,situacion_deudores,C.CAC.Sit.4: Riesgo alto (%),Nov-2025,0.11,2026-04-19
00432,BANCO DE COMERCIO S.A.,privado_nacional,situacion_deudores,C.CAC.Sit.5: Irrecuperable (%),Nov-2025,1.59,2026-04-19
00432,BANCO DE COMERCIO S.A.,privado_nacional,situacion_deudores,C.CAC.TOTAL GARANTIZADO - Garantías Preferidas A y B (%),Nov-2025,11.97,2026-04-19
00432,BANCO DE COMERCIO S.A.,privado_nacional,situacion_deudores,TOTAL DE FINANCIACIONES Y GARANTIAS OTORGADAS ($),Dic-2025,86613.15,2026-04-19
00432,BANCO DE COMERCIO S.A.,privado_nacional,situacion_deudores,TF.Sit.1: En situación normal (%),Dic-2025,95.71,2026-04-19
00432,BANCO DE COMERCIO S.A.,privado_nacional,situacion_deudores,TF.Sit.2: Con seguimiento especial/Riesgo bajo (%),Dic-2025,2.87,2026-04-19
00432,BANCO DE COMERCIO S.A.,privado_nacional,situacion_deudores,TF.Sit.3: Con problemas/Riesgo medio (%),Dic-2025,0.42,2026-04-19
00432,BANCO DE COMERCIO S.A.,privado_nacional,situacion_deudores,TF.Sit.4: Con alto riesgo de insolvencia/Riesgo alto (%),Dic-2025,0.31,2026-04-19
00432,BANCO DE COMERCIO S.A.,privado_nacional,situacion_deudores,TF.Sit.5: Irrecuperable (%),Dic-2025,0.69,2026-04-19
00432,BANCO DE COMERCIO S.A.,privado_nacional,situacion_deudores,TOTAL GARANTIZADO - Garantías Preferidas A y B (%),Dic-2025,19.15,2026-04-19
00432,BANCO DE COMERCIO S.A.,privado_nacional,situacion_deudores,Previsiones por riesgo de incobrabilidad constituídas,Dic-2025,1402.31,2026-04-19
00432,BANCO DE COMERCIO S.A.,privado_nacional,situacion_deudores,CARTERA COMERCIAL ($),Dic-2025,40161.86,2026-04-19
00432,BANCO DE COMERCIO S.A.,privado_nacional,situacion_deudores,Total cartera sobre financiaciones (%),Dic-2025,46.37,2026-04-19
00432,BANCO DE COMERCIO S.A.,privado_nacional,situacion_deudores,C.COM.Sit.1: En situación normal (%),Dic-2025,95.56,2026-04-19
00432,BANCO DE COMERCIO S.A.,privado_nacional,situacion_deudores,C.COM.Sit.2: Con seguimiento especial (%),Dic-2025,4.44,2026-04-19
00432,BANCO DE COMERCIO S.A.,privado_nacional,situacion_deudores,C.COM.TOTAL GARANTIZADO - Garantías Preferidas A y B (%),Dic-2025,20.21,2026-04-19
00432,BANCO DE COMERCIO S.A.,privado_nacional,situacion_deudores,CARTERA DE CONSUMO O VIVIENDA ($),Dic-2025,9424.3,2026-04-19
00432,BANCO DE COMERCIO S.A.,privado_nacional,situacion_deudores,Total cartera sobre financiaciones (%),Dic-2025,10.88,2026-04-19
00432,BANCO DE COMERCIO S.A.,privado_nacional,situacion_deudores,C.CON.Sit.1: En situación normal (%),Dic-2025,91.5,2026-04-19
00432,BANCO DE COMERCIO S.A.,privado_nacional,situacion_deudores,C.CON.Sit.2: Riesgo bajo (%),Dic-2025,3.56,2026-04-19
00432,BANCO DE COMERCIO S.A.,privado_nacional,situacion_deudores,C.CON.Sit.3: Riesgo medio (%),Dic-2025,2.63,2026-04-19
00432,BANCO DE COMERCIO S.A.,privado_nacional,situacion_deudores,C.CON.Sit.4: Riesgo alto (%),Dic-2025,2.06,2026-04-19
00432,BANCO DE COMERCIO S.A.,privado_nacional,situacion_deudores,C.CON.Sit.5: Irrecuperable (%),Dic-2025,0.25,2026-04-19
00432,BANCO DE COMERCIO S.A.,privado_nacional,situacion_deudores,C.CON.TOTAL GARANTIZADO - Garantías Preferidas A y B (%),Dic-2025,0.0,2026-04-19
00432,BANCO DE COMERCIO S.A.,privado_nacional,situacion_deudores,CARTERA COMERCIAL ASIMILABLE A CONSUMO ($),Dic-2025,37027.0,2026-04-19
00432,BANCO DE COMERCIO S.A.,privado_nacional,situacion_deudores,Total cartera sobre financiaciones (%),Dic-2025,42.75,2026-04-19
00432,BANCO DE COMERCIO S.A.,privado_nacional,situacion_deudores,C.CAC.Sit.1: En situación normal (%),Dic-2025,96.94,2026-04-19
00432,BANCO DE COMERCIO S.A.,privado_nacional,situacion_deudores,C.CAC.Sit.2: Riesgo bajo (%),Dic-2025,0.99,2026-04-19
00432,BANCO DE COMERCIO S.A.,privado_nacional,situacion_deudores,C.CAC.Sit.3: Riesgo medio (%),Dic-2025,0.31,2026-04-19
00432,BANCO DE COMERCIO S.A.,privado_nacional,situacion_deudores,C.CAC.Sit.4: Riesgo alto (%),Dic-2025,0.21,2026-04-19
00432,BANCO DE COMERCIO S.A.,privado_nacional,situacion_deudores,C.CAC.Sit.5: Irrecuperable (%),Dic-2025,1.56,2026-04-19
00432,BANCO DE COMERCIO S.A.,privado_nacional,situacion_deudores,C.CAC.TOTAL GARANTIZADO - Garantías Preferidas A y B (%),Dic-2025,22.88,2026-04-19
00432,BANCO DE COMERCIO S.A.,privado_nacional,situacion_deudores,TOTAL DE FINANCIACIONES Y GARANTIAS OTORGADAS ($),Ene-2026,88499.36,2026-04-19
00432,BANCO DE COMERCIO S.A.,privado_nacional,situacion_deudores,TF.Sit.1: En situación normal (%),Ene-2026,95.77,2026-04-19
00432,BANCO DE COMERCIO S.A.,privado_nacional,situacion_deudores,TF.Sit.2: Con seguimiento especial/Riesgo bajo (%),Ene-2026,3.1,2026-04-19
00432,BANCO DE COMERCIO S.A.,privado_nacional,situacion_deudores,TF.Sit.3: Con problemas/Riesgo medio (%),Ene-2026,0.61,2026-04-19
00432,BANCO DE COMERCIO S.A.,privado_nacional,situacion_deudores,TF.Sit.4: Con alto riesgo de insolvencia/Riesgo alto (%),Ene-2026,0.46,2026-04-19
00432,BANCO DE COMERCIO S.A.,privado_nacional,situacion_deudores,TF.Sit.5: Irrecuperable (%),Ene-2026,0.06,2026-04-19
00432,BANCO DE COMERCIO S.A.,privado_nacional,situacion_deudores,TOTAL GARANTIZADO - Garantías Preferidas A y B (%),Ene-2026,19.86,2026-04-19
00432,BANCO DE COMERCIO S.A.,privado_nacional,situacion_deudores,Previsiones por riesgo de incobrabilidad constituídas,Ene-2026,1298.42,2026-04-19
00432,BANCO DE COMERCIO S.A.,privado_nacional,situacion_deudores,CARTERA COMERCIAL ($),Ene-2026,38899.77,2026-04-19
00432,BANCO DE COMERCIO S.A.,privado_nacional,situacion_deudores,Total cartera sobre financiaciones (%),Ene-2026,43.95,2026-04-19
00432,BANCO DE COMERCIO S.A.,privado_nacional,situacion_deudores,C.COM.Sit.1: En situación normal (%),Ene-2026,94.43,2026-04-19
00432,BANCO DE COMERCIO S.A.,privado_nacional,situacion_deudores,C.COM.Sit.2: Con seguimiento especial (%),Ene-2026,5.57,2026-04-19
00432,BANCO DE COMERCIO S.A.,privado_nacional,situacion_deudores,C.COM.TOTAL GARANTIZADO - Garantías Preferidas A y B (%),Ene-2026,21.29,2026-04-19
00432,BANCO DE COMERCIO S.A.,privado_nacional,situacion_deudores,CARTERA DE CONSUMO O VIVIENDA ($),Ene-2026,8979.82,2026-04-19
00432,BANCO DE COMERCIO S.A.,privado_nacional,situacion_deudores,Total cartera sobre financiaciones (%),Ene-2026,10.15,2026-04-19
00432,BANCO DE COMERCIO S.A.,privado_nacional,situacion_deudores,C.CON.Sit.1: En situación normal (%),Ene-2026,89.92,2026-04-19
00432,BANCO DE COMERCIO S.A.,privado_nacional,situacion_deudores,C.CON.Sit.2: Riesgo bajo (%),Ene-2026,3.68,2026-04-19
00432,BANCO DE COMERCIO S.A.,privado_nacional,situacion_deudores,C.CON.Sit.3: Riesgo medio (%),Ene-2026,3.73,2026-04-19
00432,BANCO DE COMERCIO S.A.,privado_nacional,situacion_deudores,C.CON.Sit.4: Riesgo alto (%),Ene-2026,2.41,2026-04-19
00432,BANCO DE COMERCIO S.A.,privado_nacional,situacion_deudores,C.CON.Sit.5: Irrecuperable (%),Ene-2026,0.26,2026-04-19
00432,BANCO DE COMERCIO S.A.,privado_nacional,situacion_deudores,C.CON.TOTAL GARANTIZADO - Garantías Preferidas A y B (%),Ene-2026,0.0,2026-04-19
00432,BANCO DE COMERCIO S.A.,privado_nacional,situacion_deudores,CARTERA COMERCIAL ASIMILABLE A CONSUMO ($),Ene-2026,40619.77,2026-04-19
00432,BANCO DE COMERCIO S.A.,privado_nacional,situacion_deudores,Total cartera sobre financiaciones (%),Ene-2026,45.9,2026-04-19
00432,BANCO DE COMERCIO S.A.,privado_nacional,situacion_deudores,C.CAC.Sit.1: En situación normal (%),Ene-2026,98.34,2026-04-19
00432,BANCO DE COMERCIO S.A.,privado_nacional,situacion_deudores,C.CAC.Sit.2: Riesgo bajo (%),Ene-2026,0.61,2026-04-19
00432,BANCO DE COMERCIO S.A.,privado_nacional,situacion_deudores,C.CAC.Sit.3: Riesgo medio (%),Ene-2026,0.5,2026-04-19
00432,BANCO DE COMERCIO S.A.,privado_nacional,situacion_deudores,C.CAC.Sit.4: Riesgo alto (%),Ene-2026,0.47,2026-04-19
00432,BANCO DE COMERCIO S.A.,privado_nacional,situacion_deudores,C.CAC.Sit.5: Irrecuperable (%),Ene-2026,0.08,2026-04-19
00432,BANCO DE COMERCIO S.A.,privado_nacional,situacion_deudores,C.CAC.TOTAL GARANTIZADO - Garantías Preferidas A y B (%),Ene-2026,22.88,2026-04-19
00094,BANCO DE CORRIENTES S.A.,publico,situacion_deudores,TOTAL DE FINANCIACIONES Y GARANTIAS OTORGADAS ($),Dic-2023,78057.35,2026-04-19
00094,BANCO DE CORRIENTES S.A.,publico,situacion_deudores,TF.Sit.1: En situación normal (%),Dic-2023,95.39,2026-04-19
00094,BANCO DE CORRIENTES S.A.,publico,situacion_deudores,TF.Sit.2: Con seguimiento especial/Riesgo bajo (%),Dic-2023,2.3,2026-04-19
00094,BANCO DE CORRIENTES S.A.,publico,situacion_deudores,TF.Sit.3: Con problemas/Riesgo medio (%),Dic-2023,0.98,2026-04-19
00094,BANCO DE CORRIENTES S.A.,publico,situacion_deudores,TF.Sit.4: Con alto riesgo de insolvencia/Riesgo alto (%),Dic-2023,1.0,2026-04-19
00094,BANCO DE CORRIENTES S.A.,publico,situacion_deudores,TF.Sit.5: Irrecuperable (%),Dic-2023,0.34,2026-04-19
00094,BANCO DE CORRIENTES S.A.,publico,situacion_deudores,TOTAL GARANTIZADO - Garantías Preferidas A y B (%),Dic-2023,10.08,2026-04-19
00094,BANCO DE CORRIENTES S.A.,publico,situacion_deudores,Previsiones por riesgo de incobrabilidad constituídas,Dic-2023,1657.94,2026-04-19
00094,BANCO DE CORRIENTES S.A.,publico,situacion_deudores,CARTERA COMERCIAL ($),Dic-2023,24114.53,2026-04-19
00094,BANCO DE CORRIENTES S.A.,publico,situacion_deudores,Total cartera sobre financiaciones (%),Dic-2023,30.89,2026-04-19
00094,BANCO DE CORRIENTES S.A.,publico,situacion_deudores,C.COM.Sit.1: En situación normal (%),Dic-2023,98.94,2026-04-19
00094,BANCO DE CORRIENTES S.A.,publico,situacion_deudores,C.COM.Sit.2: Con seguimiento especial (%),Dic-2023,0.47,2026-04-19
00094,BANCO DE CORRIENTES S.A.,publico,situacion_deudores,C.COM.Sit.3: Con problemas (%),Dic-2023,0.0,2026-04-19
00094,BANCO DE CORRIENTES S.A.,publico,situacion_deudores,C.COM.Sit.4: Con alto riesgo de insolvencia (%),Dic-2023,0.59,2026-04-19
00094,BANCO DE CORRIENTES S.A.,publico,situacion_deudores,C.COM.Sit.5: Irrecuperable (%),Dic-2023,0.0,2026-04-19
00094,BANCO DE CORRIENTES S.A.,publico,situacion_deudores,C.COM.TOTAL GARANTIZADO - Garantías Preferidas A y B (%),Dic-2023,23.29,2026-04-19
00094,BANCO DE CORRIENTES S.A.,publico,situacion_deudores,CARTERA DE CONSUMO O VIVIENDA ($),Dic-2023,29937.83,2026-04-19
00094,BANCO DE CORRIENTES S.A.,publico,situacion_deudores,Total cartera sobre financiaciones (%),Dic-2023,38.35,2026-04-19
00094,BANCO DE CORRIENTES S.A.,publico,situacion_deudores,C.CON.Sit.1: En situación normal (%),Dic-2023,95.64,2026-04-19
00094,BANCO DE CORRIENTES S.A.,publico,situacion_deudores,C.CON.Sit.2: Riesgo bajo (%),Dic-2023,1.46,2026-04-19
00094,BANCO DE CORRIENTES S.A.,publico,situacion_deudores,C.CON.Sit.3: Riesgo medio (%),Dic-2023,1.32,2026-04-19
00094,BANCO DE CORRIENTES S.A.,publico,situacion_deudores,C.CON.Sit.4: Riesgo alto (%),Dic-2023,1.16,2026-04-19
00094,BANCO DE CORRIENTES S.A.,publico,situacion_deudores,C.CON.Sit.5: Irrecuperable (%),Dic-2023,0.42,2026-04-19
00094,BANCO DE CORRIENTES S.A.,publico,situacion_deudores,C.CON.TOTAL GARANTIZADO - Garantías Preferidas A y B (%),Dic-2023,0.86,2026-04-19
00094,BANCO DE CORRIENTES S.A.,publico,situacion_deudores,CARTERA COMERCIAL ASIMILABLE A CONSUMO ($),Dic-2023,24004.99,2026-04-19
00094,BANCO DE CORRIENTES S.A.,publico,situacion_deudores,Total cartera sobre financiaciones (%),Dic-2023,30.75,2026-04-19
00094,BANCO DE CORRIENTES S.A.,publico,situacion_deudores,C.CAC.Sit.1: En situación normal (%),Dic-2023,91.52,2026-04-19
00094,BANCO DE CORRIENTES S.A.,publico,situacion_deudores,C.CAC.Sit.2: Riesgo bajo (%),Dic-2023,5.17,2026-04-19
00094,BANCO DE CORRIENTES S.A.,publico,situacion_deudores,C.CAC.Sit.3: Riesgo medio (%),Dic-2023,1.53,2026-04-19
00094,BANCO DE CORRIENTES S.A.,publico,situacion_deudores,C.CAC.Sit.4: Riesgo alto (%),Dic-2023,1.21,2026-04-19
00094,BANCO DE CORRIENTES S.A.,publico,situacion_deudores,C.CAC.Sit.5: Irrecuperable (%),Dic-2023,0.58,2026-04-19
00094,BANCO DE CORRIENTES S.A.,publico,situacion_deudores,C.CAC.TOTAL GARANTIZADO - Garantías Preferidas A y B (%),Dic-2023,8.31,2026-04-19
00094,BANCO DE CORRIENTES S.A.,publico,situacion_deudores,TOTAL DE FINANCIACIONES Y GARANTIAS OTORGADAS ($),Dic-2024,256803.61,2026-04-19
00094,BANCO DE CORRIENTES S.A.,publico,situacion_deudores,TF.Sit.1: En situación normal (%),Dic-2024,96.18,2026-04-19
00094,BANCO DE CORRIENTES S.A.,publico,situacion_deudores,TF.Sit.2: Con seguimiento especial/Riesgo bajo (%),Dic-2024,1.65,2026-04-19
00094,BANCO DE CORRIENTES S.A.,publico,situacion_deudores,TF.Sit.3: Con problemas/Riesgo medio (%),Dic-2024,0.92,2026-04-19
00094,BANCO DE CORRIENTES S.A.,publico,situacion_deudores,TF.Sit.4: Con alto riesgo de insolvencia/Riesgo alto (%),Dic-2024,0.76,2026-04-19
00094,BANCO DE CORRIENTES S.A.,publico,situacion_deudores,TF.Sit.5: Irrecuperable (%),Dic-2024,0.49,2026-04-19
00094,BANCO DE CORRIENTES S.A.,publico,situacion_deudores,TOTAL GARANTIZADO - Garantías Preferidas A y B (%),Dic-2024,4.32,2026-04-19
00094,BANCO DE CORRIENTES S.A.,publico,situacion_deudores,Previsiones por riesgo de incobrabilidad constituídas,Dic-2024,5465.34,2026-04-19
00094,BANCO DE CORRIENTES S.A.,publico,situacion_deudores,CARTERA COMERCIAL ($),Dic-2024,56581.15,2026-04-19
00094,BANCO DE CORRIENTES S.A.,publico,situacion_deudores,Total cartera sobre financiaciones (%),Dic-2024,22.03,2026-04-19
00094,BANCO DE CORRIENTES S.A.,publico,situacion_deudores,C.COM.Sit.1: En situación normal (%),Dic-2024,99.76,2026-04-19
00094,BANCO DE CORRIENTES S.A.,publico,situacion_deudores,C.COM.Sit.2: Con seguimiento especial (%),Dic-2024,0.0,2026-04-19
00094,BANCO DE CORRIENTES S.A.,publico,situacion_deudores,C.COM.Sit.3: Con problemas (%),Dic-2024,0.0,2026-04-19
00094,BANCO DE CORRIENTES S.A.,publico,situacion_deudores,C.COM.Sit.4: Con alto riesgo de insolvencia (%),Dic-2024,0.24,2026-04-19
00094,BANCO DE CORRIENTES S.A.,publico,situacion_deudores,C.COM.Sit.5: Irrecuperable (%),Dic-2024,0.0,2026-04-19
00094,BANCO DE CORRIENTES S.A.,publico,situacion_deudores,C.COM.TOTAL GARANTIZADO - Garantías Preferidas A y B (%),Dic-2024,8.09,2026-04-19
00094,BANCO DE CORRIENTES S.A.,publico,situacion_deudores,CARTERA DE CONSUMO O VIVIENDA ($),Dic-2024,130460.2,2026-04-19
00094,BANCO DE CORRIENTES S.A.,publico,situacion_deudores,Total cartera sobre financiaciones (%),Dic-2024,50.8,2026-04-19
00094,BANCO DE CORRIENTES S.A.,publico,situacion_deudores,C.CON.Sit.1: En situación normal (%),Dic-2024,96.41,2026-04-19
00094,BANCO DE CORRIENTES S.A.,publico,situacion_deudores,C.CON.Sit.2: Riesgo bajo (%),Dic-2024,1.36,2026-04-19
00094,BANCO DE CORRIENTES S.A.,publico,situacion_deudores,C.CON.Sit.3: Riesgo medio (%),Dic-2024,1.07,2026-04-19
00094,BANCO DE CORRIENTES S.A.,publico,situacion_deudores,C.CON.Sit.4: Riesgo alto (%),Dic-2024,0.81,2026-04-19
00094,BANCO DE CORRIENTES S.A.,publico,situacion_deudores,C.CON.Sit.5: Irrecuperable (%),Dic-2024,0.35,2026-04-19
00094,BANCO DE CORRIENTES S.A.,publico,situacion_deudores,C.CON.TOTAL GARANTIZADO - Garantías Preferidas A y B (%),Dic-2024,2.03,2026-04-19
00094,BANCO DE CORRIENTES S.A.,publico,situacion_deudores,CARTERA COMERCIAL ASIMILABLE A CONSUMO ($),Dic-2024,69762.26,2026-04-19
00094,BANCO DE CORRIENTES S.A.,publico,situacion_deudores,Total cartera sobre financiaciones (%),Dic-2024,27.17,2026-04-19
00094,BANCO DE CORRIENTES S.A.,publico,situacion_deudores,C.CAC.Sit.1: En situación normal (%),Dic-2024,92.85,2026-04-19
00094,BANCO DE CORRIENTES S.A.,publico,situacion_deudores,C.CAC.Sit.2: Riesgo bajo (%),Dic-2024,3.52,2026-04-19
00094,BANCO DE CORRIENTES S.A.,publico,situacion_deudores,C.CAC.Sit.3: Riesgo medio (%),Dic-2024,1.38,2026-04-19
00094,BANCO DE CORRIENTES S.A.,publico,situacion_deudores,C.CAC.Sit.4: Riesgo alto (%),Dic-2024,1.1,2026-04-19
00094,BANCO DE CORRIENTES S.A.,publico,situacion_deudores,C.CAC.Sit.5: Irrecuperable (%),Dic-2024,1.16,2026-04-19
00094,BANCO DE CORRIENTES S.A.,publico,situacion_deudores,C.CAC.TOTAL GARANTIZADO - Garantías Preferidas A y B (%),Dic-2024,5.54,2026-04-19
00094,BANCO DE CORRIENTES S.A.,publico,situacion_deudores,TOTAL DE FINANCIACIONES Y GARANTIAS OTORGADAS ($),Nov-2025,497345.97,2026-04-19
00094,BANCO DE CORRIENTES S.A.,publico,situacion_deudores,TF.Sit.1: En situación normal (%),Nov-2025,90.25,2026-04-19
00094,BANCO DE CORRIENTES S.A.,publico,situacion_deudores,TF.Sit.2: Con seguimiento especial/Riesgo bajo (%),Nov-2025,3.84,2026-04-19
00094,BANCO DE CORRIENTES S.A.,publico,situacion_deudores,TF.Sit.3: Con problemas/Riesgo medio (%),Nov-2025,2.63,2026-04-19
00094,BANCO DE CORRIENTES S.A.,publico,situacion_deudores,TF.Sit.4: Con alto riesgo de insolvencia/Riesgo alto (%),Nov-2025,2.36,2026-04-19
00094,BANCO DE CORRIENTES S.A.,publico,situacion_deudores,TF.Sit.5: Irrecuperable (%),Nov-2025,0.91,2026-04-19
00094,BANCO DE CORRIENTES S.A.,publico,situacion_deudores,TOTAL GARANTIZADO - Garantías Preferidas A y B (%),Nov-2025,5.47,2026-04-19
00094,BANCO DE CORRIENTES S.A.,publico,situacion_deudores,Previsiones por riesgo de incobrabilidad constituídas,Nov-2025,25739.15,2026-04-19
00094,BANCO DE CORRIENTES S.A.,publico,situacion_deudores,CARTERA COMERCIAL ($),Nov-2025,133130.44,2026-04-19
00094,BANCO DE CORRIENTES S.A.,publico,situacion_deudores,Total cartera sobre financiaciones (%),Nov-2025,26.77,2026-04-19
00094,BANCO DE CORRIENTES S.A.,publico,situacion_deudores,C.COM.Sit.1: En situación normal (%),Nov-2025,96.17,2026-04-19
00094,BANCO DE CORRIENTES S.A.,publico,situacion_deudores,C.COM.Sit.2: Con seguimiento especial (%),Nov-2025,1.14,2026-04-19
00094,BANCO DE CORRIENTES S.A.,publico,situacion_deudores,C.COM.Sit.3: Con problemas (%),Nov-2025,0.0,2026-04-19
00094,BANCO DE CORRIENTES S.A.,publico,situacion_deudores,C.COM.Sit.4: Con alto riesgo de insolvencia (%),Nov-2025,2.68,2026-04-19
00094,BANCO DE CORRIENTES S.A.,publico,situacion_deudores,C.COM.Sit.5: Irrecuperable (%),Nov-2025,0.0,2026-04-19
00094,BANCO DE CORRIENTES S.A.,publico,situacion_deudores,C.COM.TOTAL GARANTIZADO - Garantías Preferidas A y B (%),Nov-2025,4.44,2026-04-19
00094,BANCO DE CORRIENTES S.A.,publico,situacion_deudores,CARTERA DE CONSUMO O VIVIENDA ($),Nov-2025,233775.63,2026-04-19
00094,BANCO DE CORRIENTES S.A.,publico,situacion_deudores,Total cartera sobre financiaciones (%),Nov-2025,47.0,2026-04-19
00094,BANCO DE CORRIENTES S.A.,publico,situacion_deudores,C.CON.Sit.1: En situación normal (%),Nov-2025,91.31,2026-04-19
00094,BANCO DE CORRIENTES S.A.,publico,situacion_deudores,C.CON.Sit.2: Riesgo bajo (%),Nov-2025,2.98,2026-04-19
00094,BANCO DE CORRIENTES S.A.,publico,situacion_deudores,C.CON.Sit.3: Riesgo medio (%),Nov-2025,2.34,2026-04-19
00094,BANCO DE CORRIENTES S.A.,publico,situacion_deudores,C.CON.Sit.4: Riesgo alto (%),Nov-2025,2.27,2026-04-19
00094,BANCO DE CORRIENTES S.A.,publico,situacion_deudores,C.CON.Sit.5: Irrecuperable (%),Nov-2025,1.1,2026-04-19
00094,BANCO DE CORRIENTES S.A.,publico,situacion_deudores,C.CON.TOTAL GARANTIZADO - Garantías Preferidas A y B (%),Nov-2025,6.15,2026-04-19
00094,BANCO DE CORRIENTES S.A.,publico,situacion_deudores,CARTERA COMERCIAL ASIMILABLE A CONSUMO ($),Nov-2025,130439.91,2026-04-19
00094,BANCO DE CORRIENTES S.A.,publico,situacion_deudores,Total cartera sobre financiaciones (%),Nov-2025,26.23,2026-04-19
00094,BANCO DE CORRIENTES S.A.,publico,situacion_deudores,C.CAC.Sit.1: En situación normal (%),Nov-2025,82.32,2026-04-19
00094,BANCO DE CORRIENTES S.A.,publico,situacion_deudores,C.CAC.Sit.2: Riesgo bajo (%),Nov-2025,8.12,2026-04-19
00094,BANCO DE CORRIENTES S.A.,publico,situacion_deudores,C.CAC.Sit.3: Riesgo medio (%),Nov-2025,5.85,2026-04-19
00094,BANCO DE CORRIENTES S.A.,publico,situacion_deudores,C.CAC.Sit.4: Riesgo alto (%),Nov-2025,2.2,2026-04-19
00094,BANCO DE CORRIENTES S.A.,publico,situacion_deudores,C.CAC.Sit.5: Irrecuperable (%),Nov-2025,1.51,2026-04-19
00094,BANCO DE CORRIENTES S.A.,publico,situacion_deudores,C.CAC.TOTAL GARANTIZADO - Garantías Preferidas A y B (%),Nov-2025,5.3,2026-04-19
00094,BANCO DE CORRIENTES S.A.,publico,situacion_deudores,TOTAL DE FINANCIACIONES Y GARANTIAS OTORGADAS ($),Dic-2025,524428.27,2026-04-19
00094,BANCO DE CORRIENTES S.A.,publico,situacion_deudores,TF.Sit.1: En situación normal (%),Dic-2025,90.24,2026-04-19
00094,BANCO DE CORRIENTES S.A.,publico,situacion_deudores,TF.Sit.2: Con seguimiento especial/Riesgo bajo (%),Dic-2025,3.5,2026-04-19
00094,BANCO DE CORRIENTES S.A.,publico,situacion_deudores,TF.Sit.3: Con problemas/Riesgo medio (%),Dic-2025,2.64,2026-04-19
00094,BANCO DE CORRIENTES S.A.,publico,situacion_deudores,TF.Sit.4: Con alto riesgo de insolvencia/Riesgo alto (%),Dic-2025,2.63,2026-04-19
00094,BANCO DE CORRIENTES S.A.,publico,situacion_deudores,TF.Sit.5: Irrecuperable (%),Dic-2025,1.0,2026-04-19
00094,BANCO DE CORRIENTES S.A.,publico,situacion_deudores,TOTAL GARANTIZADO - Garantías Preferidas A y B (%),Dic-2025,6.28,2026-04-19
00094,BANCO DE CORRIENTES S.A.,publico,situacion_deudores,Previsiones por riesgo de incobrabilidad constituídas,Dic-2025,26937.71,2026-04-19
00094,BANCO DE CORRIENTES S.A.,publico,situacion_deudores,CARTERA COMERCIAL ($),Dic-2025,154802.96,2026-04-19
00094,BANCO DE CORRIENTES S.A.,publico,situacion_deudores,Total cartera sobre financiaciones (%),Dic-2025,29.52,2026-04-19
00094,BANCO DE CORRIENTES S.A.,publico,situacion_deudores,C.COM.Sit.1: En situación normal (%),Dic-2025,96.77,2026-04-19
00094,BANCO DE CORRIENTES S.A.,publico,situacion_deudores,C.COM.Sit.2: Con seguimiento especial (%),Dic-2025,0.85,2026-04-19
00094,BANCO DE CORRIENTES S.A.,publico,situacion_deudores,C.COM.Sit.3: Con problemas (%),Dic-2025,0.07,2026-04-19
00094,BANCO DE CORRIENTES S.A.,publico,situacion_deudores,C.COM.Sit.4: Con alto riesgo de insolvencia (%),Dic-2025,2.31,2026-04-19
00094,BANCO DE CORRIENTES S.A.,publico,situacion_deudores,C.COM.Sit.5: Irrecuperable (%),Dic-2025,0.0,2026-04-19
00094,BANCO DE CORRIENTES S.A.,publico,situacion_deudores,C.COM.TOTAL GARANTIZADO - Garantías Preferidas A y B (%),Dic-2025,5.79,2026-04-19
00094,BANCO DE CORRIENTES S.A.,publico,situacion_deudores,CARTERA DE CONSUMO O VIVIENDA ($),Dic-2025,235790.23,2026-04-19
00094,BANCO DE CORRIENTES S.A.,publico,situacion_deudores,Total cartera sobre financiaciones (%),Dic-2025,44.96,2026-04-19
00094,BANCO DE CORRIENTES S.A.,publico,situacion_deudores,C.CON.Sit.1: En situación normal (%),Dic-2025,90.44,2026-04-19
00094,BANCO DE CORRIENTES S.A.,publico,situacion_deudores,C.CON.Sit.2: Riesgo bajo (%),Dic-2025,3.38,2026-04-19
00094,BANCO DE CORRIENTES S.A.,publico,situacion_deudores,C.CON.Sit.3: Riesgo medio (%),Dic-2025,2.13,2026-04-19
00094,BANCO DE CORRIENTES S.A.,publico,situacion_deudores,C.CON.Sit.4: Riesgo alto (%),Dic-2025,2.77,2026-04-19
00094,BANCO DE CORRIENTES S.A.,publico,situacion_deudores,C.CON.Sit.5: Irrecuperable (%),Dic-2025,1.28,2026-04-19
00094,BANCO DE CORRIENTES S.A.,publico,situacion_deudores,C.CON.TOTAL GARANTIZADO - Garantías Preferidas A y B (%),Dic-2025,6.27,2026-04-19
00094,BANCO DE CORRIENTES S.A.,publico,situacion_deudores,CARTERA COMERCIAL ASIMILABLE A CONSUMO ($),Dic-2025,133835.07,2026-04-19
00094,BANCO DE CORRIENTES S.A.,publico,situacion_deudores,Total cartera sobre financiaciones (%),Dic-2025,25.52,2026-04-19
00094,BANCO DE CORRIENTES S.A.,publico,situacion_deudores,C.CAC.Sit.1: En situación normal (%),Dic-2025,82.33,2026-04-19
00094,BANCO DE CORRIENTES S.A.,publico,situacion_deudores,C.CAC.Sit.2: Riesgo bajo (%),Dic-2025,6.77,2026-04-19
00094,BANCO DE CORRIENTES S.A.,publico,situacion_deudores,C.CAC.Sit.3: Riesgo medio (%),Dic-2025,6.5,2026-04-19
00094,BANCO DE CORRIENTES S.A.,publico,situacion_deudores,C.CAC.Sit.4: Riesgo alto (%),Dic-2025,2.75,2026-04-19
00094,BANCO DE CORRIENTES S.A.,publico,situacion_deudores,C.CAC.Sit.5: Irrecuperable (%),Dic-2025,1.65,2026-04-19
00094,BANCO DE CORRIENTES S.A.,publico,situacion_deudores,C.CAC.TOTAL GARANTIZADO - Garantías Preferidas A y B (%),Dic-2025,6.87,2026-04-19
00094,BANCO DE CORRIENTES S.A.,publico,situacion_deudores,TOTAL DE FINANCIACIONES Y GARANTIAS OTORGADAS ($),Ene-2026,526553.74,2026-04-19
00094,BANCO DE CORRIENTES S.A.,publico,situacion_deudores,TF.Sit.1: En situación normal (%),Ene-2026,87.34,2026-04-19
00094,BANCO DE CORRIENTES S.A.,publico,situacion_deudores,TF.Sit.2: Con seguimiento especial/Riesgo bajo (%),Ene-2026,5.36,2026-04-19
00094,BANCO DE CORRIENTES S.A.,publico,situacion_deudores,TF.Sit.3: Con problemas/Riesgo medio (%),Ene-2026,2.84,2026-04-19
00094,BANCO DE CORRIENTES S.A.,publico,situacion_deudores,TF.Sit.4: Con alto riesgo de insolvencia/Riesgo alto (%),Ene-2026,3.33,2026-04-19
00094,BANCO DE CORRIENTES S.A.,publico,situacion_deudores,TF.Sit.5: Irrecuperable (%),Ene-2026,1.13,2026-04-19
00094,BANCO DE CORRIENTES S.A.,publico,situacion_deudores,TOTAL GARANTIZADO - Garantías Preferidas A y B (%),Ene-2026,5.56,2026-04-19
00094,BANCO DE CORRIENTES S.A.,publico,situacion_deudores,Previsiones por riesgo de incobrabilidad constituídas,Ene-2026,33100.24,2026-04-19
00094,BANCO DE CORRIENTES S.A.,publico,situacion_deudores,CARTERA COMERCIAL ($),Ene-2026,148857.32,2026-04-19
00094,BANCO DE CORRIENTES S.A.,publico,situacion_deudores,Total cartera sobre financiaciones (%),Ene-2026,28.27,2026-04-19
00094,BANCO DE CORRIENTES S.A.,publico,situacion_deudores,C.COM.Sit.1: En situación normal (%),Ene-2026,89.33,2026-04-19
00094,BANCO DE CORRIENTES S.A.,publico,situacion_deudores,C.COM.Sit.2: Con seguimiento especial (%),Ene-2026,8.27,2026-04-19
00094,BANCO DE CORRIENTES S.A.,publico,situacion_deudores,C.COM.Sit.3: Con problemas (%),Ene-2026,0.0,2026-04-19
00094,BANCO DE CORRIENTES S.A.,publico,situacion_deudores,C.COM.Sit.4: Con alto riesgo de insolvencia (%),Ene-2026,2.4,2026-04-19
00094,BANCO DE CORRIENTES S.A.,publico,situacion_deudores,C.COM.Sit.5: Irrecuperable (%),Ene-2026,0.0,2026-04-19
00094,BANCO DE CORRIENTES S.A.,publico,situacion_deudores,C.COM.TOTAL GARANTIZADO - Garantías Preferidas A y B (%),Ene-2026,4.73,2026-04-19
00094,BANCO DE CORRIENTES S.A.,publico,situacion_deudores,CARTERA DE CONSUMO O VIVIENDA ($),Ene-2026,239770.78,2026-04-19
00094,BANCO DE CORRIENTES S.A.,publico,situacion_deudores,Total cartera sobre financiaciones (%),Ene-2026,45.54,2026-04-19
00094,BANCO DE CORRIENTES S.A.,publico,situacion_deudores,C.CON.Sit.1: En situación normal (%),Ene-2026,89.89,2026-04-19
00094,BANCO DE CORRIENTES S.A.,publico,situacion_deudores,C.CON.Sit.2: Riesgo bajo (%),Ene-2026,2.82,2026-04-19
00094,BANCO DE CORRIENTES S.A.,publico,situacion_deudores,C.CON.Sit.3: Riesgo medio (%),Ene-2026,3.09,2026-04-19
00094,BANCO DE CORRIENTES S.A.,publico,situacion_deudores,C.CON.Sit.4: Riesgo alto (%),Ene-2026,2.72,2026-04-19
00094,BANCO DE CORRIENTES S.A.,publico,situacion_deudores,C.CON.Sit.5: Irrecuperable (%),Ene-2026,1.48,2026-04-19
00094,BANCO DE CORRIENTES S.A.,publico,situacion_deudores,C.CON.TOTAL GARANTIZADO - Garantías Preferidas A y B (%),Ene-2026,6.33,2026-04-19
00094,BANCO DE CORRIENTES S.A.,publico,situacion_deudores,CARTERA COMERCIAL ASIMILABLE A CONSUMO ($),Ene-2026,137925.65,2026-04-19
00094,BANCO DE CORRIENTES S.A.,publico,situacion_deudores,Total cartera sobre financiaciones (%),Ene-2026,26.19,2026-04-19
00094,BANCO DE CORRIENTES S.A.,publico,situacion_deudores,C.CAC.Sit.1: En situación normal (%),Ene-2026,80.75,2026-04-19
00094,BANCO DE CORRIENTES S.A.,publico,situacion_deudores,C.CAC.Sit.2: Riesgo bajo (%),Ene-2026,6.65,2026-04-19
00094,BANCO DE CORRIENTES S.A.,publico,situacion_deudores,C.CAC.Sit.3: Riesgo medio (%),Ene-2026,5.48,2026-04-19
00094,BANCO DE CORRIENTES S.A.,publico,situacion_deudores,C.CAC.Sit.4: Riesgo alto (%),Ene-2026,5.4,2026-04-19
00094,BANCO DE CORRIENTES S.A.,publico,situacion_deudores,C.CAC.Sit.5: Irrecuperable (%),Ene-2026,1.72,2026-04-19
00094,BANCO DE CORRIENTES S.A.,publico,situacion_deudores,C.CAC.TOTAL GARANTIZADO - Garantías Preferidas A y B (%),Ene-2026,5.13,2026-04-19
00315,BANCO DE FORMOSA S.A.,publico,situacion_deudores,TOTAL DE FINANCIACIONES Y GARANTIAS OTORGADAS ($),Dic-2023,42898.11,2026-04-19
00315,BANCO DE FORMOSA S.A.,publico,situacion_deudores,TF.Sit.1: En situación normal (%),Dic-2023,95.5,2026-04-19
00315,BANCO DE FORMOSA S.A.,publico,situacion_deudores,TF.Sit.2: Con seguimiento especial/Riesgo bajo (%),Dic-2023,1.52,2026-04-19
00315,BANCO DE FORMOSA S.A.,publico,situacion_deudores,TF.Sit.3: Con problemas/Riesgo medio (%),Dic-2023,1.07,2026-04-19
00315,BANCO DE FORMOSA S.A.,publico,situacion_deudores,TF.Sit.4: Con alto riesgo de insolvencia/Riesgo alto (%),Dic-2023,1.49,2026-04-19
00315,BANCO DE FORMOSA S.A.,publico,situacion_deudores,TF.Sit.5: Irrecuperable (%),Dic-2023,0.42,2026-04-19
00315,BANCO DE FORMOSA S.A.,publico,situacion_deudores,TOTAL GARANTIZADO - Garantías Preferidas A y B (%),Dic-2023,10.18,2026-04-19
00315,BANCO DE FORMOSA S.A.,publico,situacion_deudores,Previsiones por riesgo de incobrabilidad constituídas,Dic-2023,1050.73,2026-04-19
00315,BANCO DE FORMOSA S.A.,publico,situacion_deudores,CARTERA COMERCIAL ($),Dic-2023,997.35,2026-04-19
00315,BANCO DE FORMOSA S.A.,publico,situacion_deudores,Total cartera sobre financiaciones (%),Dic-2023,2.32,2026-04-19
00315,BANCO DE FORMOSA S.A.,publico,situacion_deudores,C.COM.Sit.1: En situación normal (%),Dic-2023,100.0,2026-04-19
00315,BANCO DE FORMOSA S.A.,publico,situacion_deudores,C.COM.TOTAL GARANTIZADO - Garantías Preferidas A y B (%),Dic-2023,23.33,2026-04-19
00315,BANCO DE FORMOSA S.A.,publico,situacion_deudores,CARTERA DE CONSUMO O VIVIENDA ($),Dic-2023,29065.05,2026-04-19
00315,BANCO DE FORMOSA S.A.,publico,situacion_deudores,Total cartera sobre financiaciones (%),Dic-2023,67.75,2026-04-19
00315,BANCO DE FORMOSA S.A.,publico,situacion_deudores,C.CON.Sit.1: En situación normal (%),Dic-2023,95.52,2026-04-19
00315,BANCO DE FORMOSA S.A.,publico,situacion_deudores,C.CON.Sit.2: Riesgo bajo (%),Dic-2023,1.4,2026-04-19
00315,BANCO DE FORMOSA S.A.,publico,situacion_deudores,C.CON.Sit.3: Riesgo medio (%),Dic-2023,1.28,2026-04-19
00315,BANCO DE FORMOSA S.A.,publico,situacion_deudores,C.CON.Sit.4: Riesgo alto (%),Dic-2023,1.3,2026-04-19
00315,BANCO DE FORMOSA S.A.,publico,situacion_deudores,C.CON.Sit.5: Irrecuperable (%),Dic-2023,0.5,2026-04-19
00315,BANCO DE FORMOSA S.A.,publico,situacion_deudores,C.CON.TOTAL GARANTIZADO - Garantías Preferidas A y B (%),Dic-2023,6.22,2026-04-19
00315,BANCO DE FORMOSA S.A.,publico,situacion_deudores,CARTERA COMERCIAL ASIMILABLE A CONSUMO ($),Dic-2023,12835.7,2026-04-19
00315,BANCO DE FORMOSA S.A.,publico,situacion_deudores,Total cartera sobre financiaciones (%),Dic-2023,29.92,2026-04-19
00315,BANCO DE FORMOSA S.A.,publico,situacion_deudores,C.CAC.Sit.1: En situación normal (%),Dic-2023,95.13,2026-04-19
00315,BANCO DE FORMOSA S.A.,publico,situacion_deudores,C.CAC.Sit.2: Riesgo bajo (%),Dic-2023,1.9,2026-04-19
00315,BANCO DE FORMOSA S.A.,publico,situacion_deudores,C.CAC.Sit.3: Riesgo medio (%),Dic-2023,0.66,2026-04-19
00315,BANCO DE FORMOSA S.A.,publico,situacion_deudores,C.CAC.Sit.4: Riesgo alto (%),Dic-2023,2.05,2026-04-19
00315,BANCO DE FORMOSA S.A.,publico,situacion_deudores,C.CAC.Sit.5: Irrecuperable (%),Dic-2023,0.26,2026-04-19
00315,BANCO DE FORMOSA S.A.,publico,situacion_deudores,C.CAC.TOTAL GARANTIZADO - Garantías Preferidas A y B (%),Dic-2023,18.14,2026-04-19
00315,BANCO DE FORMOSA S.A.,publico,situacion_deudores,TOTAL DE FINANCIACIONES Y GARANTIAS OTORGADAS ($),Dic-2024,111042.3,2026-04-19
00315,BANCO DE FORMOSA S.A.,publico,situacion_deudores,TF.Sit.1: En situación normal (%),Dic-2024,95.64,2026-04-19
00315,BANCO DE FORMOSA S.A.,publico,situacion_deudores,TF.Sit.2: Con seguimiento especial/Riesgo bajo (%),Dic-2024,1.63,2026-04-19
00315,BANCO DE FORMOSA S.A.,publico,situacion_deudores,TF.Sit.3: Con problemas/Riesgo medio (%),Dic-2024,1.29,2026-04-19
00315,BANCO DE FORMOSA S.A.,publico,situacion_deudores,TF.Sit.4: Con alto riesgo de insolvencia/Riesgo alto (%),Dic-2024,0.88,2026-04-19
00315,BANCO DE FORMOSA S.A.,publico,situacion_deudores,TF.Sit.5: Irrecuperable (%),Dic-2024,0.56,2026-04-19
00315,BANCO DE FORMOSA S.A.,publico,situacion_deudores,TOTAL GARANTIZADO - Garantías Preferidas A y B (%),Dic-2024,8.74,2026-04-19
00315,BANCO DE FORMOSA S.A.,publico,situacion_deudores,Previsiones por riesgo de incobrabilidad constituídas,Dic-2024,2503.75,2026-04-19
00315,BANCO DE FORMOSA S.A.,publico,situacion_deudores,CARTERA COMERCIAL ($),Dic-2024,3877.2,2026-04-19
00315,BANCO DE FORMOSA S.A.,publico,situacion_deudores,Total cartera sobre financiaciones (%),Dic-2024,3.49,2026-04-19
00315,BANCO DE FORMOSA S.A.,publico,situacion_deudores,C.COM.Sit.1: En situación normal (%),Dic-2024,100.0,2026-04-19
00315,BANCO DE FORMOSA S.A.,publico,situacion_deudores,C.COM.TOTAL GARANTIZADO - Garantías Preferidas A y B (%),Dic-2024,18.73,2026-04-19
00315,BANCO DE FORMOSA S.A.,publico,situacion_deudores,CARTERA DE CONSUMO O VIVIENDA ($),Dic-2024,77382.55,2026-04-19
00315,BANCO DE FORMOSA S.A.,publico,situacion_deudores,Total cartera sobre financiaciones (%),Dic-2024,69.69,2026-04-19
00315,BANCO DE FORMOSA S.A.,publico,situacion_deudores,C.CON.Sit.1: En situación normal (%),Dic-2024,96.02,2026-04-19
00315,BANCO DE FORMOSA S.A.,publico,situacion_deudores,C.CON.Sit.2: Riesgo bajo (%),Dic-2024,1.47,2026-04-19
00315,BANCO DE FORMOSA S.A.,publico,situacion_deudores,C.CON.Sit.3: Riesgo medio (%),Dic-2024,1.22,2026-04-19
00315,BANCO DE FORMOSA S.A.,publico,situacion_deudores,C.CON.Sit.4: Riesgo alto (%),Dic-2024,0.97,2026-04-19
00315,BANCO DE FORMOSA S.A.,publico,situacion_deudores,C.CON.Sit.5: Irrecuperable (%),Dic-2024,0.31,2026-04-19
00315,BANCO DE FORMOSA S.A.,publico,situacion_deudores,C.CON.TOTAL GARANTIZADO - Garantías Preferidas A y B (%),Dic-2024,6.35,2026-04-19
00315,BANCO DE FORMOSA S.A.,publico,situacion_deudores,CARTERA COMERCIAL ASIMILABLE A CONSUMO ($),Dic-2024,29782.55,2026-04-19
00315,BANCO DE FORMOSA S.A.,publico,situacion_deudores,Total cartera sobre financiaciones (%),Dic-2024,26.82,2026-04-19
00315,BANCO DE FORMOSA S.A.,publico,situacion_deudores,C.CAC.Sit.1: En situación normal (%),Dic-2024,94.07,2026-04-19
00315,BANCO DE FORMOSA S.A.,publico,situacion_deudores,C.CAC.Sit.2: Riesgo bajo (%),Dic-2024,2.28,2026-04-19
00315,BANCO DE FORMOSA S.A.,publico,situacion_deudores,C.CAC.Sit.3: Riesgo medio (%),Dic-2024,1.62,2026-04-19
00315,BANCO DE FORMOSA S.A.,publico,situacion_deudores,C.CAC.Sit.4: Riesgo alto (%),Dic-2024,0.77,2026-04-19
00315,BANCO DE FORMOSA S.A.,publico,situacion_deudores,C.CAC.Sit.5: Irrecuperable (%),Dic-2024,1.26,2026-04-19
00315,BANCO DE FORMOSA S.A.,publico,situacion_deudores,C.CAC.TOTAL GARANTIZADO - Garantías Preferidas A y B (%),Dic-2024,13.62,2026-04-19
00315,BANCO DE FORMOSA S.A.,publico,situacion_deudores,TOTAL DE FINANCIACIONES Y GARANTIAS OTORGADAS ($),Nov-2025,258938.54,2026-04-19
00315,BANCO DE FORMOSA S.A.,publico,situacion_deudores,TF.Sit.1: En situación normal (%),Nov-2025,94.21,2026-04-19
00315,BANCO DE FORMOSA S.A.,publico,situacion_deudores,TF.Sit.2: Con seguimiento especial/Riesgo bajo (%),Nov-2025,2.53,2026-04-19
00315,BANCO DE FORMOSA S.A.,publico,situacion_deudores,TF.Sit.3: Con problemas/Riesgo medio (%),Nov-2025,1.5,2026-04-19
00315,BANCO DE FORMOSA S.A.,publico,situacion_deudores,TF.Sit.4: Con alto riesgo de insolvencia/Riesgo alto (%),Nov-2025,1.31,2026-04-19
00315,BANCO DE FORMOSA S.A.,publico,situacion_deudores,TF.Sit.5: Irrecuperable (%),Nov-2025,0.46,2026-04-19
00315,BANCO DE FORMOSA S.A.,publico,situacion_deudores,TOTAL GARANTIZADO - Garantías Preferidas A y B (%),Nov-2025,8.24,2026-04-19
00315,BANCO DE FORMOSA S.A.,publico,situacion_deudores,Previsiones por riesgo de incobrabilidad constituídas,Nov-2025,6445.25,2026-04-19
00315,BANCO DE FORMOSA S.A.,publico,situacion_deudores,CARTERA COMERCIAL ($),Nov-2025,12593.6,2026-04-19
00315,BANCO DE FORMOSA S.A.,publico,situacion_deudores,Total cartera sobre financiaciones (%),Nov-2025,4.86,2026-04-19
00315,BANCO DE FORMOSA S.A.,publico,situacion_deudores,C.COM.Sit.1: En situación normal (%),Nov-2025,100.0,2026-04-19
00315,BANCO DE FORMOSA S.A.,publico,situacion_deudores,C.COM.TOTAL GARANTIZADO - Garantías Preferidas A y B (%),Nov-2025,13.83,2026-04-19
00315,BANCO DE FORMOSA S.A.,publico,situacion_deudores,CARTERA DE CONSUMO O VIVIENDA ($),Nov-2025,186041.75,2026-04-19
00315,BANCO DE FORMOSA S.A.,publico,situacion_deudores,Total cartera sobre financiaciones (%),Nov-2025,71.85,2026-04-19
00315,BANCO DE FORMOSA S.A.,publico,situacion_deudores,C.CON.Sit.1: En situación normal (%),Nov-2025,94.95,2026-04-19
00315,BANCO DE FORMOSA S.A.,publico,situacion_deudores,C.CON.Sit.2: Riesgo bajo (%),Nov-2025,2.49,2026-04-19
00315,BANCO DE FORMOSA S.A.,publico,situacion_deudores,C.CON.Sit.3: Riesgo medio (%),Nov-2025,1.12,2026-04-19
00315,BANCO DE FORMOSA S.A.,publico,situacion_deudores,C.CON.Sit.4: Riesgo alto (%),Nov-2025,1.09,2026-04-19
00315,BANCO DE FORMOSA S.A.,publico,situacion_deudores,C.CON.Sit.5: Irrecuperable (%),Nov-2025,0.36,2026-04-19
00315,BANCO DE FORMOSA S.A.,publico,situacion_deudores,C.CON.TOTAL GARANTIZADO - Garantías Preferidas A y B (%),Nov-2025,5.9,2026-04-19
00315,BANCO DE FORMOSA S.A.,publico,situacion_deudores,CARTERA COMERCIAL ASIMILABLE A CONSUMO ($),Nov-2025,60303.19,2026-04-19
00315,BANCO DE FORMOSA S.A.,publico,situacion_deudores,Total cartera sobre financiaciones (%),Nov-2025,23.29,2026-04-19
00315,BANCO DE FORMOSA S.A.,publico,situacion_deudores,C.CAC.Sit.1: En situación normal (%),Nov-2025,90.73,2026-04-19
00315,BANCO DE FORMOSA S.A.,publico,situacion_deudores,C.CAC.Sit.2: Riesgo bajo (%),Nov-2025,3.17,2026-04-19
00315,BANCO DE FORMOSA S.A.,publico,situacion_deudores,C.CAC.Sit.3: Riesgo medio (%),Nov-2025,2.97,2026-04-19
00315,BANCO DE FORMOSA S.A.,publico,situacion_deudores,C.CAC.Sit.4: Riesgo alto (%),Nov-2025,2.26,2026-04-19
00315,BANCO DE FORMOSA S.A.,publico,situacion_deudores,C.CAC.Sit.5: Irrecuperable (%),Nov-2025,0.88,2026-04-19
00315,BANCO DE FORMOSA S.A.,publico,situacion_deudores,C.CAC.TOTAL GARANTIZADO - Garantías Preferidas A y B (%),Nov-2025,14.3,2026-04-19
00315,BANCO DE FORMOSA S.A.,publico,situacion_deudores,TOTAL DE FINANCIACIONES Y GARANTIAS OTORGADAS ($),Dic-2025,238780.47,2026-04-19
00315,BANCO DE FORMOSA S.A.,publico,situacion_deudores,TF.Sit.1: En situación normal (%),Dic-2025,93.86,2026-04-19
00315,BANCO DE FORMOSA S.A.,publico,situacion_deudores,TF.Sit.2: Con seguimiento especial/Riesgo bajo (%),Dic-2025,2.19,2026-04-19
00315,BANCO DE FORMOSA S.A.,publico,situacion_deudores,TF.Sit.3: Con problemas/Riesgo medio (%),Dic-2025,1.84,2026-04-19
00315,BANCO DE FORMOSA S.A.,publico,situacion_deudores,TF.Sit.4: Con alto riesgo de insolvencia/Riesgo alto (%),Dic-2025,1.54,2026-04-19
00315,BANCO DE FORMOSA S.A.,publico,situacion_deudores,TF.Sit.5: Irrecuperable (%),Dic-2025,0.57,2026-04-19
00315,BANCO DE FORMOSA S.A.,publico,situacion_deudores,TOTAL GARANTIZADO - Garantías Preferidas A y B (%),Dic-2025,8.98,2026-04-19
00315,BANCO DE FORMOSA S.A.,publico,situacion_deudores,Previsiones por riesgo de incobrabilidad constituídas,Dic-2025,8018.01,2026-04-19
00315,BANCO DE FORMOSA S.A.,publico,situacion_deudores,CARTERA COMERCIAL ($),Dic-2025,7544.7,2026-04-19
00315,BANCO DE FORMOSA S.A.,publico,situacion_deudores,Total cartera sobre financiaciones (%),Dic-2025,3.16,2026-04-19
00315,BANCO DE FORMOSA S.A.,publico,situacion_deudores,C.COM.Sit.1: En situación normal (%),Dic-2025,100.0,2026-04-19
00315,BANCO DE FORMOSA S.A.,publico,situacion_deudores,C.COM.TOTAL GARANTIZADO - Garantías Preferidas A y B (%),Dic-2025,25.02,2026-04-19
00315,BANCO DE FORMOSA S.A.,publico,situacion_deudores,CARTERA DE CONSUMO O VIVIENDA ($),Dic-2025,173131.46,2026-04-19
00315,BANCO DE FORMOSA S.A.,publico,situacion_deudores,Total cartera sobre financiaciones (%),Dic-2025,72.51,2026-04-19
00315,BANCO DE FORMOSA S.A.,publico,situacion_deudores,C.CON.Sit.1: En situación normal (%),Dic-2025,95.13,2026-04-19
00315,BANCO DE FORMOSA S.A.,publico,situacion_deudores,C.CON.Sit.2: Riesgo bajo (%),Dic-2025,1.69,2026-04-19
00315,BANCO DE FORMOSA S.A.,publico,situacion_deudores,C.CON.Sit.3: Riesgo medio (%),Dic-2025,1.55,2026-04-19
00315,BANCO DE FORMOSA S.A.,publico,situacion_deudores,C.CON.Sit.4: Riesgo alto (%),Dic-2025,1.21,2026-04-19
00315,BANCO DE FORMOSA S.A.,publico,situacion_deudores,C.CON.Sit.5: Irrecuperable (%),Dic-2025,0.42,2026-04-19
00315,BANCO DE FORMOSA S.A.,publico,situacion_deudores,C.CON.TOTAL GARANTIZADO - Garantías Preferidas A y B (%),Dic-2025,6.37,2026-04-19
00315,BANCO DE FORMOSA S.A.,publico,situacion_deudores,CARTERA COMERCIAL ASIMILABLE A CONSUMO ($),Dic-2025,58104.31,2026-04-19
00315,BANCO DE FORMOSA S.A.,publico,situacion_deudores,Total cartera sobre financiaciones (%),Dic-2025,24.33,2026-04-19
00315,BANCO DE FORMOSA S.A.,publico,situacion_deudores,C.CAC.Sit.1: En situación normal (%),Dic-2025,89.27,2026-04-19
00315,BANCO DE FORMOSA S.A.,publico,situacion_deudores,C.CAC.Sit.2: Riesgo bajo (%),Dic-2025,3.95,2026-04-19
00315,BANCO DE FORMOSA S.A.,publico,situacion_deudores,C.CAC.Sit.3: Riesgo medio (%),Dic-2025,2.94,2026-04-19
00315,BANCO DE FORMOSA S.A.,publico,situacion_deudores,C.CAC.Sit.4: Riesgo alto (%),Dic-2025,2.74,2026-04-19
00315,BANCO DE FORMOSA S.A.,publico,situacion_deudores,C.CAC.Sit.5: Irrecuperable (%),Dic-2025,1.1,2026-04-19
00315,BANCO DE FORMOSA S.A.,publico,situacion_deudores,C.CAC.TOTAL GARANTIZADO - Garantías Preferidas A y B (%),Dic-2025,14.68,2026-04-19
00315,BANCO DE FORMOSA S.A.,publico,situacion_deudores,TOTAL DE FINANCIACIONES Y GARANTIAS OTORGADAS ($),Ene-2026,263616.11,2026-04-19
00315,BANCO DE FORMOSA S.A.,publico,situacion_deudores,TF.Sit.1: En situación normal (%),Ene-2026,92.84,2026-04-19
00315,BANCO DE FORMOSA S.A.,publico,situacion_deudores,TF.Sit.2: Con seguimiento especial/Riesgo bajo (%),Ene-2026,2.96,2026-04-19
00315,BANCO DE FORMOSA S.A.,publico,situacion_deudores,TF.Sit.3: Con problemas/Riesgo medio (%),Ene-2026,1.95,2026-04-19
00315,BANCO DE FORMOSA S.A.,publico,situacion_deudores,TF.Sit.4: Con alto riesgo de insolvencia/Riesgo alto (%),Ene-2026,1.67,2026-04-19
00315,BANCO DE FORMOSA S.A.,publico,situacion_deudores,TF.Sit.5: Irrecuperable (%),Ene-2026,0.58,2026-04-19
00315,BANCO DE FORMOSA S.A.,publico,situacion_deudores,TOTAL GARANTIZADO - Garantías Preferidas A y B (%),Ene-2026,8.2,2026-04-19
00315,BANCO DE FORMOSA S.A.,publico,situacion_deudores,Previsiones por riesgo de incobrabilidad constituídas,Ene-2026,9404.19,2026-04-19
00315,BANCO DE FORMOSA S.A.,publico,situacion_deudores,CARTERA COMERCIAL ($),Ene-2026,24645.32,2026-04-19
00315,BANCO DE FORMOSA S.A.,publico,situacion_deudores,Total cartera sobre financiaciones (%),Ene-2026,9.35,2026-04-19
00315,BANCO DE FORMOSA S.A.,publico,situacion_deudores,C.COM.Sit.1: En situación normal (%),Ene-2026,100.0,2026-04-19
00315,BANCO DE FORMOSA S.A.,publico,situacion_deudores,C.COM.TOTAL GARANTIZADO - Garantías Preferidas A y B (%),Ene-2026,8.79,2026-04-19
00315,BANCO DE FORMOSA S.A.,publico,situacion_deudores,CARTERA DE CONSUMO O VIVIENDA ($),Ene-2026,179395.8,2026-04-19
00315,BANCO DE FORMOSA S.A.,publico,situacion_deudores,Total cartera sobre financiaciones (%),Ene-2026,68.05,2026-04-19
00315,BANCO DE FORMOSA S.A.,publico,situacion_deudores,C.CON.Sit.1: En situación normal (%),Ene-2026,94.28,2026-04-19
00315,BANCO DE FORMOSA S.A.,publico,situacion_deudores,C.CON.Sit.2: Riesgo bajo (%),Ene-2026,2.03,2026-04-19
00315,BANCO DE FORMOSA S.A.,publico,situacion_deudores,C.CON.Sit.3: Riesgo medio (%),Ene-2026,1.81,2026-04-19
00315,BANCO DE FORMOSA S.A.,publico,situacion_deudores,C.CON.Sit.4: Riesgo alto (%),Ene-2026,1.42,2026-04-19
00315,BANCO DE FORMOSA S.A.,publico,situacion_deudores,C.CON.Sit.5: Irrecuperable (%),Ene-2026,0.47,2026-04-19
00315,BANCO DE FORMOSA S.A.,publico,situacion_deudores,C.CON.TOTAL GARANTIZADO - Garantías Preferidas A y B (%),Ene-2026,6.23,2026-04-19
00315,BANCO DE FORMOSA S.A.,publico,situacion_deudores,CARTERA COMERCIAL ASIMILABLE A CONSUMO ($),Ene-2026,59574.99,2026-04-19
00315,BANCO DE FORMOSA S.A.,publico,situacion_deudores,Total cartera sobre financiaciones (%),Ene-2026,22.6,2026-04-19
00315,BANCO DE FORMOSA S.A.,publico,situacion_deudores,C.CAC.Sit.1: En situación normal (%),Ene-2026,85.54,2026-04-19
00315,BANCO DE FORMOSA S.A.,publico,situacion_deudores,C.CAC.Sit.2: Riesgo bajo (%),Ene-2026,6.98,2026-04-19
00315,BANCO DE FORMOSA S.A.,publico,situacion_deudores,C.CAC.Sit.3: Riesgo medio (%),Ene-2026,3.2,2026-04-19
00315,BANCO DE FORMOSA S.A.,publico,situacion_deudores,C.CAC.Sit.4: Riesgo alto (%),Ene-2026,3.14,2026-04-19
00315,BANCO DE FORMOSA S.A.,publico,situacion_deudores,C.CAC.Sit.5: Irrecuperable (%),Ene-2026,1.15,2026-04-19
00315,BANCO DE FORMOSA S.A.,publico,situacion_deudores,C.CAC.TOTAL GARANTIZADO - Garantías Preferidas A y B (%),Ene-2026,13.89,2026-04-19
00007,BANCO DE GALICIA Y BUENOS AIRES S.A,privado_nacional,situacion_deudores,TOTAL DE FINANCIACIONES Y GARANTIAS OTORGADAS ($),Dic-2023,2814492.63,2026-04-19
00007,BANCO DE GALICIA Y BUENOS AIRES S.A,privado_nacional,situacion_deudores,TF.Sit.1: En situación normal (%),Dic-2023,96.73,2026-04-19
00007,BANCO DE GALICIA Y BUENOS AIRES S.A,privado_nacional,situacion_deudores,TF.Sit.2: Con seguimiento especial/Riesgo bajo (%),Dic-2023,0.99,2026-04-19
00007,BANCO DE GALICIA Y BUENOS AIRES S.A,privado_nacional,situacion_deudores,TF.Sit.3: Con problemas/Riesgo medio (%),Dic-2023,0.79,2026-04-19
00007,BANCO DE GALICIA Y BUENOS AIRES S.A,privado_nacional,situacion_deudores,TF.Sit.4: Con alto riesgo de insolvencia/Riesgo alto (%),Dic-2023,1.03,2026-04-19
00007,BANCO DE GALICIA Y BUENOS AIRES S.A,privado_nacional,situacion_deudores,TF.Sit.5: Irrecuperable (%),Dic-2023,0.46,2026-04-19
00007,BANCO DE GALICIA Y BUENOS AIRES S.A,privado_nacional,situacion_deudores,TOTAL GARANTIZADO - Garantías Preferidas A y B (%),Dic-2023,8.88,2026-04-19
00007,BANCO DE GALICIA Y BUENOS AIRES S.A,privado_nacional,situacion_deudores,Previsiones por riesgo de incobrabilidad constituídas,Dic-2023,84225.25,2026-04-19
00007,BANCO DE GALICIA Y BUENOS AIRES S.A,privado_nacional,situacion_deudores,CARTERA COMERCIAL ($),Dic-2023,993461.97,2026-04-19
00007,BANCO DE GALICIA Y BUENOS AIRES S.A,privado_nacional,situacion_deudores,Total cartera sobre financiaciones (%),Dic-2023,35.3,2026-04-19
00007,BANCO DE GALICIA Y BUENOS AIRES S.A,privado_nacional,situacion_deudores,C.COM.Sit.1: En situación normal (%),Dic-2023,99.64,2026-04-19
00007,BANCO DE GALICIA Y BUENOS AIRES S.A,privado_nacional,situacion_deudores,C.COM.Sit.2: Con seguimiento especial (%),Dic-2023,0.22,2026-04-19
00007,BANCO DE GALICIA Y BUENOS AIRES S.A,privado_nacional,situacion_deudores,C.COM.Sit.3: Con problemas (%),Dic-2023,0.0,2026-04-19
00007,BANCO DE GALICIA Y BUENOS AIRES S.A,privado_nacional,situacion_deudores,C.COM.Sit.4: Con alto riesgo de insolvencia (%),Dic-2023,0.05,2026-04-19
00007,BANCO DE GALICIA Y BUENOS AIRES S.A,privado_nacional,situacion_deudores,C.COM.Sit.5: Irrecuperable (%),Dic-2023,0.09,2026-04-19
00007,BANCO DE GALICIA Y BUENOS AIRES S.A,privado_nacional,situacion_deudores,C.COM.TOTAL GARANTIZADO - Garantías Preferidas A y B (%),Dic-2023,6.6,2026-04-19
00007,BANCO DE GALICIA Y BUENOS AIRES S.A,privado_nacional,situacion_deudores,CARTERA DE CONSUMO O VIVIENDA ($),Dic-2023,1134529.54,2026-04-19
00007,BANCO DE GALICIA Y BUENOS AIRES S.A,privado_nacional,situacion_deudores,Total cartera sobre financiaciones (%),Dic-2023,40.31,2026-04-19
00007,BANCO DE GALICIA Y BUENOS AIRES S.A,privado_nacional,situacion_deudores,C.CON.Sit.1: En situación normal (%),Dic-2023,94.14,2026-04-19
00007,BANCO DE GALICIA Y BUENOS AIRES S.A,privado_nacional,situacion_deudores,C.CON.Sit.2: Riesgo bajo (%),Dic-2023,1.7,2026-04-19
00007,BANCO DE GALICIA Y BUENOS AIRES S.A,privado_nacional,situacion_deudores,C.CON.Sit.3: Riesgo medio (%),Dic-2023,1.6,2026-04-19
00007,BANCO DE GALICIA Y BUENOS AIRES S.A,privado_nacional,situacion_deudores,C.CON.Sit.4: Riesgo alto (%),Dic-2023,1.86,2026-04-19
00007,BANCO DE GALICIA Y BUENOS AIRES S.A,privado_nacional,situacion_deudores,C.CON.Sit.5: Irrecuperable (%),Dic-2023,0.69,2026-04-19
00007,BANCO DE GALICIA Y BUENOS AIRES S.A,privado_nacional,situacion_deudores,C.CON.TOTAL GARANTIZADO - Garantías Preferidas A y B (%),Dic-2023,9.68,2026-04-19
00007,BANCO DE GALICIA Y BUENOS AIRES S.A,privado_nacional,situacion_deudores,CARTERA COMERCIAL ASIMILABLE A CONSUMO ($),Dic-2023,686501.13,2026-04-19
00007,BANCO DE GALICIA Y BUENOS AIRES S.A,privado_nacional,situacion_deudores,Total cartera sobre financiaciones (%),Dic-2023,24.39,2026-04-19
00007,BANCO DE GALICIA Y BUENOS AIRES S.A,privado_nacional,situacion_deudores,C.CAC.Sit.1: En situación normal (%),Dic-2023,96.78,2026-04-19
00007,BANCO DE GALICIA Y BUENOS AIRES S.A,privado_nacional,situacion_deudores,C.CAC.Sit.2: Riesgo bajo (%),Dic-2023,0.91,2026-04-19
00007,BANCO DE GALICIA Y BUENOS AIRES S.A,privado_nacional,situacion_deudores,C.CAC.Sit.3: Riesgo medio (%),Dic-2023,0.6,2026-04-19
00007,BANCO DE GALICIA Y BUENOS AIRES S.A,privado_nacional,situacion_deudores,C.CAC.Sit.4: Riesgo alto (%),Dic-2023,1.07,2026-04-19
00007,BANCO DE GALICIA Y BUENOS AIRES S.A,privado_nacional,situacion_deudores,C.CAC.Sit.5: Irrecuperable (%),Dic-2023,0.64,2026-04-19
00007,BANCO DE GALICIA Y BUENOS AIRES S.A,privado_nacional,situacion_deudores,C.CAC.TOTAL GARANTIZADO - Garantías Preferidas A y B (%),Dic-2023,10.87,2026-04-19
00007,BANCO DE GALICIA Y BUENOS AIRES S.A,privado_nacional,situacion_deudores,TOTAL DE FINANCIACIONES Y GARANTIAS OTORGADAS ($),Dic-2024,10650244.05,2026-04-19
00007,BANCO DE GALICIA Y BUENOS AIRES S.A,privado_nacional,situacion_deudores,TF.Sit.1: En situación normal (%),Dic-2024,96.65,2026-04-19
00007,BANCO DE GALICIA Y BUENOS AIRES S.A,privado_nacional,situacion_deudores,TF.Sit.2: Con seguimiento especial/Riesgo bajo (%),Dic-2024,1.53,2026-04-19
00007,BANCO DE GALICIA Y BUENOS AIRES S.A,privado_nacional,situacion_deudores,TF.Sit.3: Con problemas/Riesgo medio (%),Dic-2024,0.97,2026-04-19
00007,BANCO DE GALICIA Y BUENOS AIRES S.A,privado_nacional,situacion_deudores,TF.Sit.4: Con alto riesgo de insolvencia/Riesgo alto (%),Dic-2024,0.75,2026-04-19
00007,BANCO DE GALICIA Y BUENOS AIRES S.A,privado_nacional,situacion_deudores,TF.Sit.5: Irrecuperable (%),Dic-2024,0.11,2026-04-19
00007,BANCO DE GALICIA Y BUENOS AIRES S.A,privado_nacional,situacion_deudores,TOTAL GARANTIZADO - Garantías Preferidas A y B (%),Dic-2024,10.84,2026-04-19
00007,BANCO DE GALICIA Y BUENOS AIRES S.A,privado_nacional,situacion_deudores,Previsiones por riesgo de incobrabilidad constituídas,Dic-2024,327293.4,2026-04-19
00007,BANCO DE GALICIA Y BUENOS AIRES S.A,privado_nacional,situacion_deudores,CARTERA COMERCIAL ($),Dic-2024,4084769.98,2026-04-19
00007,BANCO DE GALICIA Y BUENOS AIRES S.A,privado_nacional,situacion_deudores,Total cartera sobre financiaciones (%),Dic-2024,38.35,2026-04-19
00007,BANCO DE GALICIA Y BUENOS AIRES S.A,privado_nacional,situacion_deudores,C.COM.Sit.1: En situación normal (%),Dic-2024,99.73,2026-04-19
00007,BANCO DE GALICIA Y BUENOS AIRES S.A,privado_nacional,situacion_deudores,C.COM.Sit.2: Con seguimiento especial (%),Dic-2024,0.04,2026-04-19
00007,BANCO DE GALICIA Y BUENOS AIRES S.A,privado_nacional,situacion_deudores,C.COM.Sit.3: Con problemas (%),Dic-2024,0.23,2026-04-19
00007,BANCO DE GALICIA Y BUENOS AIRES S.A,privado_nacional,situacion_deudores,C.COM.Sit.4: Con alto riesgo de insolvencia (%),Dic-2024,0.0,2026-04-19
00007,BANCO DE GALICIA Y BUENOS AIRES S.A,privado_nacional,situacion_deudores,C.COM.Sit.5: Irrecuperable (%),Dic-2024,0.0,2026-04-19
00007,BANCO DE GALICIA Y BUENOS AIRES S.A,privado_nacional,situacion_deudores,C.COM.TOTAL GARANTIZADO - Garantías Preferidas A y B (%),Dic-2024,5.57,2026-04-19
00007,BANCO DE GALICIA Y BUENOS AIRES S.A,privado_nacional,situacion_deudores,CARTERA DE CONSUMO O VIVIENDA ($),Dic-2024,4452774.68,2026-04-19
00007,BANCO DE GALICIA Y BUENOS AIRES S.A,privado_nacional,situacion_deudores,Total cartera sobre financiaciones (%),Dic-2024,41.81,2026-04-19
00007,BANCO DE GALICIA Y BUENOS AIRES S.A,privado_nacional,situacion_deudores,C.CON.Sit.1: En situación normal (%),Dic-2024,93.1,2026-04-19
00007,BANCO DE GALICIA Y BUENOS AIRES S.A,privado_nacional,situacion_deudores,C.CON.Sit.2: Riesgo bajo (%),Dic-2024,3.41,2026-04-19
00007,BANCO DE GALICIA Y BUENOS AIRES S.A,privado_nacional,situacion_deudores,C.CON.Sit.3: Riesgo medio (%),Dic-2024,1.83,2026-04-19
00007,BANCO DE GALICIA Y BUENOS AIRES S.A,privado_nacional,situacion_deudores,C.CON.Sit.4: Riesgo alto (%),Dic-2024,1.56,2026-04-19
00007,BANCO DE GALICIA Y BUENOS AIRES S.A,privado_nacional,situacion_deudores,C.CON.Sit.5: Irrecuperable (%),Dic-2024,0.1,2026-04-19
00007,BANCO DE GALICIA Y BUENOS AIRES S.A,privado_nacional,situacion_deudores,C.CON.TOTAL GARANTIZADO - Garantías Preferidas A y B (%),Dic-2024,11.66,2026-04-19
00007,BANCO DE GALICIA Y BUENOS AIRES S.A,privado_nacional,situacion_deudores,CARTERA COMERCIAL ASIMILABLE A CONSUMO ($),Dic-2024,2112699.39,2026-04-19
00007,BANCO DE GALICIA Y BUENOS AIRES S.A,privado_nacional,situacion_deudores,Total cartera sobre financiaciones (%),Dic-2024,19.84,2026-04-19
00007,BANCO DE GALICIA Y BUENOS AIRES S.A,privado_nacional,situacion_deudores,C.CAC.Sit.1: En situación normal (%),Dic-2024,98.16,2026-04-19
00007,BANCO DE GALICIA Y BUENOS AIRES S.A,privado_nacional,situacion_deudores,C.CAC.Sit.2: Riesgo bajo (%),Dic-2024,0.43,2026-04-19
00007,BANCO DE GALICIA Y BUENOS AIRES S.A,privado_nacional,situacion_deudores,C.CAC.Sit.3: Riesgo medio (%),Dic-2024,0.58,2026-04-19
00007,BANCO DE GALICIA Y BUENOS AIRES S.A,privado_nacional,situacion_deudores,C.CAC.Sit.4: Riesgo alto (%),Dic-2024,0.5,2026-04-19
00007,BANCO DE GALICIA Y BUENOS AIRES S.A,privado_nacional,situacion_deudores,C.CAC.Sit.5: Irrecuperable (%),Dic-2024,0.33,2026-04-19
00007,BANCO DE GALICIA Y BUENOS AIRES S.A,privado_nacional,situacion_deudores,C.CAC.TOTAL GARANTIZADO - Garantías Preferidas A y B (%),Dic-2024,19.3,2026-04-19
00007,BANCO DE GALICIA Y BUENOS AIRES S.A,privado_nacional,situacion_deudores,TOTAL DE FINANCIACIONES Y GARANTIAS OTORGADAS ($),Nov-2025,20836220.45,2026-04-19
00007,BANCO DE GALICIA Y BUENOS AIRES S.A,privado_nacional,situacion_deudores,TF.Sit.1: En situación normal (%),Nov-2025,89.23,2026-04-19
00007,BANCO DE GALICIA Y BUENOS AIRES S.A,privado_nacional,situacion_deudores,TF.Sit.2: Con seguimiento especial/Riesgo bajo (%),Nov-2025,3.51,2026-04-19
00007,BANCO DE GALICIA Y BUENOS AIRES S.A,privado_nacional,situacion_deudores,TF.Sit.3: Con problemas/Riesgo medio (%),Nov-2025,3.35,2026-04-19
00007,BANCO DE GALICIA Y BUENOS AIRES S.A,privado_nacional,situacion_deudores,TF.Sit.4: Con alto riesgo de insolvencia/Riesgo alto (%),Nov-2025,3.29,2026-04-19
00007,BANCO DE GALICIA Y BUENOS AIRES S.A,privado_nacional,situacion_deudores,TF.Sit.5: Irrecuperable (%),Nov-2025,0.63,2026-04-19
00007,BANCO DE GALICIA Y BUENOS AIRES S.A,privado_nacional,situacion_deudores,TOTAL GARANTIZADO - Garantías Preferidas A y B (%),Nov-2025,11.79,2026-04-19
00007,BANCO DE GALICIA Y BUENOS AIRES S.A,privado_nacional,situacion_deudores,Previsiones por riesgo de incobrabilidad constituídas,Nov-2025,1426039.57,2026-04-19
00007,BANCO DE GALICIA Y BUENOS AIRES S.A,privado_nacional,situacion_deudores,CARTERA COMERCIAL ($),Nov-2025,7729829.15,2026-04-19
00007,BANCO DE GALICIA Y BUENOS AIRES S.A,privado_nacional,situacion_deudores,Total cartera sobre financiaciones (%),Nov-2025,37.1,2026-04-19
00007,BANCO DE GALICIA Y BUENOS AIRES S.A,privado_nacional,situacion_deudores,C.COM.Sit.1: En situación normal (%),Nov-2025,99.25,2026-04-19
00007,BANCO DE GALICIA Y BUENOS AIRES S.A,privado_nacional,situacion_deudores,C.COM.Sit.2: Con seguimiento especial (%),Nov-2025,0.25,2026-04-19
00007,BANCO DE GALICIA Y BUENOS AIRES S.A,privado_nacional,situacion_deudores,C.COM.Sit.3: Con problemas (%),Nov-2025,0.06,2026-04-19
00007,BANCO DE GALICIA Y BUENOS AIRES S.A,privado_nacional,situacion_deudores,C.COM.Sit.4: Con alto riesgo de insolvencia (%),Nov-2025,0.44,2026-04-19
00007,BANCO DE GALICIA Y BUENOS AIRES S.A,privado_nacional,situacion_deudores,C.COM.Sit.5: Irrecuperable (%),Nov-2025,0.0,2026-04-19
00007,BANCO DE GALICIA Y BUENOS AIRES S.A,privado_nacional,situacion_deudores,C.COM.TOTAL GARANTIZADO - Garantías Preferidas A y B (%),Nov-2025,5.43,2026-04-19
00007,BANCO DE GALICIA Y BUENOS AIRES S.A,privado_nacional,situacion_deudores,CARTERA DE CONSUMO O VIVIENDA ($),Nov-2025,8071266.33,2026-04-19
00007,BANCO DE GALICIA Y BUENOS AIRES S.A,privado_nacional,situacion_deudores,Total cartera sobre financiaciones (%),Nov-2025,38.74,2026-04-19
00007,BANCO DE GALICIA Y BUENOS AIRES S.A,privado_nacional,situacion_deudores,C.CON.Sit.1: En situación normal (%),Nov-2025,77.43,2026-04-19
00007,BANCO DE GALICIA Y BUENOS AIRES S.A,privado_nacional,situacion_deudores,C.CON.Sit.2: Riesgo bajo (%),Nov-2025,7.02,2026-04-19
00007,BANCO DE GALICIA Y BUENOS AIRES S.A,privado_nacional,situacion_deudores,C.CON.Sit.3: Riesgo medio (%),Nov-2025,7.35,2026-04-19
00007,BANCO DE GALICIA Y BUENOS AIRES S.A,privado_nacional,situacion_deudores,C.CON.Sit.4: Riesgo alto (%),Nov-2025,6.84,2026-04-19
00007,BANCO DE GALICIA Y BUENOS AIRES S.A,privado_nacional,situacion_deudores,C.CON.Sit.5: Irrecuperable (%),Nov-2025,1.36,2026-04-19
00007,BANCO DE GALICIA Y BUENOS AIRES S.A,privado_nacional,situacion_deudores,C.CON.TOTAL GARANTIZADO - Garantías Preferidas A y B (%),Nov-2025,15.76,2026-04-19
00007,BANCO DE GALICIA Y BUENOS AIRES S.A,privado_nacional,situacion_deudores,CARTERA COMERCIAL ASIMILABLE A CONSUMO ($),Nov-2025,5035124.97,2026-04-19
00007,BANCO DE GALICIA Y BUENOS AIRES S.A,privado_nacional,situacion_deudores,Total cartera sobre financiaciones (%),Nov-2025,24.17,2026-04-19
00007,BANCO DE GALICIA Y BUENOS AIRES S.A,privado_nacional,situacion_deudores,C.CAC.Sit.1: En situación normal (%),Nov-2025,92.74,2026-04-19
00007,BANCO DE GALICIA Y BUENOS AIRES S.A,privado_nacional,situacion_deudores,C.CAC.Sit.2: Riesgo bajo (%),Nov-2025,2.88,2026-04-19
00007,BANCO DE GALICIA Y BUENOS AIRES S.A,privado_nacional,situacion_deudores,C.CAC.Sit.3: Riesgo medio (%),Nov-2025,1.99,2026-04-19
00007,BANCO DE GALICIA Y BUENOS AIRES S.A,privado_nacional,situacion_deudores,C.CAC.Sit.4: Riesgo alto (%),Nov-2025,1.97,2026-04-19
00007,BANCO DE GALICIA Y BUENOS AIRES S.A,privado_nacional,situacion_deudores,C.CAC.Sit.5: Irrecuperable (%),Nov-2025,0.42,2026-04-19
00007,BANCO DE GALICIA Y BUENOS AIRES S.A,privado_nacional,situacion_deudores,C.CAC.TOTAL GARANTIZADO - Garantías Preferidas A y B (%),Nov-2025,15.18,2026-04-19
00007,BANCO DE GALICIA Y BUENOS AIRES S.A,privado_nacional,situacion_deudores,TOTAL DE FINANCIACIONES Y GARANTIAS OTORGADAS ($),Dic-2025,21705288.93,2026-04-19
00007,BANCO DE GALICIA Y BUENOS AIRES S.A,privado_nacional,situacion_deudores,TF.Sit.1: En situación normal (%),Dic-2025,89.84,2026-04-19
00007,BANCO DE GALICIA Y BUENOS AIRES S.A,privado_nacional,situacion_deudores,TF.Sit.2: Con seguimiento especial/Riesgo bajo (%),Dic-2025,3.26,2026-04-19
00007,BANCO DE GALICIA Y BUENOS AIRES S.A,privado_nacional,situacion_deudores,TF.Sit.3: Con problemas/Riesgo medio (%),Dic-2025,3.31,2026-04-19
00007,BANCO DE GALICIA Y BUENOS AIRES S.A,privado_nacional,situacion_deudores,TF.Sit.4: Con alto riesgo de insolvencia/Riesgo alto (%),Dic-2025,3.07,2026-04-19
00007,BANCO DE GALICIA Y BUENOS AIRES S.A,privado_nacional,situacion_deudores,TF.Sit.5: Irrecuperable (%),Dic-2025,0.52,2026-04-19
00007,BANCO DE GALICIA Y BUENOS AIRES S.A,privado_nacional,situacion_deudores,TOTAL GARANTIZADO - Garantías Preferidas A y B (%),Dic-2025,11.49,2026-04-19
00007,BANCO DE GALICIA Y BUENOS AIRES S.A,privado_nacional,situacion_deudores,Previsiones por riesgo de incobrabilidad constituídas,Dic-2025,1405361.55,2026-04-19
00007,BANCO DE GALICIA Y BUENOS AIRES S.A,privado_nacional,situacion_deudores,CARTERA COMERCIAL ($),Dic-2025,8193614.63,2026-04-19
00007,BANCO DE GALICIA Y BUENOS AIRES S.A,privado_nacional,situacion_deudores,Total cartera sobre financiaciones (%),Dic-2025,37.75,2026-04-19
00007,BANCO DE GALICIA Y BUENOS AIRES S.A,privado_nacional,situacion_deudores,C.COM.Sit.1: En situación normal (%),Dic-2025,99.14,2026-04-19
00007,BANCO DE GALICIA Y BUENOS AIRES S.A,privado_nacional,situacion_deudores,C.COM.Sit.2: Con seguimiento especial (%),Dic-2025,0.36,2026-04-19
00007,BANCO DE GALICIA Y BUENOS AIRES S.A,privado_nacional,situacion_deudores,C.COM.Sit.3: Con problemas (%),Dic-2025,0.05,2026-04-19
00007,BANCO DE GALICIA Y BUENOS AIRES S.A,privado_nacional,situacion_deudores,C.COM.Sit.4: Con alto riesgo de insolvencia (%),Dic-2025,0.45,2026-04-19
00007,BANCO DE GALICIA Y BUENOS AIRES S.A,privado_nacional,situacion_deudores,C.COM.Sit.5: Irrecuperable (%),Dic-2025,0.0,2026-04-19
00007,BANCO DE GALICIA Y BUENOS AIRES S.A,privado_nacional,situacion_deudores,C.COM.TOTAL GARANTIZADO - Garantías Preferidas A y B (%),Dic-2025,5.78,2026-04-19
00007,BANCO DE GALICIA Y BUENOS AIRES S.A,privado_nacional,situacion_deudores,CARTERA DE CONSUMO O VIVIENDA ($),Dic-2025,8275396.17,2026-04-19
00007,BANCO DE GALICIA Y BUENOS AIRES S.A,privado_nacional,situacion_deudores,Total cartera sobre financiaciones (%),Dic-2025,38.13,2026-04-19
00007,BANCO DE GALICIA Y BUENOS AIRES S.A,privado_nacional,situacion_deudores,C.CON.Sit.1: En situación normal (%),Dic-2025,79.02,2026-04-19
00007,BANCO DE GALICIA Y BUENOS AIRES S.A,privado_nacional,situacion_deudores,C.CON.Sit.2: Riesgo bajo (%),Dic-2025,6.32,2026-04-19
00007,BANCO DE GALICIA Y BUENOS AIRES S.A,privado_nacional,situacion_deudores,C.CON.Sit.3: Riesgo medio (%),Dic-2025,7.14,2026-04-19
00007,BANCO DE GALICIA Y BUENOS AIRES S.A,privado_nacional,situacion_deudores,C.CON.Sit.4: Riesgo alto (%),Dic-2025,6.41,2026-04-19
00007,BANCO DE GALICIA Y BUENOS AIRES S.A,privado_nacional,situacion_deudores,C.CON.Sit.5: Irrecuperable (%),Dic-2025,1.1,2026-04-19
00007,BANCO DE GALICIA Y BUENOS AIRES S.A,privado_nacional,situacion_deudores,C.CON.TOTAL GARANTIZADO - Garantías Preferidas A y B (%),Dic-2025,14.94,2026-04-19
00007,BANCO DE GALICIA Y BUENOS AIRES S.A,privado_nacional,situacion_deudores,CARTERA COMERCIAL ASIMILABLE A CONSUMO ($),Dic-2025,5236278.13,2026-04-19
00007,BANCO DE GALICIA Y BUENOS AIRES S.A,privado_nacional,situacion_deudores,Total cartera sobre financiaciones (%),Dic-2025,24.12,2026-04-19
00007,BANCO DE GALICIA Y BUENOS AIRES S.A,privado_nacional,situacion_deudores,C.CAC.Sit.1: En situación normal (%),Dic-2025,92.37,2026-04-19
00007,BANCO DE GALICIA Y BUENOS AIRES S.A,privado_nacional,situacion_deudores,C.CAC.Sit.2: Riesgo bajo (%),Dic-2025,2.97,2026-04-19
00007,BANCO DE GALICIA Y BUENOS AIRES S.A,privado_nacional,situacion_deudores,C.CAC.Sit.3: Riesgo medio (%),Dic-2025,2.37,2026-04-19
00007,BANCO DE GALICIA Y BUENOS AIRES S.A,privado_nacional,situacion_deudores,C.CAC.Sit.4: Riesgo alto (%),Dic-2025,1.88,2026-04-19
00007,BANCO DE GALICIA Y BUENOS AIRES S.A,privado_nacional,situacion_deudores,C.CAC.Sit.5: Irrecuperable (%),Dic-2025,0.42,2026-04-19
00007,BANCO DE GALICIA Y BUENOS AIRES S.A,privado_nacional,situacion_deudores,C.CAC.TOTAL GARANTIZADO - Garantías Preferidas A y B (%),Dic-2025,14.97,2026-04-19
00007,BANCO DE GALICIA Y BUENOS AIRES S.A,privado_nacional,situacion_deudores,TOTAL DE FINANCIACIONES Y GARANTIAS OTORGADAS ($),Ene-2026,21377012.82,2026-04-19
00007,BANCO DE GALICIA Y BUENOS AIRES S.A,privado_nacional,situacion_deudores,TF.Sit.1: En situación normal (%),Ene-2026,89.21,2026-04-19
00007,BANCO DE GALICIA Y BUENOS AIRES S.A,privado_nacional,situacion_deudores,TF.Sit.2: Con seguimiento especial/Riesgo bajo (%),Ene-2026,3.06,2026-04-19
00007,BANCO DE GALICIA Y BUENOS AIRES S.A,privado_nacional,situacion_deudores,TF.Sit.3: Con problemas/Riesgo medio (%),Ene-2026,3.51,2026-04-19
00007,BANCO DE GALICIA Y BUENOS AIRES S.A,privado_nacional,situacion_deudores,TF.Sit.4: Con alto riesgo de insolvencia/Riesgo alto (%),Ene-2026,3.66,2026-04-19
00007,BANCO DE GALICIA Y BUENOS AIRES S.A,privado_nacional,situacion_deudores,TF.Sit.5: Irrecuperable (%),Ene-2026,0.57,2026-04-19
00007,BANCO DE GALICIA Y BUENOS AIRES S.A,privado_nacional,situacion_deudores,TOTAL GARANTIZADO - Garantías Preferidas A y B (%),Ene-2026,11.47,2026-04-19
00007,BANCO DE GALICIA Y BUENOS AIRES S.A,privado_nacional,situacion_deudores,Previsiones por riesgo de incobrabilidad constituídas,Ene-2026,1500153.48,2026-04-19
00007,BANCO DE GALICIA Y BUENOS AIRES S.A,privado_nacional,situacion_deudores,CARTERA COMERCIAL ($),Ene-2026,7903720.01,2026-04-19
00007,BANCO DE GALICIA Y BUENOS AIRES S.A,privado_nacional,situacion_deudores,Total cartera sobre financiaciones (%),Ene-2026,36.97,2026-04-19
00007,BANCO DE GALICIA Y BUENOS AIRES S.A,privado_nacional,situacion_deudores,C.COM.Sit.1: En situación normal (%),Ene-2026,99.08,2026-04-19
00007,BANCO DE GALICIA Y BUENOS AIRES S.A,privado_nacional,situacion_deudores,C.COM.Sit.2: Con seguimiento especial (%),Ene-2026,0.4,2026-04-19
00007,BANCO DE GALICIA Y BUENOS AIRES S.A,privado_nacional,situacion_deudores,C.COM.Sit.3: Con problemas (%),Ene-2026,0.05,2026-04-19
00007,BANCO DE GALICIA Y BUENOS AIRES S.A,privado_nacional,situacion_deudores,C.COM.Sit.4: Con alto riesgo de insolvencia (%),Ene-2026,0.46,2026-04-19
00007,BANCO DE GALICIA Y BUENOS AIRES S.A,privado_nacional,situacion_deudores,C.COM.Sit.5: Irrecuperable (%),Ene-2026,0.0,2026-04-19
00007,BANCO DE GALICIA Y BUENOS AIRES S.A,privado_nacional,situacion_deudores,C.COM.TOTAL GARANTIZADO - Garantías Preferidas A y B (%),Ene-2026,5.42,2026-04-19
00007,BANCO DE GALICIA Y BUENOS AIRES S.A,privado_nacional,situacion_deudores,CARTERA DE CONSUMO O VIVIENDA ($),Ene-2026,8263261.42,2026-04-19
00007,BANCO DE GALICIA Y BUENOS AIRES S.A,privado_nacional,situacion_deudores,Total cartera sobre financiaciones (%),Ene-2026,38.65,2026-04-19
00007,BANCO DE GALICIA Y BUENOS AIRES S.A,privado_nacional,situacion_deudores,C.CON.Sit.1: En situación normal (%),Ene-2026,78.51,2026-04-19
00007,BANCO DE GALICIA Y BUENOS AIRES S.A,privado_nacional,situacion_deudores,C.CON.Sit.2: Riesgo bajo (%),Ene-2026,5.26,2026-04-19
00007,BANCO DE GALICIA Y BUENOS AIRES S.A,privado_nacional,situacion_deudores,C.CON.Sit.3: Riesgo medio (%),Ene-2026,7.46,2026-04-19
00007,BANCO DE GALICIA Y BUENOS AIRES S.A,privado_nacional,situacion_deudores,C.CON.Sit.4: Riesgo alto (%),Ene-2026,7.58,2026-04-19
00007,BANCO DE GALICIA Y BUENOS AIRES S.A,privado_nacional,situacion_deudores,C.CON.Sit.5: Irrecuperable (%),Ene-2026,1.18,2026-04-19
00007,BANCO DE GALICIA Y BUENOS AIRES S.A,privado_nacional,situacion_deudores,C.CON.TOTAL GARANTIZADO - Garantías Preferidas A y B (%),Ene-2026,14.97,2026-04-19
00007,BANCO DE GALICIA Y BUENOS AIRES S.A,privado_nacional,situacion_deudores,CARTERA COMERCIAL ASIMILABLE A CONSUMO ($),Ene-2026,5210031.39,2026-04-19
00007,BANCO DE GALICIA Y BUENOS AIRES S.A,privado_nacional,situacion_deudores,Total cartera sobre financiaciones (%),Ene-2026,24.37,2026-04-19
00007,BANCO DE GALICIA Y BUENOS AIRES S.A,privado_nacional,situacion_deudores,C.CAC.Sit.1: En situación normal (%),Ene-2026,91.18,2026-04-19
00007,BANCO DE GALICIA Y BUENOS AIRES S.A,privado_nacional,situacion_deudores,C.CAC.Sit.2: Riesgo bajo (%),Ene-2026,3.58,2026-04-19
00007,BANCO DE GALICIA Y BUENOS AIRES S.A,privado_nacional,situacion_deudores,C.CAC.Sit.3: Riesgo medio (%),Ene-2026,2.49,2026-04-19
00007,BANCO DE GALICIA Y BUENOS AIRES S.A,privado_nacional,situacion_deudores,C.CAC.Sit.4: Riesgo alto (%),Ene-2026,2.3,2026-04-19
00007,BANCO DE GALICIA Y BUENOS AIRES S.A,privado_nacional,situacion_deudores,C.CAC.Sit.5: Irrecuperable (%),Ene-2026,0.45,2026-04-19
00007,BANCO DE GALICIA Y BUENOS AIRES S.A,privado_nacional,situacion_deudores,C.CAC.TOTAL GARANTIZADO - Garantías Preferidas A y B (%),Ene-2026,15.12,2026-04-19
00300,BANCO DE INVERSION Y COMERCIO EXTER,publico,situacion_deudores,TOTAL DE FINANCIACIONES Y GARANTIAS OTORGADAS ($),Dic-2023,235787.64,2026-04-19
00300,BANCO DE INVERSION Y COMERCIO EXTER,publico,situacion_deudores,TF.Sit.1: En situación normal (%),Dic-2023,97.7,2026-04-19
00300,BANCO DE INVERSION Y COMERCIO EXTER,publico,situacion_deudores,TF.Sit.2: Con seguimiento especial/Riesgo bajo (%),Dic-2023,1.56,2026-04-19
00300,BANCO DE INVERSION Y COMERCIO EXTER,publico,situacion_deudores,TF.Sit.3: Con problemas/Riesgo medio (%),Dic-2023,0.03,2026-04-19
00300,BANCO DE INVERSION Y COMERCIO EXTER,publico,situacion_deudores,TF.Sit.4: Con alto riesgo de insolvencia/Riesgo alto (%),Dic-2023,0.69,2026-04-19
00300,BANCO DE INVERSION Y COMERCIO EXTER,publico,situacion_deudores,TF.Sit.5: Irrecuperable (%),Dic-2023,0.02,2026-04-19
00300,BANCO DE INVERSION Y COMERCIO EXTER,publico,situacion_deudores,TOTAL GARANTIZADO - Garantías Preferidas A y B (%),Dic-2023,57.55,2026-04-19
00300,BANCO DE INVERSION Y COMERCIO EXTER,publico,situacion_deudores,Previsiones por riesgo de incobrabilidad constituídas,Dic-2023,3336.27,2026-04-19
00300,BANCO DE INVERSION Y COMERCIO EXTER,publico,situacion_deudores,CARTERA COMERCIAL ($),Dic-2023,144845.96,2026-04-19
00300,BANCO DE INVERSION Y COMERCIO EXTER,publico,situacion_deudores,Total cartera sobre financiaciones (%),Dic-2023,61.43,2026-04-19
00300,BANCO DE INVERSION Y COMERCIO EXTER,publico,situacion_deudores,C.COM.Sit.1: En situación normal (%),Dic-2023,96.6,2026-04-19
00300,BANCO DE INVERSION Y COMERCIO EXTER,publico,situacion_deudores,C.COM.Sit.2: Con seguimiento especial (%),Dic-2023,2.27,2026-04-19
00300,BANCO DE INVERSION Y COMERCIO EXTER,publico,situacion_deudores,C.COM.Sit.3: Con problemas (%),Dic-2023,0.03,2026-04-19
00300,BANCO DE INVERSION Y COMERCIO EXTER,publico,situacion_deudores,C.COM.Sit.4: Con alto riesgo de insolvencia (%),Dic-2023,1.08,2026-04-19
00300,BANCO DE INVERSION Y COMERCIO EXTER,publico,situacion_deudores,C.COM.Sit.5: Irrecuperable (%),Dic-2023,0.03,2026-04-19
00300,BANCO DE INVERSION Y COMERCIO EXTER,publico,situacion_deudores,C.COM.TOTAL GARANTIZADO - Garantías Preferidas A y B (%),Dic-2023,41.8,2026-04-19
00300,BANCO DE INVERSION Y COMERCIO EXTER,publico,situacion_deudores,CARTERA COMERCIAL ASIMILABLE A CONSUMO ($),Dic-2023,90941.68,2026-04-19
00300,BANCO DE INVERSION Y COMERCIO EXTER,publico,situacion_deudores,Total cartera sobre financiaciones (%),Dic-2023,38.57,2026-04-19
00300,BANCO DE INVERSION Y COMERCIO EXTER,publico,situacion_deudores,C.CAC.Sit.1: En situación normal (%),Dic-2023,99.45,2026-04-19
00300,BANCO DE INVERSION Y COMERCIO EXTER,publico,situacion_deudores,C.CAC.Sit.2: Riesgo bajo (%),Dic-2023,0.43,2026-04-19
00300,BANCO DE INVERSION Y COMERCIO EXTER,publico,situacion_deudores,C.CAC.Sit.3: Riesgo medio (%),Dic-2023,0.04,2026-04-19
00300,BANCO DE INVERSION Y COMERCIO EXTER,publico,situacion_deudores,C.CAC.Sit.4: Riesgo alto (%),Dic-2023,0.06,2026-04-19
00300,BANCO DE INVERSION Y COMERCIO EXTER,publico,situacion_deudores,C.CAC.Sit.5: Irrecuperable (%),Dic-2023,0.02,2026-04-19
00300,BANCO DE INVERSION Y COMERCIO EXTER,publico,situacion_deudores,C.CAC.TOTAL GARANTIZADO - Garantías Preferidas A y B (%),Dic-2023,82.63,2026-04-19
00300,BANCO DE INVERSION Y COMERCIO EXTER,publico,situacion_deudores,TOTAL DE FINANCIACIONES Y GARANTIAS OTORGADAS ($),Dic-2024,372671.2,2026-04-19
00300,BANCO DE INVERSION Y COMERCIO EXTER,publico,situacion_deudores,TF.Sit.1: En situación normal (%),Dic-2024,98.72,2026-04-19
00300,BANCO DE INVERSION Y COMERCIO EXTER,publico,situacion_deudores,TF.Sit.2: Con seguimiento especial/Riesgo bajo (%),Dic-2024,0.94,2026-04-19
00300,BANCO DE INVERSION Y COMERCIO EXTER,publico,situacion_deudores,TF.Sit.3: Con problemas/Riesgo medio (%),Dic-2024,0.01,2026-04-19
00300,BANCO DE INVERSION Y COMERCIO EXTER,publico,situacion_deudores,TF.Sit.4: Con alto riesgo de insolvencia/Riesgo alto (%),Dic-2024,0.3,2026-04-19
00300,BANCO DE INVERSION Y COMERCIO EXTER,publico,situacion_deudores,TF.Sit.5: Irrecuperable (%),Dic-2024,0.03,2026-04-19
00300,BANCO DE INVERSION Y COMERCIO EXTER,publico,situacion_deudores,TOTAL GARANTIZADO - Garantías Preferidas A y B (%),Dic-2024,40.86,2026-04-19
00300,BANCO DE INVERSION Y COMERCIO EXTER,publico,situacion_deudores,Previsiones por riesgo de incobrabilidad constituídas,Dic-2024,4604.57,2026-04-19
00300,BANCO DE INVERSION Y COMERCIO EXTER,publico,situacion_deudores,CARTERA COMERCIAL ($),Dic-2024,266838.88,2026-04-19
00300,BANCO DE INVERSION Y COMERCIO EXTER,publico,situacion_deudores,Total cartera sobre financiaciones (%),Dic-2024,71.6,2026-04-19
00300,BANCO DE INVERSION Y COMERCIO EXTER,publico,situacion_deudores,C.COM.Sit.1: En situación normal (%),Dic-2024,98.34,2026-04-19
00300,BANCO DE INVERSION Y COMERCIO EXTER,publico,situacion_deudores,C.COM.Sit.2: Con seguimiento especial (%),Dic-2024,1.25,2026-04-19
00300,BANCO DE INVERSION Y COMERCIO EXTER,publico,situacion_deudores,C.COM.Sit.3: Con problemas (%),Dic-2024,0.0,2026-04-19
00300,BANCO DE INVERSION Y COMERCIO EXTER,publico,situacion_deudores,C.COM.Sit.4: Con alto riesgo de insolvencia (%),Dic-2024,0.39,2026-04-19
00300,BANCO DE INVERSION Y COMERCIO EXTER,publico,situacion_deudores,C.COM.Sit.5: Irrecuperable (%),Dic-2024,0.02,2026-04-19
00300,BANCO DE INVERSION Y COMERCIO EXTER,publico,situacion_deudores,C.COM.TOTAL GARANTIZADO - Garantías Preferidas A y B (%),Dic-2024,28.7,2026-04-19
00300,BANCO DE INVERSION Y COMERCIO EXTER,publico,situacion_deudores,CARTERA COMERCIAL ASIMILABLE A CONSUMO ($),Dic-2024,105832.32,2026-04-19
00300,BANCO DE INVERSION Y COMERCIO EXTER,publico,situacion_deudores,Total cartera sobre financiaciones (%),Dic-2024,28.4,2026-04-19
00300,BANCO DE INVERSION Y COMERCIO EXTER,publico,situacion_deudores,C.CAC.Sit.1: En situación normal (%),Dic-2024,99.67,2026-04-19
00300,BANCO DE INVERSION Y COMERCIO EXTER,publico,situacion_deudores,C.CAC.Sit.2: Riesgo bajo (%),Dic-2024,0.17,2026-04-19
00300,BANCO DE INVERSION Y COMERCIO EXTER,publico,situacion_deudores,C.CAC.Sit.3: Riesgo medio (%),Dic-2024,0.03,2026-04-19
00300,BANCO DE INVERSION Y COMERCIO EXTER,publico,situacion_deudores,C.CAC.Sit.4: Riesgo alto (%),Dic-2024,0.05,2026-04-19
00300,BANCO DE INVERSION Y COMERCIO EXTER,publico,situacion_deudores,C.CAC.Sit.5: Irrecuperable (%),Dic-2024,0.07,2026-04-19
00300,BANCO DE INVERSION Y COMERCIO EXTER,publico,situacion_deudores,C.CAC.TOTAL GARANTIZADO - Garantías Preferidas A y B (%),Dic-2024,71.54,2026-04-19
00300,BANCO DE INVERSION Y COMERCIO EXTER,publico,situacion_deudores,TOTAL DE FINANCIACIONES Y GARANTIAS OTORGADAS ($),Nov-2025,588737.72,2026-04-19
00300,BANCO DE INVERSION Y COMERCIO EXTER,publico,situacion_deudores,TF.Sit.1: En situación normal (%),Nov-2025,98.09,2026-04-19
00300,BANCO DE INVERSION Y COMERCIO EXTER,publico,situacion_deudores,TF.Sit.2: Con seguimiento especial/Riesgo bajo (%),Nov-2025,0.1,2026-04-19
00300,BANCO DE INVERSION Y COMERCIO EXTER,publico,situacion_deudores,TF.Sit.3: Con problemas/Riesgo medio (%),Nov-2025,1.14,2026-04-19
00300,BANCO DE INVERSION Y COMERCIO EXTER,publico,situacion_deudores,TF.Sit.4: Con alto riesgo de insolvencia/Riesgo alto (%),Nov-2025,0.65,2026-04-19
00300,BANCO DE INVERSION Y COMERCIO EXTER,publico,situacion_deudores,TF.Sit.5: Irrecuperable (%),Nov-2025,0.01,2026-04-19
00300,BANCO DE INVERSION Y COMERCIO EXTER,publico,situacion_deudores,TOTAL GARANTIZADO - Garantías Preferidas A y B (%),Nov-2025,43.58,2026-04-19
00300,BANCO DE INVERSION Y COMERCIO EXTER,publico,situacion_deudores,Previsiones por riesgo de incobrabilidad constituídas,Nov-2025,9468.11,2026-04-19
00300,BANCO DE INVERSION Y COMERCIO EXTER,publico,situacion_deudores,CARTERA COMERCIAL ($),Nov-2025,396460.55,2026-04-19
00300,BANCO DE INVERSION Y COMERCIO EXTER,publico,situacion_deudores,Total cartera sobre financiaciones (%),Nov-2025,67.34,2026-04-19
00300,BANCO DE INVERSION Y COMERCIO EXTER,publico,situacion_deudores,C.COM.Sit.1: En situación normal (%),Nov-2025,97.48,2026-04-19
00300,BANCO DE INVERSION Y COMERCIO EXTER,publico,situacion_deudores,C.COM.Sit.2: Con seguimiento especial (%),Nov-2025,0.0,2026-04-19
00300,BANCO DE INVERSION Y COMERCIO EXTER,publico,situacion_deudores,C.COM.Sit.3: Con problemas (%),Nov-2025,1.66,2026-04-19
00300,BANCO DE INVERSION Y COMERCIO EXTER,publico,situacion_deudores,C.COM.Sit.4: Con alto riesgo de insolvencia (%),Nov-2025,0.85,2026-04-19
00300,BANCO DE INVERSION Y COMERCIO EXTER,publico,situacion_deudores,C.COM.Sit.5: Irrecuperable (%),Nov-2025,0.01,2026-04-19
00300,BANCO DE INVERSION Y COMERCIO EXTER,publico,situacion_deudores,C.COM.TOTAL GARANTIZADO - Garantías Preferidas A y B (%),Nov-2025,27.22,2026-04-19
00300,BANCO DE INVERSION Y COMERCIO EXTER,publico,situacion_deudores,CARTERA COMERCIAL ASIMILABLE A CONSUMO ($),Nov-2025,192277.17,2026-04-19
00300,BANCO DE INVERSION Y COMERCIO EXTER,publico,situacion_deudores,Total cartera sobre financiaciones (%),Nov-2025,32.66,2026-04-19
00300,BANCO DE INVERSION Y COMERCIO EXTER,publico,situacion_deudores,C.CAC.Sit.1: En situación normal (%),Nov-2025,99.34,2026-04-19
00300,BANCO DE INVERSION Y COMERCIO EXTER,publico,situacion_deudores,C.CAC.Sit.2: Riesgo bajo (%),Nov-2025,0.3,2026-04-19
00300,BANCO DE INVERSION Y COMERCIO EXTER,publico,situacion_deudores,C.CAC.Sit.3: Riesgo medio (%),Nov-2025,0.09,2026-04-19
00300,BANCO DE INVERSION Y COMERCIO EXTER,publico,situacion_deudores,C.CAC.Sit.4: Riesgo alto (%),Nov-2025,0.24,2026-04-19
00300,BANCO DE INVERSION Y COMERCIO EXTER,publico,situacion_deudores,C.CAC.Sit.5: Irrecuperable (%),Nov-2025,0.03,2026-04-19
00300,BANCO DE INVERSION Y COMERCIO EXTER,publico,situacion_deudores,C.CAC.TOTAL GARANTIZADO - Garantías Preferidas A y B (%),Nov-2025,77.31,2026-04-19
00300,BANCO DE INVERSION Y COMERCIO EXTER,publico,situacion_deudores,TOTAL DE FINANCIACIONES Y GARANTIAS OTORGADAS ($),Dic-2025,685453.18,2026-04-19
00300,BANCO DE INVERSION Y COMERCIO EXTER,publico,situacion_deudores,TF.Sit.1: En situación normal (%),Dic-2025,98.41,2026-04-19
00300,BANCO DE INVERSION Y COMERCIO EXTER,publico,situacion_deudores,TF.Sit.2: Con seguimiento especial/Riesgo bajo (%),Dic-2025,0.04,2026-04-19
00300,BANCO DE INVERSION Y COMERCIO EXTER,publico,situacion_deudores,TF.Sit.3: Con problemas/Riesgo medio (%),Dic-2025,1.19,2026-04-19
00300,BANCO DE INVERSION Y COMERCIO EXTER,publico,situacion_deudores,TF.Sit.4: Con alto riesgo de insolvencia/Riesgo alto (%),Dic-2025,0.36,2026-04-19
00300,BANCO DE INVERSION Y COMERCIO EXTER,publico,situacion_deudores,TF.Sit.5: Irrecuperable (%),Dic-2025,0.01,2026-04-19
00300,BANCO DE INVERSION Y COMERCIO EXTER,publico,situacion_deudores,TOTAL GARANTIZADO - Garantías Preferidas A y B (%),Dic-2025,39.9,2026-04-19
00300,BANCO DE INVERSION Y COMERCIO EXTER,publico,situacion_deudores,Previsiones por riesgo de incobrabilidad constituídas,Dic-2025,10116.48,2026-04-19
00300,BANCO DE INVERSION Y COMERCIO EXTER,publico,situacion_deudores,CARTERA COMERCIAL ($),Dic-2025,475400.65,2026-04-19
00300,BANCO DE INVERSION Y COMERCIO EXTER,publico,situacion_deudores,Total cartera sobre financiaciones (%),Dic-2025,69.36,2026-04-19
00300,BANCO DE INVERSION Y COMERCIO EXTER,publico,situacion_deudores,C.COM.Sit.1: En situación normal (%),Dic-2025,97.95,2026-04-19
00300,BANCO DE INVERSION Y COMERCIO EXTER,publico,situacion_deudores,C.COM.Sit.2: Con seguimiento especial (%),Dic-2025,0.0,2026-04-19
00300,BANCO DE INVERSION Y COMERCIO EXTER,publico,situacion_deudores,C.COM.Sit.3: Con problemas (%),Dic-2025,1.62,2026-04-19
00300,BANCO DE INVERSION Y COMERCIO EXTER,publico,situacion_deudores,C.COM.Sit.4: Con alto riesgo de insolvencia (%),Dic-2025,0.42,2026-04-19
00300,BANCO DE INVERSION Y COMERCIO EXTER,publico,situacion_deudores,C.COM.Sit.5: Irrecuperable (%),Dic-2025,0.01,2026-04-19
00300,BANCO DE INVERSION Y COMERCIO EXTER,publico,situacion_deudores,C.COM.TOTAL GARANTIZADO - Garantías Preferidas A y B (%),Dic-2025,22.45,2026-04-19
00300,BANCO DE INVERSION Y COMERCIO EXTER,publico,situacion_deudores,CARTERA COMERCIAL ASIMILABLE A CONSUMO ($),Dic-2025,210052.53,2026-04-19
00300,BANCO DE INVERSION Y COMERCIO EXTER,publico,situacion_deudores,Total cartera sobre financiaciones (%),Dic-2025,30.64,2026-04-19
00300,BANCO DE INVERSION Y COMERCIO EXTER,publico,situacion_deudores,C.CAC.Sit.1: En situación normal (%),Dic-2025,99.43,2026-04-19
00300,BANCO DE INVERSION Y COMERCIO EXTER,publico,situacion_deudores,C.CAC.Sit.2: Riesgo bajo (%),Dic-2025,0.12,2026-04-19
00300,BANCO DE INVERSION Y COMERCIO EXTER,publico,situacion_deudores,C.CAC.Sit.3: Riesgo medio (%),Dic-2025,0.2,2026-04-19
00300,BANCO DE INVERSION Y COMERCIO EXTER,publico,situacion_deudores,C.CAC.Sit.4: Riesgo alto (%),Dic-2025,0.22,2026-04-19
00300,BANCO DE INVERSION Y COMERCIO EXTER,publico,situacion_deudores,C.CAC.Sit.5: Irrecuperable (%),Dic-2025,0.03,2026-04-19
00300,BANCO DE INVERSION Y COMERCIO EXTER,publico,situacion_deudores,C.CAC.TOTAL GARANTIZADO - Garantías Preferidas A y B (%),Dic-2025,79.37,2026-04-19
00300,BANCO DE INVERSION Y COMERCIO EXTER,publico,situacion_deudores,TOTAL DE FINANCIACIONES Y GARANTIAS OTORGADAS ($),Ene-2026,696287.08,2026-04-19
00300,BANCO DE INVERSION Y COMERCIO EXTER,publico,situacion_deudores,TF.Sit.1: En situación normal (%),Ene-2026,98.31,2026-04-19
00300,BANCO DE INVERSION Y COMERCIO EXTER,publico,situacion_deudores,TF.Sit.2: Con seguimiento especial/Riesgo bajo (%),Ene-2026,0.17,2026-04-19
00300,BANCO DE INVERSION Y COMERCIO EXTER,publico,situacion_deudores,TF.Sit.3: Con problemas/Riesgo medio (%),Ene-2026,1.16,2026-04-19
00300,BANCO DE INVERSION Y COMERCIO EXTER,publico,situacion_deudores,TF.Sit.4: Con alto riesgo de insolvencia/Riesgo alto (%),Ene-2026,0.35,2026-04-19
00300,BANCO DE INVERSION Y COMERCIO EXTER,publico,situacion_deudores,TF.Sit.5: Irrecuperable (%),Ene-2026,0.01,2026-04-19
00300,BANCO DE INVERSION Y COMERCIO EXTER,publico,situacion_deudores,TOTAL GARANTIZADO - Garantías Preferidas A y B (%),Ene-2026,40.92,2026-04-19
00300,BANCO DE INVERSION Y COMERCIO EXTER,publico,situacion_deudores,Previsiones por riesgo de incobrabilidad constituídas,Ene-2026,12189.5,2026-04-19
00300,BANCO DE INVERSION Y COMERCIO EXTER,publico,situacion_deudores,CARTERA COMERCIAL ($),Ene-2026,470178.05,2026-04-19
00300,BANCO DE INVERSION Y COMERCIO EXTER,publico,situacion_deudores,Total cartera sobre financiaciones (%),Ene-2026,67.53,2026-04-19
00300,BANCO DE INVERSION Y COMERCIO EXTER,publico,situacion_deudores,C.COM.Sit.1: En situación normal (%),Ene-2026,97.95,2026-04-19
00300,BANCO DE INVERSION Y COMERCIO EXTER,publico,situacion_deudores,C.COM.Sit.2: Con seguimiento especial (%),Ene-2026,0.0,2026-04-19
00300,BANCO DE INVERSION Y COMERCIO EXTER,publico,situacion_deudores,C.COM.Sit.3: Con problemas (%),Ene-2026,1.63,2026-04-19
00300,BANCO DE INVERSION Y COMERCIO EXTER,publico,situacion_deudores,C.COM.Sit.4: Con alto riesgo de insolvencia (%),Ene-2026,0.42,2026-04-19
00300,BANCO DE INVERSION Y COMERCIO EXTER,publico,situacion_deudores,C.COM.Sit.5: Irrecuperable (%),Ene-2026,0.01,2026-04-19
00300,BANCO DE INVERSION Y COMERCIO EXTER,publico,situacion_deudores,C.COM.TOTAL GARANTIZADO - Garantías Preferidas A y B (%),Ene-2026,22.99,2026-04-19
00300,BANCO DE INVERSION Y COMERCIO EXTER,publico,situacion_deudores,CARTERA COMERCIAL ASIMILABLE A CONSUMO ($),Ene-2026,226109.03,2026-04-19
00300,BANCO DE INVERSION Y COMERCIO EXTER,publico,situacion_deudores,Total cartera sobre financiaciones (%),Ene-2026,32.47,2026-04-19
00300,BANCO DE INVERSION Y COMERCIO EXTER,publico,situacion_deudores,C.CAC.Sit.1: En situación normal (%),Ene-2026,99.08,2026-04-19
00300,BANCO DE INVERSION Y COMERCIO EXTER,publico,situacion_deudores,C.CAC.Sit.2: Riesgo bajo (%),Ene-2026,0.51,2026-04-19
00300,BANCO DE INVERSION Y COMERCIO EXTER,publico,situacion_deudores,C.CAC.Sit.3: Riesgo medio (%),Ene-2026,0.18,2026-04-19
00300,BANCO DE INVERSION Y COMERCIO EXTER,publico,situacion_deudores,C.CAC.Sit.4: Riesgo alto (%),Ene-2026,0.2,2026-04-19
00300,BANCO DE INVERSION Y COMERCIO EXTER,publico,situacion_deudores,C.CAC.Sit.5: Irrecuperable (%),Ene-2026,0.03,2026-04-19
00300,BANCO DE INVERSION Y COMERCIO EXTER,publico,situacion_deudores,C.CAC.TOTAL GARANTIZADO - Garantías Preferidas A y B (%),Ene-2026,78.21,2026-04-19
00029,BANCO DE LA CIUDAD DE BUENOS AIRES,publico,situacion_deudores,TOTAL DE FINANCIACIONES Y GARANTIAS OTORGADAS ($),Dic-2023,743059.15,2026-04-19
00029,BANCO DE LA CIUDAD DE BUENOS AIRES,publico,situacion_deudores,TF.Sit.1: En situación normal (%),Dic-2023,94.64,2026-04-19
00029,BANCO DE LA CIUDAD DE BUENOS AIRES,publico,situacion_deudores,TF.Sit.2: Con seguimiento especial/Riesgo bajo (%),Dic-2023,1.36,2026-04-19
00029,BANCO DE LA CIUDAD DE BUENOS AIRES,publico,situacion_deudores,TF.Sit.3: Con problemas/Riesgo medio (%),Dic-2023,0.81,2026-04-19
00029,BANCO DE LA CIUDAD DE BUENOS AIRES,publico,situacion_deudores,TF.Sit.4: Con alto riesgo de insolvencia/Riesgo alto (%),Dic-2023,1.35,2026-04-19
00029,BANCO DE LA CIUDAD DE BUENOS AIRES,publico,situacion_deudores,TF.Sit.5: Irrecuperable (%),Dic-2023,1.83,2026-04-19
00029,BANCO DE LA CIUDAD DE BUENOS AIRES,publico,situacion_deudores,TOTAL GARANTIZADO - Garantías Preferidas A y B (%),Dic-2023,14.32,2026-04-19
00029,BANCO DE LA CIUDAD DE BUENOS AIRES,publico,situacion_deudores,Previsiones por riesgo de incobrabilidad constituídas,Dic-2023,26696.09,2026-04-19
00029,BANCO DE LA CIUDAD DE BUENOS AIRES,publico,situacion_deudores,CARTERA COMERCIAL ($),Dic-2023,283501.89,2026-04-19
00029,BANCO DE LA CIUDAD DE BUENOS AIRES,publico,situacion_deudores,Total cartera sobre financiaciones (%),Dic-2023,38.15,2026-04-19
00029,BANCO DE LA CIUDAD DE BUENOS AIRES,publico,situacion_deudores,C.COM.Sit.1: En situación normal (%),Dic-2023,92.99,2026-04-19
00029,BANCO DE LA CIUDAD DE BUENOS AIRES,publico,situacion_deudores,C.COM.Sit.2: Con seguimiento especial (%),Dic-2023,1.53,2026-04-19
00029,BANCO DE LA CIUDAD DE BUENOS AIRES,publico,situacion_deudores,C.COM.Sit.3: Con problemas (%),Dic-2023,0.42,2026-04-19
00029,BANCO DE LA CIUDAD DE BUENOS AIRES,publico,situacion_deudores,C.COM.Sit.4: Con alto riesgo de insolvencia (%),Dic-2023,1.54,2026-04-19
00029,BANCO DE LA CIUDAD DE BUENOS AIRES,publico,situacion_deudores,C.COM.Sit.5: Irrecuperable (%),Dic-2023,3.52,2026-04-19
00029,BANCO DE LA CIUDAD DE BUENOS AIRES,publico,situacion_deudores,C.COM.TOTAL GARANTIZADO - Garantías Preferidas A y B (%),Dic-2023,9.56,2026-04-19
00029,BANCO DE LA CIUDAD DE BUENOS AIRES,publico,situacion_deudores,CARTERA DE CONSUMO O VIVIENDA ($),Dic-2023,370451.29,2026-04-19
00029,BANCO DE LA CIUDAD DE BUENOS AIRES,publico,situacion_deudores,Total cartera sobre financiaciones (%),Dic-2023,49.85,2026-04-19
00029,BANCO DE LA CIUDAD DE BUENOS AIRES,publico,situacion_deudores,C.CON.Sit.1: En situación normal (%),Dic-2023,95.15,2026-04-19
00029,BANCO DE LA CIUDAD DE BUENOS AIRES,publico,situacion_deudores,C.CON.Sit.2: Riesgo bajo (%),Dic-2023,1.52,2026-04-19
00029,BANCO DE LA CIUDAD DE BUENOS AIRES,publico,situacion_deudores,C.CON.Sit.3: Riesgo medio (%),Dic-2023,1.13,2026-04-19
00029,BANCO DE LA CIUDAD DE BUENOS AIRES,publico,situacion_deudores,C.CON.Sit.4: Riesgo alto (%),Dic-2023,1.3,2026-04-19
00029,BANCO DE LA CIUDAD DE BUENOS AIRES,publico,situacion_deudores,C.CON.Sit.5: Irrecuperable (%),Dic-2023,0.91,2026-04-19
00029,BANCO DE LA CIUDAD DE BUENOS AIRES,publico,situacion_deudores,C.CON.TOTAL GARANTIZADO - Garantías Preferidas A y B (%),Dic-2023,10.03,2026-04-19
00029,BANCO DE LA CIUDAD DE BUENOS AIRES,publico,situacion_deudores,CARTERA COMERCIAL ASIMILABLE A CONSUMO ($),Dic-2023,89105.98,2026-04-19
00029,BANCO DE LA CIUDAD DE BUENOS AIRES,publico,situacion_deudores,Total cartera sobre financiaciones (%),Dic-2023,11.99,2026-04-19
00029,BANCO DE LA CIUDAD DE BUENOS AIRES,publico,situacion_deudores,C.CAC.Sit.1: En situación normal (%),Dic-2023,97.78,2026-04-19
00029,BANCO DE LA CIUDAD DE BUENOS AIRES,publico,situacion_deudores,C.CAC.Sit.2: Riesgo bajo (%),Dic-2023,0.21,2026-04-19
00029,BANCO DE LA CIUDAD DE BUENOS AIRES,publico,situacion_deudores,C.CAC.Sit.3: Riesgo medio (%),Dic-2023,0.76,2026-04-19
00029,BANCO DE LA CIUDAD DE BUENOS AIRES,publico,situacion_deudores,C.CAC.Sit.4: Riesgo alto (%),Dic-2023,0.99,2026-04-19
00029,BANCO DE LA CIUDAD DE BUENOS AIRES,publico,situacion_deudores,C.CAC.Sit.5: Irrecuperable (%),Dic-2023,0.25,2026-04-19
00029,BANCO DE LA CIUDAD DE BUENOS AIRES,publico,situacion_deudores,C.CAC.TOTAL GARANTIZADO - Garantías Preferidas A y B (%),Dic-2023,47.33,2026-04-19
00029,BANCO DE LA CIUDAD DE BUENOS AIRES,publico,situacion_deudores,TOTAL DE FINANCIACIONES Y GARANTIAS OTORGADAS ($),Dic-2024,1994307.79,2026-04-19
00029,BANCO DE LA CIUDAD DE BUENOS AIRES,publico,situacion_deudores,TF.Sit.1: En situación normal (%),Dic-2024,96.61,2026-04-19
00029,BANCO DE LA CIUDAD DE BUENOS AIRES,publico,situacion_deudores,TF.Sit.2: Con seguimiento especial/Riesgo bajo (%),Dic-2024,1.22,2026-04-19
00029,BANCO DE LA CIUDAD DE BUENOS AIRES,publico,situacion_deudores,TF.Sit.3: Con problemas/Riesgo medio (%),Dic-2024,0.49,2026-04-19
00029,BANCO DE LA CIUDAD DE BUENOS AIRES,publico,situacion_deudores,TF.Sit.4: Con alto riesgo de insolvencia/Riesgo alto (%),Dic-2024,0.74,2026-04-19
00029,BANCO DE LA CIUDAD DE BUENOS AIRES,publico,situacion_deudores,TF.Sit.5: Irrecuperable (%),Dic-2024,0.94,2026-04-19
00029,BANCO DE LA CIUDAD DE BUENOS AIRES,publico,situacion_deudores,TOTAL GARANTIZADO - Garantías Preferidas A y B (%),Dic-2024,12.98,2026-04-19
00029,BANCO DE LA CIUDAD DE BUENOS AIRES,publico,situacion_deudores,Previsiones por riesgo de incobrabilidad constituídas,Dic-2024,44047.23,2026-04-19
00029,BANCO DE LA CIUDAD DE BUENOS AIRES,publico,situacion_deudores,CARTERA COMERCIAL ($),Dic-2024,748157.13,2026-04-19
00029,BANCO DE LA CIUDAD DE BUENOS AIRES,publico,situacion_deudores,Total cartera sobre financiaciones (%),Dic-2024,37.51,2026-04-19
00029,BANCO DE LA CIUDAD DE BUENOS AIRES,publico,situacion_deudores,C.COM.Sit.1: En situación normal (%),Dic-2024,97.27,2026-04-19
00029,BANCO DE LA CIUDAD DE BUENOS AIRES,publico,situacion_deudores,C.COM.Sit.2: Con seguimiento especial (%),Dic-2024,0.57,2026-04-19
00029,BANCO DE LA CIUDAD DE BUENOS AIRES,publico,situacion_deudores,C.COM.Sit.3: Con problemas (%),Dic-2024,0.0,2026-04-19
00029,BANCO DE LA CIUDAD DE BUENOS AIRES,publico,situacion_deudores,C.COM.Sit.4: Con alto riesgo de insolvencia (%),Dic-2024,0.61,2026-04-19
00029,BANCO DE LA CIUDAD DE BUENOS AIRES,publico,situacion_deudores,C.COM.Sit.5: Irrecuperable (%),Dic-2024,1.55,2026-04-19
00029,BANCO DE LA CIUDAD DE BUENOS AIRES,publico,situacion_deudores,C.COM.TOTAL GARANTIZADO - Garantías Preferidas A y B (%),Dic-2024,7.64,2026-04-19
00029,BANCO DE LA CIUDAD DE BUENOS AIRES,publico,situacion_deudores,CARTERA DE CONSUMO O VIVIENDA ($),Dic-2024,1062492.31,2026-04-19
00029,BANCO DE LA CIUDAD DE BUENOS AIRES,publico,situacion_deudores,Total cartera sobre financiaciones (%),Dic-2024,53.28,2026-04-19
00029,BANCO DE LA CIUDAD DE BUENOS AIRES,publico,situacion_deudores,C.CON.Sit.1: En situación normal (%),Dic-2024,95.74,2026-04-19
00029,BANCO DE LA CIUDAD DE BUENOS AIRES,publico,situacion_deudores,C.CON.Sit.2: Riesgo bajo (%),Dic-2024,1.86,2026-04-19
00029,BANCO DE LA CIUDAD DE BUENOS AIRES,publico,situacion_deudores,C.CON.Sit.3: Riesgo medio (%),Dic-2024,0.9,2026-04-19
00029,BANCO DE LA CIUDAD DE BUENOS AIRES,publico,situacion_deudores,C.CON.Sit.4: Riesgo alto (%),Dic-2024,0.93,2026-04-19
00029,BANCO DE LA CIUDAD DE BUENOS AIRES,publico,situacion_deudores,C.CON.Sit.5: Irrecuperable (%),Dic-2024,0.56,2026-04-19
00029,BANCO DE LA CIUDAD DE BUENOS AIRES,publico,situacion_deudores,C.CON.TOTAL GARANTIZADO - Garantías Preferidas A y B (%),Dic-2024,10.46,2026-04-19
00029,BANCO DE LA CIUDAD DE BUENOS AIRES,publico,situacion_deudores,CARTERA COMERCIAL ASIMILABLE A CONSUMO ($),Dic-2024,183658.36,2026-04-19
00029,BANCO DE LA CIUDAD DE BUENOS AIRES,publico,situacion_deudores,Total cartera sobre financiaciones (%),Dic-2024,9.21,2026-04-19
00029,BANCO DE LA CIUDAD DE BUENOS AIRES,publico,situacion_deudores,C.CAC.Sit.1: En situación normal (%),Dic-2024,98.94,2026-04-19
00029,BANCO DE LA CIUDAD DE BUENOS AIRES,publico,situacion_deudores,C.CAC.Sit.2: Riesgo bajo (%),Dic-2024,0.13,2026-04-19
00029,BANCO DE LA CIUDAD DE BUENOS AIRES,publico,situacion_deudores,C.CAC.Sit.3: Riesgo medio (%),Dic-2024,0.11,2026-04-19
00029,BANCO DE LA CIUDAD DE BUENOS AIRES,publico,situacion_deudores,C.CAC.Sit.4: Riesgo alto (%),Dic-2024,0.14,2026-04-19
00029,BANCO DE LA CIUDAD DE BUENOS AIRES,publico,situacion_deudores,C.CAC.Sit.5: Irrecuperable (%),Dic-2024,0.67,2026-04-19
00029,BANCO DE LA CIUDAD DE BUENOS AIRES,publico,situacion_deudores,C.CAC.TOTAL GARANTIZADO - Garantías Preferidas A y B (%),Dic-2024,49.33,2026-04-19
00029,BANCO DE LA CIUDAD DE BUENOS AIRES,publico,situacion_deudores,TOTAL DE FINANCIACIONES Y GARANTIAS OTORGADAS ($),Nov-2025,3458428.38,2026-04-19
00029,BANCO DE LA CIUDAD DE BUENOS AIRES,publico,situacion_deudores,TF.Sit.1: En situación normal (%),Nov-2025,93.67,2026-04-19
00029,BANCO DE LA CIUDAD DE BUENOS AIRES,publico,situacion_deudores,TF.Sit.2: Con seguimiento especial/Riesgo bajo (%),Nov-2025,2.66,2026-04-19
00029,BANCO DE LA CIUDAD DE BUENOS AIRES,publico,situacion_deudores,TF.Sit.3: Con problemas/Riesgo medio (%),Nov-2025,1.33,2026-04-19
00029,BANCO DE LA CIUDAD DE BUENOS AIRES,publico,situacion_deudores,TF.Sit.4: Con alto riesgo de insolvencia/Riesgo alto (%),Nov-2025,1.32,2026-04-19
00029,BANCO DE LA CIUDAD DE BUENOS AIRES,publico,situacion_deudores,TF.Sit.5: Irrecuperable (%),Nov-2025,1.02,2026-04-19
00029,BANCO DE LA CIUDAD DE BUENOS AIRES,publico,situacion_deudores,TOTAL GARANTIZADO - Garantías Preferidas A y B (%),Nov-2025,16.43,2026-04-19
00029,BANCO DE LA CIUDAD DE BUENOS AIRES,publico,situacion_deudores,Previsiones por riesgo de incobrabilidad constituídas,Nov-2025,105029.79,2026-04-19
00029,BANCO DE LA CIUDAD DE BUENOS AIRES,publico,situacion_deudores,CARTERA COMERCIAL ($),Nov-2025,1337935.78,2026-04-19
00029,BANCO DE LA CIUDAD DE BUENOS AIRES,publico,situacion_deudores,Total cartera sobre financiaciones (%),Nov-2025,38.69,2026-04-19
00029,BANCO DE LA CIUDAD DE BUENOS AIRES,publico,situacion_deudores,C.COM.Sit.1: En situación normal (%),Nov-2025,96.14,2026-04-19
00029,BANCO DE LA CIUDAD DE BUENOS AIRES,publico,situacion_deudores,C.COM.Sit.2: Con seguimiento especial (%),Nov-2025,1.5,2026-04-19
00029,BANCO DE LA CIUDAD DE BUENOS AIRES,publico,situacion_deudores,C.COM.Sit.3: Con problemas (%),Nov-2025,0.0,2026-04-19
00029,BANCO DE LA CIUDAD DE BUENOS AIRES,publico,situacion_deudores,C.COM.Sit.4: Con alto riesgo de insolvencia (%),Nov-2025,0.81,2026-04-19
00029,BANCO DE LA CIUDAD DE BUENOS AIRES,publico,situacion_deudores,C.COM.Sit.5: Irrecuperable (%),Nov-2025,1.55,2026-04-19
00029,BANCO DE LA CIUDAD DE BUENOS AIRES,publico,situacion_deudores,C.COM.TOTAL GARANTIZADO - Garantías Preferidas A y B (%),Nov-2025,5.58,2026-04-19
00029,BANCO DE LA CIUDAD DE BUENOS AIRES,publico,situacion_deudores,CARTERA DE CONSUMO O VIVIENDA ($),Nov-2025,1797336.37,2026-04-19
00029,BANCO DE LA CIUDAD DE BUENOS AIRES,publico,situacion_deudores,Total cartera sobre financiaciones (%),Nov-2025,51.97,2026-04-19
00029,BANCO DE LA CIUDAD DE BUENOS AIRES,publico,situacion_deudores,C.CON.Sit.1: En situación normal (%),Nov-2025,91.97,2026-04-19
00029,BANCO DE LA CIUDAD DE BUENOS AIRES,publico,situacion_deudores,C.CON.Sit.2: Riesgo bajo (%),Nov-2025,3.54,2026-04-19
00029,BANCO DE LA CIUDAD DE BUENOS AIRES,publico,situacion_deudores,C.CON.Sit.3: Riesgo medio (%),Nov-2025,2.08,2026-04-19
00029,BANCO DE LA CIUDAD DE BUENOS AIRES,publico,situacion_deudores,C.CON.Sit.4: Riesgo alto (%),Nov-2025,1.81,2026-04-19
00029,BANCO DE LA CIUDAD DE BUENOS AIRES,publico,situacion_deudores,C.CON.Sit.5: Irrecuperable (%),Nov-2025,0.59,2026-04-19
00029,BANCO DE LA CIUDAD DE BUENOS AIRES,publico,situacion_deudores,C.CON.TOTAL GARANTIZADO - Garantías Preferidas A y B (%),Nov-2025,21.0,2026-04-19
00029,BANCO DE LA CIUDAD DE BUENOS AIRES,publico,situacion_deudores,CARTERA COMERCIAL ASIMILABLE A CONSUMO ($),Nov-2025,323156.22,2026-04-19
00029,BANCO DE LA CIUDAD DE BUENOS AIRES,publico,situacion_deudores,Total cartera sobre financiaciones (%),Nov-2025,9.34,2026-04-19
00029,BANCO DE LA CIUDAD DE BUENOS AIRES,publico,situacion_deudores,C.CAC.Sit.1: En situación normal (%),Nov-2025,92.93,2026-04-19
00029,BANCO DE LA CIUDAD DE BUENOS AIRES,publico,situacion_deudores,C.CAC.Sit.2: Riesgo bajo (%),Nov-2025,2.5,2026-04-19
00029,BANCO DE LA CIUDAD DE BUENOS AIRES,publico,situacion_deudores,C.CAC.Sit.3: Riesgo medio (%),Nov-2025,2.66,2026-04-19
00029,BANCO DE LA CIUDAD DE BUENOS AIRES,publico,situacion_deudores,C.CAC.Sit.4: Riesgo alto (%),Nov-2025,0.75,2026-04-19
00029,BANCO DE LA CIUDAD DE BUENOS AIRES,publico,situacion_deudores,C.CAC.Sit.5: Irrecuperable (%),Nov-2025,1.16,2026-04-19
00029,BANCO DE LA CIUDAD DE BUENOS AIRES,publico,situacion_deudores,C.CAC.TOTAL GARANTIZADO - Garantías Preferidas A y B (%),Nov-2025,35.94,2026-04-19
00029,BANCO DE LA CIUDAD DE BUENOS AIRES,publico,situacion_deudores,TOTAL DE FINANCIACIONES Y GARANTIAS OTORGADAS ($),Dic-2025,3417724.44,2026-04-19
00029,BANCO DE LA CIUDAD DE BUENOS AIRES,publico,situacion_deudores,TF.Sit.1: En situación normal (%),Dic-2025,93.8,2026-04-19
00029,BANCO DE LA CIUDAD DE BUENOS AIRES,publico,situacion_deudores,TF.Sit.2: Con seguimiento especial/Riesgo bajo (%),Dic-2025,2.49,2026-04-19
00029,BANCO DE LA CIUDAD DE BUENOS AIRES,publico,situacion_deudores,TF.Sit.3: Con problemas/Riesgo medio (%),Dic-2025,1.53,2026-04-19
00029,BANCO DE LA CIUDAD DE BUENOS AIRES,publico,situacion_deudores,TF.Sit.4: Con alto riesgo de insolvencia/Riesgo alto (%),Dic-2025,1.56,2026-04-19
00029,BANCO DE LA CIUDAD DE BUENOS AIRES,publico,situacion_deudores,TF.Sit.5: Irrecuperable (%),Dic-2025,0.63,2026-04-19
00029,BANCO DE LA CIUDAD DE BUENOS AIRES,publico,situacion_deudores,TOTAL GARANTIZADO - Garantías Preferidas A y B (%),Dic-2025,16.36,2026-04-19
00029,BANCO DE LA CIUDAD DE BUENOS AIRES,publico,situacion_deudores,Previsiones por riesgo de incobrabilidad constituídas,Dic-2025,96251.98,2026-04-19
00029,BANCO DE LA CIUDAD DE BUENOS AIRES,publico,situacion_deudores,CARTERA COMERCIAL ($),Dic-2025,1272432.96,2026-04-19
00029,BANCO DE LA CIUDAD DE BUENOS AIRES,publico,situacion_deudores,Total cartera sobre financiaciones (%),Dic-2025,37.23,2026-04-19
00029,BANCO DE LA CIUDAD DE BUENOS AIRES,publico,situacion_deudores,C.COM.Sit.1: En situación normal (%),Dic-2025,97.06,2026-04-19
00029,BANCO DE LA CIUDAD DE BUENOS AIRES,publico,situacion_deudores,C.COM.Sit.2: Con seguimiento especial (%),Dic-2025,1.12,2026-04-19
00029,BANCO DE LA CIUDAD DE BUENOS AIRES,publico,situacion_deudores,C.COM.Sit.3: Con problemas (%),Dic-2025,0.43,2026-04-19
00029,BANCO DE LA CIUDAD DE BUENOS AIRES,publico,situacion_deudores,C.COM.Sit.4: Con alto riesgo de insolvencia (%),Dic-2025,0.82,2026-04-19
00029,BANCO DE LA CIUDAD DE BUENOS AIRES,publico,situacion_deudores,C.COM.Sit.5: Irrecuperable (%),Dic-2025,0.55,2026-04-19
00029,BANCO DE LA CIUDAD DE BUENOS AIRES,publico,situacion_deudores,C.COM.TOTAL GARANTIZADO - Garantías Preferidas A y B (%),Dic-2025,4.88,2026-04-19
00029,BANCO DE LA CIUDAD DE BUENOS AIRES,publico,situacion_deudores,CARTERA DE CONSUMO O VIVIENDA ($),Dic-2025,1809889.88,2026-04-19
00029,BANCO DE LA CIUDAD DE BUENOS AIRES,publico,situacion_deudores,Total cartera sobre financiaciones (%),Dic-2025,52.96,2026-04-19
00029,BANCO DE LA CIUDAD DE BUENOS AIRES,publico,situacion_deudores,C.CON.Sit.1: En situación normal (%),Dic-2025,91.6,2026-04-19
00029,BANCO DE LA CIUDAD DE BUENOS AIRES,publico,situacion_deudores,C.CON.Sit.2: Riesgo bajo (%),Dic-2025,3.54,2026-04-19
00029,BANCO DE LA CIUDAD DE BUENOS AIRES,publico,situacion_deudores,C.CON.Sit.3: Riesgo medio (%),Dic-2025,1.99,2026-04-19
00029,BANCO DE LA CIUDAD DE BUENOS AIRES,publico,situacion_deudores,C.CON.Sit.4: Riesgo alto (%),Dic-2025,2.16,2026-04-19
00029,BANCO DE LA CIUDAD DE BUENOS AIRES,publico,situacion_deudores,C.CON.Sit.5: Irrecuperable (%),Dic-2025,0.71,2026-04-19
00029,BANCO DE LA CIUDAD DE BUENOS AIRES,publico,situacion_deudores,C.CON.TOTAL GARANTIZADO - Garantías Preferidas A y B (%),Dic-2025,21.04,2026-04-19
00029,BANCO DE LA CIUDAD DE BUENOS AIRES,publico,situacion_deudores,CARTERA COMERCIAL ASIMILABLE A CONSUMO ($),Dic-2025,335401.6,2026-04-19
00029,BANCO DE LA CIUDAD DE BUENOS AIRES,publico,situacion_deudores,Total cartera sobre financiaciones (%),Dic-2025,9.81,2026-04-19
00029,BANCO DE LA CIUDAD DE BUENOS AIRES,publico,situacion_deudores,C.CAC.Sit.1: En situación normal (%),Dic-2025,93.21,2026-04-19
00029,BANCO DE LA CIUDAD DE BUENOS AIRES,publico,situacion_deudores,C.CAC.Sit.2: Riesgo bajo (%),Dic-2025,1.96,2026-04-19
00029,BANCO DE LA CIUDAD DE BUENOS AIRES,publico,situacion_deudores,C.CAC.Sit.3: Riesgo medio (%),Dic-2025,3.2,2026-04-19
00029,BANCO DE LA CIUDAD DE BUENOS AIRES,publico,situacion_deudores,C.CAC.Sit.4: Riesgo alto (%),Dic-2025,1.15,2026-04-19
00029,BANCO DE LA CIUDAD DE BUENOS AIRES,publico,situacion_deudores,C.CAC.Sit.5: Irrecuperable (%),Dic-2025,0.47,2026-04-19
00029,BANCO DE LA CIUDAD DE BUENOS AIRES,publico,situacion_deudores,C.CAC.TOTAL GARANTIZADO - Garantías Preferidas A y B (%),Dic-2025,34.67,2026-04-19
00029,BANCO DE LA CIUDAD DE BUENOS AIRES,publico,situacion_deudores,TOTAL DE FINANCIACIONES Y GARANTIAS OTORGADAS ($),Ene-2026,3503082.73,2026-04-19
00029,BANCO DE LA CIUDAD DE BUENOS AIRES,publico,situacion_deudores,TF.Sit.1: En situación normal (%),Ene-2026,93.9,2026-04-19
00029,BANCO DE LA CIUDAD DE BUENOS AIRES,publico,situacion_deudores,TF.Sit.2: Con seguimiento especial/Riesgo bajo (%),Ene-2026,2.19,2026-04-19
00029,BANCO DE LA CIUDAD DE BUENOS AIRES,publico,situacion_deudores,TF.Sit.3: Con problemas/Riesgo medio (%),Ene-2026,1.8,2026-04-19
00029,BANCO DE LA CIUDAD DE BUENOS AIRES,publico,situacion_deudores,TF.Sit.4: Con alto riesgo de insolvencia/Riesgo alto (%),Ene-2026,1.53,2026-04-19
00029,BANCO DE LA CIUDAD DE BUENOS AIRES,publico,situacion_deudores,TF.Sit.5: Irrecuperable (%),Ene-2026,0.59,2026-04-19
00029,BANCO DE LA CIUDAD DE BUENOS AIRES,publico,situacion_deudores,TOTAL GARANTIZADO - Garantías Preferidas A y B (%),Ene-2026,16.09,2026-04-19
00029,BANCO DE LA CIUDAD DE BUENOS AIRES,publico,situacion_deudores,Previsiones por riesgo de incobrabilidad constituídas,Ene-2026,99971.46,2026-04-19
00029,BANCO DE LA CIUDAD DE BUENOS AIRES,publico,situacion_deudores,CARTERA COMERCIAL ($),Ene-2026,1288170.66,2026-04-19
00029,BANCO DE LA CIUDAD DE BUENOS AIRES,publico,situacion_deudores,Total cartera sobre financiaciones (%),Ene-2026,36.77,2026-04-19
00029,BANCO DE LA CIUDAD DE BUENOS AIRES,publico,situacion_deudores,C.COM.Sit.1: En situación normal (%),Ene-2026,97.12,2026-04-19
00029,BANCO DE LA CIUDAD DE BUENOS AIRES,publico,situacion_deudores,C.COM.Sit.2: Con seguimiento especial (%),Ene-2026,1.1,2026-04-19
00029,BANCO DE LA CIUDAD DE BUENOS AIRES,publico,situacion_deudores,C.COM.Sit.3: Con problemas (%),Ene-2026,0.43,2026-04-19
00029,BANCO DE LA CIUDAD DE BUENOS AIRES,publico,situacion_deudores,C.COM.Sit.4: Con alto riesgo de insolvencia (%),Ene-2026,0.81,2026-04-19
00029,BANCO DE LA CIUDAD DE BUENOS AIRES,publico,situacion_deudores,C.COM.Sit.5: Irrecuperable (%),Ene-2026,0.54,2026-04-19
00029,BANCO DE LA CIUDAD DE BUENOS AIRES,publico,situacion_deudores,C.COM.TOTAL GARANTIZADO - Garantías Preferidas A y B (%),Ene-2026,5.32,2026-04-19
00029,BANCO DE LA CIUDAD DE BUENOS AIRES,publico,situacion_deudores,CARTERA DE CONSUMO O VIVIENDA ($),Ene-2026,1866332.21,2026-04-19
00029,BANCO DE LA CIUDAD DE BUENOS AIRES,publico,situacion_deudores,Total cartera sobre financiaciones (%),Ene-2026,53.28,2026-04-19
00029,BANCO DE LA CIUDAD DE BUENOS AIRES,publico,situacion_deudores,C.CON.Sit.1: En situación normal (%),Ene-2026,91.83,2026-04-19
00029,BANCO DE LA CIUDAD DE BUENOS AIRES,publico,situacion_deudores,C.CON.Sit.2: Riesgo bajo (%),Ene-2026,2.94,2026-04-19
00029,BANCO DE LA CIUDAD DE BUENOS AIRES,publico,situacion_deudores,C.CON.Sit.3: Riesgo medio (%),Ene-2026,2.5,2026-04-19
00029,BANCO DE LA CIUDAD DE BUENOS AIRES,publico,situacion_deudores,C.CON.Sit.4: Riesgo alto (%),Ene-2026,2.08,2026-04-19
00029,BANCO DE LA CIUDAD DE BUENOS AIRES,publico,situacion_deudores,C.CON.Sit.5: Irrecuperable (%),Ene-2026,0.65,2026-04-19
00029,BANCO DE LA CIUDAD DE BUENOS AIRES,publico,situacion_deudores,C.CON.TOTAL GARANTIZADO - Garantías Preferidas A y B (%),Ene-2026,20.62,2026-04-19
00029,BANCO DE LA CIUDAD DE BUENOS AIRES,publico,situacion_deudores,CARTERA COMERCIAL ASIMILABLE A CONSUMO ($),Ene-2026,348579.86,2026-04-19
00029,BANCO DE LA CIUDAD DE BUENOS AIRES,publico,situacion_deudores,Total cartera sobre financiaciones (%),Ene-2026,9.95,2026-04-19
00029,BANCO DE LA CIUDAD DE BUENOS AIRES,publico,situacion_deudores,C.CAC.Sit.1: En situación normal (%),Ene-2026,93.07,2026-04-19
00029,BANCO DE LA CIUDAD DE BUENOS AIRES,publico,situacion_deudores,C.CAC.Sit.2: Riesgo bajo (%),Ene-2026,2.12,2026-04-19
00029,BANCO DE LA CIUDAD DE BUENOS AIRES,publico,situacion_deudores,C.CAC.Sit.3: Riesgo medio (%),Ene-2026,3.12,2026-04-19
00029,BANCO DE LA CIUDAD DE BUENOS AIRES,publico,situacion_deudores,C.CAC.Sit.4: Riesgo alto (%),Ene-2026,1.24,2026-04-19
00029,BANCO DE LA CIUDAD DE BUENOS AIRES,publico,situacion_deudores,C.CAC.Sit.5: Irrecuperable (%),Ene-2026,0.44,2026-04-19
00029,BANCO DE LA CIUDAD DE BUENOS AIRES,publico,situacion_deudores,C.CAC.TOTAL GARANTIZADO - Garantías Preferidas A y B (%),Ene-2026,31.65,2026-04-19
00011,BANCO DE LA NACION ARGENTINA,publico,situacion_deudores,TOTAL DE FINANCIACIONES Y GARANTIAS OTORGADAS ($),Dic-2023,4539600.89,2026-04-19
00011,BANCO DE LA NACION ARGENTINA,publico,situacion_deudores,TF.Sit.1: En situación normal (%),Dic-2023,86.81,2026-04-19
00011,BANCO DE LA NACION ARGENTINA,publico,situacion_deudores,TF.Sit.2: Con seguimiento especial/Riesgo bajo (%),Dic-2023,2.06,2026-04-19
00011,BANCO DE LA NACION ARGENTINA,publico,situacion_deudores,TF.Sit.3: Con problemas/Riesgo medio (%),Dic-2023,0.56,2026-04-19
00011,BANCO DE LA NACION ARGENTINA,publico,situacion_deudores,TF.Sit.4: Con alto riesgo de insolvencia/Riesgo alto (%),Dic-2023,0.88,2026-04-19
00011,BANCO DE LA NACION ARGENTINA,publico,situacion_deudores,TF.Sit.5: Irrecuperable (%),Dic-2023,9.7,2026-04-19
00011,BANCO DE LA NACION ARGENTINA,publico,situacion_deudores,TOTAL GARANTIZADO - Garantías Preferidas A y B (%),Dic-2023,38.78,2026-04-19
00011,BANCO DE LA NACION ARGENTINA,publico,situacion_deudores,Previsiones por riesgo de incobrabilidad constituídas,Dic-2023,656585.3,2026-04-19
00011,BANCO DE LA NACION ARGENTINA,publico,situacion_deudores,CARTERA COMERCIAL ($),Dic-2023,1860735.82,2026-04-19
00011,BANCO DE LA NACION ARGENTINA,publico,situacion_deudores,Total cartera sobre financiaciones (%),Dic-2023,40.99,2026-04-19
00011,BANCO DE LA NACION ARGENTINA,publico,situacion_deudores,C.COM.Sit.1: En situación normal (%),Dic-2023,73.82,2026-04-19
00011,BANCO DE LA NACION ARGENTINA,publico,situacion_deudores,C.COM.Sit.2: Con seguimiento especial (%),Dic-2023,2.35,2026-04-19
00011,BANCO DE LA NACION ARGENTINA,publico,situacion_deudores,C.COM.Sit.3: Con problemas (%),Dic-2023,0.28,2026-04-19
00011,BANCO DE LA NACION ARGENTINA,publico,situacion_deudores,C.COM.Sit.4: Con alto riesgo de insolvencia (%),Dic-2023,0.88,2026-04-19
00011,BANCO DE LA NACION ARGENTINA,publico,situacion_deudores,C.COM.Sit.5: Irrecuperable (%),Dic-2023,22.67,2026-04-19
00011,BANCO DE LA NACION ARGENTINA,publico,situacion_deudores,C.COM.TOTAL GARANTIZADO - Garantías Preferidas A y B (%),Dic-2023,14.28,2026-04-19
00011,BANCO DE LA NACION ARGENTINA,publico,situacion_deudores,CARTERA DE CONSUMO O VIVIENDA ($),Dic-2023,1697556.48,2026-04-19
00011,BANCO DE LA NACION ARGENTINA,publico,situacion_deudores,Total cartera sobre financiaciones (%),Dic-2023,37.39,2026-04-19
00011,BANCO DE LA NACION ARGENTINA,publico,situacion_deudores,C.CON.Sit.1: En situación normal (%),Dic-2023,94.62,2026-04-19
00011,BANCO DE LA NACION ARGENTINA,publico,situacion_deudores,C.CON.Sit.2: Riesgo bajo (%),Dic-2023,2.18,2026-04-19
00011,BANCO DE LA NACION ARGENTINA,publico,situacion_deudores,C.CON.Sit.3: Riesgo medio (%),Dic-2023,1.05,2026-04-19
00011,BANCO DE LA NACION ARGENTINA,publico,situacion_deudores,C.CON.Sit.4: Riesgo alto (%),Dic-2023,1.2,2026-04-19
00011,BANCO DE LA NACION ARGENTINA,publico,situacion_deudores,C.CON.Sit.5: Irrecuperable (%),Dic-2023,0.94,2026-04-19
00011,BANCO DE LA NACION ARGENTINA,publico,situacion_deudores,C.CON.TOTAL GARANTIZADO - Garantías Preferidas A y B (%),Dic-2023,65.48,2026-04-19
00011,BANCO DE LA NACION ARGENTINA,publico,situacion_deudores,CARTERA COMERCIAL ASIMILABLE A CONSUMO ($),Dic-2023,981308.6,2026-04-19
00011,BANCO DE LA NACION ARGENTINA,publico,situacion_deudores,Total cartera sobre financiaciones (%),Dic-2023,21.62,2026-04-19
00011,BANCO DE LA NACION ARGENTINA,publico,situacion_deudores,C.CAC.Sit.1: En situación normal (%),Dic-2023,97.91,2026-04-19
00011,BANCO DE LA NACION ARGENTINA,publico,situacion_deudores,C.CAC.Sit.2: Riesgo bajo (%),Dic-2023,1.3,2026-04-19
00011,BANCO DE LA NACION ARGENTINA,publico,situacion_deudores,C.CAC.Sit.3: Riesgo medio (%),Dic-2023,0.23,2026-04-19
00011,BANCO DE LA NACION ARGENTINA,publico,situacion_deudores,C.CAC.Sit.4: Riesgo alto (%),Dic-2023,0.3,2026-04-19
00011,BANCO DE LA NACION ARGENTINA,publico,situacion_deudores,C.CAC.Sit.5: Irrecuperable (%),Dic-2023,0.25,2026-04-19
00011,BANCO DE LA NACION ARGENTINA,publico,situacion_deudores,C.CAC.TOTAL GARANTIZADO - Garantías Preferidas A y B (%),Dic-2023,39.04,2026-04-19
00011,BANCO DE LA NACION ARGENTINA,publico,situacion_deudores,TOTAL DE FINANCIACIONES Y GARANTIAS OTORGADAS ($),Dic-2024,15889334.96,2026-04-19
00011,BANCO DE LA NACION ARGENTINA,publico,situacion_deudores,TF.Sit.1: En situación normal (%),Dic-2024,97.09,2026-04-19
00011,BANCO DE LA NACION ARGENTINA,publico,situacion_deudores,TF.Sit.2: Con seguimiento especial/Riesgo bajo (%),Dic-2024,1.5,2026-04-19
00011,BANCO DE LA NACION ARGENTINA,publico,situacion_deudores,TF.Sit.3: Con problemas/Riesgo medio (%),Dic-2024,0.3,2026-04-19
00011,BANCO DE LA NACION ARGENTINA,publico,situacion_deudores,TF.Sit.4: Con alto riesgo de insolvencia/Riesgo alto (%),Dic-2024,0.32,2026-04-19
00011,BANCO DE LA NACION ARGENTINA,publico,situacion_deudores,TF.Sit.5: Irrecuperable (%),Dic-2024,0.8,2026-04-19
00011,BANCO DE LA NACION ARGENTINA,publico,situacion_deudores,TOTAL GARANTIZADO - Garantías Preferidas A y B (%),Dic-2024,29.65,2026-04-19
00011,BANCO DE LA NACION ARGENTINA,publico,situacion_deudores,Previsiones por riesgo de incobrabilidad constituídas,Dic-2024,413780.65,2026-04-19
00011,BANCO DE LA NACION ARGENTINA,publico,situacion_deudores,CARTERA COMERCIAL ($),Dic-2024,6373813.52,2026-04-19
00011,BANCO DE LA NACION ARGENTINA,publico,situacion_deudores,Total cartera sobre financiaciones (%),Dic-2024,40.11,2026-04-19
00011,BANCO DE LA NACION ARGENTINA,publico,situacion_deudores,C.COM.Sit.1: En situación normal (%),Dic-2024,97.12,2026-04-19
00011,BANCO DE LA NACION ARGENTINA,publico,situacion_deudores,C.COM.Sit.2: Con seguimiento especial (%),Dic-2024,0.97,2026-04-19
00011,BANCO DE LA NACION ARGENTINA,publico,situacion_deudores,C.COM.Sit.3: Con problemas (%),Dic-2024,0.11,2026-04-19
00011,BANCO DE LA NACION ARGENTINA,publico,situacion_deudores,C.COM.Sit.4: Con alto riesgo de insolvencia (%),Dic-2024,0.31,2026-04-19
00011,BANCO DE LA NACION ARGENTINA,publico,situacion_deudores,C.COM.Sit.5: Irrecuperable (%),Dic-2024,1.5,2026-04-19
00011,BANCO DE LA NACION ARGENTINA,publico,situacion_deudores,C.COM.TOTAL GARANTIZADO - Garantías Preferidas A y B (%),Dic-2024,9.85,2026-04-19
00011,BANCO DE LA NACION ARGENTINA,publico,situacion_deudores,CARTERA DE CONSUMO O VIVIENDA ($),Dic-2024,5799280.62,2026-04-19
00011,BANCO DE LA NACION ARGENTINA,publico,situacion_deudores,Total cartera sobre financiaciones (%),Dic-2024,36.5,2026-04-19
00011,BANCO DE LA NACION ARGENTINA,publico,situacion_deudores,C.CON.Sit.1: En situación normal (%),Dic-2024,96.1,2026-04-19
00011,BANCO DE LA NACION ARGENTINA,publico,situacion_deudores,C.CON.Sit.2: Riesgo bajo (%),Dic-2024,2.37,2026-04-19
00011,BANCO DE LA NACION ARGENTINA,publico,situacion_deudores,C.CON.Sit.3: Riesgo medio (%),Dic-2024,0.62,2026-04-19
00011,BANCO DE LA NACION ARGENTINA,publico,situacion_deudores,C.CON.Sit.4: Riesgo alto (%),Dic-2024,0.46,2026-04-19
00011,BANCO DE LA NACION ARGENTINA,publico,situacion_deudores,C.CON.Sit.5: Irrecuperable (%),Dic-2024,0.45,2026-04-19
00011,BANCO DE LA NACION ARGENTINA,publico,situacion_deudores,C.CON.TOTAL GARANTIZADO - Garantías Preferidas A y B (%),Dic-2024,53.23,2026-04-19
00011,BANCO DE LA NACION ARGENTINA,publico,situacion_deudores,CARTERA COMERCIAL ASIMILABLE A CONSUMO ($),Dic-2024,3716240.83,2026-04-19
00011,BANCO DE LA NACION ARGENTINA,publico,situacion_deudores,Total cartera sobre financiaciones (%),Dic-2024,23.39,2026-04-19
00011,BANCO DE LA NACION ARGENTINA,publico,situacion_deudores,C.CAC.Sit.1: En situación normal (%),Dic-2024,98.56,2026-04-19
00011,BANCO DE LA NACION ARGENTINA,publico,situacion_deudores,C.CAC.Sit.2: Riesgo bajo (%),Dic-2024,1.06,2026-04-19
00011,BANCO DE LA NACION ARGENTINA,publico,situacion_deudores,C.CAC.Sit.3: Riesgo medio (%),Dic-2024,0.12,2026-04-19
00011,BANCO DE LA NACION ARGENTINA,publico,situacion_deudores,C.CAC.Sit.4: Riesgo alto (%),Dic-2024,0.11,2026-04-19
00011,BANCO DE LA NACION ARGENTINA,publico,situacion_deudores,C.CAC.Sit.5: Irrecuperable (%),Dic-2024,0.15,2026-04-19
00011,BANCO DE LA NACION ARGENTINA,publico,situacion_deudores,C.CAC.TOTAL GARANTIZADO - Garantías Preferidas A y B (%),Dic-2024,26.82,2026-04-19
00011,BANCO DE LA NACION ARGENTINA,publico,situacion_deudores,TOTAL DE FINANCIACIONES Y GARANTIAS OTORGADAS ($),Nov-2025,26741696.74,2026-04-19
00011,BANCO DE LA NACION ARGENTINA,publico,situacion_deudores,TF.Sit.1: En situación normal (%),Nov-2025,93.34,2026-04-19
00011,BANCO DE LA NACION ARGENTINA,publico,situacion_deudores,TF.Sit.2: Con seguimiento especial/Riesgo bajo (%),Nov-2025,3.48,2026-04-19
00011,BANCO DE LA NACION ARGENTINA,publico,situacion_deudores,TF.Sit.3: Con problemas/Riesgo medio (%),Nov-2025,1.55,2026-04-19
00011,BANCO DE LA NACION ARGENTINA,publico,situacion_deudores,TF.Sit.4: Con alto riesgo de insolvencia/Riesgo alto (%),Nov-2025,1.19,2026-04-19
00011,BANCO DE LA NACION ARGENTINA,publico,situacion_deudores,TF.Sit.5: Irrecuperable (%),Nov-2025,0.43,2026-04-19
00011,BANCO DE LA NACION ARGENTINA,publico,situacion_deudores,TOTAL GARANTIZADO - Garantías Preferidas A y B (%),Nov-2025,30.14,2026-04-19
00011,BANCO DE LA NACION ARGENTINA,publico,situacion_deudores,Previsiones por riesgo de incobrabilidad constituídas,Nov-2025,1204615.78,2026-04-19
00011,BANCO DE LA NACION ARGENTINA,publico,situacion_deudores,CARTERA COMERCIAL ($),Nov-2025,8509118.91,2026-04-19
00011,BANCO DE LA NACION ARGENTINA,publico,situacion_deudores,Total cartera sobre financiaciones (%),Nov-2025,31.82,2026-04-19
00011,BANCO DE LA NACION ARGENTINA,publico,situacion_deudores,C.COM.Sit.1: En situación normal (%),Nov-2025,97.0,2026-04-19
00011,BANCO DE LA NACION ARGENTINA,publico,situacion_deudores,C.COM.Sit.2: Con seguimiento especial (%),Nov-2025,1.39,2026-04-19
00011,BANCO DE LA NACION ARGENTINA,publico,situacion_deudores,C.COM.Sit.3: Con problemas (%),Nov-2025,0.19,2026-04-19
00011,BANCO DE LA NACION ARGENTINA,publico,situacion_deudores,C.COM.Sit.4: Con alto riesgo de insolvencia (%),Nov-2025,0.84,2026-04-19
00011,BANCO DE LA NACION ARGENTINA,publico,situacion_deudores,C.COM.Sit.5: Irrecuperable (%),Nov-2025,0.58,2026-04-19
00011,BANCO DE LA NACION ARGENTINA,publico,situacion_deudores,C.COM.TOTAL GARANTIZADO - Garantías Preferidas A y B (%),Nov-2025,10.86,2026-04-19
00011,BANCO DE LA NACION ARGENTINA,publico,situacion_deudores,CARTERA DE CONSUMO O VIVIENDA ($),Nov-2025,11397183.17,2026-04-19
00011,BANCO DE LA NACION ARGENTINA,publico,situacion_deudores,Total cartera sobre financiaciones (%),Nov-2025,42.62,2026-04-19
00011,BANCO DE LA NACION ARGENTINA,publico,situacion_deudores,C.CON.Sit.1: En situación normal (%),Nov-2025,89.76,2026-04-19
00011,BANCO DE LA NACION ARGENTINA,publico,situacion_deudores,C.CON.Sit.2: Riesgo bajo (%),Nov-2025,5.27,2026-04-19
00011,BANCO DE LA NACION ARGENTINA,publico,situacion_deudores,C.CON.Sit.3: Riesgo medio (%),Nov-2025,2.78,2026-04-19
00011,BANCO DE LA NACION ARGENTINA,publico,situacion_deudores,C.CON.Sit.4: Riesgo alto (%),Nov-2025,1.71,2026-04-19
00011,BANCO DE LA NACION ARGENTINA,publico,situacion_deudores,C.CON.Sit.5: Irrecuperable (%),Nov-2025,0.48,2026-04-19
00011,BANCO DE LA NACION ARGENTINA,publico,situacion_deudores,C.CON.TOTAL GARANTIZADO - Garantías Preferidas A y B (%),Nov-2025,49.86,2026-04-19
00011,BANCO DE LA NACION ARGENTINA,publico,situacion_deudores,CARTERA COMERCIAL ASIMILABLE A CONSUMO ($),Nov-2025,6835394.67,2026-04-19
00011,BANCO DE LA NACION ARGENTINA,publico,situacion_deudores,Total cartera sobre financiaciones (%),Nov-2025,25.56,2026-04-19
00011,BANCO DE LA NACION ARGENTINA,publico,situacion_deudores,C.CAC.Sit.1: En situación normal (%),Nov-2025,94.77,2026-04-19
00011,BANCO DE LA NACION ARGENTINA,publico,situacion_deudores,C.CAC.Sit.2: Riesgo bajo (%),Nov-2025,3.12,2026-04-19
00011,BANCO DE LA NACION ARGENTINA,publico,situacion_deudores,C.CAC.Sit.3: Riesgo medio (%),Nov-2025,1.18,2026-04-19
00011,BANCO DE LA NACION ARGENTINA,publico,situacion_deudores,C.CAC.Sit.4: Riesgo alto (%),Nov-2025,0.75,2026-04-19
00011,BANCO DE LA NACION ARGENTINA,publico,situacion_deudores,C.CAC.Sit.5: Irrecuperable (%),Nov-2025,0.18,2026-04-19
00011,BANCO DE LA NACION ARGENTINA,publico,situacion_deudores,C.CAC.TOTAL GARANTIZADO - Garantías Preferidas A y B (%),Nov-2025,21.25,2026-04-19
00011,BANCO DE LA NACION ARGENTINA,publico,situacion_deudores,TOTAL DE FINANCIACIONES Y GARANTIAS OTORGADAS ($),Dic-2025,27575831.73,2026-04-19
00011,BANCO DE LA NACION ARGENTINA,publico,situacion_deudores,TF.Sit.1: En situación normal (%),Dic-2025,92.98,2026-04-19
00011,BANCO DE LA NACION ARGENTINA,publico,situacion_deudores,TF.Sit.2: Con seguimiento especial/Riesgo bajo (%),Dic-2025,3.3,2026-04-19
00011,BANCO DE LA NACION ARGENTINA,publico,situacion_deudores,TF.Sit.3: Con problemas/Riesgo medio (%),Dic-2025,1.85,2026-04-19
00011,BANCO DE LA NACION ARGENTINA,publico,situacion_deudores,TF.Sit.4: Con alto riesgo de insolvencia/Riesgo alto (%),Dic-2025,1.44,2026-04-19
00011,BANCO DE LA NACION ARGENTINA,publico,situacion_deudores,TF.Sit.5: Irrecuperable (%),Dic-2025,0.42,2026-04-19
00011,BANCO DE LA NACION ARGENTINA,publico,situacion_deudores,TOTAL GARANTIZADO - Garantías Preferidas A y B (%),Dic-2025,30.76,2026-04-19
00011,BANCO DE LA NACION ARGENTINA,publico,situacion_deudores,Previsiones por riesgo de incobrabilidad constituídas,Dic-2025,1314557.59,2026-04-19
00011,BANCO DE LA NACION ARGENTINA,publico,situacion_deudores,CARTERA COMERCIAL ($),Dic-2025,8494779.19,2026-04-19
00011,BANCO DE LA NACION ARGENTINA,publico,situacion_deudores,Total cartera sobre financiaciones (%),Dic-2025,30.81,2026-04-19
00011,BANCO DE LA NACION ARGENTINA,publico,situacion_deudores,C.COM.Sit.1: En situación normal (%),Dic-2025,97.09,2026-04-19
00011,BANCO DE LA NACION ARGENTINA,publico,situacion_deudores,C.COM.Sit.2: Con seguimiento especial (%),Dic-2025,1.07,2026-04-19
00011,BANCO DE LA NACION ARGENTINA,publico,situacion_deudores,C.COM.Sit.3: Con problemas (%),Dic-2025,0.64,2026-04-19
00011,BANCO DE LA NACION ARGENTINA,publico,situacion_deudores,C.COM.Sit.4: Con alto riesgo de insolvencia (%),Dic-2025,0.75,2026-04-19
00011,BANCO DE LA NACION ARGENTINA,publico,situacion_deudores,C.COM.Sit.5: Irrecuperable (%),Dic-2025,0.45,2026-04-19
00011,BANCO DE LA NACION ARGENTINA,publico,situacion_deudores,C.COM.TOTAL GARANTIZADO - Garantías Preferidas A y B (%),Dic-2025,11.02,2026-04-19
00011,BANCO DE LA NACION ARGENTINA,publico,situacion_deudores,CARTERA DE CONSUMO O VIVIENDA ($),Dic-2025,11906407.22,2026-04-19
00011,BANCO DE LA NACION ARGENTINA,publico,situacion_deudores,Total cartera sobre financiaciones (%),Dic-2025,43.18,2026-04-19
00011,BANCO DE LA NACION ARGENTINA,publico,situacion_deudores,C.CON.Sit.1: En situación normal (%),Dic-2025,89.37,2026-04-19
00011,BANCO DE LA NACION ARGENTINA,publico,situacion_deudores,C.CON.Sit.2: Riesgo bajo (%),Dic-2025,5.01,2026-04-19
00011,BANCO DE LA NACION ARGENTINA,publico,situacion_deudores,C.CON.Sit.3: Riesgo medio (%),Dic-2025,2.95,2026-04-19
00011,BANCO DE LA NACION ARGENTINA,publico,situacion_deudores,C.CON.Sit.4: Riesgo alto (%),Dic-2025,2.12,2026-04-19
00011,BANCO DE LA NACION ARGENTINA,publico,situacion_deudores,C.CON.Sit.5: Irrecuperable (%),Dic-2025,0.54,2026-04-19
00011,BANCO DE LA NACION ARGENTINA,publico,situacion_deudores,C.CON.TOTAL GARANTIZADO - Garantías Preferidas A y B (%),Dic-2025,51.12,2026-04-19
00011,BANCO DE LA NACION ARGENTINA,publico,situacion_deudores,CARTERA COMERCIAL ASIMILABLE A CONSUMO ($),Dic-2025,7174645.32,2026-04-19
00011,BANCO DE LA NACION ARGENTINA,publico,situacion_deudores,Total cartera sobre financiaciones (%),Dic-2025,26.02,2026-04-19
00011,BANCO DE LA NACION ARGENTINA,publico,situacion_deudores,C.CAC.Sit.1: En situación normal (%),Dic-2025,94.13,2026-04-19
00011,BANCO DE LA NACION ARGENTINA,publico,situacion_deudores,C.CAC.Sit.2: Riesgo bajo (%),Dic-2025,3.11,2026-04-19
00011,BANCO DE LA NACION ARGENTINA,publico,situacion_deudores,C.CAC.Sit.3: Riesgo medio (%),Dic-2025,1.46,2026-04-19
00011,BANCO DE LA NACION ARGENTINA,publico,situacion_deudores,C.CAC.Sit.4: Riesgo alto (%),Dic-2025,1.13,2026-04-19
00011,BANCO DE LA NACION ARGENTINA,publico,situacion_deudores,C.CAC.Sit.5: Irrecuperable (%),Dic-2025,0.16,2026-04-19
00011,BANCO DE LA NACION ARGENTINA,publico,situacion_deudores,C.CAC.TOTAL GARANTIZADO - Garantías Preferidas A y B (%),Dic-2025,20.32,2026-04-19
00011,BANCO DE LA NACION ARGENTINA,publico,situacion_deudores,TOTAL DE FINANCIACIONES Y GARANTIAS OTORGADAS ($),Ene-2026,28908628.63,2026-04-19
00011,BANCO DE LA NACION ARGENTINA,publico,situacion_deudores,TF.Sit.1: En situación normal (%),Ene-2026,92.69,2026-04-19
00011,BANCO DE LA NACION ARGENTINA,publico,situacion_deudores,TF.Sit.2: Con seguimiento especial/Riesgo bajo (%),Ene-2026,2.92,2026-04-19
00011,BANCO DE LA NACION ARGENTINA,publico,situacion_deudores,TF.Sit.3: Con problemas/Riesgo medio (%),Ene-2026,2.38,2026-04-19
00011,BANCO DE LA NACION ARGENTINA,publico,situacion_deudores,TF.Sit.4: Con alto riesgo de insolvencia/Riesgo alto (%),Ene-2026,1.54,2026-04-19
00011,BANCO DE LA NACION ARGENTINA,publico,situacion_deudores,TF.Sit.5: Irrecuperable (%),Ene-2026,0.46,2026-04-19
00011,BANCO DE LA NACION ARGENTINA,publico,situacion_deudores,TOTAL GARANTIZADO - Garantías Preferidas A y B (%),Ene-2026,30.71,2026-04-19
00011,BANCO DE LA NACION ARGENTINA,publico,situacion_deudores,Previsiones por riesgo de incobrabilidad constituídas,Ene-2026,1510318.2,2026-04-19
00011,BANCO DE LA NACION ARGENTINA,publico,situacion_deudores,CARTERA COMERCIAL ($),Ene-2026,8928395.7,2026-04-19
00011,BANCO DE LA NACION ARGENTINA,publico,situacion_deudores,Total cartera sobre financiaciones (%),Ene-2026,30.88,2026-04-19
00011,BANCO DE LA NACION ARGENTINA,publico,situacion_deudores,C.COM.Sit.1: En situación normal (%),Ene-2026,97.08,2026-04-19
00011,BANCO DE LA NACION ARGENTINA,publico,situacion_deudores,C.COM.Sit.2: Con seguimiento especial (%),Ene-2026,1.03,2026-04-19
00011,BANCO DE LA NACION ARGENTINA,publico,situacion_deudores,C.COM.Sit.3: Con problemas (%),Ene-2026,0.73,2026-04-19
00011,BANCO DE LA NACION ARGENTINA,publico,situacion_deudores,C.COM.Sit.4: Con alto riesgo de insolvencia (%),Ene-2026,0.73,2026-04-19
00011,BANCO DE LA NACION ARGENTINA,publico,situacion_deudores,C.COM.Sit.5: Irrecuperable (%),Ene-2026,0.42,2026-04-19
00011,BANCO DE LA NACION ARGENTINA,publico,situacion_deudores,C.COM.TOTAL GARANTIZADO - Garantías Preferidas A y B (%),Ene-2026,10.6,2026-04-19
00011,BANCO DE LA NACION ARGENTINA,publico,situacion_deudores,CARTERA DE CONSUMO O VIVIENDA ($),Ene-2026,12702544.26,2026-04-19
00011,BANCO DE LA NACION ARGENTINA,publico,situacion_deudores,Total cartera sobre financiaciones (%),Ene-2026,43.94,2026-04-19
00011,BANCO DE LA NACION ARGENTINA,publico,situacion_deudores,C.CON.Sit.1: En situación normal (%),Ene-2026,89.03,2026-04-19
00011,BANCO DE LA NACION ARGENTINA,publico,situacion_deudores,C.CON.Sit.2: Riesgo bajo (%),Ene-2026,4.17,2026-04-19
00011,BANCO DE LA NACION ARGENTINA,publico,situacion_deudores,C.CON.Sit.3: Riesgo medio (%),Ene-2026,3.94,2026-04-19
00011,BANCO DE LA NACION ARGENTINA,publico,situacion_deudores,C.CON.Sit.4: Riesgo alto (%),Ene-2026,2.22,2026-04-19
00011,BANCO DE LA NACION ARGENTINA,publico,situacion_deudores,C.CON.Sit.5: Irrecuperable (%),Ene-2026,0.64,2026-04-19
00011,BANCO DE LA NACION ARGENTINA,publico,situacion_deudores,C.CON.TOTAL GARANTIZADO - Garantías Preferidas A y B (%),Ene-2026,50.99,2026-04-19
00011,BANCO DE LA NACION ARGENTINA,publico,situacion_deudores,CARTERA COMERCIAL ASIMILABLE A CONSUMO ($),Ene-2026,7277688.66,2026-04-19
00011,BANCO DE LA NACION ARGENTINA,publico,situacion_deudores,Total cartera sobre financiaciones (%),Ene-2026,25.17,2026-04-19
00011,BANCO DE LA NACION ARGENTINA,publico,situacion_deudores,C.CAC.Sit.1: En situación normal (%),Ene-2026,93.7,2026-04-19
00011,BANCO DE LA NACION ARGENTINA,publico,situacion_deudores,C.CAC.Sit.2: Riesgo bajo (%),Ene-2026,3.07,2026-04-19
00011,BANCO DE LA NACION ARGENTINA,publico,situacion_deudores,C.CAC.Sit.3: Riesgo medio (%),Ene-2026,1.68,2026-04-19
00011,BANCO DE LA NACION ARGENTINA,publico,situacion_deudores,C.CAC.Sit.4: Riesgo alto (%),Ene-2026,1.35,2026-04-19
00011,BANCO DE LA NACION ARGENTINA,publico,situacion_deudores,C.CAC.Sit.5: Irrecuperable (%),Ene-2026,0.2,2026-04-19
00011,BANCO DE LA NACION ARGENTINA,publico,situacion_deudores,C.CAC.TOTAL GARANTIZADO - Garantías Preferidas A y B (%),Ene-2026,19.97,2026-04-19
00093,BANCO DE LA PAMPA SA,publico,situacion_deudores,TOTAL DE FINANCIACIONES Y GARANTIAS OTORGADAS ($),Dic-2023,107811.49,2026-04-19
00093,BANCO DE LA PAMPA SA,publico,situacion_deudores,TF.Sit.1: En situación normal (%),Dic-2023,96.62,2026-04-19
00093,BANCO DE LA PAMPA SA,publico,situacion_deudores,TF.Sit.2: Con seguimiento especial/Riesgo bajo (%),Dic-2023,1.61,2026-04-19
00093,BANCO DE LA PAMPA SA,publico,situacion_deudores,TF.Sit.3: Con problemas/Riesgo medio (%),Dic-2023,0.61,2026-04-19
00093,BANCO DE LA PAMPA SA,publico,situacion_deudores,TF.Sit.4: Con alto riesgo de insolvencia/Riesgo alto (%),Dic-2023,0.89,2026-04-19
00093,BANCO DE LA PAMPA SA,publico,situacion_deudores,TF.Sit.5: Irrecuperable (%),Dic-2023,0.26,2026-04-19
00093,BANCO DE LA PAMPA SA,publico,situacion_deudores,TOTAL GARANTIZADO - Garantías Preferidas A y B (%),Dic-2023,15.8,2026-04-19
00093,BANCO DE LA PAMPA SA,publico,situacion_deudores,Previsiones por riesgo de incobrabilidad constituídas,Dic-2023,5951.3,2026-04-19
00093,BANCO DE LA PAMPA SA,publico,situacion_deudores,CARTERA COMERCIAL ($),Dic-2023,3624.94,2026-04-19
00093,BANCO DE LA PAMPA SA,publico,situacion_deudores,Total cartera sobre financiaciones (%),Dic-2023,3.36,2026-04-19
00093,BANCO DE LA PAMPA SA,publico,situacion_deudores,C.COM.Sit.1: En situación normal (%),Dic-2023,100.0,2026-04-19
00093,BANCO DE LA PAMPA SA,publico,situacion_deudores,C.COM.Sit.2: Con seguimiento especial (%),Dic-2023,0.0,2026-04-19
00093,BANCO DE LA PAMPA SA,publico,situacion_deudores,C.COM.Sit.3: Con problemas (%),Dic-2023,0.0,2026-04-19
00093,BANCO DE LA PAMPA SA,publico,situacion_deudores,C.COM.TOTAL GARANTIZADO - Garantías Preferidas A y B (%),Dic-2023,24.73,2026-04-19
00093,BANCO DE LA PAMPA SA,publico,situacion_deudores,CARTERA DE CONSUMO O VIVIENDA ($),Dic-2023,44281.79,2026-04-19
00093,BANCO DE LA PAMPA SA,publico,situacion_deudores,Total cartera sobre financiaciones (%),Dic-2023,41.07,2026-04-19
00093,BANCO DE LA PAMPA SA,publico,situacion_deudores,C.CON.Sit.1: En situación normal (%),Dic-2023,96.46,2026-04-19
00093,BANCO DE LA PAMPA SA,publico,situacion_deudores,C.CON.Sit.2: Riesgo bajo (%),Dic-2023,1.54,2026-04-19
00093,BANCO DE LA PAMPA SA,publico,situacion_deudores,C.CON.Sit.3: Riesgo medio (%),Dic-2023,0.84,2026-04-19
00093,BANCO DE LA PAMPA SA,publico,situacion_deudores,C.CON.Sit.4: Riesgo alto (%),Dic-2023,0.79,2026-04-19
00093,BANCO DE LA PAMPA SA,publico,situacion_deudores,C.CON.Sit.5: Irrecuperable (%),Dic-2023,0.37,2026-04-19
00093,BANCO DE LA PAMPA SA,publico,situacion_deudores,C.CON.TOTAL GARANTIZADO - Garantías Preferidas A y B (%),Dic-2023,0.58,2026-04-19
00093,BANCO DE LA PAMPA SA,publico,situacion_deudores,CARTERA COMERCIAL ASIMILABLE A CONSUMO ($),Dic-2023,59904.75,2026-04-19
00093,BANCO DE LA PAMPA SA,publico,situacion_deudores,Total cartera sobre financiaciones (%),Dic-2023,55.56,2026-04-19
00093,BANCO DE LA PAMPA SA,publico,situacion_deudores,C.CAC.Sit.1: En situación normal (%),Dic-2023,96.54,2026-04-19
00093,BANCO DE LA PAMPA SA,publico,situacion_deudores,C.CAC.Sit.2: Riesgo bajo (%),Dic-2023,1.76,2026-04-19
00093,BANCO DE LA PAMPA SA,publico,situacion_deudores,C.CAC.Sit.3: Riesgo medio (%),Dic-2023,0.49,2026-04-19
00093,BANCO DE LA PAMPA SA,publico,situacion_deudores,C.CAC.Sit.4: Riesgo alto (%),Dic-2023,1.02,2026-04-19
00093,BANCO DE LA PAMPA SA,publico,situacion_deudores,C.CAC.Sit.5: Irrecuperable (%),Dic-2023,0.19,2026-04-19
00093,BANCO DE LA PAMPA SA,publico,situacion_deudores,C.CAC.TOTAL GARANTIZADO - Garantías Preferidas A y B (%),Dic-2023,26.51,2026-04-19
00093,BANCO DE LA PAMPA SA,publico,situacion_deudores,TOTAL DE FINANCIACIONES Y GARANTIAS OTORGADAS ($),Dic-2024,357875.54,2026-04-19
00093,BANCO DE LA PAMPA SA,publico,situacion_deudores,TF.Sit.1: En situación normal (%),Dic-2024,98.0,2026-04-19
00093,BANCO DE LA PAMPA SA,publico,situacion_deudores,TF.Sit.2: Con seguimiento especial/Riesgo bajo (%),Dic-2024,1.06,2026-04-19
00093,BANCO DE LA PAMPA SA,publico,situacion_deudores,TF.Sit.3: Con problemas/Riesgo medio (%),Dic-2024,0.37,2026-04-19
00093,BANCO DE LA PAMPA SA,publico,situacion_deudores,TF.Sit.4: Con alto riesgo de insolvencia/Riesgo alto (%),Dic-2024,0.32,2026-04-19
00093,BANCO DE LA PAMPA SA,publico,situacion_deudores,TF.Sit.5: Irrecuperable (%),Dic-2024,0.24,2026-04-19
00093,BANCO DE LA PAMPA SA,publico,situacion_deudores,TOTAL GARANTIZADO - Garantías Preferidas A y B (%),Dic-2024,5.07,2026-04-19
00093,BANCO DE LA PAMPA SA,publico,situacion_deudores,Previsiones por riesgo de incobrabilidad constituídas,Dic-2024,14515.7,2026-04-19
00093,BANCO DE LA PAMPA SA,publico,situacion_deudores,CARTERA COMERCIAL ($),Dic-2024,30254.28,2026-04-19
00093,BANCO DE LA PAMPA SA,publico,situacion_deudores,Total cartera sobre financiaciones (%),Dic-2024,8.45,2026-04-19
00093,BANCO DE LA PAMPA SA,publico,situacion_deudores,C.COM.Sit.1: En situación normal (%),Dic-2024,100.0,2026-04-19
00093,BANCO DE LA PAMPA SA,publico,situacion_deudores,C.COM.Sit.2: Con seguimiento especial (%),Dic-2024,0.0,2026-04-19
00093,BANCO DE LA PAMPA SA,publico,situacion_deudores,C.COM.Sit.3: Con problemas (%),Dic-2024,0.0,2026-04-19
00093,BANCO DE LA PAMPA SA,publico,situacion_deudores,C.COM.TOTAL GARANTIZADO - Garantías Preferidas A y B (%),Dic-2024,9.63,2026-04-19
00093,BANCO DE LA PAMPA SA,publico,situacion_deudores,CARTERA DE CONSUMO O VIVIENDA ($),Dic-2024,155400.07,2026-04-19
00093,BANCO DE LA PAMPA SA,publico,situacion_deudores,Total cartera sobre financiaciones (%),Dic-2024,43.42,2026-04-19
00093,BANCO DE LA PAMPA SA,publico,situacion_deudores,C.CON.Sit.1: En situación normal (%),Dic-2024,97.59,2026-04-19
00093,BANCO DE LA PAMPA SA,publico,situacion_deudores,C.CON.Sit.2: Riesgo bajo (%),Dic-2024,1.14,2026-04-19
00093,BANCO DE LA PAMPA SA,publico,situacion_deudores,C.CON.Sit.3: Riesgo medio (%),Dic-2024,0.55,2026-04-19
00093,BANCO DE LA PAMPA SA,publico,situacion_deudores,C.CON.Sit.4: Riesgo alto (%),Dic-2024,0.43,2026-04-19
00093,BANCO DE LA PAMPA SA,publico,situacion_deudores,C.CON.Sit.5: Irrecuperable (%),Dic-2024,0.28,2026-04-19
00093,BANCO DE LA PAMPA SA,publico,situacion_deudores,C.CON.TOTAL GARANTIZADO - Garantías Preferidas A y B (%),Dic-2024,0.16,2026-04-19
00093,BANCO DE LA PAMPA SA,publico,situacion_deudores,CARTERA COMERCIAL ASIMILABLE A CONSUMO ($),Dic-2024,172221.19,2026-04-19
00093,BANCO DE LA PAMPA SA,publico,situacion_deudores,Total cartera sobre financiaciones (%),Dic-2024,48.12,2026-04-19
00093,BANCO DE LA PAMPA SA,publico,situacion_deudores,C.CAC.Sit.1: En situación normal (%),Dic-2024,98.02,2026-04-19
00093,BANCO DE LA PAMPA SA,publico,situacion_deudores,C.CAC.Sit.2: Riesgo bajo (%),Dic-2024,1.18,2026-04-19
00093,BANCO DE LA PAMPA SA,publico,situacion_deudores,C.CAC.Sit.3: Riesgo medio (%),Dic-2024,0.27,2026-04-19
00093,BANCO DE LA PAMPA SA,publico,situacion_deudores,C.CAC.Sit.4: Riesgo alto (%),Dic-2024,0.27,2026-04-19
00093,BANCO DE LA PAMPA SA,publico,situacion_deudores,C.CAC.Sit.5: Irrecuperable (%),Dic-2024,0.26,2026-04-19
00093,BANCO DE LA PAMPA SA,publico,situacion_deudores,C.CAC.TOTAL GARANTIZADO - Garantías Preferidas A y B (%),Dic-2024,8.7,2026-04-19
00093,BANCO DE LA PAMPA SA,publico,situacion_deudores,TOTAL DE FINANCIACIONES Y GARANTIAS OTORGADAS ($),Nov-2025,635918.35,2026-04-19
00093,BANCO DE LA PAMPA SA,publico,situacion_deudores,TF.Sit.1: En situación normal (%),Nov-2025,92.73,2026-04-19
00093,BANCO DE LA PAMPA SA,publico,situacion_deudores,TF.Sit.2: Con seguimiento especial/Riesgo bajo (%),Nov-2025,3.93,2026-04-19
00093,BANCO DE LA PAMPA SA,publico,situacion_deudores,TF.Sit.3: Con problemas/Riesgo medio (%),Nov-2025,1.64,2026-04-19
00093,BANCO DE LA PAMPA SA,publico,situacion_deudores,TF.Sit.4: Con alto riesgo de insolvencia/Riesgo alto (%),Nov-2025,1.48,2026-04-19
00093,BANCO DE LA PAMPA SA,publico,situacion_deudores,TF.Sit.5: Irrecuperable (%),Nov-2025,0.21,2026-04-19
00093,BANCO DE LA PAMPA SA,publico,situacion_deudores,TOTAL GARANTIZADO - Garantías Preferidas A y B (%),Nov-2025,8.78,2026-04-19
00093,BANCO DE LA PAMPA SA,publico,situacion_deudores,Previsiones por riesgo de incobrabilidad constituídas,Nov-2025,29718.48,2026-04-19
00093,BANCO DE LA PAMPA SA,publico,situacion_deudores,CARTERA COMERCIAL ($),Nov-2025,47391.09,2026-04-19
00093,BANCO DE LA PAMPA SA,publico,situacion_deudores,Total cartera sobre financiaciones (%),Nov-2025,7.45,2026-04-19
00093,BANCO DE LA PAMPA SA,publico,situacion_deudores,C.COM.Sit.1: En situación normal (%),Nov-2025,80.7,2026-04-19
00093,BANCO DE LA PAMPA SA,publico,situacion_deudores,C.COM.Sit.2: Con seguimiento especial (%),Nov-2025,19.3,2026-04-19
00093,BANCO DE LA PAMPA SA,publico,situacion_deudores,C.COM.Sit.3: Con problemas (%),Nov-2025,0.0,2026-04-19
00093,BANCO DE LA PAMPA SA,publico,situacion_deudores,C.COM.TOTAL GARANTIZADO - Garantías Preferidas A y B (%),Nov-2025,20.79,2026-04-19
00093,BANCO DE LA PAMPA SA,publico,situacion_deudores,CARTERA DE CONSUMO O VIVIENDA ($),Nov-2025,284132.89,2026-04-19
00093,BANCO DE LA PAMPA SA,publico,situacion_deudores,Total cartera sobre financiaciones (%),Nov-2025,44.68,2026-04-19
00093,BANCO DE LA PAMPA SA,publico,situacion_deudores,C.CON.Sit.1: En situación normal (%),Nov-2025,90.16,2026-04-19
00093,BANCO DE LA PAMPA SA,publico,situacion_deudores,C.CON.Sit.2: Riesgo bajo (%),Nov-2025,4.06,2026-04-19
00093,BANCO DE LA PAMPA SA,publico,situacion_deudores,C.CON.Sit.3: Riesgo medio (%),Nov-2025,3.02,2026-04-19
00093,BANCO DE LA PAMPA SA,publico,situacion_deudores,C.CON.Sit.4: Riesgo alto (%),Nov-2025,2.37,2026-04-19
00093,BANCO DE LA PAMPA SA,publico,situacion_deudores,C.CON.Sit.5: Irrecuperable (%),Nov-2025,0.38,2026-04-19
00093,BANCO DE LA PAMPA SA,publico,situacion_deudores,C.CON.TOTAL GARANTIZADO - Garantías Preferidas A y B (%),Nov-2025,0.08,2026-04-19
00093,BANCO DE LA PAMPA SA,publico,situacion_deudores,CARTERA COMERCIAL ASIMILABLE A CONSUMO ($),Nov-2025,304394.37,2026-04-19
00093,BANCO DE LA PAMPA SA,publico,situacion_deudores,Total cartera sobre financiaciones (%),Nov-2025,47.87,2026-04-19
00093,BANCO DE LA PAMPA SA,publico,situacion_deudores,C.CAC.Sit.1: En situación normal (%),Nov-2025,97.01,2026-04-19
00093,BANCO DE LA PAMPA SA,publico,situacion_deudores,C.CAC.Sit.2: Riesgo bajo (%),Nov-2025,1.42,2026-04-19
00093,BANCO DE LA PAMPA SA,publico,situacion_deudores,C.CAC.Sit.3: Riesgo medio (%),Nov-2025,0.62,2026-04-19
00093,BANCO DE LA PAMPA SA,publico,situacion_deudores,C.CAC.Sit.4: Riesgo alto (%),Nov-2025,0.87,2026-04-19
00093,BANCO DE LA PAMPA SA,publico,situacion_deudores,C.CAC.Sit.5: Irrecuperable (%),Nov-2025,0.09,2026-04-19
00093,BANCO DE LA PAMPA SA,publico,situacion_deudores,C.CAC.TOTAL GARANTIZADO - Garantías Preferidas A y B (%),Nov-2025,15.02,2026-04-19
00093,BANCO DE LA PAMPA SA,publico,situacion_deudores,TOTAL DE FINANCIACIONES Y GARANTIAS OTORGADAS ($),Dic-2025,664323.68,2026-04-19
00093,BANCO DE LA PAMPA SA,publico,situacion_deudores,TF.Sit.1: En situación normal (%),Dic-2025,92.66,2026-04-19
00093,BANCO DE LA PAMPA SA,publico,situacion_deudores,TF.Sit.2: Con seguimiento especial/Riesgo bajo (%),Dic-2025,3.83,2026-04-19
00093,BANCO DE LA PAMPA SA,publico,situacion_deudores,TF.Sit.3: Con problemas/Riesgo medio (%),Dic-2025,1.59,2026-04-19
00093,BANCO DE LA PAMPA SA,publico,situacion_deudores,TF.Sit.4: Con alto riesgo de insolvencia/Riesgo alto (%),Dic-2025,1.69,2026-04-19
00093,BANCO DE LA PAMPA SA,publico,situacion_deudores,TF.Sit.5: Irrecuperable (%),Dic-2025,0.24,2026-04-19
00093,BANCO DE LA PAMPA SA,publico,situacion_deudores,TOTAL GARANTIZADO - Garantías Preferidas A y B (%),Dic-2025,8.52,2026-04-19
00093,BANCO DE LA PAMPA SA,publico,situacion_deudores,Previsiones por riesgo de incobrabilidad constituídas,Dic-2025,24292.59,2026-04-19
00093,BANCO DE LA PAMPA SA,publico,situacion_deudores,CARTERA COMERCIAL ($),Dic-2025,53707.84,2026-04-19
00093,BANCO DE LA PAMPA SA,publico,situacion_deudores,Total cartera sobre financiaciones (%),Dic-2025,8.08,2026-04-19
00093,BANCO DE LA PAMPA SA,publico,situacion_deudores,C.COM.Sit.1: En situación normal (%),Dic-2025,82.28,2026-04-19
00093,BANCO DE LA PAMPA SA,publico,situacion_deudores,C.COM.Sit.2: Con seguimiento especial (%),Dic-2025,17.72,2026-04-19
00093,BANCO DE LA PAMPA SA,publico,situacion_deudores,C.COM.Sit.3: Con problemas (%),Dic-2025,0.0,2026-04-19
00093,BANCO DE LA PAMPA SA,publico,situacion_deudores,C.COM.TOTAL GARANTIZADO - Garantías Preferidas A y B (%),Dic-2025,14.18,2026-04-19
00093,BANCO DE LA PAMPA SA,publico,situacion_deudores,CARTERA DE CONSUMO O VIVIENDA ($),Dic-2025,291815.26,2026-04-19
00093,BANCO DE LA PAMPA SA,publico,situacion_deudores,Total cartera sobre financiaciones (%),Dic-2025,43.93,2026-04-19
00093,BANCO DE LA PAMPA SA,publico,situacion_deudores,C.CON.Sit.1: En situación normal (%),Dic-2025,90.13,2026-04-19
00093,BANCO DE LA PAMPA SA,publico,situacion_deudores,C.CON.Sit.2: Riesgo bajo (%),Dic-2025,3.86,2026-04-19
00093,BANCO DE LA PAMPA SA,publico,situacion_deudores,C.CON.Sit.3: Riesgo medio (%),Dic-2025,2.76,2026-04-19
00093,BANCO DE LA PAMPA SA,publico,situacion_deudores,C.CON.Sit.4: Riesgo alto (%),Dic-2025,2.82,2026-04-19
00093,BANCO DE LA PAMPA SA,publico,situacion_deudores,C.CON.Sit.5: Irrecuperable (%),Dic-2025,0.43,2026-04-19
00093,BANCO DE LA PAMPA SA,publico,situacion_deudores,C.CON.TOTAL GARANTIZADO - Garantías Preferidas A y B (%),Dic-2025,0.08,2026-04-19
00093,BANCO DE LA PAMPA SA,publico,situacion_deudores,CARTERA COMERCIAL ASIMILABLE A CONSUMO ($),Dic-2025,318800.57,2026-04-19
00093,BANCO DE LA PAMPA SA,publico,situacion_deudores,Total cartera sobre financiaciones (%),Dic-2025,47.99,2026-04-19
00093,BANCO DE LA PAMPA SA,publico,situacion_deudores,C.CAC.Sit.1: En situación normal (%),Dic-2025,96.72,2026-04-19
00093,BANCO DE LA PAMPA SA,publico,situacion_deudores,C.CAC.Sit.2: Riesgo bajo (%),Dic-2025,1.46,2026-04-19
00093,BANCO DE LA PAMPA SA,publico,situacion_deudores,C.CAC.Sit.3: Riesgo medio (%),Dic-2025,0.77,2026-04-19
00093,BANCO DE LA PAMPA SA,publico,situacion_deudores,C.CAC.Sit.4: Riesgo alto (%),Dic-2025,0.95,2026-04-19
00093,BANCO DE LA PAMPA SA,publico,situacion_deudores,C.CAC.Sit.5: Irrecuperable (%),Dic-2025,0.1,2026-04-19
00093,BANCO DE LA PAMPA SA,publico,situacion_deudores,C.CAC.TOTAL GARANTIZADO - Garantías Preferidas A y B (%),Dic-2025,15.29,2026-04-19
00093,BANCO DE LA PAMPA SA,publico,situacion_deudores,TOTAL DE FINANCIACIONES Y GARANTIAS OTORGADAS ($),Ene-2026,685782.17,2026-04-19
00093,BANCO DE LA PAMPA SA,publico,situacion_deudores,TF.Sit.1: En situación normal (%),Ene-2026,92.05,2026-04-19
00093,BANCO DE LA PAMPA SA,publico,situacion_deudores,TF.Sit.2: Con seguimiento especial/Riesgo bajo (%),Ene-2026,2.38,2026-04-19
00093,BANCO DE LA PAMPA SA,publico,situacion_deudores,TF.Sit.3: Con problemas/Riesgo medio (%),Ene-2026,3.54,2026-04-19
00093,BANCO DE LA PAMPA SA,publico,situacion_deudores,TF.Sit.4: Con alto riesgo de insolvencia/Riesgo alto (%),Ene-2026,1.75,2026-04-19
00093,BANCO DE LA PAMPA SA,publico,situacion_deudores,TF.Sit.5: Irrecuperable (%),Ene-2026,0.28,2026-04-19
00093,BANCO DE LA PAMPA SA,publico,situacion_deudores,TOTAL GARANTIZADO - Garantías Preferidas A y B (%),Ene-2026,8.29,2026-04-19
00093,BANCO DE LA PAMPA SA,publico,situacion_deudores,Previsiones por riesgo de incobrabilidad constituídas,Ene-2026,30900.32,2026-04-19
00093,BANCO DE LA PAMPA SA,publico,situacion_deudores,CARTERA COMERCIAL ($),Ene-2026,67060.56,2026-04-19
00093,BANCO DE LA PAMPA SA,publico,situacion_deudores,Total cartera sobre financiaciones (%),Ene-2026,9.78,2026-04-19
00093,BANCO DE LA PAMPA SA,publico,situacion_deudores,C.COM.Sit.1: En situación normal (%),Ene-2026,85.3,2026-04-19
00093,BANCO DE LA PAMPA SA,publico,situacion_deudores,C.COM.Sit.2: Con seguimiento especial (%),Ene-2026,0.0,2026-04-19
00093,BANCO DE LA PAMPA SA,publico,situacion_deudores,C.COM.Sit.3: Con problemas (%),Ene-2026,14.7,2026-04-19
00093,BANCO DE LA PAMPA SA,publico,situacion_deudores,C.COM.TOTAL GARANTIZADO - Garantías Preferidas A y B (%),Ene-2026,11.94,2026-04-19
00093,BANCO DE LA PAMPA SA,publico,situacion_deudores,CARTERA DE CONSUMO O VIVIENDA ($),Ene-2026,297128.34,2026-04-19
00093,BANCO DE LA PAMPA SA,publico,situacion_deudores,Total cartera sobre financiaciones (%),Ene-2026,43.33,2026-04-19
00093,BANCO DE LA PAMPA SA,publico,situacion_deudores,C.CON.Sit.1: En situación normal (%),Ene-2026,88.99,2026-04-19
00093,BANCO DE LA PAMPA SA,publico,situacion_deudores,C.CON.Sit.2: Riesgo bajo (%),Ene-2026,4.1,2026-04-19
00093,BANCO DE LA PAMPA SA,publico,situacion_deudores,C.CON.Sit.3: Riesgo medio (%),Ene-2026,3.46,2026-04-19
00093,BANCO DE LA PAMPA SA,publico,situacion_deudores,C.CON.Sit.4: Riesgo alto (%),Ene-2026,2.93,2026-04-19
00093,BANCO DE LA PAMPA SA,publico,situacion_deudores,C.CON.Sit.5: Irrecuperable (%),Ene-2026,0.52,2026-04-19
00093,BANCO DE LA PAMPA SA,publico,situacion_deudores,C.CON.TOTAL GARANTIZADO - Garantías Preferidas A y B (%),Ene-2026,0.08,2026-04-19
00093,BANCO DE LA PAMPA SA,publico,situacion_deudores,CARTERA COMERCIAL ASIMILABLE A CONSUMO ($),Ene-2026,321593.26,2026-04-19
00093,BANCO DE LA PAMPA SA,publico,situacion_deudores,Total cartera sobre financiaciones (%),Ene-2026,46.89,2026-04-19
00093,BANCO DE LA PAMPA SA,publico,situacion_deudores,C.CAC.Sit.1: En situación normal (%),Ene-2026,96.29,2026-04-19
00093,BANCO DE LA PAMPA SA,publico,situacion_deudores,C.CAC.Sit.2: Riesgo bajo (%),Ene-2026,1.29,2026-04-19
00093,BANCO DE LA PAMPA SA,publico,situacion_deudores,C.CAC.Sit.3: Riesgo medio (%),Ene-2026,1.28,2026-04-19
00093,BANCO DE LA PAMPA SA,publico,situacion_deudores,C.CAC.Sit.4: Riesgo alto (%),Ene-2026,1.03,2026-04-19
00093,BANCO DE LA PAMPA SA,publico,situacion_deudores,C.CAC.Sit.5: Irrecuperable (%),Ene-2026,0.11,2026-04-19
00093,BANCO DE LA PAMPA SA,publico,situacion_deudores,C.CAC.TOTAL GARANTIZADO - Garantías Preferidas A y B (%),Ene-2026,15.12,2026-04-19
00014,BANCO DE LA PROVINCIA DE BUENOS AIR,publico,situacion_deudores,TOTAL DE FINANCIACIONES Y GARANTIAS OTORGADAS ($),Dic-2023,2271634.3,2026-04-19
00014,BANCO DE LA PROVINCIA DE BUENOS AIR,publico,situacion_deudores,TF.Sit.1: En situación normal (%),Dic-2023,96.7,2026-04-19
00014,BANCO DE LA PROVINCIA DE BUENOS AIR,publico,situacion_deudores,TF.Sit.2: Con seguimiento especial/Riesgo bajo (%),Dic-2023,1.31,2026-04-19
00014,BANCO DE LA PROVINCIA DE BUENOS AIR,publico,situacion_deudores,TF.Sit.3: Con problemas/Riesgo medio (%),Dic-2023,1.04,2026-04-19
00014,BANCO DE LA PROVINCIA DE BUENOS AIR,publico,situacion_deudores,TF.Sit.4: Con alto riesgo de insolvencia/Riesgo alto (%),Dic-2023,0.55,2026-04-19
00014,BANCO DE LA PROVINCIA DE BUENOS AIR,publico,situacion_deudores,TF.Sit.5: Irrecuperable (%),Dic-2023,0.39,2026-04-19
00014,BANCO DE LA PROVINCIA DE BUENOS AIR,publico,situacion_deudores,TOTAL GARANTIZADO - Garantías Preferidas A y B (%),Dic-2023,7.74,2026-04-19
00014,BANCO DE LA PROVINCIA DE BUENOS AIR,publico,situacion_deudores,Previsiones por riesgo de incobrabilidad constituídas,Dic-2023,88555.19,2026-04-19
00014,BANCO DE LA PROVINCIA DE BUENOS AIR,publico,situacion_deudores,CARTERA COMERCIAL ($),Dic-2023,433185.12,2026-04-19
00014,BANCO DE LA PROVINCIA DE BUENOS AIR,publico,situacion_deudores,Total cartera sobre financiaciones (%),Dic-2023,19.07,2026-04-19
00014,BANCO DE LA PROVINCIA DE BUENOS AIR,publico,situacion_deudores,C.COM.Sit.1: En situación normal (%),Dic-2023,95.41,2026-04-19
00014,BANCO DE LA PROVINCIA DE BUENOS AIR,publico,situacion_deudores,C.COM.Sit.2: Con seguimiento especial (%),Dic-2023,1.75,2026-04-19
00014,BANCO DE LA PROVINCIA DE BUENOS AIR,publico,situacion_deudores,C.COM.Sit.3: Con problemas (%),Dic-2023,2.5,2026-04-19
00014,BANCO DE LA PROVINCIA DE BUENOS AIR,publico,situacion_deudores,C.COM.Sit.4: Con alto riesgo de insolvencia (%),Dic-2023,0.35,2026-04-19
00014,BANCO DE LA PROVINCIA DE BUENOS AIR,publico,situacion_deudores,C.COM.TOTAL GARANTIZADO - Garantías Preferidas A y B (%),Dic-2023,7.41,2026-04-19
00014,BANCO DE LA PROVINCIA DE BUENOS AIR,publico,situacion_deudores,CARTERA DE CONSUMO O VIVIENDA ($),Dic-2023,1123597.78,2026-04-19
00014,BANCO DE LA PROVINCIA DE BUENOS AIR,publico,situacion_deudores,Total cartera sobre financiaciones (%),Dic-2023,49.46,2026-04-19
00014,BANCO DE LA PROVINCIA DE BUENOS AIR,publico,situacion_deudores,C.CON.Sit.1: En situación normal (%),Dic-2023,96.2,2026-04-19
00014,BANCO DE LA PROVINCIA DE BUENOS AIR,publico,situacion_deudores,C.CON.Sit.2: Riesgo bajo (%),Dic-2023,1.3,2026-04-19
00014,BANCO DE LA PROVINCIA DE BUENOS AIR,publico,situacion_deudores,C.CON.Sit.3: Riesgo medio (%),Dic-2023,1.01,2026-04-19
00014,BANCO DE LA PROVINCIA DE BUENOS AIR,publico,situacion_deudores,C.CON.Sit.4: Riesgo alto (%),Dic-2023,0.83,2026-04-19
00014,BANCO DE LA PROVINCIA DE BUENOS AIR,publico,situacion_deudores,C.CON.Sit.5: Irrecuperable (%),Dic-2023,0.67,2026-04-19
00014,BANCO DE LA PROVINCIA DE BUENOS AIR,publico,situacion_deudores,C.CON.TOTAL GARANTIZADO - Garantías Preferidas A y B (%),Dic-2023,3.53,2026-04-19
00014,BANCO DE LA PROVINCIA DE BUENOS AIR,publico,situacion_deudores,CARTERA COMERCIAL ASIMILABLE A CONSUMO ($),Dic-2023,714851.41,2026-04-19
00014,BANCO DE LA PROVINCIA DE BUENOS AIR,publico,situacion_deudores,Total cartera sobre financiaciones (%),Dic-2023,31.47,2026-04-19
00014,BANCO DE LA PROVINCIA DE BUENOS AIR,publico,situacion_deudores,C.CAC.Sit.1: En situación normal (%),Dic-2023,98.28,2026-04-19
00014,BANCO DE LA PROVINCIA DE BUENOS AIR,publico,situacion_deudores,C.CAC.Sit.2: Riesgo bajo (%),Dic-2023,1.07,2026-04-19
00014,BANCO DE LA PROVINCIA DE BUENOS AIR,publico,situacion_deudores,C.CAC.Sit.3: Riesgo medio (%),Dic-2023,0.22,2026-04-19
00014,BANCO DE LA PROVINCIA DE BUENOS AIR,publico,situacion_deudores,C.CAC.Sit.4: Riesgo alto (%),Dic-2023,0.25,2026-04-19
00014,BANCO DE LA PROVINCIA DE BUENOS AIR,publico,situacion_deudores,C.CAC.Sit.5: Irrecuperable (%),Dic-2023,0.18,2026-04-19
00014,BANCO DE LA PROVINCIA DE BUENOS AIR,publico,situacion_deudores,C.CAC.TOTAL GARANTIZADO - Garantías Preferidas A y B (%),Dic-2023,14.56,2026-04-19
00014,BANCO DE LA PROVINCIA DE BUENOS AIR,publico,situacion_deudores,TOTAL DE FINANCIACIONES Y GARANTIAS OTORGADAS ($),Dic-2024,6335459.98,2026-04-19
00014,BANCO DE LA PROVINCIA DE BUENOS AIR,publico,situacion_deudores,TF.Sit.1: En situación normal (%),Dic-2024,96.97,2026-04-19
00014,BANCO DE LA PROVINCIA DE BUENOS AIR,publico,situacion_deudores,TF.Sit.2: Con seguimiento especial/Riesgo bajo (%),Dic-2024,1.49,2026-04-19
00014,BANCO DE LA PROVINCIA DE BUENOS AIR,publico,situacion_deudores,TF.Sit.3: Con problemas/Riesgo medio (%),Dic-2024,0.8,2026-04-19
00014,BANCO DE LA PROVINCIA DE BUENOS AIR,publico,situacion_deudores,TF.Sit.4: Con alto riesgo de insolvencia/Riesgo alto (%),Dic-2024,0.51,2026-04-19
00014,BANCO DE LA PROVINCIA DE BUENOS AIR,publico,situacion_deudores,TF.Sit.5: Irrecuperable (%),Dic-2024,0.24,2026-04-19
00014,BANCO DE LA PROVINCIA DE BUENOS AIR,publico,situacion_deudores,TOTAL GARANTIZADO - Garantías Preferidas A y B (%),Dic-2024,5.19,2026-04-19
00014,BANCO DE LA PROVINCIA DE BUENOS AIR,publico,situacion_deudores,Previsiones por riesgo de incobrabilidad constituídas,Dic-2024,118169.35,2026-04-19
00014,BANCO DE LA PROVINCIA DE BUENOS AIR,publico,situacion_deudores,CARTERA COMERCIAL ($),Dic-2024,1253743.43,2026-04-19
00014,BANCO DE LA PROVINCIA DE BUENOS AIR,publico,situacion_deudores,Total cartera sobre financiaciones (%),Dic-2024,19.79,2026-04-19
00014,BANCO DE LA PROVINCIA DE BUENOS AIR,publico,situacion_deudores,C.COM.Sit.1: En situación normal (%),Dic-2024,98.36,2026-04-19
00014,BANCO DE LA PROVINCIA DE BUENOS AIR,publico,situacion_deudores,C.COM.Sit.2: Con seguimiento especial (%),Dic-2024,1.59,2026-04-19
00014,BANCO DE LA PROVINCIA DE BUENOS AIR,publico,situacion_deudores,C.COM.Sit.3: Con problemas (%),Dic-2024,0.0,2026-04-19
00014,BANCO DE LA PROVINCIA DE BUENOS AIR,publico,situacion_deudores,C.COM.Sit.4: Con alto riesgo de insolvencia (%),Dic-2024,0.04,2026-04-19
00014,BANCO DE LA PROVINCIA DE BUENOS AIR,publico,situacion_deudores,C.COM.TOTAL GARANTIZADO - Garantías Preferidas A y B (%),Dic-2024,4.2,2026-04-19
00014,BANCO DE LA PROVINCIA DE BUENOS AIR,publico,situacion_deudores,CARTERA DE CONSUMO O VIVIENDA ($),Dic-2024,3390120.93,2026-04-19
00014,BANCO DE LA PROVINCIA DE BUENOS AIR,publico,situacion_deudores,Total cartera sobre financiaciones (%),Dic-2024,53.51,2026-04-19
00014,BANCO DE LA PROVINCIA DE BUENOS AIR,publico,situacion_deudores,C.CON.Sit.1: En situación normal (%),Dic-2024,95.74,2026-04-19
00014,BANCO DE LA PROVINCIA DE BUENOS AIR,publico,situacion_deudores,C.CON.Sit.2: Riesgo bajo (%),Dic-2024,1.74,2026-04-19
00014,BANCO DE LA PROVINCIA DE BUENOS AIR,publico,situacion_deudores,C.CON.Sit.3: Riesgo medio (%),Dic-2024,1.3,2026-04-19
00014,BANCO DE LA PROVINCIA DE BUENOS AIR,publico,situacion_deudores,C.CON.Sit.4: Riesgo alto (%),Dic-2024,0.83,2026-04-19
00014,BANCO DE LA PROVINCIA DE BUENOS AIR,publico,situacion_deudores,C.CON.Sit.5: Irrecuperable (%),Dic-2024,0.39,2026-04-19
00014,BANCO DE LA PROVINCIA DE BUENOS AIR,publico,situacion_deudores,C.CON.TOTAL GARANTIZADO - Garantías Preferidas A y B (%),Dic-2024,2.24,2026-04-19
00014,BANCO DE LA PROVINCIA DE BUENOS AIR,publico,situacion_deudores,CARTERA COMERCIAL ASIMILABLE A CONSUMO ($),Dic-2024,1691595.62,2026-04-19
00014,BANCO DE LA PROVINCIA DE BUENOS AIR,publico,situacion_deudores,Total cartera sobre financiaciones (%),Dic-2024,26.7,2026-04-19
00014,BANCO DE LA PROVINCIA DE BUENOS AIR,publico,situacion_deudores,C.CAC.Sit.1: En situación normal (%),Dic-2024,98.39,2026-04-19
00014,BANCO DE LA PROVINCIA DE BUENOS AIR,publico,situacion_deudores,C.CAC.Sit.2: Riesgo bajo (%),Dic-2024,0.92,2026-04-19
00014,BANCO DE LA PROVINCIA DE BUENOS AIR,publico,situacion_deudores,C.CAC.Sit.3: Riesgo medio (%),Dic-2024,0.37,2026-04-19
00014,BANCO DE LA PROVINCIA DE BUENOS AIR,publico,situacion_deudores,C.CAC.Sit.4: Riesgo alto (%),Dic-2024,0.22,2026-04-19
00014,BANCO DE LA PROVINCIA DE BUENOS AIR,publico,situacion_deudores,C.CAC.Sit.5: Irrecuperable (%),Dic-2024,0.1,2026-04-19
00014,BANCO DE LA PROVINCIA DE BUENOS AIR,publico,situacion_deudores,C.CAC.TOTAL GARANTIZADO - Garantías Preferidas A y B (%),Dic-2024,11.86,2026-04-19
00014,BANCO DE LA PROVINCIA DE BUENOS AIR,publico,situacion_deudores,TOTAL DE FINANCIACIONES Y GARANTIAS OTORGADAS ($),Nov-2025,9669881.46,2026-04-19
00014,BANCO DE LA PROVINCIA DE BUENOS AIR,publico,situacion_deudores,TF.Sit.1: En situación normal (%),Nov-2025,85.95,2026-04-19
00014,BANCO DE LA PROVINCIA DE BUENOS AIR,publico,situacion_deudores,TF.Sit.2: Con seguimiento especial/Riesgo bajo (%),Nov-2025,5.53,2026-04-19
00014,BANCO DE LA PROVINCIA DE BUENOS AIR,publico,situacion_deudores,TF.Sit.3: Con problemas/Riesgo medio (%),Nov-2025,4.72,2026-04-19
00014,BANCO DE LA PROVINCIA DE BUENOS AIR,publico,situacion_deudores,TF.Sit.4: Con alto riesgo de insolvencia/Riesgo alto (%),Nov-2025,3.4,2026-04-19
00014,BANCO DE LA PROVINCIA DE BUENOS AIR,publico,situacion_deudores,TF.Sit.5: Irrecuperable (%),Nov-2025,0.4,2026-04-19
00014,BANCO DE LA PROVINCIA DE BUENOS AIR,publico,situacion_deudores,TOTAL GARANTIZADO - Garantías Preferidas A y B (%),Nov-2025,5.19,2026-04-19
00014,BANCO DE LA PROVINCIA DE BUENOS AIR,publico,situacion_deudores,Previsiones por riesgo de incobrabilidad constituídas,Nov-2025,542151.82,2026-04-19
00014,BANCO DE LA PROVINCIA DE BUENOS AIR,publico,situacion_deudores,CARTERA COMERCIAL ($),Nov-2025,2071298.02,2026-04-19
00014,BANCO DE LA PROVINCIA DE BUENOS AIR,publico,situacion_deudores,Total cartera sobre financiaciones (%),Nov-2025,21.42,2026-04-19
00014,BANCO DE LA PROVINCIA DE BUENOS AIR,publico,situacion_deudores,C.COM.Sit.1: En situación normal (%),Nov-2025,92.07,2026-04-19
00014,BANCO DE LA PROVINCIA DE BUENOS AIR,publico,situacion_deudores,C.COM.Sit.2: Con seguimiento especial (%),Nov-2025,0.32,2026-04-19
00014,BANCO DE LA PROVINCIA DE BUENOS AIR,publico,situacion_deudores,C.COM.Sit.3: Con problemas (%),Nov-2025,5.93,2026-04-19
00014,BANCO DE LA PROVINCIA DE BUENOS AIR,publico,situacion_deudores,C.COM.Sit.4: Con alto riesgo de insolvencia (%),Nov-2025,1.67,2026-04-19
00014,BANCO DE LA PROVINCIA DE BUENOS AIR,publico,situacion_deudores,C.COM.TOTAL GARANTIZADO - Garantías Preferidas A y B (%),Nov-2025,7.26,2026-04-19
00014,BANCO DE LA PROVINCIA DE BUENOS AIR,publico,situacion_deudores,CARTERA DE CONSUMO O VIVIENDA ($),Nov-2025,5524061.11,2026-04-19
00014,BANCO DE LA PROVINCIA DE BUENOS AIR,publico,situacion_deudores,Total cartera sobre financiaciones (%),Nov-2025,57.13,2026-04-19
00014,BANCO DE LA PROVINCIA DE BUENOS AIR,publico,situacion_deudores,C.CON.Sit.1: En situación normal (%),Nov-2025,82.32,2026-04-19
00014,BANCO DE LA PROVINCIA DE BUENOS AIR,publico,situacion_deudores,C.CON.Sit.2: Riesgo bajo (%),Nov-2025,7.47,2026-04-19
00014,BANCO DE LA PROVINCIA DE BUENOS AIR,publico,situacion_deudores,C.CON.Sit.3: Riesgo medio (%),Nov-2025,5.0,2026-04-19
00014,BANCO DE LA PROVINCIA DE BUENOS AIR,publico,situacion_deudores,C.CON.Sit.4: Riesgo alto (%),Nov-2025,4.57,2026-04-19
00014,BANCO DE LA PROVINCIA DE BUENOS AIR,publico,situacion_deudores,C.CON.Sit.5: Irrecuperable (%),Nov-2025,0.63,2026-04-19
00014,BANCO DE LA PROVINCIA DE BUENOS AIR,publico,situacion_deudores,C.CON.TOTAL GARANTIZADO - Garantías Preferidas A y B (%),Nov-2025,1.91,2026-04-19
00014,BANCO DE LA PROVINCIA DE BUENOS AIR,publico,situacion_deudores,CARTERA COMERCIAL ASIMILABLE A CONSUMO ($),Nov-2025,2074522.33,2026-04-19
00014,BANCO DE LA PROVINCIA DE BUENOS AIR,publico,situacion_deudores,Total cartera sobre financiaciones (%),Nov-2025,21.45,2026-04-19
00014,BANCO DE LA PROVINCIA DE BUENOS AIR,publico,situacion_deudores,C.CAC.Sit.1: En situación normal (%),Nov-2025,89.49,2026-04-19
00014,BANCO DE LA PROVINCIA DE BUENOS AIR,publico,situacion_deudores,C.CAC.Sit.2: Riesgo bajo (%),Nov-2025,5.54,2026-04-19
00014,BANCO DE LA PROVINCIA DE BUENOS AIR,publico,situacion_deudores,C.CAC.Sit.3: Riesgo medio (%),Nov-2025,2.77,2026-04-19
00014,BANCO DE LA PROVINCIA DE BUENOS AIR,publico,situacion_deudores,C.CAC.Sit.4: Riesgo alto (%),Nov-2025,2.0,2026-04-19
00014,BANCO DE LA PROVINCIA DE BUENOS AIR,publico,situacion_deudores,C.CAC.Sit.5: Irrecuperable (%),Nov-2025,0.2,2026-04-19
00014,BANCO DE LA PROVINCIA DE BUENOS AIR,publico,situacion_deudores,C.CAC.TOTAL GARANTIZADO - Garantías Preferidas A y B (%),Nov-2025,11.84,2026-04-19
00014,BANCO DE LA PROVINCIA DE BUENOS AIR,publico,situacion_deudores,TOTAL DE FINANCIACIONES Y GARANTIAS OTORGADAS ($),Dic-2025,10112266.02,2026-04-19
00014,BANCO DE LA PROVINCIA DE BUENOS AIR,publico,situacion_deudores,TF.Sit.1: En situación normal (%),Dic-2025,86.53,2026-04-19
00014,BANCO DE LA PROVINCIA DE BUENOS AIR,publico,situacion_deudores,TF.Sit.2: Con seguimiento especial/Riesgo bajo (%),Dic-2025,4.63,2026-04-19
00014,BANCO DE LA PROVINCIA DE BUENOS AIR,publico,situacion_deudores,TF.Sit.3: Con problemas/Riesgo medio (%),Dic-2025,4.61,2026-04-19
00014,BANCO DE LA PROVINCIA DE BUENOS AIR,publico,situacion_deudores,TF.Sit.4: Con alto riesgo de insolvencia/Riesgo alto (%),Dic-2025,3.76,2026-04-19
00014,BANCO DE LA PROVINCIA DE BUENOS AIR,publico,situacion_deudores,TF.Sit.5: Irrecuperable (%),Dic-2025,0.47,2026-04-19
00014,BANCO DE LA PROVINCIA DE BUENOS AIR,publico,situacion_deudores,TOTAL GARANTIZADO - Garantías Preferidas A y B (%),Dic-2025,4.8,2026-04-19
00014,BANCO DE LA PROVINCIA DE BUENOS AIR,publico,situacion_deudores,Previsiones por riesgo de incobrabilidad constituídas,Dic-2025,569181.61,2026-04-19
00014,BANCO DE LA PROVINCIA DE BUENOS AIR,publico,situacion_deudores,CARTERA COMERCIAL ($),Dic-2025,2159871.45,2026-04-19
00014,BANCO DE LA PROVINCIA DE BUENOS AIR,publico,situacion_deudores,Total cartera sobre financiaciones (%),Dic-2025,21.36,2026-04-19
00014,BANCO DE LA PROVINCIA DE BUENOS AIR,publico,situacion_deudores,C.COM.Sit.1: En situación normal (%),Dic-2025,92.6,2026-04-19
00014,BANCO DE LA PROVINCIA DE BUENOS AIR,publico,situacion_deudores,C.COM.Sit.2: Con seguimiento especial (%),Dic-2025,0.03,2026-04-19
00014,BANCO DE LA PROVINCIA DE BUENOS AIR,publico,situacion_deudores,C.COM.Sit.3: Con problemas (%),Dic-2025,5.65,2026-04-19
00014,BANCO DE LA PROVINCIA DE BUENOS AIR,publico,situacion_deudores,C.COM.Sit.4: Con alto riesgo de insolvencia (%),Dic-2025,1.73,2026-04-19
00014,BANCO DE LA PROVINCIA DE BUENOS AIR,publico,situacion_deudores,C.COM.TOTAL GARANTIZADO - Garantías Preferidas A y B (%),Dic-2025,6.96,2026-04-19
00014,BANCO DE LA PROVINCIA DE BUENOS AIR,publico,situacion_deudores,CARTERA DE CONSUMO O VIVIENDA ($),Dic-2025,5677481.58,2026-04-19
00014,BANCO DE LA PROVINCIA DE BUENOS AIR,publico,situacion_deudores,Total cartera sobre financiaciones (%),Dic-2025,56.14,2026-04-19
00014,BANCO DE LA PROVINCIA DE BUENOS AIR,publico,situacion_deudores,C.CON.Sit.1: En situación normal (%),Dic-2025,82.94,2026-04-19
00014,BANCO DE LA PROVINCIA DE BUENOS AIR,publico,situacion_deudores,C.CON.Sit.2: Riesgo bajo (%),Dic-2025,6.41,2026-04-19
00014,BANCO DE LA PROVINCIA DE BUENOS AIR,publico,situacion_deudores,C.CON.Sit.3: Riesgo medio (%),Dic-2025,4.77,2026-04-19
00014,BANCO DE LA PROVINCIA DE BUENOS AIR,publico,situacion_deudores,C.CON.Sit.4: Riesgo alto (%),Dic-2025,5.14,2026-04-19
00014,BANCO DE LA PROVINCIA DE BUENOS AIR,publico,situacion_deudores,C.CON.Sit.5: Irrecuperable (%),Dic-2025,0.75,2026-04-19
00014,BANCO DE LA PROVINCIA DE BUENOS AIR,publico,situacion_deudores,C.CON.TOTAL GARANTIZADO - Garantías Preferidas A y B (%),Dic-2025,1.84,2026-04-19
00014,BANCO DE LA PROVINCIA DE BUENOS AIR,publico,situacion_deudores,CARTERA COMERCIAL ASIMILABLE A CONSUMO ($),Dic-2025,2274912.99,2026-04-19
00014,BANCO DE LA PROVINCIA DE BUENOS AIR,publico,situacion_deudores,Total cartera sobre financiaciones (%),Dic-2025,22.5,2026-04-19
00014,BANCO DE LA PROVINCIA DE BUENOS AIR,publico,situacion_deudores,C.CAC.Sit.1: En situación normal (%),Dic-2025,89.76,2026-04-19
00014,BANCO DE LA PROVINCIA DE BUENOS AIR,publico,situacion_deudores,C.CAC.Sit.2: Riesgo bajo (%),Dic-2025,4.54,2026-04-19
00014,BANCO DE LA PROVINCIA DE BUENOS AIR,publico,situacion_deudores,C.CAC.Sit.3: Riesgo medio (%),Dic-2025,3.2,2026-04-19
00014,BANCO DE LA PROVINCIA DE BUENOS AIR,publico,situacion_deudores,C.CAC.Sit.4: Riesgo alto (%),Dic-2025,2.26,2026-04-19
00014,BANCO DE LA PROVINCIA DE BUENOS AIR,publico,situacion_deudores,C.CAC.Sit.5: Irrecuperable (%),Dic-2025,0.23,2026-04-19
00014,BANCO DE LA PROVINCIA DE BUENOS AIR,publico,situacion_deudores,C.CAC.TOTAL GARANTIZADO - Garantías Preferidas A y B (%),Dic-2025,10.11,2026-04-19
00014,BANCO DE LA PROVINCIA DE BUENOS AIR,publico,situacion_deudores,TOTAL DE FINANCIACIONES Y GARANTIAS OTORGADAS ($),Ene-2026,10400645.13,2026-04-19
00014,BANCO DE LA PROVINCIA DE BUENOS AIR,publico,situacion_deudores,TF.Sit.1: En situación normal (%),Ene-2026,86.13,2026-04-19
00014,BANCO DE LA PROVINCIA DE BUENOS AIR,publico,situacion_deudores,TF.Sit.2: Con seguimiento especial/Riesgo bajo (%),Ene-2026,3.84,2026-04-19
00014,BANCO DE LA PROVINCIA DE BUENOS AIR,publico,situacion_deudores,TF.Sit.3: Con problemas/Riesgo medio (%),Ene-2026,5.43,2026-04-19
00014,BANCO DE LA PROVINCIA DE BUENOS AIR,publico,situacion_deudores,TF.Sit.4: Con alto riesgo de insolvencia/Riesgo alto (%),Ene-2026,3.99,2026-04-19
00014,BANCO DE LA PROVINCIA DE BUENOS AIR,publico,situacion_deudores,TF.Sit.5: Irrecuperable (%),Ene-2026,0.62,2026-04-19
00014,BANCO DE LA PROVINCIA DE BUENOS AIR,publico,situacion_deudores,TOTAL GARANTIZADO - Garantías Preferidas A y B (%),Ene-2026,4.72,2026-04-19
00014,BANCO DE LA PROVINCIA DE BUENOS AIR,publico,situacion_deudores,Previsiones por riesgo de incobrabilidad constituídas,Ene-2026,625812.32,2026-04-19
00014,BANCO DE LA PROVINCIA DE BUENOS AIR,publico,situacion_deudores,CARTERA COMERCIAL ($),Ene-2026,2238750.68,2026-04-19
00014,BANCO DE LA PROVINCIA DE BUENOS AIR,publico,situacion_deudores,Total cartera sobre financiaciones (%),Ene-2026,21.53,2026-04-19
00014,BANCO DE LA PROVINCIA DE BUENOS AIR,publico,situacion_deudores,C.COM.Sit.1: En situación normal (%),Ene-2026,92.81,2026-04-19
00014,BANCO DE LA PROVINCIA DE BUENOS AIR,publico,situacion_deudores,C.COM.Sit.2: Con seguimiento especial (%),Ene-2026,0.0,2026-04-19
00014,BANCO DE LA PROVINCIA DE BUENOS AIR,publico,situacion_deudores,C.COM.Sit.3: Con problemas (%),Ene-2026,5.41,2026-04-19
00014,BANCO DE LA PROVINCIA DE BUENOS AIR,publico,situacion_deudores,C.COM.Sit.4: Con alto riesgo de insolvencia (%),Ene-2026,1.78,2026-04-19
00014,BANCO DE LA PROVINCIA DE BUENOS AIR,publico,situacion_deudores,C.COM.TOTAL GARANTIZADO - Garantías Preferidas A y B (%),Ene-2026,6.82,2026-04-19
00014,BANCO DE LA PROVINCIA DE BUENOS AIR,publico,situacion_deudores,CARTERA DE CONSUMO O VIVIENDA ($),Ene-2026,5812930.57,2026-04-19
00014,BANCO DE LA PROVINCIA DE BUENOS AIR,publico,situacion_deudores,Total cartera sobre financiaciones (%),Ene-2026,55.89,2026-04-19
00014,BANCO DE LA PROVINCIA DE BUENOS AIR,publico,situacion_deudores,C.CON.Sit.1: En situación normal (%),Ene-2026,82.12,2026-04-19
00014,BANCO DE LA PROVINCIA DE BUENOS AIR,publico,situacion_deudores,C.CON.Sit.2: Riesgo bajo (%),Ene-2026,5.35,2026-04-19
00014,BANCO DE LA PROVINCIA DE BUENOS AIR,publico,situacion_deudores,C.CON.Sit.3: Riesgo medio (%),Ene-2026,6.21,2026-04-19
00014,BANCO DE LA PROVINCIA DE BUENOS AIR,publico,situacion_deudores,C.CON.Sit.4: Riesgo alto (%),Ene-2026,5.34,2026-04-19
00014,BANCO DE LA PROVINCIA DE BUENOS AIR,publico,situacion_deudores,C.CON.Sit.5: Irrecuperable (%),Ene-2026,0.98,2026-04-19
00014,BANCO DE LA PROVINCIA DE BUENOS AIR,publico,situacion_deudores,C.CON.TOTAL GARANTIZADO - Garantías Preferidas A y B (%),Ene-2026,1.8,2026-04-19
00014,BANCO DE LA PROVINCIA DE BUENOS AIR,publico,situacion_deudores,CARTERA COMERCIAL ASIMILABLE A CONSUMO ($),Ene-2026,2348963.88,2026-04-19
00014,BANCO DE LA PROVINCIA DE BUENOS AIR,publico,situacion_deudores,Total cartera sobre financiaciones (%),Ene-2026,22.58,2026-04-19
00014,BANCO DE LA PROVINCIA DE BUENOS AIR,publico,situacion_deudores,C.CAC.Sit.1: En situación normal (%),Ene-2026,89.67,2026-04-19
00014,BANCO DE LA PROVINCIA DE BUENOS AIR,publico,situacion_deudores,C.CAC.Sit.2: Riesgo bajo (%),Ene-2026,3.75,2026-04-19
00014,BANCO DE LA PROVINCIA DE BUENOS AIR,publico,situacion_deudores,C.CAC.Sit.3: Riesgo medio (%),Ene-2026,3.52,2026-04-19
00014,BANCO DE LA PROVINCIA DE BUENOS AIR,publico,situacion_deudores,C.CAC.Sit.4: Riesgo alto (%),Ene-2026,2.74,2026-04-19
00014,BANCO DE LA PROVINCIA DE BUENOS AIR,publico,situacion_deudores,C.CAC.Sit.5: Irrecuperable (%),Ene-2026,0.32,2026-04-19
00014,BANCO DE LA PROVINCIA DE BUENOS AIR,publico,situacion_deudores,C.CAC.TOTAL GARANTIZADO - Garantías Preferidas A y B (%),Ene-2026,9.93,2026-04-19
00020,BANCO DE LA PROVINCIA DE CORDOBA S.,publico,situacion_deudores,TOTAL DE FINANCIACIONES Y GARANTIAS OTORGADAS ($),Dic-2023,648849.16,2026-04-19
00020,BANCO DE LA PROVINCIA DE CORDOBA S.,publico,situacion_deudores,TF.Sit.1: En situación normal (%),Dic-2023,98.12,2026-04-19
00020,BANCO DE LA PROVINCIA DE CORDOBA S.,publico,situacion_deudores,TF.Sit.2: Con seguimiento especial/Riesgo bajo (%),Dic-2023,0.58,2026-04-19
00020,BANCO DE LA PROVINCIA DE CORDOBA S.,publico,situacion_deudores,TF.Sit.3: Con problemas/Riesgo medio (%),Dic-2023,0.35,2026-04-19
00020,BANCO DE LA PROVINCIA DE CORDOBA S.,publico,situacion_deudores,TF.Sit.4: Con alto riesgo de insolvencia/Riesgo alto (%),Dic-2023,0.81,2026-04-19
00020,BANCO DE LA PROVINCIA DE CORDOBA S.,publico,situacion_deudores,TF.Sit.5: Irrecuperable (%),Dic-2023,0.13,2026-04-19
00020,BANCO DE LA PROVINCIA DE CORDOBA S.,publico,situacion_deudores,TOTAL GARANTIZADO - Garantías Preferidas A y B (%),Dic-2023,24.96,2026-04-19
00020,BANCO DE LA PROVINCIA DE CORDOBA S.,publico,situacion_deudores,Previsiones por riesgo de incobrabilidad constituídas,Dic-2023,20160.59,2026-04-19
00020,BANCO DE LA PROVINCIA DE CORDOBA S.,publico,situacion_deudores,CARTERA COMERCIAL ($),Dic-2023,170617.86,2026-04-19
00020,BANCO DE LA PROVINCIA DE CORDOBA S.,publico,situacion_deudores,Total cartera sobre financiaciones (%),Dic-2023,26.3,2026-04-19
00020,BANCO DE LA PROVINCIA DE CORDOBA S.,publico,situacion_deudores,C.COM.Sit.1: En situación normal (%),Dic-2023,98.62,2026-04-19
00020,BANCO DE LA PROVINCIA DE CORDOBA S.,publico,situacion_deudores,C.COM.Sit.2: Con seguimiento especial (%),Dic-2023,0.0,2026-04-19
00020,BANCO DE LA PROVINCIA DE CORDOBA S.,publico,situacion_deudores,C.COM.Sit.3: Con problemas (%),Dic-2023,0.0,2026-04-19
00020,BANCO DE LA PROVINCIA DE CORDOBA S.,publico,situacion_deudores,C.COM.Sit.4: Con alto riesgo de insolvencia (%),Dic-2023,1.38,2026-04-19
00020,BANCO DE LA PROVINCIA DE CORDOBA S.,publico,situacion_deudores,C.COM.Sit.5: Irrecuperable (%),Dic-2023,0.0,2026-04-19
00020,BANCO DE LA PROVINCIA DE CORDOBA S.,publico,situacion_deudores,C.COM.TOTAL GARANTIZADO - Garantías Preferidas A y B (%),Dic-2023,7.89,2026-04-19
00020,BANCO DE LA PROVINCIA DE CORDOBA S.,publico,situacion_deudores,CARTERA DE CONSUMO O VIVIENDA ($),Dic-2023,377466.34,2026-04-19
00020,BANCO DE LA PROVINCIA DE CORDOBA S.,publico,situacion_deudores,Total cartera sobre financiaciones (%),Dic-2023,58.17,2026-04-19
00020,BANCO DE LA PROVINCIA DE CORDOBA S.,publico,situacion_deudores,C.CON.Sit.1: En situación normal (%),Dic-2023,97.65,2026-04-19
00020,BANCO DE LA PROVINCIA DE CORDOBA S.,publico,situacion_deudores,C.CON.Sit.2: Riesgo bajo (%),Dic-2023,0.96,2026-04-19
00020,BANCO DE LA PROVINCIA DE CORDOBA S.,publico,situacion_deudores,C.CON.Sit.3: Riesgo medio (%),Dic-2023,0.56,2026-04-19
00020,BANCO DE LA PROVINCIA DE CORDOBA S.,publico,situacion_deudores,C.CON.Sit.4: Riesgo alto (%),Dic-2023,0.61,2026-04-19
00020,BANCO DE LA PROVINCIA DE CORDOBA S.,publico,situacion_deudores,C.CON.Sit.5: Irrecuperable (%),Dic-2023,0.22,2026-04-19
00020,BANCO DE LA PROVINCIA DE CORDOBA S.,publico,situacion_deudores,C.CON.TOTAL GARANTIZADO - Garantías Preferidas A y B (%),Dic-2023,36.11,2026-04-19
00020,BANCO DE LA PROVINCIA DE CORDOBA S.,publico,situacion_deudores,CARTERA COMERCIAL ASIMILABLE A CONSUMO ($),Dic-2023,100764.96,2026-04-19
00020,BANCO DE LA PROVINCIA DE CORDOBA S.,publico,situacion_deudores,Total cartera sobre financiaciones (%),Dic-2023,15.53,2026-04-19
00020,BANCO DE LA PROVINCIA DE CORDOBA S.,publico,situacion_deudores,C.CAC.Sit.1: En situación normal (%),Dic-2023,99.05,2026-04-19
00020,BANCO DE LA PROVINCIA DE CORDOBA S.,publico,situacion_deudores,C.CAC.Sit.2: Riesgo bajo (%),Dic-2023,0.16,2026-04-19
00020,BANCO DE LA PROVINCIA DE CORDOBA S.,publico,situacion_deudores,C.CAC.Sit.3: Riesgo medio (%),Dic-2023,0.16,2026-04-19
00020,BANCO DE LA PROVINCIA DE CORDOBA S.,publico,situacion_deudores,C.CAC.Sit.4: Riesgo alto (%),Dic-2023,0.61,2026-04-19
00020,BANCO DE LA PROVINCIA DE CORDOBA S.,publico,situacion_deudores,C.CAC.Sit.5: Irrecuperable (%),Dic-2023,0.02,2026-04-19
00020,BANCO DE LA PROVINCIA DE CORDOBA S.,publico,situacion_deudores,C.CAC.TOTAL GARANTIZADO - Garantías Preferidas A y B (%),Dic-2023,12.07,2026-04-19
00020,BANCO DE LA PROVINCIA DE CORDOBA S.,publico,situacion_deudores,TOTAL DE FINANCIACIONES Y GARANTIAS OTORGADAS ($),Dic-2024,2010326.73,2026-04-19
00020,BANCO DE LA PROVINCIA DE CORDOBA S.,publico,situacion_deudores,TF.Sit.1: En situación normal (%),Dic-2024,97.63,2026-04-19
00020,BANCO DE LA PROVINCIA DE CORDOBA S.,publico,situacion_deudores,TF.Sit.2: Con seguimiento especial/Riesgo bajo (%),Dic-2024,1.13,2026-04-19
00020,BANCO DE LA PROVINCIA DE CORDOBA S.,publico,situacion_deudores,TF.Sit.3: Con problemas/Riesgo medio (%),Dic-2024,0.45,2026-04-19
00020,BANCO DE LA PROVINCIA DE CORDOBA S.,publico,situacion_deudores,TF.Sit.4: Con alto riesgo de insolvencia/Riesgo alto (%),Dic-2024,0.68,2026-04-19
00020,BANCO DE LA PROVINCIA DE CORDOBA S.,publico,situacion_deudores,TF.Sit.5: Irrecuperable (%),Dic-2024,0.12,2026-04-19
00020,BANCO DE LA PROVINCIA DE CORDOBA S.,publico,situacion_deudores,TOTAL GARANTIZADO - Garantías Preferidas A y B (%),Dic-2024,24.69,2026-04-19
00020,BANCO DE LA PROVINCIA DE CORDOBA S.,publico,situacion_deudores,Previsiones por riesgo de incobrabilidad constituídas,Dic-2024,33263.65,2026-04-19
00020,BANCO DE LA PROVINCIA DE CORDOBA S.,publico,situacion_deudores,CARTERA COMERCIAL ($),Dic-2024,383759.8,2026-04-19
00020,BANCO DE LA PROVINCIA DE CORDOBA S.,publico,situacion_deudores,Total cartera sobre financiaciones (%),Dic-2024,19.09,2026-04-19
00020,BANCO DE LA PROVINCIA DE CORDOBA S.,publico,situacion_deudores,C.COM.Sit.1: En situación normal (%),Dic-2024,97.5,2026-04-19
00020,BANCO DE LA PROVINCIA DE CORDOBA S.,publico,situacion_deudores,C.COM.Sit.2: Con seguimiento especial (%),Dic-2024,1.24,2026-04-19
00020,BANCO DE LA PROVINCIA DE CORDOBA S.,publico,situacion_deudores,C.COM.Sit.3: Con problemas (%),Dic-2024,0.0,2026-04-19
00020,BANCO DE LA PROVINCIA DE CORDOBA S.,publico,situacion_deudores,C.COM.Sit.4: Con alto riesgo de insolvencia (%),Dic-2024,1.26,2026-04-19
00020,BANCO DE LA PROVINCIA DE CORDOBA S.,publico,situacion_deudores,C.COM.Sit.5: Irrecuperable (%),Dic-2024,0.0,2026-04-19
00020,BANCO DE LA PROVINCIA DE CORDOBA S.,publico,situacion_deudores,C.COM.TOTAL GARANTIZADO - Garantías Preferidas A y B (%),Dic-2024,6.47,2026-04-19
00020,BANCO DE LA PROVINCIA DE CORDOBA S.,publico,situacion_deudores,CARTERA DE CONSUMO O VIVIENDA ($),Dic-2024,1375577.61,2026-04-19
00020,BANCO DE LA PROVINCIA DE CORDOBA S.,publico,situacion_deudores,Total cartera sobre financiaciones (%),Dic-2024,68.43,2026-04-19
00020,BANCO DE LA PROVINCIA DE CORDOBA S.,publico,situacion_deudores,C.CON.Sit.1: En situación normal (%),Dic-2024,97.35,2026-04-19
00020,BANCO DE LA PROVINCIA DE CORDOBA S.,publico,situacion_deudores,C.CON.Sit.2: Riesgo bajo (%),Dic-2024,1.26,2026-04-19
00020,BANCO DE LA PROVINCIA DE CORDOBA S.,publico,situacion_deudores,C.CON.Sit.3: Riesgo medio (%),Dic-2024,0.64,2026-04-19
00020,BANCO DE LA PROVINCIA DE CORDOBA S.,publico,situacion_deudores,C.CON.Sit.4: Riesgo alto (%),Dic-2024,0.59,2026-04-19
00020,BANCO DE LA PROVINCIA DE CORDOBA S.,publico,situacion_deudores,C.CON.Sit.5: Irrecuperable (%),Dic-2024,0.16,2026-04-19
00020,BANCO DE LA PROVINCIA DE CORDOBA S.,publico,situacion_deudores,C.CON.TOTAL GARANTIZADO - Garantías Preferidas A y B (%),Dic-2024,32.28,2026-04-19
00020,BANCO DE LA PROVINCIA DE CORDOBA S.,publico,situacion_deudores,CARTERA COMERCIAL ASIMILABLE A CONSUMO ($),Dic-2024,250989.32,2026-04-19
00020,BANCO DE LA PROVINCIA DE CORDOBA S.,publico,situacion_deudores,Total cartera sobre financiaciones (%),Dic-2024,12.49,2026-04-19
00020,BANCO DE LA PROVINCIA DE CORDOBA S.,publico,situacion_deudores,C.CAC.Sit.1: En situación normal (%),Dic-2024,99.33,2026-04-19
00020,BANCO DE LA PROVINCIA DE CORDOBA S.,publico,situacion_deudores,C.CAC.Sit.2: Riesgo bajo (%),Dic-2024,0.24,2026-04-19
00020,BANCO DE LA PROVINCIA DE CORDOBA S.,publico,situacion_deudores,C.CAC.Sit.3: Riesgo medio (%),Dic-2024,0.12,2026-04-19
00020,BANCO DE LA PROVINCIA DE CORDOBA S.,publico,situacion_deudores,C.CAC.Sit.4: Riesgo alto (%),Dic-2024,0.26,2026-04-19
00020,BANCO DE LA PROVINCIA DE CORDOBA S.,publico,situacion_deudores,C.CAC.Sit.5: Irrecuperable (%),Dic-2024,0.05,2026-04-19
00020,BANCO DE LA PROVINCIA DE CORDOBA S.,publico,situacion_deudores,C.CAC.TOTAL GARANTIZADO - Garantías Preferidas A y B (%),Dic-2024,10.95,2026-04-19
00020,BANCO DE LA PROVINCIA DE CORDOBA S.,publico,situacion_deudores,TOTAL DE FINANCIACIONES Y GARANTIAS OTORGADAS ($),Nov-2025,3090370.92,2026-04-19
00020,BANCO DE LA PROVINCIA DE CORDOBA S.,publico,situacion_deudores,TF.Sit.1: En situación normal (%),Nov-2025,89.09,2026-04-19
00020,BANCO DE LA PROVINCIA DE CORDOBA S.,publico,situacion_deudores,TF.Sit.2: Con seguimiento especial/Riesgo bajo (%),Nov-2025,4.71,2026-04-19
00020,BANCO DE LA PROVINCIA DE CORDOBA S.,publico,situacion_deudores,TF.Sit.3: Con problemas/Riesgo medio (%),Nov-2025,2.23,2026-04-19
00020,BANCO DE LA PROVINCIA DE CORDOBA S.,publico,situacion_deudores,TF.Sit.4: Con alto riesgo de insolvencia/Riesgo alto (%),Nov-2025,3.39,2026-04-19
00020,BANCO DE LA PROVINCIA DE CORDOBA S.,publico,situacion_deudores,TF.Sit.5: Irrecuperable (%),Nov-2025,0.58,2026-04-19
00020,BANCO DE LA PROVINCIA DE CORDOBA S.,publico,situacion_deudores,TOTAL GARANTIZADO - Garantías Preferidas A y B (%),Nov-2025,22.09,2026-04-19
00020,BANCO DE LA PROVINCIA DE CORDOBA S.,publico,situacion_deudores,Previsiones por riesgo de incobrabilidad constituídas,Nov-2025,151518.16,2026-04-19
00020,BANCO DE LA PROVINCIA DE CORDOBA S.,publico,situacion_deudores,CARTERA COMERCIAL ($),Nov-2025,519278.28,2026-04-19
00020,BANCO DE LA PROVINCIA DE CORDOBA S.,publico,situacion_deudores,Total cartera sobre financiaciones (%),Nov-2025,16.8,2026-04-19
00020,BANCO DE LA PROVINCIA DE CORDOBA S.,publico,situacion_deudores,C.COM.Sit.1: En situación normal (%),Nov-2025,92.51,2026-04-19
00020,BANCO DE LA PROVINCIA DE CORDOBA S.,publico,situacion_deudores,C.COM.Sit.2: Con seguimiento especial (%),Nov-2025,0.75,2026-04-19
00020,BANCO DE LA PROVINCIA DE CORDOBA S.,publico,situacion_deudores,C.COM.Sit.3: Con problemas (%),Nov-2025,1.44,2026-04-19
00020,BANCO DE LA PROVINCIA DE CORDOBA S.,publico,situacion_deudores,C.COM.Sit.4: Con alto riesgo de insolvencia (%),Nov-2025,4.37,2026-04-19
00020,BANCO DE LA PROVINCIA DE CORDOBA S.,publico,situacion_deudores,C.COM.Sit.5: Irrecuperable (%),Nov-2025,0.93,2026-04-19
00020,BANCO DE LA PROVINCIA DE CORDOBA S.,publico,situacion_deudores,C.COM.TOTAL GARANTIZADO - Garantías Preferidas A y B (%),Nov-2025,4.57,2026-04-19
00020,BANCO DE LA PROVINCIA DE CORDOBA S.,publico,situacion_deudores,CARTERA DE CONSUMO O VIVIENDA ($),Nov-2025,2191681.19,2026-04-19
00020,BANCO DE LA PROVINCIA DE CORDOBA S.,publico,situacion_deudores,Total cartera sobre financiaciones (%),Nov-2025,70.92,2026-04-19
00020,BANCO DE LA PROVINCIA DE CORDOBA S.,publico,situacion_deudores,C.CON.Sit.1: En situación normal (%),Nov-2025,87.22,2026-04-19
00020,BANCO DE LA PROVINCIA DE CORDOBA S.,publico,situacion_deudores,C.CON.Sit.2: Riesgo bajo (%),Nov-2025,6.06,2026-04-19
00020,BANCO DE LA PROVINCIA DE CORDOBA S.,publico,situacion_deudores,C.CON.Sit.3: Riesgo medio (%),Nov-2025,2.59,2026-04-19
00020,BANCO DE LA PROVINCIA DE CORDOBA S.,publico,situacion_deudores,C.CON.Sit.4: Riesgo alto (%),Nov-2025,3.56,2026-04-19
00020,BANCO DE LA PROVINCIA DE CORDOBA S.,publico,situacion_deudores,C.CON.Sit.5: Irrecuperable (%),Nov-2025,0.57,2026-04-19
00020,BANCO DE LA PROVINCIA DE CORDOBA S.,publico,situacion_deudores,C.CON.TOTAL GARANTIZADO - Garantías Preferidas A y B (%),Nov-2025,28.22,2026-04-19
00020,BANCO DE LA PROVINCIA DE CORDOBA S.,publico,situacion_deudores,CARTERA COMERCIAL ASIMILABLE A CONSUMO ($),Nov-2025,379411.44,2026-04-19
00020,BANCO DE LA PROVINCIA DE CORDOBA S.,publico,situacion_deudores,Total cartera sobre financiaciones (%),Nov-2025,12.28,2026-04-19
00020,BANCO DE LA PROVINCIA DE CORDOBA S.,publico,situacion_deudores,C.CAC.Sit.1: En situación normal (%),Nov-2025,95.24,2026-04-19
00020,BANCO DE LA PROVINCIA DE CORDOBA S.,publico,situacion_deudores,C.CAC.Sit.2: Riesgo bajo (%),Nov-2025,2.38,2026-04-19
00020,BANCO DE LA PROVINCIA DE CORDOBA S.,publico,situacion_deudores,C.CAC.Sit.3: Riesgo medio (%),Nov-2025,1.25,2026-04-19
00020,BANCO DE LA PROVINCIA DE CORDOBA S.,publico,situacion_deudores,C.CAC.Sit.4: Riesgo alto (%),Nov-2025,1.03,2026-04-19
00020,BANCO DE LA PROVINCIA DE CORDOBA S.,publico,situacion_deudores,C.CAC.Sit.5: Irrecuperable (%),Nov-2025,0.11,2026-04-19
00020,BANCO DE LA PROVINCIA DE CORDOBA S.,publico,situacion_deudores,C.CAC.TOTAL GARANTIZADO - Garantías Preferidas A y B (%),Nov-2025,10.68,2026-04-19
00020,BANCO DE LA PROVINCIA DE CORDOBA S.,publico,situacion_deudores,TOTAL DE FINANCIACIONES Y GARANTIAS OTORGADAS ($),Dic-2025,3191005.14,2026-04-19
00020,BANCO DE LA PROVINCIA DE CORDOBA S.,publico,situacion_deudores,TF.Sit.1: En situación normal (%),Dic-2025,89.44,2026-04-19
00020,BANCO DE LA PROVINCIA DE CORDOBA S.,publico,situacion_deudores,TF.Sit.2: Con seguimiento especial/Riesgo bajo (%),Dic-2025,3.49,2026-04-19
00020,BANCO DE LA PROVINCIA DE CORDOBA S.,publico,situacion_deudores,TF.Sit.3: Con problemas/Riesgo medio (%),Dic-2025,2.84,2026-04-19
00020,BANCO DE LA PROVINCIA DE CORDOBA S.,publico,situacion_deudores,TF.Sit.4: Con alto riesgo de insolvencia/Riesgo alto (%),Dic-2025,3.54,2026-04-19
00020,BANCO DE LA PROVINCIA DE CORDOBA S.,publico,situacion_deudores,TF.Sit.5: Irrecuperable (%),Dic-2025,0.7,2026-04-19
00020,BANCO DE LA PROVINCIA DE CORDOBA S.,publico,situacion_deudores,TOTAL GARANTIZADO - Garantías Preferidas A y B (%),Dic-2025,21.84,2026-04-19
00020,BANCO DE LA PROVINCIA DE CORDOBA S.,publico,situacion_deudores,Previsiones por riesgo de incobrabilidad constituídas,Dic-2025,157452.01,2026-04-19
00020,BANCO DE LA PROVINCIA DE CORDOBA S.,publico,situacion_deudores,CARTERA COMERCIAL ($),Dic-2025,563164.96,2026-04-19
00020,BANCO DE LA PROVINCIA DE CORDOBA S.,publico,situacion_deudores,Total cartera sobre financiaciones (%),Dic-2025,17.65,2026-04-19
00020,BANCO DE LA PROVINCIA DE CORDOBA S.,publico,situacion_deudores,C.COM.Sit.1: En situación normal (%),Dic-2025,93.08,2026-04-19
00020,BANCO DE LA PROVINCIA DE CORDOBA S.,publico,situacion_deudores,C.COM.Sit.2: Con seguimiento especial (%),Dic-2025,0.69,2026-04-19
00020,BANCO DE LA PROVINCIA DE CORDOBA S.,publico,situacion_deudores,C.COM.Sit.3: Con problemas (%),Dic-2025,1.32,2026-04-19
00020,BANCO DE LA PROVINCIA DE CORDOBA S.,publico,situacion_deudores,C.COM.Sit.4: Con alto riesgo de insolvencia (%),Dic-2025,4.05,2026-04-19
00020,BANCO DE LA PROVINCIA DE CORDOBA S.,publico,situacion_deudores,C.COM.Sit.5: Irrecuperable (%),Dic-2025,0.86,2026-04-19
00020,BANCO DE LA PROVINCIA DE CORDOBA S.,publico,situacion_deudores,C.COM.TOTAL GARANTIZADO - Garantías Preferidas A y B (%),Dic-2025,4.92,2026-04-19
00020,BANCO DE LA PROVINCIA DE CORDOBA S.,publico,situacion_deudores,CARTERA DE CONSUMO O VIVIENDA ($),Dic-2025,2243285.19,2026-04-19
00020,BANCO DE LA PROVINCIA DE CORDOBA S.,publico,situacion_deudores,Total cartera sobre financiaciones (%),Dic-2025,70.3,2026-04-19
00020,BANCO DE LA PROVINCIA DE CORDOBA S.,publico,situacion_deudores,C.CON.Sit.1: En situación normal (%),Dic-2025,87.62,2026-04-19
00020,BANCO DE LA PROVINCIA DE CORDOBA S.,publico,situacion_deudores,C.CON.Sit.2: Riesgo bajo (%),Dic-2025,4.37,2026-04-19
00020,BANCO DE LA PROVINCIA DE CORDOBA S.,publico,situacion_deudores,C.CON.Sit.3: Riesgo medio (%),Dic-2025,3.48,2026-04-19
00020,BANCO DE LA PROVINCIA DE CORDOBA S.,publico,situacion_deudores,C.CON.Sit.4: Riesgo alto (%),Dic-2025,3.79,2026-04-19
00020,BANCO DE LA PROVINCIA DE CORDOBA S.,publico,situacion_deudores,C.CON.Sit.5: Irrecuperable (%),Dic-2025,0.74,2026-04-19
00020,BANCO DE LA PROVINCIA DE CORDOBA S.,publico,situacion_deudores,C.CON.TOTAL GARANTIZADO - Garantías Preferidas A y B (%),Dic-2025,28.09,2026-04-19
00020,BANCO DE LA PROVINCIA DE CORDOBA S.,publico,situacion_deudores,CARTERA COMERCIAL ASIMILABLE A CONSUMO ($),Dic-2025,384555.0,2026-04-19
00020,BANCO DE LA PROVINCIA DE CORDOBA S.,publico,situacion_deudores,Total cartera sobre financiaciones (%),Dic-2025,12.05,2026-04-19
00020,BANCO DE LA PROVINCIA DE CORDOBA S.,publico,situacion_deudores,C.CAC.Sit.1: En situación normal (%),Dic-2025,94.68,2026-04-19
00020,BANCO DE LA PROVINCIA DE CORDOBA S.,publico,situacion_deudores,C.CAC.Sit.2: Riesgo bajo (%),Dic-2025,2.43,2026-04-19
00020,BANCO DE LA PROVINCIA DE CORDOBA S.,publico,situacion_deudores,C.CAC.Sit.3: Riesgo medio (%),Dic-2025,1.39,2026-04-19
00020,BANCO DE LA PROVINCIA DE CORDOBA S.,publico,situacion_deudores,C.CAC.Sit.4: Riesgo alto (%),Dic-2025,1.3,2026-04-19
00020,BANCO DE LA PROVINCIA DE CORDOBA S.,publico,situacion_deudores,C.CAC.Sit.5: Irrecuperable (%),Dic-2025,0.2,2026-04-19
00020,BANCO DE LA PROVINCIA DE CORDOBA S.,publico,situacion_deudores,C.CAC.TOTAL GARANTIZADO - Garantías Preferidas A y B (%),Dic-2025,10.11,2026-04-19
00020,BANCO DE LA PROVINCIA DE CORDOBA S.,publico,situacion_deudores,TOTAL DE FINANCIACIONES Y GARANTIAS OTORGADAS ($),Ene-2026,3175871.77,2026-04-19
00020,BANCO DE LA PROVINCIA DE CORDOBA S.,publico,situacion_deudores,TF.Sit.1: En situación normal (%),Ene-2026,88.91,2026-04-19
00020,BANCO DE LA PROVINCIA DE CORDOBA S.,publico,situacion_deudores,TF.Sit.2: Con seguimiento especial/Riesgo bajo (%),Ene-2026,2.75,2026-04-19
00020,BANCO DE LA PROVINCIA DE CORDOBA S.,publico,situacion_deudores,TF.Sit.3: Con problemas/Riesgo medio (%),Ene-2026,4.11,2026-04-19
00020,BANCO DE LA PROVINCIA DE CORDOBA S.,publico,situacion_deudores,TF.Sit.4: Con alto riesgo de insolvencia/Riesgo alto (%),Ene-2026,3.28,2026-04-19
00020,BANCO DE LA PROVINCIA DE CORDOBA S.,publico,situacion_deudores,TF.Sit.5: Irrecuperable (%),Ene-2026,0.94,2026-04-19
00020,BANCO DE LA PROVINCIA DE CORDOBA S.,publico,situacion_deudores,TOTAL GARANTIZADO - Garantías Preferidas A y B (%),Ene-2026,22.25,2026-04-19
00020,BANCO DE LA PROVINCIA DE CORDOBA S.,publico,situacion_deudores,Previsiones por riesgo de incobrabilidad constituídas,Ene-2026,177049.79,2026-04-19
00020,BANCO DE LA PROVINCIA DE CORDOBA S.,publico,situacion_deudores,CARTERA COMERCIAL ($),Ene-2026,516757.79,2026-04-19
00020,BANCO DE LA PROVINCIA DE CORDOBA S.,publico,situacion_deudores,Total cartera sobre financiaciones (%),Ene-2026,16.27,2026-04-19
00020,BANCO DE LA PROVINCIA DE CORDOBA S.,publico,situacion_deudores,C.COM.Sit.1: En situación normal (%),Ene-2026,92.5,2026-04-19
00020,BANCO DE LA PROVINCIA DE CORDOBA S.,publico,situacion_deudores,C.COM.Sit.2: Con seguimiento especial (%),Ene-2026,0.75,2026-04-19
00020,BANCO DE LA PROVINCIA DE CORDOBA S.,publico,situacion_deudores,C.COM.Sit.3: Con problemas (%),Ene-2026,4.89,2026-04-19
00020,BANCO DE LA PROVINCIA DE CORDOBA S.,publico,situacion_deudores,C.COM.Sit.4: Con alto riesgo de insolvencia (%),Ene-2026,0.92,2026-04-19
00020,BANCO DE LA PROVINCIA DE CORDOBA S.,publico,situacion_deudores,C.COM.Sit.5: Irrecuperable (%),Ene-2026,0.94,2026-04-19
00020,BANCO DE LA PROVINCIA DE CORDOBA S.,publico,situacion_deudores,C.COM.TOTAL GARANTIZADO - Garantías Preferidas A y B (%),Ene-2026,5.4,2026-04-19
00020,BANCO DE LA PROVINCIA DE CORDOBA S.,publico,situacion_deudores,CARTERA DE CONSUMO O VIVIENDA ($),Ene-2026,2263366.68,2026-04-19
00020,BANCO DE LA PROVINCIA DE CORDOBA S.,publico,situacion_deudores,Total cartera sobre financiaciones (%),Ene-2026,71.27,2026-04-19
00020,BANCO DE LA PROVINCIA DE CORDOBA S.,publico,situacion_deudores,C.CON.Sit.1: En situación normal (%),Ene-2026,87.1,2026-04-19
00020,BANCO DE LA PROVINCIA DE CORDOBA S.,publico,situacion_deudores,C.CON.Sit.2: Riesgo bajo (%),Ene-2026,3.43,2026-04-19
00020,BANCO DE LA PROVINCIA DE CORDOBA S.,publico,situacion_deudores,C.CON.Sit.3: Riesgo medio (%),Ene-2026,4.3,2026-04-19
00020,BANCO DE LA PROVINCIA DE CORDOBA S.,publico,situacion_deudores,C.CON.Sit.4: Riesgo alto (%),Ene-2026,4.11,2026-04-19
00020,BANCO DE LA PROVINCIA DE CORDOBA S.,publico,situacion_deudores,C.CON.Sit.5: Irrecuperable (%),Ene-2026,1.06,2026-04-19
00020,BANCO DE LA PROVINCIA DE CORDOBA S.,publico,situacion_deudores,C.CON.TOTAL GARANTIZADO - Garantías Preferidas A y B (%),Ene-2026,28.31,2026-04-19
00020,BANCO DE LA PROVINCIA DE CORDOBA S.,publico,situacion_deudores,CARTERA COMERCIAL ASIMILABLE A CONSUMO ($),Ene-2026,395747.3,2026-04-19
00020,BANCO DE LA PROVINCIA DE CORDOBA S.,publico,situacion_deudores,Total cartera sobre financiaciones (%),Ene-2026,12.46,2026-04-19
00020,BANCO DE LA PROVINCIA DE CORDOBA S.,publico,situacion_deudores,C.CAC.Sit.1: En situación normal (%),Ene-2026,94.59,2026-04-19
00020,BANCO DE LA PROVINCIA DE CORDOBA S.,publico,situacion_deudores,C.CAC.Sit.2: Riesgo bajo (%),Ene-2026,1.52,2026-04-19
00020,BANCO DE LA PROVINCIA DE CORDOBA S.,publico,situacion_deudores,C.CAC.Sit.3: Riesgo medio (%),Ene-2026,2.02,2026-04-19
00020,BANCO DE LA PROVINCIA DE CORDOBA S.,publico,situacion_deudores,C.CAC.Sit.4: Riesgo alto (%),Ene-2026,1.61,2026-04-19
00020,BANCO DE LA PROVINCIA DE CORDOBA S.,publico,situacion_deudores,C.CAC.Sit.5: Irrecuperable (%),Ene-2026,0.26,2026-04-19
00020,BANCO DE LA PROVINCIA DE CORDOBA S.,publico,situacion_deudores,C.CAC.TOTAL GARANTIZADO - Garantías Preferidas A y B (%),Ene-2026,9.55,2026-04-19
00269,BANCO DE LA REPUBLICA ORIENTAL DEL,extranjero,situacion_deudores,TOTAL DE FINANCIACIONES Y GARANTIAS OTORGADAS ($),Dic-2023,351.44,2026-04-19
00269,BANCO DE LA REPUBLICA ORIENTAL DEL,extranjero,situacion_deudores,TF.Sit.1: En situación normal (%),Dic-2023,99.92,2026-04-19
00269,BANCO DE LA REPUBLICA ORIENTAL DEL,extranjero,situacion_deudores,TF.Sit.2: Con seguimiento especial/Riesgo bajo (%),Dic-2023,0.05,2026-04-19
00269,BANCO DE LA REPUBLICA ORIENTAL DEL,extranjero,situacion_deudores,TF.Sit.3: Con problemas/Riesgo medio (%),Dic-2023,0.0,2026-04-19
00269,BANCO DE LA REPUBLICA ORIENTAL DEL,extranjero,situacion_deudores,TF.Sit.4: Con alto riesgo de insolvencia/Riesgo alto (%),Dic-2023,0.01,2026-04-19
00269,BANCO DE LA REPUBLICA ORIENTAL DEL,extranjero,situacion_deudores,TF.Sit.5: Irrecuperable (%),Dic-2023,0.02,2026-04-19
00269,BANCO DE LA REPUBLICA ORIENTAL DEL,extranjero,situacion_deudores,Previsiones por riesgo de incobrabilidad constituídas,Dic-2023,0.46,2026-04-19
00269,BANCO DE LA REPUBLICA ORIENTAL DEL,extranjero,situacion_deudores,CARTERA COMERCIAL ($),Dic-2023,320.41,2026-04-19
00269,BANCO DE LA REPUBLICA ORIENTAL DEL,extranjero,situacion_deudores,Total cartera sobre financiaciones (%),Dic-2023,91.17,2026-04-19
00269,BANCO DE LA REPUBLICA ORIENTAL DEL,extranjero,situacion_deudores,C.COM.Sit.1: En situación normal (%),Dic-2023,100.0,2026-04-19
00269,BANCO DE LA REPUBLICA ORIENTAL DEL,extranjero,situacion_deudores,CARTERA DE CONSUMO O VIVIENDA ($),Dic-2023,17.5,2026-04-19
00269,BANCO DE LA REPUBLICA ORIENTAL DEL,extranjero,situacion_deudores,Total cartera sobre financiaciones (%),Dic-2023,4.98,2026-04-19
00269,BANCO DE LA REPUBLICA ORIENTAL DEL,extranjero,situacion_deudores,C.CON.Sit.1: En situación normal (%),Dic-2023,98.44,2026-04-19
00269,BANCO DE LA REPUBLICA ORIENTAL DEL,extranjero,situacion_deudores,C.CON.Sit.2: Riesgo bajo (%),Dic-2023,1.1,2026-04-19
00269,BANCO DE LA REPUBLICA ORIENTAL DEL,extranjero,situacion_deudores,C.CON.Sit.3: Riesgo medio (%),Dic-2023,0.0,2026-04-19
00269,BANCO DE LA REPUBLICA ORIENTAL DEL,extranjero,situacion_deudores,C.CON.Sit.4: Riesgo alto (%),Dic-2023,0.13,2026-04-19
00269,BANCO DE LA REPUBLICA ORIENTAL DEL,extranjero,situacion_deudores,C.CON.Sit.5: Irrecuperable (%),Dic-2023,0.33,2026-04-19
00269,BANCO DE LA REPUBLICA ORIENTAL DEL,extranjero,situacion_deudores,CARTERA COMERCIAL ASIMILABLE A CONSUMO ($),Dic-2023,13.52,2026-04-19
00269,BANCO DE LA REPUBLICA ORIENTAL DEL,extranjero,situacion_deudores,Total cartera sobre financiaciones (%),Dic-2023,3.85,2026-04-19
00269,BANCO DE LA REPUBLICA ORIENTAL DEL,extranjero,situacion_deudores,C.CAC.Sit.1: En situación normal (%),Dic-2023,100.0,2026-04-19
00269,BANCO DE LA REPUBLICA ORIENTAL DEL,extranjero,situacion_deudores,TOTAL DE FINANCIACIONES Y GARANTIAS OTORGADAS ($),Dic-2024,237.08,2026-04-19
00269,BANCO DE LA REPUBLICA ORIENTAL DEL,extranjero,situacion_deudores,TF.Sit.1: En situación normal (%),Dic-2024,99.91,2026-04-19
00269,BANCO DE LA REPUBLICA ORIENTAL DEL,extranjero,situacion_deudores,TF.Sit.2: Con seguimiento especial/Riesgo bajo (%),Dic-2024,0.0,2026-04-19
00269,BANCO DE LA REPUBLICA ORIENTAL DEL,extranjero,situacion_deudores,TF.Sit.3: Con problemas/Riesgo medio (%),Dic-2024,0.09,2026-04-19
00269,BANCO DE LA REPUBLICA ORIENTAL DEL,extranjero,situacion_deudores,TF.Sit.4: Con alto riesgo de insolvencia/Riesgo alto (%),Dic-2024,0.0,2026-04-19
00269,BANCO DE LA REPUBLICA ORIENTAL DEL,extranjero,situacion_deudores,TF.Sit.5: Irrecuperable (%),Dic-2024,0.0,2026-04-19
00269,BANCO DE LA REPUBLICA ORIENTAL DEL,extranjero,situacion_deudores,Previsiones por riesgo de incobrabilidad constituídas,Dic-2024,0.87,2026-04-19
00269,BANCO DE LA REPUBLICA ORIENTAL DEL,extranjero,situacion_deudores,CARTERA COMERCIAL ($),Dic-2024,164.58,2026-04-19
00269,BANCO DE LA REPUBLICA ORIENTAL DEL,extranjero,situacion_deudores,Total cartera sobre financiaciones (%),Dic-2024,69.42,2026-04-19
00269,BANCO DE LA REPUBLICA ORIENTAL DEL,extranjero,situacion_deudores,C.COM.Sit.1: En situación normal (%),Dic-2024,100.0,2026-04-19
00269,BANCO DE LA REPUBLICA ORIENTAL DEL,extranjero,situacion_deudores,CARTERA DE CONSUMO O VIVIENDA ($),Dic-2024,50.86,2026-04-19
00269,BANCO DE LA REPUBLICA ORIENTAL DEL,extranjero,situacion_deudores,Total cartera sobre financiaciones (%),Dic-2024,21.45,2026-04-19
00269,BANCO DE LA REPUBLICA ORIENTAL DEL,extranjero,situacion_deudores,C.CON.Sit.1: En situación normal (%),Dic-2024,99.56,2026-04-19
00269,BANCO DE LA REPUBLICA ORIENTAL DEL,extranjero,situacion_deudores,C.CON.Sit.2: Riesgo bajo (%),Dic-2024,0.0,2026-04-19
00269,BANCO DE LA REPUBLICA ORIENTAL DEL,extranjero,situacion_deudores,C.CON.Sit.3: Riesgo medio (%),Dic-2024,0.44,2026-04-19
00269,BANCO DE LA REPUBLICA ORIENTAL DEL,extranjero,situacion_deudores,C.CON.Sit.4: Riesgo alto (%),Dic-2024,0.0,2026-04-19
00269,BANCO DE LA REPUBLICA ORIENTAL DEL,extranjero,situacion_deudores,C.CON.Sit.5: Irrecuperable (%),Dic-2024,0.0,2026-04-19
00269,BANCO DE LA REPUBLICA ORIENTAL DEL,extranjero,situacion_deudores,CARTERA COMERCIAL ASIMILABLE A CONSUMO ($),Dic-2024,21.64,2026-04-19
00269,BANCO DE LA REPUBLICA ORIENTAL DEL,extranjero,situacion_deudores,Total cartera sobre financiaciones (%),Dic-2024,9.13,2026-04-19
00269,BANCO DE LA REPUBLICA ORIENTAL DEL,extranjero,situacion_deudores,C.CAC.Sit.1: En situación normal (%),Dic-2024,100.0,2026-04-19
00269,BANCO DE LA REPUBLICA ORIENTAL DEL,extranjero,situacion_deudores,TOTAL DE FINANCIACIONES Y GARANTIAS OTORGADAS ($),Nov-2025,2596.0,2026-04-19
00269,BANCO DE LA REPUBLICA ORIENTAL DEL,extranjero,situacion_deudores,TF.Sit.1: En situación normal (%),Nov-2025,99.96,2026-04-19
00269,BANCO DE LA REPUBLICA ORIENTAL DEL,extranjero,situacion_deudores,TF.Sit.2: Con seguimiento especial/Riesgo bajo (%),Nov-2025,0.01,2026-04-19
00269,BANCO DE LA REPUBLICA ORIENTAL DEL,extranjero,situacion_deudores,TF.Sit.3: Con problemas/Riesgo medio (%),Nov-2025,0.03,2026-04-19
00269,BANCO DE LA REPUBLICA ORIENTAL DEL,extranjero,situacion_deudores,TF.Sit.4: Con alto riesgo de insolvencia/Riesgo alto (%),Nov-2025,0.0,2026-04-19
00269,BANCO DE LA REPUBLICA ORIENTAL DEL,extranjero,situacion_deudores,TF.Sit.5: Irrecuperable (%),Nov-2025,0.0,2026-04-19
00269,BANCO DE LA REPUBLICA ORIENTAL DEL,extranjero,situacion_deudores,Previsiones por riesgo de incobrabilidad constituídas,Nov-2025,1.85,2026-04-19
00269,BANCO DE LA REPUBLICA ORIENTAL DEL,extranjero,situacion_deudores,CARTERA COMERCIAL ($),Nov-2025,2508.63,2026-04-19
00269,BANCO DE LA REPUBLICA ORIENTAL DEL,extranjero,situacion_deudores,Total cartera sobre financiaciones (%),Nov-2025,96.63,2026-04-19
00269,BANCO DE LA REPUBLICA ORIENTAL DEL,extranjero,situacion_deudores,C.COM.Sit.1: En situación normal (%),Nov-2025,100.0,2026-04-19
00269,BANCO DE LA REPUBLICA ORIENTAL DEL,extranjero,situacion_deudores,CARTERA DE CONSUMO O VIVIENDA ($),Nov-2025,56.43,2026-04-19
00269,BANCO DE LA REPUBLICA ORIENTAL DEL,extranjero,situacion_deudores,Total cartera sobre financiaciones (%),Nov-2025,2.17,2026-04-19
00269,BANCO DE LA REPUBLICA ORIENTAL DEL,extranjero,situacion_deudores,C.CON.Sit.1: En situación normal (%),Nov-2025,98.17,2026-04-19
00269,BANCO DE LA REPUBLICA ORIENTAL DEL,extranjero,situacion_deudores,C.CON.Sit.2: Riesgo bajo (%),Nov-2025,0.41,2026-04-19
00269,BANCO DE LA REPUBLICA ORIENTAL DEL,extranjero,situacion_deudores,C.CON.Sit.3: Riesgo medio (%),Nov-2025,1.42,2026-04-19
00269,BANCO DE LA REPUBLICA ORIENTAL DEL,extranjero,situacion_deudores,C.CON.Sit.4: Riesgo alto (%),Nov-2025,0.0,2026-04-19
00269,BANCO DE LA REPUBLICA ORIENTAL DEL,extranjero,situacion_deudores,C.CON.Sit.5: Irrecuperable (%),Nov-2025,0.0,2026-04-19
00269,BANCO DE LA REPUBLICA ORIENTAL DEL,extranjero,situacion_deudores,CARTERA COMERCIAL ASIMILABLE A CONSUMO ($),Nov-2025,30.93,2026-04-19
00269,BANCO DE LA REPUBLICA ORIENTAL DEL,extranjero,situacion_deudores,Total cartera sobre financiaciones (%),Nov-2025,1.19,2026-04-19
00269,BANCO DE LA REPUBLICA ORIENTAL DEL,extranjero,situacion_deudores,C.CAC.Sit.1: En situación normal (%),Nov-2025,100.0,2026-04-19
00269,BANCO DE LA REPUBLICA ORIENTAL DEL,extranjero,situacion_deudores,TOTAL DE FINANCIACIONES Y GARANTIAS OTORGADAS ($),Dic-2025,902.35,2026-04-19
00269,BANCO DE LA REPUBLICA ORIENTAL DEL,extranjero,situacion_deudores,TF.Sit.1: En situación normal (%),Dic-2025,99.78,2026-04-19
00269,BANCO DE LA REPUBLICA ORIENTAL DEL,extranjero,situacion_deudores,TF.Sit.2: Con seguimiento especial/Riesgo bajo (%),Dic-2025,0.12,2026-04-19
00269,BANCO DE LA REPUBLICA ORIENTAL DEL,extranjero,situacion_deudores,TF.Sit.3: Con problemas/Riesgo medio (%),Dic-2025,0.0,2026-04-19
00269,BANCO DE LA REPUBLICA ORIENTAL DEL,extranjero,situacion_deudores,TF.Sit.4: Con alto riesgo de insolvencia/Riesgo alto (%),Dic-2025,0.1,2026-04-19
00269,BANCO DE LA REPUBLICA ORIENTAL DEL,extranjero,situacion_deudores,TF.Sit.5: Irrecuperable (%),Dic-2025,0.0,2026-04-19
00269,BANCO DE LA REPUBLICA ORIENTAL DEL,extranjero,situacion_deudores,Previsiones por riesgo de incobrabilidad constituídas,Dic-2025,2.23,2026-04-19
00269,BANCO DE LA REPUBLICA ORIENTAL DEL,extranjero,situacion_deudores,CARTERA COMERCIAL ($),Dic-2025,806.43,2026-04-19
00269,BANCO DE LA REPUBLICA ORIENTAL DEL,extranjero,situacion_deudores,Total cartera sobre financiaciones (%),Dic-2025,89.37,2026-04-19
00269,BANCO DE LA REPUBLICA ORIENTAL DEL,extranjero,situacion_deudores,C.COM.Sit.1: En situación normal (%),Dic-2025,100.0,2026-04-19
00269,BANCO DE LA REPUBLICA ORIENTAL DEL,extranjero,situacion_deudores,CARTERA DE CONSUMO O VIVIENDA ($),Dic-2025,63.33,2026-04-19
00269,BANCO DE LA REPUBLICA ORIENTAL DEL,extranjero,situacion_deudores,Total cartera sobre financiaciones (%),Dic-2025,7.02,2026-04-19
00269,BANCO DE LA REPUBLICA ORIENTAL DEL,extranjero,situacion_deudores,C.CON.Sit.1: En situación normal (%),Dic-2025,96.92,2026-04-19
00269,BANCO DE LA REPUBLICA ORIENTAL DEL,extranjero,situacion_deudores,C.CON.Sit.2: Riesgo bajo (%),Dic-2025,1.72,2026-04-19
00269,BANCO DE LA REPUBLICA ORIENTAL DEL,extranjero,situacion_deudores,C.CON.Sit.3: Riesgo medio (%),Dic-2025,0.0,2026-04-19
00269,BANCO DE LA REPUBLICA ORIENTAL DEL,extranjero,situacion_deudores,C.CON.Sit.4: Riesgo alto (%),Dic-2025,1.36,2026-04-19
00269,BANCO DE LA REPUBLICA ORIENTAL DEL,extranjero,situacion_deudores,C.CON.Sit.5: Irrecuperable (%),Dic-2025,0.0,2026-04-19
00269,BANCO DE LA REPUBLICA ORIENTAL DEL,extranjero,situacion_deudores,CARTERA COMERCIAL ASIMILABLE A CONSUMO ($),Dic-2025,32.6,2026-04-19
00269,BANCO DE LA REPUBLICA ORIENTAL DEL,extranjero,situacion_deudores,Total cartera sobre financiaciones (%),Dic-2025,3.61,2026-04-19
00269,BANCO DE LA REPUBLICA ORIENTAL DEL,extranjero,situacion_deudores,C.CAC.Sit.1: En situación normal (%),Dic-2025,100.0,2026-04-19
00269,BANCO DE LA REPUBLICA ORIENTAL DEL,extranjero,situacion_deudores,TOTAL DE FINANCIACIONES Y GARANTIAS OTORGADAS ($),Ene-2026,506.7,2026-04-19
00269,BANCO DE LA REPUBLICA ORIENTAL DEL,extranjero,situacion_deudores,TF.Sit.1: En situación normal (%),Ene-2026,99.59,2026-04-19
00269,BANCO DE LA REPUBLICA ORIENTAL DEL,extranjero,situacion_deudores,TF.Sit.2: Con seguimiento especial/Riesgo bajo (%),Ene-2026,0.0,2026-04-19
00269,BANCO DE LA REPUBLICA ORIENTAL DEL,extranjero,situacion_deudores,TF.Sit.3: Con problemas/Riesgo medio (%),Ene-2026,0.23,2026-04-19
00269,BANCO DE LA REPUBLICA ORIENTAL DEL,extranjero,situacion_deudores,TF.Sit.4: Con alto riesgo de insolvencia/Riesgo alto (%),Ene-2026,0.18,2026-04-19
00269,BANCO DE LA REPUBLICA ORIENTAL DEL,extranjero,situacion_deudores,TF.Sit.5: Irrecuperable (%),Ene-2026,0.0,2026-04-19
00269,BANCO DE LA REPUBLICA ORIENTAL DEL,extranjero,situacion_deudores,Previsiones por riesgo de incobrabilidad constituídas,Ene-2026,3.31,2026-04-19
00269,BANCO DE LA REPUBLICA ORIENTAL DEL,extranjero,situacion_deudores,CARTERA COMERCIAL ($),Ene-2026,404.49,2026-04-19
00269,BANCO DE LA REPUBLICA ORIENTAL DEL,extranjero,situacion_deudores,Total cartera sobre financiaciones (%),Ene-2026,79.83,2026-04-19
00269,BANCO DE LA REPUBLICA ORIENTAL DEL,extranjero,situacion_deudores,C.COM.Sit.1: En situación normal (%),Ene-2026,100.0,2026-04-19
00269,BANCO DE LA REPUBLICA ORIENTAL DEL,extranjero,situacion_deudores,CARTERA DE CONSUMO O VIVIENDA ($),Ene-2026,68.05,2026-04-19
00269,BANCO DE LA REPUBLICA ORIENTAL DEL,extranjero,situacion_deudores,Total cartera sobre financiaciones (%),Ene-2026,13.43,2026-04-19
00269,BANCO DE LA REPUBLICA ORIENTAL DEL,extranjero,situacion_deudores,C.CON.Sit.1: En situación normal (%),Ene-2026,96.95,2026-04-19
00269,BANCO DE LA REPUBLICA ORIENTAL DEL,extranjero,situacion_deudores,C.CON.Sit.2: Riesgo bajo (%),Ene-2026,0.0,2026-04-19
00269,BANCO DE LA REPUBLICA ORIENTAL DEL,extranjero,situacion_deudores,C.CON.Sit.3: Riesgo medio (%),Ene-2026,1.68,2026-04-19
00269,BANCO DE LA REPUBLICA ORIENTAL DEL,extranjero,situacion_deudores,C.CON.Sit.4: Riesgo alto (%),Ene-2026,1.37,2026-04-19
00269,BANCO DE LA REPUBLICA ORIENTAL DEL,extranjero,situacion_deudores,C.CON.Sit.5: Irrecuperable (%),Ene-2026,0.0,2026-04-19
00269,BANCO DE LA REPUBLICA ORIENTAL DEL,extranjero,situacion_deudores,CARTERA COMERCIAL ASIMILABLE A CONSUMO ($),Ene-2026,34.16,2026-04-19
00269,BANCO DE LA REPUBLICA ORIENTAL DEL,extranjero,situacion_deudores,Total cartera sobre financiaciones (%),Ene-2026,6.74,2026-04-19
00269,BANCO DE LA REPUBLICA ORIENTAL DEL,extranjero,situacion_deudores,C.CAC.Sit.1: En situación normal (%),Ene-2026,100.0,2026-04-19
00045,BANCO DE SAN JUAN S.A.,publico,situacion_deudores,TOTAL DE FINANCIACIONES Y GARANTIAS OTORGADAS ($),Dic-2023,104973.71,2026-04-19
00045,BANCO DE SAN JUAN S.A.,publico,situacion_deudores,TF.Sit.1: En situación normal (%),Dic-2023,99.17,2026-04-19
00045,BANCO DE SAN JUAN S.A.,publico,situacion_deudores,TF.Sit.2: Con seguimiento especial/Riesgo bajo (%),Dic-2023,0.2,2026-04-19
00045,BANCO DE SAN JUAN S.A.,publico,situacion_deudores,TF.Sit.3: Con problemas/Riesgo medio (%),Dic-2023,0.37,2026-04-19
00045,BANCO DE SAN JUAN S.A.,publico,situacion_deudores,TF.Sit.4: Con alto riesgo de insolvencia/Riesgo alto (%),Dic-2023,0.21,2026-04-19
00045,BANCO DE SAN JUAN S.A.,publico,situacion_deudores,TF.Sit.5: Irrecuperable (%),Dic-2023,0.05,2026-04-19
00045,BANCO DE SAN JUAN S.A.,publico,situacion_deudores,TOTAL GARANTIZADO - Garantías Preferidas A y B (%),Dic-2023,5.24,2026-04-19
00045,BANCO DE SAN JUAN S.A.,publico,situacion_deudores,Previsiones por riesgo de incobrabilidad constituídas,Dic-2023,771.34,2026-04-19
00045,BANCO DE SAN JUAN S.A.,publico,situacion_deudores,CARTERA COMERCIAL ($),Dic-2023,71303.49,2026-04-19
00045,BANCO DE SAN JUAN S.A.,publico,situacion_deudores,Total cartera sobre financiaciones (%),Dic-2023,67.93,2026-04-19
00045,BANCO DE SAN JUAN S.A.,publico,situacion_deudores,C.COM.Sit.1: En situación normal (%),Dic-2023,99.76,2026-04-19
00045,BANCO DE SAN JUAN S.A.,publico,situacion_deudores,C.COM.Sit.2: Con seguimiento especial (%),Dic-2023,0.0,2026-04-19
00045,BANCO DE SAN JUAN S.A.,publico,situacion_deudores,C.COM.Sit.3: Con problemas (%),Dic-2023,0.24,2026-04-19
00045,BANCO DE SAN JUAN S.A.,publico,situacion_deudores,C.COM.Sit.4: Con alto riesgo de insolvencia (%),Dic-2023,0.0,2026-04-19
00045,BANCO DE SAN JUAN S.A.,publico,situacion_deudores,C.COM.Sit.5: Irrecuperable (%),Dic-2023,0.0,2026-04-19
00045,BANCO DE SAN JUAN S.A.,publico,situacion_deudores,C.COM.TOTAL GARANTIZADO - Garantías Preferidas A y B (%),Dic-2023,3.55,2026-04-19
00045,BANCO DE SAN JUAN S.A.,publico,situacion_deudores,CARTERA DE CONSUMO O VIVIENDA ($),Dic-2023,19921.85,2026-04-19
00045,BANCO DE SAN JUAN S.A.,publico,situacion_deudores,Total cartera sobre financiaciones (%),Dic-2023,18.98,2026-04-19
00045,BANCO DE SAN JUAN S.A.,publico,situacion_deudores,C.CON.Sit.1: En situación normal (%),Dic-2023,96.87,2026-04-19
00045,BANCO DE SAN JUAN S.A.,publico,situacion_deudores,C.CON.Sit.2: Riesgo bajo (%),Dic-2023,0.92,2026-04-19
00045,BANCO DE SAN JUAN S.A.,publico,situacion_deudores,C.CON.Sit.3: Riesgo medio (%),Dic-2023,0.98,2026-04-19
00045,BANCO DE SAN JUAN S.A.,publico,situacion_deudores,C.CON.Sit.4: Riesgo alto (%),Dic-2023,1.0,2026-04-19
00045,BANCO DE SAN JUAN S.A.,publico,situacion_deudores,C.CON.Sit.5: Irrecuperable (%),Dic-2023,0.22,2026-04-19
00045,BANCO DE SAN JUAN S.A.,publico,situacion_deudores,C.CON.TOTAL GARANTIZADO - Garantías Preferidas A y B (%),Dic-2023,0.31,2026-04-19
00045,BANCO DE SAN JUAN S.A.,publico,situacion_deudores,CARTERA COMERCIAL ASIMILABLE A CONSUMO ($),Dic-2023,13748.38,2026-04-19
00045,BANCO DE SAN JUAN S.A.,publico,situacion_deudores,Total cartera sobre financiaciones (%),Dic-2023,13.1,2026-04-19
00045,BANCO DE SAN JUAN S.A.,publico,situacion_deudores,C.CAC.Sit.1: En situación normal (%),Dic-2023,99.42,2026-04-19
00045,BANCO DE SAN JUAN S.A.,publico,situacion_deudores,C.CAC.Sit.2: Riesgo bajo (%),Dic-2023,0.18,2026-04-19
00045,BANCO DE SAN JUAN S.A.,publico,situacion_deudores,C.CAC.Sit.3: Riesgo medio (%),Dic-2023,0.14,2026-04-19
00045,BANCO DE SAN JUAN S.A.,publico,situacion_deudores,C.CAC.Sit.4: Riesgo alto (%),Dic-2023,0.18,2026-04-19
00045,BANCO DE SAN JUAN S.A.,publico,situacion_deudores,C.CAC.Sit.5: Irrecuperable (%),Dic-2023,0.08,2026-04-19
00045,BANCO DE SAN JUAN S.A.,publico,situacion_deudores,C.CAC.TOTAL GARANTIZADO - Garantías Preferidas A y B (%),Dic-2023,21.1,2026-04-19
00045,BANCO DE SAN JUAN S.A.,publico,situacion_deudores,TOTAL DE FINANCIACIONES Y GARANTIAS OTORGADAS ($),Dic-2024,296845.89,2026-04-19
00045,BANCO DE SAN JUAN S.A.,publico,situacion_deudores,TF.Sit.1: En situación normal (%),Dic-2024,98.8,2026-04-19
00045,BANCO DE SAN JUAN S.A.,publico,situacion_deudores,TF.Sit.2: Con seguimiento especial/Riesgo bajo (%),Dic-2024,0.63,2026-04-19
00045,BANCO DE SAN JUAN S.A.,publico,situacion_deudores,TF.Sit.3: Con problemas/Riesgo medio (%),Dic-2024,0.29,2026-04-19
00045,BANCO DE SAN JUAN S.A.,publico,situacion_deudores,TF.Sit.4: Con alto riesgo de insolvencia/Riesgo alto (%),Dic-2024,0.24,2026-04-19
00045,BANCO DE SAN JUAN S.A.,publico,situacion_deudores,TF.Sit.5: Irrecuperable (%),Dic-2024,0.04,2026-04-19
00045,BANCO DE SAN JUAN S.A.,publico,situacion_deudores,TOTAL GARANTIZADO - Garantías Preferidas A y B (%),Dic-2024,3.84,2026-04-19
00045,BANCO DE SAN JUAN S.A.,publico,situacion_deudores,Previsiones por riesgo de incobrabilidad constituídas,Dic-2024,2927.35,2026-04-19
00045,BANCO DE SAN JUAN S.A.,publico,situacion_deudores,CARTERA COMERCIAL ($),Dic-2024,166650.73,2026-04-19
00045,BANCO DE SAN JUAN S.A.,publico,situacion_deudores,Total cartera sobre financiaciones (%),Dic-2024,56.14,2026-04-19
00045,BANCO DE SAN JUAN S.A.,publico,situacion_deudores,C.COM.Sit.1: En situación normal (%),Dic-2024,100.0,2026-04-19
00045,BANCO DE SAN JUAN S.A.,publico,situacion_deudores,C.COM.Sit.2: Con seguimiento especial (%),Dic-2024,0.0,2026-04-19
00045,BANCO DE SAN JUAN S.A.,publico,situacion_deudores,C.COM.Sit.3: Con problemas (%),Dic-2024,0.0,2026-04-19
00045,BANCO DE SAN JUAN S.A.,publico,situacion_deudores,C.COM.Sit.4: Con alto riesgo de insolvencia (%),Dic-2024,0.0,2026-04-19
00045,BANCO DE SAN JUAN S.A.,publico,situacion_deudores,C.COM.Sit.5: Irrecuperable (%),Dic-2024,0.0,2026-04-19
00045,BANCO DE SAN JUAN S.A.,publico,situacion_deudores,C.COM.TOTAL GARANTIZADO - Garantías Preferidas A y B (%),Dic-2024,3.17,2026-04-19
00045,BANCO DE SAN JUAN S.A.,publico,situacion_deudores,CARTERA DE CONSUMO O VIVIENDA ($),Dic-2024,76646.81,2026-04-19
00045,BANCO DE SAN JUAN S.A.,publico,situacion_deudores,Total cartera sobre financiaciones (%),Dic-2024,25.82,2026-04-19
00045,BANCO DE SAN JUAN S.A.,publico,situacion_deudores,C.CON.Sit.1: En situación normal (%),Dic-2024,95.88,2026-04-19
00045,BANCO DE SAN JUAN S.A.,publico,situacion_deudores,C.CON.Sit.2: Riesgo bajo (%),Dic-2024,2.28,2026-04-19
00045,BANCO DE SAN JUAN S.A.,publico,situacion_deudores,C.CON.Sit.3: Riesgo medio (%),Dic-2024,0.9,2026-04-19
00045,BANCO DE SAN JUAN S.A.,publico,situacion_deudores,C.CON.Sit.4: Riesgo alto (%),Dic-2024,0.85,2026-04-19
00045,BANCO DE SAN JUAN S.A.,publico,situacion_deudores,C.CON.Sit.5: Irrecuperable (%),Dic-2024,0.09,2026-04-19
00045,BANCO DE SAN JUAN S.A.,publico,situacion_deudores,C.CON.TOTAL GARANTIZADO - Garantías Preferidas A y B (%),Dic-2024,0.08,2026-04-19
00045,BANCO DE SAN JUAN S.A.,publico,situacion_deudores,CARTERA COMERCIAL ASIMILABLE A CONSUMO ($),Dic-2024,53548.35,2026-04-19
00045,BANCO DE SAN JUAN S.A.,publico,situacion_deudores,Total cartera sobre financiaciones (%),Dic-2024,18.04,2026-04-19
00045,BANCO DE SAN JUAN S.A.,publico,situacion_deudores,C.CAC.Sit.1: En situación normal (%),Dic-2024,99.27,2026-04-19
00045,BANCO DE SAN JUAN S.A.,publico,situacion_deudores,C.CAC.Sit.2: Riesgo bajo (%),Dic-2024,0.21,2026-04-19
00045,BANCO DE SAN JUAN S.A.,publico,situacion_deudores,C.CAC.Sit.3: Riesgo medio (%),Dic-2024,0.33,2026-04-19
00045,BANCO DE SAN JUAN S.A.,publico,situacion_deudores,C.CAC.Sit.4: Riesgo alto (%),Dic-2024,0.09,2026-04-19
00045,BANCO DE SAN JUAN S.A.,publico,situacion_deudores,C.CAC.Sit.5: Irrecuperable (%),Dic-2024,0.1,2026-04-19
00045,BANCO DE SAN JUAN S.A.,publico,situacion_deudores,C.CAC.TOTAL GARANTIZADO - Garantías Preferidas A y B (%),Dic-2024,11.31,2026-04-19
00045,BANCO DE SAN JUAN S.A.,publico,situacion_deudores,TOTAL DE FINANCIACIONES Y GARANTIAS OTORGADAS ($),Nov-2025,616565.58,2026-04-19
00045,BANCO DE SAN JUAN S.A.,publico,situacion_deudores,TF.Sit.1: En situación normal (%),Nov-2025,95.71,2026-04-19
00045,BANCO DE SAN JUAN S.A.,publico,situacion_deudores,TF.Sit.2: Con seguimiento especial/Riesgo bajo (%),Nov-2025,2.06,2026-04-19
00045,BANCO DE SAN JUAN S.A.,publico,situacion_deudores,TF.Sit.3: Con problemas/Riesgo medio (%),Nov-2025,1.12,2026-04-19
00045,BANCO DE SAN JUAN S.A.,publico,situacion_deudores,TF.Sit.4: Con alto riesgo de insolvencia/Riesgo alto (%),Nov-2025,0.96,2026-04-19
00045,BANCO DE SAN JUAN S.A.,publico,situacion_deudores,TF.Sit.5: Irrecuperable (%),Nov-2025,0.14,2026-04-19
00045,BANCO DE SAN JUAN S.A.,publico,situacion_deudores,TOTAL GARANTIZADO - Garantías Preferidas A y B (%),Nov-2025,6.08,2026-04-19
00045,BANCO DE SAN JUAN S.A.,publico,situacion_deudores,Previsiones por riesgo de incobrabilidad constituídas,Nov-2025,15342.93,2026-04-19
00045,BANCO DE SAN JUAN S.A.,publico,situacion_deudores,CARTERA COMERCIAL ($),Nov-2025,366476.59,2026-04-19
00045,BANCO DE SAN JUAN S.A.,publico,situacion_deudores,Total cartera sobre financiaciones (%),Nov-2025,59.44,2026-04-19
00045,BANCO DE SAN JUAN S.A.,publico,situacion_deudores,C.COM.Sit.1: En situación normal (%),Nov-2025,98.91,2026-04-19
00045,BANCO DE SAN JUAN S.A.,publico,situacion_deudores,C.COM.Sit.2: Con seguimiento especial (%),Nov-2025,0.43,2026-04-19
00045,BANCO DE SAN JUAN S.A.,publico,situacion_deudores,C.COM.Sit.3: Con problemas (%),Nov-2025,0.0,2026-04-19
00045,BANCO DE SAN JUAN S.A.,publico,situacion_deudores,C.COM.Sit.4: Con alto riesgo de insolvencia (%),Nov-2025,0.51,2026-04-19
00045,BANCO DE SAN JUAN S.A.,publico,situacion_deudores,C.COM.Sit.5: Irrecuperable (%),Nov-2025,0.15,2026-04-19
00045,BANCO DE SAN JUAN S.A.,publico,situacion_deudores,C.COM.TOTAL GARANTIZADO - Garantías Preferidas A y B (%),Nov-2025,4.33,2026-04-19
00045,BANCO DE SAN JUAN S.A.,publico,situacion_deudores,CARTERA DE CONSUMO O VIVIENDA ($),Nov-2025,183377.97,2026-04-19
00045,BANCO DE SAN JUAN S.A.,publico,situacion_deudores,Total cartera sobre financiaciones (%),Nov-2025,29.74,2026-04-19
00045,BANCO DE SAN JUAN S.A.,publico,situacion_deudores,C.CON.Sit.1: En situación normal (%),Nov-2025,90.55,2026-04-19
00045,BANCO DE SAN JUAN S.A.,publico,situacion_deudores,C.CON.Sit.2: Riesgo bajo (%),Nov-2025,4.31,2026-04-19
00045,BANCO DE SAN JUAN S.A.,publico,situacion_deudores,C.CON.Sit.3: Riesgo medio (%),Nov-2025,3.09,2026-04-19
00045,BANCO DE SAN JUAN S.A.,publico,situacion_deudores,C.CON.Sit.4: Riesgo alto (%),Nov-2025,1.97,2026-04-19
00045,BANCO DE SAN JUAN S.A.,publico,situacion_deudores,C.CON.Sit.5: Irrecuperable (%),Nov-2025,0.08,2026-04-19
00045,BANCO DE SAN JUAN S.A.,publico,situacion_deudores,C.CON.TOTAL GARANTIZADO - Garantías Preferidas A y B (%),Nov-2025,7.32,2026-04-19
00045,BANCO DE SAN JUAN S.A.,publico,situacion_deudores,CARTERA COMERCIAL ASIMILABLE A CONSUMO ($),Nov-2025,66711.01,2026-04-19
00045,BANCO DE SAN JUAN S.A.,publico,situacion_deudores,Total cartera sobre financiaciones (%),Nov-2025,10.82,2026-04-19
00045,BANCO DE SAN JUAN S.A.,publico,situacion_deudores,C.CAC.Sit.1: En situación normal (%),Nov-2025,92.37,2026-04-19
00045,BANCO DE SAN JUAN S.A.,publico,situacion_deudores,C.CAC.Sit.2: Riesgo bajo (%),Nov-2025,4.79,2026-04-19
00045,BANCO DE SAN JUAN S.A.,publico,situacion_deudores,C.CAC.Sit.3: Riesgo medio (%),Nov-2025,1.9,2026-04-19
00045,BANCO DE SAN JUAN S.A.,publico,situacion_deudores,C.CAC.Sit.4: Riesgo alto (%),Nov-2025,0.69,2026-04-19
00045,BANCO DE SAN JUAN S.A.,publico,situacion_deudores,C.CAC.Sit.5: Irrecuperable (%),Nov-2025,0.25,2026-04-19
00045,BANCO DE SAN JUAN S.A.,publico,situacion_deudores,C.CAC.TOTAL GARANTIZADO - Garantías Preferidas A y B (%),Nov-2025,12.3,2026-04-19
00045,BANCO DE SAN JUAN S.A.,publico,situacion_deudores,TOTAL DE FINANCIACIONES Y GARANTIAS OTORGADAS ($),Dic-2025,600280.44,2026-04-19
00045,BANCO DE SAN JUAN S.A.,publico,situacion_deudores,TF.Sit.1: En situación normal (%),Dic-2025,95.46,2026-04-19
00045,BANCO DE SAN JUAN S.A.,publico,situacion_deudores,TF.Sit.2: Con seguimiento especial/Riesgo bajo (%),Dic-2025,1.96,2026-04-19
00045,BANCO DE SAN JUAN S.A.,publico,situacion_deudores,TF.Sit.3: Con problemas/Riesgo medio (%),Dic-2025,1.2,2026-04-19
00045,BANCO DE SAN JUAN S.A.,publico,situacion_deudores,TF.Sit.4: Con alto riesgo de insolvencia/Riesgo alto (%),Dic-2025,1.18,2026-04-19
00045,BANCO DE SAN JUAN S.A.,publico,situacion_deudores,TF.Sit.5: Irrecuperable (%),Dic-2025,0.19,2026-04-19
00045,BANCO DE SAN JUAN S.A.,publico,situacion_deudores,TOTAL GARANTIZADO - Garantías Preferidas A y B (%),Dic-2025,6.48,2026-04-19
00045,BANCO DE SAN JUAN S.A.,publico,situacion_deudores,Previsiones por riesgo de incobrabilidad constituídas,Dic-2025,18000.2,2026-04-19
00045,BANCO DE SAN JUAN S.A.,publico,situacion_deudores,CARTERA COMERCIAL ($),Dic-2025,334983.03,2026-04-19
00045,BANCO DE SAN JUAN S.A.,publico,situacion_deudores,Total cartera sobre financiaciones (%),Dic-2025,55.8,2026-04-19
00045,BANCO DE SAN JUAN S.A.,publico,situacion_deudores,C.COM.Sit.1: En situación normal (%),Dic-2025,98.81,2026-04-19
00045,BANCO DE SAN JUAN S.A.,publico,situacion_deudores,C.COM.Sit.2: Con seguimiento especial (%),Dic-2025,0.46,2026-04-19
00045,BANCO DE SAN JUAN S.A.,publico,situacion_deudores,C.COM.Sit.3: Con problemas (%),Dic-2025,0.0,2026-04-19
00045,BANCO DE SAN JUAN S.A.,publico,situacion_deudores,C.COM.Sit.4: Con alto riesgo de insolvencia (%),Dic-2025,0.56,2026-04-19
00045,BANCO DE SAN JUAN S.A.,publico,situacion_deudores,C.COM.Sit.5: Irrecuperable (%),Dic-2025,0.16,2026-04-19
00045,BANCO DE SAN JUAN S.A.,publico,situacion_deudores,C.COM.TOTAL GARANTIZADO - Garantías Preferidas A y B (%),Dic-2025,4.79,2026-04-19
00045,BANCO DE SAN JUAN S.A.,publico,situacion_deudores,CARTERA DE CONSUMO O VIVIENDA ($),Dic-2025,186028.69,2026-04-19
00045,BANCO DE SAN JUAN S.A.,publico,situacion_deudores,Total cartera sobre financiaciones (%),Dic-2025,30.99,2026-04-19
00045,BANCO DE SAN JUAN S.A.,publico,situacion_deudores,C.CON.Sit.1: En situación normal (%),Dic-2025,90.41,2026-04-19
00045,BANCO DE SAN JUAN S.A.,publico,situacion_deudores,C.CON.Sit.2: Riesgo bajo (%),Dic-2025,3.82,2026-04-19
00045,BANCO DE SAN JUAN S.A.,publico,situacion_deudores,C.CON.Sit.3: Riesgo medio (%),Dic-2025,3.11,2026-04-19
00045,BANCO DE SAN JUAN S.A.,publico,situacion_deudores,C.CON.Sit.4: Riesgo alto (%),Dic-2025,2.42,2026-04-19
00045,BANCO DE SAN JUAN S.A.,publico,situacion_deudores,C.CON.Sit.5: Irrecuperable (%),Dic-2025,0.24,2026-04-19
00045,BANCO DE SAN JUAN S.A.,publico,situacion_deudores,C.CON.TOTAL GARANTIZADO - Garantías Preferidas A y B (%),Dic-2025,7.95,2026-04-19
00045,BANCO DE SAN JUAN S.A.,publico,situacion_deudores,CARTERA COMERCIAL ASIMILABLE A CONSUMO ($),Dic-2025,79268.72,2026-04-19
00045,BANCO DE SAN JUAN S.A.,publico,situacion_deudores,Total cartera sobre financiaciones (%),Dic-2025,13.21,2026-04-19
00045,BANCO DE SAN JUAN S.A.,publico,situacion_deudores,C.CAC.Sit.1: En situación normal (%),Dic-2025,93.14,2026-04-19
00045,BANCO DE SAN JUAN S.A.,publico,situacion_deudores,C.CAC.Sit.2: Riesgo bajo (%),Dic-2025,3.97,2026-04-19
00045,BANCO DE SAN JUAN S.A.,publico,situacion_deudores,C.CAC.Sit.3: Riesgo medio (%),Dic-2025,1.75,2026-04-19
00045,BANCO DE SAN JUAN S.A.,publico,situacion_deudores,C.CAC.Sit.4: Riesgo alto (%),Dic-2025,0.92,2026-04-19
00045,BANCO DE SAN JUAN S.A.,publico,situacion_deudores,C.CAC.Sit.5: Irrecuperable (%),Dic-2025,0.22,2026-04-19
00045,BANCO DE SAN JUAN S.A.,publico,situacion_deudores,C.CAC.TOTAL GARANTIZADO - Garantías Preferidas A y B (%),Dic-2025,10.22,2026-04-19
00045,BANCO DE SAN JUAN S.A.,publico,situacion_deudores,TOTAL DE FINANCIACIONES Y GARANTIAS OTORGADAS ($),Ene-2026,617334.92,2026-04-19
00045,BANCO DE SAN JUAN S.A.,publico,situacion_deudores,TF.Sit.1: En situación normal (%),Ene-2026,95.06,2026-04-19
00045,BANCO DE SAN JUAN S.A.,publico,situacion_deudores,TF.Sit.2: Con seguimiento especial/Riesgo bajo (%),Ene-2026,1.74,2026-04-19
00045,BANCO DE SAN JUAN S.A.,publico,situacion_deudores,TF.Sit.3: Con problemas/Riesgo medio (%),Ene-2026,1.79,2026-04-19
00045,BANCO DE SAN JUAN S.A.,publico,situacion_deudores,TF.Sit.4: Con alto riesgo de insolvencia/Riesgo alto (%),Ene-2026,1.2,2026-04-19
00045,BANCO DE SAN JUAN S.A.,publico,situacion_deudores,TF.Sit.5: Irrecuperable (%),Ene-2026,0.21,2026-04-19
00045,BANCO DE SAN JUAN S.A.,publico,situacion_deudores,TOTAL GARANTIZADO - Garantías Preferidas A y B (%),Ene-2026,6.51,2026-04-19
00045,BANCO DE SAN JUAN S.A.,publico,situacion_deudores,Previsiones por riesgo de incobrabilidad constituídas,Ene-2026,21089.08,2026-04-19
00045,BANCO DE SAN JUAN S.A.,publico,situacion_deudores,CARTERA COMERCIAL ($),Ene-2026,354679.71,2026-04-19
00045,BANCO DE SAN JUAN S.A.,publico,situacion_deudores,Total cartera sobre financiaciones (%),Ene-2026,57.45,2026-04-19
00045,BANCO DE SAN JUAN S.A.,publico,situacion_deudores,C.COM.Sit.1: En situación normal (%),Ene-2026,98.88,2026-04-19
00045,BANCO DE SAN JUAN S.A.,publico,situacion_deudores,C.COM.Sit.2: Con seguimiento especial (%),Ene-2026,0.0,2026-04-19
00045,BANCO DE SAN JUAN S.A.,publico,situacion_deudores,C.COM.Sit.3: Con problemas (%),Ene-2026,0.43,2026-04-19
00045,BANCO DE SAN JUAN S.A.,publico,situacion_deudores,C.COM.Sit.4: Con alto riesgo de insolvencia (%),Ene-2026,0.53,2026-04-19
00045,BANCO DE SAN JUAN S.A.,publico,situacion_deudores,C.COM.Sit.5: Irrecuperable (%),Ene-2026,0.16,2026-04-19
00045,BANCO DE SAN JUAN S.A.,publico,situacion_deudores,C.COM.TOTAL GARANTIZADO - Garantías Preferidas A y B (%),Ene-2026,4.67,2026-04-19
00045,BANCO DE SAN JUAN S.A.,publico,situacion_deudores,CARTERA DE CONSUMO O VIVIENDA ($),Ene-2026,194169.2,2026-04-19
00045,BANCO DE SAN JUAN S.A.,publico,situacion_deudores,Total cartera sobre financiaciones (%),Ene-2026,31.45,2026-04-19
00045,BANCO DE SAN JUAN S.A.,publico,situacion_deudores,C.CON.Sit.1: En situación normal (%),Ene-2026,89.0,2026-04-19
00045,BANCO DE SAN JUAN S.A.,publico,situacion_deudores,C.CON.Sit.2: Riesgo bajo (%),Ene-2026,4.92,2026-04-19
00045,BANCO DE SAN JUAN S.A.,publico,situacion_deudores,C.CON.Sit.3: Riesgo medio (%),Ene-2026,3.26,2026-04-19
00045,BANCO DE SAN JUAN S.A.,publico,situacion_deudores,C.CON.Sit.4: Riesgo alto (%),Ene-2026,2.46,2026-04-19
00045,BANCO DE SAN JUAN S.A.,publico,situacion_deudores,C.CON.Sit.5: Irrecuperable (%),Ene-2026,0.35,2026-04-19
00045,BANCO DE SAN JUAN S.A.,publico,situacion_deudores,C.CON.TOTAL GARANTIZADO - Garantías Preferidas A y B (%),Ene-2026,8.07,2026-04-19
00045,BANCO DE SAN JUAN S.A.,publico,situacion_deudores,CARTERA COMERCIAL ASIMILABLE A CONSUMO ($),Ene-2026,68486.01,2026-04-19
00045,BANCO DE SAN JUAN S.A.,publico,situacion_deudores,Total cartera sobre financiaciones (%),Ene-2026,11.09,2026-04-19
00045,BANCO DE SAN JUAN S.A.,publico,situacion_deudores,C.CAC.Sit.1: En situación normal (%),Ene-2026,92.45,2026-04-19
00045,BANCO DE SAN JUAN S.A.,publico,situacion_deudores,C.CAC.Sit.2: Riesgo bajo (%),Ene-2026,1.69,2026-04-19
00045,BANCO DE SAN JUAN S.A.,publico,situacion_deudores,C.CAC.Sit.3: Riesgo medio (%),Ene-2026,4.67,2026-04-19
00045,BANCO DE SAN JUAN S.A.,publico,situacion_deudores,C.CAC.Sit.4: Riesgo alto (%),Ene-2026,1.11,2026-04-19
00045,BANCO DE SAN JUAN S.A.,publico,situacion_deudores,C.CAC.Sit.5: Irrecuperable (%),Ene-2026,0.08,2026-04-19
00045,BANCO DE SAN JUAN S.A.,publico,situacion_deudores,C.CAC.TOTAL GARANTIZADO - Garantías Preferidas A y B (%),Ene-2026,11.6,2026-04-19
00086,BANCO DE SANTA CRUZ S.A.,publico,situacion_deudores,TOTAL DE FINANCIACIONES Y GARANTIAS OTORGADAS ($),Dic-2023,61947.24,2026-04-19
00086,BANCO DE SANTA CRUZ S.A.,publico,situacion_deudores,TF.Sit.1: En situación normal (%),Dic-2023,98.41,2026-04-19
00086,BANCO DE SANTA CRUZ S.A.,publico,situacion_deudores,TF.Sit.2: Con seguimiento especial/Riesgo bajo (%),Dic-2023,0.68,2026-04-19
00086,BANCO DE SANTA CRUZ S.A.,publico,situacion_deudores,TF.Sit.3: Con problemas/Riesgo medio (%),Dic-2023,0.28,2026-04-19
00086,BANCO DE SANTA CRUZ S.A.,publico,situacion_deudores,TF.Sit.4: Con alto riesgo de insolvencia/Riesgo alto (%),Dic-2023,0.44,2026-04-19
00086,BANCO DE SANTA CRUZ S.A.,publico,situacion_deudores,TF.Sit.5: Irrecuperable (%),Dic-2023,0.19,2026-04-19
00086,BANCO DE SANTA CRUZ S.A.,publico,situacion_deudores,TOTAL GARANTIZADO - Garantías Preferidas A y B (%),Dic-2023,1.97,2026-04-19
00086,BANCO DE SANTA CRUZ S.A.,publico,situacion_deudores,Previsiones por riesgo de incobrabilidad constituídas,Dic-2023,947.8,2026-04-19
00086,BANCO DE SANTA CRUZ S.A.,publico,situacion_deudores,CARTERA COMERCIAL ($),Dic-2023,22103.23,2026-04-19
00086,BANCO DE SANTA CRUZ S.A.,publico,situacion_deudores,Total cartera sobre financiaciones (%),Dic-2023,35.68,2026-04-19
00086,BANCO DE SANTA CRUZ S.A.,publico,situacion_deudores,C.COM.Sit.1: En situación normal (%),Dic-2023,100.0,2026-04-19
00086,BANCO DE SANTA CRUZ S.A.,publico,situacion_deudores,C.COM.TOTAL GARANTIZADO - Garantías Preferidas A y B (%),Dic-2023,1.73,2026-04-19
00086,BANCO DE SANTA CRUZ S.A.,publico,situacion_deudores,CARTERA DE CONSUMO O VIVIENDA ($),Dic-2023,6750.47,2026-04-19
00086,BANCO DE SANTA CRUZ S.A.,publico,situacion_deudores,Total cartera sobre financiaciones (%),Dic-2023,10.9,2026-04-19
00086,BANCO DE SANTA CRUZ S.A.,publico,situacion_deudores,C.CON.Sit.1: En situación normal (%),Dic-2023,92.34,2026-04-19
00086,BANCO DE SANTA CRUZ S.A.,publico,situacion_deudores,C.CON.Sit.2: Riesgo bajo (%),Dic-2023,3.28,2026-04-19
00086,BANCO DE SANTA CRUZ S.A.,publico,situacion_deudores,C.CON.Sit.3: Riesgo medio (%),Dic-2023,1.43,2026-04-19
00086,BANCO DE SANTA CRUZ S.A.,publico,situacion_deudores,C.CON.Sit.4: Riesgo alto (%),Dic-2023,2.02,2026-04-19
00086,BANCO DE SANTA CRUZ S.A.,publico,situacion_deudores,C.CON.Sit.5: Irrecuperable (%),Dic-2023,0.93,2026-04-19
00086,BANCO DE SANTA CRUZ S.A.,publico,situacion_deudores,C.CON.TOTAL GARANTIZADO - Garantías Preferidas A y B (%),Dic-2023,0.0,2026-04-19
00086,BANCO DE SANTA CRUZ S.A.,publico,situacion_deudores,CARTERA COMERCIAL ASIMILABLE A CONSUMO ($),Dic-2023,33093.53,2026-04-19
00086,BANCO DE SANTA CRUZ S.A.,publico,situacion_deudores,Total cartera sobre financiaciones (%),Dic-2023,53.42,2026-04-19
00086,BANCO DE SANTA CRUZ S.A.,publico,situacion_deudores,C.CAC.Sit.1: En situación normal (%),Dic-2023,98.59,2026-04-19
00086,BANCO DE SANTA CRUZ S.A.,publico,situacion_deudores,C.CAC.Sit.2: Riesgo bajo (%),Dic-2023,0.6,2026-04-19
00086,BANCO DE SANTA CRUZ S.A.,publico,situacion_deudores,C.CAC.Sit.3: Riesgo medio (%),Dic-2023,0.24,2026-04-19
00086,BANCO DE SANTA CRUZ S.A.,publico,situacion_deudores,C.CAC.Sit.4: Riesgo alto (%),Dic-2023,0.41,2026-04-19
00086,BANCO DE SANTA CRUZ S.A.,publico,situacion_deudores,C.CAC.Sit.5: Irrecuperable (%),Dic-2023,0.17,2026-04-19
00086,BANCO DE SANTA CRUZ S.A.,publico,situacion_deudores,C.CAC.TOTAL GARANTIZADO - Garantías Preferidas A y B (%),Dic-2023,2.53,2026-04-19
00086,BANCO DE SANTA CRUZ S.A.,publico,situacion_deudores,TOTAL DE FINANCIACIONES Y GARANTIAS OTORGADAS ($),Dic-2024,184784.24,2026-04-19
00086,BANCO DE SANTA CRUZ S.A.,publico,situacion_deudores,TF.Sit.1: En situación normal (%),Dic-2024,98.44,2026-04-19
00086,BANCO DE SANTA CRUZ S.A.,publico,situacion_deudores,TF.Sit.2: Con seguimiento especial/Riesgo bajo (%),Dic-2024,0.5,2026-04-19
00086,BANCO DE SANTA CRUZ S.A.,publico,situacion_deudores,TF.Sit.3: Con problemas/Riesgo medio (%),Dic-2024,0.5,2026-04-19
00086,BANCO DE SANTA CRUZ S.A.,publico,situacion_deudores,TF.Sit.4: Con alto riesgo de insolvencia/Riesgo alto (%),Dic-2024,0.45,2026-04-19
00086,BANCO DE SANTA CRUZ S.A.,publico,situacion_deudores,TF.Sit.5: Irrecuperable (%),Dic-2024,0.12,2026-04-19
00086,BANCO DE SANTA CRUZ S.A.,publico,situacion_deudores,TOTAL GARANTIZADO - Garantías Preferidas A y B (%),Dic-2024,0.76,2026-04-19
00086,BANCO DE SANTA CRUZ S.A.,publico,situacion_deudores,Previsiones por riesgo de incobrabilidad constituídas,Dic-2024,3255.9,2026-04-19
00086,BANCO DE SANTA CRUZ S.A.,publico,situacion_deudores,CARTERA COMERCIAL ($),Dic-2024,35568.95,2026-04-19
00086,BANCO DE SANTA CRUZ S.A.,publico,situacion_deudores,Total cartera sobre financiaciones (%),Dic-2024,19.25,2026-04-19
00086,BANCO DE SANTA CRUZ S.A.,publico,situacion_deudores,C.COM.Sit.1: En situación normal (%),Dic-2024,100.0,2026-04-19
00086,BANCO DE SANTA CRUZ S.A.,publico,situacion_deudores,C.COM.TOTAL GARANTIZADO - Garantías Preferidas A y B (%),Dic-2024,1.85,2026-04-19
00086,BANCO DE SANTA CRUZ S.A.,publico,situacion_deudores,CARTERA DE CONSUMO O VIVIENDA ($),Dic-2024,68291.88,2026-04-19
00086,BANCO DE SANTA CRUZ S.A.,publico,situacion_deudores,Total cartera sobre financiaciones (%),Dic-2024,36.96,2026-04-19
00086,BANCO DE SANTA CRUZ S.A.,publico,situacion_deudores,C.CON.Sit.1: En situación normal (%),Dic-2024,97.51,2026-04-19
00086,BANCO DE SANTA CRUZ S.A.,publico,situacion_deudores,C.CON.Sit.2: Riesgo bajo (%),Dic-2024,0.8,2026-04-19
00086,BANCO DE SANTA CRUZ S.A.,publico,situacion_deudores,C.CON.Sit.3: Riesgo medio (%),Dic-2024,0.8,2026-04-19
00086,BANCO DE SANTA CRUZ S.A.,publico,situacion_deudores,C.CON.Sit.4: Riesgo alto (%),Dic-2024,0.72,2026-04-19
00086,BANCO DE SANTA CRUZ S.A.,publico,situacion_deudores,C.CON.Sit.5: Irrecuperable (%),Dic-2024,0.17,2026-04-19
00086,BANCO DE SANTA CRUZ S.A.,publico,situacion_deudores,C.CON.TOTAL GARANTIZADO - Garantías Preferidas A y B (%),Dic-2024,0.0,2026-04-19
00086,BANCO DE SANTA CRUZ S.A.,publico,situacion_deudores,CARTERA COMERCIAL ASIMILABLE A CONSUMO ($),Dic-2024,80923.42,2026-04-19
00086,BANCO DE SANTA CRUZ S.A.,publico,situacion_deudores,Total cartera sobre financiaciones (%),Dic-2024,43.79,2026-04-19
00086,BANCO DE SANTA CRUZ S.A.,publico,situacion_deudores,C.CAC.Sit.1: En situación normal (%),Dic-2024,98.54,2026-04-19
00086,BANCO DE SANTA CRUZ S.A.,publico,situacion_deudores,C.CAC.Sit.2: Riesgo bajo (%),Dic-2024,0.47,2026-04-19
00086,BANCO DE SANTA CRUZ S.A.,publico,situacion_deudores,C.CAC.Sit.3: Riesgo medio (%),Dic-2024,0.46,2026-04-19
00086,BANCO DE SANTA CRUZ S.A.,publico,situacion_deudores,C.CAC.Sit.4: Riesgo alto (%),Dic-2024,0.42,2026-04-19
00086,BANCO DE SANTA CRUZ S.A.,publico,situacion_deudores,C.CAC.Sit.5: Irrecuperable (%),Dic-2024,0.12,2026-04-19
00086,BANCO DE SANTA CRUZ S.A.,publico,situacion_deudores,C.CAC.TOTAL GARANTIZADO - Garantías Preferidas A y B (%),Dic-2024,0.93,2026-04-19
00086,BANCO DE SANTA CRUZ S.A.,publico,situacion_deudores,TOTAL DE FINANCIACIONES Y GARANTIAS OTORGADAS ($),Nov-2025,362483.36,2026-04-19
00086,BANCO DE SANTA CRUZ S.A.,publico,situacion_deudores,TF.Sit.1: En situación normal (%),Nov-2025,93.43,2026-04-19
00086,BANCO DE SANTA CRUZ S.A.,publico,situacion_deudores,TF.Sit.2: Con seguimiento especial/Riesgo bajo (%),Nov-2025,3.66,2026-04-19
00086,BANCO DE SANTA CRUZ S.A.,publico,situacion_deudores,TF.Sit.3: Con problemas/Riesgo medio (%),Nov-2025,1.73,2026-04-19
00086,BANCO DE SANTA CRUZ S.A.,publico,situacion_deudores,TF.Sit.4: Con alto riesgo de insolvencia/Riesgo alto (%),Nov-2025,1.15,2026-04-19
00086,BANCO DE SANTA CRUZ S.A.,publico,situacion_deudores,TF.Sit.5: Irrecuperable (%),Nov-2025,0.03,2026-04-19
00086,BANCO DE SANTA CRUZ S.A.,publico,situacion_deudores,TOTAL GARANTIZADO - Garantías Preferidas A y B (%),Nov-2025,1.23,2026-04-19
00086,BANCO DE SANTA CRUZ S.A.,publico,situacion_deudores,Previsiones por riesgo de incobrabilidad constituídas,Nov-2025,12122.94,2026-04-19
00086,BANCO DE SANTA CRUZ S.A.,publico,situacion_deudores,CARTERA COMERCIAL ($),Nov-2025,48503.8,2026-04-19
00086,BANCO DE SANTA CRUZ S.A.,publico,situacion_deudores,Total cartera sobre financiaciones (%),Nov-2025,13.38,2026-04-19
00086,BANCO DE SANTA CRUZ S.A.,publico,situacion_deudores,C.COM.Sit.1: En situación normal (%),Nov-2025,100.0,2026-04-19
00086,BANCO DE SANTA CRUZ S.A.,publico,situacion_deudores,C.COM.TOTAL GARANTIZADO - Garantías Preferidas A y B (%),Nov-2025,1.17,2026-04-19
00086,BANCO DE SANTA CRUZ S.A.,publico,situacion_deudores,CARTERA DE CONSUMO O VIVIENDA ($),Nov-2025,148368.67,2026-04-19
00086,BANCO DE SANTA CRUZ S.A.,publico,situacion_deudores,Total cartera sobre financiaciones (%),Nov-2025,40.93,2026-04-19
00086,BANCO DE SANTA CRUZ S.A.,publico,situacion_deudores,C.CON.Sit.1: En situación normal (%),Nov-2025,91.26,2026-04-19
00086,BANCO DE SANTA CRUZ S.A.,publico,situacion_deudores,C.CON.Sit.2: Riesgo bajo (%),Nov-2025,4.86,2026-04-19
00086,BANCO DE SANTA CRUZ S.A.,publico,situacion_deudores,C.CON.Sit.3: Riesgo medio (%),Nov-2025,2.26,2026-04-19
00086,BANCO DE SANTA CRUZ S.A.,publico,situacion_deudores,C.CON.Sit.4: Riesgo alto (%),Nov-2025,1.58,2026-04-19
00086,BANCO DE SANTA CRUZ S.A.,publico,situacion_deudores,C.CON.Sit.5: Irrecuperable (%),Nov-2025,0.03,2026-04-19
00086,BANCO DE SANTA CRUZ S.A.,publico,situacion_deudores,C.CON.TOTAL GARANTIZADO - Garantías Preferidas A y B (%),Nov-2025,0.07,2026-04-19
00086,BANCO DE SANTA CRUZ S.A.,publico,situacion_deudores,CARTERA COMERCIAL ASIMILABLE A CONSUMO ($),Nov-2025,165610.88,2026-04-19
00086,BANCO DE SANTA CRUZ S.A.,publico,situacion_deudores,Total cartera sobre financiaciones (%),Nov-2025,45.69,2026-04-19
00086,BANCO DE SANTA CRUZ S.A.,publico,situacion_deudores,C.CAC.Sit.1: En situación normal (%),Nov-2025,93.44,2026-04-19
00086,BANCO DE SANTA CRUZ S.A.,publico,situacion_deudores,C.CAC.Sit.2: Riesgo bajo (%),Nov-2025,3.66,2026-04-19
00086,BANCO DE SANTA CRUZ S.A.,publico,situacion_deudores,C.CAC.Sit.3: Riesgo medio (%),Nov-2025,1.76,2026-04-19
00086,BANCO DE SANTA CRUZ S.A.,publico,situacion_deudores,C.CAC.Sit.4: Riesgo alto (%),Nov-2025,1.11,2026-04-19
00086,BANCO DE SANTA CRUZ S.A.,publico,situacion_deudores,C.CAC.Sit.5: Irrecuperable (%),Nov-2025,0.03,2026-04-19
00086,BANCO DE SANTA CRUZ S.A.,publico,situacion_deudores,C.CAC.TOTAL GARANTIZADO - Garantías Preferidas A y B (%),Nov-2025,2.29,2026-04-19
00086,BANCO DE SANTA CRUZ S.A.,publico,situacion_deudores,TOTAL DE FINANCIACIONES Y GARANTIAS OTORGADAS ($),Dic-2025,377581.69,2026-04-19
00086,BANCO DE SANTA CRUZ S.A.,publico,situacion_deudores,TF.Sit.1: En situación normal (%),Dic-2025,92.02,2026-04-19
00086,BANCO DE SANTA CRUZ S.A.,publico,situacion_deudores,TF.Sit.2: Con seguimiento especial/Riesgo bajo (%),Dic-2025,3.35,2026-04-19
00086,BANCO DE SANTA CRUZ S.A.,publico,situacion_deudores,TF.Sit.3: Con problemas/Riesgo medio (%),Dic-2025,3.15,2026-04-19
00086,BANCO DE SANTA CRUZ S.A.,publico,situacion_deudores,TF.Sit.4: Con alto riesgo de insolvencia/Riesgo alto (%),Dic-2025,1.4,2026-04-19
00086,BANCO DE SANTA CRUZ S.A.,publico,situacion_deudores,TF.Sit.5: Irrecuperable (%),Dic-2025,0.07,2026-04-19
00086,BANCO DE SANTA CRUZ S.A.,publico,situacion_deudores,TOTAL GARANTIZADO - Garantías Preferidas A y B (%),Dic-2025,0.96,2026-04-19
00086,BANCO DE SANTA CRUZ S.A.,publico,situacion_deudores,Previsiones por riesgo de incobrabilidad constituídas,Dic-2025,15864.53,2026-04-19
00086,BANCO DE SANTA CRUZ S.A.,publico,situacion_deudores,CARTERA COMERCIAL ($),Dic-2025,54851.33,2026-04-19
00086,BANCO DE SANTA CRUZ S.A.,publico,situacion_deudores,Total cartera sobre financiaciones (%),Dic-2025,14.53,2026-04-19
00086,BANCO DE SANTA CRUZ S.A.,publico,situacion_deudores,C.COM.Sit.1: En situación normal (%),Dic-2025,100.0,2026-04-19
00086,BANCO DE SANTA CRUZ S.A.,publico,situacion_deudores,C.COM.TOTAL GARANTIZADO - Garantías Preferidas A y B (%),Dic-2025,0.99,2026-04-19
00086,BANCO DE SANTA CRUZ S.A.,publico,situacion_deudores,CARTERA DE CONSUMO O VIVIENDA ($),Dic-2025,153248.62,2026-04-19
00086,BANCO DE SANTA CRUZ S.A.,publico,situacion_deudores,Total cartera sobre financiaciones (%),Dic-2025,40.59,2026-04-19
00086,BANCO DE SANTA CRUZ S.A.,publico,situacion_deudores,C.CON.Sit.1: En situación normal (%),Dic-2025,89.53,2026-04-19
00086,BANCO DE SANTA CRUZ S.A.,publico,situacion_deudores,C.CON.Sit.2: Riesgo bajo (%),Dic-2025,4.17,2026-04-19
00086,BANCO DE SANTA CRUZ S.A.,publico,situacion_deudores,C.CON.Sit.3: Riesgo medio (%),Dic-2025,4.26,2026-04-19
00086,BANCO DE SANTA CRUZ S.A.,publico,situacion_deudores,C.CON.Sit.4: Riesgo alto (%),Dic-2025,1.93,2026-04-19
00086,BANCO DE SANTA CRUZ S.A.,publico,situacion_deudores,C.CON.Sit.5: Irrecuperable (%),Dic-2025,0.11,2026-04-19
00086,BANCO DE SANTA CRUZ S.A.,publico,situacion_deudores,C.CON.TOTAL GARANTIZADO - Garantías Preferidas A y B (%),Dic-2025,0.02,2026-04-19
00086,BANCO DE SANTA CRUZ S.A.,publico,situacion_deudores,CARTERA COMERCIAL ASIMILABLE A CONSUMO ($),Dic-2025,169481.75,2026-04-19
00086,BANCO DE SANTA CRUZ S.A.,publico,situacion_deudores,Total cartera sobre financiaciones (%),Dic-2025,44.89,2026-04-19
00086,BANCO DE SANTA CRUZ S.A.,publico,situacion_deudores,C.CAC.Sit.1: En situación normal (%),Dic-2025,91.7,2026-04-19
00086,BANCO DE SANTA CRUZ S.A.,publico,situacion_deudores,C.CAC.Sit.2: Riesgo bajo (%),Dic-2025,3.7,2026-04-19
00086,BANCO DE SANTA CRUZ S.A.,publico,situacion_deudores,C.CAC.Sit.3: Riesgo medio (%),Dic-2025,3.18,2026-04-19
00086,BANCO DE SANTA CRUZ S.A.,publico,situacion_deudores,C.CAC.Sit.4: Riesgo alto (%),Dic-2025,1.38,2026-04-19
00086,BANCO DE SANTA CRUZ S.A.,publico,situacion_deudores,C.CAC.Sit.5: Irrecuperable (%),Dic-2025,0.05,2026-04-19
00086,BANCO DE SANTA CRUZ S.A.,publico,situacion_deudores,C.CAC.TOTAL GARANTIZADO - Garantías Preferidas A y B (%),Dic-2025,1.79,2026-04-19
00086,BANCO DE SANTA CRUZ S.A.,publico,situacion_deudores,TOTAL DE FINANCIACIONES Y GARANTIAS OTORGADAS ($),Ene-2026,384608.75,2026-04-19
00086,BANCO DE SANTA CRUZ S.A.,publico,situacion_deudores,TF.Sit.1: En situación normal (%),Ene-2026,89.02,2026-04-19
00086,BANCO DE SANTA CRUZ S.A.,publico,situacion_deudores,TF.Sit.2: Con seguimiento especial/Riesgo bajo (%),Ene-2026,6.01,2026-04-19
00086,BANCO DE SANTA CRUZ S.A.,publico,situacion_deudores,TF.Sit.3: Con problemas/Riesgo medio (%),Ene-2026,2.98,2026-04-19
00086,BANCO DE SANTA CRUZ S.A.,publico,situacion_deudores,TF.Sit.4: Con alto riesgo de insolvencia/Riesgo alto (%),Ene-2026,1.84,2026-04-19
00086,BANCO DE SANTA CRUZ S.A.,publico,situacion_deudores,TF.Sit.5: Irrecuperable (%),Ene-2026,0.15,2026-04-19
00086,BANCO DE SANTA CRUZ S.A.,publico,situacion_deudores,TOTAL GARANTIZADO - Garantías Preferidas A y B (%),Ene-2026,0.85,2026-04-19
00086,BANCO DE SANTA CRUZ S.A.,publico,situacion_deudores,Previsiones por riesgo de incobrabilidad constituídas,Ene-2026,20631.05,2026-04-19
00086,BANCO DE SANTA CRUZ S.A.,publico,situacion_deudores,CARTERA COMERCIAL ($),Ene-2026,53282.03,2026-04-19
00086,BANCO DE SANTA CRUZ S.A.,publico,situacion_deudores,Total cartera sobre financiaciones (%),Ene-2026,13.85,2026-04-19
00086,BANCO DE SANTA CRUZ S.A.,publico,situacion_deudores,C.COM.Sit.1: En situación normal (%),Ene-2026,100.0,2026-04-19
00086,BANCO DE SANTA CRUZ S.A.,publico,situacion_deudores,C.COM.TOTAL GARANTIZADO - Garantías Preferidas A y B (%),Ene-2026,0.98,2026-04-19
00086,BANCO DE SANTA CRUZ S.A.,publico,situacion_deudores,CARTERA DE CONSUMO O VIVIENDA ($),Ene-2026,156730.82,2026-04-19
00086,BANCO DE SANTA CRUZ S.A.,publico,situacion_deudores,Total cartera sobre financiaciones (%),Ene-2026,40.75,2026-04-19
00086,BANCO DE SANTA CRUZ S.A.,publico,situacion_deudores,C.CON.Sit.1: En situación normal (%),Ene-2026,85.41,2026-04-19
00086,BANCO DE SANTA CRUZ S.A.,publico,situacion_deudores,C.CON.Sit.2: Riesgo bajo (%),Ene-2026,8.06,2026-04-19
00086,BANCO DE SANTA CRUZ S.A.,publico,situacion_deudores,C.CON.Sit.3: Riesgo medio (%),Ene-2026,3.74,2026-04-19
00086,BANCO DE SANTA CRUZ S.A.,publico,situacion_deudores,C.CON.Sit.4: Riesgo alto (%),Ene-2026,2.59,2026-04-19
00086,BANCO DE SANTA CRUZ S.A.,publico,situacion_deudores,C.CON.Sit.5: Irrecuperable (%),Ene-2026,0.19,2026-04-19
00086,BANCO DE SANTA CRUZ S.A.,publico,situacion_deudores,C.CON.TOTAL GARANTIZADO - Garantías Preferidas A y B (%),Ene-2026,0.0,2026-04-19
00086,BANCO DE SANTA CRUZ S.A.,publico,situacion_deudores,CARTERA COMERCIAL ASIMILABLE A CONSUMO ($),Ene-2026,174595.91,2026-04-19
00086,BANCO DE SANTA CRUZ S.A.,publico,situacion_deudores,Total cartera sobre financiaciones (%),Ene-2026,45.4,2026-04-19
00086,BANCO DE SANTA CRUZ S.A.,publico,situacion_deudores,C.CAC.Sit.1: En situación normal (%),Ene-2026,88.9,2026-04-19
00086,BANCO DE SANTA CRUZ S.A.,publico,situacion_deudores,C.CAC.Sit.2: Riesgo bajo (%),Ene-2026,6.0,2026-04-19
00086,BANCO DE SANTA CRUZ S.A.,publico,situacion_deudores,C.CAC.Sit.3: Riesgo medio (%),Ene-2026,3.21,2026-04-19
00086,BANCO DE SANTA CRUZ S.A.,publico,situacion_deudores,C.CAC.Sit.4: Riesgo alto (%),Ene-2026,1.73,2026-04-19
00086,BANCO DE SANTA CRUZ S.A.,publico,situacion_deudores,C.CAC.Sit.5: Irrecuperable (%),Ene-2026,0.17,2026-04-19
00086,BANCO DE SANTA CRUZ S.A.,publico,situacion_deudores,C.CAC.TOTAL GARANTIZADO - Garantías Preferidas A y B (%),Ene-2026,1.57,2026-04-19
00321,BANCO DE SANTIAGO DEL ESTERO S.A.,publico,situacion_deudores,TOTAL DE FINANCIACIONES Y GARANTIAS OTORGADAS ($),Dic-2023,75421.06,2026-04-19
00321,BANCO DE SANTIAGO DEL ESTERO S.A.,publico,situacion_deudores,TF.Sit.1: En situación normal (%),Dic-2023,91.8,2026-04-19
00321,BANCO DE SANTIAGO DEL ESTERO S.A.,publico,situacion_deudores,TF.Sit.2: Con seguimiento especial/Riesgo bajo (%),Dic-2023,3.55,2026-04-19
00321,BANCO DE SANTIAGO DEL ESTERO S.A.,publico,situacion_deudores,TF.Sit.3: Con problemas/Riesgo medio (%),Dic-2023,1.58,2026-04-19
00321,BANCO DE SANTIAGO DEL ESTERO S.A.,publico,situacion_deudores,TF.Sit.4: Con alto riesgo de insolvencia/Riesgo alto (%),Dic-2023,1.52,2026-04-19
00321,BANCO DE SANTIAGO DEL ESTERO S.A.,publico,situacion_deudores,TF.Sit.5: Irrecuperable (%),Dic-2023,1.55,2026-04-19
00321,BANCO DE SANTIAGO DEL ESTERO S.A.,publico,situacion_deudores,TOTAL GARANTIZADO - Garantías Preferidas A y B (%),Dic-2023,0.96,2026-04-19
00321,BANCO DE SANTIAGO DEL ESTERO S.A.,publico,situacion_deudores,Previsiones por riesgo de incobrabilidad constituídas,Dic-2023,3017.57,2026-04-19
00321,BANCO DE SANTIAGO DEL ESTERO S.A.,publico,situacion_deudores,CARTERA COMERCIAL ($),Dic-2023,78.68,2026-04-19
00321,BANCO DE SANTIAGO DEL ESTERO S.A.,publico,situacion_deudores,Total cartera sobre financiaciones (%),Dic-2023,0.1,2026-04-19
00321,BANCO DE SANTIAGO DEL ESTERO S.A.,publico,situacion_deudores,C.COM.Sit.1: En situación normal (%),Dic-2023,100.0,2026-04-19
00321,BANCO DE SANTIAGO DEL ESTERO S.A.,publico,situacion_deudores,C.COM.TOTAL GARANTIZADO - Garantías Preferidas A y B (%),Dic-2023,4.15,2026-04-19
00321,BANCO DE SANTIAGO DEL ESTERO S.A.,publico,situacion_deudores,CARTERA DE CONSUMO O VIVIENDA ($),Dic-2023,58131.18,2026-04-19
00321,BANCO DE SANTIAGO DEL ESTERO S.A.,publico,situacion_deudores,Total cartera sobre financiaciones (%),Dic-2023,77.08,2026-04-19
00321,BANCO DE SANTIAGO DEL ESTERO S.A.,publico,situacion_deudores,C.CON.Sit.1: En situación normal (%),Dic-2023,91.83,2026-04-19
00321,BANCO DE SANTIAGO DEL ESTERO S.A.,publico,situacion_deudores,C.CON.Sit.2: Riesgo bajo (%),Dic-2023,3.01,2026-04-19
00321,BANCO DE SANTIAGO DEL ESTERO S.A.,publico,situacion_deudores,C.CON.Sit.3: Riesgo medio (%),Dic-2023,1.54,2026-04-19
00321,BANCO DE SANTIAGO DEL ESTERO S.A.,publico,situacion_deudores,C.CON.Sit.4: Riesgo alto (%),Dic-2023,1.69,2026-04-19
00321,BANCO DE SANTIAGO DEL ESTERO S.A.,publico,situacion_deudores,C.CON.Sit.5: Irrecuperable (%),Dic-2023,1.93,2026-04-19
00321,BANCO DE SANTIAGO DEL ESTERO S.A.,publico,situacion_deudores,C.CON.TOTAL GARANTIZADO - Garantías Preferidas A y B (%),Dic-2023,0.0,2026-04-19
00321,BANCO DE SANTIAGO DEL ESTERO S.A.,publico,situacion_deudores,CARTERA COMERCIAL ASIMILABLE A CONSUMO ($),Dic-2023,17211.2,2026-04-19
00321,BANCO DE SANTIAGO DEL ESTERO S.A.,publico,situacion_deudores,Total cartera sobre financiaciones (%),Dic-2023,22.82,2026-04-19
00321,BANCO DE SANTIAGO DEL ESTERO S.A.,publico,situacion_deudores,C.CAC.Sit.1: En situación normal (%),Dic-2023,91.66,2026-04-19
00321,BANCO DE SANTIAGO DEL ESTERO S.A.,publico,situacion_deudores,C.CAC.Sit.2: Riesgo bajo (%),Dic-2023,5.41,2026-04-19
00321,BANCO DE SANTIAGO DEL ESTERO S.A.,publico,situacion_deudores,C.CAC.Sit.3: Riesgo medio (%),Dic-2023,1.7,2026-04-19
00321,BANCO DE SANTIAGO DEL ESTERO S.A.,publico,situacion_deudores,C.CAC.Sit.4: Riesgo alto (%),Dic-2023,0.97,2026-04-19
00321,BANCO DE SANTIAGO DEL ESTERO S.A.,publico,situacion_deudores,C.CAC.Sit.5: Irrecuperable (%),Dic-2023,0.27,2026-04-19
00321,BANCO DE SANTIAGO DEL ESTERO S.A.,publico,situacion_deudores,C.CAC.TOTAL GARANTIZADO - Garantías Preferidas A y B (%),Dic-2023,4.18,2026-04-19
00321,BANCO DE SANTIAGO DEL ESTERO S.A.,publico,situacion_deudores,TOTAL DE FINANCIACIONES Y GARANTIAS OTORGADAS ($),Dic-2024,194092.0,2026-04-19
00321,BANCO DE SANTIAGO DEL ESTERO S.A.,publico,situacion_deudores,TF.Sit.1: En situación normal (%),Dic-2024,86.78,2026-04-19
00321,BANCO DE SANTIAGO DEL ESTERO S.A.,publico,situacion_deudores,TF.Sit.2: Con seguimiento especial/Riesgo bajo (%),Dic-2024,5.83,2026-04-19
00321,BANCO DE SANTIAGO DEL ESTERO S.A.,publico,situacion_deudores,TF.Sit.3: Con problemas/Riesgo medio (%),Dic-2024,3.6,2026-04-19
00321,BANCO DE SANTIAGO DEL ESTERO S.A.,publico,situacion_deudores,TF.Sit.4: Con alto riesgo de insolvencia/Riesgo alto (%),Dic-2024,2.34,2026-04-19
00321,BANCO DE SANTIAGO DEL ESTERO S.A.,publico,situacion_deudores,TF.Sit.5: Irrecuperable (%),Dic-2024,1.45,2026-04-19
00321,BANCO DE SANTIAGO DEL ESTERO S.A.,publico,situacion_deudores,TOTAL GARANTIZADO - Garantías Preferidas A y B (%),Dic-2024,0.21,2026-04-19
00321,BANCO DE SANTIAGO DEL ESTERO S.A.,publico,situacion_deudores,Previsiones por riesgo de incobrabilidad constituídas,Dic-2024,9107.24,2026-04-19
00321,BANCO DE SANTIAGO DEL ESTERO S.A.,publico,situacion_deudores,CARTERA COMERCIAL ($),Dic-2024,17199.0,2026-04-19
00321,BANCO DE SANTIAGO DEL ESTERO S.A.,publico,situacion_deudores,Total cartera sobre financiaciones (%),Dic-2024,8.86,2026-04-19
00321,BANCO DE SANTIAGO DEL ESTERO S.A.,publico,situacion_deudores,C.COM.Sit.1: En situación normal (%),Dic-2024,100.0,2026-04-19
00321,BANCO DE SANTIAGO DEL ESTERO S.A.,publico,situacion_deudores,C.COM.TOTAL GARANTIZADO - Garantías Preferidas A y B (%),Dic-2024,0.0,2026-04-19
00321,BANCO DE SANTIAGO DEL ESTERO S.A.,publico,situacion_deudores,CARTERA DE CONSUMO O VIVIENDA ($),Dic-2024,150647.56,2026-04-19
00321,BANCO DE SANTIAGO DEL ESTERO S.A.,publico,situacion_deudores,Total cartera sobre financiaciones (%),Dic-2024,77.62,2026-04-19
00321,BANCO DE SANTIAGO DEL ESTERO S.A.,publico,situacion_deudores,C.CON.Sit.1: En situación normal (%),Dic-2024,88.32,2026-04-19
00321,BANCO DE SANTIAGO DEL ESTERO S.A.,publico,situacion_deudores,C.CON.Sit.2: Riesgo bajo (%),Dic-2024,4.95,2026-04-19
00321,BANCO DE SANTIAGO DEL ESTERO S.A.,publico,situacion_deudores,C.CON.Sit.3: Riesgo medio (%),Dic-2024,2.78,2026-04-19
00321,BANCO DE SANTIAGO DEL ESTERO S.A.,publico,situacion_deudores,C.CON.Sit.4: Riesgo alto (%),Dic-2024,2.31,2026-04-19
00321,BANCO DE SANTIAGO DEL ESTERO S.A.,publico,situacion_deudores,C.CON.Sit.5: Irrecuperable (%),Dic-2024,1.63,2026-04-19
00321,BANCO DE SANTIAGO DEL ESTERO S.A.,publico,situacion_deudores,C.CON.TOTAL GARANTIZADO - Garantías Preferidas A y B (%),Dic-2024,0.0,2026-04-19
00321,BANCO DE SANTIAGO DEL ESTERO S.A.,publico,situacion_deudores,CARTERA COMERCIAL ASIMILABLE A CONSUMO ($),Dic-2024,26245.45,2026-04-19
00321,BANCO DE SANTIAGO DEL ESTERO S.A.,publico,situacion_deudores,Total cartera sobre financiaciones (%),Dic-2024,13.52,2026-04-19
00321,BANCO DE SANTIAGO DEL ESTERO S.A.,publico,situacion_deudores,C.CAC.Sit.1: En situación normal (%),Dic-2024,69.28,2026-04-19
00321,BANCO DE SANTIAGO DEL ESTERO S.A.,publico,situacion_deudores,C.CAC.Sit.2: Riesgo bajo (%),Dic-2024,14.72,2026-04-19
00321,BANCO DE SANTIAGO DEL ESTERO S.A.,publico,situacion_deudores,C.CAC.Sit.3: Riesgo medio (%),Dic-2024,10.63,2026-04-19
00321,BANCO DE SANTIAGO DEL ESTERO S.A.,publico,situacion_deudores,C.CAC.Sit.4: Riesgo alto (%),Dic-2024,4.01,2026-04-19
00321,BANCO DE SANTIAGO DEL ESTERO S.A.,publico,situacion_deudores,C.CAC.Sit.5: Irrecuperable (%),Dic-2024,1.36,2026-04-19
00321,BANCO DE SANTIAGO DEL ESTERO S.A.,publico,situacion_deudores,C.CAC.TOTAL GARANTIZADO - Garantías Preferidas A y B (%),Dic-2024,1.56,2026-04-19
00321,BANCO DE SANTIAGO DEL ESTERO S.A.,publico,situacion_deudores,TOTAL DE FINANCIACIONES Y GARANTIAS OTORGADAS ($),Nov-2025,451217.67,2026-04-19
00321,BANCO DE SANTIAGO DEL ESTERO S.A.,publico,situacion_deudores,TF.Sit.1: En situación normal (%),Nov-2025,88.27,2026-04-19
00321,BANCO DE SANTIAGO DEL ESTERO S.A.,publico,situacion_deudores,TF.Sit.2: Con seguimiento especial/Riesgo bajo (%),Nov-2025,3.44,2026-04-19
00321,BANCO DE SANTIAGO DEL ESTERO S.A.,publico,situacion_deudores,TF.Sit.3: Con problemas/Riesgo medio (%),Nov-2025,3.35,2026-04-19
00321,BANCO DE SANTIAGO DEL ESTERO S.A.,publico,situacion_deudores,TF.Sit.4: Con alto riesgo de insolvencia/Riesgo alto (%),Nov-2025,3.05,2026-04-19
00321,BANCO DE SANTIAGO DEL ESTERO S.A.,publico,situacion_deudores,TF.Sit.5: Irrecuperable (%),Nov-2025,1.88,2026-04-19
00321,BANCO DE SANTIAGO DEL ESTERO S.A.,publico,situacion_deudores,TOTAL GARANTIZADO - Garantías Preferidas A y B (%),Nov-2025,0.11,2026-04-19
00321,BANCO DE SANTIAGO DEL ESTERO S.A.,publico,situacion_deudores,Previsiones por riesgo de incobrabilidad constituídas,Nov-2025,23649.22,2026-04-19
00321,BANCO DE SANTIAGO DEL ESTERO S.A.,publico,situacion_deudores,CARTERA COMERCIAL ($),Nov-2025,121633.4,2026-04-19
00321,BANCO DE SANTIAGO DEL ESTERO S.A.,publico,situacion_deudores,Total cartera sobre financiaciones (%),Nov-2025,26.96,2026-04-19
00321,BANCO DE SANTIAGO DEL ESTERO S.A.,publico,situacion_deudores,C.COM.Sit.1: En situación normal (%),Nov-2025,100.0,2026-04-19
00321,BANCO DE SANTIAGO DEL ESTERO S.A.,publico,situacion_deudores,C.COM.TOTAL GARANTIZADO - Garantías Preferidas A y B (%),Nov-2025,0.0,2026-04-19
00321,BANCO DE SANTIAGO DEL ESTERO S.A.,publico,situacion_deudores,CARTERA DE CONSUMO O VIVIENDA ($),Nov-2025,182028.92,2026-04-19
00321,BANCO DE SANTIAGO DEL ESTERO S.A.,publico,situacion_deudores,Total cartera sobre financiaciones (%),Nov-2025,40.34,2026-04-19
00321,BANCO DE SANTIAGO DEL ESTERO S.A.,publico,situacion_deudores,C.CON.Sit.1: En situación normal (%),Nov-2025,85.13,2026-04-19
00321,BANCO DE SANTIAGO DEL ESTERO S.A.,publico,situacion_deudores,C.CON.Sit.2: Riesgo bajo (%),Nov-2025,3.13,2026-04-19
00321,BANCO DE SANTIAGO DEL ESTERO S.A.,publico,situacion_deudores,C.CON.Sit.3: Riesgo medio (%),Nov-2025,5.07,2026-04-19
00321,BANCO DE SANTIAGO DEL ESTERO S.A.,publico,situacion_deudores,C.CON.Sit.4: Riesgo alto (%),Nov-2025,4.22,2026-04-19
00321,BANCO DE SANTIAGO DEL ESTERO S.A.,publico,situacion_deudores,C.CON.Sit.5: Irrecuperable (%),Nov-2025,2.45,2026-04-19
00321,BANCO DE SANTIAGO DEL ESTERO S.A.,publico,situacion_deudores,C.CON.TOTAL GARANTIZADO - Garantías Preferidas A y B (%),Nov-2025,0.0,2026-04-19
00321,BANCO DE SANTIAGO DEL ESTERO S.A.,publico,situacion_deudores,CARTERA COMERCIAL ASIMILABLE A CONSUMO ($),Nov-2025,147555.35,2026-04-19
00321,BANCO DE SANTIAGO DEL ESTERO S.A.,publico,situacion_deudores,Total cartera sobre financiaciones (%),Nov-2025,32.7,2026-04-19
00321,BANCO DE SANTIAGO DEL ESTERO S.A.,publico,situacion_deudores,C.CAC.Sit.1: En situación normal (%),Nov-2025,82.49,2026-04-19
00321,BANCO DE SANTIAGO DEL ESTERO S.A.,publico,situacion_deudores,C.CAC.Sit.2: Riesgo bajo (%),Nov-2025,6.68,2026-04-19
00321,BANCO DE SANTIAGO DEL ESTERO S.A.,publico,situacion_deudores,C.CAC.Sit.3: Riesgo medio (%),Nov-2025,3.99,2026-04-19
00321,BANCO DE SANTIAGO DEL ESTERO S.A.,publico,situacion_deudores,C.CAC.Sit.4: Riesgo alto (%),Nov-2025,4.13,2026-04-19
00321,BANCO DE SANTIAGO DEL ESTERO S.A.,publico,situacion_deudores,C.CAC.Sit.5: Irrecuperable (%),Nov-2025,2.72,2026-04-19
00321,BANCO DE SANTIAGO DEL ESTERO S.A.,publico,situacion_deudores,C.CAC.TOTAL GARANTIZADO - Garantías Preferidas A y B (%),Nov-2025,0.32,2026-04-19
00321,BANCO DE SANTIAGO DEL ESTERO S.A.,publico,situacion_deudores,TOTAL DE FINANCIACIONES Y GARANTIAS OTORGADAS ($),Dic-2025,450995.3,2026-04-19
00321,BANCO DE SANTIAGO DEL ESTERO S.A.,publico,situacion_deudores,TF.Sit.1: En situación normal (%),Dic-2025,87.86,2026-04-19
00321,BANCO DE SANTIAGO DEL ESTERO S.A.,publico,situacion_deudores,TF.Sit.2: Con seguimiento especial/Riesgo bajo (%),Dic-2025,3.49,2026-04-19
00321,BANCO DE SANTIAGO DEL ESTERO S.A.,publico,situacion_deudores,TF.Sit.3: Con problemas/Riesgo medio (%),Dic-2025,3.11,2026-04-19
00321,BANCO DE SANTIAGO DEL ESTERO S.A.,publico,situacion_deudores,TF.Sit.4: Con alto riesgo de insolvencia/Riesgo alto (%),Dic-2025,3.3,2026-04-19
00321,BANCO DE SANTIAGO DEL ESTERO S.A.,publico,situacion_deudores,TF.Sit.5: Irrecuperable (%),Dic-2025,2.24,2026-04-19
00321,BANCO DE SANTIAGO DEL ESTERO S.A.,publico,situacion_deudores,TOTAL GARANTIZADO - Garantías Preferidas A y B (%),Dic-2025,0.28,2026-04-19
00321,BANCO DE SANTIAGO DEL ESTERO S.A.,publico,situacion_deudores,Previsiones por riesgo de incobrabilidad constituídas,Dic-2025,25458.6,2026-04-19
00321,BANCO DE SANTIAGO DEL ESTERO S.A.,publico,situacion_deudores,CARTERA COMERCIAL ($),Dic-2025,108621.33,2026-04-19
00321,BANCO DE SANTIAGO DEL ESTERO S.A.,publico,situacion_deudores,Total cartera sobre financiaciones (%),Dic-2025,24.08,2026-04-19
00321,BANCO DE SANTIAGO DEL ESTERO S.A.,publico,situacion_deudores,C.COM.Sit.1: En situación normal (%),Dic-2025,100.0,2026-04-19
00321,BANCO DE SANTIAGO DEL ESTERO S.A.,publico,situacion_deudores,C.COM.TOTAL GARANTIZADO - Garantías Preferidas A y B (%),Dic-2025,0.0,2026-04-19
00321,BANCO DE SANTIAGO DEL ESTERO S.A.,publico,situacion_deudores,CARTERA DE CONSUMO O VIVIENDA ($),Dic-2025,186932.99,2026-04-19
00321,BANCO DE SANTIAGO DEL ESTERO S.A.,publico,situacion_deudores,Total cartera sobre financiaciones (%),Dic-2025,41.45,2026-04-19
00321,BANCO DE SANTIAGO DEL ESTERO S.A.,publico,situacion_deudores,C.CON.Sit.1: En situación normal (%),Dic-2025,85.77,2026-04-19
00321,BANCO DE SANTIAGO DEL ESTERO S.A.,publico,situacion_deudores,C.CON.Sit.2: Riesgo bajo (%),Dic-2025,2.93,2026-04-19
00321,BANCO DE SANTIAGO DEL ESTERO S.A.,publico,situacion_deudores,C.CON.Sit.3: Riesgo medio (%),Dic-2025,4.1,2026-04-19
00321,BANCO DE SANTIAGO DEL ESTERO S.A.,publico,situacion_deudores,C.CON.Sit.4: Riesgo alto (%),Dic-2025,4.45,2026-04-19
00321,BANCO DE SANTIAGO DEL ESTERO S.A.,publico,situacion_deudores,C.CON.Sit.5: Irrecuperable (%),Dic-2025,2.75,2026-04-19
00321,BANCO DE SANTIAGO DEL ESTERO S.A.,publico,situacion_deudores,C.CON.TOTAL GARANTIZADO - Garantías Preferidas A y B (%),Dic-2025,0.0,2026-04-19
00321,BANCO DE SANTIAGO DEL ESTERO S.A.,publico,situacion_deudores,CARTERA COMERCIAL ASIMILABLE A CONSUMO ($),Dic-2025,155440.98,2026-04-19
00321,BANCO DE SANTIAGO DEL ESTERO S.A.,publico,situacion_deudores,Total cartera sobre financiaciones (%),Dic-2025,34.47,2026-04-19
00321,BANCO DE SANTIAGO DEL ESTERO S.A.,publico,situacion_deudores,C.CAC.Sit.1: En situación normal (%),Dic-2025,81.9,2026-04-19
00321,BANCO DE SANTIAGO DEL ESTERO S.A.,publico,situacion_deudores,C.CAC.Sit.2: Riesgo bajo (%),Dic-2025,6.59,2026-04-19
00321,BANCO DE SANTIAGO DEL ESTERO S.A.,publico,situacion_deudores,C.CAC.Sit.3: Riesgo medio (%),Dic-2025,4.08,2026-04-19
00321,BANCO DE SANTIAGO DEL ESTERO S.A.,publico,situacion_deudores,C.CAC.Sit.4: Riesgo alto (%),Dic-2025,4.23,2026-04-19
00321,BANCO DE SANTIAGO DEL ESTERO S.A.,publico,situacion_deudores,C.CAC.Sit.5: Irrecuperable (%),Dic-2025,3.2,2026-04-19
00321,BANCO DE SANTIAGO DEL ESTERO S.A.,publico,situacion_deudores,C.CAC.TOTAL GARANTIZADO - Garantías Preferidas A y B (%),Dic-2025,0.82,2026-04-19
00321,BANCO DE SANTIAGO DEL ESTERO S.A.,publico,situacion_deudores,TOTAL DE FINANCIACIONES Y GARANTIAS OTORGADAS ($),Ene-2026,533627.37,2026-04-19
00321,BANCO DE SANTIAGO DEL ESTERO S.A.,publico,situacion_deudores,TF.Sit.1: En situación normal (%),Ene-2026,89.49,2026-04-19
00321,BANCO DE SANTIAGO DEL ESTERO S.A.,publico,situacion_deudores,TF.Sit.2: Con seguimiento especial/Riesgo bajo (%),Ene-2026,2.37,2026-04-19
00321,BANCO DE SANTIAGO DEL ESTERO S.A.,publico,situacion_deudores,TF.Sit.3: Con problemas/Riesgo medio (%),Ene-2026,2.97,2026-04-19
00321,BANCO DE SANTIAGO DEL ESTERO S.A.,publico,situacion_deudores,TF.Sit.4: Con alto riesgo de insolvencia/Riesgo alto (%),Ene-2026,3.05,2026-04-19
00321,BANCO DE SANTIAGO DEL ESTERO S.A.,publico,situacion_deudores,TF.Sit.5: Irrecuperable (%),Ene-2026,2.12,2026-04-19
00321,BANCO DE SANTIAGO DEL ESTERO S.A.,publico,situacion_deudores,TOTAL GARANTIZADO - Garantías Preferidas A y B (%),Ene-2026,0.19,2026-04-19
00321,BANCO DE SANTIAGO DEL ESTERO S.A.,publico,situacion_deudores,Previsiones por riesgo de incobrabilidad constituídas,Ene-2026,27427.61,2026-04-19
00321,BANCO DE SANTIAGO DEL ESTERO S.A.,publico,situacion_deudores,CARTERA COMERCIAL ($),Ene-2026,183404.8,2026-04-19
00321,BANCO DE SANTIAGO DEL ESTERO S.A.,publico,situacion_deudores,Total cartera sobre financiaciones (%),Ene-2026,34.37,2026-04-19
00321,BANCO DE SANTIAGO DEL ESTERO S.A.,publico,situacion_deudores,C.COM.Sit.1: En situación normal (%),Ene-2026,100.0,2026-04-19
00321,BANCO DE SANTIAGO DEL ESTERO S.A.,publico,situacion_deudores,C.COM.TOTAL GARANTIZADO - Garantías Preferidas A y B (%),Ene-2026,0.0,2026-04-19
00321,BANCO DE SANTIAGO DEL ESTERO S.A.,publico,situacion_deudores,CARTERA DE CONSUMO O VIVIENDA ($),Ene-2026,187108.93,2026-04-19
00321,BANCO DE SANTIAGO DEL ESTERO S.A.,publico,situacion_deudores,Total cartera sobre financiaciones (%),Ene-2026,35.06,2026-04-19
00321,BANCO DE SANTIAGO DEL ESTERO S.A.,publico,situacion_deudores,C.CON.Sit.1: En situación normal (%),Ene-2026,85.88,2026-04-19
00321,BANCO DE SANTIAGO DEL ESTERO S.A.,publico,situacion_deudores,C.CON.Sit.2: Riesgo bajo (%),Ene-2026,2.56,2026-04-19
00321,BANCO DE SANTIAGO DEL ESTERO S.A.,publico,situacion_deudores,C.CON.Sit.3: Riesgo medio (%),Ene-2026,3.7,2026-04-19
00321,BANCO DE SANTIAGO DEL ESTERO S.A.,publico,situacion_deudores,C.CON.Sit.4: Riesgo alto (%),Ene-2026,4.79,2026-04-19
00321,BANCO DE SANTIAGO DEL ESTERO S.A.,publico,situacion_deudores,C.CON.Sit.5: Irrecuperable (%),Ene-2026,3.08,2026-04-19
00321,BANCO DE SANTIAGO DEL ESTERO S.A.,publico,situacion_deudores,C.CON.TOTAL GARANTIZADO - Garantías Preferidas A y B (%),Ene-2026,0.0,2026-04-19
00321,BANCO DE SANTIAGO DEL ESTERO S.A.,publico,situacion_deudores,CARTERA COMERCIAL ASIMILABLE A CONSUMO ($),Ene-2026,163113.64,2026-04-19
00321,BANCO DE SANTIAGO DEL ESTERO S.A.,publico,situacion_deudores,Total cartera sobre financiaciones (%),Ene-2026,30.57,2026-04-19
00321,BANCO DE SANTIAGO DEL ESTERO S.A.,publico,situacion_deudores,C.CAC.Sit.1: En situación normal (%),Ene-2026,81.82,2026-04-19
00321,BANCO DE SANTIAGO DEL ESTERO S.A.,publico,situacion_deudores,C.CAC.Sit.2: Riesgo bajo (%),Ene-2026,4.82,2026-04-19
00321,BANCO DE SANTIAGO DEL ESTERO S.A.,publico,situacion_deudores,C.CAC.Sit.3: Riesgo medio (%),Ene-2026,5.48,2026-04-19
00321,BANCO DE SANTIAGO DEL ESTERO S.A.,publico,situacion_deudores,C.CAC.Sit.4: Riesgo alto (%),Ene-2026,4.49,2026-04-19
00321,BANCO DE SANTIAGO DEL ESTERO S.A.,publico,situacion_deudores,C.CAC.Sit.5: Irrecuperable (%),Ene-2026,3.4,2026-04-19
00321,BANCO DE SANTIAGO DEL ESTERO S.A.,publico,situacion_deudores,C.CAC.TOTAL GARANTIZADO - Garantías Preferidas A y B (%),Ene-2026,0.63,2026-04-19
00332,BANCO DE SERVICIOS FINANCIEROS S.A.,privado_nacional,situacion_deudores,TOTAL DE FINANCIACIONES Y GARANTIAS OTORGADAS ($),Dic-2023,48205.58,2026-04-19
00332,BANCO DE SERVICIOS FINANCIEROS S.A.,privado_nacional,situacion_deudores,TF.Sit.1: En situación normal (%),Dic-2023,87.56,2026-04-19
00332,BANCO DE SERVICIOS FINANCIEROS S.A.,privado_nacional,situacion_deudores,TF.Sit.2: Con seguimiento especial/Riesgo bajo (%),Dic-2023,3.6,2026-04-19
00332,BANCO DE SERVICIOS FINANCIEROS S.A.,privado_nacional,situacion_deudores,TF.Sit.3: Con problemas/Riesgo medio (%),Dic-2023,2.59,2026-04-19
00332,BANCO DE SERVICIOS FINANCIEROS S.A.,privado_nacional,situacion_deudores,TF.Sit.4: Con alto riesgo de insolvencia/Riesgo alto (%),Dic-2023,4.22,2026-04-19
00332,BANCO DE SERVICIOS FINANCIEROS S.A.,privado_nacional,situacion_deudores,TF.Sit.5: Irrecuperable (%),Dic-2023,2.04,2026-04-19
00332,BANCO DE SERVICIOS FINANCIEROS S.A.,privado_nacional,situacion_deudores,Previsiones por riesgo de incobrabilidad constituídas,Dic-2023,3032.43,2026-04-19
00332,BANCO DE SERVICIOS FINANCIEROS S.A.,privado_nacional,situacion_deudores,CARTERA DE CONSUMO O VIVIENDA ($),Dic-2023,48200.22,2026-04-19
00332,BANCO DE SERVICIOS FINANCIEROS S.A.,privado_nacional,situacion_deudores,Total cartera sobre financiaciones (%),Dic-2023,99.99,2026-04-19
00332,BANCO DE SERVICIOS FINANCIEROS S.A.,privado_nacional,situacion_deudores,C.CON.Sit.1: En situación normal (%),Dic-2023,87.55,2026-04-19
00332,BANCO DE SERVICIOS FINANCIEROS S.A.,privado_nacional,situacion_deudores,C.CON.Sit.2: Riesgo bajo (%),Dic-2023,3.6,2026-04-19
00332,BANCO DE SERVICIOS FINANCIEROS S.A.,privado_nacional,situacion_deudores,C.CON.Sit.3: Riesgo medio (%),Dic-2023,2.59,2026-04-19
00332,BANCO DE SERVICIOS FINANCIEROS S.A.,privado_nacional,situacion_deudores,C.CON.Sit.4: Riesgo alto (%),Dic-2023,4.22,2026-04-19
00332,BANCO DE SERVICIOS FINANCIEROS S.A.,privado_nacional,situacion_deudores,C.CON.Sit.5: Irrecuperable (%),Dic-2023,2.04,2026-04-19
00332,BANCO DE SERVICIOS FINANCIEROS S.A.,privado_nacional,situacion_deudores,CARTERA COMERCIAL ASIMILABLE A CONSUMO ($),Dic-2023,5.36,2026-04-19
00332,BANCO DE SERVICIOS FINANCIEROS S.A.,privado_nacional,situacion_deudores,Total cartera sobre financiaciones (%),Dic-2023,0.01,2026-04-19
00332,BANCO DE SERVICIOS FINANCIEROS S.A.,privado_nacional,situacion_deudores,C.CAC.Sit.1: En situación normal (%),Dic-2023,100.0,2026-04-19
00332,BANCO DE SERVICIOS FINANCIEROS S.A.,privado_nacional,situacion_deudores,TOTAL DE FINANCIACIONES Y GARANTIAS OTORGADAS ($),Dic-2024,190702.95,2026-04-19
00332,BANCO DE SERVICIOS FINANCIEROS S.A.,privado_nacional,situacion_deudores,TF.Sit.1: En situación normal (%),Dic-2024,81.92,2026-04-19
00332,BANCO DE SERVICIOS FINANCIEROS S.A.,privado_nacional,situacion_deudores,TF.Sit.2: Con seguimiento especial/Riesgo bajo (%),Dic-2024,5.76,2026-04-19
00332,BANCO DE SERVICIOS FINANCIEROS S.A.,privado_nacional,situacion_deudores,TF.Sit.3: Con problemas/Riesgo medio (%),Dic-2024,4.04,2026-04-19
00332,BANCO DE SERVICIOS FINANCIEROS S.A.,privado_nacional,situacion_deudores,TF.Sit.4: Con alto riesgo de insolvencia/Riesgo alto (%),Dic-2024,6.6,2026-04-19
00332,BANCO DE SERVICIOS FINANCIEROS S.A.,privado_nacional,situacion_deudores,TF.Sit.5: Irrecuperable (%),Dic-2024,1.68,2026-04-19
00332,BANCO DE SERVICIOS FINANCIEROS S.A.,privado_nacional,situacion_deudores,Previsiones por riesgo de incobrabilidad constituídas,Dic-2024,14321.97,2026-04-19
00332,BANCO DE SERVICIOS FINANCIEROS S.A.,privado_nacional,situacion_deudores,CARTERA DE CONSUMO O VIVIENDA ($),Dic-2024,190702.95,2026-04-19
00332,BANCO DE SERVICIOS FINANCIEROS S.A.,privado_nacional,situacion_deudores,Total cartera sobre financiaciones (%),Dic-2024,100.0,2026-04-19
00332,BANCO DE SERVICIOS FINANCIEROS S.A.,privado_nacional,situacion_deudores,C.CON.Sit.1: En situación normal (%),Dic-2024,81.92,2026-04-19
00332,BANCO DE SERVICIOS FINANCIEROS S.A.,privado_nacional,situacion_deudores,C.CON.Sit.2: Riesgo bajo (%),Dic-2024,5.76,2026-04-19
00332,BANCO DE SERVICIOS FINANCIEROS S.A.,privado_nacional,situacion_deudores,C.CON.Sit.3: Riesgo medio (%),Dic-2024,4.04,2026-04-19
00332,BANCO DE SERVICIOS FINANCIEROS S.A.,privado_nacional,situacion_deudores,C.CON.Sit.4: Riesgo alto (%),Dic-2024,6.6,2026-04-19
00332,BANCO DE SERVICIOS FINANCIEROS S.A.,privado_nacional,situacion_deudores,C.CON.Sit.5: Irrecuperable (%),Dic-2024,1.68,2026-04-19
00332,BANCO DE SERVICIOS FINANCIEROS S.A.,privado_nacional,situacion_deudores,CARTERA COMERCIAL ASIMILABLE A CONSUMO ($),Dic-2024,0.0,2026-04-19
00332,BANCO DE SERVICIOS FINANCIEROS S.A.,privado_nacional,situacion_deudores,Total cartera sobre financiaciones (%),Dic-2024,0.0,2026-04-19
00332,BANCO DE SERVICIOS FINANCIEROS S.A.,privado_nacional,situacion_deudores,C.CAC.Sit.1: En situación normal (%),Dic-2024,0.0,2026-04-19
00332,BANCO DE SERVICIOS FINANCIEROS S.A.,privado_nacional,situacion_deudores,TOTAL DE FINANCIACIONES Y GARANTIAS OTORGADAS ($),Nov-2025,386709.9,2026-04-19
00332,BANCO DE SERVICIOS FINANCIEROS S.A.,privado_nacional,situacion_deudores,TF.Sit.1: En situación normal (%),Nov-2025,50.57,2026-04-19
00332,BANCO DE SERVICIOS FINANCIEROS S.A.,privado_nacional,situacion_deudores,TF.Sit.2: Con seguimiento especial/Riesgo bajo (%),Nov-2025,12.4,2026-04-19
00332,BANCO DE SERVICIOS FINANCIEROS S.A.,privado_nacional,situacion_deudores,TF.Sit.3: Con problemas/Riesgo medio (%),Nov-2025,13.62,2026-04-19
00332,BANCO DE SERVICIOS FINANCIEROS S.A.,privado_nacional,situacion_deudores,TF.Sit.4: Con alto riesgo de insolvencia/Riesgo alto (%),Nov-2025,18.91,2026-04-19
00332,BANCO DE SERVICIOS FINANCIEROS S.A.,privado_nacional,situacion_deudores,TF.Sit.5: Irrecuperable (%),Nov-2025,4.51,2026-04-19
00332,BANCO DE SERVICIOS FINANCIEROS S.A.,privado_nacional,situacion_deudores,Previsiones por riesgo de incobrabilidad constituídas,Nov-2025,45455.46,2026-04-19
00332,BANCO DE SERVICIOS FINANCIEROS S.A.,privado_nacional,situacion_deudores,CARTERA DE CONSUMO O VIVIENDA ($),Nov-2025,386709.9,2026-04-19
00332,BANCO DE SERVICIOS FINANCIEROS S.A.,privado_nacional,situacion_deudores,Total cartera sobre financiaciones (%),Nov-2025,100.0,2026-04-19
00332,BANCO DE SERVICIOS FINANCIEROS S.A.,privado_nacional,situacion_deudores,C.CON.Sit.1: En situación normal (%),Nov-2025,50.57,2026-04-19
00332,BANCO DE SERVICIOS FINANCIEROS S.A.,privado_nacional,situacion_deudores,C.CON.Sit.2: Riesgo bajo (%),Nov-2025,12.4,2026-04-19
00332,BANCO DE SERVICIOS FINANCIEROS S.A.,privado_nacional,situacion_deudores,C.CON.Sit.3: Riesgo medio (%),Nov-2025,13.62,2026-04-19
00332,BANCO DE SERVICIOS FINANCIEROS S.A.,privado_nacional,situacion_deudores,C.CON.Sit.4: Riesgo alto (%),Nov-2025,18.91,2026-04-19
00332,BANCO DE SERVICIOS FINANCIEROS S.A.,privado_nacional,situacion_deudores,C.CON.Sit.5: Irrecuperable (%),Nov-2025,4.51,2026-04-19
00332,BANCO DE SERVICIOS FINANCIEROS S.A.,privado_nacional,situacion_deudores,CARTERA COMERCIAL ASIMILABLE A CONSUMO ($),Nov-2025,0.0,2026-04-19
00332,BANCO DE SERVICIOS FINANCIEROS S.A.,privado_nacional,situacion_deudores,Total cartera sobre financiaciones (%),Nov-2025,0.0,2026-04-19
00332,BANCO DE SERVICIOS FINANCIEROS S.A.,privado_nacional,situacion_deudores,C.CAC.Sit.1: En situación normal (%),Nov-2025,0.0,2026-04-19
00332,BANCO DE SERVICIOS FINANCIEROS S.A.,privado_nacional,situacion_deudores,TOTAL DE FINANCIACIONES Y GARANTIAS OTORGADAS ($),Dic-2025,396651.07,2026-04-19
00332,BANCO DE SERVICIOS FINANCIEROS S.A.,privado_nacional,situacion_deudores,TF.Sit.1: En situación normal (%),Dic-2025,47.58,2026-04-19
00332,BANCO DE SERVICIOS FINANCIEROS S.A.,privado_nacional,situacion_deudores,TF.Sit.2: Con seguimiento especial/Riesgo bajo (%),Dic-2025,12.12,2026-04-19
00332,BANCO DE SERVICIOS FINANCIEROS S.A.,privado_nacional,situacion_deudores,TF.Sit.3: Con problemas/Riesgo medio (%),Dic-2025,13.87,2026-04-19
00332,BANCO DE SERVICIOS FINANCIEROS S.A.,privado_nacional,situacion_deudores,TF.Sit.4: Con alto riesgo de insolvencia/Riesgo alto (%),Dic-2025,21.36,2026-04-19
00332,BANCO DE SERVICIOS FINANCIEROS S.A.,privado_nacional,situacion_deudores,TF.Sit.5: Irrecuperable (%),Dic-2025,5.06,2026-04-19
00332,BANCO DE SERVICIOS FINANCIEROS S.A.,privado_nacional,situacion_deudores,Previsiones por riesgo de incobrabilidad constituídas,Dic-2025,51087.06,2026-04-19
00332,BANCO DE SERVICIOS FINANCIEROS S.A.,privado_nacional,situacion_deudores,CARTERA DE CONSUMO O VIVIENDA ($),Dic-2025,396651.07,2026-04-19
00332,BANCO DE SERVICIOS FINANCIEROS S.A.,privado_nacional,situacion_deudores,Total cartera sobre financiaciones (%),Dic-2025,100.0,2026-04-19
00332,BANCO DE SERVICIOS FINANCIEROS S.A.,privado_nacional,situacion_deudores,C.CON.Sit.1: En situación normal (%),Dic-2025,47.58,2026-04-19
00332,BANCO DE SERVICIOS FINANCIEROS S.A.,privado_nacional,situacion_deudores,C.CON.Sit.2: Riesgo bajo (%),Dic-2025,12.12,2026-04-19
00332,BANCO DE SERVICIOS FINANCIEROS S.A.,privado_nacional,situacion_deudores,C.CON.Sit.3: Riesgo medio (%),Dic-2025,13.87,2026-04-19
00332,BANCO DE SERVICIOS FINANCIEROS S.A.,privado_nacional,situacion_deudores,C.CON.Sit.4: Riesgo alto (%),Dic-2025,21.36,2026-04-19
00332,BANCO DE SERVICIOS FINANCIEROS S.A.,privado_nacional,situacion_deudores,C.CON.Sit.5: Irrecuperable (%),Dic-2025,5.06,2026-04-19
00332,BANCO DE SERVICIOS FINANCIEROS S.A.,privado_nacional,situacion_deudores,CARTERA COMERCIAL ASIMILABLE A CONSUMO ($),Dic-2025,0.0,2026-04-19
00332,BANCO DE SERVICIOS FINANCIEROS S.A.,privado_nacional,situacion_deudores,Total cartera sobre financiaciones (%),Dic-2025,0.0,2026-04-19
00332,BANCO DE SERVICIOS FINANCIEROS S.A.,privado_nacional,situacion_deudores,C.CAC.Sit.1: En situación normal (%),Dic-2025,0.0,2026-04-19
00332,BANCO DE SERVICIOS FINANCIEROS S.A.,privado_nacional,situacion_deudores,TOTAL DE FINANCIACIONES Y GARANTIAS OTORGADAS ($),Ene-2026,409949.74,2026-04-19
00332,BANCO DE SERVICIOS FINANCIEROS S.A.,privado_nacional,situacion_deudores,TF.Sit.1: En situación normal (%),Ene-2026,45.51,2026-04-19
00332,BANCO DE SERVICIOS FINANCIEROS S.A.,privado_nacional,situacion_deudores,TF.Sit.2: Con seguimiento especial/Riesgo bajo (%),Ene-2026,9.11,2026-04-19
00332,BANCO DE SERVICIOS FINANCIEROS S.A.,privado_nacional,situacion_deudores,TF.Sit.3: Con problemas/Riesgo medio (%),Ene-2026,15.99,2026-04-19
00332,BANCO DE SERVICIOS FINANCIEROS S.A.,privado_nacional,situacion_deudores,TF.Sit.4: Con alto riesgo de insolvencia/Riesgo alto (%),Ene-2026,22.72,2026-04-19
00332,BANCO DE SERVICIOS FINANCIEROS S.A.,privado_nacional,situacion_deudores,TF.Sit.5: Irrecuperable (%),Ene-2026,6.68,2026-04-19
00332,BANCO DE SERVICIOS FINANCIEROS S.A.,privado_nacional,situacion_deudores,Previsiones por riesgo de incobrabilidad constituídas,Ene-2026,61098.79,2026-04-19
00332,BANCO DE SERVICIOS FINANCIEROS S.A.,privado_nacional,situacion_deudores,CARTERA DE CONSUMO O VIVIENDA ($),Ene-2026,409949.74,2026-04-19
00332,BANCO DE SERVICIOS FINANCIEROS S.A.,privado_nacional,situacion_deudores,Total cartera sobre financiaciones (%),Ene-2026,100.0,2026-04-19
00332,BANCO DE SERVICIOS FINANCIEROS S.A.,privado_nacional,situacion_deudores,C.CON.Sit.1: En situación normal (%),Ene-2026,45.51,2026-04-19
00332,BANCO DE SERVICIOS FINANCIEROS S.A.,privado_nacional,situacion_deudores,C.CON.Sit.2: Riesgo bajo (%),Ene-2026,9.11,2026-04-19
00332,BANCO DE SERVICIOS FINANCIEROS S.A.,privado_nacional,situacion_deudores,C.CON.Sit.3: Riesgo medio (%),Ene-2026,15.99,2026-04-19
00332,BANCO DE SERVICIOS FINANCIEROS S.A.,privado_nacional,situacion_deudores,C.CON.Sit.4: Riesgo alto (%),Ene-2026,22.72,2026-04-19
00332,BANCO DE SERVICIOS FINANCIEROS S.A.,privado_nacional,situacion_deudores,C.CON.Sit.5: Irrecuperable (%),Ene-2026,6.68,2026-04-19
00332,BANCO DE SERVICIOS FINANCIEROS S.A.,privado_nacional,situacion_deudores,CARTERA COMERCIAL ASIMILABLE A CONSUMO ($),Ene-2026,0.0,2026-04-19
00332,BANCO DE SERVICIOS FINANCIEROS S.A.,privado_nacional,situacion_deudores,Total cartera sobre financiaciones (%),Ene-2026,0.0,2026-04-19
00332,BANCO DE SERVICIOS FINANCIEROS S.A.,privado_nacional,situacion_deudores,C.CAC.Sit.1: En situación normal (%),Ene-2026,0.0,2026-04-19
00338,BANCO DE SERVICIOS Y TRANSACCIONES,privado_nacional,situacion_deudores,TOTAL DE FINANCIACIONES Y GARANTIAS OTORGADAS ($),Dic-2023,49993.43,2026-04-19
00338,BANCO DE SERVICIOS Y TRANSACCIONES,privado_nacional,situacion_deudores,TF.Sit.1: En situación normal (%),Dic-2023,99.83,2026-04-19
00338,BANCO DE SERVICIOS Y TRANSACCIONES,privado_nacional,situacion_deudores,TF.Sit.2: Con seguimiento especial/Riesgo bajo (%),Dic-2023,0.0,2026-04-19
00338,BANCO DE SERVICIOS Y TRANSACCIONES,privado_nacional,situacion_deudores,TF.Sit.3: Con problemas/Riesgo medio (%),Dic-2023,0.01,2026-04-19
00338,BANCO DE SERVICIOS Y TRANSACCIONES,privado_nacional,situacion_deudores,TF.Sit.4: Con alto riesgo de insolvencia/Riesgo alto (%),Dic-2023,0.15,2026-04-19
00338,BANCO DE SERVICIOS Y TRANSACCIONES,privado_nacional,situacion_deudores,TF.Sit.5: Irrecuperable (%),Dic-2023,0.0,2026-04-19
00338,BANCO DE SERVICIOS Y TRANSACCIONES,privado_nacional,situacion_deudores,TOTAL GARANTIZADO - Garantías Preferidas A y B (%),Dic-2023,21.34,2026-04-19
00338,BANCO DE SERVICIOS Y TRANSACCIONES,privado_nacional,situacion_deudores,Previsiones por riesgo de incobrabilidad constituídas,Dic-2023,2553.88,2026-04-19
00338,BANCO DE SERVICIOS Y TRANSACCIONES,privado_nacional,situacion_deudores,CARTERA COMERCIAL ($),Dic-2023,37935.94,2026-04-19
00338,BANCO DE SERVICIOS Y TRANSACCIONES,privado_nacional,situacion_deudores,Total cartera sobre financiaciones (%),Dic-2023,75.88,2026-04-19
00338,BANCO DE SERVICIOS Y TRANSACCIONES,privado_nacional,situacion_deudores,C.COM.Sit.1: En situación normal (%),Dic-2023,100.0,2026-04-19
00338,BANCO DE SERVICIOS Y TRANSACCIONES,privado_nacional,situacion_deudores,C.COM.Sit.2: Con seguimiento especial (%),Dic-2023,0.0,2026-04-19
00338,BANCO DE SERVICIOS Y TRANSACCIONES,privado_nacional,situacion_deudores,C.COM.Sit.3: Con problemas (%),Dic-2023,0.0,2026-04-19
00338,BANCO DE SERVICIOS Y TRANSACCIONES,privado_nacional,situacion_deudores,C.COM.Sit.4: Con alto riesgo de insolvencia (%),Dic-2023,0.0,2026-04-19
00338,BANCO DE SERVICIOS Y TRANSACCIONES,privado_nacional,situacion_deudores,C.COM.TOTAL GARANTIZADO - Garantías Preferidas A y B (%),Dic-2023,19.62,2026-04-19
00338,BANCO DE SERVICIOS Y TRANSACCIONES,privado_nacional,situacion_deudores,CARTERA DE CONSUMO O VIVIENDA ($),Dic-2023,224.61,2026-04-19
00338,BANCO DE SERVICIOS Y TRANSACCIONES,privado_nacional,situacion_deudores,Total cartera sobre financiaciones (%),Dic-2023,0.45,2026-04-19
00338,BANCO DE SERVICIOS Y TRANSACCIONES,privado_nacional,situacion_deudores,C.CON.Sit.1: En situación normal (%),Dic-2023,99.39,2026-04-19
00338,BANCO DE SERVICIOS Y TRANSACCIONES,privado_nacional,situacion_deudores,C.CON.Sit.2: Riesgo bajo (%),Dic-2023,0.17,2026-04-19
00338,BANCO DE SERVICIOS Y TRANSACCIONES,privado_nacional,situacion_deudores,C.CON.Sit.3: Riesgo medio (%),Dic-2023,0.28,2026-04-19
00338,BANCO DE SERVICIOS Y TRANSACCIONES,privado_nacional,situacion_deudores,C.CON.Sit.4: Riesgo alto (%),Dic-2023,0.16,2026-04-19
00338,BANCO DE SERVICIOS Y TRANSACCIONES,privado_nacional,situacion_deudores,C.CON.TOTAL GARANTIZADO - Garantías Preferidas A y B (%),Dic-2023,14.67,2026-04-19
00338,BANCO DE SERVICIOS Y TRANSACCIONES,privado_nacional,situacion_deudores,CARTERA COMERCIAL ASIMILABLE A CONSUMO ($),Dic-2023,11832.87,2026-04-19
00338,BANCO DE SERVICIOS Y TRANSACCIONES,privado_nacional,situacion_deudores,Total cartera sobre financiaciones (%),Dic-2023,23.67,2026-04-19
00338,BANCO DE SERVICIOS Y TRANSACCIONES,privado_nacional,situacion_deudores,C.CAC.Sit.1: En situación normal (%),Dic-2023,99.3,2026-04-19
00338,BANCO DE SERVICIOS Y TRANSACCIONES,privado_nacional,situacion_deudores,C.CAC.Sit.2: Riesgo bajo (%),Dic-2023,0.0,2026-04-19
00338,BANCO DE SERVICIOS Y TRANSACCIONES,privado_nacional,situacion_deudores,C.CAC.Sit.3: Riesgo medio (%),Dic-2023,0.05,2026-04-19
00338,BANCO DE SERVICIOS Y TRANSACCIONES,privado_nacional,situacion_deudores,C.CAC.Sit.4: Riesgo alto (%),Dic-2023,0.64,2026-04-19
00338,BANCO DE SERVICIOS Y TRANSACCIONES,privado_nacional,situacion_deudores,C.CAC.Sit.5: Irrecuperable (%),Dic-2023,0.0,2026-04-19
00338,BANCO DE SERVICIOS Y TRANSACCIONES,privado_nacional,situacion_deudores,C.CAC.TOTAL GARANTIZADO - Garantías Preferidas A y B (%),Dic-2023,26.99,2026-04-19
00338,BANCO DE SERVICIOS Y TRANSACCIONES,privado_nacional,situacion_deudores,TOTAL DE FINANCIACIONES Y GARANTIAS OTORGADAS ($),Dic-2024,168819.65,2026-04-19
00338,BANCO DE SERVICIOS Y TRANSACCIONES,privado_nacional,situacion_deudores,TF.Sit.1: En situación normal (%),Dic-2024,99.93,2026-04-19
00338,BANCO DE SERVICIOS Y TRANSACCIONES,privado_nacional,situacion_deudores,TF.Sit.2: Con seguimiento especial/Riesgo bajo (%),Dic-2024,0.0,2026-04-19
00338,BANCO DE SERVICIOS Y TRANSACCIONES,privado_nacional,situacion_deudores,TF.Sit.3: Con problemas/Riesgo medio (%),Dic-2024,0.0,2026-04-19
00338,BANCO DE SERVICIOS Y TRANSACCIONES,privado_nacional,situacion_deudores,TF.Sit.4: Con alto riesgo de insolvencia/Riesgo alto (%),Dic-2024,0.06,2026-04-19
00338,BANCO DE SERVICIOS Y TRANSACCIONES,privado_nacional,situacion_deudores,TF.Sit.5: Irrecuperable (%),Dic-2024,0.0,2026-04-19
00338,BANCO DE SERVICIOS Y TRANSACCIONES,privado_nacional,situacion_deudores,TOTAL GARANTIZADO - Garantías Preferidas A y B (%),Dic-2024,12.0,2026-04-19
00338,BANCO DE SERVICIOS Y TRANSACCIONES,privado_nacional,situacion_deudores,Previsiones por riesgo de incobrabilidad constituídas,Dic-2024,3356.36,2026-04-19
00338,BANCO DE SERVICIOS Y TRANSACCIONES,privado_nacional,situacion_deudores,CARTERA COMERCIAL ($),Dic-2024,135506.85,2026-04-19
00338,BANCO DE SERVICIOS Y TRANSACCIONES,privado_nacional,situacion_deudores,Total cartera sobre financiaciones (%),Dic-2024,80.27,2026-04-19
00338,BANCO DE SERVICIOS Y TRANSACCIONES,privado_nacional,situacion_deudores,C.COM.Sit.1: En situación normal (%),Dic-2024,100.0,2026-04-19
00338,BANCO DE SERVICIOS Y TRANSACCIONES,privado_nacional,situacion_deudores,C.COM.Sit.2: Con seguimiento especial (%),Dic-2024,0.0,2026-04-19
00338,BANCO DE SERVICIOS Y TRANSACCIONES,privado_nacional,situacion_deudores,C.COM.Sit.3: Con problemas (%),Dic-2024,0.0,2026-04-19
00338,BANCO DE SERVICIOS Y TRANSACCIONES,privado_nacional,situacion_deudores,C.COM.Sit.4: Con alto riesgo de insolvencia (%),Dic-2024,0.0,2026-04-19
00338,BANCO DE SERVICIOS Y TRANSACCIONES,privado_nacional,situacion_deudores,C.COM.TOTAL GARANTIZADO - Garantías Preferidas A y B (%),Dic-2024,13.65,2026-04-19
00338,BANCO DE SERVICIOS Y TRANSACCIONES,privado_nacional,situacion_deudores,CARTERA DE CONSUMO O VIVIENDA ($),Dic-2024,970.67,2026-04-19
00338,BANCO DE SERVICIOS Y TRANSACCIONES,privado_nacional,situacion_deudores,Total cartera sobre financiaciones (%),Dic-2024,0.57,2026-04-19
00338,BANCO DE SERVICIOS Y TRANSACCIONES,privado_nacional,situacion_deudores,C.CON.Sit.1: En situación normal (%),Dic-2024,99.75,2026-04-19
00338,BANCO DE SERVICIOS Y TRANSACCIONES,privado_nacional,situacion_deudores,C.CON.Sit.2: Riesgo bajo (%),Dic-2024,0.19,2026-04-19
00338,BANCO DE SERVICIOS Y TRANSACCIONES,privado_nacional,situacion_deudores,C.CON.Sit.3: Riesgo medio (%),Dic-2024,0.04,2026-04-19
00338,BANCO DE SERVICIOS Y TRANSACCIONES,privado_nacional,situacion_deudores,C.CON.Sit.4: Riesgo alto (%),Dic-2024,0.01,2026-04-19
00338,BANCO DE SERVICIOS Y TRANSACCIONES,privado_nacional,situacion_deudores,C.CON.TOTAL GARANTIZADO - Garantías Preferidas A y B (%),Dic-2024,0.11,2026-04-19
00338,BANCO DE SERVICIOS Y TRANSACCIONES,privado_nacional,situacion_deudores,CARTERA COMERCIAL ASIMILABLE A CONSUMO ($),Dic-2024,32342.13,2026-04-19
00338,BANCO DE SERVICIOS Y TRANSACCIONES,privado_nacional,situacion_deudores,Total cartera sobre financiaciones (%),Dic-2024,19.16,2026-04-19
00338,BANCO DE SERVICIOS Y TRANSACCIONES,privado_nacional,situacion_deudores,C.CAC.Sit.1: En situación normal (%),Dic-2024,99.66,2026-04-19
00338,BANCO DE SERVICIOS Y TRANSACCIONES,privado_nacional,situacion_deudores,C.CAC.Sit.2: Riesgo bajo (%),Dic-2024,0.0,2026-04-19
00338,BANCO DE SERVICIOS Y TRANSACCIONES,privado_nacional,situacion_deudores,C.CAC.Sit.3: Riesgo medio (%),Dic-2024,0.0,2026-04-19
00338,BANCO DE SERVICIOS Y TRANSACCIONES,privado_nacional,situacion_deudores,C.CAC.Sit.4: Riesgo alto (%),Dic-2024,0.34,2026-04-19
00338,BANCO DE SERVICIOS Y TRANSACCIONES,privado_nacional,situacion_deudores,C.CAC.Sit.5: Irrecuperable (%),Dic-2024,0.0,2026-04-19
00338,BANCO DE SERVICIOS Y TRANSACCIONES,privado_nacional,situacion_deudores,C.CAC.TOTAL GARANTIZADO - Garantías Preferidas A y B (%),Dic-2024,5.43,2026-04-19
00338,BANCO DE SERVICIOS Y TRANSACCIONES,privado_nacional,situacion_deudores,TOTAL DE FINANCIACIONES Y GARANTIAS OTORGADAS ($),Nov-2025,334290.19,2026-04-19
00338,BANCO DE SERVICIOS Y TRANSACCIONES,privado_nacional,situacion_deudores,TF.Sit.1: En situación normal (%),Nov-2025,98.4,2026-04-19
00338,BANCO DE SERVICIOS Y TRANSACCIONES,privado_nacional,situacion_deudores,TF.Sit.2: Con seguimiento especial/Riesgo bajo (%),Nov-2025,0.5,2026-04-19
00338,BANCO DE SERVICIOS Y TRANSACCIONES,privado_nacional,situacion_deudores,TF.Sit.3: Con problemas/Riesgo medio (%),Nov-2025,0.04,2026-04-19
00338,BANCO DE SERVICIOS Y TRANSACCIONES,privado_nacional,situacion_deudores,TF.Sit.4: Con alto riesgo de insolvencia/Riesgo alto (%),Nov-2025,1.03,2026-04-19
00338,BANCO DE SERVICIOS Y TRANSACCIONES,privado_nacional,situacion_deudores,TF.Sit.5: Irrecuperable (%),Nov-2025,0.03,2026-04-19
00338,BANCO DE SERVICIOS Y TRANSACCIONES,privado_nacional,situacion_deudores,TOTAL GARANTIZADO - Garantías Preferidas A y B (%),Nov-2025,6.04,2026-04-19
00338,BANCO DE SERVICIOS Y TRANSACCIONES,privado_nacional,situacion_deudores,Previsiones por riesgo de incobrabilidad constituídas,Nov-2025,10484.77,2026-04-19
00338,BANCO DE SERVICIOS Y TRANSACCIONES,privado_nacional,situacion_deudores,CARTERA COMERCIAL ($),Nov-2025,254969.77,2026-04-19
00338,BANCO DE SERVICIOS Y TRANSACCIONES,privado_nacional,situacion_deudores,Total cartera sobre financiaciones (%),Nov-2025,76.27,2026-04-19
00338,BANCO DE SERVICIOS Y TRANSACCIONES,privado_nacional,situacion_deudores,C.COM.Sit.1: En situación normal (%),Nov-2025,98.66,2026-04-19
00338,BANCO DE SERVICIOS Y TRANSACCIONES,privado_nacional,situacion_deudores,C.COM.Sit.2: Con seguimiento especial (%),Nov-2025,0.0,2026-04-19
00338,BANCO DE SERVICIOS Y TRANSACCIONES,privado_nacional,situacion_deudores,C.COM.Sit.3: Con problemas (%),Nov-2025,0.0,2026-04-19
00338,BANCO DE SERVICIOS Y TRANSACCIONES,privado_nacional,situacion_deudores,C.COM.Sit.4: Con alto riesgo de insolvencia (%),Nov-2025,1.34,2026-04-19
00338,BANCO DE SERVICIOS Y TRANSACCIONES,privado_nacional,situacion_deudores,C.COM.TOTAL GARANTIZADO - Garantías Preferidas A y B (%),Nov-2025,5.15,2026-04-19
00338,BANCO DE SERVICIOS Y TRANSACCIONES,privado_nacional,situacion_deudores,CARTERA DE CONSUMO O VIVIENDA ($),Nov-2025,5749.79,2026-04-19
00338,BANCO DE SERVICIOS Y TRANSACCIONES,privado_nacional,situacion_deudores,Total cartera sobre financiaciones (%),Nov-2025,1.72,2026-04-19
00338,BANCO DE SERVICIOS Y TRANSACCIONES,privado_nacional,situacion_deudores,C.CON.Sit.1: En situación normal (%),Nov-2025,94.54,2026-04-19
00338,BANCO DE SERVICIOS Y TRANSACCIONES,privado_nacional,situacion_deudores,C.CON.Sit.2: Riesgo bajo (%),Nov-2025,2.67,2026-04-19
00338,BANCO DE SERVICIOS Y TRANSACCIONES,privado_nacional,situacion_deudores,C.CON.Sit.3: Riesgo medio (%),Nov-2025,2.49,2026-04-19
00338,BANCO DE SERVICIOS Y TRANSACCIONES,privado_nacional,situacion_deudores,C.CON.Sit.4: Riesgo alto (%),Nov-2025,0.29,2026-04-19
00338,BANCO DE SERVICIOS Y TRANSACCIONES,privado_nacional,situacion_deudores,C.CON.TOTAL GARANTIZADO - Garantías Preferidas A y B (%),Nov-2025,0.01,2026-04-19
00338,BANCO DE SERVICIOS Y TRANSACCIONES,privado_nacional,situacion_deudores,CARTERA COMERCIAL ASIMILABLE A CONSUMO ($),Nov-2025,73570.63,2026-04-19
00338,BANCO DE SERVICIOS Y TRANSACCIONES,privado_nacional,situacion_deudores,Total cartera sobre financiaciones (%),Nov-2025,22.01,2026-04-19
00338,BANCO DE SERVICIOS Y TRANSACCIONES,privado_nacional,situacion_deudores,C.CAC.Sit.1: En situación normal (%),Nov-2025,97.8,2026-04-19
00338,BANCO DE SERVICIOS Y TRANSACCIONES,privado_nacional,situacion_deudores,C.CAC.Sit.2: Riesgo bajo (%),Nov-2025,2.07,2026-04-19
00338,BANCO DE SERVICIOS Y TRANSACCIONES,privado_nacional,situacion_deudores,C.CAC.Sit.3: Riesgo medio (%),Nov-2025,0.0,2026-04-19
00338,BANCO DE SERVICIOS Y TRANSACCIONES,privado_nacional,situacion_deudores,C.CAC.Sit.4: Riesgo alto (%),Nov-2025,0.0,2026-04-19
00338,BANCO DE SERVICIOS Y TRANSACCIONES,privado_nacional,situacion_deudores,C.CAC.Sit.5: Irrecuperable (%),Nov-2025,0.12,2026-04-19
00338,BANCO DE SERVICIOS Y TRANSACCIONES,privado_nacional,situacion_deudores,C.CAC.TOTAL GARANTIZADO - Garantías Preferidas A y B (%),Nov-2025,9.6,2026-04-19
00338,BANCO DE SERVICIOS Y TRANSACCIONES,privado_nacional,situacion_deudores,TOTAL DE FINANCIACIONES Y GARANTIAS OTORGADAS ($),Dic-2025,362740.42,2026-04-19
00338,BANCO DE SERVICIOS Y TRANSACCIONES,privado_nacional,situacion_deudores,TF.Sit.1: En situación normal (%),Dic-2025,98.45,2026-04-19
00338,BANCO DE SERVICIOS Y TRANSACCIONES,privado_nacional,situacion_deudores,TF.Sit.2: Con seguimiento especial/Riesgo bajo (%),Dic-2025,0.09,2026-04-19
00338,BANCO DE SERVICIOS Y TRANSACCIONES,privado_nacional,situacion_deudores,TF.Sit.3: Con problemas/Riesgo medio (%),Dic-2025,0.22,2026-04-19
00338,BANCO DE SERVICIOS Y TRANSACCIONES,privado_nacional,situacion_deudores,TF.Sit.4: Con alto riesgo de insolvencia/Riesgo alto (%),Dic-2025,1.21,2026-04-19
00338,BANCO DE SERVICIOS Y TRANSACCIONES,privado_nacional,situacion_deudores,TF.Sit.5: Irrecuperable (%),Dic-2025,0.02,2026-04-19
00338,BANCO DE SERVICIOS Y TRANSACCIONES,privado_nacional,situacion_deudores,TOTAL GARANTIZADO - Garantías Preferidas A y B (%),Dic-2025,5.5,2026-04-19
00338,BANCO DE SERVICIOS Y TRANSACCIONES,privado_nacional,situacion_deudores,Previsiones por riesgo de incobrabilidad constituídas,Dic-2025,11684.33,2026-04-19
00338,BANCO DE SERVICIOS Y TRANSACCIONES,privado_nacional,situacion_deudores,CARTERA COMERCIAL ($),Dic-2025,285856.42,2026-04-19
00338,BANCO DE SERVICIOS Y TRANSACCIONES,privado_nacional,situacion_deudores,Total cartera sobre financiaciones (%),Dic-2025,78.8,2026-04-19
00338,BANCO DE SERVICIOS Y TRANSACCIONES,privado_nacional,situacion_deudores,C.COM.Sit.1: En situación normal (%),Dic-2025,98.83,2026-04-19
00338,BANCO DE SERVICIOS Y TRANSACCIONES,privado_nacional,situacion_deudores,C.COM.Sit.2: Con seguimiento especial (%),Dic-2025,0.0,2026-04-19
00338,BANCO DE SERVICIOS Y TRANSACCIONES,privado_nacional,situacion_deudores,C.COM.Sit.3: Con problemas (%),Dic-2025,0.0,2026-04-19
00338,BANCO DE SERVICIOS Y TRANSACCIONES,privado_nacional,situacion_deudores,C.COM.Sit.4: Con alto riesgo de insolvencia (%),Dic-2025,1.17,2026-04-19
00338,BANCO DE SERVICIOS Y TRANSACCIONES,privado_nacional,situacion_deudores,C.COM.TOTAL GARANTIZADO - Garantías Preferidas A y B (%),Dic-2025,4.49,2026-04-19
00338,BANCO DE SERVICIOS Y TRANSACCIONES,privado_nacional,situacion_deudores,CARTERA DE CONSUMO O VIVIENDA ($),Dic-2025,5711.69,2026-04-19
00338,BANCO DE SERVICIOS Y TRANSACCIONES,privado_nacional,situacion_deudores,Total cartera sobre financiaciones (%),Dic-2025,1.57,2026-04-19
00338,BANCO DE SERVICIOS Y TRANSACCIONES,privado_nacional,situacion_deudores,C.CON.Sit.1: En situación normal (%),Dic-2025,93.46,2026-04-19
00338,BANCO DE SERVICIOS Y TRANSACCIONES,privado_nacional,situacion_deudores,C.CON.Sit.2: Riesgo bajo (%),Dic-2025,2.88,2026-04-19
00338,BANCO DE SERVICIOS Y TRANSACCIONES,privado_nacional,situacion_deudores,C.CON.Sit.3: Riesgo medio (%),Dic-2025,3.21,2026-04-19
00338,BANCO DE SERVICIOS Y TRANSACCIONES,privado_nacional,situacion_deudores,C.CON.Sit.4: Riesgo alto (%),Dic-2025,0.45,2026-04-19
00338,BANCO DE SERVICIOS Y TRANSACCIONES,privado_nacional,situacion_deudores,C.CON.TOTAL GARANTIZADO - Garantías Preferidas A y B (%),Dic-2025,0.01,2026-04-19
00338,BANCO DE SERVICIOS Y TRANSACCIONES,privado_nacional,situacion_deudores,CARTERA COMERCIAL ASIMILABLE A CONSUMO ($),Dic-2025,71172.31,2026-04-19
00338,BANCO DE SERVICIOS Y TRANSACCIONES,privado_nacional,situacion_deudores,Total cartera sobre financiaciones (%),Dic-2025,19.62,2026-04-19
00338,BANCO DE SERVICIOS Y TRANSACCIONES,privado_nacional,situacion_deudores,C.CAC.Sit.1: En situación normal (%),Dic-2025,97.34,2026-04-19
00338,BANCO DE SERVICIOS Y TRANSACCIONES,privado_nacional,situacion_deudores,C.CAC.Sit.2: Riesgo bajo (%),Dic-2025,0.23,2026-04-19
00338,BANCO DE SERVICIOS Y TRANSACCIONES,privado_nacional,situacion_deudores,C.CAC.Sit.3: Riesgo medio (%),Dic-2025,0.88,2026-04-19
00338,BANCO DE SERVICIOS Y TRANSACCIONES,privado_nacional,situacion_deudores,C.CAC.Sit.4: Riesgo alto (%),Dic-2025,1.43,2026-04-19
00338,BANCO DE SERVICIOS Y TRANSACCIONES,privado_nacional,situacion_deudores,C.CAC.Sit.5: Irrecuperable (%),Dic-2025,0.12,2026-04-19
00338,BANCO DE SERVICIOS Y TRANSACCIONES,privado_nacional,situacion_deudores,C.CAC.TOTAL GARANTIZADO - Garantías Preferidas A y B (%),Dic-2025,9.99,2026-04-19
00338,BANCO DE SERVICIOS Y TRANSACCIONES,privado_nacional,situacion_deudores,TOTAL DE FINANCIACIONES Y GARANTIAS OTORGADAS ($),Ene-2026,368000.2,2026-04-19
00338,BANCO DE SERVICIOS Y TRANSACCIONES,privado_nacional,situacion_deudores,TF.Sit.1: En situación normal (%),Ene-2026,98.0,2026-04-19
00338,BANCO DE SERVICIOS Y TRANSACCIONES,privado_nacional,situacion_deudores,TF.Sit.2: Con seguimiento especial/Riesgo bajo (%),Ene-2026,0.62,2026-04-19
00338,BANCO DE SERVICIOS Y TRANSACCIONES,privado_nacional,situacion_deudores,TF.Sit.3: Con problemas/Riesgo medio (%),Ene-2026,0.21,2026-04-19
00338,BANCO DE SERVICIOS Y TRANSACCIONES,privado_nacional,situacion_deudores,TF.Sit.4: Con alto riesgo de insolvencia/Riesgo alto (%),Ene-2026,1.15,2026-04-19
00338,BANCO DE SERVICIOS Y TRANSACCIONES,privado_nacional,situacion_deudores,TF.Sit.5: Irrecuperable (%),Ene-2026,0.02,2026-04-19
00338,BANCO DE SERVICIOS Y TRANSACCIONES,privado_nacional,situacion_deudores,TOTAL GARANTIZADO - Garantías Preferidas A y B (%),Ene-2026,5.46,2026-04-19
00338,BANCO DE SERVICIOS Y TRANSACCIONES,privado_nacional,situacion_deudores,Previsiones por riesgo de incobrabilidad constituídas,Ene-2026,9242.75,2026-04-19
00338,BANCO DE SERVICIOS Y TRANSACCIONES,privado_nacional,situacion_deudores,CARTERA COMERCIAL ($),Ene-2026,308856.59,2026-04-19
00338,BANCO DE SERVICIOS Y TRANSACCIONES,privado_nacional,situacion_deudores,Total cartera sobre financiaciones (%),Ene-2026,83.93,2026-04-19
00338,BANCO DE SERVICIOS Y TRANSACCIONES,privado_nacional,situacion_deudores,C.COM.Sit.1: En situación normal (%),Ene-2026,98.92,2026-04-19
00338,BANCO DE SERVICIOS Y TRANSACCIONES,privado_nacional,situacion_deudores,C.COM.Sit.2: Con seguimiento especial (%),Ene-2026,0.0,2026-04-19
00338,BANCO DE SERVICIOS Y TRANSACCIONES,privado_nacional,situacion_deudores,C.COM.Sit.3: Con problemas (%),Ene-2026,0.0,2026-04-19
00338,BANCO DE SERVICIOS Y TRANSACCIONES,privado_nacional,situacion_deudores,C.COM.Sit.4: Con alto riesgo de insolvencia (%),Ene-2026,1.08,2026-04-19
00338,BANCO DE SERVICIOS Y TRANSACCIONES,privado_nacional,situacion_deudores,C.COM.TOTAL GARANTIZADO - Garantías Preferidas A y B (%),Ene-2026,6.07,2026-04-19
00338,BANCO DE SERVICIOS Y TRANSACCIONES,privado_nacional,situacion_deudores,CARTERA DE CONSUMO O VIVIENDA ($),Ene-2026,8495.94,2026-04-19
00338,BANCO DE SERVICIOS Y TRANSACCIONES,privado_nacional,situacion_deudores,Total cartera sobre financiaciones (%),Ene-2026,2.31,2026-04-19
00338,BANCO DE SERVICIOS Y TRANSACCIONES,privado_nacional,situacion_deudores,C.CON.Sit.1: En situación normal (%),Ene-2026,95.49,2026-04-19
00338,BANCO DE SERVICIOS Y TRANSACCIONES,privado_nacional,situacion_deudores,C.CON.Sit.2: Riesgo bajo (%),Ene-2026,1.83,2026-04-19
00338,BANCO DE SERVICIOS Y TRANSACCIONES,privado_nacional,situacion_deudores,C.CON.Sit.3: Riesgo medio (%),Ene-2026,1.91,2026-04-19
00338,BANCO DE SERVICIOS Y TRANSACCIONES,privado_nacional,situacion_deudores,C.CON.Sit.4: Riesgo alto (%),Ene-2026,0.77,2026-04-19
00338,BANCO DE SERVICIOS Y TRANSACCIONES,privado_nacional,situacion_deudores,C.CON.TOTAL GARANTIZADO - Garantías Preferidas A y B (%),Ene-2026,0.0,2026-04-19
00338,BANCO DE SERVICIOS Y TRANSACCIONES,privado_nacional,situacion_deudores,CARTERA COMERCIAL ASIMILABLE A CONSUMO ($),Ene-2026,50647.67,2026-04-19
00338,BANCO DE SERVICIOS Y TRANSACCIONES,privado_nacional,situacion_deudores,Total cartera sobre financiaciones (%),Ene-2026,13.76,2026-04-19
00338,BANCO DE SERVICIOS Y TRANSACCIONES,privado_nacional,situacion_deudores,C.CAC.Sit.1: En situación normal (%),Ene-2026,92.81,2026-04-19
00338,BANCO DE SERVICIOS Y TRANSACCIONES,privado_nacional,situacion_deudores,C.CAC.Sit.2: Riesgo bajo (%),Ene-2026,4.2,2026-04-19
00338,BANCO DE SERVICIOS Y TRANSACCIONES,privado_nacional,situacion_deudores,C.CAC.Sit.3: Riesgo medio (%),Ene-2026,1.24,2026-04-19
00338,BANCO DE SERVICIOS Y TRANSACCIONES,privado_nacional,situacion_deudores,C.CAC.Sit.4: Riesgo alto (%),Ene-2026,1.58,2026-04-19
00338,BANCO DE SERVICIOS Y TRANSACCIONES,privado_nacional,situacion_deudores,C.CAC.Sit.5: Irrecuperable (%),Ene-2026,0.17,2026-04-19
00338,BANCO DE SERVICIOS Y TRANSACCIONES,privado_nacional,situacion_deudores,C.CAC.TOTAL GARANTIZADO - Garantías Preferidas A y B (%),Ene-2026,2.66,2026-04-19
00198,BANCO DE VALORES S.A.,privado_nacional,situacion_deudores,TOTAL DE FINANCIACIONES Y GARANTIAS OTORGADAS ($),Dic-2023,54276.77,2026-04-19
00198,BANCO DE VALORES S.A.,privado_nacional,situacion_deudores,TF.Sit.1: En situación normal (%),Dic-2023,99.9,2026-04-19
00198,BANCO DE VALORES S.A.,privado_nacional,situacion_deudores,TF.Sit.2: Con seguimiento especial/Riesgo bajo (%),Dic-2023,0.0,2026-04-19
00198,BANCO DE VALORES S.A.,privado_nacional,situacion_deudores,TF.Sit.3: Con problemas/Riesgo medio (%),Dic-2023,0.0,2026-04-19
00198,BANCO DE VALORES S.A.,privado_nacional,situacion_deudores,TF.Sit.4: Con alto riesgo de insolvencia/Riesgo alto (%),Dic-2023,0.0,2026-04-19
00198,BANCO DE VALORES S.A.,privado_nacional,situacion_deudores,TF.Sit.5: Irrecuperable (%),Dic-2023,0.1,2026-04-19
00198,BANCO DE VALORES S.A.,privado_nacional,situacion_deudores,TOTAL GARANTIZADO - Garantías Preferidas A y B (%),Dic-2023,0.31,2026-04-19
00198,BANCO DE VALORES S.A.,privado_nacional,situacion_deudores,Previsiones por riesgo de incobrabilidad constituídas,Dic-2023,798.95,2026-04-19
00198,BANCO DE VALORES S.A.,privado_nacional,situacion_deudores,CARTERA COMERCIAL ($),Dic-2023,52904.03,2026-04-19
00198,BANCO DE VALORES S.A.,privado_nacional,situacion_deudores,Total cartera sobre financiaciones (%),Dic-2023,97.47,2026-04-19
00198,BANCO DE VALORES S.A.,privado_nacional,situacion_deudores,C.COM.Sit.1: En situación normal (%),Dic-2023,100.0,2026-04-19
00198,BANCO DE VALORES S.A.,privado_nacional,situacion_deudores,C.COM.Sit.4: Con alto riesgo de insolvencia (%),Dic-2023,0.0,2026-04-19
00198,BANCO DE VALORES S.A.,privado_nacional,situacion_deudores,C.COM.TOTAL GARANTIZADO - Garantías Preferidas A y B (%),Dic-2023,0.01,2026-04-19
00198,BANCO DE VALORES S.A.,privado_nacional,situacion_deudores,CARTERA DE CONSUMO O VIVIENDA ($),Dic-2023,485.3,2026-04-19
00198,BANCO DE VALORES S.A.,privado_nacional,situacion_deudores,Total cartera sobre financiaciones (%),Dic-2023,0.89,2026-04-19
00198,BANCO DE VALORES S.A.,privado_nacional,situacion_deudores,C.CON.Sit.1: En situación normal (%),Dic-2023,100.0,2026-04-19
00198,BANCO DE VALORES S.A.,privado_nacional,situacion_deudores,C.CON.Sit.2: Riesgo bajo (%),Dic-2023,0.0,2026-04-19
00198,BANCO DE VALORES S.A.,privado_nacional,situacion_deudores,C.CON.TOTAL GARANTIZADO - Garantías Preferidas A y B (%),Dic-2023,0.02,2026-04-19
00198,BANCO DE VALORES S.A.,privado_nacional,situacion_deudores,CARTERA COMERCIAL ASIMILABLE A CONSUMO ($),Dic-2023,887.44,2026-04-19
00198,BANCO DE VALORES S.A.,privado_nacional,situacion_deudores,Total cartera sobre financiaciones (%),Dic-2023,1.64,2026-04-19
00198,BANCO DE VALORES S.A.,privado_nacional,situacion_deudores,C.CAC.Sit.1: En situación normal (%),Dic-2023,93.92,2026-04-19
00198,BANCO DE VALORES S.A.,privado_nacional,situacion_deudores,C.CAC.Sit.2: Riesgo bajo (%),Dic-2023,0.0,2026-04-19
00198,BANCO DE VALORES S.A.,privado_nacional,situacion_deudores,C.CAC.Sit.3: Riesgo medio (%),Dic-2023,0.0,2026-04-19
00198,BANCO DE VALORES S.A.,privado_nacional,situacion_deudores,C.CAC.Sit.4: Riesgo alto (%),Dic-2023,0.0,2026-04-19
00198,BANCO DE VALORES S.A.,privado_nacional,situacion_deudores,C.CAC.Sit.5: Irrecuperable (%),Dic-2023,6.07,2026-04-19
00198,BANCO DE VALORES S.A.,privado_nacional,situacion_deudores,C.CAC.TOTAL GARANTIZADO - Garantías Preferidas A y B (%),Dic-2023,18.47,2026-04-19
00198,BANCO DE VALORES S.A.,privado_nacional,situacion_deudores,TOTAL DE FINANCIACIONES Y GARANTIAS OTORGADAS ($),Dic-2024,321473.73,2026-04-19
00198,BANCO DE VALORES S.A.,privado_nacional,situacion_deudores,TF.Sit.1: En situación normal (%),Dic-2024,100.0,2026-04-19
00198,BANCO DE VALORES S.A.,privado_nacional,situacion_deudores,TF.Sit.2: Con seguimiento especial/Riesgo bajo (%),Dic-2024,0.0,2026-04-19
00198,BANCO DE VALORES S.A.,privado_nacional,situacion_deudores,TF.Sit.3: Con problemas/Riesgo medio (%),Dic-2024,0.0,2026-04-19
00198,BANCO DE VALORES S.A.,privado_nacional,situacion_deudores,TF.Sit.4: Con alto riesgo de insolvencia/Riesgo alto (%),Dic-2024,0.0,2026-04-19
00198,BANCO DE VALORES S.A.,privado_nacional,situacion_deudores,TF.Sit.5: Irrecuperable (%),Dic-2024,0.0,2026-04-19
00198,BANCO DE VALORES S.A.,privado_nacional,situacion_deudores,TOTAL GARANTIZADO - Garantías Preferidas A y B (%),Dic-2024,0.02,2026-04-19
00198,BANCO DE VALORES S.A.,privado_nacional,situacion_deudores,Previsiones por riesgo de incobrabilidad constituídas,Dic-2024,3408.15,2026-04-19
00198,BANCO DE VALORES S.A.,privado_nacional,situacion_deudores,CARTERA COMERCIAL ($),Dic-2024,318443.19,2026-04-19
00198,BANCO DE VALORES S.A.,privado_nacional,situacion_deudores,Total cartera sobre financiaciones (%),Dic-2024,99.06,2026-04-19
00198,BANCO DE VALORES S.A.,privado_nacional,situacion_deudores,C.COM.Sit.1: En situación normal (%),Dic-2024,100.0,2026-04-19
00198,BANCO DE VALORES S.A.,privado_nacional,situacion_deudores,C.COM.Sit.4: Con alto riesgo de insolvencia (%),Dic-2024,0.0,2026-04-19
00198,BANCO DE VALORES S.A.,privado_nacional,situacion_deudores,C.COM.TOTAL GARANTIZADO - Garantías Preferidas A y B (%),Dic-2024,0.0,2026-04-19
00198,BANCO DE VALORES S.A.,privado_nacional,situacion_deudores,CARTERA DE CONSUMO O VIVIENDA ($),Dic-2024,880.33,2026-04-19
00198,BANCO DE VALORES S.A.,privado_nacional,situacion_deudores,Total cartera sobre financiaciones (%),Dic-2024,0.27,2026-04-19
00198,BANCO DE VALORES S.A.,privado_nacional,situacion_deudores,C.CON.Sit.1: En situación normal (%),Dic-2024,100.0,2026-04-19
00198,BANCO DE VALORES S.A.,privado_nacional,situacion_deudores,C.CON.Sit.2: Riesgo bajo (%),Dic-2024,0.0,2026-04-19
00198,BANCO DE VALORES S.A.,privado_nacional,situacion_deudores,C.CON.TOTAL GARANTIZADO - Garantías Preferidas A y B (%),Dic-2024,0.0,2026-04-19
00198,BANCO DE VALORES S.A.,privado_nacional,situacion_deudores,CARTERA COMERCIAL ASIMILABLE A CONSUMO ($),Dic-2024,2150.22,2026-04-19
00198,BANCO DE VALORES S.A.,privado_nacional,situacion_deudores,Total cartera sobre financiaciones (%),Dic-2024,0.67,2026-04-19
00198,BANCO DE VALORES S.A.,privado_nacional,situacion_deudores,C.CAC.Sit.1: En situación normal (%),Dic-2024,99.98,2026-04-19
00198,BANCO DE VALORES S.A.,privado_nacional,situacion_deudores,C.CAC.Sit.2: Riesgo bajo (%),Dic-2024,0.01,2026-04-19
00198,BANCO DE VALORES S.A.,privado_nacional,situacion_deudores,C.CAC.Sit.3: Riesgo medio (%),Dic-2024,0.01,2026-04-19
00198,BANCO DE VALORES S.A.,privado_nacional,situacion_deudores,C.CAC.Sit.4: Riesgo alto (%),Dic-2024,0.0,2026-04-19
00198,BANCO DE VALORES S.A.,privado_nacional,situacion_deudores,C.CAC.Sit.5: Irrecuperable (%),Dic-2024,0.0,2026-04-19
00198,BANCO DE VALORES S.A.,privado_nacional,situacion_deudores,C.CAC.TOTAL GARANTIZADO - Garantías Preferidas A y B (%),Dic-2024,2.4,2026-04-19
00198,BANCO DE VALORES S.A.,privado_nacional,situacion_deudores,TOTAL DE FINANCIACIONES Y GARANTIAS OTORGADAS ($),Nov-2025,842846.27,2026-04-19
00198,BANCO DE VALORES S.A.,privado_nacional,situacion_deudores,TF.Sit.1: En situación normal (%),Nov-2025,99.08,2026-04-19
00198,BANCO DE VALORES S.A.,privado_nacional,situacion_deudores,TF.Sit.2: Con seguimiento especial/Riesgo bajo (%),Nov-2025,0.0,2026-04-19
00198,BANCO DE VALORES S.A.,privado_nacional,situacion_deudores,TF.Sit.3: Con problemas/Riesgo medio (%),Nov-2025,0.0,2026-04-19
00198,BANCO DE VALORES S.A.,privado_nacional,situacion_deudores,TF.Sit.4: Con alto riesgo de insolvencia/Riesgo alto (%),Nov-2025,0.92,2026-04-19
00198,BANCO DE VALORES S.A.,privado_nacional,situacion_deudores,TF.Sit.5: Irrecuperable (%),Nov-2025,0.0,2026-04-19
00198,BANCO DE VALORES S.A.,privado_nacional,situacion_deudores,TOTAL GARANTIZADO - Garantías Preferidas A y B (%),Nov-2025,0.0,2026-04-19
00198,BANCO DE VALORES S.A.,privado_nacional,situacion_deudores,Previsiones por riesgo de incobrabilidad constituídas,Nov-2025,10189.53,2026-04-19
00198,BANCO DE VALORES S.A.,privado_nacional,situacion_deudores,CARTERA COMERCIAL ($),Nov-2025,830580.06,2026-04-19
00198,BANCO DE VALORES S.A.,privado_nacional,situacion_deudores,Total cartera sobre financiaciones (%),Nov-2025,98.54,2026-04-19
00198,BANCO DE VALORES S.A.,privado_nacional,situacion_deudores,C.COM.Sit.1: En situación normal (%),Nov-2025,99.06,2026-04-19
00198,BANCO DE VALORES S.A.,privado_nacional,situacion_deudores,C.COM.Sit.4: Con alto riesgo de insolvencia (%),Nov-2025,0.94,2026-04-19
00198,BANCO DE VALORES S.A.,privado_nacional,situacion_deudores,C.COM.TOTAL GARANTIZADO - Garantías Preferidas A y B (%),Nov-2025,0.0,2026-04-19
00198,BANCO DE VALORES S.A.,privado_nacional,situacion_deudores,CARTERA DE CONSUMO O VIVIENDA ($),Nov-2025,11961.88,2026-04-19
00198,BANCO DE VALORES S.A.,privado_nacional,situacion_deudores,Total cartera sobre financiaciones (%),Nov-2025,1.42,2026-04-19
00198,BANCO DE VALORES S.A.,privado_nacional,situacion_deudores,C.CON.Sit.1: En situación normal (%),Nov-2025,100.0,2026-04-19
00198,BANCO DE VALORES S.A.,privado_nacional,situacion_deudores,C.CON.Sit.2: Riesgo bajo (%),Nov-2025,0.0,2026-04-19
00198,BANCO DE VALORES S.A.,privado_nacional,situacion_deudores,C.CON.TOTAL GARANTIZADO - Garantías Preferidas A y B (%),Nov-2025,0.0,2026-04-19
00198,BANCO DE VALORES S.A.,privado_nacional,situacion_deudores,CARTERA COMERCIAL ASIMILABLE A CONSUMO ($),Nov-2025,304.33,2026-04-19
00198,BANCO DE VALORES S.A.,privado_nacional,situacion_deudores,Total cartera sobre financiaciones (%),Nov-2025,0.04,2026-04-19
00198,BANCO DE VALORES S.A.,privado_nacional,situacion_deudores,C.CAC.Sit.1: En situación normal (%),Nov-2025,99.63,2026-04-19
00198,BANCO DE VALORES S.A.,privado_nacional,situacion_deudores,C.CAC.Sit.2: Riesgo bajo (%),Nov-2025,0.05,2026-04-19
00198,BANCO DE VALORES S.A.,privado_nacional,situacion_deudores,C.CAC.Sit.3: Riesgo medio (%),Nov-2025,0.31,2026-04-19
00198,BANCO DE VALORES S.A.,privado_nacional,situacion_deudores,C.CAC.Sit.4: Riesgo alto (%),Nov-2025,0.0,2026-04-19
00198,BANCO DE VALORES S.A.,privado_nacional,situacion_deudores,C.CAC.Sit.5: Irrecuperable (%),Nov-2025,0.0,2026-04-19
00198,BANCO DE VALORES S.A.,privado_nacional,situacion_deudores,C.CAC.TOTAL GARANTIZADO - Garantías Preferidas A y B (%),Nov-2025,1.84,2026-04-19
00198,BANCO DE VALORES S.A.,privado_nacional,situacion_deudores,TOTAL DE FINANCIACIONES Y GARANTIAS OTORGADAS ($),Dic-2025,926524.57,2026-04-19
00198,BANCO DE VALORES S.A.,privado_nacional,situacion_deudores,TF.Sit.1: En situación normal (%),Dic-2025,99.24,2026-04-19
00198,BANCO DE VALORES S.A.,privado_nacional,situacion_deudores,TF.Sit.2: Con seguimiento especial/Riesgo bajo (%),Dic-2025,0.0,2026-04-19
00198,BANCO DE VALORES S.A.,privado_nacional,situacion_deudores,TF.Sit.3: Con problemas/Riesgo medio (%),Dic-2025,0.0,2026-04-19
00198,BANCO DE VALORES S.A.,privado_nacional,situacion_deudores,TF.Sit.4: Con alto riesgo de insolvencia/Riesgo alto (%),Dic-2025,0.76,2026-04-19
00198,BANCO DE VALORES S.A.,privado_nacional,situacion_deudores,TF.Sit.5: Irrecuperable (%),Dic-2025,0.0,2026-04-19
00198,BANCO DE VALORES S.A.,privado_nacional,situacion_deudores,TOTAL GARANTIZADO - Garantías Preferidas A y B (%),Dic-2025,0.03,2026-04-19
00198,BANCO DE VALORES S.A.,privado_nacional,situacion_deudores,Previsiones por riesgo de incobrabilidad constituídas,Dic-2025,10163.82,2026-04-19
00198,BANCO DE VALORES S.A.,privado_nacional,situacion_deudores,CARTERA COMERCIAL ($),Dic-2025,919597.22,2026-04-19
00198,BANCO DE VALORES S.A.,privado_nacional,situacion_deudores,Total cartera sobre financiaciones (%),Dic-2025,99.25,2026-04-19
00198,BANCO DE VALORES S.A.,privado_nacional,situacion_deudores,C.COM.Sit.1: En situación normal (%),Dic-2025,99.23,2026-04-19
00198,BANCO DE VALORES S.A.,privado_nacional,situacion_deudores,C.COM.Sit.4: Con alto riesgo de insolvencia (%),Dic-2025,0.77,2026-04-19
00198,BANCO DE VALORES S.A.,privado_nacional,situacion_deudores,C.COM.TOTAL GARANTIZADO - Garantías Preferidas A y B (%),Dic-2025,0.03,2026-04-19
00198,BANCO DE VALORES S.A.,privado_nacional,situacion_deudores,CARTERA DE CONSUMO O VIVIENDA ($),Dic-2025,6580.35,2026-04-19
00198,BANCO DE VALORES S.A.,privado_nacional,situacion_deudores,Total cartera sobre financiaciones (%),Dic-2025,0.71,2026-04-19
00198,BANCO DE VALORES S.A.,privado_nacional,situacion_deudores,C.CON.Sit.1: En situación normal (%),Dic-2025,100.0,2026-04-19
00198,BANCO DE VALORES S.A.,privado_nacional,situacion_deudores,C.CON.Sit.2: Riesgo bajo (%),Dic-2025,0.0,2026-04-19
00198,BANCO DE VALORES S.A.,privado_nacional,situacion_deudores,C.CON.TOTAL GARANTIZADO - Garantías Preferidas A y B (%),Dic-2025,0.01,2026-04-19
00198,BANCO DE VALORES S.A.,privado_nacional,situacion_deudores,CARTERA COMERCIAL ASIMILABLE A CONSUMO ($),Dic-2025,347.0,2026-04-19
00198,BANCO DE VALORES S.A.,privado_nacional,situacion_deudores,Total cartera sobre financiaciones (%),Dic-2025,0.04,2026-04-19
00198,BANCO DE VALORES S.A.,privado_nacional,situacion_deudores,C.CAC.Sit.1: En situación normal (%),Dic-2025,99.25,2026-04-19
00198,BANCO DE VALORES S.A.,privado_nacional,situacion_deudores,C.CAC.Sit.2: Riesgo bajo (%),Dic-2025,0.36,2026-04-19
00198,BANCO DE VALORES S.A.,privado_nacional,situacion_deudores,C.CAC.Sit.3: Riesgo medio (%),Dic-2025,0.11,2026-04-19
00198,BANCO DE VALORES S.A.,privado_nacional,situacion_deudores,C.CAC.Sit.4: Riesgo alto (%),Dic-2025,0.29,2026-04-19
00198,BANCO DE VALORES S.A.,privado_nacional,situacion_deudores,C.CAC.Sit.5: Irrecuperable (%),Dic-2025,0.0,2026-04-19
00198,BANCO DE VALORES S.A.,privado_nacional,situacion_deudores,C.CAC.TOTAL GARANTIZADO - Garantías Preferidas A y B (%),Dic-2025,0.0,2026-04-19
00198,BANCO DE VALORES S.A.,privado_nacional,situacion_deudores,TOTAL DE FINANCIACIONES Y GARANTIAS OTORGADAS ($),Ene-2026,1088494.25,2026-04-19
00198,BANCO DE VALORES S.A.,privado_nacional,situacion_deudores,TF.Sit.1: En situación normal (%),Ene-2026,99.43,2026-04-19
00198,BANCO DE VALORES S.A.,privado_nacional,situacion_deudores,TF.Sit.2: Con seguimiento especial/Riesgo bajo (%),Ene-2026,0.0,2026-04-19
00198,BANCO DE VALORES S.A.,privado_nacional,situacion_deudores,TF.Sit.3: Con problemas/Riesgo medio (%),Ene-2026,0.0,2026-04-19
00198,BANCO DE VALORES S.A.,privado_nacional,situacion_deudores,TF.Sit.4: Con alto riesgo de insolvencia/Riesgo alto (%),Ene-2026,0.57,2026-04-19
00198,BANCO DE VALORES S.A.,privado_nacional,situacion_deudores,TF.Sit.5: Irrecuperable (%),Ene-2026,0.0,2026-04-19
00198,BANCO DE VALORES S.A.,privado_nacional,situacion_deudores,TOTAL GARANTIZADO - Garantías Preferidas A y B (%),Ene-2026,0.0,2026-04-19
00198,BANCO DE VALORES S.A.,privado_nacional,situacion_deudores,Previsiones por riesgo de incobrabilidad constituídas,Ene-2026,9395.21,2026-04-19
00198,BANCO DE VALORES S.A.,privado_nacional,situacion_deudores,CARTERA COMERCIAL ($),Ene-2026,1086982.33,2026-04-19
00198,BANCO DE VALORES S.A.,privado_nacional,situacion_deudores,Total cartera sobre financiaciones (%),Ene-2026,99.86,2026-04-19
00198,BANCO DE VALORES S.A.,privado_nacional,situacion_deudores,C.COM.Sit.1: En situación normal (%),Ene-2026,99.43,2026-04-19
00198,BANCO DE VALORES S.A.,privado_nacional,situacion_deudores,C.COM.Sit.4: Con alto riesgo de insolvencia (%),Ene-2026,0.57,2026-04-19
00198,BANCO DE VALORES S.A.,privado_nacional,situacion_deudores,C.COM.TOTAL GARANTIZADO - Garantías Preferidas A y B (%),Ene-2026,0.0,2026-04-19
00198,BANCO DE VALORES S.A.,privado_nacional,situacion_deudores,CARTERA DE CONSUMO O VIVIENDA ($),Ene-2026,1078.07,2026-04-19
00198,BANCO DE VALORES S.A.,privado_nacional,situacion_deudores,Total cartera sobre financiaciones (%),Ene-2026,0.1,2026-04-19
00198,BANCO DE VALORES S.A.,privado_nacional,situacion_deudores,C.CON.Sit.1: En situación normal (%),Ene-2026,100.0,2026-04-19
00198,BANCO DE VALORES S.A.,privado_nacional,situacion_deudores,C.CON.Sit.2: Riesgo bajo (%),Ene-2026,0.0,2026-04-19
00198,BANCO DE VALORES S.A.,privado_nacional,situacion_deudores,C.CON.TOTAL GARANTIZADO - Garantías Preferidas A y B (%),Ene-2026,0.11,2026-04-19
00198,BANCO DE VALORES S.A.,privado_nacional,situacion_deudores,CARTERA COMERCIAL ASIMILABLE A CONSUMO ($),Ene-2026,433.85,2026-04-19
00198,BANCO DE VALORES S.A.,privado_nacional,situacion_deudores,Total cartera sobre financiaciones (%),Ene-2026,0.04,2026-04-19
00198,BANCO DE VALORES S.A.,privado_nacional,situacion_deudores,C.CAC.Sit.1: En situación normal (%),Ene-2026,99.31,2026-04-19
00198,BANCO DE VALORES S.A.,privado_nacional,situacion_deudores,C.CAC.Sit.2: Riesgo bajo (%),Ene-2026,0.35,2026-04-19
00198,BANCO DE VALORES S.A.,privado_nacional,situacion_deudores,C.CAC.Sit.3: Riesgo medio (%),Ene-2026,0.07,2026-04-19
00198,BANCO DE VALORES S.A.,privado_nacional,situacion_deudores,C.CAC.Sit.4: Riesgo alto (%),Ene-2026,0.27,2026-04-19
00198,BANCO DE VALORES S.A.,privado_nacional,situacion_deudores,C.CAC.Sit.5: Irrecuperable (%),Ene-2026,0.0,2026-04-19
00198,BANCO DE VALORES S.A.,privado_nacional,situacion_deudores,C.CAC.TOTAL GARANTIZADO - Garantías Preferidas A y B (%),Ene-2026,0.0,2026-04-19
00083,BANCO DEL CHUBUT S.A.,publico,situacion_deudores,TOTAL DE FINANCIACIONES Y GARANTIAS OTORGADAS ($),Dic-2023,82834.17,2026-04-19
00083,BANCO DEL CHUBUT S.A.,publico,situacion_deudores,TF.Sit.1: En situación normal (%),Dic-2023,85.72,2026-04-19
00083,BANCO DEL CHUBUT S.A.,publico,situacion_deudores,TF.Sit.2: Con seguimiento especial/Riesgo bajo (%),Dic-2023,10.18,2026-04-19
00083,BANCO DEL CHUBUT S.A.,publico,situacion_deudores,TF.Sit.3: Con problemas/Riesgo medio (%),Dic-2023,2.88,2026-04-19
00083,BANCO DEL CHUBUT S.A.,publico,situacion_deudores,TF.Sit.4: Con alto riesgo de insolvencia/Riesgo alto (%),Dic-2023,0.78,2026-04-19
00083,BANCO DEL CHUBUT S.A.,publico,situacion_deudores,TF.Sit.5: Irrecuperable (%),Dic-2023,0.45,2026-04-19
00083,BANCO DEL CHUBUT S.A.,publico,situacion_deudores,TOTAL GARANTIZADO - Garantías Preferidas A y B (%),Dic-2023,21.41,2026-04-19
00083,BANCO DEL CHUBUT S.A.,publico,situacion_deudores,Previsiones por riesgo de incobrabilidad constituídas,Dic-2023,2133.95,2026-04-19
00083,BANCO DEL CHUBUT S.A.,publico,situacion_deudores,CARTERA COMERCIAL ($),Dic-2023,30411.0,2026-04-19
00083,BANCO DEL CHUBUT S.A.,publico,situacion_deudores,Total cartera sobre financiaciones (%),Dic-2023,36.71,2026-04-19
00083,BANCO DEL CHUBUT S.A.,publico,situacion_deudores,C.COM.Sit.1: En situación normal (%),Dic-2023,68.42,2026-04-19
00083,BANCO DEL CHUBUT S.A.,publico,situacion_deudores,C.COM.Sit.2: Con seguimiento especial (%),Dic-2023,23.88,2026-04-19
00083,BANCO DEL CHUBUT S.A.,publico,situacion_deudores,C.COM.Sit.3: Con problemas (%),Dic-2023,6.69,2026-04-19
00083,BANCO DEL CHUBUT S.A.,publico,situacion_deudores,C.COM.Sit.4: Con alto riesgo de insolvencia (%),Dic-2023,1.01,2026-04-19
00083,BANCO DEL CHUBUT S.A.,publico,situacion_deudores,C.COM.Sit.5: Irrecuperable (%),Dic-2023,0.0,2026-04-19
00083,BANCO DEL CHUBUT S.A.,publico,situacion_deudores,C.COM.TOTAL GARANTIZADO - Garantías Preferidas A y B (%),Dic-2023,28.72,2026-04-19
00083,BANCO DEL CHUBUT S.A.,publico,situacion_deudores,CARTERA DE CONSUMO O VIVIENDA ($),Dic-2023,35590.67,2026-04-19
00083,BANCO DEL CHUBUT S.A.,publico,situacion_deudores,Total cartera sobre financiaciones (%),Dic-2023,42.97,2026-04-19
00083,BANCO DEL CHUBUT S.A.,publico,situacion_deudores,C.CON.Sit.1: En situación normal (%),Dic-2023,96.91,2026-04-19
00083,BANCO DEL CHUBUT S.A.,publico,situacion_deudores,C.CON.Sit.2: Riesgo bajo (%),Dic-2023,0.97,2026-04-19
00083,BANCO DEL CHUBUT S.A.,publico,situacion_deudores,C.CON.Sit.3: Riesgo medio (%),Dic-2023,0.73,2026-04-19
00083,BANCO DEL CHUBUT S.A.,publico,situacion_deudores,C.CON.Sit.4: Riesgo alto (%),Dic-2023,0.75,2026-04-19
00083,BANCO DEL CHUBUT S.A.,publico,situacion_deudores,C.CON.Sit.5: Irrecuperable (%),Dic-2023,0.63,2026-04-19
00083,BANCO DEL CHUBUT S.A.,publico,situacion_deudores,C.CON.TOTAL GARANTIZADO - Garantías Preferidas A y B (%),Dic-2023,2.66,2026-04-19
00083,BANCO DEL CHUBUT S.A.,publico,situacion_deudores,CARTERA COMERCIAL ASIMILABLE A CONSUMO ($),Dic-2023,16832.5,2026-04-19
00083,BANCO DEL CHUBUT S.A.,publico,situacion_deudores,Total cartera sobre financiaciones (%),Dic-2023,20.32,2026-04-19
00083,BANCO DEL CHUBUT S.A.,publico,situacion_deudores,C.CAC.Sit.1: En situación normal (%),Dic-2023,93.28,2026-04-19
00083,BANCO DEL CHUBUT S.A.,publico,situacion_deudores,C.CAC.Sit.2: Riesgo bajo (%),Dic-2023,4.89,2026-04-19
00083,BANCO DEL CHUBUT S.A.,publico,situacion_deudores,C.CAC.Sit.3: Riesgo medio (%),Dic-2023,0.52,2026-04-19
00083,BANCO DEL CHUBUT S.A.,publico,situacion_deudores,C.CAC.Sit.4: Riesgo alto (%),Dic-2023,0.42,2026-04-19
00083,BANCO DEL CHUBUT S.A.,publico,situacion_deudores,C.CAC.Sit.5: Irrecuperable (%),Dic-2023,0.89,2026-04-19
00083,BANCO DEL CHUBUT S.A.,publico,situacion_deudores,C.CAC.TOTAL GARANTIZADO - Garantías Preferidas A y B (%),Dic-2023,47.84,2026-04-19
00083,BANCO DEL CHUBUT S.A.,publico,situacion_deudores,TOTAL DE FINANCIACIONES Y GARANTIAS OTORGADAS ($),Dic-2024,296413.51,2026-04-19
00083,BANCO DEL CHUBUT S.A.,publico,situacion_deudores,TF.Sit.1: En situación normal (%),Dic-2024,94.29,2026-04-19
00083,BANCO DEL CHUBUT S.A.,publico,situacion_deudores,TF.Sit.2: Con seguimiento especial/Riesgo bajo (%),Dic-2024,1.56,2026-04-19
00083,BANCO DEL CHUBUT S.A.,publico,situacion_deudores,TF.Sit.3: Con problemas/Riesgo medio (%),Dic-2024,0.49,2026-04-19
00083,BANCO DEL CHUBUT S.A.,publico,situacion_deudores,TF.Sit.4: Con alto riesgo de insolvencia/Riesgo alto (%),Dic-2024,3.25,2026-04-19
00083,BANCO DEL CHUBUT S.A.,publico,situacion_deudores,TF.Sit.5: Irrecuperable (%),Dic-2024,0.4,2026-04-19
00083,BANCO DEL CHUBUT S.A.,publico,situacion_deudores,TOTAL GARANTIZADO - Garantías Preferidas A y B (%),Dic-2024,16.98,2026-04-19
00083,BANCO DEL CHUBUT S.A.,publico,situacion_deudores,Previsiones por riesgo de incobrabilidad constituídas,Dic-2024,8197.75,2026-04-19
00083,BANCO DEL CHUBUT S.A.,publico,situacion_deudores,CARTERA COMERCIAL ($),Dic-2024,79502.21,2026-04-19
00083,BANCO DEL CHUBUT S.A.,publico,situacion_deudores,Total cartera sobre financiaciones (%),Dic-2024,26.82,2026-04-19
00083,BANCO DEL CHUBUT S.A.,publico,situacion_deudores,C.COM.Sit.1: En situación normal (%),Dic-2024,87.66,2026-04-19
00083,BANCO DEL CHUBUT S.A.,publico,situacion_deudores,C.COM.Sit.2: Con seguimiento especial (%),Dic-2024,0.0,2026-04-19
00083,BANCO DEL CHUBUT S.A.,publico,situacion_deudores,C.COM.Sit.3: Con problemas (%),Dic-2024,0.54,2026-04-19
00083,BANCO DEL CHUBUT S.A.,publico,situacion_deudores,C.COM.Sit.4: Con alto riesgo de insolvencia (%),Dic-2024,11.41,2026-04-19
00083,BANCO DEL CHUBUT S.A.,publico,situacion_deudores,C.COM.Sit.5: Irrecuperable (%),Dic-2024,0.39,2026-04-19
00083,BANCO DEL CHUBUT S.A.,publico,situacion_deudores,C.COM.TOTAL GARANTIZADO - Garantías Preferidas A y B (%),Dic-2024,27.3,2026-04-19
00083,BANCO DEL CHUBUT S.A.,publico,situacion_deudores,CARTERA DE CONSUMO O VIVIENDA ($),Dic-2024,161340.1,2026-04-19
00083,BANCO DEL CHUBUT S.A.,publico,situacion_deudores,Total cartera sobre financiaciones (%),Dic-2024,54.43,2026-04-19
00083,BANCO DEL CHUBUT S.A.,publico,situacion_deudores,C.CON.Sit.1: En situación normal (%),Dic-2024,97.89,2026-04-19
00083,BANCO DEL CHUBUT S.A.,publico,situacion_deudores,C.CON.Sit.2: Riesgo bajo (%),Dic-2024,1.09,2026-04-19
00083,BANCO DEL CHUBUT S.A.,publico,situacion_deudores,C.CON.Sit.3: Riesgo medio (%),Dic-2024,0.45,2026-04-19
00083,BANCO DEL CHUBUT S.A.,publico,situacion_deudores,C.CON.Sit.4: Riesgo alto (%),Dic-2024,0.27,2026-04-19
00083,BANCO DEL CHUBUT S.A.,publico,situacion_deudores,C.CON.Sit.5: Irrecuperable (%),Dic-2024,0.31,2026-04-19
00083,BANCO DEL CHUBUT S.A.,publico,situacion_deudores,C.CON.TOTAL GARANTIZADO - Garantías Preferidas A y B (%),Dic-2024,7.08,2026-04-19
00083,BANCO DEL CHUBUT S.A.,publico,situacion_deudores,CARTERA COMERCIAL ASIMILABLE A CONSUMO ($),Dic-2024,55571.2,2026-04-19
00083,BANCO DEL CHUBUT S.A.,publico,situacion_deudores,Total cartera sobre financiaciones (%),Dic-2024,18.75,2026-04-19
00083,BANCO DEL CHUBUT S.A.,publico,situacion_deudores,C.CAC.Sit.1: En situación normal (%),Dic-2024,93.34,2026-04-19
00083,BANCO DEL CHUBUT S.A.,publico,situacion_deudores,C.CAC.Sit.2: Riesgo bajo (%),Dic-2024,5.19,2026-04-19
00083,BANCO DEL CHUBUT S.A.,publico,situacion_deudores,C.CAC.Sit.3: Riesgo medio (%),Dic-2024,0.56,2026-04-19
00083,BANCO DEL CHUBUT S.A.,publico,situacion_deudores,C.CAC.Sit.4: Riesgo alto (%),Dic-2024,0.19,2026-04-19
00083,BANCO DEL CHUBUT S.A.,publico,situacion_deudores,C.CAC.Sit.5: Irrecuperable (%),Dic-2024,0.72,2026-04-19
00083,BANCO DEL CHUBUT S.A.,publico,situacion_deudores,C.CAC.TOTAL GARANTIZADO - Garantías Preferidas A y B (%),Dic-2024,30.94,2026-04-19
00083,BANCO DEL CHUBUT S.A.,publico,situacion_deudores,TOTAL DE FINANCIACIONES Y GARANTIAS OTORGADAS ($),Nov-2025,583128.96,2026-04-19
00083,BANCO DEL CHUBUT S.A.,publico,situacion_deudores,TF.Sit.1: En situación normal (%),Nov-2025,85.76,2026-04-19
00083,BANCO DEL CHUBUT S.A.,publico,situacion_deudores,TF.Sit.2: Con seguimiento especial/Riesgo bajo (%),Nov-2025,6.09,2026-04-19
00083,BANCO DEL CHUBUT S.A.,publico,situacion_deudores,TF.Sit.3: Con problemas/Riesgo medio (%),Nov-2025,3.46,2026-04-19
00083,BANCO DEL CHUBUT S.A.,publico,situacion_deudores,TF.Sit.4: Con alto riesgo de insolvencia/Riesgo alto (%),Nov-2025,2.82,2026-04-19
00083,BANCO DEL CHUBUT S.A.,publico,situacion_deudores,TF.Sit.5: Irrecuperable (%),Nov-2025,1.87,2026-04-19
00083,BANCO DEL CHUBUT S.A.,publico,situacion_deudores,TOTAL GARANTIZADO - Garantías Preferidas A y B (%),Nov-2025,26.43,2026-04-19
00083,BANCO DEL CHUBUT S.A.,publico,situacion_deudores,Previsiones por riesgo de incobrabilidad constituídas,Nov-2025,22987.1,2026-04-19
00083,BANCO DEL CHUBUT S.A.,publico,situacion_deudores,CARTERA COMERCIAL ($),Nov-2025,131448.43,2026-04-19
00083,BANCO DEL CHUBUT S.A.,publico,situacion_deudores,Total cartera sobre financiaciones (%),Nov-2025,22.54,2026-04-19
00083,BANCO DEL CHUBUT S.A.,publico,situacion_deudores,C.COM.Sit.1: En situación normal (%),Nov-2025,76.97,2026-04-19
00083,BANCO DEL CHUBUT S.A.,publico,situacion_deudores,C.COM.Sit.2: Con seguimiento especial (%),Nov-2025,7.68,2026-04-19
00083,BANCO DEL CHUBUT S.A.,publico,situacion_deudores,C.COM.Sit.3: Con problemas (%),Nov-2025,3.23,2026-04-19
00083,BANCO DEL CHUBUT S.A.,publico,situacion_deudores,C.COM.Sit.4: Con alto riesgo de insolvencia (%),Nov-2025,5.51,2026-04-19
00083,BANCO DEL CHUBUT S.A.,publico,situacion_deudores,C.COM.Sit.5: Irrecuperable (%),Nov-2025,6.6,2026-04-19
00083,BANCO DEL CHUBUT S.A.,publico,situacion_deudores,C.COM.TOTAL GARANTIZADO - Garantías Preferidas A y B (%),Nov-2025,32.01,2026-04-19
00083,BANCO DEL CHUBUT S.A.,publico,situacion_deudores,CARTERA DE CONSUMO O VIVIENDA ($),Nov-2025,339884.28,2026-04-19
00083,BANCO DEL CHUBUT S.A.,publico,situacion_deudores,Total cartera sobre financiaciones (%),Nov-2025,58.29,2026-04-19
00083,BANCO DEL CHUBUT S.A.,publico,situacion_deudores,C.CON.Sit.1: En situación normal (%),Nov-2025,89.28,2026-04-19
00083,BANCO DEL CHUBUT S.A.,publico,situacion_deudores,C.CON.Sit.2: Riesgo bajo (%),Nov-2025,5.52,2026-04-19
00083,BANCO DEL CHUBUT S.A.,publico,situacion_deudores,C.CON.Sit.3: Riesgo medio (%),Nov-2025,2.86,2026-04-19
00083,BANCO DEL CHUBUT S.A.,publico,situacion_deudores,C.CON.Sit.4: Riesgo alto (%),Nov-2025,1.9,2026-04-19
00083,BANCO DEL CHUBUT S.A.,publico,situacion_deudores,C.CON.Sit.5: Irrecuperable (%),Nov-2025,0.44,2026-04-19
00083,BANCO DEL CHUBUT S.A.,publico,situacion_deudores,C.CON.TOTAL GARANTIZADO - Garantías Preferidas A y B (%),Nov-2025,19.38,2026-04-19
00083,BANCO DEL CHUBUT S.A.,publico,situacion_deudores,CARTERA COMERCIAL ASIMILABLE A CONSUMO ($),Nov-2025,111796.25,2026-04-19
00083,BANCO DEL CHUBUT S.A.,publico,situacion_deudores,Total cartera sobre financiaciones (%),Nov-2025,19.17,2026-04-19
00083,BANCO DEL CHUBUT S.A.,publico,situacion_deudores,C.CAC.Sit.1: En situación normal (%),Nov-2025,85.41,2026-04-19
00083,BANCO DEL CHUBUT S.A.,publico,situacion_deudores,C.CAC.Sit.2: Riesgo bajo (%),Nov-2025,5.95,2026-04-19
00083,BANCO DEL CHUBUT S.A.,publico,situacion_deudores,C.CAC.Sit.3: Riesgo medio (%),Nov-2025,5.54,2026-04-19
00083,BANCO DEL CHUBUT S.A.,publico,situacion_deudores,C.CAC.Sit.4: Riesgo alto (%),Nov-2025,2.47,2026-04-19
00083,BANCO DEL CHUBUT S.A.,publico,situacion_deudores,C.CAC.Sit.5: Irrecuperable (%),Nov-2025,0.62,2026-04-19
00083,BANCO DEL CHUBUT S.A.,publico,situacion_deudores,C.CAC.TOTAL GARANTIZADO - Garantías Preferidas A y B (%),Nov-2025,41.31,2026-04-19
00083,BANCO DEL CHUBUT S.A.,publico,situacion_deudores,TOTAL DE FINANCIACIONES Y GARANTIAS OTORGADAS ($),Dic-2025,630736.35,2026-04-19
00083,BANCO DEL CHUBUT S.A.,publico,situacion_deudores,TF.Sit.1: En situación normal (%),Dic-2025,86.36,2026-04-19
00083,BANCO DEL CHUBUT S.A.,publico,situacion_deudores,TF.Sit.2: Con seguimiento especial/Riesgo bajo (%),Dic-2025,5.37,2026-04-19
00083,BANCO DEL CHUBUT S.A.,publico,situacion_deudores,TF.Sit.3: Con problemas/Riesgo medio (%),Dic-2025,2.97,2026-04-19
00083,BANCO DEL CHUBUT S.A.,publico,situacion_deudores,TF.Sit.4: Con alto riesgo de insolvencia/Riesgo alto (%),Dic-2025,3.34,2026-04-19
00083,BANCO DEL CHUBUT S.A.,publico,situacion_deudores,TF.Sit.5: Irrecuperable (%),Dic-2025,1.96,2026-04-19
00083,BANCO DEL CHUBUT S.A.,publico,situacion_deudores,TOTAL GARANTIZADO - Garantías Preferidas A y B (%),Dic-2025,24.12,2026-04-19
00083,BANCO DEL CHUBUT S.A.,publico,situacion_deudores,Previsiones por riesgo de incobrabilidad constituídas,Dic-2025,25280.01,2026-04-19
00083,BANCO DEL CHUBUT S.A.,publico,situacion_deudores,CARTERA COMERCIAL ($),Dic-2025,166445.95,2026-04-19
00083,BANCO DEL CHUBUT S.A.,publico,situacion_deudores,Total cartera sobre financiaciones (%),Dic-2025,26.39,2026-04-19
00083,BANCO DEL CHUBUT S.A.,publico,situacion_deudores,C.COM.Sit.1: En situación normal (%),Dic-2025,80.06,2026-04-19
00083,BANCO DEL CHUBUT S.A.,publico,situacion_deudores,C.COM.Sit.2: Con seguimiento especial (%),Dic-2025,6.87,2026-04-19
00083,BANCO DEL CHUBUT S.A.,publico,situacion_deudores,C.COM.Sit.3: Con problemas (%),Dic-2025,1.51,2026-04-19
00083,BANCO DEL CHUBUT S.A.,publico,situacion_deudores,C.COM.Sit.4: Con alto riesgo de insolvencia (%),Dic-2025,6.09,2026-04-19
00083,BANCO DEL CHUBUT S.A.,publico,situacion_deudores,C.COM.Sit.5: Irrecuperable (%),Dic-2025,5.46,2026-04-19
00083,BANCO DEL CHUBUT S.A.,publico,situacion_deudores,C.COM.TOTAL GARANTIZADO - Garantías Preferidas A y B (%),Dic-2025,23.46,2026-04-19
00083,BANCO DEL CHUBUT S.A.,publico,situacion_deudores,CARTERA DE CONSUMO O VIVIENDA ($),Dic-2025,351927.99,2026-04-19
00083,BANCO DEL CHUBUT S.A.,publico,situacion_deudores,Total cartera sobre financiaciones (%),Dic-2025,55.8,2026-04-19
00083,BANCO DEL CHUBUT S.A.,publico,situacion_deudores,C.CON.Sit.1: En situación normal (%),Dic-2025,89.76,2026-04-19
00083,BANCO DEL CHUBUT S.A.,publico,situacion_deudores,C.CON.Sit.2: Riesgo bajo (%),Dic-2025,4.4,2026-04-19
00083,BANCO DEL CHUBUT S.A.,publico,situacion_deudores,C.CON.Sit.3: Riesgo medio (%),Dic-2025,3.23,2026-04-19
00083,BANCO DEL CHUBUT S.A.,publico,situacion_deudores,C.CON.Sit.4: Riesgo alto (%),Dic-2025,2.05,2026-04-19
00083,BANCO DEL CHUBUT S.A.,publico,situacion_deudores,C.CON.Sit.5: Irrecuperable (%),Dic-2025,0.55,2026-04-19
00083,BANCO DEL CHUBUT S.A.,publico,situacion_deudores,C.CON.TOTAL GARANTIZADO - Garantías Preferidas A y B (%),Dic-2025,18.84,2026-04-19
00083,BANCO DEL CHUBUT S.A.,publico,situacion_deudores,CARTERA COMERCIAL ASIMILABLE A CONSUMO ($),Dic-2025,112362.41,2026-04-19
00083,BANCO DEL CHUBUT S.A.,publico,situacion_deudores,Total cartera sobre financiaciones (%),Dic-2025,17.81,2026-04-19
00083,BANCO DEL CHUBUT S.A.,publico,situacion_deudores,C.CAC.Sit.1: En situación normal (%),Dic-2025,85.05,2026-04-19
00083,BANCO DEL CHUBUT S.A.,publico,situacion_deudores,C.CAC.Sit.2: Riesgo bajo (%),Dic-2025,6.16,2026-04-19
00083,BANCO DEL CHUBUT S.A.,publico,situacion_deudores,C.CAC.Sit.3: Riesgo medio (%),Dic-2025,4.31,2026-04-19
00083,BANCO DEL CHUBUT S.A.,publico,situacion_deudores,C.CAC.Sit.4: Riesgo alto (%),Dic-2025,3.3,2026-04-19
00083,BANCO DEL CHUBUT S.A.,publico,situacion_deudores,C.CAC.Sit.5: Irrecuperable (%),Dic-2025,1.19,2026-04-19
00083,BANCO DEL CHUBUT S.A.,publico,situacion_deudores,C.CAC.TOTAL GARANTIZADO - Garantías Preferidas A y B (%),Dic-2025,41.67,2026-04-19
00083,BANCO DEL CHUBUT S.A.,publico,situacion_deudores,TOTAL DE FINANCIACIONES Y GARANTIAS OTORGADAS ($),Ene-2026,595666.14,2026-04-19
00083,BANCO DEL CHUBUT S.A.,publico,situacion_deudores,TF.Sit.1: En situación normal (%),Ene-2026,85.0,2026-04-19
00083,BANCO DEL CHUBUT S.A.,publico,situacion_deudores,TF.Sit.2: Con seguimiento especial/Riesgo bajo (%),Ene-2026,5.54,2026-04-19
00083,BANCO DEL CHUBUT S.A.,publico,situacion_deudores,TF.Sit.3: Con problemas/Riesgo medio (%),Ene-2026,3.33,2026-04-19
00083,BANCO DEL CHUBUT S.A.,publico,situacion_deudores,TF.Sit.4: Con alto riesgo de insolvencia/Riesgo alto (%),Ene-2026,3.97,2026-04-19
00083,BANCO DEL CHUBUT S.A.,publico,situacion_deudores,TF.Sit.5: Irrecuperable (%),Ene-2026,2.16,2026-04-19
00083,BANCO DEL CHUBUT S.A.,publico,situacion_deudores,TOTAL GARANTIZADO - Garantías Preferidas A y B (%),Ene-2026,25.8,2026-04-19
00083,BANCO DEL CHUBUT S.A.,publico,situacion_deudores,Previsiones por riesgo de incobrabilidad constituídas,Ene-2026,28113.88,2026-04-19
00083,BANCO DEL CHUBUT S.A.,publico,situacion_deudores,CARTERA COMERCIAL ($),Ene-2026,117856.1,2026-04-19
00083,BANCO DEL CHUBUT S.A.,publico,situacion_deudores,Total cartera sobre financiaciones (%),Ene-2026,19.79,2026-04-19
00083,BANCO DEL CHUBUT S.A.,publico,situacion_deudores,C.COM.Sit.1: En situación normal (%),Ene-2026,71.93,2026-04-19
00083,BANCO DEL CHUBUT S.A.,publico,situacion_deudores,C.COM.Sit.2: Con seguimiento especial (%),Ene-2026,9.6,2026-04-19
00083,BANCO DEL CHUBUT S.A.,publico,situacion_deudores,C.COM.Sit.3: Con problemas (%),Ene-2026,2.12,2026-04-19
00083,BANCO DEL CHUBUT S.A.,publico,situacion_deudores,C.COM.Sit.4: Con alto riesgo de insolvencia (%),Ene-2026,8.64,2026-04-19
00083,BANCO DEL CHUBUT S.A.,publico,situacion_deudores,C.COM.Sit.5: Irrecuperable (%),Ene-2026,7.71,2026-04-19
00083,BANCO DEL CHUBUT S.A.,publico,situacion_deudores,C.COM.TOTAL GARANTIZADO - Garantías Preferidas A y B (%),Ene-2026,31.79,2026-04-19
00083,BANCO DEL CHUBUT S.A.,publico,situacion_deudores,CARTERA DE CONSUMO O VIVIENDA ($),Ene-2026,362393.65,2026-04-19
00083,BANCO DEL CHUBUT S.A.,publico,situacion_deudores,Total cartera sobre financiaciones (%),Ene-2026,60.84,2026-04-19
00083,BANCO DEL CHUBUT S.A.,publico,situacion_deudores,C.CON.Sit.1: En situación normal (%),Ene-2026,89.13,2026-04-19
00083,BANCO DEL CHUBUT S.A.,publico,situacion_deudores,C.CON.Sit.2: Riesgo bajo (%),Ene-2026,4.59,2026-04-19
00083,BANCO DEL CHUBUT S.A.,publico,situacion_deudores,C.CON.Sit.3: Riesgo medio (%),Ene-2026,3.22,2026-04-19
00083,BANCO DEL CHUBUT S.A.,publico,situacion_deudores,C.CON.Sit.4: Riesgo alto (%),Ene-2026,2.42,2026-04-19
00083,BANCO DEL CHUBUT S.A.,publico,situacion_deudores,C.CON.Sit.5: Irrecuperable (%),Ene-2026,0.64,2026-04-19
00083,BANCO DEL CHUBUT S.A.,publico,situacion_deudores,C.CON.TOTAL GARANTIZADO - Garantías Preferidas A y B (%),Ene-2026,18.63,2026-04-19
00083,BANCO DEL CHUBUT S.A.,publico,situacion_deudores,CARTERA COMERCIAL ASIMILABLE A CONSUMO ($),Ene-2026,115416.39,2026-04-19
00083,BANCO DEL CHUBUT S.A.,publico,situacion_deudores,Total cartera sobre financiaciones (%),Ene-2026,19.38,2026-04-19
00083,BANCO DEL CHUBUT S.A.,publico,situacion_deudores,C.CAC.Sit.1: En situación normal (%),Ene-2026,85.37,2026-04-19
00083,BANCO DEL CHUBUT S.A.,publico,situacion_deudores,C.CAC.Sit.2: Riesgo bajo (%),Ene-2026,4.4,2026-04-19
00083,BANCO DEL CHUBUT S.A.,publico,situacion_deudores,C.CAC.Sit.3: Riesgo medio (%),Ene-2026,4.92,2026-04-19
00083,BANCO DEL CHUBUT S.A.,publico,situacion_deudores,C.CAC.Sit.4: Riesgo alto (%),Ene-2026,4.06,2026-04-19
00083,BANCO DEL CHUBUT S.A.,publico,situacion_deudores,C.CAC.Sit.5: Irrecuperable (%),Ene-2026,1.25,2026-04-19
00083,BANCO DEL CHUBUT S.A.,publico,situacion_deudores,C.CAC.TOTAL GARANTIZADO - Garantías Preferidas A y B (%),Ene-2026,42.18,2026-04-19
00310,BANCO DEL SOL S.A.,privado_nacional,situacion_deudores,TOTAL DE FINANCIACIONES Y GARANTIAS OTORGADAS ($),Dic-2023,17827.91,2026-04-19
00310,BANCO DEL SOL S.A.,privado_nacional,situacion_deudores,TF.Sit.1: En situación normal (%),Dic-2023,82.2,2026-04-19
00310,BANCO DEL SOL S.A.,privado_nacional,situacion_deudores,TF.Sit.2: Con seguimiento especial/Riesgo bajo (%),Dic-2023,14.86,2026-04-19
00310,BANCO DEL SOL S.A.,privado_nacional,situacion_deudores,TF.Sit.3: Con problemas/Riesgo medio (%),Dic-2023,1.41,2026-04-19
00310,BANCO DEL SOL S.A.,privado_nacional,situacion_deudores,TF.Sit.4: Con alto riesgo de insolvencia/Riesgo alto (%),Dic-2023,1.41,2026-04-19
00310,BANCO DEL SOL S.A.,privado_nacional,situacion_deudores,TF.Sit.5: Irrecuperable (%),Dic-2023,0.11,2026-04-19
00310,BANCO DEL SOL S.A.,privado_nacional,situacion_deudores,TOTAL GARANTIZADO - Garantías Preferidas A y B (%),Dic-2023,13.97,2026-04-19
00310,BANCO DEL SOL S.A.,privado_nacional,situacion_deudores,Previsiones por riesgo de incobrabilidad constituídas,Dic-2023,489.04,2026-04-19
00310,BANCO DEL SOL S.A.,privado_nacional,situacion_deudores,CARTERA COMERCIAL ($),Dic-2023,0.0,2026-04-19
00310,BANCO DEL SOL S.A.,privado_nacional,situacion_deudores,Total cartera sobre financiaciones (%),Dic-2023,0.0,2026-04-19
00310,BANCO DEL SOL S.A.,privado_nacional,situacion_deudores,C.COM.Sit.1: En situación normal (%),Dic-2023,0.0,2026-04-19
00310,BANCO DEL SOL S.A.,privado_nacional,situacion_deudores,C.COM.TOTAL GARANTIZADO - Garantías Preferidas A y B (%),Dic-2023,0.0,2026-04-19
00310,BANCO DEL SOL S.A.,privado_nacional,situacion_deudores,CARTERA DE CONSUMO O VIVIENDA ($),Dic-2023,12156.01,2026-04-19
00310,BANCO DEL SOL S.A.,privado_nacional,situacion_deudores,Total cartera sobre financiaciones (%),Dic-2023,68.19,2026-04-19
00310,BANCO DEL SOL S.A.,privado_nacional,situacion_deudores,C.CON.Sit.1: En situación normal (%),Dic-2023,75.15,2026-04-19
00310,BANCO DEL SOL S.A.,privado_nacional,situacion_deudores,C.CON.Sit.2: Riesgo bajo (%),Dic-2023,21.75,2026-04-19
00310,BANCO DEL SOL S.A.,privado_nacional,situacion_deudores,C.CON.Sit.3: Riesgo medio (%),Dic-2023,1.66,2026-04-19
00310,BANCO DEL SOL S.A.,privado_nacional,situacion_deudores,C.CON.Sit.4: Riesgo alto (%),Dic-2023,1.34,2026-04-19
00310,BANCO DEL SOL S.A.,privado_nacional,situacion_deudores,C.CON.Sit.5: Irrecuperable (%),Dic-2023,0.1,2026-04-19
00310,BANCO DEL SOL S.A.,privado_nacional,situacion_deudores,C.CON.TOTAL GARANTIZADO - Garantías Preferidas A y B (%),Dic-2023,13.66,2026-04-19
00310,BANCO DEL SOL S.A.,privado_nacional,situacion_deudores,CARTERA COMERCIAL ASIMILABLE A CONSUMO ($),Dic-2023,5671.9,2026-04-19
00310,BANCO DEL SOL S.A.,privado_nacional,situacion_deudores,Total cartera sobre financiaciones (%),Dic-2023,31.81,2026-04-19
00310,BANCO DEL SOL S.A.,privado_nacional,situacion_deudores,C.CAC.Sit.1: En situación normal (%),Dic-2023,97.31,2026-04-19
00310,BANCO DEL SOL S.A.,privado_nacional,situacion_deudores,C.CAC.Sit.2: Riesgo bajo (%),Dic-2023,0.12,2026-04-19
00310,BANCO DEL SOL S.A.,privado_nacional,situacion_deudores,C.CAC.Sit.3: Riesgo medio (%),Dic-2023,0.86,2026-04-19
00310,BANCO DEL SOL S.A.,privado_nacional,situacion_deudores,C.CAC.Sit.4: Riesgo alto (%),Dic-2023,1.58,2026-04-19
00310,BANCO DEL SOL S.A.,privado_nacional,situacion_deudores,C.CAC.Sit.5: Irrecuperable (%),Dic-2023,0.14,2026-04-19
00310,BANCO DEL SOL S.A.,privado_nacional,situacion_deudores,C.CAC.TOTAL GARANTIZADO - Garantías Preferidas A y B (%),Dic-2023,14.64,2026-04-19
00310,BANCO DEL SOL S.A.,privado_nacional,situacion_deudores,TOTAL DE FINANCIACIONES Y GARANTIAS OTORGADAS ($),Dic-2024,136506.37,2026-04-19
00310,BANCO DEL SOL S.A.,privado_nacional,situacion_deudores,TF.Sit.1: En situación normal (%),Dic-2024,95.16,2026-04-19
00310,BANCO DEL SOL S.A.,privado_nacional,situacion_deudores,TF.Sit.2: Con seguimiento especial/Riesgo bajo (%),Dic-2024,3.29,2026-04-19
00310,BANCO DEL SOL S.A.,privado_nacional,situacion_deudores,TF.Sit.3: Con problemas/Riesgo medio (%),Dic-2024,0.81,2026-04-19
00310,BANCO DEL SOL S.A.,privado_nacional,situacion_deudores,TF.Sit.4: Con alto riesgo de insolvencia/Riesgo alto (%),Dic-2024,0.61,2026-04-19
00310,BANCO DEL SOL S.A.,privado_nacional,situacion_deudores,TF.Sit.5: Irrecuperable (%),Dic-2024,0.13,2026-04-19
00310,BANCO DEL SOL S.A.,privado_nacional,situacion_deudores,TOTAL GARANTIZADO - Garantías Preferidas A y B (%),Dic-2024,36.15,2026-04-19
00310,BANCO DEL SOL S.A.,privado_nacional,situacion_deudores,Previsiones por riesgo de incobrabilidad constituídas,Dic-2024,2340.33,2026-04-19
00310,BANCO DEL SOL S.A.,privado_nacional,situacion_deudores,CARTERA COMERCIAL ($),Dic-2024,9588.09,2026-04-19
00310,BANCO DEL SOL S.A.,privado_nacional,situacion_deudores,Total cartera sobre financiaciones (%),Dic-2024,7.02,2026-04-19
00310,BANCO DEL SOL S.A.,privado_nacional,situacion_deudores,C.COM.Sit.1: En situación normal (%),Dic-2024,100.0,2026-04-19
00310,BANCO DEL SOL S.A.,privado_nacional,situacion_deudores,C.COM.TOTAL GARANTIZADO - Garantías Preferidas A y B (%),Dic-2024,38.31,2026-04-19
00310,BANCO DEL SOL S.A.,privado_nacional,situacion_deudores,CARTERA DE CONSUMO O VIVIENDA ($),Dic-2024,95788.99,2026-04-19
00310,BANCO DEL SOL S.A.,privado_nacional,situacion_deudores,Total cartera sobre financiaciones (%),Dic-2024,70.17,2026-04-19
00310,BANCO DEL SOL S.A.,privado_nacional,situacion_deudores,C.CON.Sit.1: En situación normal (%),Dic-2024,93.96,2026-04-19
00310,BANCO DEL SOL S.A.,privado_nacional,situacion_deudores,C.CON.Sit.2: Riesgo bajo (%),Dic-2024,4.46,2026-04-19
00310,BANCO DEL SOL S.A.,privado_nacional,situacion_deudores,C.CON.Sit.3: Riesgo medio (%),Dic-2024,1.04,2026-04-19
00310,BANCO DEL SOL S.A.,privado_nacional,situacion_deudores,C.CON.Sit.4: Riesgo alto (%),Dic-2024,0.46,2026-04-19
00310,BANCO DEL SOL S.A.,privado_nacional,situacion_deudores,C.CON.Sit.5: Irrecuperable (%),Dic-2024,0.08,2026-04-19
00310,BANCO DEL SOL S.A.,privado_nacional,situacion_deudores,C.CON.TOTAL GARANTIZADO - Garantías Preferidas A y B (%),Dic-2024,39.99,2026-04-19
00310,BANCO DEL SOL S.A.,privado_nacional,situacion_deudores,CARTERA COMERCIAL ASIMILABLE A CONSUMO ($),Dic-2024,31129.29,2026-04-19
00310,BANCO DEL SOL S.A.,privado_nacional,situacion_deudores,Total cartera sobre financiaciones (%),Dic-2024,22.8,2026-04-19
00310,BANCO DEL SOL S.A.,privado_nacional,situacion_deudores,C.CAC.Sit.1: En situación normal (%),Dic-2024,97.38,2026-04-19
00310,BANCO DEL SOL S.A.,privado_nacional,situacion_deudores,C.CAC.Sit.2: Riesgo bajo (%),Dic-2024,0.69,2026-04-19
00310,BANCO DEL SOL S.A.,privado_nacional,situacion_deudores,C.CAC.Sit.3: Riesgo medio (%),Dic-2024,0.36,2026-04-19
00310,BANCO DEL SOL S.A.,privado_nacional,situacion_deudores,C.CAC.Sit.4: Riesgo alto (%),Dic-2024,1.24,2026-04-19
00310,BANCO DEL SOL S.A.,privado_nacional,situacion_deudores,C.CAC.Sit.5: Irrecuperable (%),Dic-2024,0.33,2026-04-19
00310,BANCO DEL SOL S.A.,privado_nacional,situacion_deudores,C.CAC.TOTAL GARANTIZADO - Garantías Preferidas A y B (%),Dic-2024,23.66,2026-04-19
00310,BANCO DEL SOL S.A.,privado_nacional,situacion_deudores,TOTAL DE FINANCIACIONES Y GARANTIAS OTORGADAS ($),Nov-2025,355577.12,2026-04-19
00310,BANCO DEL SOL S.A.,privado_nacional,situacion_deudores,TF.Sit.1: En situación normal (%),Nov-2025,87.24,2026-04-19
00310,BANCO DEL SOL S.A.,privado_nacional,situacion_deudores,TF.Sit.2: Con seguimiento especial/Riesgo bajo (%),Nov-2025,6.03,2026-04-19
00310,BANCO DEL SOL S.A.,privado_nacional,situacion_deudores,TF.Sit.3: Con problemas/Riesgo medio (%),Nov-2025,3.65,2026-04-19
00310,BANCO DEL SOL S.A.,privado_nacional,situacion_deudores,TF.Sit.4: Con alto riesgo de insolvencia/Riesgo alto (%),Nov-2025,2.57,2026-04-19
00310,BANCO DEL SOL S.A.,privado_nacional,situacion_deudores,TF.Sit.5: Irrecuperable (%),Nov-2025,0.51,2026-04-19
00310,BANCO DEL SOL S.A.,privado_nacional,situacion_deudores,TOTAL GARANTIZADO - Garantías Preferidas A y B (%),Nov-2025,51.47,2026-04-19
00310,BANCO DEL SOL S.A.,privado_nacional,situacion_deudores,Previsiones por riesgo de incobrabilidad constituídas,Nov-2025,4247.79,2026-04-19
00310,BANCO DEL SOL S.A.,privado_nacional,situacion_deudores,CARTERA COMERCIAL ($),Nov-2025,2926.6,2026-04-19
00310,BANCO DEL SOL S.A.,privado_nacional,situacion_deudores,Total cartera sobre financiaciones (%),Nov-2025,0.82,2026-04-19
00310,BANCO DEL SOL S.A.,privado_nacional,situacion_deudores,C.COM.Sit.1: En situación normal (%),Nov-2025,100.0,2026-04-19
00310,BANCO DEL SOL S.A.,privado_nacional,situacion_deudores,C.COM.TOTAL GARANTIZADO - Garantías Preferidas A y B (%),Nov-2025,0.0,2026-04-19
00310,BANCO DEL SOL S.A.,privado_nacional,situacion_deudores,CARTERA DE CONSUMO O VIVIENDA ($),Nov-2025,259872.05,2026-04-19
00310,BANCO DEL SOL S.A.,privado_nacional,situacion_deudores,Total cartera sobre financiaciones (%),Nov-2025,73.08,2026-04-19
00310,BANCO DEL SOL S.A.,privado_nacional,situacion_deudores,C.CON.Sit.1: En situación normal (%),Nov-2025,86.21,2026-04-19
00310,BANCO DEL SOL S.A.,privado_nacional,situacion_deudores,C.CON.Sit.2: Riesgo bajo (%),Nov-2025,7.06,2026-04-19
00310,BANCO DEL SOL S.A.,privado_nacional,situacion_deudores,C.CON.Sit.3: Riesgo medio (%),Nov-2025,3.47,2026-04-19
00310,BANCO DEL SOL S.A.,privado_nacional,situacion_deudores,C.CON.Sit.4: Riesgo alto (%),Nov-2025,2.99,2026-04-19
00310,BANCO DEL SOL S.A.,privado_nacional,situacion_deudores,C.CON.Sit.5: Irrecuperable (%),Nov-2025,0.27,2026-04-19
00310,BANCO DEL SOL S.A.,privado_nacional,situacion_deudores,C.CON.TOTAL GARANTIZADO - Garantías Preferidas A y B (%),Nov-2025,60.39,2026-04-19
00310,BANCO DEL SOL S.A.,privado_nacional,situacion_deudores,CARTERA COMERCIAL ASIMILABLE A CONSUMO ($),Nov-2025,92778.47,2026-04-19
00310,BANCO DEL SOL S.A.,privado_nacional,situacion_deudores,Total cartera sobre financiaciones (%),Nov-2025,26.09,2026-04-19
00310,BANCO DEL SOL S.A.,privado_nacional,situacion_deudores,C.CAC.Sit.1: En situación normal (%),Nov-2025,89.71,2026-04-19
00310,BANCO DEL SOL S.A.,privado_nacional,situacion_deudores,C.CAC.Sit.2: Riesgo bajo (%),Nov-2025,3.34,2026-04-19
00310,BANCO DEL SOL S.A.,privado_nacional,situacion_deudores,C.CAC.Sit.3: Riesgo medio (%),Nov-2025,4.29,2026-04-19
00310,BANCO DEL SOL S.A.,privado_nacional,situacion_deudores,C.CAC.Sit.4: Riesgo alto (%),Nov-2025,1.45,2026-04-19
00310,BANCO DEL SOL S.A.,privado_nacional,situacion_deudores,C.CAC.Sit.5: Irrecuperable (%),Nov-2025,1.21,2026-04-19
00310,BANCO DEL SOL S.A.,privado_nacional,situacion_deudores,C.CAC.TOTAL GARANTIZADO - Garantías Preferidas A y B (%),Nov-2025,28.09,2026-04-19
00310,BANCO DEL SOL S.A.,privado_nacional,situacion_deudores,TOTAL DE FINANCIACIONES Y GARANTIAS OTORGADAS ($),Dic-2025,378898.44,2026-04-19
00310,BANCO DEL SOL S.A.,privado_nacional,situacion_deudores,TF.Sit.1: En situación normal (%),Dic-2025,86.72,2026-04-19
00310,BANCO DEL SOL S.A.,privado_nacional,situacion_deudores,TF.Sit.2: Con seguimiento especial/Riesgo bajo (%),Dic-2025,5.53,2026-04-19
00310,BANCO DEL SOL S.A.,privado_nacional,situacion_deudores,TF.Sit.3: Con problemas/Riesgo medio (%),Dic-2025,3.53,2026-04-19
00310,BANCO DEL SOL S.A.,privado_nacional,situacion_deudores,TF.Sit.4: Con alto riesgo de insolvencia/Riesgo alto (%),Dic-2025,3.55,2026-04-19
00310,BANCO DEL SOL S.A.,privado_nacional,situacion_deudores,TF.Sit.5: Irrecuperable (%),Dic-2025,0.68,2026-04-19
00310,BANCO DEL SOL S.A.,privado_nacional,situacion_deudores,TOTAL GARANTIZADO - Garantías Preferidas A y B (%),Dic-2025,50.5,2026-04-19
00310,BANCO DEL SOL S.A.,privado_nacional,situacion_deudores,Previsiones por riesgo de incobrabilidad constituídas,Dic-2025,10074.36,2026-04-19
00310,BANCO DEL SOL S.A.,privado_nacional,situacion_deudores,CARTERA COMERCIAL ($),Dic-2025,2969.46,2026-04-19
00310,BANCO DEL SOL S.A.,privado_nacional,situacion_deudores,Total cartera sobre financiaciones (%),Dic-2025,0.78,2026-04-19
00310,BANCO DEL SOL S.A.,privado_nacional,situacion_deudores,C.COM.Sit.1: En situación normal (%),Dic-2025,100.0,2026-04-19
00310,BANCO DEL SOL S.A.,privado_nacional,situacion_deudores,C.COM.TOTAL GARANTIZADO - Garantías Preferidas A y B (%),Dic-2025,0.0,2026-04-19
00310,BANCO DEL SOL S.A.,privado_nacional,situacion_deudores,CARTERA DE CONSUMO O VIVIENDA ($),Dic-2025,273807.17,2026-04-19
00310,BANCO DEL SOL S.A.,privado_nacional,situacion_deudores,Total cartera sobre financiaciones (%),Dic-2025,72.26,2026-04-19
00310,BANCO DEL SOL S.A.,privado_nacional,situacion_deudores,C.CON.Sit.1: En situación normal (%),Dic-2025,85.3,2026-04-19
00310,BANCO DEL SOL S.A.,privado_nacional,situacion_deudores,C.CON.Sit.2: Riesgo bajo (%),Dic-2025,7.05,2026-04-19
00310,BANCO DEL SOL S.A.,privado_nacional,situacion_deudores,C.CON.Sit.3: Riesgo medio (%),Dic-2025,3.64,2026-04-19
00310,BANCO DEL SOL S.A.,privado_nacional,situacion_deudores,C.CON.Sit.4: Riesgo alto (%),Dic-2025,3.48,2026-04-19
00310,BANCO DEL SOL S.A.,privado_nacional,situacion_deudores,C.CON.Sit.5: Irrecuperable (%),Dic-2025,0.52,2026-04-19
00310,BANCO DEL SOL S.A.,privado_nacional,situacion_deudores,C.CON.TOTAL GARANTIZADO - Garantías Preferidas A y B (%),Dic-2025,60.32,2026-04-19
00310,BANCO DEL SOL S.A.,privado_nacional,situacion_deudores,CARTERA COMERCIAL ASIMILABLE A CONSUMO ($),Dic-2025,102121.81,2026-04-19
00310,BANCO DEL SOL S.A.,privado_nacional,situacion_deudores,Total cartera sobre financiaciones (%),Dic-2025,26.95,2026-04-19
00310,BANCO DEL SOL S.A.,privado_nacional,situacion_deudores,C.CAC.Sit.1: En situación normal (%),Dic-2025,90.13,2026-04-19
00310,BANCO DEL SOL S.A.,privado_nacional,situacion_deudores,C.CAC.Sit.2: Riesgo bajo (%),Dic-2025,1.59,2026-04-19
00310,BANCO DEL SOL S.A.,privado_nacional,situacion_deudores,C.CAC.Sit.3: Riesgo medio (%),Dic-2025,3.34,2026-04-19
00310,BANCO DEL SOL S.A.,privado_nacional,situacion_deudores,C.CAC.Sit.4: Riesgo alto (%),Dic-2025,3.83,2026-04-19
00310,BANCO DEL SOL S.A.,privado_nacional,situacion_deudores,C.CAC.Sit.5: Irrecuperable (%),Dic-2025,1.11,2026-04-19
00310,BANCO DEL SOL S.A.,privado_nacional,situacion_deudores,C.CAC.TOTAL GARANTIZADO - Garantías Preferidas A y B (%),Dic-2025,25.63,2026-04-19
00310,BANCO DEL SOL S.A.,privado_nacional,situacion_deudores,TOTAL DE FINANCIACIONES Y GARANTIAS OTORGADAS ($),Ene-2026,393770.77,2026-04-19
00310,BANCO DEL SOL S.A.,privado_nacional,situacion_deudores,TF.Sit.1: En situación normal (%),Ene-2026,85.59,2026-04-19
00310,BANCO DEL SOL S.A.,privado_nacional,situacion_deudores,TF.Sit.2: Con seguimiento especial/Riesgo bajo (%),Ene-2026,5.71,2026-04-19
00310,BANCO DEL SOL S.A.,privado_nacional,situacion_deudores,TF.Sit.3: Con problemas/Riesgo medio (%),Ene-2026,4.14,2026-04-19
00310,BANCO DEL SOL S.A.,privado_nacional,situacion_deudores,TF.Sit.4: Con alto riesgo de insolvencia/Riesgo alto (%),Ene-2026,3.75,2026-04-19
00310,BANCO DEL SOL S.A.,privado_nacional,situacion_deudores,TF.Sit.5: Irrecuperable (%),Ene-2026,0.81,2026-04-19
00310,BANCO DEL SOL S.A.,privado_nacional,situacion_deudores,TOTAL GARANTIZADO - Garantías Preferidas A y B (%),Ene-2026,51.46,2026-04-19
00310,BANCO DEL SOL S.A.,privado_nacional,situacion_deudores,Previsiones por riesgo de incobrabilidad constituídas,Ene-2026,11473.58,2026-04-19
00310,BANCO DEL SOL S.A.,privado_nacional,situacion_deudores,CARTERA COMERCIAL ($),Ene-2026,2970.72,2026-04-19
00310,BANCO DEL SOL S.A.,privado_nacional,situacion_deudores,Total cartera sobre financiaciones (%),Ene-2026,0.75,2026-04-19
00310,BANCO DEL SOL S.A.,privado_nacional,situacion_deudores,C.COM.Sit.1: En situación normal (%),Ene-2026,100.0,2026-04-19
00310,BANCO DEL SOL S.A.,privado_nacional,situacion_deudores,C.COM.TOTAL GARANTIZADO - Garantías Preferidas A y B (%),Ene-2026,0.0,2026-04-19
00310,BANCO DEL SOL S.A.,privado_nacional,situacion_deudores,CARTERA DE CONSUMO O VIVIENDA ($),Ene-2026,285879.92,2026-04-19
00310,BANCO DEL SOL S.A.,privado_nacional,situacion_deudores,Total cartera sobre financiaciones (%),Ene-2026,72.6,2026-04-19
00310,BANCO DEL SOL S.A.,privado_nacional,situacion_deudores,C.CON.Sit.1: En situación normal (%),Ene-2026,84.37,2026-04-19
00310,BANCO DEL SOL S.A.,privado_nacional,situacion_deudores,C.CON.Sit.2: Riesgo bajo (%),Ene-2026,7.18,2026-04-19
00310,BANCO DEL SOL S.A.,privado_nacional,situacion_deudores,C.CON.Sit.3: Riesgo medio (%),Ene-2026,4.12,2026-04-19
00310,BANCO DEL SOL S.A.,privado_nacional,situacion_deudores,C.CON.Sit.4: Riesgo alto (%),Ene-2026,3.61,2026-04-19
00310,BANCO DEL SOL S.A.,privado_nacional,situacion_deudores,C.CON.Sit.5: Irrecuperable (%),Ene-2026,0.73,2026-04-19
00310,BANCO DEL SOL S.A.,privado_nacional,situacion_deudores,C.CON.TOTAL GARANTIZADO - Garantías Preferidas A y B (%),Ene-2026,61.5,2026-04-19
00310,BANCO DEL SOL S.A.,privado_nacional,situacion_deudores,CARTERA COMERCIAL ASIMILABLE A CONSUMO ($),Ene-2026,104920.13,2026-04-19
00310,BANCO DEL SOL S.A.,privado_nacional,situacion_deudores,Total cartera sobre financiaciones (%),Ene-2026,26.64,2026-04-19
00310,BANCO DEL SOL S.A.,privado_nacional,situacion_deudores,C.CAC.Sit.1: En situación normal (%),Ene-2026,88.52,2026-04-19
00310,BANCO DEL SOL S.A.,privado_nacional,situacion_deudores,C.CAC.Sit.2: Riesgo bajo (%),Ene-2026,1.85,2026-04-19
00310,BANCO DEL SOL S.A.,privado_nacional,situacion_deudores,C.CAC.Sit.3: Riesgo medio (%),Ene-2026,4.33,2026-04-19
00310,BANCO DEL SOL S.A.,privado_nacional,situacion_deudores,C.CAC.Sit.4: Riesgo alto (%),Ene-2026,4.22,2026-04-19
00310,BANCO DEL SOL S.A.,privado_nacional,situacion_deudores,C.CAC.Sit.5: Irrecuperable (%),Ene-2026,1.07,2026-04-19
00310,BANCO DEL SOL S.A.,privado_nacional,situacion_deudores,C.CAC.TOTAL GARANTIZADO - Garantías Preferidas A y B (%),Ene-2026,25.58,2026-04-19
00448,BANCO DINO S.A.,privado_nacional,situacion_deudores,TOTAL DE FINANCIACIONES Y GARANTIAS OTORGADAS ($),Dic-2023,2575.81,2026-04-19
00448,BANCO DINO S.A.,privado_nacional,situacion_deudores,TF.Sit.1: En situación normal (%),Dic-2023,94.35,2026-04-19
00448,BANCO DINO S.A.,privado_nacional,situacion_deudores,TF.Sit.2: Con seguimiento especial/Riesgo bajo (%),Dic-2023,0.34,2026-04-19
00448,BANCO DINO S.A.,privado_nacional,situacion_deudores,TF.Sit.3: Con problemas/Riesgo medio (%),Dic-2023,4.28,2026-04-19
00448,BANCO DINO S.A.,privado_nacional,situacion_deudores,TF.Sit.4: Con alto riesgo de insolvencia/Riesgo alto (%),Dic-2023,0.65,2026-04-19
00448,BANCO DINO S.A.,privado_nacional,situacion_deudores,TF.Sit.5: Irrecuperable (%),Dic-2023,0.38,2026-04-19
00448,BANCO DINO S.A.,privado_nacional,situacion_deudores,TOTAL GARANTIZADO - Garantías Preferidas A y B (%),Dic-2023,6.02,2026-04-19
00448,BANCO DINO S.A.,privado_nacional,situacion_deudores,Previsiones por riesgo de incobrabilidad constituídas,Dic-2023,58.35,2026-04-19
00448,BANCO DINO S.A.,privado_nacional,situacion_deudores,CARTERA COMERCIAL ($),Dic-2023,1076.25,2026-04-19
00448,BANCO DINO S.A.,privado_nacional,situacion_deudores,Total cartera sobre financiaciones (%),Dic-2023,41.78,2026-04-19
00448,BANCO DINO S.A.,privado_nacional,situacion_deudores,C.COM.Sit.1: En situación normal (%),Dic-2023,90.34,2026-04-19
00448,BANCO DINO S.A.,privado_nacional,situacion_deudores,C.COM.Sit.2: Con seguimiento especial (%),Dic-2023,0.0,2026-04-19
00448,BANCO DINO S.A.,privado_nacional,situacion_deudores,C.COM.Sit.3: Con problemas (%),Dic-2023,9.66,2026-04-19
00448,BANCO DINO S.A.,privado_nacional,situacion_deudores,C.COM.Sit.4: Con alto riesgo de insolvencia (%),Dic-2023,0.0,2026-04-19
00448,BANCO DINO S.A.,privado_nacional,situacion_deudores,C.COM.TOTAL GARANTIZADO - Garantías Preferidas A y B (%),Dic-2023,9.1,2026-04-19
00448,BANCO DINO S.A.,privado_nacional,situacion_deudores,CARTERA DE CONSUMO O VIVIENDA ($),Dic-2023,1083.63,2026-04-19
00448,BANCO DINO S.A.,privado_nacional,situacion_deudores,Total cartera sobre financiaciones (%),Dic-2023,42.07,2026-04-19
00448,BANCO DINO S.A.,privado_nacional,situacion_deudores,C.CON.Sit.1: En situación normal (%),Dic-2023,96.18,2026-04-19
00448,BANCO DINO S.A.,privado_nacional,situacion_deudores,C.CON.Sit.2: Riesgo bajo (%),Dic-2023,0.81,2026-04-19
00448,BANCO DINO S.A.,privado_nacional,situacion_deudores,C.CON.Sit.3: Riesgo medio (%),Dic-2023,0.58,2026-04-19
00448,BANCO DINO S.A.,privado_nacional,situacion_deudores,C.CON.Sit.4: Riesgo alto (%),Dic-2023,1.53,2026-04-19
00448,BANCO DINO S.A.,privado_nacional,situacion_deudores,C.CON.Sit.5: Irrecuperable (%),Dic-2023,0.9,2026-04-19
00448,BANCO DINO S.A.,privado_nacional,situacion_deudores,C.CON.TOTAL GARANTIZADO - Garantías Preferidas A y B (%),Dic-2023,3.97,2026-04-19
00448,BANCO DINO S.A.,privado_nacional,situacion_deudores,CARTERA COMERCIAL ASIMILABLE A CONSUMO ($),Dic-2023,415.92,2026-04-19
00448,BANCO DINO S.A.,privado_nacional,situacion_deudores,Total cartera sobre financiaciones (%),Dic-2023,16.15,2026-04-19
00448,BANCO DINO S.A.,privado_nacional,situacion_deudores,C.CAC.Sit.1: En situación normal (%),Dic-2023,99.99,2026-04-19
00448,BANCO DINO S.A.,privado_nacional,situacion_deudores,C.CAC.Sit.2: Riesgo bajo (%),Dic-2023,0.0,2026-04-19
00448,BANCO DINO S.A.,privado_nacional,situacion_deudores,C.CAC.Sit.3: Riesgo medio (%),Dic-2023,0.01,2026-04-19
00448,BANCO DINO S.A.,privado_nacional,situacion_deudores,C.CAC.Sit.4: Riesgo alto (%),Dic-2023,0.0,2026-04-19
00448,BANCO DINO S.A.,privado_nacional,situacion_deudores,C.CAC.Sit.5: Irrecuperable (%),Dic-2023,0.0,2026-04-19
00448,BANCO DINO S.A.,privado_nacional,situacion_deudores,C.CAC.TOTAL GARANTIZADO - Garantías Preferidas A y B (%),Dic-2023,3.38,2026-04-19
00448,BANCO DINO S.A.,privado_nacional,situacion_deudores,TOTAL DE FINANCIACIONES Y GARANTIAS OTORGADAS ($),Dic-2024,11451.2,2026-04-19
00448,BANCO DINO S.A.,privado_nacional,situacion_deudores,TF.Sit.1: En situación normal (%),Dic-2024,99.06,2026-04-19
00448,BANCO DINO S.A.,privado_nacional,situacion_deudores,TF.Sit.2: Con seguimiento especial/Riesgo bajo (%),Dic-2024,0.43,2026-04-19
00448,BANCO DINO S.A.,privado_nacional,situacion_deudores,TF.Sit.3: Con problemas/Riesgo medio (%),Dic-2024,0.18,2026-04-19
00448,BANCO DINO S.A.,privado_nacional,situacion_deudores,TF.Sit.4: Con alto riesgo de insolvencia/Riesgo alto (%),Dic-2024,0.26,2026-04-19
00448,BANCO DINO S.A.,privado_nacional,situacion_deudores,TF.Sit.5: Irrecuperable (%),Dic-2024,0.07,2026-04-19
00448,BANCO DINO S.A.,privado_nacional,situacion_deudores,TOTAL GARANTIZADO - Garantías Preferidas A y B (%),Dic-2024,30.41,2026-04-19
00448,BANCO DINO S.A.,privado_nacional,situacion_deudores,Previsiones por riesgo de incobrabilidad constituídas,Dic-2024,159.12,2026-04-19
00448,BANCO DINO S.A.,privado_nacional,situacion_deudores,CARTERA COMERCIAL ($),Dic-2024,2107.78,2026-04-19
00448,BANCO DINO S.A.,privado_nacional,situacion_deudores,Total cartera sobre financiaciones (%),Dic-2024,18.41,2026-04-19
00448,BANCO DINO S.A.,privado_nacional,situacion_deudores,C.COM.Sit.1: En situación normal (%),Dic-2024,99.71,2026-04-19
00448,BANCO DINO S.A.,privado_nacional,situacion_deudores,C.COM.Sit.2: Con seguimiento especial (%),Dic-2024,0.0,2026-04-19
00448,BANCO DINO S.A.,privado_nacional,situacion_deudores,C.COM.Sit.3: Con problemas (%),Dic-2024,0.0,2026-04-19
00448,BANCO DINO S.A.,privado_nacional,situacion_deudores,C.COM.Sit.4: Con alto riesgo de insolvencia (%),Dic-2024,0.29,2026-04-19
00448,BANCO DINO S.A.,privado_nacional,situacion_deudores,C.COM.TOTAL GARANTIZADO - Garantías Preferidas A y B (%),Dic-2024,99.71,2026-04-19
00448,BANCO DINO S.A.,privado_nacional,situacion_deudores,CARTERA DE CONSUMO O VIVIENDA ($),Dic-2024,4445.35,2026-04-19
00448,BANCO DINO S.A.,privado_nacional,situacion_deudores,Total cartera sobre financiaciones (%),Dic-2024,38.82,2026-04-19
00448,BANCO DINO S.A.,privado_nacional,situacion_deudores,C.CON.Sit.1: En situación normal (%),Dic-2024,97.71,2026-04-19
00448,BANCO DINO S.A.,privado_nacional,situacion_deudores,C.CON.Sit.2: Riesgo bajo (%),Dic-2024,1.11,2026-04-19
00448,BANCO DINO S.A.,privado_nacional,situacion_deudores,C.CON.Sit.3: Riesgo medio (%),Dic-2024,0.47,2026-04-19
00448,BANCO DINO S.A.,privado_nacional,situacion_deudores,C.CON.Sit.4: Riesgo alto (%),Dic-2024,0.52,2026-04-19
00448,BANCO DINO S.A.,privado_nacional,situacion_deudores,C.CON.Sit.5: Irrecuperable (%),Dic-2024,0.19,2026-04-19
00448,BANCO DINO S.A.,privado_nacional,situacion_deudores,C.CON.TOTAL GARANTIZADO - Garantías Preferidas A y B (%),Dic-2024,23.66,2026-04-19
00448,BANCO DINO S.A.,privado_nacional,situacion_deudores,CARTERA COMERCIAL ASIMILABLE A CONSUMO ($),Dic-2024,4898.07,2026-04-19
00448,BANCO DINO S.A.,privado_nacional,situacion_deudores,Total cartera sobre financiaciones (%),Dic-2024,42.77,2026-04-19
00448,BANCO DINO S.A.,privado_nacional,situacion_deudores,C.CAC.Sit.1: En situación normal (%),Dic-2024,99.99,2026-04-19
00448,BANCO DINO S.A.,privado_nacional,situacion_deudores,C.CAC.Sit.2: Riesgo bajo (%),Dic-2024,0.0,2026-04-19
00448,BANCO DINO S.A.,privado_nacional,situacion_deudores,C.CAC.Sit.3: Riesgo medio (%),Dic-2024,0.0,2026-04-19
00448,BANCO DINO S.A.,privado_nacional,situacion_deudores,C.CAC.Sit.4: Riesgo alto (%),Dic-2024,0.0,2026-04-19
00448,BANCO DINO S.A.,privado_nacional,situacion_deudores,C.CAC.Sit.5: Irrecuperable (%),Dic-2024,0.0,2026-04-19
00448,BANCO DINO S.A.,privado_nacional,situacion_deudores,C.CAC.TOTAL GARANTIZADO - Garantías Preferidas A y B (%),Dic-2024,6.71,2026-04-19
00448,BANCO DINO S.A.,privado_nacional,situacion_deudores,TOTAL DE FINANCIACIONES Y GARANTIAS OTORGADAS ($),Nov-2025,21764.5,2026-04-19
00448,BANCO DINO S.A.,privado_nacional,situacion_deudores,TF.Sit.1: En situación normal (%),Nov-2025,93.19,2026-04-19
00448,BANCO DINO S.A.,privado_nacional,situacion_deudores,TF.Sit.2: Con seguimiento especial/Riesgo bajo (%),Nov-2025,2.97,2026-04-19
00448,BANCO DINO S.A.,privado_nacional,situacion_deudores,TF.Sit.3: Con problemas/Riesgo medio (%),Nov-2025,0.71,2026-04-19
00448,BANCO DINO S.A.,privado_nacional,situacion_deudores,TF.Sit.4: Con alto riesgo de insolvencia/Riesgo alto (%),Nov-2025,3.02,2026-04-19
00448,BANCO DINO S.A.,privado_nacional,situacion_deudores,TF.Sit.5: Irrecuperable (%),Nov-2025,0.11,2026-04-19
00448,BANCO DINO S.A.,privado_nacional,situacion_deudores,TOTAL GARANTIZADO - Garantías Preferidas A y B (%),Nov-2025,25.67,2026-04-19
00448,BANCO DINO S.A.,privado_nacional,situacion_deudores,Previsiones por riesgo de incobrabilidad constituídas,Nov-2025,711.57,2026-04-19
00448,BANCO DINO S.A.,privado_nacional,situacion_deudores,CARTERA COMERCIAL ($),Nov-2025,7110.8,2026-04-19
00448,BANCO DINO S.A.,privado_nacional,situacion_deudores,Total cartera sobre financiaciones (%),Nov-2025,32.67,2026-04-19
00448,BANCO DINO S.A.,privado_nacional,situacion_deudores,C.COM.Sit.1: En situación normal (%),Nov-2025,99.83,2026-04-19
00448,BANCO DINO S.A.,privado_nacional,situacion_deudores,C.COM.Sit.2: Con seguimiento especial (%),Nov-2025,0.17,2026-04-19
00448,BANCO DINO S.A.,privado_nacional,situacion_deudores,C.COM.Sit.3: Con problemas (%),Nov-2025,0.0,2026-04-19
00448,BANCO DINO S.A.,privado_nacional,situacion_deudores,C.COM.Sit.4: Con alto riesgo de insolvencia (%),Nov-2025,0.0,2026-04-19
00448,BANCO DINO S.A.,privado_nacional,situacion_deudores,C.COM.TOTAL GARANTIZADO - Garantías Preferidas A y B (%),Nov-2025,21.9,2026-04-19
00448,BANCO DINO S.A.,privado_nacional,situacion_deudores,CARTERA DE CONSUMO O VIVIENDA ($),Nov-2025,8478.65,2026-04-19
00448,BANCO DINO S.A.,privado_nacional,situacion_deudores,Total cartera sobre financiaciones (%),Nov-2025,38.96,2026-04-19
00448,BANCO DINO S.A.,privado_nacional,situacion_deudores,C.CON.Sit.1: En situación normal (%),Nov-2025,93.01,2026-04-19
00448,BANCO DINO S.A.,privado_nacional,situacion_deudores,C.CON.Sit.2: Riesgo bajo (%),Nov-2025,3.03,2026-04-19
00448,BANCO DINO S.A.,privado_nacional,situacion_deudores,C.CON.Sit.3: Riesgo medio (%),Nov-2025,1.82,2026-04-19
00448,BANCO DINO S.A.,privado_nacional,situacion_deudores,C.CON.Sit.4: Riesgo alto (%),Nov-2025,1.84,2026-04-19
00448,BANCO DINO S.A.,privado_nacional,situacion_deudores,C.CON.Sit.5: Irrecuperable (%),Nov-2025,0.29,2026-04-19
00448,BANCO DINO S.A.,privado_nacional,situacion_deudores,C.CON.TOTAL GARANTIZADO - Garantías Preferidas A y B (%),Nov-2025,44.21,2026-04-19
00448,BANCO DINO S.A.,privado_nacional,situacion_deudores,CARTERA COMERCIAL ASIMILABLE A CONSUMO ($),Nov-2025,6175.05,2026-04-19
00448,BANCO DINO S.A.,privado_nacional,situacion_deudores,Total cartera sobre financiaciones (%),Nov-2025,28.37,2026-04-19
00448,BANCO DINO S.A.,privado_nacional,situacion_deudores,C.CAC.Sit.1: En situación normal (%),Nov-2025,85.8,2026-04-19
00448,BANCO DINO S.A.,privado_nacional,situacion_deudores,C.CAC.Sit.2: Riesgo bajo (%),Nov-2025,6.1,2026-04-19
00448,BANCO DINO S.A.,privado_nacional,situacion_deudores,C.CAC.Sit.3: Riesgo medio (%),Nov-2025,0.0,2026-04-19
00448,BANCO DINO S.A.,privado_nacional,situacion_deudores,C.CAC.Sit.4: Riesgo alto (%),Nov-2025,8.11,2026-04-19
00448,BANCO DINO S.A.,privado_nacional,situacion_deudores,C.CAC.Sit.5: Irrecuperable (%),Nov-2025,0.0,2026-04-19
00448,BANCO DINO S.A.,privado_nacional,situacion_deudores,C.CAC.TOTAL GARANTIZADO - Garantías Preferidas A y B (%),Nov-2025,4.54,2026-04-19
00448,BANCO DINO S.A.,privado_nacional,situacion_deudores,TOTAL DE FINANCIACIONES Y GARANTIAS OTORGADAS ($),Dic-2025,18357.23,2026-04-19
00448,BANCO DINO S.A.,privado_nacional,situacion_deudores,TF.Sit.1: En situación normal (%),Dic-2025,91.76,2026-04-19
00448,BANCO DINO S.A.,privado_nacional,situacion_deudores,TF.Sit.2: Con seguimiento especial/Riesgo bajo (%),Dic-2025,1.21,2026-04-19
00448,BANCO DINO S.A.,privado_nacional,situacion_deudores,TF.Sit.3: Con problemas/Riesgo medio (%),Dic-2025,1.0,2026-04-19
00448,BANCO DINO S.A.,privado_nacional,situacion_deudores,TF.Sit.4: Con alto riesgo de insolvencia/Riesgo alto (%),Dic-2025,5.83,2026-04-19
00448,BANCO DINO S.A.,privado_nacional,situacion_deudores,TF.Sit.5: Irrecuperable (%),Dic-2025,0.2,2026-04-19
00448,BANCO DINO S.A.,privado_nacional,situacion_deudores,TOTAL GARANTIZADO - Garantías Preferidas A y B (%),Dic-2025,28.39,2026-04-19
00448,BANCO DINO S.A.,privado_nacional,situacion_deudores,Previsiones por riesgo de incobrabilidad constituídas,Dic-2025,981.14,2026-04-19
00448,BANCO DINO S.A.,privado_nacional,situacion_deudores,CARTERA COMERCIAL ($),Dic-2025,5559.72,2026-04-19
00448,BANCO DINO S.A.,privado_nacional,situacion_deudores,Total cartera sobre financiaciones (%),Dic-2025,30.29,2026-04-19
00448,BANCO DINO S.A.,privado_nacional,situacion_deudores,C.COM.Sit.1: En situación normal (%),Dic-2025,99.72,2026-04-19
00448,BANCO DINO S.A.,privado_nacional,situacion_deudores,C.COM.Sit.2: Con seguimiento especial (%),Dic-2025,0.28,2026-04-19
00448,BANCO DINO S.A.,privado_nacional,situacion_deudores,C.COM.Sit.3: Con problemas (%),Dic-2025,0.0,2026-04-19
00448,BANCO DINO S.A.,privado_nacional,situacion_deudores,C.COM.Sit.4: Con alto riesgo de insolvencia (%),Dic-2025,0.0,2026-04-19
00448,BANCO DINO S.A.,privado_nacional,situacion_deudores,C.COM.TOTAL GARANTIZADO - Garantías Preferidas A y B (%),Dic-2025,22.57,2026-04-19
00448,BANCO DINO S.A.,privado_nacional,situacion_deudores,CARTERA DE CONSUMO O VIVIENDA ($),Dic-2025,9041.97,2026-04-19
00448,BANCO DINO S.A.,privado_nacional,situacion_deudores,Total cartera sobre financiaciones (%),Dic-2025,49.26,2026-04-19
00448,BANCO DINO S.A.,privado_nacional,situacion_deudores,C.CON.Sit.1: En situación normal (%),Dic-2025,93.25,2026-04-19
00448,BANCO DINO S.A.,privado_nacional,situacion_deudores,C.CON.Sit.2: Riesgo bajo (%),Dic-2025,2.28,2026-04-19
00448,BANCO DINO S.A.,privado_nacional,situacion_deudores,C.CON.Sit.3: Riesgo medio (%),Dic-2025,2.03,2026-04-19
00448,BANCO DINO S.A.,privado_nacional,situacion_deudores,C.CON.Sit.4: Riesgo alto (%),Dic-2025,2.03,2026-04-19
00448,BANCO DINO S.A.,privado_nacional,situacion_deudores,C.CON.Sit.5: Irrecuperable (%),Dic-2025,0.4,2026-04-19
00448,BANCO DINO S.A.,privado_nacional,situacion_deudores,C.CON.TOTAL GARANTIZADO - Garantías Preferidas A y B (%),Dic-2025,40.92,2026-04-19
00448,BANCO DINO S.A.,privado_nacional,situacion_deudores,CARTERA COMERCIAL ASIMILABLE A CONSUMO ($),Dic-2025,3755.54,2026-04-19
00448,BANCO DINO S.A.,privado_nacional,situacion_deudores,Total cartera sobre financiaciones (%),Dic-2025,20.46,2026-04-19
00448,BANCO DINO S.A.,privado_nacional,situacion_deudores,C.CAC.Sit.1: En situación normal (%),Dic-2025,76.4,2026-04-19
00448,BANCO DINO S.A.,privado_nacional,situacion_deudores,C.CAC.Sit.2: Riesgo bajo (%),Dic-2025,0.0,2026-04-19
00448,BANCO DINO S.A.,privado_nacional,situacion_deudores,C.CAC.Sit.3: Riesgo medio (%),Dic-2025,0.0,2026-04-19
00448,BANCO DINO S.A.,privado_nacional,situacion_deudores,C.CAC.Sit.4: Riesgo alto (%),Dic-2025,23.59,2026-04-19
00448,BANCO DINO S.A.,privado_nacional,situacion_deudores,C.CAC.Sit.5: Irrecuperable (%),Dic-2025,0.01,2026-04-19
00448,BANCO DINO S.A.,privado_nacional,situacion_deudores,C.CAC.TOTAL GARANTIZADO - Garantías Preferidas A y B (%),Dic-2025,6.87,2026-04-19
00448,BANCO DINO S.A.,privado_nacional,situacion_deudores,TOTAL DE FINANCIACIONES Y GARANTIAS OTORGADAS ($),Ene-2026,21733.44,2026-04-19
00448,BANCO DINO S.A.,privado_nacional,situacion_deudores,TF.Sit.1: En situación normal (%),Ene-2026,92.84,2026-04-19
00448,BANCO DINO S.A.,privado_nacional,situacion_deudores,TF.Sit.2: Con seguimiento especial/Riesgo bajo (%),Ene-2026,0.94,2026-04-19
00448,BANCO DINO S.A.,privado_nacional,situacion_deudores,TF.Sit.3: Con problemas/Riesgo medio (%),Ene-2026,1.01,2026-04-19
00448,BANCO DINO S.A.,privado_nacional,situacion_deudores,TF.Sit.4: Con alto riesgo de insolvencia/Riesgo alto (%),Ene-2026,5.0,2026-04-19
00448,BANCO DINO S.A.,privado_nacional,situacion_deudores,TF.Sit.5: Irrecuperable (%),Ene-2026,0.22,2026-04-19
00448,BANCO DINO S.A.,privado_nacional,situacion_deudores,TOTAL GARANTIZADO - Garantías Preferidas A y B (%),Ene-2026,25.76,2026-04-19
00448,BANCO DINO S.A.,privado_nacional,situacion_deudores,Previsiones por riesgo de incobrabilidad constituídas,Ene-2026,1064.46,2026-04-19
00448,BANCO DINO S.A.,privado_nacional,situacion_deudores,CARTERA COMERCIAL ($),Ene-2026,6019.55,2026-04-19
00448,BANCO DINO S.A.,privado_nacional,situacion_deudores,Total cartera sobre financiaciones (%),Ene-2026,27.7,2026-04-19
00448,BANCO DINO S.A.,privado_nacional,situacion_deudores,C.COM.Sit.1: En situación normal (%),Ene-2026,99.74,2026-04-19
00448,BANCO DINO S.A.,privado_nacional,situacion_deudores,C.COM.Sit.2: Con seguimiento especial (%),Ene-2026,0.26,2026-04-19
00448,BANCO DINO S.A.,privado_nacional,situacion_deudores,C.COM.Sit.3: Con problemas (%),Ene-2026,0.0,2026-04-19
00448,BANCO DINO S.A.,privado_nacional,situacion_deudores,C.COM.Sit.4: Con alto riesgo de insolvencia (%),Ene-2026,0.0,2026-04-19
00448,BANCO DINO S.A.,privado_nacional,situacion_deudores,C.COM.TOTAL GARANTIZADO - Garantías Preferidas A y B (%),Ene-2026,26.92,2026-04-19
00448,BANCO DINO S.A.,privado_nacional,situacion_deudores,CARTERA DE CONSUMO O VIVIENDA ($),Ene-2026,8944.6,2026-04-19
00448,BANCO DINO S.A.,privado_nacional,situacion_deudores,Total cartera sobre financiaciones (%),Ene-2026,41.16,2026-04-19
00448,BANCO DINO S.A.,privado_nacional,situacion_deudores,C.CON.Sit.1: En situación normal (%),Ene-2026,92.73,2026-04-19
00448,BANCO DINO S.A.,privado_nacional,situacion_deudores,C.CON.Sit.2: Riesgo bajo (%),Ene-2026,2.12,2026-04-19
00448,BANCO DINO S.A.,privado_nacional,situacion_deudores,C.CON.Sit.3: Riesgo medio (%),Ene-2026,2.45,2026-04-19
00448,BANCO DINO S.A.,privado_nacional,situacion_deudores,C.CON.Sit.4: Riesgo alto (%),Ene-2026,2.19,2026-04-19
00448,BANCO DINO S.A.,privado_nacional,situacion_deudores,C.CON.Sit.5: Irrecuperable (%),Ene-2026,0.52,2026-04-19
00448,BANCO DINO S.A.,privado_nacional,situacion_deudores,C.CON.TOTAL GARANTIZADO - Garantías Preferidas A y B (%),Ene-2026,42.01,2026-04-19
00448,BANCO DINO S.A.,privado_nacional,situacion_deudores,CARTERA COMERCIAL ASIMILABLE A CONSUMO ($),Ene-2026,6769.3,2026-04-19
00448,BANCO DINO S.A.,privado_nacional,situacion_deudores,Total cartera sobre financiaciones (%),Ene-2026,31.15,2026-04-19
00448,BANCO DINO S.A.,privado_nacional,situacion_deudores,C.CAC.Sit.1: En situación normal (%),Ene-2026,86.84,2026-04-19
00448,BANCO DINO S.A.,privado_nacional,situacion_deudores,C.CAC.Sit.2: Riesgo bajo (%),Ene-2026,0.0,2026-04-19
00448,BANCO DINO S.A.,privado_nacional,situacion_deudores,C.CAC.Sit.3: Riesgo medio (%),Ene-2026,0.0,2026-04-19
00448,BANCO DINO S.A.,privado_nacional,situacion_deudores,C.CAC.Sit.4: Riesgo alto (%),Ene-2026,13.14,2026-04-19
00448,BANCO DINO S.A.,privado_nacional,situacion_deudores,C.CAC.Sit.5: Irrecuperable (%),Ene-2026,0.01,2026-04-19
00448,BANCO DINO S.A.,privado_nacional,situacion_deudores,C.CAC.TOTAL GARANTIZADO - Garantías Preferidas A y B (%),Ene-2026,3.24,2026-04-19
00044,BANCO HIPOTECARIO S.A.,publico,situacion_deudores,TOTAL DE FINANCIACIONES Y GARANTIAS OTORGADAS ($),Dic-2023,145997.17,2026-04-19
00044,BANCO HIPOTECARIO S.A.,publico,situacion_deudores,TF.Sit.1: En situación normal (%),Dic-2023,95.53,2026-04-19
00044,BANCO HIPOTECARIO S.A.,publico,situacion_deudores,TF.Sit.2: Con seguimiento especial/Riesgo bajo (%),Dic-2023,1.19,2026-04-19
00044,BANCO HIPOTECARIO S.A.,publico,situacion_deudores,TF.Sit.3: Con problemas/Riesgo medio (%),Dic-2023,0.66,2026-04-19
00044,BANCO HIPOTECARIO S.A.,publico,situacion_deudores,TF.Sit.4: Con alto riesgo de insolvencia/Riesgo alto (%),Dic-2023,0.68,2026-04-19
00044,BANCO HIPOTECARIO S.A.,publico,situacion_deudores,TF.Sit.5: Irrecuperable (%),Dic-2023,1.94,2026-04-19
00044,BANCO HIPOTECARIO S.A.,publico,situacion_deudores,TOTAL GARANTIZADO - Garantías Preferidas A y B (%),Dic-2023,32.26,2026-04-19
00044,BANCO HIPOTECARIO S.A.,publico,situacion_deudores,Previsiones por riesgo de incobrabilidad constituídas,Dic-2023,4831.83,2026-04-19
00044,BANCO HIPOTECARIO S.A.,publico,situacion_deudores,CARTERA COMERCIAL ($),Dic-2023,35354.0,2026-04-19
00044,BANCO HIPOTECARIO S.A.,publico,situacion_deudores,Total cartera sobre financiaciones (%),Dic-2023,24.22,2026-04-19
00044,BANCO HIPOTECARIO S.A.,publico,situacion_deudores,C.COM.Sit.1: En situación normal (%),Dic-2023,94.21,2026-04-19
00044,BANCO HIPOTECARIO S.A.,publico,situacion_deudores,C.COM.Sit.2: Con seguimiento especial (%),Dic-2023,0.0,2026-04-19
00044,BANCO HIPOTECARIO S.A.,publico,situacion_deudores,C.COM.Sit.3: Con problemas (%),Dic-2023,0.0,2026-04-19
00044,BANCO HIPOTECARIO S.A.,publico,situacion_deudores,C.COM.Sit.4: Con alto riesgo de insolvencia (%),Dic-2023,0.01,2026-04-19
00044,BANCO HIPOTECARIO S.A.,publico,situacion_deudores,C.COM.Sit.5: Irrecuperable (%),Dic-2023,5.79,2026-04-19
00044,BANCO HIPOTECARIO S.A.,publico,situacion_deudores,C.COM.TOTAL GARANTIZADO - Garantías Preferidas A y B (%),Dic-2023,8.02,2026-04-19
00044,BANCO HIPOTECARIO S.A.,publico,situacion_deudores,CARTERA DE CONSUMO O VIVIENDA ($),Dic-2023,95446.55,2026-04-19
00044,BANCO HIPOTECARIO S.A.,publico,situacion_deudores,Total cartera sobre financiaciones (%),Dic-2023,65.38,2026-04-19
00044,BANCO HIPOTECARIO S.A.,publico,situacion_deudores,C.CON.Sit.1: En situación normal (%),Dic-2023,95.32,2026-04-19
00044,BANCO HIPOTECARIO S.A.,publico,situacion_deudores,C.CON.Sit.2: Riesgo bajo (%),Dic-2023,1.82,2026-04-19
00044,BANCO HIPOTECARIO S.A.,publico,situacion_deudores,C.CON.Sit.3: Riesgo medio (%),Dic-2023,1.0,2026-04-19
00044,BANCO HIPOTECARIO S.A.,publico,situacion_deudores,C.CON.Sit.4: Riesgo alto (%),Dic-2023,1.04,2026-04-19
00044,BANCO HIPOTECARIO S.A.,publico,situacion_deudores,C.CON.Sit.5: Irrecuperable (%),Dic-2023,0.82,2026-04-19
00044,BANCO HIPOTECARIO S.A.,publico,situacion_deudores,C.CON.TOTAL GARANTIZADO - Garantías Preferidas A y B (%),Dic-2023,37.58,2026-04-19
00044,BANCO HIPOTECARIO S.A.,publico,situacion_deudores,CARTERA COMERCIAL ASIMILABLE A CONSUMO ($),Dic-2023,15196.62,2026-04-19
00044,BANCO HIPOTECARIO S.A.,publico,situacion_deudores,Total cartera sobre financiaciones (%),Dic-2023,10.41,2026-04-19
00044,BANCO HIPOTECARIO S.A.,publico,situacion_deudores,C.CAC.Sit.1: En situación normal (%),Dic-2023,99.92,2026-04-19
00044,BANCO HIPOTECARIO S.A.,publico,situacion_deudores,C.CAC.Sit.2: Riesgo bajo (%),Dic-2023,0.01,2026-04-19
00044,BANCO HIPOTECARIO S.A.,publico,situacion_deudores,C.CAC.Sit.3: Riesgo medio (%),Dic-2023,0.07,2026-04-19
00044,BANCO HIPOTECARIO S.A.,publico,situacion_deudores,C.CAC.Sit.4: Riesgo alto (%),Dic-2023,0.0,2026-04-19
00044,BANCO HIPOTECARIO S.A.,publico,situacion_deudores,C.CAC.Sit.5: Irrecuperable (%),Dic-2023,0.01,2026-04-19
00044,BANCO HIPOTECARIO S.A.,publico,situacion_deudores,C.CAC.TOTAL GARANTIZADO - Garantías Preferidas A y B (%),Dic-2023,55.2,2026-04-19
00044,BANCO HIPOTECARIO S.A.,publico,situacion_deudores,TOTAL DE FINANCIACIONES Y GARANTIAS OTORGADAS ($),Dic-2024,638139.66,2026-04-19
00044,BANCO HIPOTECARIO S.A.,publico,situacion_deudores,TF.Sit.1: En situación normal (%),Dic-2024,96.45,2026-04-19
00044,BANCO HIPOTECARIO S.A.,publico,situacion_deudores,TF.Sit.2: Con seguimiento especial/Riesgo bajo (%),Dic-2024,0.99,2026-04-19
00044,BANCO HIPOTECARIO S.A.,publico,situacion_deudores,TF.Sit.3: Con problemas/Riesgo medio (%),Dic-2024,1.4,2026-04-19
00044,BANCO HIPOTECARIO S.A.,publico,situacion_deudores,TF.Sit.4: Con alto riesgo de insolvencia/Riesgo alto (%),Dic-2024,0.85,2026-04-19
00044,BANCO HIPOTECARIO S.A.,publico,situacion_deudores,TF.Sit.5: Irrecuperable (%),Dic-2024,0.31,2026-04-19
00044,BANCO HIPOTECARIO S.A.,publico,situacion_deudores,TOTAL GARANTIZADO - Garantías Preferidas A y B (%),Dic-2024,24.85,2026-04-19
00044,BANCO HIPOTECARIO S.A.,publico,situacion_deudores,Previsiones por riesgo de incobrabilidad constituídas,Dic-2024,14794.7,2026-04-19
00044,BANCO HIPOTECARIO S.A.,publico,situacion_deudores,CARTERA COMERCIAL ($),Dic-2024,219413.08,2026-04-19
00044,BANCO HIPOTECARIO S.A.,publico,situacion_deudores,Total cartera sobre financiaciones (%),Dic-2024,34.38,2026-04-19
00044,BANCO HIPOTECARIO S.A.,publico,situacion_deudores,C.COM.Sit.1: En situación normal (%),Dic-2024,96.52,2026-04-19
00044,BANCO HIPOTECARIO S.A.,publico,situacion_deudores,C.COM.Sit.2: Con seguimiento especial (%),Dic-2024,0.0,2026-04-19
00044,BANCO HIPOTECARIO S.A.,publico,situacion_deudores,C.COM.Sit.3: Con problemas (%),Dic-2024,2.32,2026-04-19
00044,BANCO HIPOTECARIO S.A.,publico,situacion_deudores,C.COM.Sit.4: Con alto riesgo de insolvencia (%),Dic-2024,1.13,2026-04-19
00044,BANCO HIPOTECARIO S.A.,publico,situacion_deudores,C.COM.Sit.5: Irrecuperable (%),Dic-2024,0.02,2026-04-19
00044,BANCO HIPOTECARIO S.A.,publico,situacion_deudores,C.COM.TOTAL GARANTIZADO - Garantías Preferidas A y B (%),Dic-2024,6.85,2026-04-19
00044,BANCO HIPOTECARIO S.A.,publico,situacion_deudores,CARTERA DE CONSUMO O VIVIENDA ($),Dic-2024,390368.01,2026-04-19
00044,BANCO HIPOTECARIO S.A.,publico,situacion_deudores,Total cartera sobre financiaciones (%),Dic-2024,61.17,2026-04-19
00044,BANCO HIPOTECARIO S.A.,publico,situacion_deudores,C.CON.Sit.1: En situación normal (%),Dic-2024,96.19,2026-04-19
00044,BANCO HIPOTECARIO S.A.,publico,situacion_deudores,C.CON.Sit.2: Riesgo bajo (%),Dic-2024,1.6,2026-04-19
00044,BANCO HIPOTECARIO S.A.,publico,situacion_deudores,C.CON.Sit.3: Riesgo medio (%),Dic-2024,0.97,2026-04-19
00044,BANCO HIPOTECARIO S.A.,publico,situacion_deudores,C.CON.Sit.4: Riesgo alto (%),Dic-2024,0.75,2026-04-19
00044,BANCO HIPOTECARIO S.A.,publico,situacion_deudores,C.CON.Sit.5: Irrecuperable (%),Dic-2024,0.49,2026-04-19
00044,BANCO HIPOTECARIO S.A.,publico,situacion_deudores,C.CON.TOTAL GARANTIZADO - Garantías Preferidas A y B (%),Dic-2024,33.46,2026-04-19
00044,BANCO HIPOTECARIO S.A.,publico,situacion_deudores,CARTERA COMERCIAL ASIMILABLE A CONSUMO ($),Dic-2024,28358.57,2026-04-19
00044,BANCO HIPOTECARIO S.A.,publico,situacion_deudores,Total cartera sobre financiaciones (%),Dic-2024,4.44,2026-04-19
00044,BANCO HIPOTECARIO S.A.,publico,situacion_deudores,C.CAC.Sit.1: En situación normal (%),Dic-2024,99.52,2026-04-19
00044,BANCO HIPOTECARIO S.A.,publico,situacion_deudores,C.CAC.Sit.2: Riesgo bajo (%),Dic-2024,0.27,2026-04-19
00044,BANCO HIPOTECARIO S.A.,publico,situacion_deudores,C.CAC.Sit.3: Riesgo medio (%),Dic-2024,0.17,2026-04-19
00044,BANCO HIPOTECARIO S.A.,publico,situacion_deudores,C.CAC.Sit.4: Riesgo alto (%),Dic-2024,0.03,2026-04-19
00044,BANCO HIPOTECARIO S.A.,publico,situacion_deudores,C.CAC.Sit.5: Irrecuperable (%),Dic-2024,0.01,2026-04-19
00044,BANCO HIPOTECARIO S.A.,publico,situacion_deudores,C.CAC.TOTAL GARANTIZADO - Garantías Preferidas A y B (%),Dic-2024,45.61,2026-04-19
00044,BANCO HIPOTECARIO S.A.,publico,situacion_deudores,TOTAL DE FINANCIACIONES Y GARANTIAS OTORGADAS ($),Nov-2025,1268913.27,2026-04-19
00044,BANCO HIPOTECARIO S.A.,publico,situacion_deudores,TF.Sit.1: En situación normal (%),Nov-2025,90.25,2026-04-19
00044,BANCO HIPOTECARIO S.A.,publico,situacion_deudores,TF.Sit.2: Con seguimiento especial/Riesgo bajo (%),Nov-2025,3.67,2026-04-19
00044,BANCO HIPOTECARIO S.A.,publico,situacion_deudores,TF.Sit.3: Con problemas/Riesgo medio (%),Nov-2025,2.95,2026-04-19
00044,BANCO HIPOTECARIO S.A.,publico,situacion_deudores,TF.Sit.4: Con alto riesgo de insolvencia/Riesgo alto (%),Nov-2025,2.82,2026-04-19
00044,BANCO HIPOTECARIO S.A.,publico,situacion_deudores,TF.Sit.5: Irrecuperable (%),Nov-2025,0.32,2026-04-19
00044,BANCO HIPOTECARIO S.A.,publico,situacion_deudores,TOTAL GARANTIZADO - Garantías Preferidas A y B (%),Nov-2025,22.15,2026-04-19
00044,BANCO HIPOTECARIO S.A.,publico,situacion_deudores,Previsiones por riesgo de incobrabilidad constituídas,Nov-2025,74285.91,2026-04-19
00044,BANCO HIPOTECARIO S.A.,publico,situacion_deudores,CARTERA COMERCIAL ($),Nov-2025,472487.55,2026-04-19
00044,BANCO HIPOTECARIO S.A.,publico,situacion_deudores,Total cartera sobre financiaciones (%),Nov-2025,37.24,2026-04-19
00044,BANCO HIPOTECARIO S.A.,publico,situacion_deudores,C.COM.Sit.1: En situación normal (%),Nov-2025,98.69,2026-04-19
00044,BANCO HIPOTECARIO S.A.,publico,situacion_deudores,C.COM.Sit.2: Con seguimiento especial (%),Nov-2025,0.0,2026-04-19
00044,BANCO HIPOTECARIO S.A.,publico,situacion_deudores,C.COM.Sit.3: Con problemas (%),Nov-2025,0.0,2026-04-19
00044,BANCO HIPOTECARIO S.A.,publico,situacion_deudores,C.COM.Sit.4: Con alto riesgo de insolvencia (%),Nov-2025,1.29,2026-04-19
00044,BANCO HIPOTECARIO S.A.,publico,situacion_deudores,C.COM.Sit.5: Irrecuperable (%),Nov-2025,0.01,2026-04-19
00044,BANCO HIPOTECARIO S.A.,publico,situacion_deudores,C.COM.TOTAL GARANTIZADO - Garantías Preferidas A y B (%),Nov-2025,5.36,2026-04-19
00044,BANCO HIPOTECARIO S.A.,publico,situacion_deudores,CARTERA DE CONSUMO O VIVIENDA ($),Nov-2025,701308.47,2026-04-19
00044,BANCO HIPOTECARIO S.A.,publico,situacion_deudores,Total cartera sobre financiaciones (%),Nov-2025,55.27,2026-04-19
00044,BANCO HIPOTECARIO S.A.,publico,situacion_deudores,C.CON.Sit.1: En situación normal (%),Nov-2025,84.05,2026-04-19
00044,BANCO HIPOTECARIO S.A.,publico,situacion_deudores,C.CON.Sit.2: Riesgo bajo (%),Nov-2025,6.23,2026-04-19
00044,BANCO HIPOTECARIO S.A.,publico,situacion_deudores,C.CON.Sit.3: Riesgo medio (%),Nov-2025,4.98,2026-04-19
00044,BANCO HIPOTECARIO S.A.,publico,situacion_deudores,C.CON.Sit.4: Riesgo alto (%),Nov-2025,4.18,2026-04-19
00044,BANCO HIPOTECARIO S.A.,publico,situacion_deudores,C.CON.Sit.5: Irrecuperable (%),Nov-2025,0.56,2026-04-19
00044,BANCO HIPOTECARIO S.A.,publico,situacion_deudores,C.CON.TOTAL GARANTIZADO - Garantías Preferidas A y B (%),Nov-2025,32.07,2026-04-19
00044,BANCO HIPOTECARIO S.A.,publico,situacion_deudores,CARTERA COMERCIAL ASIMILABLE A CONSUMO ($),Nov-2025,95117.24,2026-04-19
00044,BANCO HIPOTECARIO S.A.,publico,situacion_deudores,Total cartera sobre financiaciones (%),Nov-2025,7.5,2026-04-19
00044,BANCO HIPOTECARIO S.A.,publico,situacion_deudores,C.CAC.Sit.1: En situación normal (%),Nov-2025,93.97,2026-04-19
00044,BANCO HIPOTECARIO S.A.,publico,situacion_deudores,C.CAC.Sit.2: Riesgo bajo (%),Nov-2025,2.99,2026-04-19
00044,BANCO HIPOTECARIO S.A.,publico,situacion_deudores,C.CAC.Sit.3: Riesgo medio (%),Nov-2025,2.67,2026-04-19
00044,BANCO HIPOTECARIO S.A.,publico,situacion_deudores,C.CAC.Sit.4: Riesgo alto (%),Nov-2025,0.35,2026-04-19
00044,BANCO HIPOTECARIO S.A.,publico,situacion_deudores,C.CAC.Sit.5: Irrecuperable (%),Nov-2025,0.02,2026-04-19
00044,BANCO HIPOTECARIO S.A.,publico,situacion_deudores,C.CAC.TOTAL GARANTIZADO - Garantías Preferidas A y B (%),Nov-2025,32.35,2026-04-19
00044,BANCO HIPOTECARIO S.A.,publico,situacion_deudores,TOTAL DE FINANCIACIONES Y GARANTIAS OTORGADAS ($),Dic-2025,1209316.74,2026-04-19
00044,BANCO HIPOTECARIO S.A.,publico,situacion_deudores,TF.Sit.1: En situación normal (%),Dic-2025,89.06,2026-04-19
00044,BANCO HIPOTECARIO S.A.,publico,situacion_deudores,TF.Sit.2: Con seguimiento especial/Riesgo bajo (%),Dic-2025,3.78,2026-04-19
00044,BANCO HIPOTECARIO S.A.,publico,situacion_deudores,TF.Sit.3: Con problemas/Riesgo medio (%),Dic-2025,3.48,2026-04-19
00044,BANCO HIPOTECARIO S.A.,publico,situacion_deudores,TF.Sit.4: Con alto riesgo de insolvencia/Riesgo alto (%),Dic-2025,3.43,2026-04-19
00044,BANCO HIPOTECARIO S.A.,publico,situacion_deudores,TF.Sit.5: Irrecuperable (%),Dic-2025,0.24,2026-04-19
00044,BANCO HIPOTECARIO S.A.,publico,situacion_deudores,TOTAL GARANTIZADO - Garantías Preferidas A y B (%),Dic-2025,24.09,2026-04-19
00044,BANCO HIPOTECARIO S.A.,publico,situacion_deudores,Previsiones por riesgo de incobrabilidad constituídas,Dic-2025,83281.3,2026-04-19
00044,BANCO HIPOTECARIO S.A.,publico,situacion_deudores,CARTERA COMERCIAL ($),Dic-2025,400664.26,2026-04-19
00044,BANCO HIPOTECARIO S.A.,publico,situacion_deudores,Total cartera sobre financiaciones (%),Dic-2025,33.13,2026-04-19
00044,BANCO HIPOTECARIO S.A.,publico,situacion_deudores,C.COM.Sit.1: En situación normal (%),Dic-2025,98.44,2026-04-19
00044,BANCO HIPOTECARIO S.A.,publico,situacion_deudores,C.COM.Sit.2: Con seguimiento especial (%),Dic-2025,0.0,2026-04-19
00044,BANCO HIPOTECARIO S.A.,publico,situacion_deudores,C.COM.Sit.3: Con problemas (%),Dic-2025,0.0,2026-04-19
00044,BANCO HIPOTECARIO S.A.,publico,situacion_deudores,C.COM.Sit.4: Con alto riesgo de insolvencia (%),Dic-2025,1.54,2026-04-19
00044,BANCO HIPOTECARIO S.A.,publico,situacion_deudores,C.COM.Sit.5: Irrecuperable (%),Dic-2025,0.02,2026-04-19
00044,BANCO HIPOTECARIO S.A.,publico,situacion_deudores,C.COM.TOTAL GARANTIZADO - Garantías Preferidas A y B (%),Dic-2025,6.65,2026-04-19
00044,BANCO HIPOTECARIO S.A.,publico,situacion_deudores,CARTERA DE CONSUMO O VIVIENDA ($),Dic-2025,712220.47,2026-04-19
00044,BANCO HIPOTECARIO S.A.,publico,situacion_deudores,Total cartera sobre financiaciones (%),Dic-2025,58.89,2026-04-19
00044,BANCO HIPOTECARIO S.A.,publico,situacion_deudores,C.CON.Sit.1: En situación normal (%),Dic-2025,83.15,2026-04-19
00044,BANCO HIPOTECARIO S.A.,publico,situacion_deudores,C.CON.Sit.2: Riesgo bajo (%),Dic-2025,6.14,2026-04-19
00044,BANCO HIPOTECARIO S.A.,publico,situacion_deudores,C.CON.Sit.3: Riesgo medio (%),Dic-2025,5.4,2026-04-19
00044,BANCO HIPOTECARIO S.A.,publico,situacion_deudores,C.CON.Sit.4: Riesgo alto (%),Dic-2025,4.9,2026-04-19
00044,BANCO HIPOTECARIO S.A.,publico,situacion_deudores,C.CON.Sit.5: Irrecuperable (%),Dic-2025,0.4,2026-04-19
00044,BANCO HIPOTECARIO S.A.,publico,situacion_deudores,C.CON.TOTAL GARANTIZADO - Garantías Preferidas A y B (%),Dic-2025,32.77,2026-04-19
00044,BANCO HIPOTECARIO S.A.,publico,situacion_deudores,CARTERA COMERCIAL ASIMILABLE A CONSUMO ($),Dic-2025,96432.01,2026-04-19
00044,BANCO HIPOTECARIO S.A.,publico,situacion_deudores,Total cartera sobre financiaciones (%),Dic-2025,7.97,2026-04-19
00044,BANCO HIPOTECARIO S.A.,publico,situacion_deudores,C.CAC.Sit.1: En situación normal (%),Dic-2025,93.72,2026-04-19
00044,BANCO HIPOTECARIO S.A.,publico,situacion_deudores,C.CAC.Sit.2: Riesgo bajo (%),Dic-2025,2.05,2026-04-19
00044,BANCO HIPOTECARIO S.A.,publico,situacion_deudores,C.CAC.Sit.3: Riesgo medio (%),Dic-2025,3.75,2026-04-19
00044,BANCO HIPOTECARIO S.A.,publico,situacion_deudores,C.CAC.Sit.4: Riesgo alto (%),Dic-2025,0.44,2026-04-19
00044,BANCO HIPOTECARIO S.A.,publico,situacion_deudores,C.CAC.Sit.5: Irrecuperable (%),Dic-2025,0.03,2026-04-19
00044,BANCO HIPOTECARIO S.A.,publico,situacion_deudores,C.CAC.TOTAL GARANTIZADO - Garantías Preferidas A y B (%),Dic-2025,32.39,2026-04-19
00044,BANCO HIPOTECARIO S.A.,publico,situacion_deudores,TOTAL DE FINANCIACIONES Y GARANTIAS OTORGADAS ($),Ene-2026,1320417.66,2026-04-19
00044,BANCO HIPOTECARIO S.A.,publico,situacion_deudores,TF.Sit.1: En situación normal (%),Ene-2026,89.32,2026-04-19
00044,BANCO HIPOTECARIO S.A.,publico,situacion_deudores,TF.Sit.2: Con seguimiento especial/Riesgo bajo (%),Ene-2026,3.04,2026-04-19
00044,BANCO HIPOTECARIO S.A.,publico,situacion_deudores,TF.Sit.3: Con problemas/Riesgo medio (%),Ene-2026,3.81,2026-04-19
00044,BANCO HIPOTECARIO S.A.,publico,situacion_deudores,TF.Sit.4: Con alto riesgo de insolvencia/Riesgo alto (%),Ene-2026,3.59,2026-04-19
00044,BANCO HIPOTECARIO S.A.,publico,situacion_deudores,TF.Sit.5: Irrecuperable (%),Ene-2026,0.24,2026-04-19
00044,BANCO HIPOTECARIO S.A.,publico,situacion_deudores,TOTAL GARANTIZADO - Garantías Preferidas A y B (%),Ene-2026,24.54,2026-04-19
00044,BANCO HIPOTECARIO S.A.,publico,situacion_deudores,Previsiones por riesgo de incobrabilidad constituídas,Ene-2026,97600.78,2026-04-19
00044,BANCO HIPOTECARIO S.A.,publico,situacion_deudores,CARTERA COMERCIAL ($),Ene-2026,507529.57,2026-04-19
00044,BANCO HIPOTECARIO S.A.,publico,situacion_deudores,Total cartera sobre financiaciones (%),Ene-2026,38.44,2026-04-19
00044,BANCO HIPOTECARIO S.A.,publico,situacion_deudores,C.COM.Sit.1: En situación normal (%),Ene-2026,98.78,2026-04-19
00044,BANCO HIPOTECARIO S.A.,publico,situacion_deudores,C.COM.Sit.2: Con seguimiento especial (%),Ene-2026,0.0,2026-04-19
00044,BANCO HIPOTECARIO S.A.,publico,situacion_deudores,C.COM.Sit.3: Con problemas (%),Ene-2026,0.0,2026-04-19
00044,BANCO HIPOTECARIO S.A.,publico,situacion_deudores,C.COM.Sit.4: Con alto riesgo de insolvencia (%),Ene-2026,1.21,2026-04-19
00044,BANCO HIPOTECARIO S.A.,publico,situacion_deudores,C.COM.Sit.5: Irrecuperable (%),Ene-2026,0.01,2026-04-19
00044,BANCO HIPOTECARIO S.A.,publico,situacion_deudores,C.COM.TOTAL GARANTIZADO - Garantías Preferidas A y B (%),Ene-2026,10.25,2026-04-19
00044,BANCO HIPOTECARIO S.A.,publico,situacion_deudores,CARTERA DE CONSUMO O VIVIENDA ($),Ene-2026,710431.17,2026-04-19
00044,BANCO HIPOTECARIO S.A.,publico,situacion_deudores,Total cartera sobre financiaciones (%),Ene-2026,53.8,2026-04-19
00044,BANCO HIPOTECARIO S.A.,publico,situacion_deudores,C.CON.Sit.1: En situación normal (%),Ene-2026,82.09,2026-04-19
00044,BANCO HIPOTECARIO S.A.,publico,situacion_deudores,C.CON.Sit.2: Riesgo bajo (%),Ene-2026,5.33,2026-04-19
00044,BANCO HIPOTECARIO S.A.,publico,situacion_deudores,C.CON.Sit.3: Riesgo medio (%),Ene-2026,6.61,2026-04-19
00044,BANCO HIPOTECARIO S.A.,publico,situacion_deudores,C.CON.Sit.4: Riesgo alto (%),Ene-2026,5.54,2026-04-19
00044,BANCO HIPOTECARIO S.A.,publico,situacion_deudores,C.CON.Sit.5: Irrecuperable (%),Ene-2026,0.43,2026-04-19
00044,BANCO HIPOTECARIO S.A.,publico,situacion_deudores,C.CON.TOTAL GARANTIZADO - Garantías Preferidas A y B (%),Ene-2026,33.97,2026-04-19
00044,BANCO HIPOTECARIO S.A.,publico,situacion_deudores,CARTERA COMERCIAL ASIMILABLE A CONSUMO ($),Ene-2026,102456.92,2026-04-19
00044,BANCO HIPOTECARIO S.A.,publico,situacion_deudores,Total cartera sobre financiaciones (%),Ene-2026,7.76,2026-04-19
00044,BANCO HIPOTECARIO S.A.,publico,situacion_deudores,C.CAC.Sit.1: En situación normal (%),Ene-2026,92.61,2026-04-19
00044,BANCO HIPOTECARIO S.A.,publico,situacion_deudores,C.CAC.Sit.2: Riesgo bajo (%),Ene-2026,2.28,2026-04-19
00044,BANCO HIPOTECARIO S.A.,publico,situacion_deudores,C.CAC.Sit.3: Riesgo medio (%),Ene-2026,3.22,2026-04-19
00044,BANCO HIPOTECARIO S.A.,publico,situacion_deudores,C.CAC.Sit.4: Riesgo alto (%),Ene-2026,1.86,2026-04-19
00044,BANCO HIPOTECARIO S.A.,publico,situacion_deudores,C.CAC.Sit.5: Irrecuperable (%),Ene-2026,0.03,2026-04-19
00044,BANCO HIPOTECARIO S.A.,publico,situacion_deudores,C.CAC.TOTAL GARANTIZADO - Garantías Preferidas A y B (%),Ene-2026,29.87,2026-04-19
00322,BANCO INDUSTRIAL S.A.,privado_nacional,situacion_deudores,TOTAL DE FINANCIACIONES Y GARANTIAS OTORGADAS ($),Dic-2023,179827.25,2026-04-19
00322,BANCO INDUSTRIAL S.A.,privado_nacional,situacion_deudores,TF.Sit.1: En situación normal (%),Dic-2023,97.01,2026-04-19
00322,BANCO INDUSTRIAL S.A.,privado_nacional,situacion_deudores,TF.Sit.2: Con seguimiento especial/Riesgo bajo (%),Dic-2023,0.67,2026-04-19
00322,BANCO INDUSTRIAL S.A.,privado_nacional,situacion_deudores,TF.Sit.3: Con problemas/Riesgo medio (%),Dic-2023,0.81,2026-04-19
00322,BANCO INDUSTRIAL S.A.,privado_nacional,situacion_deudores,TF.Sit.4: Con alto riesgo de insolvencia/Riesgo alto (%),Dic-2023,0.23,2026-04-19
00322,BANCO INDUSTRIAL S.A.,privado_nacional,situacion_deudores,TF.Sit.5: Irrecuperable (%),Dic-2023,1.29,2026-04-19
00322,BANCO INDUSTRIAL S.A.,privado_nacional,situacion_deudores,TOTAL GARANTIZADO - Garantías Preferidas A y B (%),Dic-2023,2.03,2026-04-19
00322,BANCO INDUSTRIAL S.A.,privado_nacional,situacion_deudores,Previsiones por riesgo de incobrabilidad constituídas,Dic-2023,16754.83,2026-04-19
00322,BANCO INDUSTRIAL S.A.,privado_nacional,situacion_deudores,CARTERA COMERCIAL ($),Dic-2023,150138.55,2026-04-19
00322,BANCO INDUSTRIAL S.A.,privado_nacional,situacion_deudores,Total cartera sobre financiaciones (%),Dic-2023,83.49,2026-04-19
00322,BANCO INDUSTRIAL S.A.,privado_nacional,situacion_deudores,C.COM.Sit.1: En situación normal (%),Dic-2023,97.56,2026-04-19
00322,BANCO INDUSTRIAL S.A.,privado_nacional,situacion_deudores,C.COM.Sit.2: Con seguimiento especial (%),Dic-2023,0.59,2026-04-19
00322,BANCO INDUSTRIAL S.A.,privado_nacional,situacion_deudores,C.COM.Sit.3: Con problemas (%),Dic-2023,0.4,2026-04-19
00322,BANCO INDUSTRIAL S.A.,privado_nacional,situacion_deudores,C.COM.Sit.4: Con alto riesgo de insolvencia (%),Dic-2023,0.01,2026-04-19
00322,BANCO INDUSTRIAL S.A.,privado_nacional,situacion_deudores,C.COM.Sit.5: Irrecuperable (%),Dic-2023,1.44,2026-04-19
00322,BANCO INDUSTRIAL S.A.,privado_nacional,situacion_deudores,C.COM.TOTAL GARANTIZADO - Garantías Preferidas A y B (%),Dic-2023,1.8,2026-04-19
00322,BANCO INDUSTRIAL S.A.,privado_nacional,situacion_deudores,CARTERA DE CONSUMO O VIVIENDA ($),Dic-2023,15807.8,2026-04-19
00322,BANCO INDUSTRIAL S.A.,privado_nacional,situacion_deudores,Total cartera sobre financiaciones (%),Dic-2023,8.79,2026-04-19
00322,BANCO INDUSTRIAL S.A.,privado_nacional,situacion_deudores,C.CON.Sit.1: En situación normal (%),Dic-2023,93.48,2026-04-19
00322,BANCO INDUSTRIAL S.A.,privado_nacional,situacion_deudores,C.CON.Sit.2: Riesgo bajo (%),Dic-2023,1.6,2026-04-19
00322,BANCO INDUSTRIAL S.A.,privado_nacional,situacion_deudores,C.CON.Sit.3: Riesgo medio (%),Dic-2023,1.88,2026-04-19
00322,BANCO INDUSTRIAL S.A.,privado_nacional,situacion_deudores,C.CON.Sit.4: Riesgo alto (%),Dic-2023,2.18,2026-04-19
00322,BANCO INDUSTRIAL S.A.,privado_nacional,situacion_deudores,C.CON.Sit.5: Irrecuperable (%),Dic-2023,0.85,2026-04-19
00322,BANCO INDUSTRIAL S.A.,privado_nacional,situacion_deudores,C.CON.TOTAL GARANTIZADO - Garantías Preferidas A y B (%),Dic-2023,0.04,2026-04-19
00322,BANCO INDUSTRIAL S.A.,privado_nacional,situacion_deudores,CARTERA COMERCIAL ASIMILABLE A CONSUMO ($),Dic-2023,13880.9,2026-04-19
00322,BANCO INDUSTRIAL S.A.,privado_nacional,situacion_deudores,Total cartera sobre financiaciones (%),Dic-2023,7.72,2026-04-19
00322,BANCO INDUSTRIAL S.A.,privado_nacional,situacion_deudores,C.CAC.Sit.1: En situación normal (%),Dic-2023,95.05,2026-04-19
00322,BANCO INDUSTRIAL S.A.,privado_nacional,situacion_deudores,C.CAC.Sit.2: Riesgo bajo (%),Dic-2023,0.44,2026-04-19
00322,BANCO INDUSTRIAL S.A.,privado_nacional,situacion_deudores,C.CAC.Sit.3: Riesgo medio (%),Dic-2023,3.96,2026-04-19
00322,BANCO INDUSTRIAL S.A.,privado_nacional,situacion_deudores,C.CAC.Sit.4: Riesgo alto (%),Dic-2023,0.41,2026-04-19
00322,BANCO INDUSTRIAL S.A.,privado_nacional,situacion_deudores,C.CAC.Sit.5: Irrecuperable (%),Dic-2023,0.13,2026-04-19
00322,BANCO INDUSTRIAL S.A.,privado_nacional,situacion_deudores,C.CAC.TOTAL GARANTIZADO - Garantías Preferidas A y B (%),Dic-2023,6.75,2026-04-19
00322,BANCO INDUSTRIAL S.A.,privado_nacional,situacion_deudores,TOTAL DE FINANCIACIONES Y GARANTIAS OTORGADAS ($),Dic-2024,949301.22,2026-04-19
00322,BANCO INDUSTRIAL S.A.,privado_nacional,situacion_deudores,TF.Sit.1: En situación normal (%),Dic-2024,99.6,2026-04-19
00322,BANCO INDUSTRIAL S.A.,privado_nacional,situacion_deudores,TF.Sit.2: Con seguimiento especial/Riesgo bajo (%),Dic-2024,0.16,2026-04-19
00322,BANCO INDUSTRIAL S.A.,privado_nacional,situacion_deudores,TF.Sit.3: Con problemas/Riesgo medio (%),Dic-2024,0.07,2026-04-19
00322,BANCO INDUSTRIAL S.A.,privado_nacional,situacion_deudores,TF.Sit.4: Con alto riesgo de insolvencia/Riesgo alto (%),Dic-2024,0.05,2026-04-19
00322,BANCO INDUSTRIAL S.A.,privado_nacional,situacion_deudores,TF.Sit.5: Irrecuperable (%),Dic-2024,0.12,2026-04-19
00322,BANCO INDUSTRIAL S.A.,privado_nacional,situacion_deudores,TOTAL GARANTIZADO - Garantías Preferidas A y B (%),Dic-2024,2.91,2026-04-19
00322,BANCO INDUSTRIAL S.A.,privado_nacional,situacion_deudores,Previsiones por riesgo de incobrabilidad constituídas,Dic-2024,25880.1,2026-04-19
00322,BANCO INDUSTRIAL S.A.,privado_nacional,situacion_deudores,CARTERA COMERCIAL ($),Dic-2024,823677.43,2026-04-19
00322,BANCO INDUSTRIAL S.A.,privado_nacional,situacion_deudores,Total cartera sobre financiaciones (%),Dic-2024,86.77,2026-04-19
00322,BANCO INDUSTRIAL S.A.,privado_nacional,situacion_deudores,C.COM.Sit.1: En situación normal (%),Dic-2024,99.82,2026-04-19
00322,BANCO INDUSTRIAL S.A.,privado_nacional,situacion_deudores,C.COM.Sit.2: Con seguimiento especial (%),Dic-2024,0.09,2026-04-19
00322,BANCO INDUSTRIAL S.A.,privado_nacional,situacion_deudores,C.COM.Sit.3: Con problemas (%),Dic-2024,0.0,2026-04-19
00322,BANCO INDUSTRIAL S.A.,privado_nacional,situacion_deudores,C.COM.Sit.4: Con alto riesgo de insolvencia (%),Dic-2024,0.0,2026-04-19
00322,BANCO INDUSTRIAL S.A.,privado_nacional,situacion_deudores,C.COM.Sit.5: Irrecuperable (%),Dic-2024,0.09,2026-04-19
00322,BANCO INDUSTRIAL S.A.,privado_nacional,situacion_deudores,C.COM.TOTAL GARANTIZADO - Garantías Preferidas A y B (%),Dic-2024,1.83,2026-04-19
00322,BANCO INDUSTRIAL S.A.,privado_nacional,situacion_deudores,CARTERA DE CONSUMO O VIVIENDA ($),Dic-2024,31715.14,2026-04-19
00322,BANCO INDUSTRIAL S.A.,privado_nacional,situacion_deudores,Total cartera sobre financiaciones (%),Dic-2024,3.34,2026-04-19
00322,BANCO INDUSTRIAL S.A.,privado_nacional,situacion_deudores,C.CON.Sit.1: En situación normal (%),Dic-2024,93.6,2026-04-19
00322,BANCO INDUSTRIAL S.A.,privado_nacional,situacion_deudores,C.CON.Sit.2: Riesgo bajo (%),Dic-2024,2.13,2026-04-19
00322,BANCO INDUSTRIAL S.A.,privado_nacional,situacion_deudores,C.CON.Sit.3: Riesgo medio (%),Dic-2024,2.13,2026-04-19
00322,BANCO INDUSTRIAL S.A.,privado_nacional,situacion_deudores,C.CON.Sit.4: Riesgo alto (%),Dic-2024,1.33,2026-04-19
00322,BANCO INDUSTRIAL S.A.,privado_nacional,situacion_deudores,C.CON.Sit.5: Irrecuperable (%),Dic-2024,0.81,2026-04-19
00322,BANCO INDUSTRIAL S.A.,privado_nacional,situacion_deudores,C.CON.TOTAL GARANTIZADO - Garantías Preferidas A y B (%),Dic-2024,0.5,2026-04-19
00322,BANCO INDUSTRIAL S.A.,privado_nacional,situacion_deudores,CARTERA COMERCIAL ASIMILABLE A CONSUMO ($),Dic-2024,93908.65,2026-04-19
00322,BANCO INDUSTRIAL S.A.,privado_nacional,situacion_deudores,Total cartera sobre financiaciones (%),Dic-2024,9.89,2026-04-19
00322,BANCO INDUSTRIAL S.A.,privado_nacional,situacion_deudores,C.CAC.Sit.1: En situación normal (%),Dic-2024,99.64,2026-04-19
00322,BANCO INDUSTRIAL S.A.,privado_nacional,situacion_deudores,C.CAC.Sit.2: Riesgo bajo (%),Dic-2024,0.16,2026-04-19
00322,BANCO INDUSTRIAL S.A.,privado_nacional,situacion_deudores,C.CAC.Sit.3: Riesgo medio (%),Dic-2024,0.01,2026-04-19
00322,BANCO INDUSTRIAL S.A.,privado_nacional,situacion_deudores,C.CAC.Sit.4: Riesgo alto (%),Dic-2024,0.02,2026-04-19
00322,BANCO INDUSTRIAL S.A.,privado_nacional,situacion_deudores,C.CAC.Sit.5: Irrecuperable (%),Dic-2024,0.17,2026-04-19
00322,BANCO INDUSTRIAL S.A.,privado_nacional,situacion_deudores,C.CAC.TOTAL GARANTIZADO - Garantías Preferidas A y B (%),Dic-2024,13.14,2026-04-19
00322,BANCO INDUSTRIAL S.A.,privado_nacional,situacion_deudores,TOTAL DE FINANCIACIONES Y GARANTIAS OTORGADAS ($),Nov-2025,1449198.78,2026-04-19
00322,BANCO INDUSTRIAL S.A.,privado_nacional,situacion_deudores,TF.Sit.1: En situación normal (%),Nov-2025,98.63,2026-04-19
00322,BANCO INDUSTRIAL S.A.,privado_nacional,situacion_deudores,TF.Sit.2: Con seguimiento especial/Riesgo bajo (%),Nov-2025,0.22,2026-04-19
00322,BANCO INDUSTRIAL S.A.,privado_nacional,situacion_deudores,TF.Sit.3: Con problemas/Riesgo medio (%),Nov-2025,0.18,2026-04-19
00322,BANCO INDUSTRIAL S.A.,privado_nacional,situacion_deudores,TF.Sit.4: Con alto riesgo de insolvencia/Riesgo alto (%),Nov-2025,0.78,2026-04-19
00322,BANCO INDUSTRIAL S.A.,privado_nacional,situacion_deudores,TF.Sit.5: Irrecuperable (%),Nov-2025,0.19,2026-04-19
00322,BANCO INDUSTRIAL S.A.,privado_nacional,situacion_deudores,TOTAL GARANTIZADO - Garantías Preferidas A y B (%),Nov-2025,4.25,2026-04-19
00322,BANCO INDUSTRIAL S.A.,privado_nacional,situacion_deudores,Previsiones por riesgo de incobrabilidad constituídas,Nov-2025,31689.56,2026-04-19
00322,BANCO INDUSTRIAL S.A.,privado_nacional,situacion_deudores,CARTERA COMERCIAL ($),Nov-2025,1190384.4,2026-04-19
00322,BANCO INDUSTRIAL S.A.,privado_nacional,situacion_deudores,Total cartera sobre financiaciones (%),Nov-2025,82.14,2026-04-19
00322,BANCO INDUSTRIAL S.A.,privado_nacional,situacion_deudores,C.COM.Sit.1: En situación normal (%),Nov-2025,99.24,2026-04-19
00322,BANCO INDUSTRIAL S.A.,privado_nacional,situacion_deudores,C.COM.Sit.2: Con seguimiento especial (%),Nov-2025,0.0,2026-04-19
00322,BANCO INDUSTRIAL S.A.,privado_nacional,situacion_deudores,C.COM.Sit.3: Con problemas (%),Nov-2025,0.0,2026-04-19
00322,BANCO INDUSTRIAL S.A.,privado_nacional,situacion_deudores,C.COM.Sit.4: Con alto riesgo de insolvencia (%),Nov-2025,0.62,2026-04-19
00322,BANCO INDUSTRIAL S.A.,privado_nacional,situacion_deudores,C.COM.Sit.5: Irrecuperable (%),Nov-2025,0.14,2026-04-19
00322,BANCO INDUSTRIAL S.A.,privado_nacional,situacion_deudores,C.COM.TOTAL GARANTIZADO - Garantías Preferidas A y B (%),Nov-2025,3.92,2026-04-19
00322,BANCO INDUSTRIAL S.A.,privado_nacional,situacion_deudores,CARTERA DE CONSUMO O VIVIENDA ($),Nov-2025,81982.31,2026-04-19
00322,BANCO INDUSTRIAL S.A.,privado_nacional,situacion_deudores,Total cartera sobre financiaciones (%),Nov-2025,5.66,2026-04-19
00322,BANCO INDUSTRIAL S.A.,privado_nacional,situacion_deudores,C.CON.Sit.1: En situación normal (%),Nov-2025,94.75,2026-04-19
00322,BANCO INDUSTRIAL S.A.,privado_nacional,situacion_deudores,C.CON.Sit.2: Riesgo bajo (%),Nov-2025,1.16,2026-04-19
00322,BANCO INDUSTRIAL S.A.,privado_nacional,situacion_deudores,C.CON.Sit.3: Riesgo medio (%),Nov-2025,1.21,2026-04-19
00322,BANCO INDUSTRIAL S.A.,privado_nacional,situacion_deudores,C.CON.Sit.4: Riesgo alto (%),Nov-2025,1.67,2026-04-19
00322,BANCO INDUSTRIAL S.A.,privado_nacional,situacion_deudores,C.CON.Sit.5: Irrecuperable (%),Nov-2025,1.2,2026-04-19
00322,BANCO INDUSTRIAL S.A.,privado_nacional,situacion_deudores,C.CON.TOTAL GARANTIZADO - Garantías Preferidas A y B (%),Nov-2025,0.03,2026-04-19
00322,BANCO INDUSTRIAL S.A.,privado_nacional,situacion_deudores,CARTERA COMERCIAL ASIMILABLE A CONSUMO ($),Nov-2025,176832.07,2026-04-19
00322,BANCO INDUSTRIAL S.A.,privado_nacional,situacion_deudores,Total cartera sobre financiaciones (%),Nov-2025,12.2,2026-04-19
00322,BANCO INDUSTRIAL S.A.,privado_nacional,situacion_deudores,C.CAC.Sit.1: En situación normal (%),Nov-2025,96.3,2026-04-19
00322,BANCO INDUSTRIAL S.A.,privado_nacional,situacion_deudores,C.CAC.Sit.2: Riesgo bajo (%),Nov-2025,1.27,2026-04-19
00322,BANCO INDUSTRIAL S.A.,privado_nacional,situacion_deudores,C.CAC.Sit.3: Riesgo medio (%),Nov-2025,0.94,2026-04-19
00322,BANCO INDUSTRIAL S.A.,privado_nacional,situacion_deudores,C.CAC.Sit.4: Riesgo alto (%),Nov-2025,1.43,2026-04-19
00322,BANCO INDUSTRIAL S.A.,privado_nacional,situacion_deudores,C.CAC.Sit.5: Irrecuperable (%),Nov-2025,0.06,2026-04-19
00322,BANCO INDUSTRIAL S.A.,privado_nacional,situacion_deudores,C.CAC.TOTAL GARANTIZADO - Garantías Preferidas A y B (%),Nov-2025,8.38,2026-04-19
00322,BANCO INDUSTRIAL S.A.,privado_nacional,situacion_deudores,TOTAL DE FINANCIACIONES Y GARANTIAS OTORGADAS ($),Dic-2025,1429675.6,2026-04-19
00322,BANCO INDUSTRIAL S.A.,privado_nacional,situacion_deudores,TF.Sit.1: En situación normal (%),Dic-2025,98.64,2026-04-19
00322,BANCO INDUSTRIAL S.A.,privado_nacional,situacion_deudores,TF.Sit.2: Con seguimiento especial/Riesgo bajo (%),Dic-2025,0.11,2026-04-19
00322,BANCO INDUSTRIAL S.A.,privado_nacional,situacion_deudores,TF.Sit.3: Con problemas/Riesgo medio (%),Dic-2025,0.25,2026-04-19
00322,BANCO INDUSTRIAL S.A.,privado_nacional,situacion_deudores,TF.Sit.4: Con alto riesgo de insolvencia/Riesgo alto (%),Dic-2025,0.79,2026-04-19
00322,BANCO INDUSTRIAL S.A.,privado_nacional,situacion_deudores,TF.Sit.5: Irrecuperable (%),Dic-2025,0.22,2026-04-19
00322,BANCO INDUSTRIAL S.A.,privado_nacional,situacion_deudores,TOTAL GARANTIZADO - Garantías Preferidas A y B (%),Dic-2025,4.22,2026-04-19
00322,BANCO INDUSTRIAL S.A.,privado_nacional,situacion_deudores,Previsiones por riesgo de incobrabilidad constituídas,Dic-2025,32706.44,2026-04-19
00322,BANCO INDUSTRIAL S.A.,privado_nacional,situacion_deudores,CARTERA COMERCIAL ($),Dic-2025,1193633.03,2026-04-19
00322,BANCO INDUSTRIAL S.A.,privado_nacional,situacion_deudores,Total cartera sobre financiaciones (%),Dic-2025,83.49,2026-04-19
00322,BANCO INDUSTRIAL S.A.,privado_nacional,situacion_deudores,C.COM.Sit.1: En situación normal (%),Dic-2025,99.24,2026-04-19
00322,BANCO INDUSTRIAL S.A.,privado_nacional,situacion_deudores,C.COM.Sit.2: Con seguimiento especial (%),Dic-2025,0.0,2026-04-19
00322,BANCO INDUSTRIAL S.A.,privado_nacional,situacion_deudores,C.COM.Sit.3: Con problemas (%),Dic-2025,0.0,2026-04-19
00322,BANCO INDUSTRIAL S.A.,privado_nacional,situacion_deudores,C.COM.Sit.4: Con alto riesgo de insolvencia (%),Dic-2025,0.63,2026-04-19
00322,BANCO INDUSTRIAL S.A.,privado_nacional,situacion_deudores,C.COM.Sit.5: Irrecuperable (%),Dic-2025,0.14,2026-04-19
00322,BANCO INDUSTRIAL S.A.,privado_nacional,situacion_deudores,C.COM.TOTAL GARANTIZADO - Garantías Preferidas A y B (%),Dic-2025,4.01,2026-04-19
00322,BANCO INDUSTRIAL S.A.,privado_nacional,situacion_deudores,CARTERA DE CONSUMO O VIVIENDA ($),Dic-2025,81070.79,2026-04-19
00322,BANCO INDUSTRIAL S.A.,privado_nacional,situacion_deudores,Total cartera sobre financiaciones (%),Dic-2025,5.67,2026-04-19
00322,BANCO INDUSTRIAL S.A.,privado_nacional,situacion_deudores,C.CON.Sit.1: En situación normal (%),Dic-2025,94.35,2026-04-19
00322,BANCO INDUSTRIAL S.A.,privado_nacional,situacion_deudores,C.CON.Sit.2: Riesgo bajo (%),Dic-2025,1.37,2026-04-19
00322,BANCO INDUSTRIAL S.A.,privado_nacional,situacion_deudores,C.CON.Sit.3: Riesgo medio (%),Dic-2025,1.22,2026-04-19
00322,BANCO INDUSTRIAL S.A.,privado_nacional,situacion_deudores,C.CON.Sit.4: Riesgo alto (%),Dic-2025,1.67,2026-04-19
00322,BANCO INDUSTRIAL S.A.,privado_nacional,situacion_deudores,C.CON.Sit.5: Irrecuperable (%),Dic-2025,1.38,2026-04-19
00322,BANCO INDUSTRIAL S.A.,privado_nacional,situacion_deudores,C.CON.TOTAL GARANTIZADO - Garantías Preferidas A y B (%),Dic-2025,0.02,2026-04-19
00322,BANCO INDUSTRIAL S.A.,privado_nacional,situacion_deudores,CARTERA COMERCIAL ASIMILABLE A CONSUMO ($),Dic-2025,154971.78,2026-04-19
00322,BANCO INDUSTRIAL S.A.,privado_nacional,situacion_deudores,Total cartera sobre financiaciones (%),Dic-2025,10.84,2026-04-19
00322,BANCO INDUSTRIAL S.A.,privado_nacional,situacion_deudores,C.CAC.Sit.1: En situación normal (%),Dic-2025,96.24,2026-04-19
00322,BANCO INDUSTRIAL S.A.,privado_nacional,situacion_deudores,C.CAC.Sit.2: Riesgo bajo (%),Dic-2025,0.31,2026-04-19
00322,BANCO INDUSTRIAL S.A.,privado_nacional,situacion_deudores,C.CAC.Sit.3: Riesgo medio (%),Dic-2025,1.64,2026-04-19
00322,BANCO INDUSTRIAL S.A.,privado_nacional,situacion_deudores,C.CAC.Sit.4: Riesgo alto (%),Dic-2025,1.56,2026-04-19
00322,BANCO INDUSTRIAL S.A.,privado_nacional,situacion_deudores,C.CAC.Sit.5: Irrecuperable (%),Dic-2025,0.25,2026-04-19
00322,BANCO INDUSTRIAL S.A.,privado_nacional,situacion_deudores,C.CAC.TOTAL GARANTIZADO - Garantías Preferidas A y B (%),Dic-2025,8.11,2026-04-19
00322,BANCO INDUSTRIAL S.A.,privado_nacional,situacion_deudores,TOTAL DE FINANCIACIONES Y GARANTIAS OTORGADAS ($),Ene-2026,1382761.78,2026-04-19
00322,BANCO INDUSTRIAL S.A.,privado_nacional,situacion_deudores,TF.Sit.1: En situación normal (%),Ene-2026,98.09,2026-04-19
00322,BANCO INDUSTRIAL S.A.,privado_nacional,situacion_deudores,TF.Sit.2: Con seguimiento especial/Riesgo bajo (%),Ene-2026,0.58,2026-04-19
00322,BANCO INDUSTRIAL S.A.,privado_nacional,situacion_deudores,TF.Sit.3: Con problemas/Riesgo medio (%),Ene-2026,0.26,2026-04-19
00322,BANCO INDUSTRIAL S.A.,privado_nacional,situacion_deudores,TF.Sit.4: Con alto riesgo de insolvencia/Riesgo alto (%),Ene-2026,0.84,2026-04-19
00322,BANCO INDUSTRIAL S.A.,privado_nacional,situacion_deudores,TF.Sit.5: Irrecuperable (%),Ene-2026,0.24,2026-04-19
00322,BANCO INDUSTRIAL S.A.,privado_nacional,situacion_deudores,TOTAL GARANTIZADO - Garantías Preferidas A y B (%),Ene-2026,1.98,2026-04-19
00322,BANCO INDUSTRIAL S.A.,privado_nacional,situacion_deudores,Previsiones por riesgo de incobrabilidad constituídas,Ene-2026,33027.52,2026-04-19
00322,BANCO INDUSTRIAL S.A.,privado_nacional,situacion_deudores,CARTERA COMERCIAL ($),Ene-2026,1119624.22,2026-04-19
00322,BANCO INDUSTRIAL S.A.,privado_nacional,situacion_deudores,Total cartera sobre financiaciones (%),Ene-2026,80.97,2026-04-19
00322,BANCO INDUSTRIAL S.A.,privado_nacional,situacion_deudores,C.COM.Sit.1: En situación normal (%),Ene-2026,99.19,2026-04-19
00322,BANCO INDUSTRIAL S.A.,privado_nacional,situacion_deudores,C.COM.Sit.2: Con seguimiento especial (%),Ene-2026,0.0,2026-04-19
00322,BANCO INDUSTRIAL S.A.,privado_nacional,situacion_deudores,C.COM.Sit.3: Con problemas (%),Ene-2026,0.0,2026-04-19
00322,BANCO INDUSTRIAL S.A.,privado_nacional,situacion_deudores,C.COM.Sit.4: Con alto riesgo de insolvencia (%),Ene-2026,0.66,2026-04-19
00322,BANCO INDUSTRIAL S.A.,privado_nacional,situacion_deudores,C.COM.Sit.5: Irrecuperable (%),Ene-2026,0.15,2026-04-19
00322,BANCO INDUSTRIAL S.A.,privado_nacional,situacion_deudores,C.COM.TOTAL GARANTIZADO - Garantías Preferidas A y B (%),Ene-2026,1.43,2026-04-19
00322,BANCO INDUSTRIAL S.A.,privado_nacional,situacion_deudores,CARTERA DE CONSUMO O VIVIENDA ($),Ene-2026,112329.35,2026-04-19
00322,BANCO INDUSTRIAL S.A.,privado_nacional,situacion_deudores,Total cartera sobre financiaciones (%),Ene-2026,8.12,2026-04-19
00322,BANCO INDUSTRIAL S.A.,privado_nacional,situacion_deudores,C.CON.Sit.1: En situación normal (%),Ene-2026,90.41,2026-04-19
00322,BANCO INDUSTRIAL S.A.,privado_nacional,situacion_deudores,C.CON.Sit.2: Riesgo bajo (%),Ene-2026,5.78,2026-04-19
00322,BANCO INDUSTRIAL S.A.,privado_nacional,situacion_deudores,C.CON.Sit.3: Riesgo medio (%),Ene-2026,1.28,2026-04-19
00322,BANCO INDUSTRIAL S.A.,privado_nacional,situacion_deudores,C.CON.Sit.4: Riesgo alto (%),Ene-2026,1.43,2026-04-19
00322,BANCO INDUSTRIAL S.A.,privado_nacional,situacion_deudores,C.CON.Sit.5: Irrecuperable (%),Ene-2026,1.1,2026-04-19
00322,BANCO INDUSTRIAL S.A.,privado_nacional,situacion_deudores,C.CON.TOTAL GARANTIZADO - Garantías Preferidas A y B (%),Ene-2026,0.01,2026-04-19
00322,BANCO INDUSTRIAL S.A.,privado_nacional,situacion_deudores,CARTERA COMERCIAL ASIMILABLE A CONSUMO ($),Ene-2026,150808.21,2026-04-19
00322,BANCO INDUSTRIAL S.A.,privado_nacional,situacion_deudores,Total cartera sobre financiaciones (%),Ene-2026,10.91,2026-04-19
00322,BANCO INDUSTRIAL S.A.,privado_nacional,situacion_deudores,C.CAC.Sit.1: En situación normal (%),Ene-2026,95.58,2026-04-19
00322,BANCO INDUSTRIAL S.A.,privado_nacional,situacion_deudores,C.CAC.Sit.2: Riesgo bajo (%),Ene-2026,1.02,2026-04-19
00322,BANCO INDUSTRIAL S.A.,privado_nacional,situacion_deudores,C.CAC.Sit.3: Riesgo medio (%),Ene-2026,1.46,2026-04-19
00322,BANCO INDUSTRIAL S.A.,privado_nacional,situacion_deudores,C.CAC.Sit.4: Riesgo alto (%),Ene-2026,1.69,2026-04-19
00322,BANCO INDUSTRIAL S.A.,privado_nacional,situacion_deudores,C.CAC.Sit.5: Irrecuperable (%),Ene-2026,0.26,2026-04-19
00322,BANCO INDUSTRIAL S.A.,privado_nacional,situacion_deudores,C.CAC.TOTAL GARANTIZADO - Garantías Preferidas A y B (%),Ene-2026,7.56,2026-04-19
00305,BANCO JULIO SOCIEDAD ANONIMA,privado_nacional,situacion_deudores,TOTAL DE FINANCIACIONES Y GARANTIAS OTORGADAS ($),Dic-2023,4078.61,2026-04-19
00305,BANCO JULIO SOCIEDAD ANONIMA,privado_nacional,situacion_deudores,TF.Sit.1: En situación normal (%),Dic-2023,92.2,2026-04-19
00305,BANCO JULIO SOCIEDAD ANONIMA,privado_nacional,situacion_deudores,TF.Sit.2: Con seguimiento especial/Riesgo bajo (%),Dic-2023,1.68,2026-04-19
00305,BANCO JULIO SOCIEDAD ANONIMA,privado_nacional,situacion_deudores,TF.Sit.3: Con problemas/Riesgo medio (%),Dic-2023,0.12,2026-04-19
00305,BANCO JULIO SOCIEDAD ANONIMA,privado_nacional,situacion_deudores,TF.Sit.4: Con alto riesgo de insolvencia/Riesgo alto (%),Dic-2023,5.36,2026-04-19
00305,BANCO JULIO SOCIEDAD ANONIMA,privado_nacional,situacion_deudores,TF.Sit.5: Irrecuperable (%),Dic-2023,0.64,2026-04-19
00305,BANCO JULIO SOCIEDAD ANONIMA,privado_nacional,situacion_deudores,TOTAL GARANTIZADO - Garantías Preferidas A y B (%),Dic-2023,7.69,2026-04-19
00305,BANCO JULIO SOCIEDAD ANONIMA,privado_nacional,situacion_deudores,Previsiones por riesgo de incobrabilidad constituídas,Dic-2023,182.1,2026-04-19
00305,BANCO JULIO SOCIEDAD ANONIMA,privado_nacional,situacion_deudores,CARTERA COMERCIAL ($),Dic-2023,0.0,2026-04-19
00305,BANCO JULIO SOCIEDAD ANONIMA,privado_nacional,situacion_deudores,Total cartera sobre financiaciones (%),Dic-2023,0.0,2026-04-19
00305,BANCO JULIO SOCIEDAD ANONIMA,privado_nacional,situacion_deudores,C.COM.Sit.1: En situación normal (%),Dic-2023,0.0,2026-04-19
00305,BANCO JULIO SOCIEDAD ANONIMA,privado_nacional,situacion_deudores,C.COM.TOTAL GARANTIZADO - Garantías Preferidas A y B (%),Dic-2023,0.0,2026-04-19
00305,BANCO JULIO SOCIEDAD ANONIMA,privado_nacional,situacion_deudores,CARTERA DE CONSUMO O VIVIENDA ($),Dic-2023,0.27,2026-04-19
00305,BANCO JULIO SOCIEDAD ANONIMA,privado_nacional,situacion_deudores,Total cartera sobre financiaciones (%),Dic-2023,0.01,2026-04-19
00305,BANCO JULIO SOCIEDAD ANONIMA,privado_nacional,situacion_deudores,C.CON.Sit.1: En situación normal (%),Dic-2023,100.0,2026-04-19
00305,BANCO JULIO SOCIEDAD ANONIMA,privado_nacional,situacion_deudores,CARTERA COMERCIAL ASIMILABLE A CONSUMO ($),Dic-2023,4078.34,2026-04-19
00305,BANCO JULIO SOCIEDAD ANONIMA,privado_nacional,situacion_deudores,Total cartera sobre financiaciones (%),Dic-2023,99.99,2026-04-19
00305,BANCO JULIO SOCIEDAD ANONIMA,privado_nacional,situacion_deudores,C.CAC.Sit.1: En situación normal (%),Dic-2023,92.2,2026-04-19
00305,BANCO JULIO SOCIEDAD ANONIMA,privado_nacional,situacion_deudores,C.CAC.Sit.2: Riesgo bajo (%),Dic-2023,1.68,2026-04-19
00305,BANCO JULIO SOCIEDAD ANONIMA,privado_nacional,situacion_deudores,C.CAC.Sit.3: Riesgo medio (%),Dic-2023,0.12,2026-04-19
00305,BANCO JULIO SOCIEDAD ANONIMA,privado_nacional,situacion_deudores,C.CAC.Sit.4: Riesgo alto (%),Dic-2023,5.36,2026-04-19
00305,BANCO JULIO SOCIEDAD ANONIMA,privado_nacional,situacion_deudores,C.CAC.Sit.5: Irrecuperable (%),Dic-2023,0.64,2026-04-19
00305,BANCO JULIO SOCIEDAD ANONIMA,privado_nacional,situacion_deudores,C.CAC.TOTAL GARANTIZADO - Garantías Preferidas A y B (%),Dic-2023,7.69,2026-04-19
00305,BANCO JULIO SOCIEDAD ANONIMA,privado_nacional,situacion_deudores,TOTAL DE FINANCIACIONES Y GARANTIAS OTORGADAS ($),Dic-2024,13931.2,2026-04-19
00305,BANCO JULIO SOCIEDAD ANONIMA,privado_nacional,situacion_deudores,TF.Sit.1: En situación normal (%),Dic-2024,96.92,2026-04-19
00305,BANCO JULIO SOCIEDAD ANONIMA,privado_nacional,situacion_deudores,TF.Sit.2: Con seguimiento especial/Riesgo bajo (%),Dic-2024,2.76,2026-04-19
00305,BANCO JULIO SOCIEDAD ANONIMA,privado_nacional,situacion_deudores,TF.Sit.3: Con problemas/Riesgo medio (%),Dic-2024,0.0,2026-04-19
00305,BANCO JULIO SOCIEDAD ANONIMA,privado_nacional,situacion_deudores,TF.Sit.4: Con alto riesgo de insolvencia/Riesgo alto (%),Dic-2024,0.0,2026-04-19
00305,BANCO JULIO SOCIEDAD ANONIMA,privado_nacional,situacion_deudores,TF.Sit.5: Irrecuperable (%),Dic-2024,0.31,2026-04-19
00305,BANCO JULIO SOCIEDAD ANONIMA,privado_nacional,situacion_deudores,TOTAL GARANTIZADO - Garantías Preferidas A y B (%),Dic-2024,5.69,2026-04-19
00305,BANCO JULIO SOCIEDAD ANONIMA,privado_nacional,situacion_deudores,Previsiones por riesgo de incobrabilidad constituídas,Dic-2024,191.64,2026-04-19
00305,BANCO JULIO SOCIEDAD ANONIMA,privado_nacional,situacion_deudores,CARTERA COMERCIAL ($),Dic-2024,2463.46,2026-04-19
00305,BANCO JULIO SOCIEDAD ANONIMA,privado_nacional,situacion_deudores,Total cartera sobre financiaciones (%),Dic-2024,17.68,2026-04-19
00305,BANCO JULIO SOCIEDAD ANONIMA,privado_nacional,situacion_deudores,C.COM.Sit.1: En situación normal (%),Dic-2024,100.0,2026-04-19
00305,BANCO JULIO SOCIEDAD ANONIMA,privado_nacional,situacion_deudores,C.COM.TOTAL GARANTIZADO - Garantías Preferidas A y B (%),Dic-2024,2.4,2026-04-19
00305,BANCO JULIO SOCIEDAD ANONIMA,privado_nacional,situacion_deudores,CARTERA DE CONSUMO O VIVIENDA ($),Dic-2024,3.21,2026-04-19
00305,BANCO JULIO SOCIEDAD ANONIMA,privado_nacional,situacion_deudores,Total cartera sobre financiaciones (%),Dic-2024,0.02,2026-04-19
00305,BANCO JULIO SOCIEDAD ANONIMA,privado_nacional,situacion_deudores,C.CON.Sit.1: En situación normal (%),Dic-2024,100.0,2026-04-19
00305,BANCO JULIO SOCIEDAD ANONIMA,privado_nacional,situacion_deudores,CARTERA COMERCIAL ASIMILABLE A CONSUMO ($),Dic-2024,11464.53,2026-04-19
00305,BANCO JULIO SOCIEDAD ANONIMA,privado_nacional,situacion_deudores,Total cartera sobre financiaciones (%),Dic-2024,82.29,2026-04-19
00305,BANCO JULIO SOCIEDAD ANONIMA,privado_nacional,situacion_deudores,C.CAC.Sit.1: En situación normal (%),Dic-2024,96.26,2026-04-19
00305,BANCO JULIO SOCIEDAD ANONIMA,privado_nacional,situacion_deudores,C.CAC.Sit.2: Riesgo bajo (%),Dic-2024,3.36,2026-04-19
00305,BANCO JULIO SOCIEDAD ANONIMA,privado_nacional,situacion_deudores,C.CAC.Sit.3: Riesgo medio (%),Dic-2024,0.0,2026-04-19
00305,BANCO JULIO SOCIEDAD ANONIMA,privado_nacional,situacion_deudores,C.CAC.Sit.4: Riesgo alto (%),Dic-2024,0.0,2026-04-19
00305,BANCO JULIO SOCIEDAD ANONIMA,privado_nacional,situacion_deudores,C.CAC.Sit.5: Irrecuperable (%),Dic-2024,0.38,2026-04-19
00305,BANCO JULIO SOCIEDAD ANONIMA,privado_nacional,situacion_deudores,C.CAC.TOTAL GARANTIZADO - Garantías Preferidas A y B (%),Dic-2024,6.4,2026-04-19
00305,BANCO JULIO SOCIEDAD ANONIMA,privado_nacional,situacion_deudores,TOTAL DE FINANCIACIONES Y GARANTIAS OTORGADAS ($),Nov-2025,22533.84,2026-04-19
00305,BANCO JULIO SOCIEDAD ANONIMA,privado_nacional,situacion_deudores,TF.Sit.1: En situación normal (%),Nov-2025,92.92,2026-04-19
00305,BANCO JULIO SOCIEDAD ANONIMA,privado_nacional,situacion_deudores,TF.Sit.2: Con seguimiento especial/Riesgo bajo (%),Nov-2025,1.6,2026-04-19
00305,BANCO JULIO SOCIEDAD ANONIMA,privado_nacional,situacion_deudores,TF.Sit.3: Con problemas/Riesgo medio (%),Nov-2025,0.52,2026-04-19
00305,BANCO JULIO SOCIEDAD ANONIMA,privado_nacional,situacion_deudores,TF.Sit.4: Con alto riesgo de insolvencia/Riesgo alto (%),Nov-2025,4.77,2026-04-19
00305,BANCO JULIO SOCIEDAD ANONIMA,privado_nacional,situacion_deudores,TF.Sit.5: Irrecuperable (%),Nov-2025,0.19,2026-04-19
00305,BANCO JULIO SOCIEDAD ANONIMA,privado_nacional,situacion_deudores,TOTAL GARANTIZADO - Garantías Preferidas A y B (%),Nov-2025,7.32,2026-04-19
00305,BANCO JULIO SOCIEDAD ANONIMA,privado_nacional,situacion_deudores,Previsiones por riesgo de incobrabilidad constituídas,Nov-2025,764.73,2026-04-19
00305,BANCO JULIO SOCIEDAD ANONIMA,privado_nacional,situacion_deudores,CARTERA COMERCIAL ($),Nov-2025,1061.6,2026-04-19
00305,BANCO JULIO SOCIEDAD ANONIMA,privado_nacional,situacion_deudores,Total cartera sobre financiaciones (%),Nov-2025,4.71,2026-04-19
00305,BANCO JULIO SOCIEDAD ANONIMA,privado_nacional,situacion_deudores,C.COM.Sit.1: En situación normal (%),Nov-2025,100.0,2026-04-19
00305,BANCO JULIO SOCIEDAD ANONIMA,privado_nacional,situacion_deudores,C.COM.TOTAL GARANTIZADO - Garantías Preferidas A y B (%),Nov-2025,3.5,2026-04-19
00305,BANCO JULIO SOCIEDAD ANONIMA,privado_nacional,situacion_deudores,CARTERA DE CONSUMO O VIVIENDA ($),Nov-2025,26.91,2026-04-19
00305,BANCO JULIO SOCIEDAD ANONIMA,privado_nacional,situacion_deudores,Total cartera sobre financiaciones (%),Nov-2025,0.12,2026-04-19
00305,BANCO JULIO SOCIEDAD ANONIMA,privado_nacional,situacion_deudores,C.CON.Sit.1: En situación normal (%),Nov-2025,100.0,2026-04-19
00305,BANCO JULIO SOCIEDAD ANONIMA,privado_nacional,situacion_deudores,CARTERA COMERCIAL ASIMILABLE A CONSUMO ($),Nov-2025,21445.32,2026-04-19
00305,BANCO JULIO SOCIEDAD ANONIMA,privado_nacional,situacion_deudores,Total cartera sobre financiaciones (%),Nov-2025,95.17,2026-04-19
00305,BANCO JULIO SOCIEDAD ANONIMA,privado_nacional,situacion_deudores,C.CAC.Sit.1: En situación normal (%),Nov-2025,92.56,2026-04-19
00305,BANCO JULIO SOCIEDAD ANONIMA,privado_nacional,situacion_deudores,C.CAC.Sit.2: Riesgo bajo (%),Nov-2025,1.69,2026-04-19
00305,BANCO JULIO SOCIEDAD ANONIMA,privado_nacional,situacion_deudores,C.CAC.Sit.3: Riesgo medio (%),Nov-2025,0.55,2026-04-19
00305,BANCO JULIO SOCIEDAD ANONIMA,privado_nacional,situacion_deudores,C.CAC.Sit.4: Riesgo alto (%),Nov-2025,5.01,2026-04-19
00305,BANCO JULIO SOCIEDAD ANONIMA,privado_nacional,situacion_deudores,C.CAC.Sit.5: Irrecuperable (%),Nov-2025,0.2,2026-04-19
00305,BANCO JULIO SOCIEDAD ANONIMA,privado_nacional,situacion_deudores,C.CAC.TOTAL GARANTIZADO - Garantías Preferidas A y B (%),Nov-2025,7.51,2026-04-19
00305,BANCO JULIO SOCIEDAD ANONIMA,privado_nacional,situacion_deudores,TOTAL DE FINANCIACIONES Y GARANTIAS OTORGADAS ($),Dic-2025,25038.39,2026-04-19
00305,BANCO JULIO SOCIEDAD ANONIMA,privado_nacional,situacion_deudores,TF.Sit.1: En situación normal (%),Dic-2025,93.81,2026-04-19
00305,BANCO JULIO SOCIEDAD ANONIMA,privado_nacional,situacion_deudores,TF.Sit.2: Con seguimiento especial/Riesgo bajo (%),Dic-2025,1.39,2026-04-19
00305,BANCO JULIO SOCIEDAD ANONIMA,privado_nacional,situacion_deudores,TF.Sit.3: Con problemas/Riesgo medio (%),Dic-2025,0.53,2026-04-19
00305,BANCO JULIO SOCIEDAD ANONIMA,privado_nacional,situacion_deudores,TF.Sit.4: Con alto riesgo de insolvencia/Riesgo alto (%),Dic-2025,4.1,2026-04-19
00305,BANCO JULIO SOCIEDAD ANONIMA,privado_nacional,situacion_deudores,TF.Sit.5: Irrecuperable (%),Dic-2025,0.17,2026-04-19
00305,BANCO JULIO SOCIEDAD ANONIMA,privado_nacional,situacion_deudores,TOTAL GARANTIZADO - Garantías Preferidas A y B (%),Dic-2025,6.51,2026-04-19
00305,BANCO JULIO SOCIEDAD ANONIMA,privado_nacional,situacion_deudores,Previsiones por riesgo de incobrabilidad constituídas,Dic-2025,807.8,2026-04-19
00305,BANCO JULIO SOCIEDAD ANONIMA,privado_nacional,situacion_deudores,CARTERA COMERCIAL ($),Dic-2025,1063.04,2026-04-19
00305,BANCO JULIO SOCIEDAD ANONIMA,privado_nacional,situacion_deudores,Total cartera sobre financiaciones (%),Dic-2025,4.25,2026-04-19
00305,BANCO JULIO SOCIEDAD ANONIMA,privado_nacional,situacion_deudores,C.COM.Sit.1: En situación normal (%),Dic-2025,100.0,2026-04-19
00305,BANCO JULIO SOCIEDAD ANONIMA,privado_nacional,situacion_deudores,C.COM.TOTAL GARANTIZADO - Garantías Preferidas A y B (%),Dic-2025,3.09,2026-04-19
00305,BANCO JULIO SOCIEDAD ANONIMA,privado_nacional,situacion_deudores,CARTERA DE CONSUMO O VIVIENDA ($),Dic-2025,30.51,2026-04-19
00305,BANCO JULIO SOCIEDAD ANONIMA,privado_nacional,situacion_deudores,Total cartera sobre financiaciones (%),Dic-2025,0.12,2026-04-19
00305,BANCO JULIO SOCIEDAD ANONIMA,privado_nacional,situacion_deudores,C.CON.Sit.1: En situación normal (%),Dic-2025,100.0,2026-04-19
00305,BANCO JULIO SOCIEDAD ANONIMA,privado_nacional,situacion_deudores,CARTERA COMERCIAL ASIMILABLE A CONSUMO ($),Dic-2025,23944.84,2026-04-19
00305,BANCO JULIO SOCIEDAD ANONIMA,privado_nacional,situacion_deudores,Total cartera sobre financiaciones (%),Dic-2025,95.63,2026-04-19
00305,BANCO JULIO SOCIEDAD ANONIMA,privado_nacional,situacion_deudores,C.CAC.Sit.1: En situación normal (%),Dic-2025,93.53,2026-04-19
00305,BANCO JULIO SOCIEDAD ANONIMA,privado_nacional,situacion_deudores,C.CAC.Sit.2: Riesgo bajo (%),Dic-2025,1.45,2026-04-19
00305,BANCO JULIO SOCIEDAD ANONIMA,privado_nacional,situacion_deudores,C.CAC.Sit.3: Riesgo medio (%),Dic-2025,0.55,2026-04-19
00305,BANCO JULIO SOCIEDAD ANONIMA,privado_nacional,situacion_deudores,C.CAC.Sit.4: Riesgo alto (%),Dic-2025,4.28,2026-04-19
00305,BANCO JULIO SOCIEDAD ANONIMA,privado_nacional,situacion_deudores,C.CAC.Sit.5: Irrecuperable (%),Dic-2025,0.18,2026-04-19
00305,BANCO JULIO SOCIEDAD ANONIMA,privado_nacional,situacion_deudores,C.CAC.TOTAL GARANTIZADO - Garantías Preferidas A y B (%),Dic-2025,6.67,2026-04-19
00305,BANCO JULIO SOCIEDAD ANONIMA,privado_nacional,situacion_deudores,TOTAL DE FINANCIACIONES Y GARANTIAS OTORGADAS ($),Ene-2026,26585.13,2026-04-19
00305,BANCO JULIO SOCIEDAD ANONIMA,privado_nacional,situacion_deudores,TF.Sit.1: En situación normal (%),Ene-2026,84.57,2026-04-19
00305,BANCO JULIO SOCIEDAD ANONIMA,privado_nacional,situacion_deudores,TF.Sit.2: Con seguimiento especial/Riesgo bajo (%),Ene-2026,10.84,2026-04-19
00305,BANCO JULIO SOCIEDAD ANONIMA,privado_nacional,situacion_deudores,TF.Sit.3: Con problemas/Riesgo medio (%),Ene-2026,0.57,2026-04-19
00305,BANCO JULIO SOCIEDAD ANONIMA,privado_nacional,situacion_deudores,TF.Sit.4: Con alto riesgo de insolvencia/Riesgo alto (%),Ene-2026,3.86,2026-04-19
00305,BANCO JULIO SOCIEDAD ANONIMA,privado_nacional,situacion_deudores,TF.Sit.5: Irrecuperable (%),Ene-2026,0.16,2026-04-19
00305,BANCO JULIO SOCIEDAD ANONIMA,privado_nacional,situacion_deudores,TOTAL GARANTIZADO - Garantías Preferidas A y B (%),Ene-2026,6.4,2026-04-19
00305,BANCO JULIO SOCIEDAD ANONIMA,privado_nacional,situacion_deudores,Previsiones por riesgo de incobrabilidad constituídas,Ene-2026,840.27,2026-04-19
00305,BANCO JULIO SOCIEDAD ANONIMA,privado_nacional,situacion_deudores,CARTERA COMERCIAL ($),Ene-2026,1232.35,2026-04-19
00305,BANCO JULIO SOCIEDAD ANONIMA,privado_nacional,situacion_deudores,Total cartera sobre financiaciones (%),Ene-2026,4.64,2026-04-19
00305,BANCO JULIO SOCIEDAD ANONIMA,privado_nacional,situacion_deudores,C.COM.Sit.1: En situación normal (%),Ene-2026,100.0,2026-04-19
00305,BANCO JULIO SOCIEDAD ANONIMA,privado_nacional,situacion_deudores,C.COM.TOTAL GARANTIZADO - Garantías Preferidas A y B (%),Ene-2026,2.41,2026-04-19
00305,BANCO JULIO SOCIEDAD ANONIMA,privado_nacional,situacion_deudores,CARTERA DE CONSUMO O VIVIENDA ($),Ene-2026,37.62,2026-04-19
00305,BANCO JULIO SOCIEDAD ANONIMA,privado_nacional,situacion_deudores,Total cartera sobre financiaciones (%),Ene-2026,0.14,2026-04-19
00305,BANCO JULIO SOCIEDAD ANONIMA,privado_nacional,situacion_deudores,C.CON.Sit.1: En situación normal (%),Ene-2026,100.0,2026-04-19
00305,BANCO JULIO SOCIEDAD ANONIMA,privado_nacional,situacion_deudores,CARTERA COMERCIAL ASIMILABLE A CONSUMO ($),Ene-2026,25315.16,2026-04-19
00305,BANCO JULIO SOCIEDAD ANONIMA,privado_nacional,situacion_deudores,Total cartera sobre financiaciones (%),Ene-2026,95.22,2026-04-19
00305,BANCO JULIO SOCIEDAD ANONIMA,privado_nacional,situacion_deudores,C.CAC.Sit.1: En situación normal (%),Ene-2026,83.79,2026-04-19
00305,BANCO JULIO SOCIEDAD ANONIMA,privado_nacional,situacion_deudores,C.CAC.Sit.2: Riesgo bajo (%),Ene-2026,11.39,2026-04-19
00305,BANCO JULIO SOCIEDAD ANONIMA,privado_nacional,situacion_deudores,C.CAC.Sit.3: Riesgo medio (%),Ene-2026,0.6,2026-04-19
00305,BANCO JULIO SOCIEDAD ANONIMA,privado_nacional,situacion_deudores,C.CAC.Sit.4: Riesgo alto (%),Ene-2026,4.05,2026-04-19
00305,BANCO JULIO SOCIEDAD ANONIMA,privado_nacional,situacion_deudores,C.CAC.Sit.5: Irrecuperable (%),Ene-2026,0.17,2026-04-19
00305,BANCO JULIO SOCIEDAD ANONIMA,privado_nacional,situacion_deudores,C.CAC.TOTAL GARANTIZADO - Garantías Preferidas A y B (%),Ene-2026,6.61,2026-04-19
00285,BANCO MACRO S.A.,privado_nacional,situacion_deudores,TOTAL DE FINANCIACIONES Y GARANTIAS OTORGADAS ($),Dic-2023,1662010.84,2026-04-19
00285,BANCO MACRO S.A.,privado_nacional,situacion_deudores,TF.Sit.1: En situación normal (%),Dic-2023,97.98,2026-04-19
00285,BANCO MACRO S.A.,privado_nacional,situacion_deudores,TF.Sit.2: Con seguimiento especial/Riesgo bajo (%),Dic-2023,0.6,2026-04-19
00285,BANCO MACRO S.A.,privado_nacional,situacion_deudores,TF.Sit.3: Con problemas/Riesgo medio (%),Dic-2023,0.68,2026-04-19
00285,BANCO MACRO S.A.,privado_nacional,situacion_deudores,TF.Sit.4: Con alto riesgo de insolvencia/Riesgo alto (%),Dic-2023,0.54,2026-04-19
00285,BANCO MACRO S.A.,privado_nacional,situacion_deudores,TF.Sit.5: Irrecuperable (%),Dic-2023,0.2,2026-04-19
00285,BANCO MACRO S.A.,privado_nacional,situacion_deudores,TOTAL GARANTIZADO - Garantías Preferidas A y B (%),Dic-2023,16.11,2026-04-19
00285,BANCO MACRO S.A.,privado_nacional,situacion_deudores,Previsiones por riesgo de incobrabilidad constituídas,Dic-2023,36441.26,2026-04-19
00285,BANCO MACRO S.A.,privado_nacional,situacion_deudores,CARTERA COMERCIAL ($),Dic-2023,476610.66,2026-04-19
00285,BANCO MACRO S.A.,privado_nacional,situacion_deudores,Total cartera sobre financiaciones (%),Dic-2023,28.68,2026-04-19
00285,BANCO MACRO S.A.,privado_nacional,situacion_deudores,C.COM.Sit.1: En situación normal (%),Dic-2023,98.36,2026-04-19
00285,BANCO MACRO S.A.,privado_nacional,situacion_deudores,C.COM.Sit.2: Con seguimiento especial (%),Dic-2023,0.0,2026-04-19
00285,BANCO MACRO S.A.,privado_nacional,situacion_deudores,C.COM.Sit.3: Con problemas (%),Dic-2023,1.0,2026-04-19
00285,BANCO MACRO S.A.,privado_nacional,situacion_deudores,C.COM.Sit.4: Con alto riesgo de insolvencia (%),Dic-2023,0.59,2026-04-19
00285,BANCO MACRO S.A.,privado_nacional,situacion_deudores,C.COM.Sit.5: Irrecuperable (%),Dic-2023,0.05,2026-04-19
00285,BANCO MACRO S.A.,privado_nacional,situacion_deudores,C.COM.TOTAL GARANTIZADO - Garantías Preferidas A y B (%),Dic-2023,23.88,2026-04-19
00285,BANCO MACRO S.A.,privado_nacional,situacion_deudores,CARTERA DE CONSUMO O VIVIENDA ($),Dic-2023,881856.88,2026-04-19
00285,BANCO MACRO S.A.,privado_nacional,situacion_deudores,Total cartera sobre financiaciones (%),Dic-2023,53.06,2026-04-19
00285,BANCO MACRO S.A.,privado_nacional,situacion_deudores,C.CON.Sit.1: En situación normal (%),Dic-2023,97.5,2026-04-19
00285,BANCO MACRO S.A.,privado_nacional,situacion_deudores,C.CON.Sit.2: Riesgo bajo (%),Dic-2023,0.95,2026-04-19
00285,BANCO MACRO S.A.,privado_nacional,situacion_deudores,C.CON.Sit.3: Riesgo medio (%),Dic-2023,0.7,2026-04-19
00285,BANCO MACRO S.A.,privado_nacional,situacion_deudores,C.CON.Sit.4: Riesgo alto (%),Dic-2023,0.59,2026-04-19
00285,BANCO MACRO S.A.,privado_nacional,situacion_deudores,C.CON.Sit.5: Irrecuperable (%),Dic-2023,0.26,2026-04-19
00285,BANCO MACRO S.A.,privado_nacional,situacion_deudores,C.CON.TOTAL GARANTIZADO - Garantías Preferidas A y B (%),Dic-2023,6.0,2026-04-19
00285,BANCO MACRO S.A.,privado_nacional,situacion_deudores,CARTERA COMERCIAL ASIMILABLE A CONSUMO ($),Dic-2023,303543.31,2026-04-19
00285,BANCO MACRO S.A.,privado_nacional,situacion_deudores,Total cartera sobre financiaciones (%),Dic-2023,18.26,2026-04-19
00285,BANCO MACRO S.A.,privado_nacional,situacion_deudores,C.CAC.Sit.1: En situación normal (%),Dic-2023,98.8,2026-04-19
00285,BANCO MACRO S.A.,privado_nacional,situacion_deudores,C.CAC.Sit.2: Riesgo bajo (%),Dic-2023,0.51,2026-04-19
00285,BANCO MACRO S.A.,privado_nacional,situacion_deudores,C.CAC.Sit.3: Riesgo medio (%),Dic-2023,0.14,2026-04-19
00285,BANCO MACRO S.A.,privado_nacional,situacion_deudores,C.CAC.Sit.4: Riesgo alto (%),Dic-2023,0.33,2026-04-19
00285,BANCO MACRO S.A.,privado_nacional,situacion_deudores,C.CAC.Sit.5: Irrecuperable (%),Dic-2023,0.22,2026-04-19
00285,BANCO MACRO S.A.,privado_nacional,situacion_deudores,C.CAC.TOTAL GARANTIZADO - Garantías Preferidas A y B (%),Dic-2023,33.27,2026-04-19
00285,BANCO MACRO S.A.,privado_nacional,situacion_deudores,TOTAL DE FINANCIACIONES Y GARANTIAS OTORGADAS ($),Dic-2024,6149955.8,2026-04-19
00285,BANCO MACRO S.A.,privado_nacional,situacion_deudores,TF.Sit.1: En situación normal (%),Dic-2024,97.88,2026-04-19
00285,BANCO MACRO S.A.,privado_nacional,situacion_deudores,TF.Sit.2: Con seguimiento especial/Riesgo bajo (%),Dic-2024,0.84,2026-04-19
00285,BANCO MACRO S.A.,privado_nacional,situacion_deudores,TF.Sit.3: Con problemas/Riesgo medio (%),Dic-2024,0.54,2026-04-19
00285,BANCO MACRO S.A.,privado_nacional,situacion_deudores,TF.Sit.4: Con alto riesgo de insolvencia/Riesgo alto (%),Dic-2024,0.45,2026-04-19
00285,BANCO MACRO S.A.,privado_nacional,situacion_deudores,TF.Sit.5: Irrecuperable (%),Dic-2024,0.3,2026-04-19
00285,BANCO MACRO S.A.,privado_nacional,situacion_deudores,TOTAL GARANTIZADO - Garantías Preferidas A y B (%),Dic-2024,13.57,2026-04-19
00285,BANCO MACRO S.A.,privado_nacional,situacion_deudores,Previsiones por riesgo de incobrabilidad constituídas,Dic-2024,123405.7,2026-04-19
00285,BANCO MACRO S.A.,privado_nacional,situacion_deudores,CARTERA COMERCIAL ($),Dic-2024,1735833.18,2026-04-19
00285,BANCO MACRO S.A.,privado_nacional,situacion_deudores,Total cartera sobre financiaciones (%),Dic-2024,28.23,2026-04-19
00285,BANCO MACRO S.A.,privado_nacional,situacion_deudores,C.COM.Sit.1: En situación normal (%),Dic-2024,98.93,2026-04-19
00285,BANCO MACRO S.A.,privado_nacional,situacion_deudores,C.COM.Sit.2: Con seguimiento especial (%),Dic-2024,0.18,2026-04-19
00285,BANCO MACRO S.A.,privado_nacional,situacion_deudores,C.COM.Sit.3: Con problemas (%),Dic-2024,0.0,2026-04-19
00285,BANCO MACRO S.A.,privado_nacional,situacion_deudores,C.COM.Sit.4: Con alto riesgo de insolvencia (%),Dic-2024,0.3,2026-04-19
00285,BANCO MACRO S.A.,privado_nacional,situacion_deudores,C.COM.Sit.5: Irrecuperable (%),Dic-2024,0.6,2026-04-19
00285,BANCO MACRO S.A.,privado_nacional,situacion_deudores,C.COM.TOTAL GARANTIZADO - Garantías Preferidas A y B (%),Dic-2024,14.66,2026-04-19
00285,BANCO MACRO S.A.,privado_nacional,situacion_deudores,CARTERA DE CONSUMO O VIVIENDA ($),Dic-2024,3298177.91,2026-04-19
00285,BANCO MACRO S.A.,privado_nacional,situacion_deudores,Total cartera sobre financiaciones (%),Dic-2024,53.63,2026-04-19
00285,BANCO MACRO S.A.,privado_nacional,situacion_deudores,C.CON.Sit.1: En situación normal (%),Dic-2024,96.99,2026-04-19
00285,BANCO MACRO S.A.,privado_nacional,situacion_deudores,C.CON.Sit.2: Riesgo bajo (%),Dic-2024,1.32,2026-04-19
00285,BANCO MACRO S.A.,privado_nacional,situacion_deudores,C.CON.Sit.3: Riesgo medio (%),Dic-2024,0.9,2026-04-19
00285,BANCO MACRO S.A.,privado_nacional,situacion_deudores,C.CON.Sit.4: Riesgo alto (%),Dic-2024,0.6,2026-04-19
00285,BANCO MACRO S.A.,privado_nacional,situacion_deudores,C.CON.Sit.5: Irrecuperable (%),Dic-2024,0.18,2026-04-19
00285,BANCO MACRO S.A.,privado_nacional,situacion_deudores,C.CON.TOTAL GARANTIZADO - Garantías Preferidas A y B (%),Dic-2024,6.91,2026-04-19
00285,BANCO MACRO S.A.,privado_nacional,situacion_deudores,CARTERA COMERCIAL ASIMILABLE A CONSUMO ($),Dic-2024,1115944.72,2026-04-19
00285,BANCO MACRO S.A.,privado_nacional,situacion_deudores,Total cartera sobre financiaciones (%),Dic-2024,18.15,2026-04-19
00285,BANCO MACRO S.A.,privado_nacional,situacion_deudores,C.CAC.Sit.1: En situación normal (%),Dic-2024,98.86,2026-04-19
00285,BANCO MACRO S.A.,privado_nacional,situacion_deudores,C.CAC.Sit.2: Riesgo bajo (%),Dic-2024,0.44,2026-04-19
00285,BANCO MACRO S.A.,privado_nacional,situacion_deudores,C.CAC.Sit.3: Riesgo medio (%),Dic-2024,0.3,2026-04-19
00285,BANCO MACRO S.A.,privado_nacional,situacion_deudores,C.CAC.Sit.4: Riesgo alto (%),Dic-2024,0.24,2026-04-19
00285,BANCO MACRO S.A.,privado_nacional,situacion_deudores,C.CAC.Sit.5: Irrecuperable (%),Dic-2024,0.16,2026-04-19
00285,BANCO MACRO S.A.,privado_nacional,situacion_deudores,C.CAC.TOTAL GARANTIZADO - Garantías Preferidas A y B (%),Dic-2024,31.54,2026-04-19
00285,BANCO MACRO S.A.,privado_nacional,situacion_deudores,TOTAL DE FINANCIACIONES Y GARANTIAS OTORGADAS ($),Nov-2025,11047764.94,2026-04-19
00285,BANCO MACRO S.A.,privado_nacional,situacion_deudores,TF.Sit.1: En situación normal (%),Nov-2025,93.81,2026-04-19
00285,BANCO MACRO S.A.,privado_nacional,situacion_deudores,TF.Sit.2: Con seguimiento especial/Riesgo bajo (%),Nov-2025,2.46,2026-04-19
00285,BANCO MACRO S.A.,privado_nacional,situacion_deudores,TF.Sit.3: Con problemas/Riesgo medio (%),Nov-2025,1.91,2026-04-19
00285,BANCO MACRO S.A.,privado_nacional,situacion_deudores,TF.Sit.4: Con alto riesgo de insolvencia/Riesgo alto (%),Nov-2025,1.4,2026-04-19
00285,BANCO MACRO S.A.,privado_nacional,situacion_deudores,TF.Sit.5: Irrecuperable (%),Nov-2025,0.42,2026-04-19
00285,BANCO MACRO S.A.,privado_nacional,situacion_deudores,TOTAL GARANTIZADO - Garantías Preferidas A y B (%),Nov-2025,13.57,2026-04-19
00285,BANCO MACRO S.A.,privado_nacional,situacion_deudores,Previsiones por riesgo de incobrabilidad constituídas,Nov-2025,466394.32,2026-04-19
00285,BANCO MACRO S.A.,privado_nacional,situacion_deudores,CARTERA COMERCIAL ($),Nov-2025,3312750.08,2026-04-19
00285,BANCO MACRO S.A.,privado_nacional,situacion_deudores,Total cartera sobre financiaciones (%),Nov-2025,29.99,2026-04-19
00285,BANCO MACRO S.A.,privado_nacional,situacion_deudores,C.COM.Sit.1: En situación normal (%),Nov-2025,98.86,2026-04-19
00285,BANCO MACRO S.A.,privado_nacional,situacion_deudores,C.COM.Sit.2: Con seguimiento especial (%),Nov-2025,0.0,2026-04-19
00285,BANCO MACRO S.A.,privado_nacional,situacion_deudores,C.COM.Sit.3: Con problemas (%),Nov-2025,0.44,2026-04-19
00285,BANCO MACRO S.A.,privado_nacional,situacion_deudores,C.COM.Sit.4: Con alto riesgo de insolvencia (%),Nov-2025,0.44,2026-04-19
00285,BANCO MACRO S.A.,privado_nacional,situacion_deudores,C.COM.Sit.5: Irrecuperable (%),Nov-2025,0.26,2026-04-19
00285,BANCO MACRO S.A.,privado_nacional,situacion_deudores,C.COM.TOTAL GARANTIZADO - Garantías Preferidas A y B (%),Nov-2025,12.56,2026-04-19
00285,BANCO MACRO S.A.,privado_nacional,situacion_deudores,CARTERA DE CONSUMO O VIVIENDA ($),Nov-2025,5580490.05,2026-04-19
00285,BANCO MACRO S.A.,privado_nacional,situacion_deudores,Total cartera sobre financiaciones (%),Nov-2025,50.51,2026-04-19
00285,BANCO MACRO S.A.,privado_nacional,situacion_deudores,C.CON.Sit.1: En situación normal (%),Nov-2025,90.84,2026-04-19
00285,BANCO MACRO S.A.,privado_nacional,situacion_deudores,C.CON.Sit.2: Riesgo bajo (%),Nov-2025,3.75,2026-04-19
00285,BANCO MACRO S.A.,privado_nacional,situacion_deudores,C.CON.Sit.3: Riesgo medio (%),Nov-2025,2.89,2026-04-19
00285,BANCO MACRO S.A.,privado_nacional,situacion_deudores,C.CON.Sit.4: Riesgo alto (%),Nov-2025,1.9,2026-04-19
00285,BANCO MACRO S.A.,privado_nacional,situacion_deudores,C.CON.Sit.5: Irrecuperable (%),Nov-2025,0.62,2026-04-19
00285,BANCO MACRO S.A.,privado_nacional,situacion_deudores,C.CON.TOTAL GARANTIZADO - Garantías Preferidas A y B (%),Nov-2025,9.55,2026-04-19
00285,BANCO MACRO S.A.,privado_nacional,situacion_deudores,CARTERA COMERCIAL ASIMILABLE A CONSUMO ($),Nov-2025,2154524.81,2026-04-19
00285,BANCO MACRO S.A.,privado_nacional,situacion_deudores,Total cartera sobre financiaciones (%),Nov-2025,19.5,2026-04-19
00285,BANCO MACRO S.A.,privado_nacional,situacion_deudores,C.CAC.Sit.1: En situación normal (%),Nov-2025,93.73,2026-04-19
00285,BANCO MACRO S.A.,privado_nacional,situacion_deudores,C.CAC.Sit.2: Riesgo bajo (%),Nov-2025,2.89,2026-04-19
00285,BANCO MACRO S.A.,privado_nacional,situacion_deudores,C.CAC.Sit.3: Riesgo medio (%),Nov-2025,1.63,2026-04-19
00285,BANCO MACRO S.A.,privado_nacional,situacion_deudores,C.CAC.Sit.4: Riesgo alto (%),Nov-2025,1.57,2026-04-19
00285,BANCO MACRO S.A.,privado_nacional,situacion_deudores,C.CAC.Sit.5: Irrecuperable (%),Nov-2025,0.17,2026-04-19
00285,BANCO MACRO S.A.,privado_nacional,situacion_deudores,C.CAC.TOTAL GARANTIZADO - Garantías Preferidas A y B (%),Nov-2025,25.53,2026-04-19
00285,BANCO MACRO S.A.,privado_nacional,situacion_deudores,TOTAL DE FINANCIACIONES Y GARANTIAS OTORGADAS ($),Dic-2025,11343807.21,2026-04-19
00285,BANCO MACRO S.A.,privado_nacional,situacion_deudores,TF.Sit.1: En situación normal (%),Dic-2025,93.63,2026-04-19
00285,BANCO MACRO S.A.,privado_nacional,situacion_deudores,TF.Sit.2: Con seguimiento especial/Riesgo bajo (%),Dic-2025,2.5,2026-04-19
00285,BANCO MACRO S.A.,privado_nacional,situacion_deudores,TF.Sit.3: Con problemas/Riesgo medio (%),Dic-2025,1.83,2026-04-19
00285,BANCO MACRO S.A.,privado_nacional,situacion_deudores,TF.Sit.4: Con alto riesgo de insolvencia/Riesgo alto (%),Dic-2025,1.47,2026-04-19
00285,BANCO MACRO S.A.,privado_nacional,situacion_deudores,TF.Sit.5: Irrecuperable (%),Dic-2025,0.57,2026-04-19
00285,BANCO MACRO S.A.,privado_nacional,situacion_deudores,TOTAL GARANTIZADO - Garantías Preferidas A y B (%),Dic-2025,13.85,2026-04-19
00285,BANCO MACRO S.A.,privado_nacional,situacion_deudores,Previsiones por riesgo de incobrabilidad constituídas,Dic-2025,504070.75,2026-04-19
00285,BANCO MACRO S.A.,privado_nacional,situacion_deudores,CARTERA COMERCIAL ($),Dic-2025,3346688.8,2026-04-19
00285,BANCO MACRO S.A.,privado_nacional,situacion_deudores,Total cartera sobre financiaciones (%),Dic-2025,29.5,2026-04-19
00285,BANCO MACRO S.A.,privado_nacional,situacion_deudores,C.COM.Sit.1: En situación normal (%),Dic-2025,98.86,2026-04-19
00285,BANCO MACRO S.A.,privado_nacional,situacion_deudores,C.COM.Sit.2: Con seguimiento especial (%),Dic-2025,0.44,2026-04-19
00285,BANCO MACRO S.A.,privado_nacional,situacion_deudores,C.COM.Sit.3: Con problemas (%),Dic-2025,0.0,2026-04-19
00285,BANCO MACRO S.A.,privado_nacional,situacion_deudores,C.COM.Sit.4: Con alto riesgo de insolvencia (%),Dic-2025,0.44,2026-04-19
00285,BANCO MACRO S.A.,privado_nacional,situacion_deudores,C.COM.Sit.5: Irrecuperable (%),Dic-2025,0.26,2026-04-19
00285,BANCO MACRO S.A.,privado_nacional,situacion_deudores,C.COM.TOTAL GARANTIZADO - Garantías Preferidas A y B (%),Dic-2025,13.22,2026-04-19
00285,BANCO MACRO S.A.,privado_nacional,situacion_deudores,CARTERA DE CONSUMO O VIVIENDA ($),Dic-2025,5727362.68,2026-04-19
00285,BANCO MACRO S.A.,privado_nacional,situacion_deudores,Total cartera sobre financiaciones (%),Dic-2025,50.49,2026-04-19
00285,BANCO MACRO S.A.,privado_nacional,situacion_deudores,C.CON.Sit.1: En situación normal (%),Dic-2025,90.6,2026-04-19
00285,BANCO MACRO S.A.,privado_nacional,situacion_deudores,C.CON.Sit.2: Riesgo bajo (%),Dic-2025,3.61,2026-04-19
00285,BANCO MACRO S.A.,privado_nacional,situacion_deudores,C.CON.Sit.3: Riesgo medio (%),Dic-2025,3.01,2026-04-19
00285,BANCO MACRO S.A.,privado_nacional,situacion_deudores,C.CON.Sit.4: Riesgo alto (%),Dic-2025,1.97,2026-04-19
00285,BANCO MACRO S.A.,privado_nacional,situacion_deudores,C.CON.Sit.5: Irrecuperable (%),Dic-2025,0.81,2026-04-19
00285,BANCO MACRO S.A.,privado_nacional,situacion_deudores,C.CON.TOTAL GARANTIZADO - Garantías Preferidas A y B (%),Dic-2025,9.52,2026-04-19
00285,BANCO MACRO S.A.,privado_nacional,situacion_deudores,CARTERA COMERCIAL ASIMILABLE A CONSUMO ($),Dic-2025,2269755.73,2026-04-19
00285,BANCO MACRO S.A.,privado_nacional,situacion_deudores,Total cartera sobre financiaciones (%),Dic-2025,20.01,2026-04-19
00285,BANCO MACRO S.A.,privado_nacional,situacion_deudores,C.CAC.Sit.1: En situación normal (%),Dic-2025,93.56,2026-04-19
00285,BANCO MACRO S.A.,privado_nacional,situacion_deudores,C.CAC.Sit.2: Riesgo bajo (%),Dic-2025,2.71,2026-04-19
00285,BANCO MACRO S.A.,privado_nacional,situacion_deudores,C.CAC.Sit.3: Riesgo medio (%),Dic-2025,1.58,2026-04-19
00285,BANCO MACRO S.A.,privado_nacional,situacion_deudores,C.CAC.Sit.4: Riesgo alto (%),Dic-2025,1.74,2026-04-19
00285,BANCO MACRO S.A.,privado_nacional,situacion_deudores,C.CAC.Sit.5: Irrecuperable (%),Dic-2025,0.42,2026-04-19
00285,BANCO MACRO S.A.,privado_nacional,situacion_deudores,C.CAC.TOTAL GARANTIZADO - Garantías Preferidas A y B (%),Dic-2025,25.73,2026-04-19
00285,BANCO MACRO S.A.,privado_nacional,situacion_deudores,TOTAL DE FINANCIACIONES Y GARANTIAS OTORGADAS ($),Ene-2026,11490234.35,2026-04-19
00285,BANCO MACRO S.A.,privado_nacional,situacion_deudores,TF.Sit.1: En situación normal (%),Ene-2026,93.03,2026-04-19
00285,BANCO MACRO S.A.,privado_nacional,situacion_deudores,TF.Sit.2: Con seguimiento especial/Riesgo bajo (%),Ene-2026,2.54,2026-04-19
00285,BANCO MACRO S.A.,privado_nacional,situacion_deudores,TF.Sit.3: Con problemas/Riesgo medio (%),Ene-2026,2.17,2026-04-19
00285,BANCO MACRO S.A.,privado_nacional,situacion_deudores,TF.Sit.4: Con alto riesgo de insolvencia/Riesgo alto (%),Ene-2026,1.63,2026-04-19
00285,BANCO MACRO S.A.,privado_nacional,situacion_deudores,TF.Sit.5: Irrecuperable (%),Ene-2026,0.62,2026-04-19
00285,BANCO MACRO S.A.,privado_nacional,situacion_deudores,TOTAL GARANTIZADO - Garantías Preferidas A y B (%),Ene-2026,13.06,2026-04-19
00285,BANCO MACRO S.A.,privado_nacional,situacion_deudores,Previsiones por riesgo de incobrabilidad constituídas,Ene-2026,530813.51,2026-04-19
00285,BANCO MACRO S.A.,privado_nacional,situacion_deudores,CARTERA COMERCIAL ($),Ene-2026,3487712.59,2026-04-19
00285,BANCO MACRO S.A.,privado_nacional,situacion_deudores,Total cartera sobre financiaciones (%),Ene-2026,30.35,2026-04-19
00285,BANCO MACRO S.A.,privado_nacional,situacion_deudores,C.COM.Sit.1: En situación normal (%),Ene-2026,98.74,2026-04-19
00285,BANCO MACRO S.A.,privado_nacional,situacion_deudores,C.COM.Sit.2: Con seguimiento especial (%),Ene-2026,0.49,2026-04-19
00285,BANCO MACRO S.A.,privado_nacional,situacion_deudores,C.COM.Sit.3: Con problemas (%),Ene-2026,0.1,2026-04-19
00285,BANCO MACRO S.A.,privado_nacional,situacion_deudores,C.COM.Sit.4: Con alto riesgo de insolvencia (%),Ene-2026,0.42,2026-04-19
00285,BANCO MACRO S.A.,privado_nacional,situacion_deudores,C.COM.Sit.5: Irrecuperable (%),Ene-2026,0.24,2026-04-19
00285,BANCO MACRO S.A.,privado_nacional,situacion_deudores,C.COM.TOTAL GARANTIZADO - Garantías Preferidas A y B (%),Ene-2026,12.0,2026-04-19
00285,BANCO MACRO S.A.,privado_nacional,situacion_deudores,CARTERA DE CONSUMO O VIVIENDA ($),Ene-2026,5798359.84,2026-04-19
00285,BANCO MACRO S.A.,privado_nacional,situacion_deudores,Total cartera sobre financiaciones (%),Ene-2026,50.46,2026-04-19
00285,BANCO MACRO S.A.,privado_nacional,situacion_deudores,C.CON.Sit.1: En situación normal (%),Ene-2026,89.76,2026-04-19
00285,BANCO MACRO S.A.,privado_nacional,situacion_deudores,C.CON.Sit.2: Riesgo bajo (%),Ene-2026,3.66,2026-04-19
00285,BANCO MACRO S.A.,privado_nacional,situacion_deudores,C.CON.Sit.3: Riesgo medio (%),Ene-2026,3.41,2026-04-19
00285,BANCO MACRO S.A.,privado_nacional,situacion_deudores,C.CON.Sit.4: Riesgo alto (%),Ene-2026,2.23,2026-04-19
00285,BANCO MACRO S.A.,privado_nacional,situacion_deudores,C.CON.Sit.5: Irrecuperable (%),Ene-2026,0.94,2026-04-19
00285,BANCO MACRO S.A.,privado_nacional,situacion_deudores,C.CON.TOTAL GARANTIZADO - Garantías Preferidas A y B (%),Ene-2026,9.37,2026-04-19
00285,BANCO MACRO S.A.,privado_nacional,situacion_deudores,CARTERA COMERCIAL ASIMILABLE A CONSUMO ($),Ene-2026,2204161.92,2026-04-19
00285,BANCO MACRO S.A.,privado_nacional,situacion_deudores,Total cartera sobre financiaciones (%),Ene-2026,19.18,2026-04-19
00285,BANCO MACRO S.A.,privado_nacional,situacion_deudores,C.CAC.Sit.1: En situación normal (%),Ene-2026,92.62,2026-04-19
00285,BANCO MACRO S.A.,privado_nacional,situacion_deudores,C.CAC.Sit.2: Riesgo bajo (%),Ene-2026,2.84,2026-04-19
00285,BANCO MACRO S.A.,privado_nacional,situacion_deudores,C.CAC.Sit.3: Riesgo medio (%),Ene-2026,2.18,2026-04-19
00285,BANCO MACRO S.A.,privado_nacional,situacion_deudores,C.CAC.Sit.4: Riesgo alto (%),Ene-2026,1.97,2026-04-19
00285,BANCO MACRO S.A.,privado_nacional,situacion_deudores,C.CAC.Sit.5: Irrecuperable (%),Ene-2026,0.39,2026-04-19
00285,BANCO MACRO S.A.,privado_nacional,situacion_deudores,C.CAC.TOTAL GARANTIZADO - Garantías Preferidas A y B (%),Ene-2026,24.44,2026-04-19
00254,BANCO MARIVA S.A.,privado_nacional,situacion_deudores,TOTAL DE FINANCIACIONES Y GARANTIAS OTORGADAS ($),Dic-2023,36871.05,2026-04-19
00254,BANCO MARIVA S.A.,privado_nacional,situacion_deudores,TF.Sit.1: En situación normal (%),Dic-2023,98.97,2026-04-19
00254,BANCO MARIVA S.A.,privado_nacional,situacion_deudores,TF.Sit.2: Con seguimiento especial/Riesgo bajo (%),Dic-2023,0.0,2026-04-19
00254,BANCO MARIVA S.A.,privado_nacional,situacion_deudores,TF.Sit.3: Con problemas/Riesgo medio (%),Dic-2023,0.0,2026-04-19
00254,BANCO MARIVA S.A.,privado_nacional,situacion_deudores,TF.Sit.4: Con alto riesgo de insolvencia/Riesgo alto (%),Dic-2023,0.15,2026-04-19
00254,BANCO MARIVA S.A.,privado_nacional,situacion_deudores,TF.Sit.5: Irrecuperable (%),Dic-2023,0.89,2026-04-19
00254,BANCO MARIVA S.A.,privado_nacional,situacion_deudores,TOTAL GARANTIZADO - Garantías Preferidas A y B (%),Dic-2023,4.6,2026-04-19
00254,BANCO MARIVA S.A.,privado_nacional,situacion_deudores,Previsiones por riesgo de incobrabilidad constituídas,Dic-2023,548.97,2026-04-19
00254,BANCO MARIVA S.A.,privado_nacional,situacion_deudores,CARTERA COMERCIAL ($),Dic-2023,24995.05,2026-04-19
00254,BANCO MARIVA S.A.,privado_nacional,situacion_deudores,Total cartera sobre financiaciones (%),Dic-2023,67.79,2026-04-19
00254,BANCO MARIVA S.A.,privado_nacional,situacion_deudores,C.COM.Sit.1: En situación normal (%),Dic-2023,100.0,2026-04-19
00254,BANCO MARIVA S.A.,privado_nacional,situacion_deudores,C.COM.Sit.4: Con alto riesgo de insolvencia (%),Dic-2023,0.0,2026-04-19
00254,BANCO MARIVA S.A.,privado_nacional,situacion_deudores,C.COM.TOTAL GARANTIZADO - Garantías Preferidas A y B (%),Dic-2023,5.24,2026-04-19
00254,BANCO MARIVA S.A.,privado_nacional,situacion_deudores,CARTERA DE CONSUMO O VIVIENDA ($),Dic-2023,106.68,2026-04-19
00254,BANCO MARIVA S.A.,privado_nacional,situacion_deudores,Total cartera sobre financiaciones (%),Dic-2023,0.29,2026-04-19
00254,BANCO MARIVA S.A.,privado_nacional,situacion_deudores,C.CON.Sit.1: En situación normal (%),Dic-2023,85.32,2026-04-19
00254,BANCO MARIVA S.A.,privado_nacional,situacion_deudores,C.CON.Sit.3: Riesgo medio (%),Dic-2023,0.0,2026-04-19
00254,BANCO MARIVA S.A.,privado_nacional,situacion_deudores,C.CON.Sit.4: Riesgo alto (%),Dic-2023,0.0,2026-04-19
00254,BANCO MARIVA S.A.,privado_nacional,situacion_deudores,C.CON.Sit.5: Irrecuperable (%),Dic-2023,14.68,2026-04-19
00254,BANCO MARIVA S.A.,privado_nacional,situacion_deudores,C.CON.TOTAL GARANTIZADO - Garantías Preferidas A y B (%),Dic-2023,0.0,2026-04-19
00254,BANCO MARIVA S.A.,privado_nacional,situacion_deudores,CARTERA COMERCIAL ASIMILABLE A CONSUMO ($),Dic-2023,11769.32,2026-04-19
00254,BANCO MARIVA S.A.,privado_nacional,situacion_deudores,Total cartera sobre financiaciones (%),Dic-2023,31.92,2026-04-19
00254,BANCO MARIVA S.A.,privado_nacional,situacion_deudores,C.CAC.Sit.1: En situación normal (%),Dic-2023,96.9,2026-04-19
00254,BANCO MARIVA S.A.,privado_nacional,situacion_deudores,C.CAC.Sit.2: Riesgo bajo (%),Dic-2023,0.0,2026-04-19
00254,BANCO MARIVA S.A.,privado_nacional,situacion_deudores,C.CAC.Sit.3: Riesgo medio (%),Dic-2023,0.0,2026-04-19
00254,BANCO MARIVA S.A.,privado_nacional,situacion_deudores,C.CAC.Sit.4: Riesgo alto (%),Dic-2023,0.46,2026-04-19
00254,BANCO MARIVA S.A.,privado_nacional,situacion_deudores,C.CAC.Sit.5: Irrecuperable (%),Dic-2023,2.65,2026-04-19
00254,BANCO MARIVA S.A.,privado_nacional,situacion_deudores,C.CAC.TOTAL GARANTIZADO - Garantías Preferidas A y B (%),Dic-2023,3.27,2026-04-19
00254,BANCO MARIVA S.A.,privado_nacional,situacion_deudores,TOTAL DE FINANCIACIONES Y GARANTIAS OTORGADAS ($),Dic-2024,129759.98,2026-04-19
00254,BANCO MARIVA S.A.,privado_nacional,situacion_deudores,TF.Sit.1: En situación normal (%),Dic-2024,99.58,2026-04-19
00254,BANCO MARIVA S.A.,privado_nacional,situacion_deudores,TF.Sit.2: Con seguimiento especial/Riesgo bajo (%),Dic-2024,0.0,2026-04-19
00254,BANCO MARIVA S.A.,privado_nacional,situacion_deudores,TF.Sit.3: Con problemas/Riesgo medio (%),Dic-2024,0.0,2026-04-19
00254,BANCO MARIVA S.A.,privado_nacional,situacion_deudores,TF.Sit.4: Con alto riesgo de insolvencia/Riesgo alto (%),Dic-2024,0.0,2026-04-19
00254,BANCO MARIVA S.A.,privado_nacional,situacion_deudores,TF.Sit.5: Irrecuperable (%),Dic-2024,0.42,2026-04-19
00254,BANCO MARIVA S.A.,privado_nacional,situacion_deudores,TOTAL GARANTIZADO - Garantías Preferidas A y B (%),Dic-2024,1.09,2026-04-19
00254,BANCO MARIVA S.A.,privado_nacional,situacion_deudores,Previsiones por riesgo de incobrabilidad constituídas,Dic-2024,1596.16,2026-04-19
00254,BANCO MARIVA S.A.,privado_nacional,situacion_deudores,CARTERA COMERCIAL ($),Dic-2024,116093.77,2026-04-19
00254,BANCO MARIVA S.A.,privado_nacional,situacion_deudores,Total cartera sobre financiaciones (%),Dic-2024,89.47,2026-04-19
00254,BANCO MARIVA S.A.,privado_nacional,situacion_deudores,C.COM.Sit.1: En situación normal (%),Dic-2024,100.0,2026-04-19
00254,BANCO MARIVA S.A.,privado_nacional,situacion_deudores,C.COM.Sit.4: Con alto riesgo de insolvencia (%),Dic-2024,0.0,2026-04-19
00254,BANCO MARIVA S.A.,privado_nacional,situacion_deudores,C.COM.TOTAL GARANTIZADO - Garantías Preferidas A y B (%),Dic-2024,1.01,2026-04-19
00254,BANCO MARIVA S.A.,privado_nacional,situacion_deudores,CARTERA DE CONSUMO O VIVIENDA ($),Dic-2024,101.0,2026-04-19
00254,BANCO MARIVA S.A.,privado_nacional,situacion_deudores,Total cartera sobre financiaciones (%),Dic-2024,0.08,2026-04-19
00254,BANCO MARIVA S.A.,privado_nacional,situacion_deudores,C.CON.Sit.1: En situación normal (%),Dic-2024,83.46,2026-04-19
00254,BANCO MARIVA S.A.,privado_nacional,situacion_deudores,C.CON.Sit.3: Riesgo medio (%),Dic-2024,0.0,2026-04-19
00254,BANCO MARIVA S.A.,privado_nacional,situacion_deudores,C.CON.Sit.4: Riesgo alto (%),Dic-2024,0.01,2026-04-19
00254,BANCO MARIVA S.A.,privado_nacional,situacion_deudores,C.CON.Sit.5: Irrecuperable (%),Dic-2024,16.53,2026-04-19
00254,BANCO MARIVA S.A.,privado_nacional,situacion_deudores,C.CON.TOTAL GARANTIZADO - Garantías Preferidas A y B (%),Dic-2024,0.0,2026-04-19
00254,BANCO MARIVA S.A.,privado_nacional,situacion_deudores,CARTERA COMERCIAL ASIMILABLE A CONSUMO ($),Dic-2024,13565.21,2026-04-19
00254,BANCO MARIVA S.A.,privado_nacional,situacion_deudores,Total cartera sobre financiaciones (%),Dic-2024,10.45,2026-04-19
00254,BANCO MARIVA S.A.,privado_nacional,situacion_deudores,C.CAC.Sit.1: En situación normal (%),Dic-2024,96.1,2026-04-19
00254,BANCO MARIVA S.A.,privado_nacional,situacion_deudores,C.CAC.Sit.2: Riesgo bajo (%),Dic-2024,0.0,2026-04-19
00254,BANCO MARIVA S.A.,privado_nacional,situacion_deudores,C.CAC.Sit.3: Riesgo medio (%),Dic-2024,0.0,2026-04-19
00254,BANCO MARIVA S.A.,privado_nacional,situacion_deudores,C.CAC.Sit.4: Riesgo alto (%),Dic-2024,0.0,2026-04-19
00254,BANCO MARIVA S.A.,privado_nacional,situacion_deudores,C.CAC.Sit.5: Irrecuperable (%),Dic-2024,3.9,2026-04-19
00254,BANCO MARIVA S.A.,privado_nacional,situacion_deudores,C.CAC.TOTAL GARANTIZADO - Garantías Preferidas A y B (%),Dic-2024,1.82,2026-04-19
00254,BANCO MARIVA S.A.,privado_nacional,situacion_deudores,TOTAL DE FINANCIACIONES Y GARANTIAS OTORGADAS ($),Nov-2025,294800.78,2026-04-19
00254,BANCO MARIVA S.A.,privado_nacional,situacion_deudores,TF.Sit.1: En situación normal (%),Nov-2025,99.79,2026-04-19
00254,BANCO MARIVA S.A.,privado_nacional,situacion_deudores,TF.Sit.2: Con seguimiento especial/Riesgo bajo (%),Nov-2025,0.03,2026-04-19
00254,BANCO MARIVA S.A.,privado_nacional,situacion_deudores,TF.Sit.3: Con problemas/Riesgo medio (%),Nov-2025,0.0,2026-04-19
00254,BANCO MARIVA S.A.,privado_nacional,situacion_deudores,TF.Sit.4: Con alto riesgo de insolvencia/Riesgo alto (%),Nov-2025,0.0,2026-04-19
00254,BANCO MARIVA S.A.,privado_nacional,situacion_deudores,TF.Sit.5: Irrecuperable (%),Nov-2025,0.18,2026-04-19
00254,BANCO MARIVA S.A.,privado_nacional,situacion_deudores,TOTAL GARANTIZADO - Garantías Preferidas A y B (%),Nov-2025,1.8,2026-04-19
00254,BANCO MARIVA S.A.,privado_nacional,situacion_deudores,Previsiones por riesgo de incobrabilidad constituídas,Nov-2025,1311.68,2026-04-19
00254,BANCO MARIVA S.A.,privado_nacional,situacion_deudores,CARTERA COMERCIAL ($),Nov-2025,254704.98,2026-04-19
00254,BANCO MARIVA S.A.,privado_nacional,situacion_deudores,Total cartera sobre financiaciones (%),Nov-2025,86.4,2026-04-19
00254,BANCO MARIVA S.A.,privado_nacional,situacion_deudores,C.COM.Sit.1: En situación normal (%),Nov-2025,100.0,2026-04-19
00254,BANCO MARIVA S.A.,privado_nacional,situacion_deudores,C.COM.Sit.4: Con alto riesgo de insolvencia (%),Nov-2025,0.0,2026-04-19
00254,BANCO MARIVA S.A.,privado_nacional,situacion_deudores,C.COM.TOTAL GARANTIZADO - Garantías Preferidas A y B (%),Nov-2025,1.95,2026-04-19
00254,BANCO MARIVA S.A.,privado_nacional,situacion_deudores,CARTERA DE CONSUMO O VIVIENDA ($),Nov-2025,253.24,2026-04-19
00254,BANCO MARIVA S.A.,privado_nacional,situacion_deudores,Total cartera sobre financiaciones (%),Nov-2025,0.09,2026-04-19
00254,BANCO MARIVA S.A.,privado_nacional,situacion_deudores,C.CON.Sit.1: En situación normal (%),Nov-2025,92.54,2026-04-19
00254,BANCO MARIVA S.A.,privado_nacional,situacion_deudores,C.CON.Sit.3: Riesgo medio (%),Nov-2025,0.49,2026-04-19
00254,BANCO MARIVA S.A.,privado_nacional,situacion_deudores,C.CON.Sit.4: Riesgo alto (%),Nov-2025,0.01,2026-04-19
00254,BANCO MARIVA S.A.,privado_nacional,situacion_deudores,C.CON.Sit.5: Irrecuperable (%),Nov-2025,6.96,2026-04-19
00254,BANCO MARIVA S.A.,privado_nacional,situacion_deudores,C.CON.TOTAL GARANTIZADO - Garantías Preferidas A y B (%),Nov-2025,0.0,2026-04-19
00254,BANCO MARIVA S.A.,privado_nacional,situacion_deudores,CARTERA COMERCIAL ASIMILABLE A CONSUMO ($),Nov-2025,39842.57,2026-04-19
00254,BANCO MARIVA S.A.,privado_nacional,situacion_deudores,Total cartera sobre financiaciones (%),Nov-2025,13.52,2026-04-19
00254,BANCO MARIVA S.A.,privado_nacional,situacion_deudores,C.CAC.Sit.1: En situación normal (%),Nov-2025,98.48,2026-04-19
00254,BANCO MARIVA S.A.,privado_nacional,situacion_deudores,C.CAC.Sit.2: Riesgo bajo (%),Nov-2025,0.26,2026-04-19
00254,BANCO MARIVA S.A.,privado_nacional,situacion_deudores,C.CAC.Sit.3: Riesgo medio (%),Nov-2025,0.0,2026-04-19
00254,BANCO MARIVA S.A.,privado_nacional,situacion_deudores,C.CAC.Sit.4: Riesgo alto (%),Nov-2025,0.0,2026-04-19
00254,BANCO MARIVA S.A.,privado_nacional,situacion_deudores,C.CAC.Sit.5: Irrecuperable (%),Nov-2025,1.26,2026-04-19
00254,BANCO MARIVA S.A.,privado_nacional,situacion_deudores,C.CAC.TOTAL GARANTIZADO - Garantías Preferidas A y B (%),Nov-2025,0.87,2026-04-19
00254,BANCO MARIVA S.A.,privado_nacional,situacion_deudores,TOTAL DE FINANCIACIONES Y GARANTIAS OTORGADAS ($),Dic-2025,262629.25,2026-04-19
00254,BANCO MARIVA S.A.,privado_nacional,situacion_deudores,TF.Sit.1: En situación normal (%),Dic-2025,99.76,2026-04-19
00254,BANCO MARIVA S.A.,privado_nacional,situacion_deudores,TF.Sit.2: Con seguimiento especial/Riesgo bajo (%),Dic-2025,0.04,2026-04-19
00254,BANCO MARIVA S.A.,privado_nacional,situacion_deudores,TF.Sit.3: Con problemas/Riesgo medio (%),Dic-2025,0.0,2026-04-19
00254,BANCO MARIVA S.A.,privado_nacional,situacion_deudores,TF.Sit.4: Con alto riesgo de insolvencia/Riesgo alto (%),Dic-2025,0.0,2026-04-19
00254,BANCO MARIVA S.A.,privado_nacional,situacion_deudores,TF.Sit.5: Irrecuperable (%),Dic-2025,0.2,2026-04-19
00254,BANCO MARIVA S.A.,privado_nacional,situacion_deudores,TOTAL GARANTIZADO - Garantías Preferidas A y B (%),Dic-2025,2.01,2026-04-19
00254,BANCO MARIVA S.A.,privado_nacional,situacion_deudores,Previsiones por riesgo de incobrabilidad constituídas,Dic-2025,1214.67,2026-04-19
00254,BANCO MARIVA S.A.,privado_nacional,situacion_deudores,CARTERA COMERCIAL ($),Dic-2025,222090.32,2026-04-19
00254,BANCO MARIVA S.A.,privado_nacional,situacion_deudores,Total cartera sobre financiaciones (%),Dic-2025,84.56,2026-04-19
00254,BANCO MARIVA S.A.,privado_nacional,situacion_deudores,C.COM.Sit.1: En situación normal (%),Dic-2025,100.0,2026-04-19
00254,BANCO MARIVA S.A.,privado_nacional,situacion_deudores,C.COM.Sit.4: Con alto riesgo de insolvencia (%),Dic-2025,0.0,2026-04-19
00254,BANCO MARIVA S.A.,privado_nacional,situacion_deudores,C.COM.TOTAL GARANTIZADO - Garantías Preferidas A y B (%),Dic-2025,2.25,2026-04-19
00254,BANCO MARIVA S.A.,privado_nacional,situacion_deudores,CARTERA DE CONSUMO O VIVIENDA ($),Dic-2025,255.79,2026-04-19
00254,BANCO MARIVA S.A.,privado_nacional,situacion_deudores,Total cartera sobre financiaciones (%),Dic-2025,0.1,2026-04-19
00254,BANCO MARIVA S.A.,privado_nacional,situacion_deudores,C.CON.Sit.1: En situación normal (%),Dic-2025,92.67,2026-04-19
00254,BANCO MARIVA S.A.,privado_nacional,situacion_deudores,C.CON.Sit.3: Riesgo medio (%),Dic-2025,0.4,2026-04-19
00254,BANCO MARIVA S.A.,privado_nacional,situacion_deudores,C.CON.Sit.4: Riesgo alto (%),Dic-2025,0.01,2026-04-19
00254,BANCO MARIVA S.A.,privado_nacional,situacion_deudores,C.CON.Sit.5: Irrecuperable (%),Dic-2025,6.93,2026-04-19
00254,BANCO MARIVA S.A.,privado_nacional,situacion_deudores,C.CON.TOTAL GARANTIZADO - Garantías Preferidas A y B (%),Dic-2025,0.0,2026-04-19
00254,BANCO MARIVA S.A.,privado_nacional,situacion_deudores,CARTERA COMERCIAL ASIMILABLE A CONSUMO ($),Dic-2025,40283.15,2026-04-19
00254,BANCO MARIVA S.A.,privado_nacional,situacion_deudores,Total cartera sobre financiaciones (%),Dic-2025,15.34,2026-04-19
00254,BANCO MARIVA S.A.,privado_nacional,situacion_deudores,C.CAC.Sit.1: En situación normal (%),Dic-2025,98.49,2026-04-19
00254,BANCO MARIVA S.A.,privado_nacional,situacion_deudores,C.CAC.Sit.2: Riesgo bajo (%),Dic-2025,0.26,2026-04-19
00254,BANCO MARIVA S.A.,privado_nacional,situacion_deudores,C.CAC.Sit.3: Riesgo medio (%),Dic-2025,0.0,2026-04-19
00254,BANCO MARIVA S.A.,privado_nacional,situacion_deudores,C.CAC.Sit.4: Riesgo alto (%),Dic-2025,0.0,2026-04-19
00254,BANCO MARIVA S.A.,privado_nacional,situacion_deudores,C.CAC.Sit.5: Irrecuperable (%),Dic-2025,1.25,2026-04-19
00254,BANCO MARIVA S.A.,privado_nacional,situacion_deudores,C.CAC.TOTAL GARANTIZADO - Garantías Preferidas A y B (%),Dic-2025,0.75,2026-04-19
00254,BANCO MARIVA S.A.,privado_nacional,situacion_deudores,TOTAL DE FINANCIACIONES Y GARANTIAS OTORGADAS ($),Ene-2026,278312.57,2026-04-19
00254,BANCO MARIVA S.A.,privado_nacional,situacion_deudores,TF.Sit.1: En situación normal (%),Ene-2026,99.77,2026-04-19
00254,BANCO MARIVA S.A.,privado_nacional,situacion_deudores,TF.Sit.2: Con seguimiento especial/Riesgo bajo (%),Ene-2026,0.0,2026-04-19
00254,BANCO MARIVA S.A.,privado_nacional,situacion_deudores,TF.Sit.3: Con problemas/Riesgo medio (%),Ene-2026,0.04,2026-04-19
00254,BANCO MARIVA S.A.,privado_nacional,situacion_deudores,TF.Sit.4: Con alto riesgo de insolvencia/Riesgo alto (%),Ene-2026,0.0,2026-04-19
00254,BANCO MARIVA S.A.,privado_nacional,situacion_deudores,TF.Sit.5: Irrecuperable (%),Ene-2026,0.19,2026-04-19
00254,BANCO MARIVA S.A.,privado_nacional,situacion_deudores,TOTAL GARANTIZADO - Garantías Preferidas A y B (%),Ene-2026,1.99,2026-04-19
00254,BANCO MARIVA S.A.,privado_nacional,situacion_deudores,Previsiones por riesgo de incobrabilidad constituídas,Ene-2026,1250.32,2026-04-19
00254,BANCO MARIVA S.A.,privado_nacional,situacion_deudores,CARTERA COMERCIAL ($),Ene-2026,230833.95,2026-04-19
00254,BANCO MARIVA S.A.,privado_nacional,situacion_deudores,Total cartera sobre financiaciones (%),Ene-2026,82.94,2026-04-19
00254,BANCO MARIVA S.A.,privado_nacional,situacion_deudores,C.COM.Sit.1: En situación normal (%),Ene-2026,100.0,2026-04-19
00254,BANCO MARIVA S.A.,privado_nacional,situacion_deudores,C.COM.Sit.4: Con alto riesgo de insolvencia (%),Ene-2026,0.0,2026-04-19
00254,BANCO MARIVA S.A.,privado_nacional,situacion_deudores,C.COM.TOTAL GARANTIZADO - Garantías Preferidas A y B (%),Ene-2026,2.24,2026-04-19
00254,BANCO MARIVA S.A.,privado_nacional,situacion_deudores,CARTERA DE CONSUMO O VIVIENDA ($),Ene-2026,315.62,2026-04-19
00254,BANCO MARIVA S.A.,privado_nacional,situacion_deudores,Total cartera sobre financiaciones (%),Ene-2026,0.11,2026-04-19
00254,BANCO MARIVA S.A.,privado_nacional,situacion_deudores,C.CON.Sit.1: En situación normal (%),Ene-2026,94.02,2026-04-19
00254,BANCO MARIVA S.A.,privado_nacional,situacion_deudores,C.CON.Sit.3: Riesgo medio (%),Ene-2026,0.33,2026-04-19
00254,BANCO MARIVA S.A.,privado_nacional,situacion_deudores,C.CON.Sit.4: Riesgo alto (%),Ene-2026,0.0,2026-04-19
00254,BANCO MARIVA S.A.,privado_nacional,situacion_deudores,C.CON.Sit.5: Irrecuperable (%),Ene-2026,5.64,2026-04-19
00254,BANCO MARIVA S.A.,privado_nacional,situacion_deudores,C.CON.TOTAL GARANTIZADO - Garantías Preferidas A y B (%),Ene-2026,24.28,2026-04-19
00254,BANCO MARIVA S.A.,privado_nacional,situacion_deudores,CARTERA COMERCIAL ASIMILABLE A CONSUMO ($),Ene-2026,47163.0,2026-04-19
00254,BANCO MARIVA S.A.,privado_nacional,situacion_deudores,Total cartera sobre financiaciones (%),Ene-2026,16.95,2026-04-19
00254,BANCO MARIVA S.A.,privado_nacional,situacion_deudores,C.CAC.Sit.1: En situación normal (%),Ene-2026,98.71,2026-04-19
00254,BANCO MARIVA S.A.,privado_nacional,situacion_deudores,C.CAC.Sit.2: Riesgo bajo (%),Ene-2026,0.0,2026-04-19
00254,BANCO MARIVA S.A.,privado_nacional,situacion_deudores,C.CAC.Sit.3: Riesgo medio (%),Ene-2026,0.22,2026-04-19
00254,BANCO MARIVA S.A.,privado_nacional,situacion_deudores,C.CAC.Sit.4: Riesgo alto (%),Ene-2026,0.0,2026-04-19
00254,BANCO MARIVA S.A.,privado_nacional,situacion_deudores,C.CAC.Sit.5: Irrecuperable (%),Ene-2026,1.07,2026-04-19
00254,BANCO MARIVA S.A.,privado_nacional,situacion_deudores,C.CAC.TOTAL GARANTIZADO - Garantías Preferidas A y B (%),Ene-2026,0.64,2026-04-19
00341,BANCO MASVENTAS S.A.,privado_nacional,situacion_deudores,TOTAL DE FINANCIACIONES Y GARANTIAS OTORGADAS ($),Dic-2023,2814.63,2026-04-19
00341,BANCO MASVENTAS S.A.,privado_nacional,situacion_deudores,TF.Sit.1: En situación normal (%),Dic-2023,89.69,2026-04-19
00341,BANCO MASVENTAS S.A.,privado_nacional,situacion_deudores,TF.Sit.2: Con seguimiento especial/Riesgo bajo (%),Dic-2023,3.16,2026-04-19
00341,BANCO MASVENTAS S.A.,privado_nacional,situacion_deudores,TF.Sit.3: Con problemas/Riesgo medio (%),Dic-2023,1.86,2026-04-19
00341,BANCO MASVENTAS S.A.,privado_nacional,situacion_deudores,TF.Sit.4: Con alto riesgo de insolvencia/Riesgo alto (%),Dic-2023,4.39,2026-04-19
00341,BANCO MASVENTAS S.A.,privado_nacional,situacion_deudores,TF.Sit.5: Irrecuperable (%),Dic-2023,0.91,2026-04-19
00341,BANCO MASVENTAS S.A.,privado_nacional,situacion_deudores,TOTAL GARANTIZADO - Garantías Preferidas A y B (%),Dic-2023,1.15,2026-04-19
00341,BANCO MASVENTAS S.A.,privado_nacional,situacion_deudores,Previsiones por riesgo de incobrabilidad constituídas,Dic-2023,156.47,2026-04-19
00341,BANCO MASVENTAS S.A.,privado_nacional,situacion_deudores,CARTERA COMERCIAL ($),Dic-2023,10.98,2026-04-19
00341,BANCO MASVENTAS S.A.,privado_nacional,situacion_deudores,Total cartera sobre financiaciones (%),Dic-2023,0.39,2026-04-19
00341,BANCO MASVENTAS S.A.,privado_nacional,situacion_deudores,C.COM.Sit.1: En situación normal (%),Dic-2023,42.46,2026-04-19
00341,BANCO MASVENTAS S.A.,privado_nacional,situacion_deudores,C.COM.Sit.3: Con problemas (%),Dic-2023,57.54,2026-04-19
00341,BANCO MASVENTAS S.A.,privado_nacional,situacion_deudores,C.COM.Sit.5: Irrecuperable (%),Dic-2023,0.0,2026-04-19
00341,BANCO MASVENTAS S.A.,privado_nacional,situacion_deudores,CARTERA DE CONSUMO O VIVIENDA ($),Dic-2023,1662.2,2026-04-19
00341,BANCO MASVENTAS S.A.,privado_nacional,situacion_deudores,Total cartera sobre financiaciones (%),Dic-2023,59.06,2026-04-19
00341,BANCO MASVENTAS S.A.,privado_nacional,situacion_deudores,C.CON.Sit.1: En situación normal (%),Dic-2023,86.77,2026-04-19
00341,BANCO MASVENTAS S.A.,privado_nacional,situacion_deudores,C.CON.Sit.2: Riesgo bajo (%),Dic-2023,5.25,2026-04-19
00341,BANCO MASVENTAS S.A.,privado_nacional,situacion_deudores,C.CON.Sit.3: Riesgo medio (%),Dic-2023,2.76,2026-04-19
00341,BANCO MASVENTAS S.A.,privado_nacional,situacion_deudores,C.CON.Sit.4: Riesgo alto (%),Dic-2023,3.92,2026-04-19
00341,BANCO MASVENTAS S.A.,privado_nacional,situacion_deudores,C.CON.Sit.5: Irrecuperable (%),Dic-2023,1.3,2026-04-19
00341,BANCO MASVENTAS S.A.,privado_nacional,situacion_deudores,C.CON.TOTAL GARANTIZADO - Garantías Preferidas A y B (%),Dic-2023,0.07,2026-04-19
00341,BANCO MASVENTAS S.A.,privado_nacional,situacion_deudores,CARTERA COMERCIAL ASIMILABLE A CONSUMO ($),Dic-2023,1141.46,2026-04-19
00341,BANCO MASVENTAS S.A.,privado_nacional,situacion_deudores,Total cartera sobre financiaciones (%),Dic-2023,40.55,2026-04-19
00341,BANCO MASVENTAS S.A.,privado_nacional,situacion_deudores,C.CAC.Sit.1: En situación normal (%),Dic-2023,94.39,2026-04-19
00341,BANCO MASVENTAS S.A.,privado_nacional,situacion_deudores,C.CAC.Sit.2: Riesgo bajo (%),Dic-2023,0.14,2026-04-19
00341,BANCO MASVENTAS S.A.,privado_nacional,situacion_deudores,C.CAC.Sit.3: Riesgo medio (%),Dic-2023,0.01,2026-04-19
00341,BANCO MASVENTAS S.A.,privado_nacional,situacion_deudores,C.CAC.Sit.4: Riesgo alto (%),Dic-2023,5.12,2026-04-19
00341,BANCO MASVENTAS S.A.,privado_nacional,situacion_deudores,C.CAC.Sit.5: Irrecuperable (%),Dic-2023,0.33,2026-04-19
00341,BANCO MASVENTAS S.A.,privado_nacional,situacion_deudores,C.CAC.TOTAL GARANTIZADO - Garantías Preferidas A y B (%),Dic-2023,2.74,2026-04-19
00341,BANCO MASVENTAS S.A.,privado_nacional,situacion_deudores,TOTAL DE FINANCIACIONES Y GARANTIAS OTORGADAS ($),Dic-2024,4996.03,2026-04-19
00341,BANCO MASVENTAS S.A.,privado_nacional,situacion_deudores,TF.Sit.1: En situación normal (%),Dic-2024,89.46,2026-04-19
00341,BANCO MASVENTAS S.A.,privado_nacional,situacion_deudores,TF.Sit.2: Con seguimiento especial/Riesgo bajo (%),Dic-2024,2.82,2026-04-19
00341,BANCO MASVENTAS S.A.,privado_nacional,situacion_deudores,TF.Sit.3: Con problemas/Riesgo medio (%),Dic-2024,2.3,2026-04-19
00341,BANCO MASVENTAS S.A.,privado_nacional,situacion_deudores,TF.Sit.4: Con alto riesgo de insolvencia/Riesgo alto (%),Dic-2024,4.09,2026-04-19
00341,BANCO MASVENTAS S.A.,privado_nacional,situacion_deudores,TF.Sit.5: Irrecuperable (%),Dic-2024,1.33,2026-04-19
00341,BANCO MASVENTAS S.A.,privado_nacional,situacion_deudores,TOTAL GARANTIZADO - Garantías Preferidas A y B (%),Dic-2024,0.88,2026-04-19
00341,BANCO MASVENTAS S.A.,privado_nacional,situacion_deudores,Previsiones por riesgo de incobrabilidad constituídas,Dic-2024,304.06,2026-04-19
00341,BANCO MASVENTAS S.A.,privado_nacional,situacion_deudores,CARTERA COMERCIAL ($),Dic-2024,224.67,2026-04-19
00341,BANCO MASVENTAS S.A.,privado_nacional,situacion_deudores,Total cartera sobre financiaciones (%),Dic-2024,4.5,2026-04-19
00341,BANCO MASVENTAS S.A.,privado_nacional,situacion_deudores,C.COM.Sit.1: En situación normal (%),Dic-2024,97.19,2026-04-19
00341,BANCO MASVENTAS S.A.,privado_nacional,situacion_deudores,C.COM.Sit.3: Con problemas (%),Dic-2024,0.0,2026-04-19
00341,BANCO MASVENTAS S.A.,privado_nacional,situacion_deudores,C.COM.Sit.5: Irrecuperable (%),Dic-2024,2.81,2026-04-19
00341,BANCO MASVENTAS S.A.,privado_nacional,situacion_deudores,CARTERA DE CONSUMO O VIVIENDA ($),Dic-2024,2232.73,2026-04-19
00341,BANCO MASVENTAS S.A.,privado_nacional,situacion_deudores,Total cartera sobre financiaciones (%),Dic-2024,44.69,2026-04-19
00341,BANCO MASVENTAS S.A.,privado_nacional,situacion_deudores,C.CON.Sit.1: En situación normal (%),Dic-2024,80.42,2026-04-19
00341,BANCO MASVENTAS S.A.,privado_nacional,situacion_deudores,C.CON.Sit.2: Riesgo bajo (%),Dic-2024,4.19,2026-04-19
00341,BANCO MASVENTAS S.A.,privado_nacional,situacion_deudores,C.CON.Sit.3: Riesgo medio (%),Dic-2024,4.97,2026-04-19
00341,BANCO MASVENTAS S.A.,privado_nacional,situacion_deudores,C.CON.Sit.4: Riesgo alto (%),Dic-2024,9.16,2026-04-19
00341,BANCO MASVENTAS S.A.,privado_nacional,situacion_deudores,C.CON.Sit.5: Irrecuperable (%),Dic-2024,1.25,2026-04-19
00341,BANCO MASVENTAS S.A.,privado_nacional,situacion_deudores,C.CON.TOTAL GARANTIZADO - Garantías Preferidas A y B (%),Dic-2024,0.09,2026-04-19
00341,BANCO MASVENTAS S.A.,privado_nacional,situacion_deudores,CARTERA COMERCIAL ASIMILABLE A CONSUMO ($),Dic-2024,2538.64,2026-04-19
00341,BANCO MASVENTAS S.A.,privado_nacional,situacion_deudores,Total cartera sobre financiaciones (%),Dic-2024,50.81,2026-04-19
00341,BANCO MASVENTAS S.A.,privado_nacional,situacion_deudores,C.CAC.Sit.1: En situación normal (%),Dic-2024,96.72,2026-04-19
00341,BANCO MASVENTAS S.A.,privado_nacional,situacion_deudores,C.CAC.Sit.2: Riesgo bajo (%),Dic-2024,1.86,2026-04-19
00341,BANCO MASVENTAS S.A.,privado_nacional,situacion_deudores,C.CAC.Sit.3: Riesgo medio (%),Dic-2024,0.15,2026-04-19
00341,BANCO MASVENTAS S.A.,privado_nacional,situacion_deudores,C.CAC.Sit.4: Riesgo alto (%),Dic-2024,0.0,2026-04-19
00341,BANCO MASVENTAS S.A.,privado_nacional,situacion_deudores,C.CAC.Sit.5: Irrecuperable (%),Dic-2024,1.27,2026-04-19
00341,BANCO MASVENTAS S.A.,privado_nacional,situacion_deudores,C.CAC.TOTAL GARANTIZADO - Garantías Preferidas A y B (%),Dic-2024,1.66,2026-04-19
00341,BANCO MASVENTAS S.A.,privado_nacional,situacion_deudores,TOTAL DE FINANCIACIONES Y GARANTIAS OTORGADAS ($),Nov-2025,8988.62,2026-04-19
00341,BANCO MASVENTAS S.A.,privado_nacional,situacion_deudores,TF.Sit.1: En situación normal (%),Nov-2025,86.85,2026-04-19
00341,BANCO MASVENTAS S.A.,privado_nacional,situacion_deudores,TF.Sit.2: Con seguimiento especial/Riesgo bajo (%),Nov-2025,4.46,2026-04-19
00341,BANCO MASVENTAS S.A.,privado_nacional,situacion_deudores,TF.Sit.3: Con problemas/Riesgo medio (%),Nov-2025,0.78,2026-04-19
00341,BANCO MASVENTAS S.A.,privado_nacional,situacion_deudores,TF.Sit.4: Con alto riesgo de insolvencia/Riesgo alto (%),Nov-2025,6.19,2026-04-19
00341,BANCO MASVENTAS S.A.,privado_nacional,situacion_deudores,TF.Sit.5: Irrecuperable (%),Nov-2025,1.72,2026-04-19
00341,BANCO MASVENTAS S.A.,privado_nacional,situacion_deudores,TOTAL GARANTIZADO - Garantías Preferidas A y B (%),Nov-2025,0.97,2026-04-19
00341,BANCO MASVENTAS S.A.,privado_nacional,situacion_deudores,Previsiones por riesgo de incobrabilidad constituídas,Nov-2025,1012.07,2026-04-19
00341,BANCO MASVENTAS S.A.,privado_nacional,situacion_deudores,CARTERA COMERCIAL ($),Nov-2025,681.25,2026-04-19
00341,BANCO MASVENTAS S.A.,privado_nacional,situacion_deudores,Total cartera sobre financiaciones (%),Nov-2025,7.58,2026-04-19
00341,BANCO MASVENTAS S.A.,privado_nacional,situacion_deudores,C.COM.Sit.1: En situación normal (%),Nov-2025,100.0,2026-04-19
00341,BANCO MASVENTAS S.A.,privado_nacional,situacion_deudores,C.COM.Sit.3: Con problemas (%),Nov-2025,0.0,2026-04-19
00341,BANCO MASVENTAS S.A.,privado_nacional,situacion_deudores,C.COM.Sit.5: Irrecuperable (%),Nov-2025,0.0,2026-04-19
00341,BANCO MASVENTAS S.A.,privado_nacional,situacion_deudores,CARTERA DE CONSUMO O VIVIENDA ($),Nov-2025,2756.27,2026-04-19
00341,BANCO MASVENTAS S.A.,privado_nacional,situacion_deudores,Total cartera sobre financiaciones (%),Nov-2025,30.66,2026-04-19
00341,BANCO MASVENTAS S.A.,privado_nacional,situacion_deudores,C.CON.Sit.1: En situación normal (%),Nov-2025,67.14,2026-04-19
00341,BANCO MASVENTAS S.A.,privado_nacional,situacion_deudores,C.CON.Sit.2: Riesgo bajo (%),Nov-2025,9.11,2026-04-19
00341,BANCO MASVENTAS S.A.,privado_nacional,situacion_deudores,C.CON.Sit.3: Riesgo medio (%),Nov-2025,1.99,2026-04-19
00341,BANCO MASVENTAS S.A.,privado_nacional,situacion_deudores,C.CON.Sit.4: Riesgo alto (%),Nov-2025,16.29,2026-04-19
00341,BANCO MASVENTAS S.A.,privado_nacional,situacion_deudores,C.CON.Sit.5: Irrecuperable (%),Nov-2025,5.48,2026-04-19
00341,BANCO MASVENTAS S.A.,privado_nacional,situacion_deudores,C.CON.TOTAL GARANTIZADO - Garantías Preferidas A y B (%),Nov-2025,0.26,2026-04-19
00341,BANCO MASVENTAS S.A.,privado_nacional,situacion_deudores,CARTERA COMERCIAL ASIMILABLE A CONSUMO ($),Nov-2025,5551.11,2026-04-19
00341,BANCO MASVENTAS S.A.,privado_nacional,situacion_deudores,Total cartera sobre financiaciones (%),Nov-2025,61.76,2026-04-19
00341,BANCO MASVENTAS S.A.,privado_nacional,situacion_deudores,C.CAC.Sit.1: En situación normal (%),Nov-2025,95.02,2026-04-19
00341,BANCO MASVENTAS S.A.,privado_nacional,situacion_deudores,C.CAC.Sit.2: Riesgo bajo (%),Nov-2025,2.7,2026-04-19
00341,BANCO MASVENTAS S.A.,privado_nacional,situacion_deudores,C.CAC.Sit.3: Riesgo medio (%),Nov-2025,0.27,2026-04-19
00341,BANCO MASVENTAS S.A.,privado_nacional,situacion_deudores,C.CAC.Sit.4: Riesgo alto (%),Nov-2025,1.94,2026-04-19
00341,BANCO MASVENTAS S.A.,privado_nacional,situacion_deudores,C.CAC.Sit.5: Irrecuperable (%),Nov-2025,0.06,2026-04-19
00341,BANCO MASVENTAS S.A.,privado_nacional,situacion_deudores,C.CAC.TOTAL GARANTIZADO - Garantías Preferidas A y B (%),Nov-2025,1.43,2026-04-19
00341,BANCO MASVENTAS S.A.,privado_nacional,situacion_deudores,TOTAL DE FINANCIACIONES Y GARANTIAS OTORGADAS ($),Dic-2025,10822.43,2026-04-19
00341,BANCO MASVENTAS S.A.,privado_nacional,situacion_deudores,TF.Sit.1: En situación normal (%),Dic-2025,86.52,2026-04-19
00341,BANCO MASVENTAS S.A.,privado_nacional,situacion_deudores,TF.Sit.2: Con seguimiento especial/Riesgo bajo (%),Dic-2025,2.86,2026-04-19
00341,BANCO MASVENTAS S.A.,privado_nacional,situacion_deudores,TF.Sit.3: Con problemas/Riesgo medio (%),Dic-2025,2.32,2026-04-19
00341,BANCO MASVENTAS S.A.,privado_nacional,situacion_deudores,TF.Sit.4: Con alto riesgo de insolvencia/Riesgo alto (%),Dic-2025,6.76,2026-04-19
00341,BANCO MASVENTAS S.A.,privado_nacional,situacion_deudores,TF.Sit.5: Irrecuperable (%),Dic-2025,1.53,2026-04-19
00341,BANCO MASVENTAS S.A.,privado_nacional,situacion_deudores,TOTAL GARANTIZADO - Garantías Preferidas A y B (%),Dic-2025,1.02,2026-04-19
00341,BANCO MASVENTAS S.A.,privado_nacional,situacion_deudores,Previsiones por riesgo de incobrabilidad constituídas,Dic-2025,1003.97,2026-04-19
00341,BANCO MASVENTAS S.A.,privado_nacional,situacion_deudores,CARTERA COMERCIAL ($),Dic-2025,220.02,2026-04-19
00341,BANCO MASVENTAS S.A.,privado_nacional,situacion_deudores,Total cartera sobre financiaciones (%),Dic-2025,2.03,2026-04-19
00341,BANCO MASVENTAS S.A.,privado_nacional,situacion_deudores,C.COM.Sit.1: En situación normal (%),Dic-2025,100.0,2026-04-19
00341,BANCO MASVENTAS S.A.,privado_nacional,situacion_deudores,C.COM.Sit.3: Con problemas (%),Dic-2025,0.0,2026-04-19
00341,BANCO MASVENTAS S.A.,privado_nacional,situacion_deudores,C.COM.Sit.5: Irrecuperable (%),Dic-2025,0.0,2026-04-19
00341,BANCO MASVENTAS S.A.,privado_nacional,situacion_deudores,CARTERA DE CONSUMO O VIVIENDA ($),Dic-2025,4725.94,2026-04-19
00341,BANCO MASVENTAS S.A.,privado_nacional,situacion_deudores,Total cartera sobre financiaciones (%),Dic-2025,43.67,2026-04-19
00341,BANCO MASVENTAS S.A.,privado_nacional,situacion_deudores,C.CON.Sit.1: En situación normal (%),Dic-2025,75.43,2026-04-19
00341,BANCO MASVENTAS S.A.,privado_nacional,situacion_deudores,C.CON.Sit.2: Riesgo bajo (%),Dic-2025,4.92,2026-04-19
00341,BANCO MASVENTAS S.A.,privado_nacional,situacion_deudores,C.CON.Sit.3: Riesgo medio (%),Dic-2025,3.16,2026-04-19
00341,BANCO MASVENTAS S.A.,privado_nacional,situacion_deudores,C.CON.Sit.4: Riesgo alto (%),Dic-2025,13.05,2026-04-19
00341,BANCO MASVENTAS S.A.,privado_nacional,situacion_deudores,C.CON.Sit.5: Irrecuperable (%),Dic-2025,3.44,2026-04-19
00341,BANCO MASVENTAS S.A.,privado_nacional,situacion_deudores,C.CON.TOTAL GARANTIZADO - Garantías Preferidas A y B (%),Dic-2025,0.07,2026-04-19
00341,BANCO MASVENTAS S.A.,privado_nacional,situacion_deudores,CARTERA COMERCIAL ASIMILABLE A CONSUMO ($),Dic-2025,5876.47,2026-04-19
00341,BANCO MASVENTAS S.A.,privado_nacional,situacion_deudores,Total cartera sobre financiaciones (%),Dic-2025,54.3,2026-04-19
00341,BANCO MASVENTAS S.A.,privado_nacional,situacion_deudores,C.CAC.Sit.1: En situación normal (%),Dic-2025,94.93,2026-04-19
00341,BANCO MASVENTAS S.A.,privado_nacional,situacion_deudores,C.CAC.Sit.2: Riesgo bajo (%),Dic-2025,1.32,2026-04-19
00341,BANCO MASVENTAS S.A.,privado_nacional,situacion_deudores,C.CAC.Sit.3: Riesgo medio (%),Dic-2025,1.73,2026-04-19
00341,BANCO MASVENTAS S.A.,privado_nacional,situacion_deudores,C.CAC.Sit.4: Riesgo alto (%),Dic-2025,1.96,2026-04-19
00341,BANCO MASVENTAS S.A.,privado_nacional,situacion_deudores,C.CAC.Sit.5: Irrecuperable (%),Dic-2025,0.06,2026-04-19
00341,BANCO MASVENTAS S.A.,privado_nacional,situacion_deudores,C.CAC.TOTAL GARANTIZADO - Garantías Preferidas A y B (%),Dic-2025,1.82,2026-04-19
00341,BANCO MASVENTAS S.A.,privado_nacional,situacion_deudores,TOTAL DE FINANCIACIONES Y GARANTIAS OTORGADAS ($),Ene-2026,13613.78,2026-04-19
00341,BANCO MASVENTAS S.A.,privado_nacional,situacion_deudores,TF.Sit.1: En situación normal (%),Ene-2026,87.94,2026-04-19
00341,BANCO MASVENTAS S.A.,privado_nacional,situacion_deudores,TF.Sit.2: Con seguimiento especial/Riesgo bajo (%),Ene-2026,2.39,2026-04-19
00341,BANCO MASVENTAS S.A.,privado_nacional,situacion_deudores,TF.Sit.3: Con problemas/Riesgo medio (%),Ene-2026,2.45,2026-04-19
00341,BANCO MASVENTAS S.A.,privado_nacional,situacion_deudores,TF.Sit.4: Con alto riesgo de insolvencia/Riesgo alto (%),Ene-2026,6.14,2026-04-19
00341,BANCO MASVENTAS S.A.,privado_nacional,situacion_deudores,TF.Sit.5: Irrecuperable (%),Ene-2026,1.08,2026-04-19
00341,BANCO MASVENTAS S.A.,privado_nacional,situacion_deudores,TOTAL GARANTIZADO - Garantías Preferidas A y B (%),Ene-2026,1.39,2026-04-19
00341,BANCO MASVENTAS S.A.,privado_nacional,situacion_deudores,Previsiones por riesgo de incobrabilidad constituídas,Ene-2026,1047.35,2026-04-19
00341,BANCO MASVENTAS S.A.,privado_nacional,situacion_deudores,CARTERA COMERCIAL ($),Ene-2026,231.79,2026-04-19
00341,BANCO MASVENTAS S.A.,privado_nacional,situacion_deudores,Total cartera sobre financiaciones (%),Ene-2026,1.7,2026-04-19
00341,BANCO MASVENTAS S.A.,privado_nacional,situacion_deudores,C.COM.Sit.1: En situación normal (%),Ene-2026,100.0,2026-04-19
00341,BANCO MASVENTAS S.A.,privado_nacional,situacion_deudores,C.COM.Sit.3: Con problemas (%),Ene-2026,0.0,2026-04-19
00341,BANCO MASVENTAS S.A.,privado_nacional,situacion_deudores,C.COM.Sit.5: Irrecuperable (%),Ene-2026,0.0,2026-04-19
00341,BANCO MASVENTAS S.A.,privado_nacional,situacion_deudores,CARTERA DE CONSUMO O VIVIENDA ($),Ene-2026,7091.52,2026-04-19
00341,BANCO MASVENTAS S.A.,privado_nacional,situacion_deudores,Total cartera sobre financiaciones (%),Ene-2026,52.09,2026-04-19
00341,BANCO MASVENTAS S.A.,privado_nacional,situacion_deudores,C.CON.Sit.1: En situación normal (%),Ene-2026,81.0,2026-04-19
00341,BANCO MASVENTAS S.A.,privado_nacional,situacion_deudores,C.CON.Sit.2: Riesgo bajo (%),Ene-2026,3.62,2026-04-19
00341,BANCO MASVENTAS S.A.,privado_nacional,situacion_deudores,C.CON.Sit.3: Riesgo medio (%),Ene-2026,3.2,2026-04-19
00341,BANCO MASVENTAS S.A.,privado_nacional,situacion_deudores,C.CON.Sit.4: Riesgo alto (%),Ene-2026,10.16,2026-04-19
00341,BANCO MASVENTAS S.A.,privado_nacional,situacion_deudores,C.CON.Sit.5: Irrecuperable (%),Ene-2026,2.01,2026-04-19
00341,BANCO MASVENTAS S.A.,privado_nacional,situacion_deudores,C.CON.TOTAL GARANTIZADO - Garantías Preferidas A y B (%),Ene-2026,0.11,2026-04-19
00341,BANCO MASVENTAS S.A.,privado_nacional,situacion_deudores,CARTERA COMERCIAL ASIMILABLE A CONSUMO ($),Ene-2026,6290.48,2026-04-19
00341,BANCO MASVENTAS S.A.,privado_nacional,situacion_deudores,Total cartera sobre financiaciones (%),Ene-2026,46.21,2026-04-19
00341,BANCO MASVENTAS S.A.,privado_nacional,situacion_deudores,C.CAC.Sit.1: En situación normal (%),Ene-2026,95.33,2026-04-19
00341,BANCO MASVENTAS S.A.,privado_nacional,situacion_deudores,C.CAC.Sit.2: Riesgo bajo (%),Ene-2026,1.09,2026-04-19
00341,BANCO MASVENTAS S.A.,privado_nacional,situacion_deudores,C.CAC.Sit.3: Riesgo medio (%),Ene-2026,1.7,2026-04-19
00341,BANCO MASVENTAS S.A.,privado_nacional,situacion_deudores,C.CAC.Sit.4: Riesgo alto (%),Ene-2026,1.83,2026-04-19
00341,BANCO MASVENTAS S.A.,privado_nacional,situacion_deudores,C.CAC.Sit.5: Irrecuperable (%),Ene-2026,0.06,2026-04-19
00341,BANCO MASVENTAS S.A.,privado_nacional,situacion_deudores,C.CAC.TOTAL GARANTIZADO - Garantías Preferidas A y B (%),Ene-2026,2.89,2026-04-19
00281,BANCO MERIDIAN S.A.,privado_nacional,situacion_deudores,TOTAL DE FINANCIACIONES Y GARANTIAS OTORGADAS ($),Dic-2023,5086.09,2026-04-19
00281,BANCO MERIDIAN S.A.,privado_nacional,situacion_deudores,TF.Sit.1: En situación normal (%),Dic-2023,98.58,2026-04-19
00281,BANCO MERIDIAN S.A.,privado_nacional,situacion_deudores,TF.Sit.2: Con seguimiento especial/Riesgo bajo (%),Dic-2023,0.2,2026-04-19
00281,BANCO MERIDIAN S.A.,privado_nacional,situacion_deudores,TF.Sit.3: Con problemas/Riesgo medio (%),Dic-2023,0.0,2026-04-19
00281,BANCO MERIDIAN S.A.,privado_nacional,situacion_deudores,TF.Sit.4: Con alto riesgo de insolvencia/Riesgo alto (%),Dic-2023,1.21,2026-04-19
00281,BANCO MERIDIAN S.A.,privado_nacional,situacion_deudores,TF.Sit.5: Irrecuperable (%),Dic-2023,0.0,2026-04-19
00281,BANCO MERIDIAN S.A.,privado_nacional,situacion_deudores,TOTAL GARANTIZADO - Garantías Preferidas A y B (%),Dic-2023,49.58,2026-04-19
00281,BANCO MERIDIAN S.A.,privado_nacional,situacion_deudores,Previsiones por riesgo de incobrabilidad constituídas,Dic-2023,88.84,2026-04-19
00281,BANCO MERIDIAN S.A.,privado_nacional,situacion_deudores,CARTERA COMERCIAL ($),Dic-2023,2980.31,2026-04-19
00281,BANCO MERIDIAN S.A.,privado_nacional,situacion_deudores,Total cartera sobre financiaciones (%),Dic-2023,58.6,2026-04-19
00281,BANCO MERIDIAN S.A.,privado_nacional,situacion_deudores,C.COM.Sit.1: En situación normal (%),Dic-2023,99.55,2026-04-19
00281,BANCO MERIDIAN S.A.,privado_nacional,situacion_deudores,C.COM.Sit.2: Con seguimiento especial (%),Dic-2023,0.0,2026-04-19
00281,BANCO MERIDIAN S.A.,privado_nacional,situacion_deudores,C.COM.Sit.3: Con problemas (%),Dic-2023,0.0,2026-04-19
00281,BANCO MERIDIAN S.A.,privado_nacional,situacion_deudores,C.COM.Sit.4: Con alto riesgo de insolvencia (%),Dic-2023,0.45,2026-04-19
00281,BANCO MERIDIAN S.A.,privado_nacional,situacion_deudores,C.COM.TOTAL GARANTIZADO - Garantías Preferidas A y B (%),Dic-2023,49.87,2026-04-19
00281,BANCO MERIDIAN S.A.,privado_nacional,situacion_deudores,CARTERA DE CONSUMO O VIVIENDA ($),Dic-2023,83.97,2026-04-19
00281,BANCO MERIDIAN S.A.,privado_nacional,situacion_deudores,Total cartera sobre financiaciones (%),Dic-2023,1.65,2026-04-19
00281,BANCO MERIDIAN S.A.,privado_nacional,situacion_deudores,C.CON.Sit.1: En situación normal (%),Dic-2023,99.76,2026-04-19
00281,BANCO MERIDIAN S.A.,privado_nacional,situacion_deudores,C.CON.Sit.2: Riesgo bajo (%),Dic-2023,0.06,2026-04-19
00281,BANCO MERIDIAN S.A.,privado_nacional,situacion_deudores,C.CON.Sit.3: Riesgo medio (%),Dic-2023,0.0,2026-04-19
00281,BANCO MERIDIAN S.A.,privado_nacional,situacion_deudores,C.CON.Sit.4: Riesgo alto (%),Dic-2023,0.18,2026-04-19
00281,BANCO MERIDIAN S.A.,privado_nacional,situacion_deudores,C.CON.Sit.5: Irrecuperable (%),Dic-2023,0.0,2026-04-19
00281,BANCO MERIDIAN S.A.,privado_nacional,situacion_deudores,C.CON.TOTAL GARANTIZADO - Garantías Preferidas A y B (%),Dic-2023,0.0,2026-04-19
00281,BANCO MERIDIAN S.A.,privado_nacional,situacion_deudores,CARTERA COMERCIAL ASIMILABLE A CONSUMO ($),Dic-2023,2021.81,2026-04-19
00281,BANCO MERIDIAN S.A.,privado_nacional,situacion_deudores,Total cartera sobre financiaciones (%),Dic-2023,39.75,2026-04-19
00281,BANCO MERIDIAN S.A.,privado_nacional,situacion_deudores,C.CAC.Sit.1: En situación normal (%),Dic-2023,97.12,2026-04-19
00281,BANCO MERIDIAN S.A.,privado_nacional,situacion_deudores,C.CAC.Sit.2: Riesgo bajo (%),Dic-2023,0.5,2026-04-19
00281,BANCO MERIDIAN S.A.,privado_nacional,situacion_deudores,C.CAC.Sit.3: Riesgo medio (%),Dic-2023,0.0,2026-04-19
00281,BANCO MERIDIAN S.A.,privado_nacional,situacion_deudores,C.CAC.Sit.4: Riesgo alto (%),Dic-2023,2.37,2026-04-19
00281,BANCO MERIDIAN S.A.,privado_nacional,situacion_deudores,C.CAC.Sit.5: Irrecuperable (%),Dic-2023,0.01,2026-04-19
00281,BANCO MERIDIAN S.A.,privado_nacional,situacion_deudores,C.CAC.TOTAL GARANTIZADO - Garantías Preferidas A y B (%),Dic-2023,51.23,2026-04-19
00281,BANCO MERIDIAN S.A.,privado_nacional,situacion_deudores,TOTAL DE FINANCIACIONES Y GARANTIAS OTORGADAS ($),Dic-2024,9423.24,2026-04-19
00281,BANCO MERIDIAN S.A.,privado_nacional,situacion_deudores,TF.Sit.1: En situación normal (%),Dic-2024,99.26,2026-04-19
00281,BANCO MERIDIAN S.A.,privado_nacional,situacion_deudores,TF.Sit.2: Con seguimiento especial/Riesgo bajo (%),Dic-2024,0.06,2026-04-19
00281,BANCO MERIDIAN S.A.,privado_nacional,situacion_deudores,TF.Sit.3: Con problemas/Riesgo medio (%),Dic-2024,0.64,2026-04-19
00281,BANCO MERIDIAN S.A.,privado_nacional,situacion_deudores,TF.Sit.4: Con alto riesgo de insolvencia/Riesgo alto (%),Dic-2024,0.03,2026-04-19
00281,BANCO MERIDIAN S.A.,privado_nacional,situacion_deudores,TF.Sit.5: Irrecuperable (%),Dic-2024,0.01,2026-04-19
00281,BANCO MERIDIAN S.A.,privado_nacional,situacion_deudores,TOTAL GARANTIZADO - Garantías Preferidas A y B (%),Dic-2024,47.22,2026-04-19
00281,BANCO MERIDIAN S.A.,privado_nacional,situacion_deudores,Previsiones por riesgo de incobrabilidad constituídas,Dic-2024,112.78,2026-04-19
00281,BANCO MERIDIAN S.A.,privado_nacional,situacion_deudores,CARTERA COMERCIAL ($),Dic-2024,5361.14,2026-04-19
00281,BANCO MERIDIAN S.A.,privado_nacional,situacion_deudores,Total cartera sobre financiaciones (%),Dic-2024,56.89,2026-04-19
00281,BANCO MERIDIAN S.A.,privado_nacional,situacion_deudores,C.COM.Sit.1: En situación normal (%),Dic-2024,100.0,2026-04-19
00281,BANCO MERIDIAN S.A.,privado_nacional,situacion_deudores,C.COM.Sit.2: Con seguimiento especial (%),Dic-2024,0.0,2026-04-19
00281,BANCO MERIDIAN S.A.,privado_nacional,situacion_deudores,C.COM.Sit.3: Con problemas (%),Dic-2024,0.0,2026-04-19
00281,BANCO MERIDIAN S.A.,privado_nacional,situacion_deudores,C.COM.Sit.4: Con alto riesgo de insolvencia (%),Dic-2024,0.0,2026-04-19
00281,BANCO MERIDIAN S.A.,privado_nacional,situacion_deudores,C.COM.TOTAL GARANTIZADO - Garantías Preferidas A y B (%),Dic-2024,41.35,2026-04-19
00281,BANCO MERIDIAN S.A.,privado_nacional,situacion_deudores,CARTERA DE CONSUMO O VIVIENDA ($),Dic-2024,189.0,2026-04-19
00281,BANCO MERIDIAN S.A.,privado_nacional,situacion_deudores,Total cartera sobre financiaciones (%),Dic-2024,2.01,2026-04-19
00281,BANCO MERIDIAN S.A.,privado_nacional,situacion_deudores,C.CON.Sit.1: En situación normal (%),Dic-2024,97.09,2026-04-19
00281,BANCO MERIDIAN S.A.,privado_nacional,situacion_deudores,C.CON.Sit.2: Riesgo bajo (%),Dic-2024,0.0,2026-04-19
00281,BANCO MERIDIAN S.A.,privado_nacional,situacion_deudores,C.CON.Sit.3: Riesgo medio (%),Dic-2024,2.59,2026-04-19
00281,BANCO MERIDIAN S.A.,privado_nacional,situacion_deudores,C.CON.Sit.4: Riesgo alto (%),Dic-2024,0.12,2026-04-19
00281,BANCO MERIDIAN S.A.,privado_nacional,situacion_deudores,C.CON.Sit.5: Irrecuperable (%),Dic-2024,0.19,2026-04-19
00281,BANCO MERIDIAN S.A.,privado_nacional,situacion_deudores,C.CON.TOTAL GARANTIZADO - Garantías Preferidas A y B (%),Dic-2024,0.0,2026-04-19
00281,BANCO MERIDIAN S.A.,privado_nacional,situacion_deudores,CARTERA COMERCIAL ASIMILABLE A CONSUMO ($),Dic-2024,3873.1,2026-04-19
00281,BANCO MERIDIAN S.A.,privado_nacional,situacion_deudores,Total cartera sobre financiaciones (%),Dic-2024,41.1,2026-04-19
00281,BANCO MERIDIAN S.A.,privado_nacional,situacion_deudores,C.CAC.Sit.1: En situación normal (%),Dic-2024,98.35,2026-04-19
00281,BANCO MERIDIAN S.A.,privado_nacional,situacion_deudores,C.CAC.Sit.2: Riesgo bajo (%),Dic-2024,0.14,2026-04-19
00281,BANCO MERIDIAN S.A.,privado_nacional,situacion_deudores,C.CAC.Sit.3: Riesgo medio (%),Dic-2024,1.42,2026-04-19
00281,BANCO MERIDIAN S.A.,privado_nacional,situacion_deudores,C.CAC.Sit.4: Riesgo alto (%),Dic-2024,0.07,2026-04-19
00281,BANCO MERIDIAN S.A.,privado_nacional,situacion_deudores,C.CAC.Sit.5: Irrecuperable (%),Dic-2024,0.01,2026-04-19
00281,BANCO MERIDIAN S.A.,privado_nacional,situacion_deudores,C.CAC.TOTAL GARANTIZADO - Garantías Preferidas A y B (%),Dic-2024,57.66,2026-04-19
00281,BANCO MERIDIAN S.A.,privado_nacional,situacion_deudores,TOTAL DE FINANCIACIONES Y GARANTIAS OTORGADAS ($),Nov-2025,19465.67,2026-04-19
00281,BANCO MERIDIAN S.A.,privado_nacional,situacion_deudores,TF.Sit.1: En situación normal (%),Nov-2025,99.15,2026-04-19
00281,BANCO MERIDIAN S.A.,privado_nacional,situacion_deudores,TF.Sit.2: Con seguimiento especial/Riesgo bajo (%),Nov-2025,0.25,2026-04-19
00281,BANCO MERIDIAN S.A.,privado_nacional,situacion_deudores,TF.Sit.3: Con problemas/Riesgo medio (%),Nov-2025,0.59,2026-04-19
00281,BANCO MERIDIAN S.A.,privado_nacional,situacion_deudores,TF.Sit.4: Con alto riesgo de insolvencia/Riesgo alto (%),Nov-2025,0.0,2026-04-19
00281,BANCO MERIDIAN S.A.,privado_nacional,situacion_deudores,TF.Sit.5: Irrecuperable (%),Nov-2025,0.01,2026-04-19
00281,BANCO MERIDIAN S.A.,privado_nacional,situacion_deudores,TOTAL GARANTIZADO - Garantías Preferidas A y B (%),Nov-2025,31.79,2026-04-19
00281,BANCO MERIDIAN S.A.,privado_nacional,situacion_deudores,Previsiones por riesgo de incobrabilidad constituídas,Nov-2025,157.53,2026-04-19
00281,BANCO MERIDIAN S.A.,privado_nacional,situacion_deudores,CARTERA COMERCIAL ($),Nov-2025,6112.95,2026-04-19
00281,BANCO MERIDIAN S.A.,privado_nacional,situacion_deudores,Total cartera sobre financiaciones (%),Nov-2025,31.4,2026-04-19
00281,BANCO MERIDIAN S.A.,privado_nacional,situacion_deudores,C.COM.Sit.1: En situación normal (%),Nov-2025,98.13,2026-04-19
00281,BANCO MERIDIAN S.A.,privado_nacional,situacion_deudores,C.COM.Sit.2: Con seguimiento especial (%),Nov-2025,0.0,2026-04-19
00281,BANCO MERIDIAN S.A.,privado_nacional,situacion_deudores,C.COM.Sit.3: Con problemas (%),Nov-2025,1.87,2026-04-19
00281,BANCO MERIDIAN S.A.,privado_nacional,situacion_deudores,C.COM.Sit.4: Con alto riesgo de insolvencia (%),Nov-2025,0.0,2026-04-19
00281,BANCO MERIDIAN S.A.,privado_nacional,situacion_deudores,C.COM.TOTAL GARANTIZADO - Garantías Preferidas A y B (%),Nov-2025,46.53,2026-04-19
00281,BANCO MERIDIAN S.A.,privado_nacional,situacion_deudores,CARTERA DE CONSUMO O VIVIENDA ($),Nov-2025,2649.39,2026-04-19
00281,BANCO MERIDIAN S.A.,privado_nacional,situacion_deudores,Total cartera sobre financiaciones (%),Nov-2025,13.61,2026-04-19
00281,BANCO MERIDIAN S.A.,privado_nacional,situacion_deudores,C.CON.Sit.1: En situación normal (%),Nov-2025,99.8,2026-04-19
00281,BANCO MERIDIAN S.A.,privado_nacional,situacion_deudores,C.CON.Sit.2: Riesgo bajo (%),Nov-2025,0.15,2026-04-19
00281,BANCO MERIDIAN S.A.,privado_nacional,situacion_deudores,C.CON.Sit.3: Riesgo medio (%),Nov-2025,0.04,2026-04-19
00281,BANCO MERIDIAN S.A.,privado_nacional,situacion_deudores,C.CON.Sit.4: Riesgo alto (%),Nov-2025,0.0,2026-04-19
00281,BANCO MERIDIAN S.A.,privado_nacional,situacion_deudores,C.CON.Sit.5: Irrecuperable (%),Nov-2025,0.0,2026-04-19
00281,BANCO MERIDIAN S.A.,privado_nacional,situacion_deudores,C.CON.TOTAL GARANTIZADO - Garantías Preferidas A y B (%),Nov-2025,2.41,2026-04-19
00281,BANCO MERIDIAN S.A.,privado_nacional,situacion_deudores,CARTERA COMERCIAL ASIMILABLE A CONSUMO ($),Nov-2025,10703.33,2026-04-19
00281,BANCO MERIDIAN S.A.,privado_nacional,situacion_deudores,Total cartera sobre financiaciones (%),Nov-2025,54.99,2026-04-19
00281,BANCO MERIDIAN S.A.,privado_nacional,situacion_deudores,C.CAC.Sit.1: En situación normal (%),Nov-2025,99.56,2026-04-19
00281,BANCO MERIDIAN S.A.,privado_nacional,situacion_deudores,C.CAC.Sit.2: Riesgo bajo (%),Nov-2025,0.42,2026-04-19
00281,BANCO MERIDIAN S.A.,privado_nacional,situacion_deudores,C.CAC.Sit.3: Riesgo medio (%),Nov-2025,0.0,2026-04-19
00281,BANCO MERIDIAN S.A.,privado_nacional,situacion_deudores,C.CAC.Sit.4: Riesgo alto (%),Nov-2025,0.0,2026-04-19
00281,BANCO MERIDIAN S.A.,privado_nacional,situacion_deudores,C.CAC.Sit.5: Irrecuperable (%),Nov-2025,0.01,2026-04-19
00281,BANCO MERIDIAN S.A.,privado_nacional,situacion_deudores,C.CAC.TOTAL GARANTIZADO - Garantías Preferidas A y B (%),Nov-2025,30.64,2026-04-19
00281,BANCO MERIDIAN S.A.,privado_nacional,situacion_deudores,TOTAL DE FINANCIACIONES Y GARANTIAS OTORGADAS ($),Dic-2025,19663.59,2026-04-19
00281,BANCO MERIDIAN S.A.,privado_nacional,situacion_deudores,TF.Sit.1: En situación normal (%),Dic-2025,98.4,2026-04-19
00281,BANCO MERIDIAN S.A.,privado_nacional,situacion_deudores,TF.Sit.2: Con seguimiento especial/Riesgo bajo (%),Dic-2025,0.61,2026-04-19
00281,BANCO MERIDIAN S.A.,privado_nacional,situacion_deudores,TF.Sit.3: Con problemas/Riesgo medio (%),Dic-2025,0.12,2026-04-19
00281,BANCO MERIDIAN S.A.,privado_nacional,situacion_deudores,TF.Sit.4: Con alto riesgo de insolvencia/Riesgo alto (%),Dic-2025,0.87,2026-04-19
00281,BANCO MERIDIAN S.A.,privado_nacional,situacion_deudores,TF.Sit.5: Irrecuperable (%),Dic-2025,0.01,2026-04-19
00281,BANCO MERIDIAN S.A.,privado_nacional,situacion_deudores,TOTAL GARANTIZADO - Garantías Preferidas A y B (%),Dic-2025,32.65,2026-04-19
00281,BANCO MERIDIAN S.A.,privado_nacional,situacion_deudores,Previsiones por riesgo de incobrabilidad constituídas,Dic-2025,149.4,2026-04-19
00281,BANCO MERIDIAN S.A.,privado_nacional,situacion_deudores,CARTERA COMERCIAL ($),Dic-2025,6062.53,2026-04-19
00281,BANCO MERIDIAN S.A.,privado_nacional,situacion_deudores,Total cartera sobre financiaciones (%),Dic-2025,30.83,2026-04-19
00281,BANCO MERIDIAN S.A.,privado_nacional,situacion_deudores,C.COM.Sit.1: En situación normal (%),Dic-2025,96.89,2026-04-19
00281,BANCO MERIDIAN S.A.,privado_nacional,situacion_deudores,C.COM.Sit.2: Con seguimiento especial (%),Dic-2025,0.0,2026-04-19
00281,BANCO MERIDIAN S.A.,privado_nacional,situacion_deudores,C.COM.Sit.3: Con problemas (%),Dic-2025,0.33,2026-04-19
00281,BANCO MERIDIAN S.A.,privado_nacional,situacion_deudores,C.COM.Sit.4: Con alto riesgo de insolvencia (%),Dic-2025,2.78,2026-04-19
00281,BANCO MERIDIAN S.A.,privado_nacional,situacion_deudores,C.COM.TOTAL GARANTIZADO - Garantías Preferidas A y B (%),Dic-2025,47.43,2026-04-19
00281,BANCO MERIDIAN S.A.,privado_nacional,situacion_deudores,CARTERA DE CONSUMO O VIVIENDA ($),Dic-2025,2561.6,2026-04-19
00281,BANCO MERIDIAN S.A.,privado_nacional,situacion_deudores,Total cartera sobre financiaciones (%),Dic-2025,13.03,2026-04-19
00281,BANCO MERIDIAN S.A.,privado_nacional,situacion_deudores,C.CON.Sit.1: En situación normal (%),Dic-2025,99.41,2026-04-19
00281,BANCO MERIDIAN S.A.,privado_nacional,situacion_deudores,C.CON.Sit.2: Riesgo bajo (%),Dic-2025,0.38,2026-04-19
00281,BANCO MERIDIAN S.A.,privado_nacional,situacion_deudores,C.CON.Sit.3: Riesgo medio (%),Dic-2025,0.1,2026-04-19
00281,BANCO MERIDIAN S.A.,privado_nacional,situacion_deudores,C.CON.Sit.4: Riesgo alto (%),Dic-2025,0.1,2026-04-19
00281,BANCO MERIDIAN S.A.,privado_nacional,situacion_deudores,C.CON.Sit.5: Irrecuperable (%),Dic-2025,0.0,2026-04-19
00281,BANCO MERIDIAN S.A.,privado_nacional,situacion_deudores,C.CON.TOTAL GARANTIZADO - Garantías Preferidas A y B (%),Dic-2025,2.45,2026-04-19
00281,BANCO MERIDIAN S.A.,privado_nacional,situacion_deudores,CARTERA COMERCIAL ASIMILABLE A CONSUMO ($),Dic-2025,11039.46,2026-04-19
00281,BANCO MERIDIAN S.A.,privado_nacional,situacion_deudores,Total cartera sobre financiaciones (%),Dic-2025,56.14,2026-04-19
00281,BANCO MERIDIAN S.A.,privado_nacional,situacion_deudores,C.CAC.Sit.1: En situación normal (%),Dic-2025,98.99,2026-04-19
00281,BANCO MERIDIAN S.A.,privado_nacional,situacion_deudores,C.CAC.Sit.2: Riesgo bajo (%),Dic-2025,1.0,2026-04-19
00281,BANCO MERIDIAN S.A.,privado_nacional,situacion_deudores,C.CAC.Sit.3: Riesgo medio (%),Dic-2025,0.0,2026-04-19
00281,BANCO MERIDIAN S.A.,privado_nacional,situacion_deudores,C.CAC.Sit.4: Riesgo alto (%),Dic-2025,0.0,2026-04-19
00281,BANCO MERIDIAN S.A.,privado_nacional,situacion_deudores,C.CAC.Sit.5: Irrecuperable (%),Dic-2025,0.01,2026-04-19
00281,BANCO MERIDIAN S.A.,privado_nacional,situacion_deudores,C.CAC.TOTAL GARANTIZADO - Garantías Preferidas A y B (%),Dic-2025,31.53,2026-04-19
00281,BANCO MERIDIAN S.A.,privado_nacional,situacion_deudores,TOTAL DE FINANCIACIONES Y GARANTIAS OTORGADAS ($),Ene-2026,17573.71,2026-04-19
00281,BANCO MERIDIAN S.A.,privado_nacional,situacion_deudores,TF.Sit.1: En situación normal (%),Ene-2026,96.93,2026-04-19
00281,BANCO MERIDIAN S.A.,privado_nacional,situacion_deudores,TF.Sit.2: Con seguimiento especial/Riesgo bajo (%),Ene-2026,2.17,2026-04-19
00281,BANCO MERIDIAN S.A.,privado_nacional,situacion_deudores,TF.Sit.3: Con problemas/Riesgo medio (%),Ene-2026,0.02,2026-04-19
00281,BANCO MERIDIAN S.A.,privado_nacional,situacion_deudores,TF.Sit.4: Con alto riesgo de insolvencia/Riesgo alto (%),Ene-2026,0.88,2026-04-19
00281,BANCO MERIDIAN S.A.,privado_nacional,situacion_deudores,TF.Sit.5: Irrecuperable (%),Ene-2026,0.0,2026-04-19
00281,BANCO MERIDIAN S.A.,privado_nacional,situacion_deudores,TOTAL GARANTIZADO - Garantías Preferidas A y B (%),Ene-2026,32.62,2026-04-19
00281,BANCO MERIDIAN S.A.,privado_nacional,situacion_deudores,Previsiones por riesgo de incobrabilidad constituídas,Ene-2026,176.67,2026-04-19
00281,BANCO MERIDIAN S.A.,privado_nacional,situacion_deudores,CARTERA COMERCIAL ($),Ene-2026,6237.38,2026-04-19
00281,BANCO MERIDIAN S.A.,privado_nacional,situacion_deudores,Total cartera sobre financiaciones (%),Ene-2026,35.49,2026-04-19
00281,BANCO MERIDIAN S.A.,privado_nacional,situacion_deudores,C.COM.Sit.1: En situación normal (%),Ene-2026,96.75,2026-04-19
00281,BANCO MERIDIAN S.A.,privado_nacional,situacion_deudores,C.COM.Sit.2: Con seguimiento especial (%),Ene-2026,0.86,2026-04-19
00281,BANCO MERIDIAN S.A.,privado_nacional,situacion_deudores,C.COM.Sit.3: Con problemas (%),Ene-2026,0.0,2026-04-19
00281,BANCO MERIDIAN S.A.,privado_nacional,situacion_deudores,C.COM.Sit.4: Con alto riesgo de insolvencia (%),Ene-2026,2.38,2026-04-19
00281,BANCO MERIDIAN S.A.,privado_nacional,situacion_deudores,C.COM.TOTAL GARANTIZADO - Garantías Preferidas A y B (%),Ene-2026,42.95,2026-04-19
00281,BANCO MERIDIAN S.A.,privado_nacional,situacion_deudores,CARTERA DE CONSUMO O VIVIENDA ($),Ene-2026,2390.7,2026-04-19
00281,BANCO MERIDIAN S.A.,privado_nacional,situacion_deudores,Total cartera sobre financiaciones (%),Ene-2026,13.6,2026-04-19
00281,BANCO MERIDIAN S.A.,privado_nacional,situacion_deudores,C.CON.Sit.1: En situación normal (%),Ene-2026,98.64,2026-04-19
00281,BANCO MERIDIAN S.A.,privado_nacional,situacion_deudores,C.CON.Sit.2: Riesgo bajo (%),Ene-2026,1.04,2026-04-19
00281,BANCO MERIDIAN S.A.,privado_nacional,situacion_deudores,C.CON.Sit.3: Riesgo medio (%),Ene-2026,0.1,2026-04-19
00281,BANCO MERIDIAN S.A.,privado_nacional,situacion_deudores,C.CON.Sit.4: Riesgo alto (%),Ene-2026,0.21,2026-04-19
00281,BANCO MERIDIAN S.A.,privado_nacional,situacion_deudores,C.CON.Sit.5: Irrecuperable (%),Ene-2026,0.01,2026-04-19
00281,BANCO MERIDIAN S.A.,privado_nacional,situacion_deudores,C.CON.TOTAL GARANTIZADO - Garantías Preferidas A y B (%),Ene-2026,2.58,2026-04-19
00281,BANCO MERIDIAN S.A.,privado_nacional,situacion_deudores,CARTERA COMERCIAL ASIMILABLE A CONSUMO ($),Ene-2026,8945.63,2026-04-19
00281,BANCO MERIDIAN S.A.,privado_nacional,situacion_deudores,Total cartera sobre financiaciones (%),Ene-2026,50.9,2026-04-19
00281,BANCO MERIDIAN S.A.,privado_nacional,situacion_deudores,C.CAC.Sit.1: En situación normal (%),Ene-2026,96.59,2026-04-19
00281,BANCO MERIDIAN S.A.,privado_nacional,situacion_deudores,C.CAC.Sit.2: Riesgo bajo (%),Ene-2026,3.39,2026-04-19
00281,BANCO MERIDIAN S.A.,privado_nacional,situacion_deudores,C.CAC.Sit.3: Riesgo medio (%),Ene-2026,0.01,2026-04-19
00281,BANCO MERIDIAN S.A.,privado_nacional,situacion_deudores,C.CAC.Sit.4: Riesgo alto (%),Ene-2026,0.0,2026-04-19
00281,BANCO MERIDIAN S.A.,privado_nacional,situacion_deudores,C.CAC.Sit.5: Irrecuperable (%),Ene-2026,0.01,2026-04-19
00281,BANCO MERIDIAN S.A.,privado_nacional,situacion_deudores,C.CAC.TOTAL GARANTIZADO - Garantías Preferidas A y B (%),Ene-2026,33.44,2026-04-19
00065,BANCO MUNICIPAL DE ROSARIO,publico,situacion_deudores,TOTAL DE FINANCIACIONES Y GARANTIAS OTORGADAS ($),Dic-2023,54988.07,2026-04-19
00065,BANCO MUNICIPAL DE ROSARIO,publico,situacion_deudores,TF.Sit.1: En situación normal (%),Dic-2023,98.24,2026-04-19
00065,BANCO MUNICIPAL DE ROSARIO,publico,situacion_deudores,TF.Sit.2: Con seguimiento especial/Riesgo bajo (%),Dic-2023,0.76,2026-04-19
00065,BANCO MUNICIPAL DE ROSARIO,publico,situacion_deudores,TF.Sit.3: Con problemas/Riesgo medio (%),Dic-2023,0.37,2026-04-19
00065,BANCO MUNICIPAL DE ROSARIO,publico,situacion_deudores,TF.Sit.4: Con alto riesgo de insolvencia/Riesgo alto (%),Dic-2023,0.4,2026-04-19
00065,BANCO MUNICIPAL DE ROSARIO,publico,situacion_deudores,TF.Sit.5: Irrecuperable (%),Dic-2023,0.22,2026-04-19
00065,BANCO MUNICIPAL DE ROSARIO,publico,situacion_deudores,TOTAL GARANTIZADO - Garantías Preferidas A y B (%),Dic-2023,6.24,2026-04-19
00065,BANCO MUNICIPAL DE ROSARIO,publico,situacion_deudores,Previsiones por riesgo de incobrabilidad constituídas,Dic-2023,843.94,2026-04-19
00065,BANCO MUNICIPAL DE ROSARIO,publico,situacion_deudores,CARTERA COMERCIAL ($),Dic-2023,15939.99,2026-04-19
00065,BANCO MUNICIPAL DE ROSARIO,publico,situacion_deudores,Total cartera sobre financiaciones (%),Dic-2023,28.99,2026-04-19
00065,BANCO MUNICIPAL DE ROSARIO,publico,situacion_deudores,C.COM.Sit.1: En situación normal (%),Dic-2023,100.0,2026-04-19
00065,BANCO MUNICIPAL DE ROSARIO,publico,situacion_deudores,C.COM.TOTAL GARANTIZADO - Garantías Preferidas A y B (%),Dic-2023,10.05,2026-04-19
00065,BANCO MUNICIPAL DE ROSARIO,publico,situacion_deudores,CARTERA DE CONSUMO O VIVIENDA ($),Dic-2023,28635.48,2026-04-19
00065,BANCO MUNICIPAL DE ROSARIO,publico,situacion_deudores,Total cartera sobre financiaciones (%),Dic-2023,52.08,2026-04-19
00065,BANCO MUNICIPAL DE ROSARIO,publico,situacion_deudores,C.CON.Sit.1: En situación normal (%),Dic-2023,97.46,2026-04-19
00065,BANCO MUNICIPAL DE ROSARIO,publico,situacion_deudores,C.CON.Sit.2: Riesgo bajo (%),Dic-2023,0.88,2026-04-19
00065,BANCO MUNICIPAL DE ROSARIO,publico,situacion_deudores,C.CON.Sit.3: Riesgo medio (%),Dic-2023,0.59,2026-04-19
00065,BANCO MUNICIPAL DE ROSARIO,publico,situacion_deudores,C.CON.Sit.4: Riesgo alto (%),Dic-2023,0.67,2026-04-19
00065,BANCO MUNICIPAL DE ROSARIO,publico,situacion_deudores,C.CON.Sit.5: Irrecuperable (%),Dic-2023,0.4,2026-04-19
00065,BANCO MUNICIPAL DE ROSARIO,publico,situacion_deudores,C.CON.TOTAL GARANTIZADO - Garantías Preferidas A y B (%),Dic-2023,1.08,2026-04-19
00065,BANCO MUNICIPAL DE ROSARIO,publico,situacion_deudores,CARTERA COMERCIAL ASIMILABLE A CONSUMO ($),Dic-2023,10412.6,2026-04-19
00065,BANCO MUNICIPAL DE ROSARIO,publico,situacion_deudores,Total cartera sobre financiaciones (%),Dic-2023,18.94,2026-04-19
00065,BANCO MUNICIPAL DE ROSARIO,publico,situacion_deudores,C.CAC.Sit.1: En situación normal (%),Dic-2023,97.68,2026-04-19
00065,BANCO MUNICIPAL DE ROSARIO,publico,situacion_deudores,C.CAC.Sit.2: Riesgo bajo (%),Dic-2023,1.6,2026-04-19
00065,BANCO MUNICIPAL DE ROSARIO,publico,situacion_deudores,C.CAC.Sit.3: Riesgo medio (%),Dic-2023,0.35,2026-04-19
00065,BANCO MUNICIPAL DE ROSARIO,publico,situacion_deudores,C.CAC.Sit.4: Riesgo alto (%),Dic-2023,0.29,2026-04-19
00065,BANCO MUNICIPAL DE ROSARIO,publico,situacion_deudores,C.CAC.Sit.5: Irrecuperable (%),Dic-2023,0.07,2026-04-19
00065,BANCO MUNICIPAL DE ROSARIO,publico,situacion_deudores,C.CAC.TOTAL GARANTIZADO - Garantías Preferidas A y B (%),Dic-2023,14.57,2026-04-19
00065,BANCO MUNICIPAL DE ROSARIO,publico,situacion_deudores,TOTAL DE FINANCIACIONES Y GARANTIAS OTORGADAS ($),Dic-2024,119231.21,2026-04-19
00065,BANCO MUNICIPAL DE ROSARIO,publico,situacion_deudores,TF.Sit.1: En situación normal (%),Dic-2024,95.44,2026-04-19
00065,BANCO MUNICIPAL DE ROSARIO,publico,situacion_deudores,TF.Sit.2: Con seguimiento especial/Riesgo bajo (%),Dic-2024,2.14,2026-04-19
00065,BANCO MUNICIPAL DE ROSARIO,publico,situacion_deudores,TF.Sit.3: Con problemas/Riesgo medio (%),Dic-2024,1.38,2026-04-19
00065,BANCO MUNICIPAL DE ROSARIO,publico,situacion_deudores,TF.Sit.4: Con alto riesgo de insolvencia/Riesgo alto (%),Dic-2024,0.68,2026-04-19
00065,BANCO MUNICIPAL DE ROSARIO,publico,situacion_deudores,TF.Sit.5: Irrecuperable (%),Dic-2024,0.35,2026-04-19
00065,BANCO MUNICIPAL DE ROSARIO,publico,situacion_deudores,TOTAL GARANTIZADO - Garantías Preferidas A y B (%),Dic-2024,3.72,2026-04-19
00065,BANCO MUNICIPAL DE ROSARIO,publico,situacion_deudores,Previsiones por riesgo de incobrabilidad constituídas,Dic-2024,2492.39,2026-04-19
00065,BANCO MUNICIPAL DE ROSARIO,publico,situacion_deudores,CARTERA COMERCIAL ($),Dic-2024,6429.84,2026-04-19
00065,BANCO MUNICIPAL DE ROSARIO,publico,situacion_deudores,Total cartera sobre financiaciones (%),Dic-2024,5.39,2026-04-19
00065,BANCO MUNICIPAL DE ROSARIO,publico,situacion_deudores,C.COM.Sit.1: En situación normal (%),Dic-2024,100.0,2026-04-19
00065,BANCO MUNICIPAL DE ROSARIO,publico,situacion_deudores,C.COM.TOTAL GARANTIZADO - Garantías Preferidas A y B (%),Dic-2024,29.15,2026-04-19
00065,BANCO MUNICIPAL DE ROSARIO,publico,situacion_deudores,CARTERA DE CONSUMO O VIVIENDA ($),Dic-2024,89390.59,2026-04-19
00065,BANCO MUNICIPAL DE ROSARIO,publico,situacion_deudores,Total cartera sobre financiaciones (%),Dic-2024,74.97,2026-04-19
00065,BANCO MUNICIPAL DE ROSARIO,publico,situacion_deudores,C.CON.Sit.1: En situación normal (%),Dic-2024,94.19,2026-04-19
00065,BANCO MUNICIPAL DE ROSARIO,publico,situacion_deudores,C.CON.Sit.2: Riesgo bajo (%),Dic-2024,2.69,2026-04-19
00065,BANCO MUNICIPAL DE ROSARIO,publico,situacion_deudores,C.CON.Sit.3: Riesgo medio (%),Dic-2024,1.8,2026-04-19
00065,BANCO MUNICIPAL DE ROSARIO,publico,situacion_deudores,C.CON.Sit.4: Riesgo alto (%),Dic-2024,0.89,2026-04-19
00065,BANCO MUNICIPAL DE ROSARIO,publico,situacion_deudores,C.CON.Sit.5: Irrecuperable (%),Dic-2024,0.43,2026-04-19
00065,BANCO MUNICIPAL DE ROSARIO,publico,situacion_deudores,C.CON.TOTAL GARANTIZADO - Garantías Preferidas A y B (%),Dic-2024,1.16,2026-04-19
00065,BANCO MUNICIPAL DE ROSARIO,publico,situacion_deudores,CARTERA COMERCIAL ASIMILABLE A CONSUMO ($),Dic-2024,23410.78,2026-04-19
00065,BANCO MUNICIPAL DE ROSARIO,publico,situacion_deudores,Total cartera sobre financiaciones (%),Dic-2024,19.63,2026-04-19
00065,BANCO MUNICIPAL DE ROSARIO,publico,situacion_deudores,C.CAC.Sit.1: En situación normal (%),Dic-2024,98.99,2026-04-19
00065,BANCO MUNICIPAL DE ROSARIO,publico,situacion_deudores,C.CAC.Sit.2: Riesgo bajo (%),Dic-2024,0.63,2026-04-19
00065,BANCO MUNICIPAL DE ROSARIO,publico,situacion_deudores,C.CAC.Sit.3: Riesgo medio (%),Dic-2024,0.16,2026-04-19
00065,BANCO MUNICIPAL DE ROSARIO,publico,situacion_deudores,C.CAC.Sit.4: Riesgo alto (%),Dic-2024,0.07,2026-04-19
00065,BANCO MUNICIPAL DE ROSARIO,publico,situacion_deudores,C.CAC.Sit.5: Irrecuperable (%),Dic-2024,0.15,2026-04-19
00065,BANCO MUNICIPAL DE ROSARIO,publico,situacion_deudores,C.CAC.TOTAL GARANTIZADO - Garantías Preferidas A y B (%),Dic-2024,6.52,2026-04-19
00065,BANCO MUNICIPAL DE ROSARIO,publico,situacion_deudores,TOTAL DE FINANCIACIONES Y GARANTIAS OTORGADAS ($),Nov-2025,210063.49,2026-04-19
00065,BANCO MUNICIPAL DE ROSARIO,publico,situacion_deudores,TF.Sit.1: En situación normal (%),Nov-2025,93.82,2026-04-19
00065,BANCO MUNICIPAL DE ROSARIO,publico,situacion_deudores,TF.Sit.2: Con seguimiento especial/Riesgo bajo (%),Nov-2025,2.46,2026-04-19
00065,BANCO MUNICIPAL DE ROSARIO,publico,situacion_deudores,TF.Sit.3: Con problemas/Riesgo medio (%),Nov-2025,1.72,2026-04-19
00065,BANCO MUNICIPAL DE ROSARIO,publico,situacion_deudores,TF.Sit.4: Con alto riesgo de insolvencia/Riesgo alto (%),Nov-2025,1.52,2026-04-19
00065,BANCO MUNICIPAL DE ROSARIO,publico,situacion_deudores,TF.Sit.5: Irrecuperable (%),Nov-2025,0.47,2026-04-19
00065,BANCO MUNICIPAL DE ROSARIO,publico,situacion_deudores,TOTAL GARANTIZADO - Garantías Preferidas A y B (%),Nov-2025,3.87,2026-04-19
00065,BANCO MUNICIPAL DE ROSARIO,publico,situacion_deudores,Previsiones por riesgo de incobrabilidad constituídas,Nov-2025,5453.13,2026-04-19
00065,BANCO MUNICIPAL DE ROSARIO,publico,situacion_deudores,CARTERA COMERCIAL ($),Nov-2025,10593.84,2026-04-19
00065,BANCO MUNICIPAL DE ROSARIO,publico,situacion_deudores,Total cartera sobre financiaciones (%),Nov-2025,5.04,2026-04-19
00065,BANCO MUNICIPAL DE ROSARIO,publico,situacion_deudores,C.COM.Sit.1: En situación normal (%),Nov-2025,100.0,2026-04-19
00065,BANCO MUNICIPAL DE ROSARIO,publico,situacion_deudores,C.COM.TOTAL GARANTIZADO - Garantías Preferidas A y B (%),Nov-2025,12.89,2026-04-19
00065,BANCO MUNICIPAL DE ROSARIO,publico,situacion_deudores,CARTERA DE CONSUMO O VIVIENDA ($),Nov-2025,161302.02,2026-04-19
00065,BANCO MUNICIPAL DE ROSARIO,publico,situacion_deudores,Total cartera sobre financiaciones (%),Nov-2025,76.79,2026-04-19
00065,BANCO MUNICIPAL DE ROSARIO,publico,situacion_deudores,C.CON.Sit.1: En situación normal (%),Nov-2025,93.12,2026-04-19
00065,BANCO MUNICIPAL DE ROSARIO,publico,situacion_deudores,C.CON.Sit.2: Riesgo bajo (%),Nov-2025,3.05,2026-04-19
00065,BANCO MUNICIPAL DE ROSARIO,publico,situacion_deudores,C.CON.Sit.3: Riesgo medio (%),Nov-2025,2.05,2026-04-19
00065,BANCO MUNICIPAL DE ROSARIO,publico,situacion_deudores,C.CON.Sit.4: Riesgo alto (%),Nov-2025,1.23,2026-04-19
00065,BANCO MUNICIPAL DE ROSARIO,publico,situacion_deudores,C.CON.Sit.5: Irrecuperable (%),Nov-2025,0.56,2026-04-19
00065,BANCO MUNICIPAL DE ROSARIO,publico,situacion_deudores,C.CON.TOTAL GARANTIZADO - Garantías Preferidas A y B (%),Nov-2025,2.53,2026-04-19
00065,BANCO MUNICIPAL DE ROSARIO,publico,situacion_deudores,CARTERA COMERCIAL ASIMILABLE A CONSUMO ($),Nov-2025,38167.63,2026-04-19
00065,BANCO MUNICIPAL DE ROSARIO,publico,situacion_deudores,Total cartera sobre financiaciones (%),Nov-2025,18.17,2026-04-19
00065,BANCO MUNICIPAL DE ROSARIO,publico,situacion_deudores,C.CAC.Sit.1: En situación normal (%),Nov-2025,95.09,2026-04-19
00065,BANCO MUNICIPAL DE ROSARIO,publico,situacion_deudores,C.CAC.Sit.2: Riesgo bajo (%),Nov-2025,0.69,2026-04-19
00065,BANCO MUNICIPAL DE ROSARIO,publico,situacion_deudores,C.CAC.Sit.3: Riesgo medio (%),Nov-2025,0.8,2026-04-19
00065,BANCO MUNICIPAL DE ROSARIO,publico,situacion_deudores,C.CAC.Sit.4: Riesgo alto (%),Nov-2025,3.19,2026-04-19
00065,BANCO MUNICIPAL DE ROSARIO,publico,situacion_deudores,C.CAC.Sit.5: Irrecuperable (%),Nov-2025,0.23,2026-04-19
00065,BANCO MUNICIPAL DE ROSARIO,publico,situacion_deudores,C.CAC.TOTAL GARANTIZADO - Garantías Preferidas A y B (%),Nov-2025,7.02,2026-04-19
00065,BANCO MUNICIPAL DE ROSARIO,publico,situacion_deudores,TOTAL DE FINANCIACIONES Y GARANTIAS OTORGADAS ($),Dic-2025,229130.6,2026-04-19
00065,BANCO MUNICIPAL DE ROSARIO,publico,situacion_deudores,TF.Sit.1: En situación normal (%),Dic-2025,93.78,2026-04-19
00065,BANCO MUNICIPAL DE ROSARIO,publico,situacion_deudores,TF.Sit.2: Con seguimiento especial/Riesgo bajo (%),Dic-2025,2.34,2026-04-19
00065,BANCO MUNICIPAL DE ROSARIO,publico,situacion_deudores,TF.Sit.3: Con problemas/Riesgo medio (%),Dic-2025,1.89,2026-04-19
00065,BANCO MUNICIPAL DE ROSARIO,publico,situacion_deudores,TF.Sit.4: Con alto riesgo de insolvencia/Riesgo alto (%),Dic-2025,1.51,2026-04-19
00065,BANCO MUNICIPAL DE ROSARIO,publico,situacion_deudores,TF.Sit.5: Irrecuperable (%),Dic-2025,0.48,2026-04-19
00065,BANCO MUNICIPAL DE ROSARIO,publico,situacion_deudores,TOTAL GARANTIZADO - Garantías Preferidas A y B (%),Dic-2025,3.69,2026-04-19
00065,BANCO MUNICIPAL DE ROSARIO,publico,situacion_deudores,Previsiones por riesgo de incobrabilidad constituídas,Dic-2025,6184.41,2026-04-19
00065,BANCO MUNICIPAL DE ROSARIO,publico,situacion_deudores,CARTERA COMERCIAL ($),Dic-2025,10070.42,2026-04-19
00065,BANCO MUNICIPAL DE ROSARIO,publico,situacion_deudores,Total cartera sobre financiaciones (%),Dic-2025,4.4,2026-04-19
00065,BANCO MUNICIPAL DE ROSARIO,publico,situacion_deudores,C.COM.Sit.1: En situación normal (%),Dic-2025,100.0,2026-04-19
00065,BANCO MUNICIPAL DE ROSARIO,publico,situacion_deudores,C.COM.TOTAL GARANTIZADO - Garantías Preferidas A y B (%),Dic-2025,13.64,2026-04-19
00065,BANCO MUNICIPAL DE ROSARIO,publico,situacion_deudores,CARTERA DE CONSUMO O VIVIENDA ($),Dic-2025,176272.13,2026-04-19
00065,BANCO MUNICIPAL DE ROSARIO,publico,situacion_deudores,Total cartera sobre financiaciones (%),Dic-2025,76.93,2026-04-19
00065,BANCO MUNICIPAL DE ROSARIO,publico,situacion_deudores,C.CON.Sit.1: En situación normal (%),Dic-2025,93.15,2026-04-19
00065,BANCO MUNICIPAL DE ROSARIO,publico,situacion_deudores,C.CON.Sit.2: Riesgo bajo (%),Dic-2025,2.84,2026-04-19
00065,BANCO MUNICIPAL DE ROSARIO,publico,situacion_deudores,C.CON.Sit.3: Riesgo medio (%),Dic-2025,2.16,2026-04-19
00065,BANCO MUNICIPAL DE ROSARIO,publico,situacion_deudores,C.CON.Sit.4: Riesgo alto (%),Dic-2025,1.3,2026-04-19
00065,BANCO MUNICIPAL DE ROSARIO,publico,situacion_deudores,C.CON.Sit.5: Irrecuperable (%),Dic-2025,0.56,2026-04-19
00065,BANCO MUNICIPAL DE ROSARIO,publico,situacion_deudores,C.CON.TOTAL GARANTIZADO - Garantías Preferidas A y B (%),Dic-2025,2.33,2026-04-19
00065,BANCO MUNICIPAL DE ROSARIO,publico,situacion_deudores,CARTERA COMERCIAL ASIMILABLE A CONSUMO ($),Dic-2025,42788.05,2026-04-19
00065,BANCO MUNICIPAL DE ROSARIO,publico,situacion_deudores,Total cartera sobre financiaciones (%),Dic-2025,18.67,2026-04-19
00065,BANCO MUNICIPAL DE ROSARIO,publico,situacion_deudores,C.CAC.Sit.1: En situación normal (%),Dic-2025,94.94,2026-04-19
00065,BANCO MUNICIPAL DE ROSARIO,publico,situacion_deudores,C.CAC.Sit.2: Riesgo bajo (%),Dic-2025,0.82,2026-04-19
00065,BANCO MUNICIPAL DE ROSARIO,publico,situacion_deudores,C.CAC.Sit.3: Riesgo medio (%),Dic-2025,1.25,2026-04-19
00065,BANCO MUNICIPAL DE ROSARIO,publico,situacion_deudores,C.CAC.Sit.4: Riesgo alto (%),Dic-2025,2.74,2026-04-19
00065,BANCO MUNICIPAL DE ROSARIO,publico,situacion_deudores,C.CAC.Sit.5: Irrecuperable (%),Dic-2025,0.25,2026-04-19
00065,BANCO MUNICIPAL DE ROSARIO,publico,situacion_deudores,C.CAC.TOTAL GARANTIZADO - Garantías Preferidas A y B (%),Dic-2025,6.96,2026-04-19
00065,BANCO MUNICIPAL DE ROSARIO,publico,situacion_deudores,TOTAL DE FINANCIACIONES Y GARANTIAS OTORGADAS ($),Ene-2026,237868.39,2026-04-19
00065,BANCO MUNICIPAL DE ROSARIO,publico,situacion_deudores,TF.Sit.1: En situación normal (%),Ene-2026,93.3,2026-04-19
00065,BANCO MUNICIPAL DE ROSARIO,publico,situacion_deudores,TF.Sit.2: Con seguimiento especial/Riesgo bajo (%),Ene-2026,2.87,2026-04-19
00065,BANCO MUNICIPAL DE ROSARIO,publico,situacion_deudores,TF.Sit.3: Con problemas/Riesgo medio (%),Ene-2026,1.65,2026-04-19
00065,BANCO MUNICIPAL DE ROSARIO,publico,situacion_deudores,TF.Sit.4: Con alto riesgo de insolvencia/Riesgo alto (%),Ene-2026,1.68,2026-04-19
00065,BANCO MUNICIPAL DE ROSARIO,publico,situacion_deudores,TF.Sit.5: Irrecuperable (%),Ene-2026,0.5,2026-04-19
00065,BANCO MUNICIPAL DE ROSARIO,publico,situacion_deudores,TOTAL GARANTIZADO - Garantías Preferidas A y B (%),Ene-2026,3.52,2026-04-19
00065,BANCO MUNICIPAL DE ROSARIO,publico,situacion_deudores,Previsiones por riesgo de incobrabilidad constituídas,Ene-2026,6766.07,2026-04-19
00065,BANCO MUNICIPAL DE ROSARIO,publico,situacion_deudores,CARTERA COMERCIAL ($),Ene-2026,9112.86,2026-04-19
00065,BANCO MUNICIPAL DE ROSARIO,publico,situacion_deudores,Total cartera sobre financiaciones (%),Ene-2026,3.83,2026-04-19
00065,BANCO MUNICIPAL DE ROSARIO,publico,situacion_deudores,C.COM.Sit.1: En situación normal (%),Ene-2026,100.0,2026-04-19
00065,BANCO MUNICIPAL DE ROSARIO,publico,situacion_deudores,C.COM.TOTAL GARANTIZADO - Garantías Preferidas A y B (%),Ene-2026,14.95,2026-04-19
00065,BANCO MUNICIPAL DE ROSARIO,publico,situacion_deudores,CARTERA DE CONSUMO O VIVIENDA ($),Ene-2026,185626.78,2026-04-19
00065,BANCO MUNICIPAL DE ROSARIO,publico,situacion_deudores,Total cartera sobre financiaciones (%),Ene-2026,78.04,2026-04-19
00065,BANCO MUNICIPAL DE ROSARIO,publico,situacion_deudores,C.CON.Sit.1: En situación normal (%),Ene-2026,92.7,2026-04-19
00065,BANCO MUNICIPAL DE ROSARIO,publico,situacion_deudores,C.CON.Sit.2: Riesgo bajo (%),Ene-2026,3.33,2026-04-19
00065,BANCO MUNICIPAL DE ROSARIO,publico,situacion_deudores,C.CON.Sit.3: Riesgo medio (%),Ene-2026,1.94,2026-04-19
00065,BANCO MUNICIPAL DE ROSARIO,publico,situacion_deudores,C.CON.Sit.4: Riesgo alto (%),Ene-2026,1.44,2026-04-19
00065,BANCO MUNICIPAL DE ROSARIO,publico,situacion_deudores,C.CON.Sit.5: Irrecuperable (%),Ene-2026,0.59,2026-04-19
00065,BANCO MUNICIPAL DE ROSARIO,publico,situacion_deudores,C.CON.TOTAL GARANTIZADO - Garantías Preferidas A y B (%),Ene-2026,2.23,2026-04-19
00065,BANCO MUNICIPAL DE ROSARIO,publico,situacion_deudores,CARTERA COMERCIAL ASIMILABLE A CONSUMO ($),Ene-2026,43128.75,2026-04-19
00065,BANCO MUNICIPAL DE ROSARIO,publico,situacion_deudores,Total cartera sobre financiaciones (%),Ene-2026,18.13,2026-04-19
00065,BANCO MUNICIPAL DE ROSARIO,publico,situacion_deudores,C.CAC.Sit.1: En situación normal (%),Ene-2026,94.47,2026-04-19
00065,BANCO MUNICIPAL DE ROSARIO,publico,situacion_deudores,C.CAC.Sit.2: Riesgo bajo (%),Ene-2026,1.5,2026-04-19
00065,BANCO MUNICIPAL DE ROSARIO,publico,situacion_deudores,C.CAC.Sit.3: Riesgo medio (%),Ene-2026,0.75,2026-04-19
00065,BANCO MUNICIPAL DE ROSARIO,publico,situacion_deudores,C.CAC.Sit.4: Riesgo alto (%),Ene-2026,3.04,2026-04-19
00065,BANCO MUNICIPAL DE ROSARIO,publico,situacion_deudores,C.CAC.Sit.5: Irrecuperable (%),Ene-2026,0.24,2026-04-19
00065,BANCO MUNICIPAL DE ROSARIO,publico,situacion_deudores,C.CAC.TOTAL GARANTIZADO - Garantías Preferidas A y B (%),Ene-2026,6.66,2026-04-19
00034,BANCO PATAGONIA S.A.,privado_nacional,situacion_deudores,TOTAL DE FINANCIACIONES Y GARANTIAS OTORGADAS ($),Dic-2023,725941.26,2026-04-19
00034,BANCO PATAGONIA S.A.,privado_nacional,situacion_deudores,TF.Sit.1: En situación normal (%),Dic-2023,99.37,2026-04-19
00034,BANCO PATAGONIA S.A.,privado_nacional,situacion_deudores,TF.Sit.2: Con seguimiento especial/Riesgo bajo (%),Dic-2023,0.25,2026-04-19
00034,BANCO PATAGONIA S.A.,privado_nacional,situacion_deudores,TF.Sit.3: Con problemas/Riesgo medio (%),Dic-2023,0.14,2026-04-19
00034,BANCO PATAGONIA S.A.,privado_nacional,situacion_deudores,TF.Sit.4: Con alto riesgo de insolvencia/Riesgo alto (%),Dic-2023,0.21,2026-04-19
00034,BANCO PATAGONIA S.A.,privado_nacional,situacion_deudores,TF.Sit.5: Irrecuperable (%),Dic-2023,0.04,2026-04-19
00034,BANCO PATAGONIA S.A.,privado_nacional,situacion_deudores,TOTAL GARANTIZADO - Garantías Preferidas A y B (%),Dic-2023,7.92,2026-04-19
00034,BANCO PATAGONIA S.A.,privado_nacional,situacion_deudores,Previsiones por riesgo de incobrabilidad constituídas,Dic-2023,5458.74,2026-04-19
00034,BANCO PATAGONIA S.A.,privado_nacional,situacion_deudores,CARTERA COMERCIAL ($),Dic-2023,506868.6,2026-04-19
00034,BANCO PATAGONIA S.A.,privado_nacional,situacion_deudores,Total cartera sobre financiaciones (%),Dic-2023,69.82,2026-04-19
00034,BANCO PATAGONIA S.A.,privado_nacional,situacion_deudores,C.COM.Sit.1: En situación normal (%),Dic-2023,100.0,2026-04-19
00034,BANCO PATAGONIA S.A.,privado_nacional,situacion_deudores,C.COM.Sit.2: Con seguimiento especial (%),Dic-2023,0.0,2026-04-19
00034,BANCO PATAGONIA S.A.,privado_nacional,situacion_deudores,C.COM.Sit.3: Con problemas (%),Dic-2023,0.0,2026-04-19
00034,BANCO PATAGONIA S.A.,privado_nacional,situacion_deudores,C.COM.Sit.4: Con alto riesgo de insolvencia (%),Dic-2023,0.0,2026-04-19
00034,BANCO PATAGONIA S.A.,privado_nacional,situacion_deudores,C.COM.Sit.5: Irrecuperable (%),Dic-2023,0.0,2026-04-19
00034,BANCO PATAGONIA S.A.,privado_nacional,situacion_deudores,C.COM.TOTAL GARANTIZADO - Garantías Preferidas A y B (%),Dic-2023,8.66,2026-04-19
00034,BANCO PATAGONIA S.A.,privado_nacional,situacion_deudores,CARTERA DE CONSUMO O VIVIENDA ($),Dic-2023,202655.23,2026-04-19
00034,BANCO PATAGONIA S.A.,privado_nacional,situacion_deudores,Total cartera sobre financiaciones (%),Dic-2023,27.92,2026-04-19
00034,BANCO PATAGONIA S.A.,privado_nacional,situacion_deudores,C.CON.Sit.1: En situación normal (%),Dic-2023,97.81,2026-04-19
00034,BANCO PATAGONIA S.A.,privado_nacional,situacion_deudores,C.CON.Sit.2: Riesgo bajo (%),Dic-2023,0.85,2026-04-19
00034,BANCO PATAGONIA S.A.,privado_nacional,situacion_deudores,C.CON.Sit.3: Riesgo medio (%),Dic-2023,0.49,2026-04-19
00034,BANCO PATAGONIA S.A.,privado_nacional,situacion_deudores,C.CON.Sit.4: Riesgo alto (%),Dic-2023,0.73,2026-04-19
00034,BANCO PATAGONIA S.A.,privado_nacional,situacion_deudores,C.CON.Sit.5: Irrecuperable (%),Dic-2023,0.12,2026-04-19
00034,BANCO PATAGONIA S.A.,privado_nacional,situacion_deudores,C.CON.TOTAL GARANTIZADO - Garantías Preferidas A y B (%),Dic-2023,2.34,2026-04-19
00034,BANCO PATAGONIA S.A.,privado_nacional,situacion_deudores,CARTERA COMERCIAL ASIMILABLE A CONSUMO ($),Dic-2023,16417.44,2026-04-19
00034,BANCO PATAGONIA S.A.,privado_nacional,situacion_deudores,Total cartera sobre financiaciones (%),Dic-2023,2.26,2026-04-19
00034,BANCO PATAGONIA S.A.,privado_nacional,situacion_deudores,C.CAC.Sit.1: En situación normal (%),Dic-2023,99.12,2026-04-19
00034,BANCO PATAGONIA S.A.,privado_nacional,situacion_deudores,C.CAC.Sit.2: Riesgo bajo (%),Dic-2023,0.4,2026-04-19
00034,BANCO PATAGONIA S.A.,privado_nacional,situacion_deudores,C.CAC.Sit.3: Riesgo medio (%),Dic-2023,0.18,2026-04-19
00034,BANCO PATAGONIA S.A.,privado_nacional,situacion_deudores,C.CAC.Sit.4: Riesgo alto (%),Dic-2023,0.19,2026-04-19
00034,BANCO PATAGONIA S.A.,privado_nacional,situacion_deudores,C.CAC.Sit.5: Irrecuperable (%),Dic-2023,0.11,2026-04-19
00034,BANCO PATAGONIA S.A.,privado_nacional,situacion_deudores,C.CAC.TOTAL GARANTIZADO - Garantías Preferidas A y B (%),Dic-2023,53.77,2026-04-19
00034,BANCO PATAGONIA S.A.,privado_nacional,situacion_deudores,TOTAL DE FINANCIACIONES Y GARANTIAS OTORGADAS ($),Dic-2024,2475144.05,2026-04-19
00034,BANCO PATAGONIA S.A.,privado_nacional,situacion_deudores,TF.Sit.1: En situación normal (%),Dic-2024,99.2,2026-04-19
00034,BANCO PATAGONIA S.A.,privado_nacional,situacion_deudores,TF.Sit.2: Con seguimiento especial/Riesgo bajo (%),Dic-2024,0.36,2026-04-19
00034,BANCO PATAGONIA S.A.,privado_nacional,situacion_deudores,TF.Sit.3: Con problemas/Riesgo medio (%),Dic-2024,0.22,2026-04-19
00034,BANCO PATAGONIA S.A.,privado_nacional,situacion_deudores,TF.Sit.4: Con alto riesgo de insolvencia/Riesgo alto (%),Dic-2024,0.19,2026-04-19
00034,BANCO PATAGONIA S.A.,privado_nacional,situacion_deudores,TF.Sit.5: Irrecuperable (%),Dic-2024,0.03,2026-04-19
00034,BANCO PATAGONIA S.A.,privado_nacional,situacion_deudores,TOTAL GARANTIZADO - Garantías Preferidas A y B (%),Dic-2024,8.54,2026-04-19
00034,BANCO PATAGONIA S.A.,privado_nacional,situacion_deudores,Previsiones por riesgo de incobrabilidad constituídas,Dic-2024,19171.31,2026-04-19
00034,BANCO PATAGONIA S.A.,privado_nacional,situacion_deudores,CARTERA COMERCIAL ($),Dic-2024,1711683.9,2026-04-19
00034,BANCO PATAGONIA S.A.,privado_nacional,situacion_deudores,Total cartera sobre financiaciones (%),Dic-2024,69.15,2026-04-19
00034,BANCO PATAGONIA S.A.,privado_nacional,situacion_deudores,C.COM.Sit.1: En situación normal (%),Dic-2024,100.0,2026-04-19
00034,BANCO PATAGONIA S.A.,privado_nacional,situacion_deudores,C.COM.Sit.2: Con seguimiento especial (%),Dic-2024,0.0,2026-04-19
00034,BANCO PATAGONIA S.A.,privado_nacional,situacion_deudores,C.COM.Sit.3: Con problemas (%),Dic-2024,0.0,2026-04-19
00034,BANCO PATAGONIA S.A.,privado_nacional,situacion_deudores,C.COM.Sit.4: Con alto riesgo de insolvencia (%),Dic-2024,0.0,2026-04-19
00034,BANCO PATAGONIA S.A.,privado_nacional,situacion_deudores,C.COM.Sit.5: Irrecuperable (%),Dic-2024,0.0,2026-04-19
00034,BANCO PATAGONIA S.A.,privado_nacional,situacion_deudores,C.COM.TOTAL GARANTIZADO - Garantías Preferidas A y B (%),Dic-2024,9.09,2026-04-19
00034,BANCO PATAGONIA S.A.,privado_nacional,situacion_deudores,CARTERA DE CONSUMO O VIVIENDA ($),Dic-2024,673369.26,2026-04-19
00034,BANCO PATAGONIA S.A.,privado_nacional,situacion_deudores,Total cartera sobre financiaciones (%),Dic-2024,27.21,2026-04-19
00034,BANCO PATAGONIA S.A.,privado_nacional,situacion_deudores,C.CON.Sit.1: En situación normal (%),Dic-2024,97.1,2026-04-19
00034,BANCO PATAGONIA S.A.,privado_nacional,situacion_deudores,C.CON.Sit.2: Riesgo bajo (%),Dic-2024,1.31,2026-04-19
00034,BANCO PATAGONIA S.A.,privado_nacional,situacion_deudores,C.CON.Sit.3: Riesgo medio (%),Dic-2024,0.79,2026-04-19
00034,BANCO PATAGONIA S.A.,privado_nacional,situacion_deudores,C.CON.Sit.4: Riesgo alto (%),Dic-2024,0.69,2026-04-19
00034,BANCO PATAGONIA S.A.,privado_nacional,situacion_deudores,C.CON.Sit.5: Irrecuperable (%),Dic-2024,0.11,2026-04-19
00034,BANCO PATAGONIA S.A.,privado_nacional,situacion_deudores,C.CON.TOTAL GARANTIZADO - Garantías Preferidas A y B (%),Dic-2024,2.91,2026-04-19
00034,BANCO PATAGONIA S.A.,privado_nacional,situacion_deudores,CARTERA COMERCIAL ASIMILABLE A CONSUMO ($),Dic-2024,90090.9,2026-04-19
00034,BANCO PATAGONIA S.A.,privado_nacional,situacion_deudores,Total cartera sobre financiaciones (%),Dic-2024,3.64,2026-04-19
00034,BANCO PATAGONIA S.A.,privado_nacional,situacion_deudores,C.CAC.Sit.1: En situación normal (%),Dic-2024,99.64,2026-04-19
00034,BANCO PATAGONIA S.A.,privado_nacional,situacion_deudores,C.CAC.Sit.2: Riesgo bajo (%),Dic-2024,0.2,2026-04-19
00034,BANCO PATAGONIA S.A.,privado_nacional,situacion_deudores,C.CAC.Sit.3: Riesgo medio (%),Dic-2024,0.1,2026-04-19
00034,BANCO PATAGONIA S.A.,privado_nacional,situacion_deudores,C.CAC.Sit.4: Riesgo alto (%),Dic-2024,0.06,2026-04-19
00034,BANCO PATAGONIA S.A.,privado_nacional,situacion_deudores,C.CAC.Sit.5: Irrecuperable (%),Dic-2024,0.01,2026-04-19
00034,BANCO PATAGONIA S.A.,privado_nacional,situacion_deudores,C.CAC.TOTAL GARANTIZADO - Garantías Preferidas A y B (%),Dic-2024,40.08,2026-04-19
00034,BANCO PATAGONIA S.A.,privado_nacional,situacion_deudores,TOTAL DE FINANCIACIONES Y GARANTIAS OTORGADAS ($),Nov-2025,4675321.9,2026-04-19
00034,BANCO PATAGONIA S.A.,privado_nacional,situacion_deudores,TF.Sit.1: En situación normal (%),Nov-2025,97.06,2026-04-19
00034,BANCO PATAGONIA S.A.,privado_nacional,situacion_deudores,TF.Sit.2: Con seguimiento especial/Riesgo bajo (%),Nov-2025,1.18,2026-04-19
00034,BANCO PATAGONIA S.A.,privado_nacional,situacion_deudores,TF.Sit.3: Con problemas/Riesgo medio (%),Nov-2025,0.81,2026-04-19
00034,BANCO PATAGONIA S.A.,privado_nacional,situacion_deudores,TF.Sit.4: Con alto riesgo de insolvencia/Riesgo alto (%),Nov-2025,0.87,2026-04-19
00034,BANCO PATAGONIA S.A.,privado_nacional,situacion_deudores,TF.Sit.5: Irrecuperable (%),Nov-2025,0.08,2026-04-19
00034,BANCO PATAGONIA S.A.,privado_nacional,situacion_deudores,TOTAL GARANTIZADO - Garantías Preferidas A y B (%),Nov-2025,9.01,2026-04-19
00034,BANCO PATAGONIA S.A.,privado_nacional,situacion_deudores,Previsiones por riesgo de incobrabilidad constituídas,Nov-2025,75336.56,2026-04-19
00034,BANCO PATAGONIA S.A.,privado_nacional,situacion_deudores,CARTERA COMERCIAL ($),Nov-2025,3382650.85,2026-04-19
00034,BANCO PATAGONIA S.A.,privado_nacional,situacion_deudores,Total cartera sobre financiaciones (%),Nov-2025,72.35,2026-04-19
00034,BANCO PATAGONIA S.A.,privado_nacional,situacion_deudores,C.COM.Sit.1: En situación normal (%),Nov-2025,99.98,2026-04-19
00034,BANCO PATAGONIA S.A.,privado_nacional,situacion_deudores,C.COM.Sit.2: Con seguimiento especial (%),Nov-2025,0.0,2026-04-19
00034,BANCO PATAGONIA S.A.,privado_nacional,situacion_deudores,C.COM.Sit.3: Con problemas (%),Nov-2025,0.0,2026-04-19
00034,BANCO PATAGONIA S.A.,privado_nacional,situacion_deudores,C.COM.Sit.4: Con alto riesgo de insolvencia (%),Nov-2025,0.0,2026-04-19
00034,BANCO PATAGONIA S.A.,privado_nacional,situacion_deudores,C.COM.Sit.5: Irrecuperable (%),Nov-2025,0.02,2026-04-19
00034,BANCO PATAGONIA S.A.,privado_nacional,situacion_deudores,C.COM.TOTAL GARANTIZADO - Garantías Preferidas A y B (%),Nov-2025,6.86,2026-04-19
00034,BANCO PATAGONIA S.A.,privado_nacional,situacion_deudores,CARTERA DE CONSUMO O VIVIENDA ($),Nov-2025,1129229.49,2026-04-19
00034,BANCO PATAGONIA S.A.,privado_nacional,situacion_deudores,Total cartera sobre financiaciones (%),Nov-2025,24.15,2026-04-19
00034,BANCO PATAGONIA S.A.,privado_nacional,situacion_deudores,C.CON.Sit.1: En situación normal (%),Nov-2025,88.33,2026-04-19
00034,BANCO PATAGONIA S.A.,privado_nacional,situacion_deudores,C.CON.Sit.2: Riesgo bajo (%),Nov-2025,4.61,2026-04-19
00034,BANCO PATAGONIA S.A.,privado_nacional,situacion_deudores,C.CON.Sit.3: Riesgo medio (%),Nov-2025,3.23,2026-04-19
00034,BANCO PATAGONIA S.A.,privado_nacional,situacion_deudores,C.CON.Sit.4: Riesgo alto (%),Nov-2025,3.58,2026-04-19
00034,BANCO PATAGONIA S.A.,privado_nacional,situacion_deudores,C.CON.Sit.5: Irrecuperable (%),Nov-2025,0.26,2026-04-19
00034,BANCO PATAGONIA S.A.,privado_nacional,situacion_deudores,C.CON.TOTAL GARANTIZADO - Garantías Preferidas A y B (%),Nov-2025,10.99,2026-04-19
00034,BANCO PATAGONIA S.A.,privado_nacional,situacion_deudores,CARTERA COMERCIAL ASIMILABLE A CONSUMO ($),Nov-2025,163441.56,2026-04-19
00034,BANCO PATAGONIA S.A.,privado_nacional,situacion_deudores,Total cartera sobre financiaciones (%),Nov-2025,3.5,2026-04-19
00034,BANCO PATAGONIA S.A.,privado_nacional,situacion_deudores,C.CAC.Sit.1: En situación normal (%),Nov-2025,97.01,2026-04-19
00034,BANCO PATAGONIA S.A.,privado_nacional,situacion_deudores,C.CAC.Sit.2: Riesgo bajo (%),Nov-2025,1.81,2026-04-19
00034,BANCO PATAGONIA S.A.,privado_nacional,situacion_deudores,C.CAC.Sit.3: Riesgo medio (%),Nov-2025,0.93,2026-04-19
00034,BANCO PATAGONIA S.A.,privado_nacional,situacion_deudores,C.CAC.Sit.4: Riesgo alto (%),Nov-2025,0.22,2026-04-19
00034,BANCO PATAGONIA S.A.,privado_nacional,situacion_deudores,C.CAC.Sit.5: Irrecuperable (%),Nov-2025,0.03,2026-04-19
00034,BANCO PATAGONIA S.A.,privado_nacional,situacion_deudores,C.CAC.TOTAL GARANTIZADO - Garantías Preferidas A y B (%),Nov-2025,39.82,2026-04-19
00034,BANCO PATAGONIA S.A.,privado_nacional,situacion_deudores,TOTAL DE FINANCIACIONES Y GARANTIAS OTORGADAS ($),Dic-2025,4451384.8,2026-04-19
00034,BANCO PATAGONIA S.A.,privado_nacional,situacion_deudores,TF.Sit.1: En situación normal (%),Dic-2025,96.84,2026-04-19
00034,BANCO PATAGONIA S.A.,privado_nacional,situacion_deudores,TF.Sit.2: Con seguimiento especial/Riesgo bajo (%),Dic-2025,1.08,2026-04-19
00034,BANCO PATAGONIA S.A.,privado_nacional,situacion_deudores,TF.Sit.3: Con problemas/Riesgo medio (%),Dic-2025,0.95,2026-04-19
00034,BANCO PATAGONIA S.A.,privado_nacional,situacion_deudores,TF.Sit.4: Con alto riesgo de insolvencia/Riesgo alto (%),Dic-2025,1.06,2026-04-19
00034,BANCO PATAGONIA S.A.,privado_nacional,situacion_deudores,TF.Sit.5: Irrecuperable (%),Dic-2025,0.07,2026-04-19
00034,BANCO PATAGONIA S.A.,privado_nacional,situacion_deudores,TOTAL GARANTIZADO - Garantías Preferidas A y B (%),Dic-2025,9.96,2026-04-19
00034,BANCO PATAGONIA S.A.,privado_nacional,situacion_deudores,Previsiones por riesgo de incobrabilidad constituídas,Dic-2025,81703.55,2026-04-19
00034,BANCO PATAGONIA S.A.,privado_nacional,situacion_deudores,CARTERA COMERCIAL ($),Dic-2025,3158761.89,2026-04-19
00034,BANCO PATAGONIA S.A.,privado_nacional,situacion_deudores,Total cartera sobre financiaciones (%),Dic-2025,70.96,2026-04-19
00034,BANCO PATAGONIA S.A.,privado_nacional,situacion_deudores,C.COM.Sit.1: En situación normal (%),Dic-2025,99.98,2026-04-19
00034,BANCO PATAGONIA S.A.,privado_nacional,situacion_deudores,C.COM.Sit.2: Con seguimiento especial (%),Dic-2025,0.0,2026-04-19
00034,BANCO PATAGONIA S.A.,privado_nacional,situacion_deudores,C.COM.Sit.3: Con problemas (%),Dic-2025,0.01,2026-04-19
00034,BANCO PATAGONIA S.A.,privado_nacional,situacion_deudores,C.COM.Sit.4: Con alto riesgo de insolvencia (%),Dic-2025,0.0,2026-04-19
00034,BANCO PATAGONIA S.A.,privado_nacional,situacion_deudores,C.COM.Sit.5: Irrecuperable (%),Dic-2025,0.01,2026-04-19
00034,BANCO PATAGONIA S.A.,privado_nacional,situacion_deudores,C.COM.TOTAL GARANTIZADO - Garantías Preferidas A y B (%),Dic-2025,7.87,2026-04-19
00034,BANCO PATAGONIA S.A.,privado_nacional,situacion_deudores,CARTERA DE CONSUMO O VIVIENDA ($),Dic-2025,1124599.92,2026-04-19
00034,BANCO PATAGONIA S.A.,privado_nacional,situacion_deudores,Total cartera sobre financiaciones (%),Dic-2025,25.26,2026-04-19
00034,BANCO PATAGONIA S.A.,privado_nacional,situacion_deudores,C.CON.Sit.1: En situación normal (%),Dic-2025,88.0,2026-04-19
00034,BANCO PATAGONIA S.A.,privado_nacional,situacion_deudores,C.CON.Sit.2: Riesgo bajo (%),Dic-2025,4.08,2026-04-19
00034,BANCO PATAGONIA S.A.,privado_nacional,situacion_deudores,C.CON.Sit.3: Riesgo medio (%),Dic-2025,3.51,2026-04-19
00034,BANCO PATAGONIA S.A.,privado_nacional,situacion_deudores,C.CON.Sit.4: Riesgo alto (%),Dic-2025,4.15,2026-04-19
00034,BANCO PATAGONIA S.A.,privado_nacional,situacion_deudores,C.CON.Sit.5: Irrecuperable (%),Dic-2025,0.25,2026-04-19
00034,BANCO PATAGONIA S.A.,privado_nacional,situacion_deudores,C.CON.TOTAL GARANTIZADO - Garantías Preferidas A y B (%),Dic-2025,11.26,2026-04-19
00034,BANCO PATAGONIA S.A.,privado_nacional,situacion_deudores,CARTERA COMERCIAL ASIMILABLE A CONSUMO ($),Dic-2025,168022.99,2026-04-19
00034,BANCO PATAGONIA S.A.,privado_nacional,situacion_deudores,Total cartera sobre financiaciones (%),Dic-2025,3.77,2026-04-19
00034,BANCO PATAGONIA S.A.,privado_nacional,situacion_deudores,C.CAC.Sit.1: En situación normal (%),Dic-2025,96.77,2026-04-19
00034,BANCO PATAGONIA S.A.,privado_nacional,situacion_deudores,C.CAC.Sit.2: Riesgo bajo (%),Dic-2025,1.34,2026-04-19
00034,BANCO PATAGONIA S.A.,privado_nacional,situacion_deudores,C.CAC.Sit.3: Riesgo medio (%),Dic-2025,1.65,2026-04-19
00034,BANCO PATAGONIA S.A.,privado_nacional,situacion_deudores,C.CAC.Sit.4: Riesgo alto (%),Dic-2025,0.19,2026-04-19
00034,BANCO PATAGONIA S.A.,privado_nacional,situacion_deudores,C.CAC.Sit.5: Irrecuperable (%),Dic-2025,0.05,2026-04-19
00034,BANCO PATAGONIA S.A.,privado_nacional,situacion_deudores,C.CAC.TOTAL GARANTIZADO - Garantías Preferidas A y B (%),Dic-2025,40.44,2026-04-19
00034,BANCO PATAGONIA S.A.,privado_nacional,situacion_deudores,TOTAL DE FINANCIACIONES Y GARANTIAS OTORGADAS ($),Ene-2026,4510684.92,2026-04-19
00034,BANCO PATAGONIA S.A.,privado_nacional,situacion_deudores,TF.Sit.1: En situación normal (%),Ene-2026,96.56,2026-04-19
00034,BANCO PATAGONIA S.A.,privado_nacional,situacion_deudores,TF.Sit.2: Con seguimiento especial/Riesgo bajo (%),Ene-2026,1.05,2026-04-19
00034,BANCO PATAGONIA S.A.,privado_nacional,situacion_deudores,TF.Sit.3: Con problemas/Riesgo medio (%),Ene-2026,1.15,2026-04-19
00034,BANCO PATAGONIA S.A.,privado_nacional,situacion_deudores,TF.Sit.4: Con alto riesgo de insolvencia/Riesgo alto (%),Ene-2026,1.13,2026-04-19
00034,BANCO PATAGONIA S.A.,privado_nacional,situacion_deudores,TF.Sit.5: Irrecuperable (%),Ene-2026,0.1,2026-04-19
00034,BANCO PATAGONIA S.A.,privado_nacional,situacion_deudores,TOTAL GARANTIZADO - Garantías Preferidas A y B (%),Ene-2026,9.56,2026-04-19
00034,BANCO PATAGONIA S.A.,privado_nacional,situacion_deudores,Previsiones por riesgo de incobrabilidad constituídas,Ene-2026,89971.68,2026-04-19
00034,BANCO PATAGONIA S.A.,privado_nacional,situacion_deudores,CARTERA COMERCIAL ($),Ene-2026,3208793.71,2026-04-19
00034,BANCO PATAGONIA S.A.,privado_nacional,situacion_deudores,Total cartera sobre financiaciones (%),Ene-2026,71.14,2026-04-19
00034,BANCO PATAGONIA S.A.,privado_nacional,situacion_deudores,C.COM.Sit.1: En situación normal (%),Ene-2026,99.98,2026-04-19
00034,BANCO PATAGONIA S.A.,privado_nacional,situacion_deudores,C.COM.Sit.2: Con seguimiento especial (%),Ene-2026,0.01,2026-04-19
00034,BANCO PATAGONIA S.A.,privado_nacional,situacion_deudores,C.COM.Sit.3: Con problemas (%),Ene-2026,0.01,2026-04-19
00034,BANCO PATAGONIA S.A.,privado_nacional,situacion_deudores,C.COM.Sit.4: Con alto riesgo de insolvencia (%),Ene-2026,0.0,2026-04-19
00034,BANCO PATAGONIA S.A.,privado_nacional,situacion_deudores,C.COM.Sit.5: Irrecuperable (%),Ene-2026,0.01,2026-04-19
00034,BANCO PATAGONIA S.A.,privado_nacional,situacion_deudores,C.COM.TOTAL GARANTIZADO - Garantías Preferidas A y B (%),Ene-2026,7.34,2026-04-19
00034,BANCO PATAGONIA S.A.,privado_nacional,situacion_deudores,CARTERA DE CONSUMO O VIVIENDA ($),Ene-2026,1141738.15,2026-04-19
00034,BANCO PATAGONIA S.A.,privado_nacional,situacion_deudores,Total cartera sobre financiaciones (%),Ene-2026,25.31,2026-04-19
00034,BANCO PATAGONIA S.A.,privado_nacional,situacion_deudores,C.CON.Sit.1: En situación normal (%),Ene-2026,87.23,2026-04-19
00034,BANCO PATAGONIA S.A.,privado_nacional,situacion_deudores,C.CON.Sit.2: Riesgo bajo (%),Ene-2026,3.7,2026-04-19
00034,BANCO PATAGONIA S.A.,privado_nacional,situacion_deudores,C.CON.Sit.3: Riesgo medio (%),Ene-2026,4.27,2026-04-19
00034,BANCO PATAGONIA S.A.,privado_nacional,situacion_deudores,C.CON.Sit.4: Riesgo alto (%),Ene-2026,4.42,2026-04-19
00034,BANCO PATAGONIA S.A.,privado_nacional,situacion_deudores,C.CON.Sit.5: Irrecuperable (%),Ene-2026,0.38,2026-04-19
00034,BANCO PATAGONIA S.A.,privado_nacional,situacion_deudores,C.CON.TOTAL GARANTIZADO - Garantías Preferidas A y B (%),Ene-2026,11.16,2026-04-19
00034,BANCO PATAGONIA S.A.,privado_nacional,situacion_deudores,CARTERA COMERCIAL ASIMILABLE A CONSUMO ($),Ene-2026,160153.06,2026-04-19
00034,BANCO PATAGONIA S.A.,privado_nacional,situacion_deudores,Total cartera sobre financiaciones (%),Ene-2026,3.55,2026-04-19
00034,BANCO PATAGONIA S.A.,privado_nacional,situacion_deudores,C.CAC.Sit.1: En situación normal (%),Ene-2026,94.64,2026-04-19
00034,BANCO PATAGONIA S.A.,privado_nacional,situacion_deudores,C.CAC.Sit.2: Riesgo bajo (%),Ene-2026,2.99,2026-04-19
00034,BANCO PATAGONIA S.A.,privado_nacional,situacion_deudores,C.CAC.Sit.3: Riesgo medio (%),Ene-2026,1.95,2026-04-19
00034,BANCO PATAGONIA S.A.,privado_nacional,situacion_deudores,C.CAC.Sit.4: Riesgo alto (%),Ene-2026,0.41,2026-04-19
00034,BANCO PATAGONIA S.A.,privado_nacional,situacion_deudores,C.CAC.Sit.5: Irrecuperable (%),Ene-2026,0.01,2026-04-19
00034,BANCO PATAGONIA S.A.,privado_nacional,situacion_deudores,C.CAC.TOTAL GARANTIZADO - Garantías Preferidas A y B (%),Ene-2026,42.56,2026-04-19
00301,BANCO PIANO S.A.,privado_nacional,situacion_deudores,TOTAL DE FINANCIACIONES Y GARANTIAS OTORGADAS ($),Dic-2023,31551.68,2026-04-19
00301,BANCO PIANO S.A.,privado_nacional,situacion_deudores,TF.Sit.1: En situación normal (%),Dic-2023,93.21,2026-04-19
00301,BANCO PIANO S.A.,privado_nacional,situacion_deudores,TF.Sit.2: Con seguimiento especial/Riesgo bajo (%),Dic-2023,1.64,2026-04-19
00301,BANCO PIANO S.A.,privado_nacional,situacion_deudores,TF.Sit.3: Con problemas/Riesgo medio (%),Dic-2023,1.46,2026-04-19
00301,BANCO PIANO S.A.,privado_nacional,situacion_deudores,TF.Sit.4: Con alto riesgo de insolvencia/Riesgo alto (%),Dic-2023,2.52,2026-04-19
00301,BANCO PIANO S.A.,privado_nacional,situacion_deudores,TF.Sit.5: Irrecuperable (%),Dic-2023,1.17,2026-04-19
00301,BANCO PIANO S.A.,privado_nacional,situacion_deudores,Previsiones por riesgo de incobrabilidad constituídas,Dic-2023,917.04,2026-04-19
00301,BANCO PIANO S.A.,privado_nacional,situacion_deudores,CARTERA COMERCIAL ($),Dic-2023,8237.91,2026-04-19
00301,BANCO PIANO S.A.,privado_nacional,situacion_deudores,Total cartera sobre financiaciones (%),Dic-2023,26.11,2026-04-19
00301,BANCO PIANO S.A.,privado_nacional,situacion_deudores,C.COM.Sit.1: En situación normal (%),Dic-2023,100.0,2026-04-19
00301,BANCO PIANO S.A.,privado_nacional,situacion_deudores,C.COM.Sit.3: Con problemas (%),Dic-2023,0.0,2026-04-19
00301,BANCO PIANO S.A.,privado_nacional,situacion_deudores,CARTERA DE CONSUMO O VIVIENDA ($),Dic-2023,23113.78,2026-04-19
00301,BANCO PIANO S.A.,privado_nacional,situacion_deudores,Total cartera sobre financiaciones (%),Dic-2023,73.26,2026-04-19
00301,BANCO PIANO S.A.,privado_nacional,situacion_deudores,C.CON.Sit.1: En situación normal (%),Dic-2023,90.73,2026-04-19
00301,BANCO PIANO S.A.,privado_nacional,situacion_deudores,C.CON.Sit.2: Riesgo bajo (%),Dic-2023,2.24,2026-04-19
00301,BANCO PIANO S.A.,privado_nacional,situacion_deudores,C.CON.Sit.3: Riesgo medio (%),Dic-2023,2.0,2026-04-19
00301,BANCO PIANO S.A.,privado_nacional,situacion_deudores,C.CON.Sit.4: Riesgo alto (%),Dic-2023,3.43,2026-04-19
00301,BANCO PIANO S.A.,privado_nacional,situacion_deudores,C.CON.Sit.5: Irrecuperable (%),Dic-2023,1.6,2026-04-19
00301,BANCO PIANO S.A.,privado_nacional,situacion_deudores,CARTERA COMERCIAL ASIMILABLE A CONSUMO ($),Dic-2023,199.99,2026-04-19
00301,BANCO PIANO S.A.,privado_nacional,situacion_deudores,Total cartera sobre financiaciones (%),Dic-2023,0.63,2026-04-19
00301,BANCO PIANO S.A.,privado_nacional,situacion_deudores,C.CAC.Sit.1: En situación normal (%),Dic-2023,100.0,2026-04-19
00301,BANCO PIANO S.A.,privado_nacional,situacion_deudores,C.CAC.Sit.2: Riesgo bajo (%),Dic-2023,0.0,2026-04-19
00301,BANCO PIANO S.A.,privado_nacional,situacion_deudores,C.CAC.Sit.3: Riesgo medio (%),Dic-2023,0.0,2026-04-19
00301,BANCO PIANO S.A.,privado_nacional,situacion_deudores,TOTAL DE FINANCIACIONES Y GARANTIAS OTORGADAS ($),Dic-2024,80549.86,2026-04-19
00301,BANCO PIANO S.A.,privado_nacional,situacion_deudores,TF.Sit.1: En situación normal (%),Dic-2024,94.6,2026-04-19
00301,BANCO PIANO S.A.,privado_nacional,situacion_deudores,TF.Sit.2: Con seguimiento especial/Riesgo bajo (%),Dic-2024,2.0,2026-04-19
00301,BANCO PIANO S.A.,privado_nacional,situacion_deudores,TF.Sit.3: Con problemas/Riesgo medio (%),Dic-2024,1.29,2026-04-19
00301,BANCO PIANO S.A.,privado_nacional,situacion_deudores,TF.Sit.4: Con alto riesgo de insolvencia/Riesgo alto (%),Dic-2024,1.39,2026-04-19
00301,BANCO PIANO S.A.,privado_nacional,situacion_deudores,TF.Sit.5: Irrecuperable (%),Dic-2024,0.72,2026-04-19
00301,BANCO PIANO S.A.,privado_nacional,situacion_deudores,Previsiones por riesgo de incobrabilidad constituídas,Dic-2024,1383.27,2026-04-19
00301,BANCO PIANO S.A.,privado_nacional,situacion_deudores,CARTERA COMERCIAL ($),Dic-2024,28342.49,2026-04-19
00301,BANCO PIANO S.A.,privado_nacional,situacion_deudores,Total cartera sobre financiaciones (%),Dic-2024,35.19,2026-04-19
00301,BANCO PIANO S.A.,privado_nacional,situacion_deudores,C.COM.Sit.1: En situación normal (%),Dic-2024,100.0,2026-04-19
00301,BANCO PIANO S.A.,privado_nacional,situacion_deudores,C.COM.Sit.3: Con problemas (%),Dic-2024,0.0,2026-04-19
00301,BANCO PIANO S.A.,privado_nacional,situacion_deudores,CARTERA DE CONSUMO O VIVIENDA ($),Dic-2024,51729.28,2026-04-19
00301,BANCO PIANO S.A.,privado_nacional,situacion_deudores,Total cartera sobre financiaciones (%),Dic-2024,64.22,2026-04-19
00301,BANCO PIANO S.A.,privado_nacional,situacion_deudores,C.CON.Sit.1: En situación normal (%),Dic-2024,91.6,2026-04-19
00301,BANCO PIANO S.A.,privado_nacional,situacion_deudores,C.CON.Sit.2: Riesgo bajo (%),Dic-2024,3.11,2026-04-19
00301,BANCO PIANO S.A.,privado_nacional,situacion_deudores,C.CON.Sit.3: Riesgo medio (%),Dic-2024,2.01,2026-04-19
00301,BANCO PIANO S.A.,privado_nacional,situacion_deudores,C.CON.Sit.4: Riesgo alto (%),Dic-2024,2.16,2026-04-19
00301,BANCO PIANO S.A.,privado_nacional,situacion_deudores,C.CON.Sit.5: Irrecuperable (%),Dic-2024,1.12,2026-04-19
00301,BANCO PIANO S.A.,privado_nacional,situacion_deudores,CARTERA COMERCIAL ASIMILABLE A CONSUMO ($),Dic-2024,478.09,2026-04-19
00301,BANCO PIANO S.A.,privado_nacional,situacion_deudores,Total cartera sobre financiaciones (%),Dic-2024,0.59,2026-04-19
00301,BANCO PIANO S.A.,privado_nacional,situacion_deudores,C.CAC.Sit.1: En situación normal (%),Dic-2024,99.96,2026-04-19
00301,BANCO PIANO S.A.,privado_nacional,situacion_deudores,C.CAC.Sit.2: Riesgo bajo (%),Dic-2024,0.03,2026-04-19
00301,BANCO PIANO S.A.,privado_nacional,situacion_deudores,C.CAC.Sit.3: Riesgo medio (%),Dic-2024,0.01,2026-04-19
00301,BANCO PIANO S.A.,privado_nacional,situacion_deudores,TOTAL DE FINANCIACIONES Y GARANTIAS OTORGADAS ($),Nov-2025,174223.3,2026-04-19
00301,BANCO PIANO S.A.,privado_nacional,situacion_deudores,TF.Sit.1: En situación normal (%),Nov-2025,92.65,2026-04-19
00301,BANCO PIANO S.A.,privado_nacional,situacion_deudores,TF.Sit.2: Con seguimiento especial/Riesgo bajo (%),Nov-2025,3.05,2026-04-19
00301,BANCO PIANO S.A.,privado_nacional,situacion_deudores,TF.Sit.3: Con problemas/Riesgo medio (%),Nov-2025,1.94,2026-04-19
00301,BANCO PIANO S.A.,privado_nacional,situacion_deudores,TF.Sit.4: Con alto riesgo de insolvencia/Riesgo alto (%),Nov-2025,1.63,2026-04-19
00301,BANCO PIANO S.A.,privado_nacional,situacion_deudores,TF.Sit.5: Irrecuperable (%),Nov-2025,0.74,2026-04-19
00301,BANCO PIANO S.A.,privado_nacional,situacion_deudores,Previsiones por riesgo de incobrabilidad constituídas,Nov-2025,3270.31,2026-04-19
00301,BANCO PIANO S.A.,privado_nacional,situacion_deudores,CARTERA COMERCIAL ($),Nov-2025,69556.96,2026-04-19
00301,BANCO PIANO S.A.,privado_nacional,situacion_deudores,Total cartera sobre financiaciones (%),Nov-2025,39.92,2026-04-19
00301,BANCO PIANO S.A.,privado_nacional,situacion_deudores,C.COM.Sit.1: En situación normal (%),Nov-2025,100.0,2026-04-19
00301,BANCO PIANO S.A.,privado_nacional,situacion_deudores,C.COM.Sit.3: Con problemas (%),Nov-2025,0.0,2026-04-19
00301,BANCO PIANO S.A.,privado_nacional,situacion_deudores,CARTERA DE CONSUMO O VIVIENDA ($),Nov-2025,103866.44,2026-04-19
00301,BANCO PIANO S.A.,privado_nacional,situacion_deudores,Total cartera sobre financiaciones (%),Nov-2025,59.62,2026-04-19
00301,BANCO PIANO S.A.,privado_nacional,situacion_deudores,C.CON.Sit.1: En situación normal (%),Nov-2025,87.67,2026-04-19
00301,BANCO PIANO S.A.,privado_nacional,situacion_deudores,C.CON.Sit.2: Riesgo bajo (%),Nov-2025,5.11,2026-04-19
00301,BANCO PIANO S.A.,privado_nacional,situacion_deudores,C.CON.Sit.3: Riesgo medio (%),Nov-2025,3.25,2026-04-19
00301,BANCO PIANO S.A.,privado_nacional,situacion_deudores,C.CON.Sit.4: Riesgo alto (%),Nov-2025,2.73,2026-04-19
00301,BANCO PIANO S.A.,privado_nacional,situacion_deudores,C.CON.Sit.5: Irrecuperable (%),Nov-2025,1.23,2026-04-19
00301,BANCO PIANO S.A.,privado_nacional,situacion_deudores,CARTERA COMERCIAL ASIMILABLE A CONSUMO ($),Nov-2025,799.9,2026-04-19
00301,BANCO PIANO S.A.,privado_nacional,situacion_deudores,Total cartera sobre financiaciones (%),Nov-2025,0.46,2026-04-19
00301,BANCO PIANO S.A.,privado_nacional,situacion_deudores,C.CAC.Sit.1: En situación normal (%),Nov-2025,100.0,2026-04-19
00301,BANCO PIANO S.A.,privado_nacional,situacion_deudores,C.CAC.Sit.2: Riesgo bajo (%),Nov-2025,0.0,2026-04-19
00301,BANCO PIANO S.A.,privado_nacional,situacion_deudores,C.CAC.Sit.3: Riesgo medio (%),Nov-2025,0.0,2026-04-19
00301,BANCO PIANO S.A.,privado_nacional,situacion_deudores,TOTAL DE FINANCIACIONES Y GARANTIAS OTORGADAS ($),Dic-2025,180793.8,2026-04-19
00301,BANCO PIANO S.A.,privado_nacional,situacion_deudores,TF.Sit.1: En situación normal (%),Dic-2025,92.87,2026-04-19
00301,BANCO PIANO S.A.,privado_nacional,situacion_deudores,TF.Sit.2: Con seguimiento especial/Riesgo bajo (%),Dic-2025,2.86,2026-04-19
00301,BANCO PIANO S.A.,privado_nacional,situacion_deudores,TF.Sit.3: Con problemas/Riesgo medio (%),Dic-2025,1.82,2026-04-19
00301,BANCO PIANO S.A.,privado_nacional,situacion_deudores,TF.Sit.4: Con alto riesgo de insolvencia/Riesgo alto (%),Dic-2025,1.67,2026-04-19
00301,BANCO PIANO S.A.,privado_nacional,situacion_deudores,TF.Sit.5: Irrecuperable (%),Dic-2025,0.78,2026-04-19
00301,BANCO PIANO S.A.,privado_nacional,situacion_deudores,Previsiones por riesgo de incobrabilidad constituídas,Dic-2025,2925.79,2026-04-19
00301,BANCO PIANO S.A.,privado_nacional,situacion_deudores,CARTERA COMERCIAL ($),Dic-2025,76415.03,2026-04-19
00301,BANCO PIANO S.A.,privado_nacional,situacion_deudores,Total cartera sobre financiaciones (%),Dic-2025,42.27,2026-04-19
00301,BANCO PIANO S.A.,privado_nacional,situacion_deudores,C.COM.Sit.1: En situación normal (%),Dic-2025,100.0,2026-04-19
00301,BANCO PIANO S.A.,privado_nacional,situacion_deudores,C.COM.Sit.3: Con problemas (%),Dic-2025,0.0,2026-04-19
00301,BANCO PIANO S.A.,privado_nacional,situacion_deudores,CARTERA DE CONSUMO O VIVIENDA ($),Dic-2025,103994.82,2026-04-19
00301,BANCO PIANO S.A.,privado_nacional,situacion_deudores,Total cartera sobre financiaciones (%),Dic-2025,57.52,2026-04-19
00301,BANCO PIANO S.A.,privado_nacional,situacion_deudores,C.CON.Sit.1: En situación normal (%),Dic-2025,87.6,2026-04-19
00301,BANCO PIANO S.A.,privado_nacional,situacion_deudores,C.CON.Sit.2: Riesgo bajo (%),Dic-2025,4.97,2026-04-19
00301,BANCO PIANO S.A.,privado_nacional,situacion_deudores,C.CON.Sit.3: Riesgo medio (%),Dic-2025,3.17,2026-04-19
00301,BANCO PIANO S.A.,privado_nacional,situacion_deudores,C.CON.Sit.4: Riesgo alto (%),Dic-2025,2.91,2026-04-19
00301,BANCO PIANO S.A.,privado_nacional,situacion_deudores,C.CON.Sit.5: Irrecuperable (%),Dic-2025,1.35,2026-04-19
00301,BANCO PIANO S.A.,privado_nacional,situacion_deudores,CARTERA COMERCIAL ASIMILABLE A CONSUMO ($),Dic-2025,383.96,2026-04-19
00301,BANCO PIANO S.A.,privado_nacional,situacion_deudores,Total cartera sobre financiaciones (%),Dic-2025,0.21,2026-04-19
00301,BANCO PIANO S.A.,privado_nacional,situacion_deudores,C.CAC.Sit.1: En situación normal (%),Dic-2025,100.0,2026-04-19
00301,BANCO PIANO S.A.,privado_nacional,situacion_deudores,C.CAC.Sit.2: Riesgo bajo (%),Dic-2025,0.0,2026-04-19
00301,BANCO PIANO S.A.,privado_nacional,situacion_deudores,C.CAC.Sit.3: Riesgo medio (%),Dic-2025,0.0,2026-04-19
00301,BANCO PIANO S.A.,privado_nacional,situacion_deudores,TOTAL DE FINANCIACIONES Y GARANTIAS OTORGADAS ($),Ene-2026,179364.9,2026-04-19
00301,BANCO PIANO S.A.,privado_nacional,situacion_deudores,TF.Sit.1: En situación normal (%),Ene-2026,91.82,2026-04-19
00301,BANCO PIANO S.A.,privado_nacional,situacion_deudores,TF.Sit.2: Con seguimiento especial/Riesgo bajo (%),Ene-2026,3.29,2026-04-19
00301,BANCO PIANO S.A.,privado_nacional,situacion_deudores,TF.Sit.3: Con problemas/Riesgo medio (%),Ene-2026,2.24,2026-04-19
00301,BANCO PIANO S.A.,privado_nacional,situacion_deudores,TF.Sit.4: Con alto riesgo de insolvencia/Riesgo alto (%),Ene-2026,1.87,2026-04-19
00301,BANCO PIANO S.A.,privado_nacional,situacion_deudores,TF.Sit.5: Irrecuperable (%),Ene-2026,0.78,2026-04-19
00301,BANCO PIANO S.A.,privado_nacional,situacion_deudores,Previsiones por riesgo de incobrabilidad constituídas,Ene-2026,3175.94,2026-04-19
00301,BANCO PIANO S.A.,privado_nacional,situacion_deudores,CARTERA COMERCIAL ($),Ene-2026,70661.43,2026-04-19
00301,BANCO PIANO S.A.,privado_nacional,situacion_deudores,Total cartera sobre financiaciones (%),Ene-2026,39.4,2026-04-19
00301,BANCO PIANO S.A.,privado_nacional,situacion_deudores,C.COM.Sit.1: En situación normal (%),Ene-2026,100.0,2026-04-19
00301,BANCO PIANO S.A.,privado_nacional,situacion_deudores,C.COM.Sit.3: Con problemas (%),Ene-2026,0.0,2026-04-19
00301,BANCO PIANO S.A.,privado_nacional,situacion_deudores,CARTERA DE CONSUMO O VIVIENDA ($),Ene-2026,107673.22,2026-04-19
00301,BANCO PIANO S.A.,privado_nacional,situacion_deudores,Total cartera sobre financiaciones (%),Ene-2026,60.03,2026-04-19
00301,BANCO PIANO S.A.,privado_nacional,situacion_deudores,C.CON.Sit.1: En situación normal (%),Ene-2026,86.38,2026-04-19
00301,BANCO PIANO S.A.,privado_nacional,situacion_deudores,C.CON.Sit.2: Riesgo bajo (%),Ene-2026,5.48,2026-04-19
00301,BANCO PIANO S.A.,privado_nacional,situacion_deudores,C.CON.Sit.3: Riesgo medio (%),Ene-2026,3.73,2026-04-19
00301,BANCO PIANO S.A.,privado_nacional,situacion_deudores,C.CON.Sit.4: Riesgo alto (%),Ene-2026,3.11,2026-04-19
00301,BANCO PIANO S.A.,privado_nacional,situacion_deudores,C.CON.Sit.5: Irrecuperable (%),Ene-2026,1.29,2026-04-19
00301,BANCO PIANO S.A.,privado_nacional,situacion_deudores,CARTERA COMERCIAL ASIMILABLE A CONSUMO ($),Ene-2026,1030.25,2026-04-19
00301,BANCO PIANO S.A.,privado_nacional,situacion_deudores,Total cartera sobre financiaciones (%),Ene-2026,0.57,2026-04-19
00301,BANCO PIANO S.A.,privado_nacional,situacion_deudores,C.CAC.Sit.1: En situación normal (%),Ene-2026,100.0,2026-04-19
00301,BANCO PIANO S.A.,privado_nacional,situacion_deudores,C.CAC.Sit.2: Riesgo bajo (%),Ene-2026,0.0,2026-04-19
00301,BANCO PIANO S.A.,privado_nacional,situacion_deudores,C.CAC.Sit.3: Riesgo medio (%),Ene-2026,0.0,2026-04-19
00268,BANCO PROVINCIA DE TIERRA DEL FUEGO,publico,situacion_deudores,TOTAL DE FINANCIACIONES Y GARANTIAS OTORGADAS ($),Dic-2023,40338.93,2026-04-19
00268,BANCO PROVINCIA DE TIERRA DEL FUEGO,publico,situacion_deudores,TF.Sit.1: En situación normal (%),Dic-2023,95.57,2026-04-19
00268,BANCO PROVINCIA DE TIERRA DEL FUEGO,publico,situacion_deudores,TF.Sit.2: Con seguimiento especial/Riesgo bajo (%),Dic-2023,1.21,2026-04-19
00268,BANCO PROVINCIA DE TIERRA DEL FUEGO,publico,situacion_deudores,TF.Sit.3: Con problemas/Riesgo medio (%),Dic-2023,0.31,2026-04-19
00268,BANCO PROVINCIA DE TIERRA DEL FUEGO,publico,situacion_deudores,TF.Sit.4: Con alto riesgo de insolvencia/Riesgo alto (%),Dic-2023,0.58,2026-04-19
00268,BANCO PROVINCIA DE TIERRA DEL FUEGO,publico,situacion_deudores,TF.Sit.5: Irrecuperable (%),Dic-2023,2.34,2026-04-19
00268,BANCO PROVINCIA DE TIERRA DEL FUEGO,publico,situacion_deudores,TOTAL GARANTIZADO - Garantías Preferidas A y B (%),Dic-2023,5.95,2026-04-19
00268,BANCO PROVINCIA DE TIERRA DEL FUEGO,publico,situacion_deudores,Previsiones por riesgo de incobrabilidad constituídas,Dic-2023,1494.95,2026-04-19
00268,BANCO PROVINCIA DE TIERRA DEL FUEGO,publico,situacion_deudores,CARTERA COMERCIAL ($),Dic-2023,1371.21,2026-04-19
00268,BANCO PROVINCIA DE TIERRA DEL FUEGO,publico,situacion_deudores,Total cartera sobre financiaciones (%),Dic-2023,3.4,2026-04-19
00268,BANCO PROVINCIA DE TIERRA DEL FUEGO,publico,situacion_deudores,C.COM.Sit.1: En situación normal (%),Dic-2023,37.7,2026-04-19
00268,BANCO PROVINCIA DE TIERRA DEL FUEGO,publico,situacion_deudores,C.COM.Sit.5: Irrecuperable (%),Dic-2023,62.3,2026-04-19
00268,BANCO PROVINCIA DE TIERRA DEL FUEGO,publico,situacion_deudores,C.COM.TOTAL GARANTIZADO - Garantías Preferidas A y B (%),Dic-2023,25.56,2026-04-19
00268,BANCO PROVINCIA DE TIERRA DEL FUEGO,publico,situacion_deudores,CARTERA DE CONSUMO O VIVIENDA ($),Dic-2023,34215.3,2026-04-19
00268,BANCO PROVINCIA DE TIERRA DEL FUEGO,publico,situacion_deudores,Total cartera sobre financiaciones (%),Dic-2023,84.82,2026-04-19
00268,BANCO PROVINCIA DE TIERRA DEL FUEGO,publico,situacion_deudores,C.CON.Sit.1: En situación normal (%),Dic-2023,97.59,2026-04-19
00268,BANCO PROVINCIA DE TIERRA DEL FUEGO,publico,situacion_deudores,C.CON.Sit.2: Riesgo bajo (%),Dic-2023,1.23,2026-04-19
00268,BANCO PROVINCIA DE TIERRA DEL FUEGO,publico,situacion_deudores,C.CON.Sit.3: Riesgo medio (%),Dic-2023,0.33,2026-04-19
00268,BANCO PROVINCIA DE TIERRA DEL FUEGO,publico,situacion_deudores,C.CON.Sit.4: Riesgo alto (%),Dic-2023,0.61,2026-04-19
00268,BANCO PROVINCIA DE TIERRA DEL FUEGO,publico,situacion_deudores,C.CON.Sit.5: Irrecuperable (%),Dic-2023,0.24,2026-04-19
00268,BANCO PROVINCIA DE TIERRA DEL FUEGO,publico,situacion_deudores,C.CON.TOTAL GARANTIZADO - Garantías Preferidas A y B (%),Dic-2023,1.64,2026-04-19
00268,BANCO PROVINCIA DE TIERRA DEL FUEGO,publico,situacion_deudores,CARTERA COMERCIAL ASIMILABLE A CONSUMO ($),Dic-2023,4752.41,2026-04-19
00268,BANCO PROVINCIA DE TIERRA DEL FUEGO,publico,situacion_deudores,Total cartera sobre financiaciones (%),Dic-2023,11.78,2026-04-19
00268,BANCO PROVINCIA DE TIERRA DEL FUEGO,publico,situacion_deudores,C.CAC.Sit.1: En situación normal (%),Dic-2023,97.69,2026-04-19
00268,BANCO PROVINCIA DE TIERRA DEL FUEGO,publico,situacion_deudores,C.CAC.Sit.2: Riesgo bajo (%),Dic-2023,1.37,2026-04-19
00268,BANCO PROVINCIA DE TIERRA DEL FUEGO,publico,situacion_deudores,C.CAC.Sit.3: Riesgo medio (%),Dic-2023,0.26,2026-04-19
00268,BANCO PROVINCIA DE TIERRA DEL FUEGO,publico,situacion_deudores,C.CAC.Sit.4: Riesgo alto (%),Dic-2023,0.58,2026-04-19
00268,BANCO PROVINCIA DE TIERRA DEL FUEGO,publico,situacion_deudores,C.CAC.Sit.5: Irrecuperable (%),Dic-2023,0.1,2026-04-19
00268,BANCO PROVINCIA DE TIERRA DEL FUEGO,publico,situacion_deudores,C.CAC.TOTAL GARANTIZADO - Garantías Preferidas A y B (%),Dic-2023,31.34,2026-04-19
00268,BANCO PROVINCIA DE TIERRA DEL FUEGO,publico,situacion_deudores,TOTAL DE FINANCIACIONES Y GARANTIAS OTORGADAS ($),Dic-2024,122030.47,2026-04-19
00268,BANCO PROVINCIA DE TIERRA DEL FUEGO,publico,situacion_deudores,TF.Sit.1: En situación normal (%),Dic-2024,96.71,2026-04-19
00268,BANCO PROVINCIA DE TIERRA DEL FUEGO,publico,situacion_deudores,TF.Sit.2: Con seguimiento especial/Riesgo bajo (%),Dic-2024,1.18,2026-04-19
00268,BANCO PROVINCIA DE TIERRA DEL FUEGO,publico,situacion_deudores,TF.Sit.3: Con problemas/Riesgo medio (%),Dic-2024,0.32,2026-04-19
00268,BANCO PROVINCIA DE TIERRA DEL FUEGO,publico,situacion_deudores,TF.Sit.4: Con alto riesgo de insolvencia/Riesgo alto (%),Dic-2024,0.57,2026-04-19
00268,BANCO PROVINCIA DE TIERRA DEL FUEGO,publico,situacion_deudores,TF.Sit.5: Irrecuperable (%),Dic-2024,1.21,2026-04-19
00268,BANCO PROVINCIA DE TIERRA DEL FUEGO,publico,situacion_deudores,TOTAL GARANTIZADO - Garantías Preferidas A y B (%),Dic-2024,2.34,2026-04-19
00268,BANCO PROVINCIA DE TIERRA DEL FUEGO,publico,situacion_deudores,Previsiones por riesgo de incobrabilidad constituídas,Dic-2024,3185.32,2026-04-19
00268,BANCO PROVINCIA DE TIERRA DEL FUEGO,publico,situacion_deudores,CARTERA COMERCIAL ($),Dic-2024,1441.34,2026-04-19
00268,BANCO PROVINCIA DE TIERRA DEL FUEGO,publico,situacion_deudores,Total cartera sobre financiaciones (%),Dic-2024,1.18,2026-04-19
00268,BANCO PROVINCIA DE TIERRA DEL FUEGO,publico,situacion_deudores,C.COM.Sit.1: En situación normal (%),Dic-2024,20.23,2026-04-19
00268,BANCO PROVINCIA DE TIERRA DEL FUEGO,publico,situacion_deudores,C.COM.Sit.5: Irrecuperable (%),Dic-2024,79.77,2026-04-19
00268,BANCO PROVINCIA DE TIERRA DEL FUEGO,publico,situacion_deudores,C.COM.TOTAL GARANTIZADO - Garantías Preferidas A y B (%),Dic-2024,20.19,2026-04-19
00268,BANCO PROVINCIA DE TIERRA DEL FUEGO,publico,situacion_deudores,CARTERA DE CONSUMO O VIVIENDA ($),Dic-2024,108979.08,2026-04-19
00268,BANCO PROVINCIA DE TIERRA DEL FUEGO,publico,situacion_deudores,Total cartera sobre financiaciones (%),Dic-2024,89.3,2026-04-19
00268,BANCO PROVINCIA DE TIERRA DEL FUEGO,publico,situacion_deudores,C.CON.Sit.1: En situación normal (%),Dic-2024,97.59,2026-04-19
00268,BANCO PROVINCIA DE TIERRA DEL FUEGO,publico,situacion_deudores,C.CON.Sit.2: Riesgo bajo (%),Dic-2024,1.22,2026-04-19
00268,BANCO PROVINCIA DE TIERRA DEL FUEGO,publico,situacion_deudores,C.CON.Sit.3: Riesgo medio (%),Dic-2024,0.34,2026-04-19
00268,BANCO PROVINCIA DE TIERRA DEL FUEGO,publico,situacion_deudores,C.CON.Sit.4: Riesgo alto (%),Dic-2024,0.58,2026-04-19
00268,BANCO PROVINCIA DE TIERRA DEL FUEGO,publico,situacion_deudores,C.CON.Sit.5: Irrecuperable (%),Dic-2024,0.28,2026-04-19
00268,BANCO PROVINCIA DE TIERRA DEL FUEGO,publico,situacion_deudores,C.CON.TOTAL GARANTIZADO - Garantías Preferidas A y B (%),Dic-2024,0.45,2026-04-19
00268,BANCO PROVINCIA DE TIERRA DEL FUEGO,publico,situacion_deudores,CARTERA COMERCIAL ASIMILABLE A CONSUMO ($),Dic-2024,11610.05,2026-04-19
00268,BANCO PROVINCIA DE TIERRA DEL FUEGO,publico,situacion_deudores,Total cartera sobre financiaciones (%),Dic-2024,9.51,2026-04-19
00268,BANCO PROVINCIA DE TIERRA DEL FUEGO,publico,situacion_deudores,C.CAC.Sit.1: En situación normal (%),Dic-2024,97.98,2026-04-19
00268,BANCO PROVINCIA DE TIERRA DEL FUEGO,publico,situacion_deudores,C.CAC.Sit.2: Riesgo bajo (%),Dic-2024,1.01,2026-04-19
00268,BANCO PROVINCIA DE TIERRA DEL FUEGO,publico,situacion_deudores,C.CAC.Sit.3: Riesgo medio (%),Dic-2024,0.14,2026-04-19
00268,BANCO PROVINCIA DE TIERRA DEL FUEGO,publico,situacion_deudores,C.CAC.Sit.4: Riesgo alto (%),Dic-2024,0.64,2026-04-19
00268,BANCO PROVINCIA DE TIERRA DEL FUEGO,publico,situacion_deudores,C.CAC.Sit.5: Irrecuperable (%),Dic-2024,0.23,2026-04-19
00268,BANCO PROVINCIA DE TIERRA DEL FUEGO,publico,situacion_deudores,C.CAC.TOTAL GARANTIZADO - Garantías Preferidas A y B (%),Dic-2024,17.88,2026-04-19
00268,BANCO PROVINCIA DE TIERRA DEL FUEGO,publico,situacion_deudores,TOTAL DE FINANCIACIONES Y GARANTIAS OTORGADAS ($),Nov-2025,182676.48,2026-04-19
00268,BANCO PROVINCIA DE TIERRA DEL FUEGO,publico,situacion_deudores,TF.Sit.1: En situación normal (%),Nov-2025,88.32,2026-04-19
00268,BANCO PROVINCIA DE TIERRA DEL FUEGO,publico,situacion_deudores,TF.Sit.2: Con seguimiento especial/Riesgo bajo (%),Nov-2025,5.5,2026-04-19
00268,BANCO PROVINCIA DE TIERRA DEL FUEGO,publico,situacion_deudores,TF.Sit.3: Con problemas/Riesgo medio (%),Nov-2025,2.9,2026-04-19
00268,BANCO PROVINCIA DE TIERRA DEL FUEGO,publico,situacion_deudores,TF.Sit.4: Con alto riesgo de insolvencia/Riesgo alto (%),Nov-2025,1.95,2026-04-19
00268,BANCO PROVINCIA DE TIERRA DEL FUEGO,publico,situacion_deudores,TF.Sit.5: Irrecuperable (%),Nov-2025,1.34,2026-04-19
00268,BANCO PROVINCIA DE TIERRA DEL FUEGO,publico,situacion_deudores,TOTAL GARANTIZADO - Garantías Preferidas A y B (%),Nov-2025,1.6,2026-04-19
00268,BANCO PROVINCIA DE TIERRA DEL FUEGO,publico,situacion_deudores,Previsiones por riesgo de incobrabilidad constituídas,Nov-2025,10706.08,2026-04-19
00268,BANCO PROVINCIA DE TIERRA DEL FUEGO,publico,situacion_deudores,CARTERA COMERCIAL ($),Nov-2025,1812.0,2026-04-19
00268,BANCO PROVINCIA DE TIERRA DEL FUEGO,publico,situacion_deudores,Total cartera sobre financiaciones (%),Nov-2025,0.99,2026-04-19
00268,BANCO PROVINCIA DE TIERRA DEL FUEGO,publico,situacion_deudores,C.COM.Sit.1: En situación normal (%),Nov-2025,11.33,2026-04-19
00268,BANCO PROVINCIA DE TIERRA DEL FUEGO,publico,situacion_deudores,C.COM.Sit.5: Irrecuperable (%),Nov-2025,88.67,2026-04-19
00268,BANCO PROVINCIA DE TIERRA DEL FUEGO,publico,situacion_deudores,C.COM.TOTAL GARANTIZADO - Garantías Preferidas A y B (%),Nov-2025,11.29,2026-04-19
00268,BANCO PROVINCIA DE TIERRA DEL FUEGO,publico,situacion_deudores,CARTERA DE CONSUMO O VIVIENDA ($),Nov-2025,161332.69,2026-04-19
00268,BANCO PROVINCIA DE TIERRA DEL FUEGO,publico,situacion_deudores,Total cartera sobre financiaciones (%),Nov-2025,88.32,2026-04-19
00268,BANCO PROVINCIA DE TIERRA DEL FUEGO,publico,situacion_deudores,C.CON.Sit.1: En situación normal (%),Nov-2025,89.18,2026-04-19
00268,BANCO PROVINCIA DE TIERRA DEL FUEGO,publico,situacion_deudores,C.CON.Sit.2: Riesgo bajo (%),Nov-2025,5.27,2026-04-19
00268,BANCO PROVINCIA DE TIERRA DEL FUEGO,publico,situacion_deudores,C.CON.Sit.3: Riesgo medio (%),Nov-2025,3.06,2026-04-19
00268,BANCO PROVINCIA DE TIERRA DEL FUEGO,publico,situacion_deudores,C.CON.Sit.4: Riesgo alto (%),Nov-2025,2.04,2026-04-19
00268,BANCO PROVINCIA DE TIERRA DEL FUEGO,publico,situacion_deudores,C.CON.Sit.5: Irrecuperable (%),Nov-2025,0.45,2026-04-19
00268,BANCO PROVINCIA DE TIERRA DEL FUEGO,publico,situacion_deudores,C.CON.TOTAL GARANTIZADO - Garantías Preferidas A y B (%),Nov-2025,0.32,2026-04-19
00268,BANCO PROVINCIA DE TIERRA DEL FUEGO,publico,situacion_deudores,CARTERA COMERCIAL ASIMILABLE A CONSUMO ($),Nov-2025,19531.79,2026-04-19
00268,BANCO PROVINCIA DE TIERRA DEL FUEGO,publico,situacion_deudores,Total cartera sobre financiaciones (%),Nov-2025,10.69,2026-04-19
00268,BANCO PROVINCIA DE TIERRA DEL FUEGO,publico,situacion_deudores,C.CAC.Sit.1: En situación normal (%),Nov-2025,88.32,2026-04-19
00268,BANCO PROVINCIA DE TIERRA DEL FUEGO,publico,situacion_deudores,C.CAC.Sit.2: Riesgo bajo (%),Nov-2025,7.95,2026-04-19
00268,BANCO PROVINCIA DE TIERRA DEL FUEGO,publico,situacion_deudores,C.CAC.Sit.3: Riesgo medio (%),Nov-2025,1.83,2026-04-19
00268,BANCO PROVINCIA DE TIERRA DEL FUEGO,publico,situacion_deudores,C.CAC.Sit.4: Riesgo alto (%),Nov-2025,1.37,2026-04-19
00268,BANCO PROVINCIA DE TIERRA DEL FUEGO,publico,situacion_deudores,C.CAC.Sit.5: Irrecuperable (%),Nov-2025,0.53,2026-04-19
00268,BANCO PROVINCIA DE TIERRA DEL FUEGO,publico,situacion_deudores,C.CAC.TOTAL GARANTIZADO - Garantías Preferidas A y B (%),Nov-2025,11.29,2026-04-19
00268,BANCO PROVINCIA DE TIERRA DEL FUEGO,publico,situacion_deudores,TOTAL DE FINANCIACIONES Y GARANTIAS OTORGADAS ($),Dic-2025,183935.95,2026-04-19
00268,BANCO PROVINCIA DE TIERRA DEL FUEGO,publico,situacion_deudores,TF.Sit.1: En situación normal (%),Dic-2025,86.51,2026-04-19
00268,BANCO PROVINCIA DE TIERRA DEL FUEGO,publico,situacion_deudores,TF.Sit.2: Con seguimiento especial/Riesgo bajo (%),Dic-2025,6.03,2026-04-19
00268,BANCO PROVINCIA DE TIERRA DEL FUEGO,publico,situacion_deudores,TF.Sit.3: Con problemas/Riesgo medio (%),Dic-2025,3.42,2026-04-19
00268,BANCO PROVINCIA DE TIERRA DEL FUEGO,publico,situacion_deudores,TF.Sit.4: Con alto riesgo de insolvencia/Riesgo alto (%),Dic-2025,2.27,2026-04-19
00268,BANCO PROVINCIA DE TIERRA DEL FUEGO,publico,situacion_deudores,TF.Sit.5: Irrecuperable (%),Dic-2025,1.76,2026-04-19
00268,BANCO PROVINCIA DE TIERRA DEL FUEGO,publico,situacion_deudores,TOTAL GARANTIZADO - Garantías Preferidas A y B (%),Dic-2025,1.56,2026-04-19
00268,BANCO PROVINCIA DE TIERRA DEL FUEGO,publico,situacion_deudores,Previsiones por riesgo de incobrabilidad constituídas,Dic-2025,12561.62,2026-04-19
00268,BANCO PROVINCIA DE TIERRA DEL FUEGO,publico,situacion_deudores,CARTERA COMERCIAL ($),Dic-2025,1605.41,2026-04-19
00268,BANCO PROVINCIA DE TIERRA DEL FUEGO,publico,situacion_deudores,Total cartera sobre financiaciones (%),Dic-2025,0.87,2026-04-19
00268,BANCO PROVINCIA DE TIERRA DEL FUEGO,publico,situacion_deudores,C.COM.Sit.1: En situación normal (%),Dic-2025,12.85,2026-04-19
00268,BANCO PROVINCIA DE TIERRA DEL FUEGO,publico,situacion_deudores,C.COM.Sit.5: Irrecuperable (%),Dic-2025,87.15,2026-04-19
00268,BANCO PROVINCIA DE TIERRA DEL FUEGO,publico,situacion_deudores,C.COM.TOTAL GARANTIZADO - Garantías Preferidas A y B (%),Dic-2025,12.39,2026-04-19
00268,BANCO PROVINCIA DE TIERRA DEL FUEGO,publico,situacion_deudores,CARTERA DE CONSUMO O VIVIENDA ($),Dic-2025,163081.76,2026-04-19
00268,BANCO PROVINCIA DE TIERRA DEL FUEGO,publico,situacion_deudores,Total cartera sobre financiaciones (%),Dic-2025,88.66,2026-04-19
00268,BANCO PROVINCIA DE TIERRA DEL FUEGO,publico,situacion_deudores,C.CON.Sit.1: En situación normal (%),Dic-2025,87.39,2026-04-19
00268,BANCO PROVINCIA DE TIERRA DEL FUEGO,publico,situacion_deudores,C.CON.Sit.2: Riesgo bajo (%),Dic-2025,5.75,2026-04-19
00268,BANCO PROVINCIA DE TIERRA DEL FUEGO,publico,situacion_deudores,C.CON.Sit.3: Riesgo medio (%),Dic-2025,3.45,2026-04-19
00268,BANCO PROVINCIA DE TIERRA DEL FUEGO,publico,situacion_deudores,C.CON.Sit.4: Riesgo alto (%),Dic-2025,2.38,2026-04-19
00268,BANCO PROVINCIA DE TIERRA DEL FUEGO,publico,situacion_deudores,C.CON.Sit.5: Irrecuperable (%),Dic-2025,1.03,2026-04-19
00268,BANCO PROVINCIA DE TIERRA DEL FUEGO,publico,situacion_deudores,C.CON.TOTAL GARANTIZADO - Garantías Preferidas A y B (%),Dic-2025,0.32,2026-04-19
00268,BANCO PROVINCIA DE TIERRA DEL FUEGO,publico,situacion_deudores,CARTERA COMERCIAL ASIMILABLE A CONSUMO ($),Dic-2025,19248.77,2026-04-19
00268,BANCO PROVINCIA DE TIERRA DEL FUEGO,publico,situacion_deudores,Total cartera sobre financiaciones (%),Dic-2025,10.46,2026-04-19
00268,BANCO PROVINCIA DE TIERRA DEL FUEGO,publico,situacion_deudores,C.CAC.Sit.1: En situación normal (%),Dic-2025,85.14,2026-04-19
00268,BANCO PROVINCIA DE TIERRA DEL FUEGO,publico,situacion_deudores,C.CAC.Sit.2: Riesgo bajo (%),Dic-2025,8.87,2026-04-19
00268,BANCO PROVINCIA DE TIERRA DEL FUEGO,publico,situacion_deudores,C.CAC.Sit.3: Riesgo medio (%),Dic-2025,3.51,2026-04-19
00268,BANCO PROVINCIA DE TIERRA DEL FUEGO,publico,situacion_deudores,C.CAC.Sit.4: Riesgo alto (%),Dic-2025,1.6,2026-04-19
00268,BANCO PROVINCIA DE TIERRA DEL FUEGO,publico,situacion_deudores,C.CAC.Sit.5: Irrecuperable (%),Dic-2025,0.88,2026-04-19
00268,BANCO PROVINCIA DE TIERRA DEL FUEGO,publico,situacion_deudores,C.CAC.TOTAL GARANTIZADO - Garantías Preferidas A y B (%),Dic-2025,11.18,2026-04-19
00268,BANCO PROVINCIA DE TIERRA DEL FUEGO,publico,situacion_deudores,TOTAL DE FINANCIACIONES Y GARANTIAS OTORGADAS ($),Ene-2026,185587.06,2026-04-19
00268,BANCO PROVINCIA DE TIERRA DEL FUEGO,publico,situacion_deudores,TF.Sit.1: En situación normal (%),Ene-2026,86.35,2026-04-19
00268,BANCO PROVINCIA DE TIERRA DEL FUEGO,publico,situacion_deudores,TF.Sit.2: Con seguimiento especial/Riesgo bajo (%),Ene-2026,5.13,2026-04-19
00268,BANCO PROVINCIA DE TIERRA DEL FUEGO,publico,situacion_deudores,TF.Sit.3: Con problemas/Riesgo medio (%),Ene-2026,3.9,2026-04-19
00268,BANCO PROVINCIA DE TIERRA DEL FUEGO,publico,situacion_deudores,TF.Sit.4: Con alto riesgo de insolvencia/Riesgo alto (%),Ene-2026,2.76,2026-04-19
00268,BANCO PROVINCIA DE TIERRA DEL FUEGO,publico,situacion_deudores,TF.Sit.5: Irrecuperable (%),Ene-2026,1.87,2026-04-19
00268,BANCO PROVINCIA DE TIERRA DEL FUEGO,publico,situacion_deudores,TOTAL GARANTIZADO - Garantías Preferidas A y B (%),Ene-2026,1.63,2026-04-19
00268,BANCO PROVINCIA DE TIERRA DEL FUEGO,publico,situacion_deudores,Previsiones por riesgo de incobrabilidad constituídas,Ene-2026,12995.58,2026-04-19
00268,BANCO PROVINCIA DE TIERRA DEL FUEGO,publico,situacion_deudores,CARTERA COMERCIAL ($),Ene-2026,1596.56,2026-04-19
00268,BANCO PROVINCIA DE TIERRA DEL FUEGO,publico,situacion_deudores,Total cartera sobre financiaciones (%),Ene-2026,0.86,2026-04-19
00268,BANCO PROVINCIA DE TIERRA DEL FUEGO,publico,situacion_deudores,C.COM.Sit.1: En situación normal (%),Ene-2026,12.58,2026-04-19
00268,BANCO PROVINCIA DE TIERRA DEL FUEGO,publico,situacion_deudores,C.COM.Sit.5: Irrecuperable (%),Ene-2026,87.42,2026-04-19
00268,BANCO PROVINCIA DE TIERRA DEL FUEGO,publico,situacion_deudores,C.COM.TOTAL GARANTIZADO - Garantías Preferidas A y B (%),Ene-2026,12.13,2026-04-19
00268,BANCO PROVINCIA DE TIERRA DEL FUEGO,publico,situacion_deudores,CARTERA DE CONSUMO O VIVIENDA ($),Ene-2026,162993.76,2026-04-19
00268,BANCO PROVINCIA DE TIERRA DEL FUEGO,publico,situacion_deudores,Total cartera sobre financiaciones (%),Ene-2026,87.83,2026-04-19
00268,BANCO PROVINCIA DE TIERRA DEL FUEGO,publico,situacion_deudores,C.CON.Sit.1: En situación normal (%),Ene-2026,86.78,2026-04-19
00268,BANCO PROVINCIA DE TIERRA DEL FUEGO,publico,situacion_deudores,C.CON.Sit.2: Riesgo bajo (%),Ene-2026,5.19,2026-04-19
00268,BANCO PROVINCIA DE TIERRA DEL FUEGO,publico,situacion_deudores,C.CON.Sit.3: Riesgo medio (%),Ene-2026,3.87,2026-04-19
00268,BANCO PROVINCIA DE TIERRA DEL FUEGO,publico,situacion_deudores,C.CON.Sit.4: Riesgo alto (%),Ene-2026,2.95,2026-04-19
00268,BANCO PROVINCIA DE TIERRA DEL FUEGO,publico,situacion_deudores,C.CON.Sit.5: Irrecuperable (%),Ene-2026,1.21,2026-04-19
00268,BANCO PROVINCIA DE TIERRA DEL FUEGO,publico,situacion_deudores,C.CON.TOTAL GARANTIZADO - Garantías Preferidas A y B (%),Ene-2026,0.32,2026-04-19
00268,BANCO PROVINCIA DE TIERRA DEL FUEGO,publico,situacion_deudores,CARTERA COMERCIAL ASIMILABLE A CONSUMO ($),Ene-2026,20996.75,2026-04-19
00268,BANCO PROVINCIA DE TIERRA DEL FUEGO,publico,situacion_deudores,Total cartera sobre financiaciones (%),Ene-2026,11.31,2026-04-19
00268,BANCO PROVINCIA DE TIERRA DEL FUEGO,publico,situacion_deudores,C.CAC.Sit.1: En situación normal (%),Ene-2026,88.56,2026-04-19
00268,BANCO PROVINCIA DE TIERRA DEL FUEGO,publico,situacion_deudores,C.CAC.Sit.2: Riesgo bajo (%),Ene-2026,4.98,2026-04-19
00268,BANCO PROVINCIA DE TIERRA DEL FUEGO,publico,situacion_deudores,C.CAC.Sit.3: Riesgo medio (%),Ene-2026,4.43,2026-04-19
00268,BANCO PROVINCIA DE TIERRA DEL FUEGO,publico,situacion_deudores,C.CAC.Sit.4: Riesgo alto (%),Ene-2026,1.5,2026-04-19
00268,BANCO PROVINCIA DE TIERRA DEL FUEGO,publico,situacion_deudores,C.CAC.Sit.5: Irrecuperable (%),Ene-2026,0.54,2026-04-19
00268,BANCO PROVINCIA DE TIERRA DEL FUEGO,publico,situacion_deudores,C.CAC.TOTAL GARANTIZADO - Garantías Preferidas A y B (%),Ene-2026,11.0,2026-04-19
00097,BANCO PROVINCIA DEL NEUQUÉN SOCIEDA,publico,situacion_deudores,TOTAL DE FINANCIACIONES Y GARANTIAS OTORGADAS ($),Dic-2023,93425.62,2026-04-19
00097,BANCO PROVINCIA DEL NEUQUÉN SOCIEDA,publico,situacion_deudores,TF.Sit.1: En situación normal (%),Dic-2023,95.41,2026-04-19
00097,BANCO PROVINCIA DEL NEUQUÉN SOCIEDA,publico,situacion_deudores,TF.Sit.2: Con seguimiento especial/Riesgo bajo (%),Dic-2023,2.26,2026-04-19
00097,BANCO PROVINCIA DEL NEUQUÉN SOCIEDA,publico,situacion_deudores,TF.Sit.3: Con problemas/Riesgo medio (%),Dic-2023,1.03,2026-04-19
00097,BANCO PROVINCIA DEL NEUQUÉN SOCIEDA,publico,situacion_deudores,TF.Sit.4: Con alto riesgo de insolvencia/Riesgo alto (%),Dic-2023,0.83,2026-04-19
00097,BANCO PROVINCIA DEL NEUQUÉN SOCIEDA,publico,situacion_deudores,TF.Sit.5: Irrecuperable (%),Dic-2023,0.47,2026-04-19
00097,BANCO PROVINCIA DEL NEUQUÉN SOCIEDA,publico,situacion_deudores,TOTAL GARANTIZADO - Garantías Preferidas A y B (%),Dic-2023,12.06,2026-04-19
00097,BANCO PROVINCIA DEL NEUQUÉN SOCIEDA,publico,situacion_deudores,Previsiones por riesgo de incobrabilidad constituídas,Dic-2023,2953.47,2026-04-19
00097,BANCO PROVINCIA DEL NEUQUÉN SOCIEDA,publico,situacion_deudores,CARTERA COMERCIAL ($),Dic-2023,6644.37,2026-04-19
00097,BANCO PROVINCIA DEL NEUQUÉN SOCIEDA,publico,situacion_deudores,Total cartera sobre financiaciones (%),Dic-2023,7.11,2026-04-19
00097,BANCO PROVINCIA DEL NEUQUÉN SOCIEDA,publico,situacion_deudores,C.COM.Sit.1: En situación normal (%),Dic-2023,100.0,2026-04-19
00097,BANCO PROVINCIA DEL NEUQUÉN SOCIEDA,publico,situacion_deudores,C.COM.TOTAL GARANTIZADO - Garantías Preferidas A y B (%),Dic-2023,24.7,2026-04-19
00097,BANCO PROVINCIA DEL NEUQUÉN SOCIEDA,publico,situacion_deudores,CARTERA DE CONSUMO O VIVIENDA ($),Dic-2023,68026.75,2026-04-19
00097,BANCO PROVINCIA DEL NEUQUÉN SOCIEDA,publico,situacion_deudores,Total cartera sobre financiaciones (%),Dic-2023,72.81,2026-04-19
00097,BANCO PROVINCIA DEL NEUQUÉN SOCIEDA,publico,situacion_deudores,C.CON.Sit.1: En situación normal (%),Dic-2023,94.22,2026-04-19
00097,BANCO PROVINCIA DEL NEUQUÉN SOCIEDA,publico,situacion_deudores,C.CON.Sit.2: Riesgo bajo (%),Dic-2023,2.97,2026-04-19
00097,BANCO PROVINCIA DEL NEUQUÉN SOCIEDA,publico,situacion_deudores,C.CON.Sit.3: Riesgo medio (%),Dic-2023,1.33,2026-04-19
00097,BANCO PROVINCIA DEL NEUQUÉN SOCIEDA,publico,situacion_deudores,C.CON.Sit.4: Riesgo alto (%),Dic-2023,1.04,2026-04-19
00097,BANCO PROVINCIA DEL NEUQUÉN SOCIEDA,publico,situacion_deudores,C.CON.Sit.5: Irrecuperable (%),Dic-2023,0.45,2026-04-19
00097,BANCO PROVINCIA DEL NEUQUÉN SOCIEDA,publico,situacion_deudores,C.CON.TOTAL GARANTIZADO - Garantías Preferidas A y B (%),Dic-2023,3.32,2026-04-19
00097,BANCO PROVINCIA DEL NEUQUÉN SOCIEDA,publico,situacion_deudores,CARTERA COMERCIAL ASIMILABLE A CONSUMO ($),Dic-2023,18754.5,2026-04-19
00097,BANCO PROVINCIA DEL NEUQUÉN SOCIEDA,publico,situacion_deudores,Total cartera sobre financiaciones (%),Dic-2023,20.07,2026-04-19
00097,BANCO PROVINCIA DEL NEUQUÉN SOCIEDA,publico,situacion_deudores,C.CAC.Sit.1: En situación normal (%),Dic-2023,98.11,2026-04-19
00097,BANCO PROVINCIA DEL NEUQUÉN SOCIEDA,publico,situacion_deudores,C.CAC.Sit.2: Riesgo bajo (%),Dic-2023,0.48,2026-04-19
00097,BANCO PROVINCIA DEL NEUQUÉN SOCIEDA,publico,situacion_deudores,C.CAC.Sit.3: Riesgo medio (%),Dic-2023,0.29,2026-04-19
00097,BANCO PROVINCIA DEL NEUQUÉN SOCIEDA,publico,situacion_deudores,C.CAC.Sit.4: Riesgo alto (%),Dic-2023,0.39,2026-04-19
00097,BANCO PROVINCIA DEL NEUQUÉN SOCIEDA,publico,situacion_deudores,C.CAC.Sit.5: Irrecuperable (%),Dic-2023,0.72,2026-04-19
00097,BANCO PROVINCIA DEL NEUQUÉN SOCIEDA,publico,situacion_deudores,C.CAC.TOTAL GARANTIZADO - Garantías Preferidas A y B (%),Dic-2023,39.27,2026-04-19
00097,BANCO PROVINCIA DEL NEUQUÉN SOCIEDA,publico,situacion_deudores,TOTAL DE FINANCIACIONES Y GARANTIAS OTORGADAS ($),Dic-2024,290768.09,2026-04-19
00097,BANCO PROVINCIA DEL NEUQUÉN SOCIEDA,publico,situacion_deudores,TF.Sit.1: En situación normal (%),Dic-2024,93.52,2026-04-19
00097,BANCO PROVINCIA DEL NEUQUÉN SOCIEDA,publico,situacion_deudores,TF.Sit.2: Con seguimiento especial/Riesgo bajo (%),Dic-2024,3.55,2026-04-19
00097,BANCO PROVINCIA DEL NEUQUÉN SOCIEDA,publico,situacion_deudores,TF.Sit.3: Con problemas/Riesgo medio (%),Dic-2024,1.59,2026-04-19
00097,BANCO PROVINCIA DEL NEUQUÉN SOCIEDA,publico,situacion_deudores,TF.Sit.4: Con alto riesgo de insolvencia/Riesgo alto (%),Dic-2024,1.04,2026-04-19
00097,BANCO PROVINCIA DEL NEUQUÉN SOCIEDA,publico,situacion_deudores,TF.Sit.5: Irrecuperable (%),Dic-2024,0.29,2026-04-19
00097,BANCO PROVINCIA DEL NEUQUÉN SOCIEDA,publico,situacion_deudores,TOTAL GARANTIZADO - Garantías Preferidas A y B (%),Dic-2024,11.38,2026-04-19
00097,BANCO PROVINCIA DEL NEUQUÉN SOCIEDA,publico,situacion_deudores,Previsiones por riesgo de incobrabilidad constituídas,Dic-2024,7511.1,2026-04-19
00097,BANCO PROVINCIA DEL NEUQUÉN SOCIEDA,publico,situacion_deudores,CARTERA COMERCIAL ($),Dic-2024,28057.63,2026-04-19
00097,BANCO PROVINCIA DEL NEUQUÉN SOCIEDA,publico,situacion_deudores,Total cartera sobre financiaciones (%),Dic-2024,9.65,2026-04-19
00097,BANCO PROVINCIA DEL NEUQUÉN SOCIEDA,publico,situacion_deudores,C.COM.Sit.1: En situación normal (%),Dic-2024,100.0,2026-04-19
00097,BANCO PROVINCIA DEL NEUQUÉN SOCIEDA,publico,situacion_deudores,C.COM.TOTAL GARANTIZADO - Garantías Preferidas A y B (%),Dic-2024,12.92,2026-04-19
00097,BANCO PROVINCIA DEL NEUQUÉN SOCIEDA,publico,situacion_deudores,CARTERA DE CONSUMO O VIVIENDA ($),Dic-2024,211659.76,2026-04-19
00097,BANCO PROVINCIA DEL NEUQUÉN SOCIEDA,publico,situacion_deudores,Total cartera sobre financiaciones (%),Dic-2024,72.79,2026-04-19
00097,BANCO PROVINCIA DEL NEUQUÉN SOCIEDA,publico,situacion_deudores,C.CON.Sit.1: En situación normal (%),Dic-2024,91.43,2026-04-19
00097,BANCO PROVINCIA DEL NEUQUÉN SOCIEDA,publico,situacion_deudores,C.CON.Sit.2: Riesgo bajo (%),Dic-2024,4.69,2026-04-19
00097,BANCO PROVINCIA DEL NEUQUÉN SOCIEDA,publico,situacion_deudores,C.CON.Sit.3: Riesgo medio (%),Dic-2024,2.14,2026-04-19
00097,BANCO PROVINCIA DEL NEUQUÉN SOCIEDA,publico,situacion_deudores,C.CON.Sit.4: Riesgo alto (%),Dic-2024,1.38,2026-04-19
00097,BANCO PROVINCIA DEL NEUQUÉN SOCIEDA,publico,situacion_deudores,C.CON.Sit.5: Irrecuperable (%),Dic-2024,0.35,2026-04-19
00097,BANCO PROVINCIA DEL NEUQUÉN SOCIEDA,publico,situacion_deudores,C.CON.TOTAL GARANTIZADO - Garantías Preferidas A y B (%),Dic-2024,3.64,2026-04-19
00097,BANCO PROVINCIA DEL NEUQUÉN SOCIEDA,publico,situacion_deudores,CARTERA COMERCIAL ASIMILABLE A CONSUMO ($),Dic-2024,51050.71,2026-04-19
00097,BANCO PROVINCIA DEL NEUQUÉN SOCIEDA,publico,situacion_deudores,Total cartera sobre financiaciones (%),Dic-2024,17.56,2026-04-19
00097,BANCO PROVINCIA DEL NEUQUÉN SOCIEDA,publico,situacion_deudores,C.CAC.Sit.1: En situación normal (%),Dic-2024,98.62,2026-04-19
00097,BANCO PROVINCIA DEL NEUQUÉN SOCIEDA,publico,situacion_deudores,C.CAC.Sit.2: Riesgo bajo (%),Dic-2024,0.75,2026-04-19
00097,BANCO PROVINCIA DEL NEUQUÉN SOCIEDA,publico,situacion_deudores,C.CAC.Sit.3: Riesgo medio (%),Dic-2024,0.21,2026-04-19
00097,BANCO PROVINCIA DEL NEUQUÉN SOCIEDA,publico,situacion_deudores,C.CAC.Sit.4: Riesgo alto (%),Dic-2024,0.2,2026-04-19
00097,BANCO PROVINCIA DEL NEUQUÉN SOCIEDA,publico,situacion_deudores,C.CAC.Sit.5: Irrecuperable (%),Dic-2024,0.22,2026-04-19
00097,BANCO PROVINCIA DEL NEUQUÉN SOCIEDA,publico,situacion_deudores,C.CAC.TOTAL GARANTIZADO - Garantías Preferidas A y B (%),Dic-2024,42.62,2026-04-19
00097,BANCO PROVINCIA DEL NEUQUÉN SOCIEDA,publico,situacion_deudores,TOTAL DE FINANCIACIONES Y GARANTIAS OTORGADAS ($),Nov-2025,663433.79,2026-04-19
00097,BANCO PROVINCIA DEL NEUQUÉN SOCIEDA,publico,situacion_deudores,TF.Sit.1: En situación normal (%),Nov-2025,92.1,2026-04-19
00097,BANCO PROVINCIA DEL NEUQUÉN SOCIEDA,publico,situacion_deudores,TF.Sit.2: Con seguimiento especial/Riesgo bajo (%),Nov-2025,3.55,2026-04-19
00097,BANCO PROVINCIA DEL NEUQUÉN SOCIEDA,publico,situacion_deudores,TF.Sit.3: Con problemas/Riesgo medio (%),Nov-2025,2.03,2026-04-19
00097,BANCO PROVINCIA DEL NEUQUÉN SOCIEDA,publico,situacion_deudores,TF.Sit.4: Con alto riesgo de insolvencia/Riesgo alto (%),Nov-2025,1.78,2026-04-19
00097,BANCO PROVINCIA DEL NEUQUÉN SOCIEDA,publico,situacion_deudores,TF.Sit.5: Irrecuperable (%),Nov-2025,0.54,2026-04-19
00097,BANCO PROVINCIA DEL NEUQUÉN SOCIEDA,publico,situacion_deudores,TOTAL GARANTIZADO - Garantías Preferidas A y B (%),Nov-2025,15.29,2026-04-19
00097,BANCO PROVINCIA DEL NEUQUÉN SOCIEDA,publico,situacion_deudores,Previsiones por riesgo de incobrabilidad constituídas,Nov-2025,34017.73,2026-04-19
00097,BANCO PROVINCIA DEL NEUQUÉN SOCIEDA,publico,situacion_deudores,CARTERA COMERCIAL ($),Nov-2025,77953.98,2026-04-19
00097,BANCO PROVINCIA DEL NEUQUÉN SOCIEDA,publico,situacion_deudores,Total cartera sobre financiaciones (%),Nov-2025,11.75,2026-04-19
00097,BANCO PROVINCIA DEL NEUQUÉN SOCIEDA,publico,situacion_deudores,C.COM.Sit.1: En situación normal (%),Nov-2025,100.0,2026-04-19
00097,BANCO PROVINCIA DEL NEUQUÉN SOCIEDA,publico,situacion_deudores,C.COM.TOTAL GARANTIZADO - Garantías Preferidas A y B (%),Nov-2025,23.77,2026-04-19
00097,BANCO PROVINCIA DEL NEUQUÉN SOCIEDA,publico,situacion_deudores,CARTERA DE CONSUMO O VIVIENDA ($),Nov-2025,444098.31,2026-04-19
00097,BANCO PROVINCIA DEL NEUQUÉN SOCIEDA,publico,situacion_deudores,Total cartera sobre financiaciones (%),Nov-2025,66.94,2026-04-19
00097,BANCO PROVINCIA DEL NEUQUÉN SOCIEDA,publico,situacion_deudores,C.CON.Sit.1: En situación normal (%),Nov-2025,89.67,2026-04-19
00097,BANCO PROVINCIA DEL NEUQUÉN SOCIEDA,publico,situacion_deudores,C.CON.Sit.2: Riesgo bajo (%),Nov-2025,4.17,2026-04-19
00097,BANCO PROVINCIA DEL NEUQUÉN SOCIEDA,publico,situacion_deudores,C.CON.Sit.3: Riesgo medio (%),Nov-2025,2.83,2026-04-19
00097,BANCO PROVINCIA DEL NEUQUÉN SOCIEDA,publico,situacion_deudores,C.CON.Sit.4: Riesgo alto (%),Nov-2025,2.58,2026-04-19
00097,BANCO PROVINCIA DEL NEUQUÉN SOCIEDA,publico,situacion_deudores,C.CON.Sit.5: Irrecuperable (%),Nov-2025,0.75,2026-04-19
00097,BANCO PROVINCIA DEL NEUQUÉN SOCIEDA,publico,situacion_deudores,C.CON.TOTAL GARANTIZADO - Garantías Preferidas A y B (%),Nov-2025,5.53,2026-04-19
00097,BANCO PROVINCIA DEL NEUQUÉN SOCIEDA,publico,situacion_deudores,CARTERA COMERCIAL ASIMILABLE A CONSUMO ($),Nov-2025,141381.49,2026-04-19
00097,BANCO PROVINCIA DEL NEUQUÉN SOCIEDA,publico,situacion_deudores,Total cartera sobre financiaciones (%),Nov-2025,21.31,2026-04-19
00097,BANCO PROVINCIA DEL NEUQUÉN SOCIEDA,publico,situacion_deudores,C.CAC.Sit.1: En situación normal (%),Nov-2025,95.4,2026-04-19
00097,BANCO PROVINCIA DEL NEUQUÉN SOCIEDA,publico,situacion_deudores,C.CAC.Sit.2: Riesgo bajo (%),Nov-2025,3.55,2026-04-19
00097,BANCO PROVINCIA DEL NEUQUÉN SOCIEDA,publico,situacion_deudores,C.CAC.Sit.3: Riesgo medio (%),Nov-2025,0.62,2026-04-19
00097,BANCO PROVINCIA DEL NEUQUÉN SOCIEDA,publico,situacion_deudores,C.CAC.Sit.4: Riesgo alto (%),Nov-2025,0.27,2026-04-19
00097,BANCO PROVINCIA DEL NEUQUÉN SOCIEDA,publico,situacion_deudores,C.CAC.Sit.5: Irrecuperable (%),Nov-2025,0.16,2026-04-19
00097,BANCO PROVINCIA DEL NEUQUÉN SOCIEDA,publico,situacion_deudores,C.CAC.TOTAL GARANTIZADO - Garantías Preferidas A y B (%),Nov-2025,41.3,2026-04-19
00097,BANCO PROVINCIA DEL NEUQUÉN SOCIEDA,publico,situacion_deudores,TOTAL DE FINANCIACIONES Y GARANTIAS OTORGADAS ($),Dic-2025,676855.08,2026-04-19
00097,BANCO PROVINCIA DEL NEUQUÉN SOCIEDA,publico,situacion_deudores,TF.Sit.1: En situación normal (%),Dic-2025,91.47,2026-04-19
00097,BANCO PROVINCIA DEL NEUQUÉN SOCIEDA,publico,situacion_deudores,TF.Sit.2: Con seguimiento especial/Riesgo bajo (%),Dic-2025,3.48,2026-04-19
00097,BANCO PROVINCIA DEL NEUQUÉN SOCIEDA,publico,situacion_deudores,TF.Sit.3: Con problemas/Riesgo medio (%),Dic-2025,2.35,2026-04-19
00097,BANCO PROVINCIA DEL NEUQUÉN SOCIEDA,publico,situacion_deudores,TF.Sit.4: Con alto riesgo de insolvencia/Riesgo alto (%),Dic-2025,2.15,2026-04-19
00097,BANCO PROVINCIA DEL NEUQUÉN SOCIEDA,publico,situacion_deudores,TF.Sit.5: Irrecuperable (%),Dic-2025,0.55,2026-04-19
00097,BANCO PROVINCIA DEL NEUQUÉN SOCIEDA,publico,situacion_deudores,TOTAL GARANTIZADO - Garantías Preferidas A y B (%),Dic-2025,15.47,2026-04-19
00097,BANCO PROVINCIA DEL NEUQUÉN SOCIEDA,publico,situacion_deudores,Previsiones por riesgo de incobrabilidad constituídas,Dic-2025,33790.03,2026-04-19
00097,BANCO PROVINCIA DEL NEUQUÉN SOCIEDA,publico,situacion_deudores,CARTERA COMERCIAL ($),Dic-2025,76485.74,2026-04-19
00097,BANCO PROVINCIA DEL NEUQUÉN SOCIEDA,publico,situacion_deudores,Total cartera sobre financiaciones (%),Dic-2025,11.3,2026-04-19
00097,BANCO PROVINCIA DEL NEUQUÉN SOCIEDA,publico,situacion_deudores,C.COM.Sit.1: En situación normal (%),Dic-2025,100.0,2026-04-19
00097,BANCO PROVINCIA DEL NEUQUÉN SOCIEDA,publico,situacion_deudores,C.COM.TOTAL GARANTIZADO - Garantías Preferidas A y B (%),Dic-2025,24.04,2026-04-19
00097,BANCO PROVINCIA DEL NEUQUÉN SOCIEDA,publico,situacion_deudores,CARTERA DE CONSUMO O VIVIENDA ($),Dic-2025,457786.71,2026-04-19
00097,BANCO PROVINCIA DEL NEUQUÉN SOCIEDA,publico,situacion_deudores,Total cartera sobre financiaciones (%),Dic-2025,67.63,2026-04-19
00097,BANCO PROVINCIA DEL NEUQUÉN SOCIEDA,publico,situacion_deudores,C.CON.Sit.1: En situación normal (%),Dic-2025,89.09,2026-04-19
00097,BANCO PROVINCIA DEL NEUQUÉN SOCIEDA,publico,situacion_deudores,C.CON.Sit.2: Riesgo bajo (%),Dic-2025,4.05,2026-04-19
00097,BANCO PROVINCIA DEL NEUQUÉN SOCIEDA,publico,situacion_deudores,C.CON.Sit.3: Riesgo medio (%),Dic-2025,3.09,2026-04-19
00097,BANCO PROVINCIA DEL NEUQUÉN SOCIEDA,publico,situacion_deudores,C.CON.Sit.4: Riesgo alto (%),Dic-2025,3.02,2026-04-19
00097,BANCO PROVINCIA DEL NEUQUÉN SOCIEDA,publico,situacion_deudores,C.CON.Sit.5: Irrecuperable (%),Dic-2025,0.76,2026-04-19
00097,BANCO PROVINCIA DEL NEUQUÉN SOCIEDA,publico,situacion_deudores,C.CON.TOTAL GARANTIZADO - Garantías Preferidas A y B (%),Dic-2025,6.19,2026-04-19
00097,BANCO PROVINCIA DEL NEUQUÉN SOCIEDA,publico,situacion_deudores,CARTERA COMERCIAL ASIMILABLE A CONSUMO ($),Dic-2025,142582.63,2026-04-19
00097,BANCO PROVINCIA DEL NEUQUÉN SOCIEDA,publico,situacion_deudores,Total cartera sobre financiaciones (%),Dic-2025,21.07,2026-04-19
00097,BANCO PROVINCIA DEL NEUQUÉN SOCIEDA,publico,situacion_deudores,C.CAC.Sit.1: En situación normal (%),Dic-2025,94.54,2026-04-19
00097,BANCO PROVINCIA DEL NEUQUÉN SOCIEDA,publico,situacion_deudores,C.CAC.Sit.2: Riesgo bajo (%),Dic-2025,3.55,2026-04-19
00097,BANCO PROVINCIA DEL NEUQUÉN SOCIEDA,publico,situacion_deudores,C.CAC.Sit.3: Riesgo medio (%),Dic-2025,1.23,2026-04-19
00097,BANCO PROVINCIA DEL NEUQUÉN SOCIEDA,publico,situacion_deudores,C.CAC.Sit.4: Riesgo alto (%),Dic-2025,0.51,2026-04-19
00097,BANCO PROVINCIA DEL NEUQUÉN SOCIEDA,publico,situacion_deudores,C.CAC.Sit.5: Irrecuperable (%),Dic-2025,0.18,2026-04-19
00097,BANCO PROVINCIA DEL NEUQUÉN SOCIEDA,publico,situacion_deudores,C.CAC.TOTAL GARANTIZADO - Garantías Preferidas A y B (%),Dic-2025,40.65,2026-04-19
00097,BANCO PROVINCIA DEL NEUQUÉN SOCIEDA,publico,situacion_deudores,TOTAL DE FINANCIACIONES Y GARANTIAS OTORGADAS ($),Ene-2026,768603.45,2026-04-19
00097,BANCO PROVINCIA DEL NEUQUÉN SOCIEDA,publico,situacion_deudores,TF.Sit.1: En situación normal (%),Ene-2026,91.08,2026-04-19
00097,BANCO PROVINCIA DEL NEUQUÉN SOCIEDA,publico,situacion_deudores,TF.Sit.2: Con seguimiento especial/Riesgo bajo (%),Ene-2026,3.76,2026-04-19
00097,BANCO PROVINCIA DEL NEUQUÉN SOCIEDA,publico,situacion_deudores,TF.Sit.3: Con problemas/Riesgo medio (%),Ene-2026,2.52,2026-04-19
00097,BANCO PROVINCIA DEL NEUQUÉN SOCIEDA,publico,situacion_deudores,TF.Sit.4: Con alto riesgo de insolvencia/Riesgo alto (%),Ene-2026,2.02,2026-04-19
00097,BANCO PROVINCIA DEL NEUQUÉN SOCIEDA,publico,situacion_deudores,TF.Sit.5: Irrecuperable (%),Ene-2026,0.63,2026-04-19
00097,BANCO PROVINCIA DEL NEUQUÉN SOCIEDA,publico,situacion_deudores,TOTAL GARANTIZADO - Garantías Preferidas A y B (%),Ene-2026,13.57,2026-04-19
00097,BANCO PROVINCIA DEL NEUQUÉN SOCIEDA,publico,situacion_deudores,Previsiones por riesgo de incobrabilidad constituídas,Ene-2026,40464.88,2026-04-19
00097,BANCO PROVINCIA DEL NEUQUÉN SOCIEDA,publico,situacion_deudores,CARTERA COMERCIAL ($),Ene-2026,144844.24,2026-04-19
00097,BANCO PROVINCIA DEL NEUQUÉN SOCIEDA,publico,situacion_deudores,Total cartera sobre financiaciones (%),Ene-2026,18.85,2026-04-19
00097,BANCO PROVINCIA DEL NEUQUÉN SOCIEDA,publico,situacion_deudores,C.COM.Sit.1: En situación normal (%),Ene-2026,100.0,2026-04-19
00097,BANCO PROVINCIA DEL NEUQUÉN SOCIEDA,publico,situacion_deudores,C.COM.TOTAL GARANTIZADO - Garantías Preferidas A y B (%),Ene-2026,12.74,2026-04-19
00097,BANCO PROVINCIA DEL NEUQUÉN SOCIEDA,publico,situacion_deudores,CARTERA DE CONSUMO O VIVIENDA ($),Ene-2026,480887.26,2026-04-19
00097,BANCO PROVINCIA DEL NEUQUÉN SOCIEDA,publico,situacion_deudores,Total cartera sobre financiaciones (%),Ene-2026,62.57,2026-04-19
00097,BANCO PROVINCIA DEL NEUQUÉN SOCIEDA,publico,situacion_deudores,C.CON.Sit.1: En situación normal (%),Ene-2026,87.69,2026-04-19
00097,BANCO PROVINCIA DEL NEUQUÉN SOCIEDA,publico,situacion_deudores,C.CON.Sit.2: Riesgo bajo (%),Ene-2026,4.91,2026-04-19
00097,BANCO PROVINCIA DEL NEUQUÉN SOCIEDA,publico,situacion_deudores,C.CON.Sit.3: Riesgo medio (%),Ene-2026,3.4,2026-04-19
00097,BANCO PROVINCIA DEL NEUQUÉN SOCIEDA,publico,situacion_deudores,C.CON.Sit.4: Riesgo alto (%),Ene-2026,3.06,2026-04-19
00097,BANCO PROVINCIA DEL NEUQUÉN SOCIEDA,publico,situacion_deudores,C.CON.Sit.5: Irrecuperable (%),Ene-2026,0.95,2026-04-19
00097,BANCO PROVINCIA DEL NEUQUÉN SOCIEDA,publico,situacion_deudores,C.CON.TOTAL GARANTIZADO - Garantías Preferidas A y B (%),Ene-2026,6.03,2026-04-19
00097,BANCO PROVINCIA DEL NEUQUÉN SOCIEDA,publico,situacion_deudores,CARTERA COMERCIAL ASIMILABLE A CONSUMO ($),Ene-2026,142871.96,2026-04-19
00097,BANCO PROVINCIA DEL NEUQUÉN SOCIEDA,publico,situacion_deudores,Total cartera sobre financiaciones (%),Ene-2026,18.59,2026-04-19
00097,BANCO PROVINCIA DEL NEUQUÉN SOCIEDA,publico,situacion_deudores,C.CAC.Sit.1: En situación normal (%),Ene-2026,93.44,2026-04-19
00097,BANCO PROVINCIA DEL NEUQUÉN SOCIEDA,publico,situacion_deudores,C.CAC.Sit.2: Riesgo bajo (%),Ene-2026,3.71,2026-04-19
00097,BANCO PROVINCIA DEL NEUQUÉN SOCIEDA,publico,situacion_deudores,C.CAC.Sit.3: Riesgo medio (%),Ene-2026,2.11,2026-04-19
00097,BANCO PROVINCIA DEL NEUQUÉN SOCIEDA,publico,situacion_deudores,C.CAC.Sit.4: Riesgo alto (%),Ene-2026,0.56,2026-04-19
00097,BANCO PROVINCIA DEL NEUQUÉN SOCIEDA,publico,situacion_deudores,C.CAC.Sit.5: Irrecuperable (%),Ene-2026,0.18,2026-04-19
00097,BANCO PROVINCIA DEL NEUQUÉN SOCIEDA,publico,situacion_deudores,C.CAC.TOTAL GARANTIZADO - Garantías Preferidas A y B (%),Ene-2026,39.77,2026-04-19
00309,BANCO RIOJA SOCIEDAD ANONIMA UNIPER,publico,situacion_deudores,TOTAL DE FINANCIACIONES Y GARANTIAS OTORGADAS ($),Dic-2023,33072.31,2026-04-19
00309,BANCO RIOJA SOCIEDAD ANONIMA UNIPER,publico,situacion_deudores,TF.Sit.1: En situación normal (%),Dic-2023,85.55,2026-04-19
00309,BANCO RIOJA SOCIEDAD ANONIMA UNIPER,publico,situacion_deudores,TF.Sit.2: Con seguimiento especial/Riesgo bajo (%),Dic-2023,1.59,2026-04-19
00309,BANCO RIOJA SOCIEDAD ANONIMA UNIPER,publico,situacion_deudores,TF.Sit.3: Con problemas/Riesgo medio (%),Dic-2023,1.44,2026-04-19
00309,BANCO RIOJA SOCIEDAD ANONIMA UNIPER,publico,situacion_deudores,TF.Sit.4: Con alto riesgo de insolvencia/Riesgo alto (%),Dic-2023,5.93,2026-04-19
00309,BANCO RIOJA SOCIEDAD ANONIMA UNIPER,publico,situacion_deudores,TF.Sit.5: Irrecuperable (%),Dic-2023,5.49,2026-04-19
00309,BANCO RIOJA SOCIEDAD ANONIMA UNIPER,publico,situacion_deudores,TOTAL GARANTIZADO - Garantías Preferidas A y B (%),Dic-2023,17.84,2026-04-19
00309,BANCO RIOJA SOCIEDAD ANONIMA UNIPER,publico,situacion_deudores,Previsiones por riesgo de incobrabilidad constituídas,Dic-2023,3161.58,2026-04-19
00309,BANCO RIOJA SOCIEDAD ANONIMA UNIPER,publico,situacion_deudores,CARTERA COMERCIAL ($),Dic-2023,14857.21,2026-04-19
00309,BANCO RIOJA SOCIEDAD ANONIMA UNIPER,publico,situacion_deudores,Total cartera sobre financiaciones (%),Dic-2023,44.92,2026-04-19
00309,BANCO RIOJA SOCIEDAD ANONIMA UNIPER,publico,situacion_deudores,C.COM.Sit.1: En situación normal (%),Dic-2023,78.25,2026-04-19
00309,BANCO RIOJA SOCIEDAD ANONIMA UNIPER,publico,situacion_deudores,C.COM.Sit.2: Con seguimiento especial (%),Dic-2023,0.0,2026-04-19
00309,BANCO RIOJA SOCIEDAD ANONIMA UNIPER,publico,situacion_deudores,C.COM.Sit.3: Con problemas (%),Dic-2023,1.03,2026-04-19
00309,BANCO RIOJA SOCIEDAD ANONIMA UNIPER,publico,situacion_deudores,C.COM.Sit.4: Con alto riesgo de insolvencia (%),Dic-2023,9.38,2026-04-19
00309,BANCO RIOJA SOCIEDAD ANONIMA UNIPER,publico,situacion_deudores,C.COM.Sit.5: Irrecuperable (%),Dic-2023,11.35,2026-04-19
00309,BANCO RIOJA SOCIEDAD ANONIMA UNIPER,publico,situacion_deudores,C.COM.TOTAL GARANTIZADO - Garantías Preferidas A y B (%),Dic-2023,26.3,2026-04-19
00309,BANCO RIOJA SOCIEDAD ANONIMA UNIPER,publico,situacion_deudores,CARTERA DE CONSUMO O VIVIENDA ($),Dic-2023,12398.12,2026-04-19
00309,BANCO RIOJA SOCIEDAD ANONIMA UNIPER,publico,situacion_deudores,Total cartera sobre financiaciones (%),Dic-2023,37.49,2026-04-19
00309,BANCO RIOJA SOCIEDAD ANONIMA UNIPER,publico,situacion_deudores,C.CON.Sit.1: En situación normal (%),Dic-2023,94.34,2026-04-19
00309,BANCO RIOJA SOCIEDAD ANONIMA UNIPER,publico,situacion_deudores,C.CON.Sit.2: Riesgo bajo (%),Dic-2023,1.6,2026-04-19
00309,BANCO RIOJA SOCIEDAD ANONIMA UNIPER,publico,situacion_deudores,C.CON.Sit.3: Riesgo medio (%),Dic-2023,1.45,2026-04-19
00309,BANCO RIOJA SOCIEDAD ANONIMA UNIPER,publico,situacion_deudores,C.CON.Sit.4: Riesgo alto (%),Dic-2023,1.81,2026-04-19
00309,BANCO RIOJA SOCIEDAD ANONIMA UNIPER,publico,situacion_deudores,C.CON.Sit.5: Irrecuperable (%),Dic-2023,0.8,2026-04-19
00309,BANCO RIOJA SOCIEDAD ANONIMA UNIPER,publico,situacion_deudores,C.CON.TOTAL GARANTIZADO - Garantías Preferidas A y B (%),Dic-2023,0.16,2026-04-19
00309,BANCO RIOJA SOCIEDAD ANONIMA UNIPER,publico,situacion_deudores,CARTERA COMERCIAL ASIMILABLE A CONSUMO ($),Dic-2023,5816.98,2026-04-19
00309,BANCO RIOJA SOCIEDAD ANONIMA UNIPER,publico,situacion_deudores,Total cartera sobre financiaciones (%),Dic-2023,17.59,2026-04-19
00309,BANCO RIOJA SOCIEDAD ANONIMA UNIPER,publico,situacion_deudores,C.CAC.Sit.1: En situación normal (%),Dic-2023,85.46,2026-04-19
00309,BANCO RIOJA SOCIEDAD ANONIMA UNIPER,publico,situacion_deudores,C.CAC.Sit.2: Riesgo bajo (%),Dic-2023,5.65,2026-04-19
00309,BANCO RIOJA SOCIEDAD ANONIMA UNIPER,publico,situacion_deudores,C.CAC.Sit.3: Riesgo medio (%),Dic-2023,2.45,2026-04-19
00309,BANCO RIOJA SOCIEDAD ANONIMA UNIPER,publico,situacion_deudores,C.CAC.Sit.4: Riesgo alto (%),Dic-2023,5.9,2026-04-19
00309,BANCO RIOJA SOCIEDAD ANONIMA UNIPER,publico,situacion_deudores,C.CAC.Sit.5: Irrecuperable (%),Dic-2023,0.54,2026-04-19
00309,BANCO RIOJA SOCIEDAD ANONIMA UNIPER,publico,situacion_deudores,C.CAC.TOTAL GARANTIZADO - Garantías Preferidas A y B (%),Dic-2023,33.91,2026-04-19
00309,BANCO RIOJA SOCIEDAD ANONIMA UNIPER,publico,situacion_deudores,TOTAL DE FINANCIACIONES Y GARANTIAS OTORGADAS ($),Dic-2024,100918.88,2026-04-19
00309,BANCO RIOJA SOCIEDAD ANONIMA UNIPER,publico,situacion_deudores,TF.Sit.1: En situación normal (%),Dic-2024,90.44,2026-04-19
00309,BANCO RIOJA SOCIEDAD ANONIMA UNIPER,publico,situacion_deudores,TF.Sit.2: Con seguimiento especial/Riesgo bajo (%),Dic-2024,1.94,2026-04-19
00309,BANCO RIOJA SOCIEDAD ANONIMA UNIPER,publico,situacion_deudores,TF.Sit.3: Con problemas/Riesgo medio (%),Dic-2024,1.12,2026-04-19
00309,BANCO RIOJA SOCIEDAD ANONIMA UNIPER,publico,situacion_deudores,TF.Sit.4: Con alto riesgo de insolvencia/Riesgo alto (%),Dic-2024,1.06,2026-04-19
00309,BANCO RIOJA SOCIEDAD ANONIMA UNIPER,publico,situacion_deudores,TF.Sit.5: Irrecuperable (%),Dic-2024,5.44,2026-04-19
00309,BANCO RIOJA SOCIEDAD ANONIMA UNIPER,publico,situacion_deudores,TOTAL GARANTIZADO - Garantías Preferidas A y B (%),Dic-2024,17.8,2026-04-19
00309,BANCO RIOJA SOCIEDAD ANONIMA UNIPER,publico,situacion_deudores,Previsiones por riesgo de incobrabilidad constituídas,Dic-2024,7077.06,2026-04-19
00309,BANCO RIOJA SOCIEDAD ANONIMA UNIPER,publico,situacion_deudores,CARTERA COMERCIAL ($),Dic-2024,37005.66,2026-04-19
00309,BANCO RIOJA SOCIEDAD ANONIMA UNIPER,publico,situacion_deudores,Total cartera sobre financiaciones (%),Dic-2024,36.67,2026-04-19
00309,BANCO RIOJA SOCIEDAD ANONIMA UNIPER,publico,situacion_deudores,C.COM.Sit.1: En situación normal (%),Dic-2024,85.91,2026-04-19
00309,BANCO RIOJA SOCIEDAD ANONIMA UNIPER,publico,situacion_deudores,C.COM.Sit.2: Con seguimiento especial (%),Dic-2024,0.06,2026-04-19
00309,BANCO RIOJA SOCIEDAD ANONIMA UNIPER,publico,situacion_deudores,C.COM.Sit.3: Con problemas (%),Dic-2024,0.19,2026-04-19
00309,BANCO RIOJA SOCIEDAD ANONIMA UNIPER,publico,situacion_deudores,C.COM.Sit.4: Con alto riesgo de insolvencia (%),Dic-2024,0.0,2026-04-19
00309,BANCO RIOJA SOCIEDAD ANONIMA UNIPER,publico,situacion_deudores,C.COM.Sit.5: Irrecuperable (%),Dic-2024,13.84,2026-04-19
00309,BANCO RIOJA SOCIEDAD ANONIMA UNIPER,publico,situacion_deudores,C.COM.TOTAL GARANTIZADO - Garantías Preferidas A y B (%),Dic-2024,42.07,2026-04-19
00309,BANCO RIOJA SOCIEDAD ANONIMA UNIPER,publico,situacion_deudores,CARTERA DE CONSUMO O VIVIENDA ($),Dic-2024,57894.23,2026-04-19
00309,BANCO RIOJA SOCIEDAD ANONIMA UNIPER,publico,situacion_deudores,Total cartera sobre financiaciones (%),Dic-2024,57.37,2026-04-19
00309,BANCO RIOJA SOCIEDAD ANONIMA UNIPER,publico,situacion_deudores,C.CON.Sit.1: En situación normal (%),Dic-2024,94.28,2026-04-19
00309,BANCO RIOJA SOCIEDAD ANONIMA UNIPER,publico,situacion_deudores,C.CON.Sit.2: Riesgo bajo (%),Dic-2024,3.17,2026-04-19
00309,BANCO RIOJA SOCIEDAD ANONIMA UNIPER,publico,situacion_deudores,C.CON.Sit.3: Riesgo medio (%),Dic-2024,1.52,2026-04-19
00309,BANCO RIOJA SOCIEDAD ANONIMA UNIPER,publico,situacion_deudores,C.CON.Sit.4: Riesgo alto (%),Dic-2024,0.82,2026-04-19
00309,BANCO RIOJA SOCIEDAD ANONIMA UNIPER,publico,situacion_deudores,C.CON.Sit.5: Irrecuperable (%),Dic-2024,0.2,2026-04-19
00309,BANCO RIOJA SOCIEDAD ANONIMA UNIPER,publico,situacion_deudores,C.CON.TOTAL GARANTIZADO - Garantías Preferidas A y B (%),Dic-2024,0.04,2026-04-19
00309,BANCO RIOJA SOCIEDAD ANONIMA UNIPER,publico,situacion_deudores,CARTERA COMERCIAL ASIMILABLE A CONSUMO ($),Dic-2024,6018.99,2026-04-19
00309,BANCO RIOJA SOCIEDAD ANONIMA UNIPER,publico,situacion_deudores,Total cartera sobre financiaciones (%),Dic-2024,5.96,2026-04-19
00309,BANCO RIOJA SOCIEDAD ANONIMA UNIPER,publico,situacion_deudores,C.CAC.Sit.1: En situación normal (%),Dic-2024,81.27,2026-04-19
00309,BANCO RIOJA SOCIEDAD ANONIMA UNIPER,publico,situacion_deudores,C.CAC.Sit.2: Riesgo bajo (%),Dic-2024,1.64,2026-04-19
00309,BANCO RIOJA SOCIEDAD ANONIMA UNIPER,publico,situacion_deudores,C.CAC.Sit.3: Riesgo medio (%),Dic-2024,2.99,2026-04-19
00309,BANCO RIOJA SOCIEDAD ANONIMA UNIPER,publico,situacion_deudores,C.CAC.Sit.4: Riesgo alto (%),Dic-2024,9.93,2026-04-19
00309,BANCO RIOJA SOCIEDAD ANONIMA UNIPER,publico,situacion_deudores,C.CAC.Sit.5: Irrecuperable (%),Dic-2024,4.18,2026-04-19
00309,BANCO RIOJA SOCIEDAD ANONIMA UNIPER,publico,situacion_deudores,C.CAC.TOTAL GARANTIZADO - Garantías Preferidas A y B (%),Dic-2024,39.41,2026-04-19
00309,BANCO RIOJA SOCIEDAD ANONIMA UNIPER,publico,situacion_deudores,TOTAL DE FINANCIACIONES Y GARANTIAS OTORGADAS ($),Nov-2025,140809.56,2026-04-19
00309,BANCO RIOJA SOCIEDAD ANONIMA UNIPER,publico,situacion_deudores,TF.Sit.1: En situación normal (%),Nov-2025,66.5,2026-04-19
00309,BANCO RIOJA SOCIEDAD ANONIMA UNIPER,publico,situacion_deudores,TF.Sit.2: Con seguimiento especial/Riesgo bajo (%),Nov-2025,15.48,2026-04-19
00309,BANCO RIOJA SOCIEDAD ANONIMA UNIPER,publico,situacion_deudores,TF.Sit.3: Con problemas/Riesgo medio (%),Nov-2025,4.23,2026-04-19
00309,BANCO RIOJA SOCIEDAD ANONIMA UNIPER,publico,situacion_deudores,TF.Sit.4: Con alto riesgo de insolvencia/Riesgo alto (%),Nov-2025,9.84,2026-04-19
00309,BANCO RIOJA SOCIEDAD ANONIMA UNIPER,publico,situacion_deudores,TF.Sit.5: Irrecuperable (%),Nov-2025,3.95,2026-04-19
00309,BANCO RIOJA SOCIEDAD ANONIMA UNIPER,publico,situacion_deudores,TOTAL GARANTIZADO - Garantías Preferidas A y B (%),Nov-2025,8.45,2026-04-19
00309,BANCO RIOJA SOCIEDAD ANONIMA UNIPER,publico,situacion_deudores,Previsiones por riesgo de incobrabilidad constituídas,Nov-2025,12152.7,2026-04-19
00309,BANCO RIOJA SOCIEDAD ANONIMA UNIPER,publico,situacion_deudores,CARTERA COMERCIAL ($),Nov-2025,34213.38,2026-04-19
00309,BANCO RIOJA SOCIEDAD ANONIMA UNIPER,publico,situacion_deudores,Total cartera sobre financiaciones (%),Nov-2025,24.3,2026-04-19
00309,BANCO RIOJA SOCIEDAD ANONIMA UNIPER,publico,situacion_deudores,C.COM.Sit.1: En situación normal (%),Nov-2025,26.13,2026-04-19
00309,BANCO RIOJA SOCIEDAD ANONIMA UNIPER,publico,situacion_deudores,C.COM.Sit.2: Con seguimiento especial (%),Nov-2025,35.06,2026-04-19
00309,BANCO RIOJA SOCIEDAD ANONIMA UNIPER,publico,situacion_deudores,C.COM.Sit.3: Con problemas (%),Nov-2025,0.0,2026-04-19
00309,BANCO RIOJA SOCIEDAD ANONIMA UNIPER,publico,situacion_deudores,C.COM.Sit.4: Con alto riesgo de insolvencia (%),Nov-2025,26.01,2026-04-19
00309,BANCO RIOJA SOCIEDAD ANONIMA UNIPER,publico,situacion_deudores,C.COM.Sit.5: Irrecuperable (%),Nov-2025,12.8,2026-04-19
00309,BANCO RIOJA SOCIEDAD ANONIMA UNIPER,publico,situacion_deudores,C.COM.TOTAL GARANTIZADO - Garantías Preferidas A y B (%),Nov-2025,22.84,2026-04-19
00309,BANCO RIOJA SOCIEDAD ANONIMA UNIPER,publico,situacion_deudores,CARTERA DE CONSUMO O VIVIENDA ($),Nov-2025,93940.71,2026-04-19
00309,BANCO RIOJA SOCIEDAD ANONIMA UNIPER,publico,situacion_deudores,Total cartera sobre financiaciones (%),Nov-2025,66.71,2026-04-19
00309,BANCO RIOJA SOCIEDAD ANONIMA UNIPER,publico,situacion_deudores,C.CON.Sit.1: En situación normal (%),Nov-2025,82.17,2026-04-19
00309,BANCO RIOJA SOCIEDAD ANONIMA UNIPER,publico,situacion_deudores,C.CON.Sit.2: Riesgo bajo (%),Nov-2025,8.45,2026-04-19
00309,BANCO RIOJA SOCIEDAD ANONIMA UNIPER,publico,situacion_deudores,C.CON.Sit.3: Riesgo medio (%),Nov-2025,5.6,2026-04-19
00309,BANCO RIOJA SOCIEDAD ANONIMA UNIPER,publico,situacion_deudores,C.CON.Sit.4: Riesgo alto (%),Nov-2025,3.17,2026-04-19
00309,BANCO RIOJA SOCIEDAD ANONIMA UNIPER,publico,situacion_deudores,C.CON.Sit.5: Irrecuperable (%),Nov-2025,0.61,2026-04-19
00309,BANCO RIOJA SOCIEDAD ANONIMA UNIPER,publico,situacion_deudores,C.CON.TOTAL GARANTIZADO - Garantías Preferidas A y B (%),Nov-2025,0.04,2026-04-19
00309,BANCO RIOJA SOCIEDAD ANONIMA UNIPER,publico,situacion_deudores,CARTERA COMERCIAL ASIMILABLE A CONSUMO ($),Nov-2025,12655.47,2026-04-19
00309,BANCO RIOJA SOCIEDAD ANONIMA UNIPER,publico,situacion_deudores,Total cartera sobre financiaciones (%),Nov-2025,8.99,2026-04-19
00309,BANCO RIOJA SOCIEDAD ANONIMA UNIPER,publico,situacion_deudores,C.CAC.Sit.1: En situación normal (%),Nov-2025,59.29,2026-04-19
00309,BANCO RIOJA SOCIEDAD ANONIMA UNIPER,publico,situacion_deudores,C.CAC.Sit.2: Riesgo bajo (%),Nov-2025,14.69,2026-04-19
00309,BANCO RIOJA SOCIEDAD ANONIMA UNIPER,publico,situacion_deudores,C.CAC.Sit.3: Riesgo medio (%),Nov-2025,5.56,2026-04-19
00309,BANCO RIOJA SOCIEDAD ANONIMA UNIPER,publico,situacion_deudores,C.CAC.Sit.4: Riesgo alto (%),Nov-2025,15.56,2026-04-19
00309,BANCO RIOJA SOCIEDAD ANONIMA UNIPER,publico,situacion_deudores,C.CAC.Sit.5: Irrecuperable (%),Nov-2025,4.9,2026-04-19
00309,BANCO RIOJA SOCIEDAD ANONIMA UNIPER,publico,situacion_deudores,C.CAC.TOTAL GARANTIZADO - Garantías Preferidas A y B (%),Nov-2025,31.92,2026-04-19
00309,BANCO RIOJA SOCIEDAD ANONIMA UNIPER,publico,situacion_deudores,TOTAL DE FINANCIACIONES Y GARANTIAS OTORGADAS ($),Dic-2025,139438.43,2026-04-19
00309,BANCO RIOJA SOCIEDAD ANONIMA UNIPER,publico,situacion_deudores,TF.Sit.1: En situación normal (%),Dic-2025,66.73,2026-04-19
00309,BANCO RIOJA SOCIEDAD ANONIMA UNIPER,publico,situacion_deudores,TF.Sit.2: Con seguimiento especial/Riesgo bajo (%),Dic-2025,14.02,2026-04-19
00309,BANCO RIOJA SOCIEDAD ANONIMA UNIPER,publico,situacion_deudores,TF.Sit.3: Con problemas/Riesgo medio (%),Dic-2025,4.81,2026-04-19
00309,BANCO RIOJA SOCIEDAD ANONIMA UNIPER,publico,situacion_deudores,TF.Sit.4: Con alto riesgo de insolvencia/Riesgo alto (%),Dic-2025,10.38,2026-04-19
00309,BANCO RIOJA SOCIEDAD ANONIMA UNIPER,publico,situacion_deudores,TF.Sit.5: Irrecuperable (%),Dic-2025,4.06,2026-04-19
00309,BANCO RIOJA SOCIEDAD ANONIMA UNIPER,publico,situacion_deudores,TOTAL GARANTIZADO - Garantías Preferidas A y B (%),Dic-2025,8.52,2026-04-19
00309,BANCO RIOJA SOCIEDAD ANONIMA UNIPER,publico,situacion_deudores,Previsiones por riesgo de incobrabilidad constituídas,Dic-2025,12494.27,2026-04-19
00309,BANCO RIOJA SOCIEDAD ANONIMA UNIPER,publico,situacion_deudores,CARTERA COMERCIAL ($),Dic-2025,31391.73,2026-04-19
00309,BANCO RIOJA SOCIEDAD ANONIMA UNIPER,publico,situacion_deudores,Total cartera sobre financiaciones (%),Dic-2025,22.51,2026-04-19
00309,BANCO RIOJA SOCIEDAD ANONIMA UNIPER,publico,situacion_deudores,C.COM.Sit.1: En situación normal (%),Dic-2025,27.35,2026-04-19
00309,BANCO RIOJA SOCIEDAD ANONIMA UNIPER,publico,situacion_deudores,C.COM.Sit.2: Con seguimiento especial (%),Dic-2025,31.13,2026-04-19
00309,BANCO RIOJA SOCIEDAD ANONIMA UNIPER,publico,situacion_deudores,C.COM.Sit.3: Con problemas (%),Dic-2025,0.0,2026-04-19
00309,BANCO RIOJA SOCIEDAD ANONIMA UNIPER,publico,situacion_deudores,C.COM.Sit.4: Con alto riesgo de insolvencia (%),Dic-2025,27.78,2026-04-19
00309,BANCO RIOJA SOCIEDAD ANONIMA UNIPER,publico,situacion_deudores,C.COM.Sit.5: Irrecuperable (%),Dic-2025,13.73,2026-04-19
00309,BANCO RIOJA SOCIEDAD ANONIMA UNIPER,publico,situacion_deudores,C.COM.TOTAL GARANTIZADO - Garantías Preferidas A y B (%),Dic-2025,26.32,2026-04-19
00309,BANCO RIOJA SOCIEDAD ANONIMA UNIPER,publico,situacion_deudores,CARTERA DE CONSUMO O VIVIENDA ($),Dic-2025,95570.69,2026-04-19
00309,BANCO RIOJA SOCIEDAD ANONIMA UNIPER,publico,situacion_deudores,Total cartera sobre financiaciones (%),Dic-2025,68.54,2026-04-19
00309,BANCO RIOJA SOCIEDAD ANONIMA UNIPER,publico,situacion_deudores,C.CON.Sit.1: En situación normal (%),Dic-2025,81.35,2026-04-19
00309,BANCO RIOJA SOCIEDAD ANONIMA UNIPER,publico,situacion_deudores,C.CON.Sit.2: Riesgo bajo (%),Dic-2025,7.87,2026-04-19
00309,BANCO RIOJA SOCIEDAD ANONIMA UNIPER,publico,situacion_deudores,C.CON.Sit.3: Riesgo medio (%),Dic-2025,6.25,2026-04-19
00309,BANCO RIOJA SOCIEDAD ANONIMA UNIPER,publico,situacion_deudores,C.CON.Sit.4: Riesgo alto (%),Dic-2025,3.79,2026-04-19
00309,BANCO RIOJA SOCIEDAD ANONIMA UNIPER,publico,situacion_deudores,C.CON.Sit.5: Irrecuperable (%),Dic-2025,0.75,2026-04-19
00309,BANCO RIOJA SOCIEDAD ANONIMA UNIPER,publico,situacion_deudores,C.CON.TOTAL GARANTIZADO - Garantías Preferidas A y B (%),Dic-2025,0.04,2026-04-19
00309,BANCO RIOJA SOCIEDAD ANONIMA UNIPER,publico,situacion_deudores,CARTERA COMERCIAL ASIMILABLE A CONSUMO ($),Dic-2025,12476.01,2026-04-19
00309,BANCO RIOJA SOCIEDAD ANONIMA UNIPER,publico,situacion_deudores,Total cartera sobre financiaciones (%),Dic-2025,8.95,2026-04-19
00309,BANCO RIOJA SOCIEDAD ANONIMA UNIPER,publico,situacion_deudores,C.CAC.Sit.1: En situación normal (%),Dic-2025,53.83,2026-04-19
00309,BANCO RIOJA SOCIEDAD ANONIMA UNIPER,publico,situacion_deudores,C.CAC.Sit.2: Riesgo bajo (%),Dic-2025,18.09,2026-04-19
00309,BANCO RIOJA SOCIEDAD ANONIMA UNIPER,publico,situacion_deudores,C.CAC.Sit.3: Riesgo medio (%),Dic-2025,5.9,2026-04-19
00309,BANCO RIOJA SOCIEDAD ANONIMA UNIPER,publico,situacion_deudores,C.CAC.Sit.4: Riesgo alto (%),Dic-2025,17.07,2026-04-19
00309,BANCO RIOJA SOCIEDAD ANONIMA UNIPER,publico,situacion_deudores,C.CAC.Sit.5: Irrecuperable (%),Dic-2025,5.1,2026-04-19
00309,BANCO RIOJA SOCIEDAD ANONIMA UNIPER,publico,situacion_deudores,C.CAC.TOTAL GARANTIZADO - Garantías Preferidas A y B (%),Dic-2025,28.69,2026-04-19
00309,BANCO RIOJA SOCIEDAD ANONIMA UNIPER,publico,situacion_deudores,TOTAL DE FINANCIACIONES Y GARANTIAS OTORGADAS ($),Ene-2026,140144.86,2026-04-19
00309,BANCO RIOJA SOCIEDAD ANONIMA UNIPER,publico,situacion_deudores,TF.Sit.1: En situación normal (%),Ene-2026,67.19,2026-04-19
00309,BANCO RIOJA SOCIEDAD ANONIMA UNIPER,publico,situacion_deudores,TF.Sit.2: Con seguimiento especial/Riesgo bajo (%),Ene-2026,12.28,2026-04-19
00309,BANCO RIOJA SOCIEDAD ANONIMA UNIPER,publico,situacion_deudores,TF.Sit.3: Con problemas/Riesgo medio (%),Ene-2026,5.33,2026-04-19
00309,BANCO RIOJA SOCIEDAD ANONIMA UNIPER,publico,situacion_deudores,TF.Sit.4: Con alto riesgo de insolvencia/Riesgo alto (%),Ene-2026,10.99,2026-04-19
00309,BANCO RIOJA SOCIEDAD ANONIMA UNIPER,publico,situacion_deudores,TF.Sit.5: Irrecuperable (%),Ene-2026,4.2,2026-04-19
00309,BANCO RIOJA SOCIEDAD ANONIMA UNIPER,publico,situacion_deudores,TOTAL GARANTIZADO - Garantías Preferidas A y B (%),Ene-2026,9.17,2026-04-19
00309,BANCO RIOJA SOCIEDAD ANONIMA UNIPER,publico,situacion_deudores,Previsiones por riesgo de incobrabilidad constituídas,Ene-2026,12895.51,2026-04-19
00309,BANCO RIOJA SOCIEDAD ANONIMA UNIPER,publico,situacion_deudores,CARTERA COMERCIAL ($),Ene-2026,30163.83,2026-04-19
00309,BANCO RIOJA SOCIEDAD ANONIMA UNIPER,publico,situacion_deudores,Total cartera sobre financiaciones (%),Ene-2026,21.52,2026-04-19
00309,BANCO RIOJA SOCIEDAD ANONIMA UNIPER,publico,situacion_deudores,C.COM.Sit.1: En situación normal (%),Ene-2026,29.89,2026-04-19
00309,BANCO RIOJA SOCIEDAD ANONIMA UNIPER,publico,situacion_deudores,C.COM.Sit.2: Con seguimiento especial (%),Ene-2026,26.46,2026-04-19
00309,BANCO RIOJA SOCIEDAD ANONIMA UNIPER,publico,situacion_deudores,C.COM.Sit.3: Con problemas (%),Ene-2026,0.0,2026-04-19
00309,BANCO RIOJA SOCIEDAD ANONIMA UNIPER,publico,situacion_deudores,C.COM.Sit.4: Con alto riesgo de insolvencia (%),Ene-2026,29.55,2026-04-19
00309,BANCO RIOJA SOCIEDAD ANONIMA UNIPER,publico,situacion_deudores,C.COM.Sit.5: Irrecuperable (%),Ene-2026,14.1,2026-04-19
00309,BANCO RIOJA SOCIEDAD ANONIMA UNIPER,publico,situacion_deudores,C.COM.TOTAL GARANTIZADO - Garantías Preferidas A y B (%),Ene-2026,27.71,2026-04-19
00309,BANCO RIOJA SOCIEDAD ANONIMA UNIPER,publico,situacion_deudores,CARTERA DE CONSUMO O VIVIENDA ($),Ene-2026,97122.97,2026-04-19
00309,BANCO RIOJA SOCIEDAD ANONIMA UNIPER,publico,situacion_deudores,Total cartera sobre financiaciones (%),Ene-2026,69.3,2026-04-19
00309,BANCO RIOJA SOCIEDAD ANONIMA UNIPER,publico,situacion_deudores,C.CON.Sit.1: En situación normal (%),Ene-2026,80.08,2026-04-19
00309,BANCO RIOJA SOCIEDAD ANONIMA UNIPER,publico,situacion_deudores,C.CON.Sit.2: Riesgo bajo (%),Ene-2026,7.53,2026-04-19
00309,BANCO RIOJA SOCIEDAD ANONIMA UNIPER,publico,situacion_deudores,C.CON.Sit.3: Riesgo medio (%),Ene-2026,7.05,2026-04-19
00309,BANCO RIOJA SOCIEDAD ANONIMA UNIPER,publico,situacion_deudores,C.CON.Sit.4: Riesgo alto (%),Ene-2026,4.37,2026-04-19
00309,BANCO RIOJA SOCIEDAD ANONIMA UNIPER,publico,situacion_deudores,C.CON.Sit.5: Irrecuperable (%),Ene-2026,0.97,2026-04-19
00309,BANCO RIOJA SOCIEDAD ANONIMA UNIPER,publico,situacion_deudores,C.CON.TOTAL GARANTIZADO - Garantías Preferidas A y B (%),Ene-2026,0.0,2026-04-19
00309,BANCO RIOJA SOCIEDAD ANONIMA UNIPER,publico,situacion_deudores,CARTERA COMERCIAL ASIMILABLE A CONSUMO ($),Ene-2026,12858.07,2026-04-19
00309,BANCO RIOJA SOCIEDAD ANONIMA UNIPER,publico,situacion_deudores,Total cartera sobre financiaciones (%),Ene-2026,9.17,2026-04-19
00309,BANCO RIOJA SOCIEDAD ANONIMA UNIPER,publico,situacion_deudores,C.CAC.Sit.1: En situación normal (%),Ene-2026,57.37,2026-04-19
00309,BANCO RIOJA SOCIEDAD ANONIMA UNIPER,publico,situacion_deudores,C.CAC.Sit.2: Riesgo bajo (%),Ene-2026,14.88,2026-04-19
00309,BANCO RIOJA SOCIEDAD ANONIMA UNIPER,publico,situacion_deudores,C.CAC.Sit.3: Riesgo medio (%),Ene-2026,4.91,2026-04-19
00309,BANCO RIOJA SOCIEDAD ANONIMA UNIPER,publico,situacion_deudores,C.CAC.Sit.4: Riesgo alto (%),Ene-2026,17.43,2026-04-19
00309,BANCO RIOJA SOCIEDAD ANONIMA UNIPER,publico,situacion_deudores,C.CAC.Sit.5: Irrecuperable (%),Ene-2026,5.41,2026-04-19
00309,BANCO RIOJA SOCIEDAD ANONIMA UNIPER,publico,situacion_deudores,C.CAC.TOTAL GARANTIZADO - Garantías Preferidas A y B (%),Ene-2026,34.99,2026-04-19
00247,BANCO ROELA S.A.,privado_nacional,situacion_deudores,TOTAL DE FINANCIACIONES Y GARANTIAS OTORGADAS ($),Dic-2023,6390.14,2026-04-19
00247,BANCO ROELA S.A.,privado_nacional,situacion_deudores,TF.Sit.1: En situación normal (%),Dic-2023,99.72,2026-04-19
00247,BANCO ROELA S.A.,privado_nacional,situacion_deudores,TF.Sit.2: Con seguimiento especial/Riesgo bajo (%),Dic-2023,0.0,2026-04-19
00247,BANCO ROELA S.A.,privado_nacional,situacion_deudores,TF.Sit.3: Con problemas/Riesgo medio (%),Dic-2023,0.01,2026-04-19
00247,BANCO ROELA S.A.,privado_nacional,situacion_deudores,TF.Sit.4: Con alto riesgo de insolvencia/Riesgo alto (%),Dic-2023,0.02,2026-04-19
00247,BANCO ROELA S.A.,privado_nacional,situacion_deudores,TF.Sit.5: Irrecuperable (%),Dic-2023,0.24,2026-04-19
00247,BANCO ROELA S.A.,privado_nacional,situacion_deudores,TOTAL GARANTIZADO - Garantías Preferidas A y B (%),Dic-2023,1.52,2026-04-19
00247,BANCO ROELA S.A.,privado_nacional,situacion_deudores,Previsiones por riesgo de incobrabilidad constituídas,Dic-2023,79.92,2026-04-19
00247,BANCO ROELA S.A.,privado_nacional,situacion_deudores,CARTERA COMERCIAL ($),Dic-2023,5231.2,2026-04-19
00247,BANCO ROELA S.A.,privado_nacional,situacion_deudores,Total cartera sobre financiaciones (%),Dic-2023,81.86,2026-04-19
00247,BANCO ROELA S.A.,privado_nacional,situacion_deudores,C.COM.Sit.1: En situación normal (%),Dic-2023,100.0,2026-04-19
00247,BANCO ROELA S.A.,privado_nacional,situacion_deudores,C.COM.TOTAL GARANTIZADO - Garantías Preferidas A y B (%),Dic-2023,0.18,2026-04-19
00247,BANCO ROELA S.A.,privado_nacional,situacion_deudores,CARTERA DE CONSUMO O VIVIENDA ($),Dic-2023,77.64,2026-04-19
00247,BANCO ROELA S.A.,privado_nacional,situacion_deudores,Total cartera sobre financiaciones (%),Dic-2023,1.21,2026-04-19
00247,BANCO ROELA S.A.,privado_nacional,situacion_deudores,C.CON.Sit.1: En situación normal (%),Dic-2023,99.45,2026-04-19
00247,BANCO ROELA S.A.,privado_nacional,situacion_deudores,C.CON.Sit.2: Riesgo bajo (%),Dic-2023,0.0,2026-04-19
00247,BANCO ROELA S.A.,privado_nacional,situacion_deudores,C.CON.Sit.3: Riesgo medio (%),Dic-2023,0.35,2026-04-19
00247,BANCO ROELA S.A.,privado_nacional,situacion_deudores,C.CON.Sit.4: Riesgo alto (%),Dic-2023,0.06,2026-04-19
00247,BANCO ROELA S.A.,privado_nacional,situacion_deudores,C.CON.Sit.5: Irrecuperable (%),Dic-2023,0.13,2026-04-19
00247,BANCO ROELA S.A.,privado_nacional,situacion_deudores,C.CON.TOTAL GARANTIZADO - Garantías Preferidas A y B (%),Dic-2023,13.66,2026-04-19
00247,BANCO ROELA S.A.,privado_nacional,situacion_deudores,CARTERA COMERCIAL ASIMILABLE A CONSUMO ($),Dic-2023,1081.3,2026-04-19
00247,BANCO ROELA S.A.,privado_nacional,situacion_deudores,Total cartera sobre financiaciones (%),Dic-2023,16.92,2026-04-19
00247,BANCO ROELA S.A.,privado_nacional,situacion_deudores,C.CAC.Sit.1: En situación normal (%),Dic-2023,98.41,2026-04-19
00247,BANCO ROELA S.A.,privado_nacional,situacion_deudores,C.CAC.Sit.2: Riesgo bajo (%),Dic-2023,0.01,2026-04-19
00247,BANCO ROELA S.A.,privado_nacional,situacion_deudores,C.CAC.Sit.3: Riesgo medio (%),Dic-2023,0.03,2026-04-19
00247,BANCO ROELA S.A.,privado_nacional,situacion_deudores,C.CAC.Sit.4: Riesgo alto (%),Dic-2023,0.12,2026-04-19
00247,BANCO ROELA S.A.,privado_nacional,situacion_deudores,C.CAC.Sit.5: Irrecuperable (%),Dic-2023,1.44,2026-04-19
00247,BANCO ROELA S.A.,privado_nacional,situacion_deudores,C.CAC.TOTAL GARANTIZADO - Garantías Preferidas A y B (%),Dic-2023,7.15,2026-04-19
00247,BANCO ROELA S.A.,privado_nacional,situacion_deudores,TOTAL DE FINANCIACIONES Y GARANTIAS OTORGADAS ($),Dic-2024,26674.41,2026-04-19
00247,BANCO ROELA S.A.,privado_nacional,situacion_deudores,TF.Sit.1: En situación normal (%),Dic-2024,99.87,2026-04-19
00247,BANCO ROELA S.A.,privado_nacional,situacion_deudores,TF.Sit.2: Con seguimiento especial/Riesgo bajo (%),Dic-2024,0.03,2026-04-19
00247,BANCO ROELA S.A.,privado_nacional,situacion_deudores,TF.Sit.3: Con problemas/Riesgo medio (%),Dic-2024,0.01,2026-04-19
00247,BANCO ROELA S.A.,privado_nacional,situacion_deudores,TF.Sit.4: Con alto riesgo de insolvencia/Riesgo alto (%),Dic-2024,0.02,2026-04-19
00247,BANCO ROELA S.A.,privado_nacional,situacion_deudores,TF.Sit.5: Irrecuperable (%),Dic-2024,0.07,2026-04-19
00247,BANCO ROELA S.A.,privado_nacional,situacion_deudores,TOTAL GARANTIZADO - Garantías Preferidas A y B (%),Dic-2024,1.23,2026-04-19
00247,BANCO ROELA S.A.,privado_nacional,situacion_deudores,Previsiones por riesgo de incobrabilidad constituídas,Dic-2024,288.07,2026-04-19
00247,BANCO ROELA S.A.,privado_nacional,situacion_deudores,CARTERA COMERCIAL ($),Dic-2024,19698.93,2026-04-19
00247,BANCO ROELA S.A.,privado_nacional,situacion_deudores,Total cartera sobre financiaciones (%),Dic-2024,73.85,2026-04-19
00247,BANCO ROELA S.A.,privado_nacional,situacion_deudores,C.COM.Sit.1: En situación normal (%),Dic-2024,100.0,2026-04-19
00247,BANCO ROELA S.A.,privado_nacional,situacion_deudores,C.COM.TOTAL GARANTIZADO - Garantías Preferidas A y B (%),Dic-2024,0.09,2026-04-19
00247,BANCO ROELA S.A.,privado_nacional,situacion_deudores,CARTERA DE CONSUMO O VIVIENDA ($),Dic-2024,170.77,2026-04-19
00247,BANCO ROELA S.A.,privado_nacional,situacion_deudores,Total cartera sobre financiaciones (%),Dic-2024,0.64,2026-04-19
00247,BANCO ROELA S.A.,privado_nacional,situacion_deudores,C.CON.Sit.1: En situación normal (%),Dic-2024,99.24,2026-04-19
00247,BANCO ROELA S.A.,privado_nacional,situacion_deudores,C.CON.Sit.2: Riesgo bajo (%),Dic-2024,0.21,2026-04-19
00247,BANCO ROELA S.A.,privado_nacional,situacion_deudores,C.CON.Sit.3: Riesgo medio (%),Dic-2024,0.04,2026-04-19
00247,BANCO ROELA S.A.,privado_nacional,situacion_deudores,C.CON.Sit.4: Riesgo alto (%),Dic-2024,0.09,2026-04-19
00247,BANCO ROELA S.A.,privado_nacional,situacion_deudores,C.CON.Sit.5: Irrecuperable (%),Dic-2024,0.42,2026-04-19
00247,BANCO ROELA S.A.,privado_nacional,situacion_deudores,C.CON.TOTAL GARANTIZADO - Garantías Preferidas A y B (%),Dic-2024,12.92,2026-04-19
00247,BANCO ROELA S.A.,privado_nacional,situacion_deudores,CARTERA COMERCIAL ASIMILABLE A CONSUMO ($),Dic-2024,6804.72,2026-04-19
00247,BANCO ROELA S.A.,privado_nacional,situacion_deudores,Total cartera sobre financiaciones (%),Dic-2024,25.51,2026-04-19
00247,BANCO ROELA S.A.,privado_nacional,situacion_deudores,C.CAC.Sit.1: En situación normal (%),Dic-2024,99.51,2026-04-19
00247,BANCO ROELA S.A.,privado_nacional,situacion_deudores,C.CAC.Sit.2: Riesgo bajo (%),Dic-2024,0.11,2026-04-19
00247,BANCO ROELA S.A.,privado_nacional,situacion_deudores,C.CAC.Sit.3: Riesgo medio (%),Dic-2024,0.05,2026-04-19
00247,BANCO ROELA S.A.,privado_nacional,situacion_deudores,C.CAC.Sit.4: Riesgo alto (%),Dic-2024,0.08,2026-04-19
00247,BANCO ROELA S.A.,privado_nacional,situacion_deudores,C.CAC.Sit.5: Irrecuperable (%),Dic-2024,0.25,2026-04-19
00247,BANCO ROELA S.A.,privado_nacional,situacion_deudores,C.CAC.TOTAL GARANTIZADO - Garantías Preferidas A y B (%),Dic-2024,4.26,2026-04-19
00247,BANCO ROELA S.A.,privado_nacional,situacion_deudores,TOTAL DE FINANCIACIONES Y GARANTIAS OTORGADAS ($),Nov-2025,54224.3,2026-04-19
00247,BANCO ROELA S.A.,privado_nacional,situacion_deudores,TF.Sit.1: En situación normal (%),Nov-2025,97.29,2026-04-19
00247,BANCO ROELA S.A.,privado_nacional,situacion_deudores,TF.Sit.2: Con seguimiento especial/Riesgo bajo (%),Nov-2025,2.24,2026-04-19
00247,BANCO ROELA S.A.,privado_nacional,situacion_deudores,TF.Sit.3: Con problemas/Riesgo medio (%),Nov-2025,0.44,2026-04-19
00247,BANCO ROELA S.A.,privado_nacional,situacion_deudores,TF.Sit.4: Con alto riesgo de insolvencia/Riesgo alto (%),Nov-2025,0.02,2026-04-19
00247,BANCO ROELA S.A.,privado_nacional,situacion_deudores,TF.Sit.5: Irrecuperable (%),Nov-2025,0.0,2026-04-19
00247,BANCO ROELA S.A.,privado_nacional,situacion_deudores,TOTAL GARANTIZADO - Garantías Preferidas A y B (%),Nov-2025,6.32,2026-04-19
00247,BANCO ROELA S.A.,privado_nacional,situacion_deudores,Previsiones por riesgo de incobrabilidad constituídas,Nov-2025,392.99,2026-04-19
00247,BANCO ROELA S.A.,privado_nacional,situacion_deudores,CARTERA COMERCIAL ($),Nov-2025,43310.93,2026-04-19
00247,BANCO ROELA S.A.,privado_nacional,situacion_deudores,Total cartera sobre financiaciones (%),Nov-2025,79.87,2026-04-19
00247,BANCO ROELA S.A.,privado_nacional,situacion_deudores,C.COM.Sit.1: En situación normal (%),Nov-2025,100.0,2026-04-19
00247,BANCO ROELA S.A.,privado_nacional,situacion_deudores,C.COM.TOTAL GARANTIZADO - Garantías Preferidas A y B (%),Nov-2025,0.99,2026-04-19
00247,BANCO ROELA S.A.,privado_nacional,situacion_deudores,CARTERA DE CONSUMO O VIVIENDA ($),Nov-2025,201.2,2026-04-19
00247,BANCO ROELA S.A.,privado_nacional,situacion_deudores,Total cartera sobre financiaciones (%),Nov-2025,0.37,2026-04-19
00247,BANCO ROELA S.A.,privado_nacional,situacion_deudores,C.CON.Sit.1: En situación normal (%),Nov-2025,98.95,2026-04-19
00247,BANCO ROELA S.A.,privado_nacional,situacion_deudores,C.CON.Sit.2: Riesgo bajo (%),Nov-2025,0.14,2026-04-19
00247,BANCO ROELA S.A.,privado_nacional,situacion_deudores,C.CON.Sit.3: Riesgo medio (%),Nov-2025,0.0,2026-04-19
00247,BANCO ROELA S.A.,privado_nacional,situacion_deudores,C.CON.Sit.4: Riesgo alto (%),Nov-2025,0.87,2026-04-19
00247,BANCO ROELA S.A.,privado_nacional,situacion_deudores,C.CON.Sit.5: Irrecuperable (%),Nov-2025,0.04,2026-04-19
00247,BANCO ROELA S.A.,privado_nacional,situacion_deudores,C.CON.TOTAL GARANTIZADO - Garantías Preferidas A y B (%),Nov-2025,11.8,2026-04-19
00247,BANCO ROELA S.A.,privado_nacional,situacion_deudores,CARTERA COMERCIAL ASIMILABLE A CONSUMO ($),Nov-2025,10712.17,2026-04-19
00247,BANCO ROELA S.A.,privado_nacional,situacion_deudores,Total cartera sobre financiaciones (%),Nov-2025,19.76,2026-04-19
00247,BANCO ROELA S.A.,privado_nacional,situacion_deudores,C.CAC.Sit.1: En situación normal (%),Nov-2025,86.31,2026-04-19
00247,BANCO ROELA S.A.,privado_nacional,situacion_deudores,C.CAC.Sit.2: Riesgo bajo (%),Nov-2025,11.36,2026-04-19
00247,BANCO ROELA S.A.,privado_nacional,situacion_deudores,C.CAC.Sit.3: Riesgo medio (%),Nov-2025,2.22,2026-04-19
00247,BANCO ROELA S.A.,privado_nacional,situacion_deudores,C.CAC.Sit.4: Riesgo alto (%),Nov-2025,0.11,2026-04-19
00247,BANCO ROELA S.A.,privado_nacional,situacion_deudores,C.CAC.Sit.5: Irrecuperable (%),Nov-2025,0.0,2026-04-19
00247,BANCO ROELA S.A.,privado_nacional,situacion_deudores,C.CAC.TOTAL GARANTIZADO - Garantías Preferidas A y B (%),Nov-2025,27.78,2026-04-19
00247,BANCO ROELA S.A.,privado_nacional,situacion_deudores,TOTAL DE FINANCIACIONES Y GARANTIAS OTORGADAS ($),Dic-2025,53797.07,2026-04-19
00247,BANCO ROELA S.A.,privado_nacional,situacion_deudores,TF.Sit.1: En situación normal (%),Dic-2025,97.86,2026-04-19
00247,BANCO ROELA S.A.,privado_nacional,situacion_deudores,TF.Sit.2: Con seguimiento especial/Riesgo bajo (%),Dic-2025,1.31,2026-04-19
00247,BANCO ROELA S.A.,privado_nacional,situacion_deudores,TF.Sit.3: Con problemas/Riesgo medio (%),Dic-2025,0.79,2026-04-19
00247,BANCO ROELA S.A.,privado_nacional,situacion_deudores,TF.Sit.4: Con alto riesgo de insolvencia/Riesgo alto (%),Dic-2025,0.04,2026-04-19
00247,BANCO ROELA S.A.,privado_nacional,situacion_deudores,TF.Sit.5: Irrecuperable (%),Dic-2025,0.0,2026-04-19
00247,BANCO ROELA S.A.,privado_nacional,situacion_deudores,TOTAL GARANTIZADO - Garantías Preferidas A y B (%),Dic-2025,8.64,2026-04-19
00247,BANCO ROELA S.A.,privado_nacional,situacion_deudores,Previsiones por riesgo de incobrabilidad constituídas,Dic-2025,462.55,2026-04-19
00247,BANCO ROELA S.A.,privado_nacional,situacion_deudores,CARTERA COMERCIAL ($),Dic-2025,40261.75,2026-04-19
00247,BANCO ROELA S.A.,privado_nacional,situacion_deudores,Total cartera sobre financiaciones (%),Dic-2025,74.84,2026-04-19
00247,BANCO ROELA S.A.,privado_nacional,situacion_deudores,C.COM.Sit.1: En situación normal (%),Dic-2025,100.0,2026-04-19
00247,BANCO ROELA S.A.,privado_nacional,situacion_deudores,C.COM.TOTAL GARANTIZADO - Garantías Preferidas A y B (%),Dic-2025,1.06,2026-04-19
00247,BANCO ROELA S.A.,privado_nacional,situacion_deudores,CARTERA DE CONSUMO O VIVIENDA ($),Dic-2025,216.04,2026-04-19
00247,BANCO ROELA S.A.,privado_nacional,situacion_deudores,Total cartera sobre financiaciones (%),Dic-2025,0.4,2026-04-19
00247,BANCO ROELA S.A.,privado_nacional,situacion_deudores,C.CON.Sit.1: En situación normal (%),Dic-2025,92.29,2026-04-19
00247,BANCO ROELA S.A.,privado_nacional,situacion_deudores,C.CON.Sit.2: Riesgo bajo (%),Dic-2025,3.5,2026-04-19
00247,BANCO ROELA S.A.,privado_nacional,situacion_deudores,C.CON.Sit.3: Riesgo medio (%),Dic-2025,0.01,2026-04-19
00247,BANCO ROELA S.A.,privado_nacional,situacion_deudores,C.CON.Sit.4: Riesgo alto (%),Dic-2025,4.16,2026-04-19
00247,BANCO ROELA S.A.,privado_nacional,situacion_deudores,C.CON.Sit.5: Irrecuperable (%),Dic-2025,0.04,2026-04-19
00247,BANCO ROELA S.A.,privado_nacional,situacion_deudores,C.CON.TOTAL GARANTIZADO - Garantías Preferidas A y B (%),Dic-2025,10.87,2026-04-19
00247,BANCO ROELA S.A.,privado_nacional,situacion_deudores,CARTERA COMERCIAL ASIMILABLE A CONSUMO ($),Dic-2025,13319.28,2026-04-19
00247,BANCO ROELA S.A.,privado_nacional,situacion_deudores,Total cartera sobre financiaciones (%),Dic-2025,24.76,2026-04-19
00247,BANCO ROELA S.A.,privado_nacional,situacion_deudores,C.CAC.Sit.1: En situación normal (%),Dic-2025,91.49,2026-04-19
00247,BANCO ROELA S.A.,privado_nacional,situacion_deudores,C.CAC.Sit.2: Riesgo bajo (%),Dic-2025,5.24,2026-04-19
00247,BANCO ROELA S.A.,privado_nacional,situacion_deudores,C.CAC.Sit.3: Riesgo medio (%),Dic-2025,3.18,2026-04-19
00247,BANCO ROELA S.A.,privado_nacional,situacion_deudores,C.CAC.Sit.4: Riesgo alto (%),Dic-2025,0.09,2026-04-19
00247,BANCO ROELA S.A.,privado_nacional,situacion_deudores,C.CAC.Sit.5: Irrecuperable (%),Dic-2025,0.0,2026-04-19
00247,BANCO ROELA S.A.,privado_nacional,situacion_deudores,C.CAC.TOTAL GARANTIZADO - Garantías Preferidas A y B (%),Dic-2025,31.5,2026-04-19
00247,BANCO ROELA S.A.,privado_nacional,situacion_deudores,TOTAL DE FINANCIACIONES Y GARANTIAS OTORGADAS ($),Ene-2026,53614.7,2026-04-19
00247,BANCO ROELA S.A.,privado_nacional,situacion_deudores,TF.Sit.1: En situación normal (%),Ene-2026,97.93,2026-04-19
00247,BANCO ROELA S.A.,privado_nacional,situacion_deudores,TF.Sit.2: Con seguimiento especial/Riesgo bajo (%),Ene-2026,0.4,2026-04-19
00247,BANCO ROELA S.A.,privado_nacional,situacion_deudores,TF.Sit.3: Con problemas/Riesgo medio (%),Ene-2026,1.47,2026-04-19
00247,BANCO ROELA S.A.,privado_nacional,situacion_deudores,TF.Sit.4: Con alto riesgo de insolvencia/Riesgo alto (%),Ene-2026,0.2,2026-04-19
00247,BANCO ROELA S.A.,privado_nacional,situacion_deudores,TF.Sit.5: Irrecuperable (%),Ene-2026,0.0,2026-04-19
00247,BANCO ROELA S.A.,privado_nacional,situacion_deudores,TOTAL GARANTIZADO - Garantías Preferidas A y B (%),Ene-2026,10.22,2026-04-19
00247,BANCO ROELA S.A.,privado_nacional,situacion_deudores,Previsiones por riesgo de incobrabilidad constituídas,Ene-2026,966.0,2026-04-19
00247,BANCO ROELA S.A.,privado_nacional,situacion_deudores,CARTERA COMERCIAL ($),Ene-2026,38932.54,2026-04-19
00247,BANCO ROELA S.A.,privado_nacional,situacion_deudores,Total cartera sobre financiaciones (%),Ene-2026,72.62,2026-04-19
00247,BANCO ROELA S.A.,privado_nacional,situacion_deudores,C.COM.Sit.1: En situación normal (%),Ene-2026,100.0,2026-04-19
00247,BANCO ROELA S.A.,privado_nacional,situacion_deudores,C.COM.TOTAL GARANTIZADO - Garantías Preferidas A y B (%),Ene-2026,1.1,2026-04-19
00247,BANCO ROELA S.A.,privado_nacional,situacion_deudores,CARTERA DE CONSUMO O VIVIENDA ($),Ene-2026,204.96,2026-04-19
00247,BANCO ROELA S.A.,privado_nacional,situacion_deudores,Total cartera sobre financiaciones (%),Ene-2026,0.38,2026-04-19
00247,BANCO ROELA S.A.,privado_nacional,situacion_deudores,C.CON.Sit.1: En situación normal (%),Ene-2026,94.7,2026-04-19
00247,BANCO ROELA S.A.,privado_nacional,situacion_deudores,C.CON.Sit.2: Riesgo bajo (%),Ene-2026,3.92,2026-04-19
00247,BANCO ROELA S.A.,privado_nacional,situacion_deudores,C.CON.Sit.3: Riesgo medio (%),Ene-2026,0.01,2026-04-19
00247,BANCO ROELA S.A.,privado_nacional,situacion_deudores,C.CON.Sit.4: Riesgo alto (%),Ene-2026,1.32,2026-04-19
00247,BANCO ROELA S.A.,privado_nacional,situacion_deudores,C.CON.Sit.5: Irrecuperable (%),Ene-2026,0.04,2026-04-19
00247,BANCO ROELA S.A.,privado_nacional,situacion_deudores,C.CON.TOTAL GARANTIZADO - Garantías Preferidas A y B (%),Ene-2026,11.99,2026-04-19
00247,BANCO ROELA S.A.,privado_nacional,situacion_deudores,CARTERA COMERCIAL ASIMILABLE A CONSUMO ($),Ene-2026,14477.2,2026-04-19
00247,BANCO ROELA S.A.,privado_nacional,situacion_deudores,Total cartera sobre financiaciones (%),Ene-2026,27.0,2026-04-19
00247,BANCO ROELA S.A.,privado_nacional,situacion_deudores,C.CAC.Sit.1: En situación normal (%),Ene-2026,92.39,2026-04-19
00247,BANCO ROELA S.A.,privado_nacional,situacion_deudores,C.CAC.Sit.2: Riesgo bajo (%),Ene-2026,1.44,2026-04-19
00247,BANCO ROELA S.A.,privado_nacional,situacion_deudores,C.CAC.Sit.3: Riesgo medio (%),Ene-2026,5.45,2026-04-19
00247,BANCO ROELA S.A.,privado_nacional,situacion_deudores,C.CAC.Sit.4: Riesgo alto (%),Ene-2026,0.73,2026-04-19
00247,BANCO ROELA S.A.,privado_nacional,situacion_deudores,C.CAC.Sit.5: Irrecuperable (%),Ene-2026,0.0,2026-04-19
00247,BANCO ROELA S.A.,privado_nacional,situacion_deudores,C.CAC.TOTAL GARANTIZADO - Garantías Preferidas A y B (%),Ene-2026,34.73,2026-04-19
00277,BANCO SAENZ S.A.,privado_nacional,situacion_deudores,TOTAL DE FINANCIACIONES Y GARANTIAS OTORGADAS ($),Dic-2023,21641.31,2026-04-19
00277,BANCO SAENZ S.A.,privado_nacional,situacion_deudores,TF.Sit.1: En situación normal (%),Dic-2023,95.73,2026-04-19
00277,BANCO SAENZ S.A.,privado_nacional,situacion_deudores,TF.Sit.2: Con seguimiento especial/Riesgo bajo (%),Dic-2023,1.49,2026-04-19
00277,BANCO SAENZ S.A.,privado_nacional,situacion_deudores,TF.Sit.3: Con problemas/Riesgo medio (%),Dic-2023,0.96,2026-04-19
00277,BANCO SAENZ S.A.,privado_nacional,situacion_deudores,TF.Sit.4: Con alto riesgo de insolvencia/Riesgo alto (%),Dic-2023,1.02,2026-04-19
00277,BANCO SAENZ S.A.,privado_nacional,situacion_deudores,TF.Sit.5: Irrecuperable (%),Dic-2023,0.79,2026-04-19
00277,BANCO SAENZ S.A.,privado_nacional,situacion_deudores,Previsiones por riesgo de incobrabilidad constituídas,Dic-2023,1345.58,2026-04-19
00277,BANCO SAENZ S.A.,privado_nacional,situacion_deudores,CARTERA COMERCIAL ($),Dic-2023,14192.56,2026-04-19
00277,BANCO SAENZ S.A.,privado_nacional,situacion_deudores,Total cartera sobre financiaciones (%),Dic-2023,65.58,2026-04-19
00277,BANCO SAENZ S.A.,privado_nacional,situacion_deudores,C.COM.Sit.1: En situación normal (%),Dic-2023,99.65,2026-04-19
00277,BANCO SAENZ S.A.,privado_nacional,situacion_deudores,C.COM.Sit.5: Irrecuperable (%),Dic-2023,0.35,2026-04-19
00277,BANCO SAENZ S.A.,privado_nacional,situacion_deudores,CARTERA DE CONSUMO O VIVIENDA ($),Dic-2023,7445.55,2026-04-19
00277,BANCO SAENZ S.A.,privado_nacional,situacion_deudores,Total cartera sobre financiaciones (%),Dic-2023,34.4,2026-04-19
00277,BANCO SAENZ S.A.,privado_nacional,situacion_deudores,C.CON.Sit.1: En situación normal (%),Dic-2023,88.27,2026-04-19
00277,BANCO SAENZ S.A.,privado_nacional,situacion_deudores,C.CON.Sit.2: Riesgo bajo (%),Dic-2023,4.34,2026-04-19
00277,BANCO SAENZ S.A.,privado_nacional,situacion_deudores,C.CON.Sit.3: Riesgo medio (%),Dic-2023,2.8,2026-04-19
00277,BANCO SAENZ S.A.,privado_nacional,situacion_deudores,C.CON.Sit.4: Riesgo alto (%),Dic-2023,2.96,2026-04-19
00277,BANCO SAENZ S.A.,privado_nacional,situacion_deudores,C.CON.Sit.5: Irrecuperable (%),Dic-2023,1.63,2026-04-19
00277,BANCO SAENZ S.A.,privado_nacional,situacion_deudores,CARTERA COMERCIAL ASIMILABLE A CONSUMO ($),Dic-2023,3.2,2026-04-19
00277,BANCO SAENZ S.A.,privado_nacional,situacion_deudores,Total cartera sobre financiaciones (%),Dic-2023,0.01,2026-04-19
00277,BANCO SAENZ S.A.,privado_nacional,situacion_deudores,C.CAC.Sit.1: En situación normal (%),Dic-2023,98.41,2026-04-19
00277,BANCO SAENZ S.A.,privado_nacional,situacion_deudores,C.CAC.Sit.3: Riesgo medio (%),Dic-2023,0.16,2026-04-19
00277,BANCO SAENZ S.A.,privado_nacional,situacion_deudores,C.CAC.Sit.4: Riesgo alto (%),Dic-2023,1.37,2026-04-19
00277,BANCO SAENZ S.A.,privado_nacional,situacion_deudores,C.CAC.Sit.5: Irrecuperable (%),Dic-2023,0.06,2026-04-19
00277,BANCO SAENZ S.A.,privado_nacional,situacion_deudores,TOTAL DE FINANCIACIONES Y GARANTIAS OTORGADAS ($),Dic-2024,37606.9,2026-04-19
00277,BANCO SAENZ S.A.,privado_nacional,situacion_deudores,TF.Sit.1: En situación normal (%),Dic-2024,92.38,2026-04-19
00277,BANCO SAENZ S.A.,privado_nacional,situacion_deudores,TF.Sit.2: Con seguimiento especial/Riesgo bajo (%),Dic-2024,2.81,2026-04-19
00277,BANCO SAENZ S.A.,privado_nacional,situacion_deudores,TF.Sit.3: Con problemas/Riesgo medio (%),Dic-2024,2.03,2026-04-19
00277,BANCO SAENZ S.A.,privado_nacional,situacion_deudores,TF.Sit.4: Con alto riesgo de insolvencia/Riesgo alto (%),Dic-2024,2.25,2026-04-19
00277,BANCO SAENZ S.A.,privado_nacional,situacion_deudores,TF.Sit.5: Irrecuperable (%),Dic-2024,0.52,2026-04-19
00277,BANCO SAENZ S.A.,privado_nacional,situacion_deudores,Previsiones por riesgo de incobrabilidad constituídas,Dic-2024,2778.53,2026-04-19
00277,BANCO SAENZ S.A.,privado_nacional,situacion_deudores,CARTERA COMERCIAL ($),Dic-2024,17506.47,2026-04-19
00277,BANCO SAENZ S.A.,privado_nacional,situacion_deudores,Total cartera sobre financiaciones (%),Dic-2024,46.55,2026-04-19
00277,BANCO SAENZ S.A.,privado_nacional,situacion_deudores,C.COM.Sit.1: En situación normal (%),Dic-2024,100.0,2026-04-19
00277,BANCO SAENZ S.A.,privado_nacional,situacion_deudores,C.COM.Sit.5: Irrecuperable (%),Dic-2024,0.0,2026-04-19
00277,BANCO SAENZ S.A.,privado_nacional,situacion_deudores,CARTERA DE CONSUMO O VIVIENDA ($),Dic-2024,20031.94,2026-04-19
00277,BANCO SAENZ S.A.,privado_nacional,situacion_deudores,Total cartera sobre financiaciones (%),Dic-2024,53.27,2026-04-19
00277,BANCO SAENZ S.A.,privado_nacional,situacion_deudores,C.CON.Sit.1: En situación normal (%),Dic-2024,85.7,2026-04-19
00277,BANCO SAENZ S.A.,privado_nacional,situacion_deudores,C.CON.Sit.2: Riesgo bajo (%),Dic-2024,5.27,2026-04-19
00277,BANCO SAENZ S.A.,privado_nacional,situacion_deudores,C.CON.Sit.3: Riesgo medio (%),Dic-2024,3.82,2026-04-19
00277,BANCO SAENZ S.A.,privado_nacional,situacion_deudores,C.CON.Sit.4: Riesgo alto (%),Dic-2024,4.23,2026-04-19
00277,BANCO SAENZ S.A.,privado_nacional,situacion_deudores,C.CON.Sit.5: Irrecuperable (%),Dic-2024,0.98,2026-04-19
00277,BANCO SAENZ S.A.,privado_nacional,situacion_deudores,CARTERA COMERCIAL ASIMILABLE A CONSUMO ($),Dic-2024,68.49,2026-04-19
00277,BANCO SAENZ S.A.,privado_nacional,situacion_deudores,Total cartera sobre financiaciones (%),Dic-2024,0.18,2026-04-19
00277,BANCO SAENZ S.A.,privado_nacional,situacion_deudores,C.CAC.Sit.1: En situación normal (%),Dic-2024,99.99,2026-04-19
00277,BANCO SAENZ S.A.,privado_nacional,situacion_deudores,C.CAC.Sit.3: Riesgo medio (%),Dic-2024,0.0,2026-04-19
00277,BANCO SAENZ S.A.,privado_nacional,situacion_deudores,C.CAC.Sit.4: Riesgo alto (%),Dic-2024,0.0,2026-04-19
00277,BANCO SAENZ S.A.,privado_nacional,situacion_deudores,C.CAC.Sit.5: Irrecuperable (%),Dic-2024,0.01,2026-04-19
00277,BANCO SAENZ S.A.,privado_nacional,situacion_deudores,TOTAL DE FINANCIACIONES Y GARANTIAS OTORGADAS ($),Nov-2025,53630.86,2026-04-19
00277,BANCO SAENZ S.A.,privado_nacional,situacion_deudores,TF.Sit.1: En situación normal (%),Nov-2025,70.68,2026-04-19
00277,BANCO SAENZ S.A.,privado_nacional,situacion_deudores,TF.Sit.2: Con seguimiento especial/Riesgo bajo (%),Nov-2025,8.4,2026-04-19
00277,BANCO SAENZ S.A.,privado_nacional,situacion_deudores,TF.Sit.3: Con problemas/Riesgo medio (%),Nov-2025,8.19,2026-04-19
00277,BANCO SAENZ S.A.,privado_nacional,situacion_deudores,TF.Sit.4: Con alto riesgo de insolvencia/Riesgo alto (%),Nov-2025,10.92,2026-04-19
00277,BANCO SAENZ S.A.,privado_nacional,situacion_deudores,TF.Sit.5: Irrecuperable (%),Nov-2025,1.81,2026-04-19
00277,BANCO SAENZ S.A.,privado_nacional,situacion_deudores,Previsiones por riesgo de incobrabilidad constituídas,Nov-2025,8945.84,2026-04-19
00277,BANCO SAENZ S.A.,privado_nacional,situacion_deudores,CARTERA COMERCIAL ($),Nov-2025,17686.19,2026-04-19
00277,BANCO SAENZ S.A.,privado_nacional,situacion_deudores,Total cartera sobre financiaciones (%),Nov-2025,32.98,2026-04-19
00277,BANCO SAENZ S.A.,privado_nacional,situacion_deudores,C.COM.Sit.1: En situación normal (%),Nov-2025,100.0,2026-04-19
00277,BANCO SAENZ S.A.,privado_nacional,situacion_deudores,C.COM.Sit.5: Irrecuperable (%),Nov-2025,0.0,2026-04-19
00277,BANCO SAENZ S.A.,privado_nacional,situacion_deudores,CARTERA DE CONSUMO O VIVIENDA ($),Nov-2025,35883.88,2026-04-19
00277,BANCO SAENZ S.A.,privado_nacional,situacion_deudores,Total cartera sobre financiaciones (%),Nov-2025,66.91,2026-04-19
00277,BANCO SAENZ S.A.,privado_nacional,situacion_deudores,C.CON.Sit.1: En situación normal (%),Nov-2025,56.19,2026-04-19
00277,BANCO SAENZ S.A.,privado_nacional,situacion_deudores,C.CON.Sit.2: Riesgo bajo (%),Nov-2025,12.56,2026-04-19
00277,BANCO SAENZ S.A.,privado_nacional,situacion_deudores,C.CON.Sit.3: Riesgo medio (%),Nov-2025,12.23,2026-04-19
00277,BANCO SAENZ S.A.,privado_nacional,situacion_deudores,C.CON.Sit.4: Riesgo alto (%),Nov-2025,16.32,2026-04-19
00277,BANCO SAENZ S.A.,privado_nacional,situacion_deudores,C.CON.Sit.5: Irrecuperable (%),Nov-2025,2.7,2026-04-19
00277,BANCO SAENZ S.A.,privado_nacional,situacion_deudores,CARTERA COMERCIAL ASIMILABLE A CONSUMO ($),Nov-2025,60.79,2026-04-19
00277,BANCO SAENZ S.A.,privado_nacional,situacion_deudores,Total cartera sobre financiaciones (%),Nov-2025,0.11,2026-04-19
00277,BANCO SAENZ S.A.,privado_nacional,situacion_deudores,C.CAC.Sit.1: En situación normal (%),Nov-2025,99.99,2026-04-19
00277,BANCO SAENZ S.A.,privado_nacional,situacion_deudores,C.CAC.Sit.3: Riesgo medio (%),Nov-2025,0.0,2026-04-19
00277,BANCO SAENZ S.A.,privado_nacional,situacion_deudores,C.CAC.Sit.4: Riesgo alto (%),Nov-2025,0.0,2026-04-19
00277,BANCO SAENZ S.A.,privado_nacional,situacion_deudores,C.CAC.Sit.5: Irrecuperable (%),Nov-2025,0.01,2026-04-19
00277,BANCO SAENZ S.A.,privado_nacional,situacion_deudores,TOTAL DE FINANCIACIONES Y GARANTIAS OTORGADAS ($),Dic-2025,54958.95,2026-04-19
00277,BANCO SAENZ S.A.,privado_nacional,situacion_deudores,TF.Sit.1: En situación normal (%),Dic-2025,69.26,2026-04-19
00277,BANCO SAENZ S.A.,privado_nacional,situacion_deudores,TF.Sit.2: Con seguimiento especial/Riesgo bajo (%),Dic-2025,7.39,2026-04-19
00277,BANCO SAENZ S.A.,privado_nacional,situacion_deudores,TF.Sit.3: Con problemas/Riesgo medio (%),Dic-2025,8.73,2026-04-19
00277,BANCO SAENZ S.A.,privado_nacional,situacion_deudores,TF.Sit.4: Con alto riesgo de insolvencia/Riesgo alto (%),Dic-2025,12.49,2026-04-19
00277,BANCO SAENZ S.A.,privado_nacional,situacion_deudores,TF.Sit.5: Irrecuperable (%),Dic-2025,2.13,2026-04-19
00277,BANCO SAENZ S.A.,privado_nacional,situacion_deudores,Previsiones por riesgo de incobrabilidad constituídas,Dic-2025,10032.12,2026-04-19
00277,BANCO SAENZ S.A.,privado_nacional,situacion_deudores,CARTERA COMERCIAL ($),Dic-2025,18903.9,2026-04-19
00277,BANCO SAENZ S.A.,privado_nacional,situacion_deudores,Total cartera sobre financiaciones (%),Dic-2025,34.4,2026-04-19
00277,BANCO SAENZ S.A.,privado_nacional,situacion_deudores,C.COM.Sit.1: En situación normal (%),Dic-2025,100.0,2026-04-19
00277,BANCO SAENZ S.A.,privado_nacional,situacion_deudores,C.COM.Sit.5: Irrecuperable (%),Dic-2025,0.0,2026-04-19
00277,BANCO SAENZ S.A.,privado_nacional,situacion_deudores,CARTERA DE CONSUMO O VIVIENDA ($),Dic-2025,35999.93,2026-04-19
00277,BANCO SAENZ S.A.,privado_nacional,situacion_deudores,Total cartera sobre financiaciones (%),Dic-2025,65.5,2026-04-19
00277,BANCO SAENZ S.A.,privado_nacional,situacion_deudores,C.CON.Sit.1: En situación normal (%),Dic-2025,53.08,2026-04-19
00277,BANCO SAENZ S.A.,privado_nacional,situacion_deudores,C.CON.Sit.2: Riesgo bajo (%),Dic-2025,11.29,2026-04-19
00277,BANCO SAENZ S.A.,privado_nacional,situacion_deudores,C.CON.Sit.3: Riesgo medio (%),Dic-2025,13.32,2026-04-19
00277,BANCO SAENZ S.A.,privado_nacional,situacion_deudores,C.CON.Sit.4: Riesgo alto (%),Dic-2025,19.06,2026-04-19
00277,BANCO SAENZ S.A.,privado_nacional,situacion_deudores,C.CON.Sit.5: Irrecuperable (%),Dic-2025,3.25,2026-04-19
00277,BANCO SAENZ S.A.,privado_nacional,situacion_deudores,CARTERA COMERCIAL ASIMILABLE A CONSUMO ($),Dic-2025,55.11,2026-04-19
00277,BANCO SAENZ S.A.,privado_nacional,situacion_deudores,Total cartera sobre financiaciones (%),Dic-2025,0.1,2026-04-19
00277,BANCO SAENZ S.A.,privado_nacional,situacion_deudores,C.CAC.Sit.1: En situación normal (%),Dic-2025,99.99,2026-04-19
00277,BANCO SAENZ S.A.,privado_nacional,situacion_deudores,C.CAC.Sit.3: Riesgo medio (%),Dic-2025,0.0,2026-04-19
00277,BANCO SAENZ S.A.,privado_nacional,situacion_deudores,C.CAC.Sit.4: Riesgo alto (%),Dic-2025,0.0,2026-04-19
00277,BANCO SAENZ S.A.,privado_nacional,situacion_deudores,C.CAC.Sit.5: Irrecuperable (%),Dic-2025,0.01,2026-04-19
00277,BANCO SAENZ S.A.,privado_nacional,situacion_deudores,TOTAL DE FINANCIACIONES Y GARANTIAS OTORGADAS ($),Ene-2026,49450.12,2026-04-19
00277,BANCO SAENZ S.A.,privado_nacional,situacion_deudores,TF.Sit.1: En situación normal (%),Ene-2026,63.97,2026-04-19
00277,BANCO SAENZ S.A.,privado_nacional,situacion_deudores,TF.Sit.2: Con seguimiento especial/Riesgo bajo (%),Ene-2026,7.61,2026-04-19
00277,BANCO SAENZ S.A.,privado_nacional,situacion_deudores,TF.Sit.3: Con problemas/Riesgo medio (%),Ene-2026,10.08,2026-04-19
00277,BANCO SAENZ S.A.,privado_nacional,situacion_deudores,TF.Sit.4: Con alto riesgo de insolvencia/Riesgo alto (%),Ene-2026,14.73,2026-04-19
00277,BANCO SAENZ S.A.,privado_nacional,situacion_deudores,TF.Sit.5: Irrecuperable (%),Ene-2026,3.62,2026-04-19
00277,BANCO SAENZ S.A.,privado_nacional,situacion_deudores,Previsiones por riesgo de incobrabilidad constituídas,Ene-2026,11044.65,2026-04-19
00277,BANCO SAENZ S.A.,privado_nacional,situacion_deudores,CARTERA COMERCIAL ($),Ene-2026,13912.75,2026-04-19
00277,BANCO SAENZ S.A.,privado_nacional,situacion_deudores,Total cartera sobre financiaciones (%),Ene-2026,28.13,2026-04-19
00277,BANCO SAENZ S.A.,privado_nacional,situacion_deudores,C.COM.Sit.1: En situación normal (%),Ene-2026,100.0,2026-04-19
00277,BANCO SAENZ S.A.,privado_nacional,situacion_deudores,C.COM.Sit.5: Irrecuperable (%),Ene-2026,0.0,2026-04-19
00277,BANCO SAENZ S.A.,privado_nacional,situacion_deudores,CARTERA DE CONSUMO O VIVIENDA ($),Ene-2026,35481.71,2026-04-19
00277,BANCO SAENZ S.A.,privado_nacional,situacion_deudores,Total cartera sobre financiaciones (%),Ene-2026,71.75,2026-04-19
00277,BANCO SAENZ S.A.,privado_nacional,situacion_deudores,C.CON.Sit.1: En situación normal (%),Ene-2026,49.78,2026-04-19
00277,BANCO SAENZ S.A.,privado_nacional,situacion_deudores,C.CON.Sit.2: Riesgo bajo (%),Ene-2026,10.6,2026-04-19
00277,BANCO SAENZ S.A.,privado_nacional,situacion_deudores,C.CON.Sit.3: Riesgo medio (%),Ene-2026,14.04,2026-04-19
00277,BANCO SAENZ S.A.,privado_nacional,situacion_deudores,C.CON.Sit.4: Riesgo alto (%),Ene-2026,20.52,2026-04-19
00277,BANCO SAENZ S.A.,privado_nacional,situacion_deudores,C.CON.Sit.5: Irrecuperable (%),Ene-2026,5.05,2026-04-19
00277,BANCO SAENZ S.A.,privado_nacional,situacion_deudores,CARTERA COMERCIAL ASIMILABLE A CONSUMO ($),Ene-2026,55.66,2026-04-19
00277,BANCO SAENZ S.A.,privado_nacional,situacion_deudores,Total cartera sobre financiaciones (%),Ene-2026,0.11,2026-04-19
00277,BANCO SAENZ S.A.,privado_nacional,situacion_deudores,C.CAC.Sit.1: En situación normal (%),Ene-2026,99.99,2026-04-19
00277,BANCO SAENZ S.A.,privado_nacional,situacion_deudores,C.CAC.Sit.3: Riesgo medio (%),Ene-2026,0.0,2026-04-19
00277,BANCO SAENZ S.A.,privado_nacional,situacion_deudores,C.CAC.Sit.4: Riesgo alto (%),Ene-2026,0.0,2026-04-19
00277,BANCO SAENZ S.A.,privado_nacional,situacion_deudores,C.CAC.Sit.5: Irrecuperable (%),Ene-2026,0.01,2026-04-19
00072,BANCO SANTANDER ARGENTINA S.A.,extranjero,situacion_deudores,TOTAL DE FINANCIACIONES Y GARANTIAS OTORGADAS ($),Dic-2023,2753431.52,2026-04-19
00072,BANCO SANTANDER ARGENTINA S.A.,extranjero,situacion_deudores,TF.Sit.1: En situación normal (%),Dic-2023,97.17,2026-04-19
00072,BANCO SANTANDER ARGENTINA S.A.,extranjero,situacion_deudores,TF.Sit.2: Con seguimiento especial/Riesgo bajo (%),Dic-2023,1.23,2026-04-19
00072,BANCO SANTANDER ARGENTINA S.A.,extranjero,situacion_deudores,TF.Sit.3: Con problemas/Riesgo medio (%),Dic-2023,0.54,2026-04-19
00072,BANCO SANTANDER ARGENTINA S.A.,extranjero,situacion_deudores,TF.Sit.4: Con alto riesgo de insolvencia/Riesgo alto (%),Dic-2023,0.94,2026-04-19
00072,BANCO SANTANDER ARGENTINA S.A.,extranjero,situacion_deudores,TF.Sit.5: Irrecuperable (%),Dic-2023,0.12,2026-04-19
00072,BANCO SANTANDER ARGENTINA S.A.,extranjero,situacion_deudores,TOTAL GARANTIZADO - Garantías Preferidas A y B (%),Dic-2023,17.46,2026-04-19
00072,BANCO SANTANDER ARGENTINA S.A.,extranjero,situacion_deudores,Previsiones por riesgo de incobrabilidad constituídas,Dic-2023,97364.25,2026-04-19
00072,BANCO SANTANDER ARGENTINA S.A.,extranjero,situacion_deudores,CARTERA COMERCIAL ($),Dic-2023,789578.52,2026-04-19
00072,BANCO SANTANDER ARGENTINA S.A.,extranjero,situacion_deudores,Total cartera sobre financiaciones (%),Dic-2023,28.68,2026-04-19
00072,BANCO SANTANDER ARGENTINA S.A.,extranjero,situacion_deudores,C.COM.Sit.1: En situación normal (%),Dic-2023,99.44,2026-04-19
00072,BANCO SANTANDER ARGENTINA S.A.,extranjero,situacion_deudores,C.COM.Sit.2: Con seguimiento especial (%),Dic-2023,0.38,2026-04-19
00072,BANCO SANTANDER ARGENTINA S.A.,extranjero,situacion_deudores,C.COM.Sit.3: Con problemas (%),Dic-2023,0.18,2026-04-19
00072,BANCO SANTANDER ARGENTINA S.A.,extranjero,situacion_deudores,C.COM.Sit.4: Con alto riesgo de insolvencia (%),Dic-2023,0.0,2026-04-19
00072,BANCO SANTANDER ARGENTINA S.A.,extranjero,situacion_deudores,C.COM.TOTAL GARANTIZADO - Garantías Preferidas A y B (%),Dic-2023,7.64,2026-04-19
00072,BANCO SANTANDER ARGENTINA S.A.,extranjero,situacion_deudores,CARTERA DE CONSUMO O VIVIENDA ($),Dic-2023,1213901.52,2026-04-19
00072,BANCO SANTANDER ARGENTINA S.A.,extranjero,situacion_deudores,Total cartera sobre financiaciones (%),Dic-2023,44.09,2026-04-19
00072,BANCO SANTANDER ARGENTINA S.A.,extranjero,situacion_deudores,C.CON.Sit.1: En situación normal (%),Dic-2023,95.55,2026-04-19
00072,BANCO SANTANDER ARGENTINA S.A.,extranjero,situacion_deudores,C.CON.Sit.2: Riesgo bajo (%),Dic-2023,1.74,2026-04-19
00072,BANCO SANTANDER ARGENTINA S.A.,extranjero,situacion_deudores,C.CON.Sit.3: Riesgo medio (%),Dic-2023,0.78,2026-04-19
00072,BANCO SANTANDER ARGENTINA S.A.,extranjero,situacion_deudores,C.CON.Sit.4: Riesgo alto (%),Dic-2023,1.72,2026-04-19
00072,BANCO SANTANDER ARGENTINA S.A.,extranjero,situacion_deudores,C.CON.Sit.5: Irrecuperable (%),Dic-2023,0.22,2026-04-19
00072,BANCO SANTANDER ARGENTINA S.A.,extranjero,situacion_deudores,C.CON.TOTAL GARANTIZADO - Garantías Preferidas A y B (%),Dic-2023,15.42,2026-04-19
00072,BANCO SANTANDER ARGENTINA S.A.,extranjero,situacion_deudores,CARTERA COMERCIAL ASIMILABLE A CONSUMO ($),Dic-2023,749951.49,2026-04-19
00072,BANCO SANTANDER ARGENTINA S.A.,extranjero,situacion_deudores,Total cartera sobre financiaciones (%),Dic-2023,27.24,2026-04-19
00072,BANCO SANTANDER ARGENTINA S.A.,extranjero,situacion_deudores,C.CAC.Sit.1: En situación normal (%),Dic-2023,97.4,2026-04-19
00072,BANCO SANTANDER ARGENTINA S.A.,extranjero,situacion_deudores,C.CAC.Sit.2: Riesgo bajo (%),Dic-2023,1.31,2026-04-19
00072,BANCO SANTANDER ARGENTINA S.A.,extranjero,situacion_deudores,C.CAC.Sit.3: Riesgo medio (%),Dic-2023,0.52,2026-04-19
00072,BANCO SANTANDER ARGENTINA S.A.,extranjero,situacion_deudores,C.CAC.Sit.4: Riesgo alto (%),Dic-2023,0.68,2026-04-19
00072,BANCO SANTANDER ARGENTINA S.A.,extranjero,situacion_deudores,C.CAC.Sit.5: Irrecuperable (%),Dic-2023,0.08,2026-04-19
00072,BANCO SANTANDER ARGENTINA S.A.,extranjero,situacion_deudores,C.CAC.TOTAL GARANTIZADO - Garantías Preferidas A y B (%),Dic-2023,31.1,2026-04-19
00072,BANCO SANTANDER ARGENTINA S.A.,extranjero,situacion_deudores,TOTAL DE FINANCIACIONES Y GARANTIAS OTORGADAS ($),Dic-2024,8211585.82,2026-04-19
00072,BANCO SANTANDER ARGENTINA S.A.,extranjero,situacion_deudores,TF.Sit.1: En situación normal (%),Dic-2024,96.73,2026-04-19
00072,BANCO SANTANDER ARGENTINA S.A.,extranjero,situacion_deudores,TF.Sit.2: Con seguimiento especial/Riesgo bajo (%),Dic-2024,1.4,2026-04-19
00072,BANCO SANTANDER ARGENTINA S.A.,extranjero,situacion_deudores,TF.Sit.3: Con problemas/Riesgo medio (%),Dic-2024,0.56,2026-04-19
00072,BANCO SANTANDER ARGENTINA S.A.,extranjero,situacion_deudores,TF.Sit.4: Con alto riesgo de insolvencia/Riesgo alto (%),Dic-2024,1.2,2026-04-19
00072,BANCO SANTANDER ARGENTINA S.A.,extranjero,situacion_deudores,TF.Sit.5: Irrecuperable (%),Dic-2024,0.11,2026-04-19
00072,BANCO SANTANDER ARGENTINA S.A.,extranjero,situacion_deudores,TOTAL GARANTIZADO - Garantías Preferidas A y B (%),Dic-2024,17.89,2026-04-19
00072,BANCO SANTANDER ARGENTINA S.A.,extranjero,situacion_deudores,Previsiones por riesgo de incobrabilidad constituídas,Dic-2024,287496.32,2026-04-19
00072,BANCO SANTANDER ARGENTINA S.A.,extranjero,situacion_deudores,CARTERA COMERCIAL ($),Dic-2024,2555881.42,2026-04-19
00072,BANCO SANTANDER ARGENTINA S.A.,extranjero,situacion_deudores,Total cartera sobre financiaciones (%),Dic-2024,31.13,2026-04-19
00072,BANCO SANTANDER ARGENTINA S.A.,extranjero,situacion_deudores,C.COM.Sit.1: En situación normal (%),Dic-2024,99.52,2026-04-19
00072,BANCO SANTANDER ARGENTINA S.A.,extranjero,situacion_deudores,C.COM.Sit.2: Con seguimiento especial (%),Dic-2024,0.14,2026-04-19
00072,BANCO SANTANDER ARGENTINA S.A.,extranjero,situacion_deudores,C.COM.Sit.3: Con problemas (%),Dic-2024,0.29,2026-04-19
00072,BANCO SANTANDER ARGENTINA S.A.,extranjero,situacion_deudores,C.COM.Sit.4: Con alto riesgo de insolvencia (%),Dic-2024,0.05,2026-04-19
00072,BANCO SANTANDER ARGENTINA S.A.,extranjero,situacion_deudores,C.COM.TOTAL GARANTIZADO - Garantías Preferidas A y B (%),Dic-2024,4.58,2026-04-19
00072,BANCO SANTANDER ARGENTINA S.A.,extranjero,situacion_deudores,CARTERA DE CONSUMO O VIVIENDA ($),Dic-2024,3655885.36,2026-04-19
00072,BANCO SANTANDER ARGENTINA S.A.,extranjero,situacion_deudores,Total cartera sobre financiaciones (%),Dic-2024,44.52,2026-04-19
00072,BANCO SANTANDER ARGENTINA S.A.,extranjero,situacion_deudores,C.CON.Sit.1: En situación normal (%),Dic-2024,94.55,2026-04-19
00072,BANCO SANTANDER ARGENTINA S.A.,extranjero,situacion_deudores,C.CON.Sit.2: Riesgo bajo (%),Dic-2024,2.28,2026-04-19
00072,BANCO SANTANDER ARGENTINA S.A.,extranjero,situacion_deudores,C.CON.Sit.3: Riesgo medio (%),Dic-2024,0.82,2026-04-19
00072,BANCO SANTANDER ARGENTINA S.A.,extranjero,situacion_deudores,C.CON.Sit.4: Riesgo alto (%),Dic-2024,2.15,2026-04-19
00072,BANCO SANTANDER ARGENTINA S.A.,extranjero,situacion_deudores,C.CON.Sit.5: Irrecuperable (%),Dic-2024,0.19,2026-04-19
00072,BANCO SANTANDER ARGENTINA S.A.,extranjero,situacion_deudores,C.CON.TOTAL GARANTIZADO - Garantías Preferidas A y B (%),Dic-2024,15.99,2026-04-19
00072,BANCO SANTANDER ARGENTINA S.A.,extranjero,situacion_deudores,CARTERA COMERCIAL ASIMILABLE A CONSUMO ($),Dic-2024,1999819.04,2026-04-19
00072,BANCO SANTANDER ARGENTINA S.A.,extranjero,situacion_deudores,Total cartera sobre financiaciones (%),Dic-2024,24.35,2026-04-19
00072,BANCO SANTANDER ARGENTINA S.A.,extranjero,situacion_deudores,C.CAC.Sit.1: En situación normal (%),Dic-2024,97.15,2026-04-19
00072,BANCO SANTANDER ARGENTINA S.A.,extranjero,situacion_deudores,C.CAC.Sit.2: Riesgo bajo (%),Dic-2024,1.39,2026-04-19
00072,BANCO SANTANDER ARGENTINA S.A.,extranjero,situacion_deudores,C.CAC.Sit.3: Riesgo medio (%),Dic-2024,0.44,2026-04-19
00072,BANCO SANTANDER ARGENTINA S.A.,extranjero,situacion_deudores,C.CAC.Sit.4: Riesgo alto (%),Dic-2024,0.95,2026-04-19
00072,BANCO SANTANDER ARGENTINA S.A.,extranjero,situacion_deudores,C.CAC.Sit.5: Irrecuperable (%),Dic-2024,0.08,2026-04-19
00072,BANCO SANTANDER ARGENTINA S.A.,extranjero,situacion_deudores,C.CAC.TOTAL GARANTIZADO - Garantías Preferidas A y B (%),Dic-2024,38.39,2026-04-19
00072,BANCO SANTANDER ARGENTINA S.A.,extranjero,situacion_deudores,TOTAL DE FINANCIACIONES Y GARANTIAS OTORGADAS ($),Nov-2025,13006177.73,2026-04-19
00072,BANCO SANTANDER ARGENTINA S.A.,extranjero,situacion_deudores,TF.Sit.1: En situación normal (%),Nov-2025,89.39,2026-04-19
00072,BANCO SANTANDER ARGENTINA S.A.,extranjero,situacion_deudores,TF.Sit.2: Con seguimiento especial/Riesgo bajo (%),Nov-2025,4.29,2026-04-19
00072,BANCO SANTANDER ARGENTINA S.A.,extranjero,situacion_deudores,TF.Sit.3: Con problemas/Riesgo medio (%),Nov-2025,3.15,2026-04-19
00072,BANCO SANTANDER ARGENTINA S.A.,extranjero,situacion_deudores,TF.Sit.4: Con alto riesgo de insolvencia/Riesgo alto (%),Nov-2025,2.95,2026-04-19
00072,BANCO SANTANDER ARGENTINA S.A.,extranjero,situacion_deudores,TF.Sit.5: Irrecuperable (%),Nov-2025,0.22,2026-04-19
00072,BANCO SANTANDER ARGENTINA S.A.,extranjero,situacion_deudores,TOTAL GARANTIZADO - Garantías Preferidas A y B (%),Nov-2025,20.9,2026-04-19
00072,BANCO SANTANDER ARGENTINA S.A.,extranjero,situacion_deudores,Previsiones por riesgo de incobrabilidad constituídas,Nov-2025,775849.22,2026-04-19
00072,BANCO SANTANDER ARGENTINA S.A.,extranjero,situacion_deudores,CARTERA COMERCIAL ($),Nov-2025,3431756.52,2026-04-19
00072,BANCO SANTANDER ARGENTINA S.A.,extranjero,situacion_deudores,Total cartera sobre financiaciones (%),Nov-2025,26.39,2026-04-19
00072,BANCO SANTANDER ARGENTINA S.A.,extranjero,situacion_deudores,C.COM.Sit.1: En situación normal (%),Nov-2025,99.1,2026-04-19
00072,BANCO SANTANDER ARGENTINA S.A.,extranjero,situacion_deudores,C.COM.Sit.2: Con seguimiento especial (%),Nov-2025,0.7,2026-04-19
00072,BANCO SANTANDER ARGENTINA S.A.,extranjero,situacion_deudores,C.COM.Sit.3: Con problemas (%),Nov-2025,0.0,2026-04-19
00072,BANCO SANTANDER ARGENTINA S.A.,extranjero,situacion_deudores,C.COM.Sit.4: Con alto riesgo de insolvencia (%),Nov-2025,0.2,2026-04-19
00072,BANCO SANTANDER ARGENTINA S.A.,extranjero,situacion_deudores,C.COM.TOTAL GARANTIZADO - Garantías Preferidas A y B (%),Nov-2025,3.14,2026-04-19
00072,BANCO SANTANDER ARGENTINA S.A.,extranjero,situacion_deudores,CARTERA DE CONSUMO O VIVIENDA ($),Nov-2025,6507690.01,2026-04-19
00072,BANCO SANTANDER ARGENTINA S.A.,extranjero,situacion_deudores,Total cartera sobre financiaciones (%),Nov-2025,50.04,2026-04-19
00072,BANCO SANTANDER ARGENTINA S.A.,extranjero,situacion_deudores,C.CON.Sit.1: En situación normal (%),Nov-2025,83.43,2026-04-19
00072,BANCO SANTANDER ARGENTINA S.A.,extranjero,situacion_deudores,C.CON.Sit.2: Riesgo bajo (%),Nov-2025,6.29,2026-04-19
00072,BANCO SANTANDER ARGENTINA S.A.,extranjero,situacion_deudores,C.CON.Sit.3: Riesgo medio (%),Nov-2025,5.12,2026-04-19
00072,BANCO SANTANDER ARGENTINA S.A.,extranjero,situacion_deudores,C.CON.Sit.4: Riesgo alto (%),Nov-2025,4.78,2026-04-19
00072,BANCO SANTANDER ARGENTINA S.A.,extranjero,situacion_deudores,C.CON.Sit.5: Irrecuperable (%),Nov-2025,0.38,2026-04-19
00072,BANCO SANTANDER ARGENTINA S.A.,extranjero,situacion_deudores,C.CON.TOTAL GARANTIZADO - Garantías Preferidas A y B (%),Nov-2025,22.03,2026-04-19
00072,BANCO SANTANDER ARGENTINA S.A.,extranjero,situacion_deudores,CARTERA COMERCIAL ASIMILABLE A CONSUMO ($),Nov-2025,3066731.21,2026-04-19
00072,BANCO SANTANDER ARGENTINA S.A.,extranjero,situacion_deudores,Total cartera sobre financiaciones (%),Nov-2025,23.58,2026-04-19
00072,BANCO SANTANDER ARGENTINA S.A.,extranjero,situacion_deudores,C.CAC.Sit.1: En situación normal (%),Nov-2025,91.18,2026-04-19
00072,BANCO SANTANDER ARGENTINA S.A.,extranjero,situacion_deudores,C.CAC.Sit.2: Riesgo bajo (%),Nov-2025,4.05,2026-04-19
00072,BANCO SANTANDER ARGENTINA S.A.,extranjero,situacion_deudores,C.CAC.Sit.3: Riesgo medio (%),Nov-2025,2.53,2026-04-19
00072,BANCO SANTANDER ARGENTINA S.A.,extranjero,situacion_deudores,C.CAC.Sit.4: Riesgo alto (%),Nov-2025,2.12,2026-04-19
00072,BANCO SANTANDER ARGENTINA S.A.,extranjero,situacion_deudores,C.CAC.Sit.5: Irrecuperable (%),Nov-2025,0.12,2026-04-19
00072,BANCO SANTANDER ARGENTINA S.A.,extranjero,situacion_deudores,C.CAC.TOTAL GARANTIZADO - Garantías Preferidas A y B (%),Nov-2025,38.39,2026-04-19
00072,BANCO SANTANDER ARGENTINA S.A.,extranjero,situacion_deudores,TOTAL DE FINANCIACIONES Y GARANTIAS OTORGADAS ($),Dic-2025,13438826.9,2026-04-19
00072,BANCO SANTANDER ARGENTINA S.A.,extranjero,situacion_deudores,TF.Sit.1: En situación normal (%),Dic-2025,88.89,2026-04-19
00072,BANCO SANTANDER ARGENTINA S.A.,extranjero,situacion_deudores,TF.Sit.2: Con seguimiento especial/Riesgo bajo (%),Dic-2025,3.78,2026-04-19
00072,BANCO SANTANDER ARGENTINA S.A.,extranjero,situacion_deudores,TF.Sit.3: Con problemas/Riesgo medio (%),Dic-2025,3.37,2026-04-19
00072,BANCO SANTANDER ARGENTINA S.A.,extranjero,situacion_deudores,TF.Sit.4: Con alto riesgo de insolvencia/Riesgo alto (%),Dic-2025,3.65,2026-04-19
00072,BANCO SANTANDER ARGENTINA S.A.,extranjero,situacion_deudores,TF.Sit.5: Irrecuperable (%),Dic-2025,0.31,2026-04-19
00072,BANCO SANTANDER ARGENTINA S.A.,extranjero,situacion_deudores,TOTAL GARANTIZADO - Garantías Preferidas A y B (%),Dic-2025,20.1,2026-04-19
00072,BANCO SANTANDER ARGENTINA S.A.,extranjero,situacion_deudores,Previsiones por riesgo de incobrabilidad constituídas,Dic-2025,827116.09,2026-04-19
00072,BANCO SANTANDER ARGENTINA S.A.,extranjero,situacion_deudores,CARTERA COMERCIAL ($),Dic-2025,3668045.55,2026-04-19
00072,BANCO SANTANDER ARGENTINA S.A.,extranjero,situacion_deudores,Total cartera sobre financiaciones (%),Dic-2025,27.29,2026-04-19
00072,BANCO SANTANDER ARGENTINA S.A.,extranjero,situacion_deudores,C.COM.Sit.1: En situación normal (%),Dic-2025,99.16,2026-04-19
00072,BANCO SANTANDER ARGENTINA S.A.,extranjero,situacion_deudores,C.COM.Sit.2: Con seguimiento especial (%),Dic-2025,0.46,2026-04-19
00072,BANCO SANTANDER ARGENTINA S.A.,extranjero,situacion_deudores,C.COM.Sit.3: Con problemas (%),Dic-2025,0.19,2026-04-19
00072,BANCO SANTANDER ARGENTINA S.A.,extranjero,situacion_deudores,C.COM.Sit.4: Con alto riesgo de insolvencia (%),Dic-2025,0.19,2026-04-19
00072,BANCO SANTANDER ARGENTINA S.A.,extranjero,situacion_deudores,C.COM.TOTAL GARANTIZADO - Garantías Preferidas A y B (%),Dic-2025,2.92,2026-04-19
00072,BANCO SANTANDER ARGENTINA S.A.,extranjero,situacion_deudores,CARTERA DE CONSUMO O VIVIENDA ($),Dic-2025,6703442.66,2026-04-19
00072,BANCO SANTANDER ARGENTINA S.A.,extranjero,situacion_deudores,Total cartera sobre financiaciones (%),Dic-2025,49.88,2026-04-19
00072,BANCO SANTANDER ARGENTINA S.A.,extranjero,situacion_deudores,C.CON.Sit.1: En situación normal (%),Dic-2025,82.47,2026-04-19
00072,BANCO SANTANDER ARGENTINA S.A.,extranjero,situacion_deudores,C.CON.Sit.2: Riesgo bajo (%),Dic-2025,5.7,2026-04-19
00072,BANCO SANTANDER ARGENTINA S.A.,extranjero,situacion_deudores,C.CON.Sit.3: Riesgo medio (%),Dic-2025,5.34,2026-04-19
00072,BANCO SANTANDER ARGENTINA S.A.,extranjero,situacion_deudores,C.CON.Sit.4: Riesgo alto (%),Dic-2025,5.94,2026-04-19
00072,BANCO SANTANDER ARGENTINA S.A.,extranjero,situacion_deudores,C.CON.Sit.5: Irrecuperable (%),Dic-2025,0.55,2026-04-19
00072,BANCO SANTANDER ARGENTINA S.A.,extranjero,situacion_deudores,C.CON.TOTAL GARANTIZADO - Garantías Preferidas A y B (%),Dic-2025,21.19,2026-04-19
00072,BANCO SANTANDER ARGENTINA S.A.,extranjero,situacion_deudores,CARTERA COMERCIAL ASIMILABLE A CONSUMO ($),Dic-2025,3067338.69,2026-04-19
00072,BANCO SANTANDER ARGENTINA S.A.,extranjero,situacion_deudores,Total cartera sobre financiaciones (%),Dic-2025,22.82,2026-04-19
00072,BANCO SANTANDER ARGENTINA S.A.,extranjero,situacion_deudores,C.CAC.Sit.1: En situación normal (%),Dic-2025,90.63,2026-04-19
00072,BANCO SANTANDER ARGENTINA S.A.,extranjero,situacion_deudores,C.CAC.Sit.2: Riesgo bajo (%),Dic-2025,3.55,2026-04-19
00072,BANCO SANTANDER ARGENTINA S.A.,extranjero,situacion_deudores,C.CAC.Sit.3: Riesgo medio (%),Dic-2025,2.88,2026-04-19
00072,BANCO SANTANDER ARGENTINA S.A.,extranjero,situacion_deudores,C.CAC.Sit.4: Riesgo alto (%),Dic-2025,2.79,2026-04-19
00072,BANCO SANTANDER ARGENTINA S.A.,extranjero,situacion_deudores,C.CAC.Sit.5: Irrecuperable (%),Dic-2025,0.14,2026-04-19
00072,BANCO SANTANDER ARGENTINA S.A.,extranjero,situacion_deudores,C.CAC.TOTAL GARANTIZADO - Garantías Preferidas A y B (%),Dic-2025,38.26,2026-04-19
00072,BANCO SANTANDER ARGENTINA S.A.,extranjero,situacion_deudores,TOTAL DE FINANCIACIONES Y GARANTIAS OTORGADAS ($),Ene-2026,13727212.99,2026-04-19
00072,BANCO SANTANDER ARGENTINA S.A.,extranjero,situacion_deudores,TF.Sit.1: En situación normal (%),Ene-2026,88.37,2026-04-19
00072,BANCO SANTANDER ARGENTINA S.A.,extranjero,situacion_deudores,TF.Sit.2: Con seguimiento especial/Riesgo bajo (%),Ene-2026,3.22,2026-04-19
00072,BANCO SANTANDER ARGENTINA S.A.,extranjero,situacion_deudores,TF.Sit.3: Con problemas/Riesgo medio (%),Ene-2026,3.71,2026-04-19
00072,BANCO SANTANDER ARGENTINA S.A.,extranjero,situacion_deudores,TF.Sit.4: Con alto riesgo de insolvencia/Riesgo alto (%),Ene-2026,4.28,2026-04-19
00072,BANCO SANTANDER ARGENTINA S.A.,extranjero,situacion_deudores,TF.Sit.5: Irrecuperable (%),Ene-2026,0.43,2026-04-19
00072,BANCO SANTANDER ARGENTINA S.A.,extranjero,situacion_deudores,TOTAL GARANTIZADO - Garantías Preferidas A y B (%),Ene-2026,19.48,2026-04-19
00072,BANCO SANTANDER ARGENTINA S.A.,extranjero,situacion_deudores,Previsiones por riesgo de incobrabilidad constituídas,Ene-2026,973313.53,2026-04-19
00072,BANCO SANTANDER ARGENTINA S.A.,extranjero,situacion_deudores,CARTERA COMERCIAL ($),Ene-2026,3900551.89,2026-04-19
00072,BANCO SANTANDER ARGENTINA S.A.,extranjero,situacion_deudores,Total cartera sobre financiaciones (%),Ene-2026,28.41,2026-04-19
00072,BANCO SANTANDER ARGENTINA S.A.,extranjero,situacion_deudores,C.COM.Sit.1: En situación normal (%),Ene-2026,99.12,2026-04-19
00072,BANCO SANTANDER ARGENTINA S.A.,extranjero,situacion_deudores,C.COM.Sit.2: Con seguimiento especial (%),Ene-2026,0.43,2026-04-19
00072,BANCO SANTANDER ARGENTINA S.A.,extranjero,situacion_deudores,C.COM.Sit.3: Con problemas (%),Ene-2026,0.28,2026-04-19
00072,BANCO SANTANDER ARGENTINA S.A.,extranjero,situacion_deudores,C.COM.Sit.4: Con alto riesgo de insolvencia (%),Ene-2026,0.17,2026-04-19
00072,BANCO SANTANDER ARGENTINA S.A.,extranjero,situacion_deudores,C.COM.TOTAL GARANTIZADO - Garantías Preferidas A y B (%),Ene-2026,2.7,2026-04-19
00072,BANCO SANTANDER ARGENTINA S.A.,extranjero,situacion_deudores,CARTERA DE CONSUMO O VIVIENDA ($),Ene-2026,6726069.26,2026-04-19
00072,BANCO SANTANDER ARGENTINA S.A.,extranjero,situacion_deudores,Total cartera sobre financiaciones (%),Ene-2026,49.0,2026-04-19
00072,BANCO SANTANDER ARGENTINA S.A.,extranjero,situacion_deudores,C.CON.Sit.1: En situación normal (%),Ene-2026,81.13,2026-04-19
00072,BANCO SANTANDER ARGENTINA S.A.,extranjero,situacion_deudores,C.CON.Sit.2: Riesgo bajo (%),Ene-2026,5.06,2026-04-19
00072,BANCO SANTANDER ARGENTINA S.A.,extranjero,situacion_deudores,C.CON.Sit.3: Riesgo medio (%),Ene-2026,5.9,2026-04-19
00072,BANCO SANTANDER ARGENTINA S.A.,extranjero,situacion_deudores,C.CON.Sit.4: Riesgo alto (%),Ene-2026,7.12,2026-04-19
00072,BANCO SANTANDER ARGENTINA S.A.,extranjero,situacion_deudores,C.CON.Sit.5: Irrecuperable (%),Ene-2026,0.78,2026-04-19
00072,BANCO SANTANDER ARGENTINA S.A.,extranjero,situacion_deudores,C.CON.TOTAL GARANTIZADO - Garantías Preferidas A y B (%),Ene-2026,20.9,2026-04-19
00072,BANCO SANTANDER ARGENTINA S.A.,extranjero,situacion_deudores,CARTERA COMERCIAL ASIMILABLE A CONSUMO ($),Ene-2026,3100591.84,2026-04-19
00072,BANCO SANTANDER ARGENTINA S.A.,extranjero,situacion_deudores,Total cartera sobre financiaciones (%),Ene-2026,22.59,2026-04-19
00072,BANCO SANTANDER ARGENTINA S.A.,extranjero,situacion_deudores,C.CAC.Sit.1: En situación normal (%),Ene-2026,90.53,2026-04-19
00072,BANCO SANTANDER ARGENTINA S.A.,extranjero,situacion_deudores,C.CAC.Sit.2: Riesgo bajo (%),Ene-2026,2.72,2026-04-19
00072,BANCO SANTANDER ARGENTINA S.A.,extranjero,situacion_deudores,C.CAC.Sit.3: Riesgo medio (%),Ene-2026,3.28,2026-04-19
00072,BANCO SANTANDER ARGENTINA S.A.,extranjero,situacion_deudores,C.CAC.Sit.4: Riesgo alto (%),Ene-2026,3.28,2026-04-19
00072,BANCO SANTANDER ARGENTINA S.A.,extranjero,situacion_deudores,C.CAC.Sit.5: Irrecuperable (%),Ene-2026,0.19,2026-04-19
00072,BANCO SANTANDER ARGENTINA S.A.,extranjero,situacion_deudores,C.CAC.TOTAL GARANTIZADO - Garantías Preferidas A y B (%),Ene-2026,37.51,2026-04-19
00435,BANCO SUCREDITO REGIONAL S.A.U.,privado_nacional,situacion_deudores,TOTAL DE FINANCIACIONES Y GARANTIAS OTORGADAS ($),Dic-2023,392.01,2026-04-19
00435,BANCO SUCREDITO REGIONAL S.A.U.,privado_nacional,situacion_deudores,TF.Sit.1: En situación normal (%),Dic-2023,77.0,2026-04-19
00435,BANCO SUCREDITO REGIONAL S.A.U.,privado_nacional,situacion_deudores,TF.Sit.2: Con seguimiento especial/Riesgo bajo (%),Dic-2023,0.0,2026-04-19
00435,BANCO SUCREDITO REGIONAL S.A.U.,privado_nacional,situacion_deudores,TF.Sit.3: Con problemas/Riesgo medio (%),Dic-2023,22.96,2026-04-19
00435,BANCO SUCREDITO REGIONAL S.A.U.,privado_nacional,situacion_deudores,TF.Sit.4: Con alto riesgo de insolvencia/Riesgo alto (%),Dic-2023,0.04,2026-04-19
00435,BANCO SUCREDITO REGIONAL S.A.U.,privado_nacional,situacion_deudores,TF.Sit.5: Irrecuperable (%),Dic-2023,0.0,2026-04-19
00435,BANCO SUCREDITO REGIONAL S.A.U.,privado_nacional,situacion_deudores,TOTAL GARANTIZADO - Garantías Preferidas A y B (%),Dic-2023,5.74,2026-04-19
00435,BANCO SUCREDITO REGIONAL S.A.U.,privado_nacional,situacion_deudores,Previsiones por riesgo de incobrabilidad constituídas,Dic-2023,25.6,2026-04-19
00435,BANCO SUCREDITO REGIONAL S.A.U.,privado_nacional,situacion_deudores,CARTERA DE CONSUMO O VIVIENDA ($),Dic-2023,19.63,2026-04-19
00435,BANCO SUCREDITO REGIONAL S.A.U.,privado_nacional,situacion_deudores,Total cartera sobre financiaciones (%),Dic-2023,5.01,2026-04-19
00435,BANCO SUCREDITO REGIONAL S.A.U.,privado_nacional,situacion_deudores,C.CON.Sit.1: En situación normal (%),Dic-2023,99.22,2026-04-19
00435,BANCO SUCREDITO REGIONAL S.A.U.,privado_nacional,situacion_deudores,C.CON.Sit.2: Riesgo bajo (%),Dic-2023,0.0,2026-04-19
00435,BANCO SUCREDITO REGIONAL S.A.U.,privado_nacional,situacion_deudores,C.CON.Sit.3: Riesgo medio (%),Dic-2023,0.0,2026-04-19
00435,BANCO SUCREDITO REGIONAL S.A.U.,privado_nacional,situacion_deudores,C.CON.Sit.4: Riesgo alto (%),Dic-2023,0.78,2026-04-19
00435,BANCO SUCREDITO REGIONAL S.A.U.,privado_nacional,situacion_deudores,C.CON.Sit.5: Irrecuperable (%),Dic-2023,0.0,2026-04-19
00435,BANCO SUCREDITO REGIONAL S.A.U.,privado_nacional,situacion_deudores,CARTERA COMERCIAL ASIMILABLE A CONSUMO ($),Dic-2023,372.38,2026-04-19
00435,BANCO SUCREDITO REGIONAL S.A.U.,privado_nacional,situacion_deudores,Total cartera sobre financiaciones (%),Dic-2023,94.99,2026-04-19
00435,BANCO SUCREDITO REGIONAL S.A.U.,privado_nacional,situacion_deudores,C.CAC.Sit.1: En situación normal (%),Dic-2023,75.83,2026-04-19
00435,BANCO SUCREDITO REGIONAL S.A.U.,privado_nacional,situacion_deudores,C.CAC.Sit.2: Riesgo bajo (%),Dic-2023,0.0,2026-04-19
00435,BANCO SUCREDITO REGIONAL S.A.U.,privado_nacional,situacion_deudores,C.CAC.Sit.3: Riesgo medio (%),Dic-2023,24.17,2026-04-19
00435,BANCO SUCREDITO REGIONAL S.A.U.,privado_nacional,situacion_deudores,C.CAC.Sit.4: Riesgo alto (%),Dic-2023,0.0,2026-04-19
00435,BANCO SUCREDITO REGIONAL S.A.U.,privado_nacional,situacion_deudores,C.CAC.Sit.5: Irrecuperable (%),Dic-2023,0.0,2026-04-19
00435,BANCO SUCREDITO REGIONAL S.A.U.,privado_nacional,situacion_deudores,C.CAC.TOTAL GARANTIZADO - Garantías Preferidas A y B (%),Dic-2023,6.04,2026-04-19
00435,BANCO SUCREDITO REGIONAL S.A.U.,privado_nacional,situacion_deudores,TOTAL DE FINANCIACIONES Y GARANTIAS OTORGADAS ($),Dic-2024,3426.25,2026-04-19
00435,BANCO SUCREDITO REGIONAL S.A.U.,privado_nacional,situacion_deudores,TF.Sit.1: En situación normal (%),Dic-2024,79.54,2026-04-19
00435,BANCO SUCREDITO REGIONAL S.A.U.,privado_nacional,situacion_deudores,TF.Sit.2: Con seguimiento especial/Riesgo bajo (%),Dic-2024,0.23,2026-04-19
00435,BANCO SUCREDITO REGIONAL S.A.U.,privado_nacional,situacion_deudores,TF.Sit.3: Con problemas/Riesgo medio (%),Dic-2024,3.55,2026-04-19
00435,BANCO SUCREDITO REGIONAL S.A.U.,privado_nacional,situacion_deudores,TF.Sit.4: Con alto riesgo de insolvencia/Riesgo alto (%),Dic-2024,14.05,2026-04-19
00435,BANCO SUCREDITO REGIONAL S.A.U.,privado_nacional,situacion_deudores,TF.Sit.5: Irrecuperable (%),Dic-2024,2.63,2026-04-19
00435,BANCO SUCREDITO REGIONAL S.A.U.,privado_nacional,situacion_deudores,TOTAL GARANTIZADO - Garantías Preferidas A y B (%),Dic-2024,9.7,2026-04-19
00435,BANCO SUCREDITO REGIONAL S.A.U.,privado_nacional,situacion_deudores,Previsiones por riesgo de incobrabilidad constituídas,Dic-2024,389.07,2026-04-19
00435,BANCO SUCREDITO REGIONAL S.A.U.,privado_nacional,situacion_deudores,CARTERA DE CONSUMO O VIVIENDA ($),Dic-2024,378.28,2026-04-19
00435,BANCO SUCREDITO REGIONAL S.A.U.,privado_nacional,situacion_deudores,Total cartera sobre financiaciones (%),Dic-2024,11.04,2026-04-19
00435,BANCO SUCREDITO REGIONAL S.A.U.,privado_nacional,situacion_deudores,C.CON.Sit.1: En situación normal (%),Dic-2024,91.47,2026-04-19
00435,BANCO SUCREDITO REGIONAL S.A.U.,privado_nacional,situacion_deudores,C.CON.Sit.2: Riesgo bajo (%),Dic-2024,2.09,2026-04-19
00435,BANCO SUCREDITO REGIONAL S.A.U.,privado_nacional,situacion_deudores,C.CON.Sit.3: Riesgo medio (%),Dic-2024,1.99,2026-04-19
00435,BANCO SUCREDITO REGIONAL S.A.U.,privado_nacional,situacion_deudores,C.CON.Sit.4: Riesgo alto (%),Dic-2024,4.41,2026-04-19
00435,BANCO SUCREDITO REGIONAL S.A.U.,privado_nacional,situacion_deudores,C.CON.Sit.5: Irrecuperable (%),Dic-2024,0.04,2026-04-19
00435,BANCO SUCREDITO REGIONAL S.A.U.,privado_nacional,situacion_deudores,CARTERA COMERCIAL ASIMILABLE A CONSUMO ($),Dic-2024,3047.98,2026-04-19
00435,BANCO SUCREDITO REGIONAL S.A.U.,privado_nacional,situacion_deudores,Total cartera sobre financiaciones (%),Dic-2024,88.96,2026-04-19
00435,BANCO SUCREDITO REGIONAL S.A.U.,privado_nacional,situacion_deudores,C.CAC.Sit.1: En situación normal (%),Dic-2024,78.06,2026-04-19
00435,BANCO SUCREDITO REGIONAL S.A.U.,privado_nacional,situacion_deudores,C.CAC.Sit.2: Riesgo bajo (%),Dic-2024,0.0,2026-04-19
00435,BANCO SUCREDITO REGIONAL S.A.U.,privado_nacional,situacion_deudores,C.CAC.Sit.3: Riesgo medio (%),Dic-2024,3.74,2026-04-19
00435,BANCO SUCREDITO REGIONAL S.A.U.,privado_nacional,situacion_deudores,C.CAC.Sit.4: Riesgo alto (%),Dic-2024,15.25,2026-04-19
00435,BANCO SUCREDITO REGIONAL S.A.U.,privado_nacional,situacion_deudores,C.CAC.Sit.5: Irrecuperable (%),Dic-2024,2.95,2026-04-19
00435,BANCO SUCREDITO REGIONAL S.A.U.,privado_nacional,situacion_deudores,C.CAC.TOTAL GARANTIZADO - Garantías Preferidas A y B (%),Dic-2024,10.9,2026-04-19
00435,BANCO SUCREDITO REGIONAL S.A.U.,privado_nacional,situacion_deudores,TOTAL DE FINANCIACIONES Y GARANTIAS OTORGADAS ($),Nov-2025,4965.1,2026-04-19
00435,BANCO SUCREDITO REGIONAL S.A.U.,privado_nacional,situacion_deudores,TF.Sit.1: En situación normal (%),Nov-2025,51.85,2026-04-19
00435,BANCO SUCREDITO REGIONAL S.A.U.,privado_nacional,situacion_deudores,TF.Sit.2: Con seguimiento especial/Riesgo bajo (%),Nov-2025,13.41,2026-04-19
00435,BANCO SUCREDITO REGIONAL S.A.U.,privado_nacional,situacion_deudores,TF.Sit.3: Con problemas/Riesgo medio (%),Nov-2025,2.39,2026-04-19
00435,BANCO SUCREDITO REGIONAL S.A.U.,privado_nacional,situacion_deudores,TF.Sit.4: Con alto riesgo de insolvencia/Riesgo alto (%),Nov-2025,10.58,2026-04-19
00435,BANCO SUCREDITO REGIONAL S.A.U.,privado_nacional,situacion_deudores,TF.Sit.5: Irrecuperable (%),Nov-2025,21.77,2026-04-19
00435,BANCO SUCREDITO REGIONAL S.A.U.,privado_nacional,situacion_deudores,TOTAL GARANTIZADO - Garantías Preferidas A y B (%),Nov-2025,0.0,2026-04-19
00435,BANCO SUCREDITO REGIONAL S.A.U.,privado_nacional,situacion_deudores,Previsiones por riesgo de incobrabilidad constituídas,Nov-2025,1683.86,2026-04-19
00435,BANCO SUCREDITO REGIONAL S.A.U.,privado_nacional,situacion_deudores,CARTERA DE CONSUMO O VIVIENDA ($),Nov-2025,827.38,2026-04-19
00435,BANCO SUCREDITO REGIONAL S.A.U.,privado_nacional,situacion_deudores,Total cartera sobre financiaciones (%),Nov-2025,16.66,2026-04-19
00435,BANCO SUCREDITO REGIONAL S.A.U.,privado_nacional,situacion_deudores,C.CON.Sit.1: En situación normal (%),Nov-2025,51.33,2026-04-19
00435,BANCO SUCREDITO REGIONAL S.A.U.,privado_nacional,situacion_deudores,C.CON.Sit.2: Riesgo bajo (%),Nov-2025,32.07,2026-04-19
00435,BANCO SUCREDITO REGIONAL S.A.U.,privado_nacional,situacion_deudores,C.CON.Sit.3: Riesgo medio (%),Nov-2025,7.09,2026-04-19
00435,BANCO SUCREDITO REGIONAL S.A.U.,privado_nacional,situacion_deudores,C.CON.Sit.4: Riesgo alto (%),Nov-2025,7.36,2026-04-19
00435,BANCO SUCREDITO REGIONAL S.A.U.,privado_nacional,situacion_deudores,C.CON.Sit.5: Irrecuperable (%),Nov-2025,2.16,2026-04-19
00435,BANCO SUCREDITO REGIONAL S.A.U.,privado_nacional,situacion_deudores,CARTERA COMERCIAL ASIMILABLE A CONSUMO ($),Nov-2025,4137.72,2026-04-19
00435,BANCO SUCREDITO REGIONAL S.A.U.,privado_nacional,situacion_deudores,Total cartera sobre financiaciones (%),Nov-2025,83.34,2026-04-19
00435,BANCO SUCREDITO REGIONAL S.A.U.,privado_nacional,situacion_deudores,C.CAC.Sit.1: En situación normal (%),Nov-2025,51.96,2026-04-19
00435,BANCO SUCREDITO REGIONAL S.A.U.,privado_nacional,situacion_deudores,C.CAC.Sit.2: Riesgo bajo (%),Nov-2025,9.67,2026-04-19
00435,BANCO SUCREDITO REGIONAL S.A.U.,privado_nacional,situacion_deudores,C.CAC.Sit.3: Riesgo medio (%),Nov-2025,1.46,2026-04-19
00435,BANCO SUCREDITO REGIONAL S.A.U.,privado_nacional,situacion_deudores,C.CAC.Sit.4: Riesgo alto (%),Nov-2025,11.23,2026-04-19
00435,BANCO SUCREDITO REGIONAL S.A.U.,privado_nacional,situacion_deudores,C.CAC.Sit.5: Irrecuperable (%),Nov-2025,25.69,2026-04-19
00435,BANCO SUCREDITO REGIONAL S.A.U.,privado_nacional,situacion_deudores,C.CAC.TOTAL GARANTIZADO - Garantías Preferidas A y B (%),Nov-2025,0.0,2026-04-19
00435,BANCO SUCREDITO REGIONAL S.A.U.,privado_nacional,situacion_deudores,TOTAL DE FINANCIACIONES Y GARANTIAS OTORGADAS ($),Dic-2025,3882.72,2026-04-19
00435,BANCO SUCREDITO REGIONAL S.A.U.,privado_nacional,situacion_deudores,TF.Sit.1: En situación normal (%),Dic-2025,72.32,2026-04-19
00435,BANCO SUCREDITO REGIONAL S.A.U.,privado_nacional,situacion_deudores,TF.Sit.2: Con seguimiento especial/Riesgo bajo (%),Dic-2025,9.44,2026-04-19
00435,BANCO SUCREDITO REGIONAL S.A.U.,privado_nacional,situacion_deudores,TF.Sit.3: Con problemas/Riesgo medio (%),Dic-2025,4.41,2026-04-19
00435,BANCO SUCREDITO REGIONAL S.A.U.,privado_nacional,situacion_deudores,TF.Sit.4: Con alto riesgo de insolvencia/Riesgo alto (%),Dic-2025,13.49,2026-04-19
00435,BANCO SUCREDITO REGIONAL S.A.U.,privado_nacional,situacion_deudores,TF.Sit.5: Irrecuperable (%),Dic-2025,0.35,2026-04-19
00435,BANCO SUCREDITO REGIONAL S.A.U.,privado_nacional,situacion_deudores,TOTAL GARANTIZADO - Garantías Preferidas A y B (%),Dic-2025,0.0,2026-04-19
00435,BANCO SUCREDITO REGIONAL S.A.U.,privado_nacional,situacion_deudores,Previsiones por riesgo de incobrabilidad constituídas,Dic-2025,586.12,2026-04-19
00435,BANCO SUCREDITO REGIONAL S.A.U.,privado_nacional,situacion_deudores,CARTERA DE CONSUMO O VIVIENDA ($),Dic-2025,769.09,2026-04-19
00435,BANCO SUCREDITO REGIONAL S.A.U.,privado_nacional,situacion_deudores,Total cartera sobre financiaciones (%),Dic-2025,19.81,2026-04-19
00435,BANCO SUCREDITO REGIONAL S.A.U.,privado_nacional,situacion_deudores,C.CON.Sit.1: En situación normal (%),Dic-2025,77.67,2026-04-19
00435,BANCO SUCREDITO REGIONAL S.A.U.,privado_nacional,situacion_deudores,C.CON.Sit.2: Riesgo bajo (%),Dic-2025,6.05,2026-04-19
00435,BANCO SUCREDITO REGIONAL S.A.U.,privado_nacional,situacion_deudores,C.CON.Sit.3: Riesgo medio (%),Dic-2025,6.46,2026-04-19
00435,BANCO SUCREDITO REGIONAL S.A.U.,privado_nacional,situacion_deudores,C.CON.Sit.4: Riesgo alto (%),Dic-2025,8.07,2026-04-19
00435,BANCO SUCREDITO REGIONAL S.A.U.,privado_nacional,situacion_deudores,C.CON.Sit.5: Irrecuperable (%),Dic-2025,1.75,2026-04-19
00435,BANCO SUCREDITO REGIONAL S.A.U.,privado_nacional,situacion_deudores,CARTERA COMERCIAL ASIMILABLE A CONSUMO ($),Dic-2025,3113.63,2026-04-19
00435,BANCO SUCREDITO REGIONAL S.A.U.,privado_nacional,situacion_deudores,Total cartera sobre financiaciones (%),Dic-2025,80.19,2026-04-19
00435,BANCO SUCREDITO REGIONAL S.A.U.,privado_nacional,situacion_deudores,C.CAC.Sit.1: En situación normal (%),Dic-2025,71.0,2026-04-19
00435,BANCO SUCREDITO REGIONAL S.A.U.,privado_nacional,situacion_deudores,C.CAC.Sit.2: Riesgo bajo (%),Dic-2025,10.27,2026-04-19
00435,BANCO SUCREDITO REGIONAL S.A.U.,privado_nacional,situacion_deudores,C.CAC.Sit.3: Riesgo medio (%),Dic-2025,3.9,2026-04-19
00435,BANCO SUCREDITO REGIONAL S.A.U.,privado_nacional,situacion_deudores,C.CAC.Sit.4: Riesgo alto (%),Dic-2025,14.82,2026-04-19
00435,BANCO SUCREDITO REGIONAL S.A.U.,privado_nacional,situacion_deudores,C.CAC.Sit.5: Irrecuperable (%),Dic-2025,0.0,2026-04-19
00435,BANCO SUCREDITO REGIONAL S.A.U.,privado_nacional,situacion_deudores,C.CAC.TOTAL GARANTIZADO - Garantías Preferidas A y B (%),Dic-2025,0.0,2026-04-19
00435,BANCO SUCREDITO REGIONAL S.A.U.,privado_nacional,situacion_deudores,TOTAL DE FINANCIACIONES Y GARANTIAS OTORGADAS ($),Ene-2026,5026.48,2026-04-19
00435,BANCO SUCREDITO REGIONAL S.A.U.,privado_nacional,situacion_deudores,TF.Sit.1: En situación normal (%),Ene-2026,78.12,2026-04-19
00435,BANCO SUCREDITO REGIONAL S.A.U.,privado_nacional,situacion_deudores,TF.Sit.2: Con seguimiento especial/Riesgo bajo (%),Ene-2026,7.03,2026-04-19
00435,BANCO SUCREDITO REGIONAL S.A.U.,privado_nacional,situacion_deudores,TF.Sit.3: Con problemas/Riesgo medio (%),Ene-2026,3.38,2026-04-19
00435,BANCO SUCREDITO REGIONAL S.A.U.,privado_nacional,situacion_deudores,TF.Sit.4: Con alto riesgo de insolvencia/Riesgo alto (%),Ene-2026,11.18,2026-04-19
00435,BANCO SUCREDITO REGIONAL S.A.U.,privado_nacional,situacion_deudores,TF.Sit.5: Irrecuperable (%),Ene-2026,0.28,2026-04-19
00435,BANCO SUCREDITO REGIONAL S.A.U.,privado_nacional,situacion_deudores,TOTAL GARANTIZADO - Garantías Preferidas A y B (%),Ene-2026,9.73,2026-04-19
00435,BANCO SUCREDITO REGIONAL S.A.U.,privado_nacional,situacion_deudores,Previsiones por riesgo de incobrabilidad constituídas,Ene-2026,683.69,2026-04-19
00435,BANCO SUCREDITO REGIONAL S.A.U.,privado_nacional,situacion_deudores,CARTERA DE CONSUMO O VIVIENDA ($),Ene-2026,854.71,2026-04-19
00435,BANCO SUCREDITO REGIONAL S.A.U.,privado_nacional,situacion_deudores,Total cartera sobre financiaciones (%),Ene-2026,17.0,2026-04-19
00435,BANCO SUCREDITO REGIONAL S.A.U.,privado_nacional,situacion_deudores,C.CON.Sit.1: En situación normal (%),Ene-2026,69.51,2026-04-19
00435,BANCO SUCREDITO REGIONAL S.A.U.,privado_nacional,situacion_deudores,C.CON.Sit.2: Riesgo bajo (%),Ene-2026,10.76,2026-04-19
00435,BANCO SUCREDITO REGIONAL S.A.U.,privado_nacional,situacion_deudores,C.CON.Sit.3: Riesgo medio (%),Ene-2026,8.11,2026-04-19
00435,BANCO SUCREDITO REGIONAL S.A.U.,privado_nacional,situacion_deudores,C.CON.Sit.4: Riesgo alto (%),Ene-2026,9.94,2026-04-19
00435,BANCO SUCREDITO REGIONAL S.A.U.,privado_nacional,situacion_deudores,C.CON.Sit.5: Irrecuperable (%),Ene-2026,1.67,2026-04-19
00435,BANCO SUCREDITO REGIONAL S.A.U.,privado_nacional,situacion_deudores,CARTERA COMERCIAL ASIMILABLE A CONSUMO ($),Ene-2026,4171.77,2026-04-19
00435,BANCO SUCREDITO REGIONAL S.A.U.,privado_nacional,situacion_deudores,Total cartera sobre financiaciones (%),Ene-2026,83.0,2026-04-19
00435,BANCO SUCREDITO REGIONAL S.A.U.,privado_nacional,situacion_deudores,C.CAC.Sit.1: En situación normal (%),Ene-2026,79.89,2026-04-19
00435,BANCO SUCREDITO REGIONAL S.A.U.,privado_nacional,situacion_deudores,C.CAC.Sit.2: Riesgo bajo (%),Ene-2026,6.27,2026-04-19
00435,BANCO SUCREDITO REGIONAL S.A.U.,privado_nacional,situacion_deudores,C.CAC.Sit.3: Riesgo medio (%),Ene-2026,2.41,2026-04-19
00435,BANCO SUCREDITO REGIONAL S.A.U.,privado_nacional,situacion_deudores,C.CAC.Sit.4: Riesgo alto (%),Ene-2026,11.43,2026-04-19
00435,BANCO SUCREDITO REGIONAL S.A.U.,privado_nacional,situacion_deudores,C.CAC.Sit.5: Irrecuperable (%),Ene-2026,0.0,2026-04-19
00435,BANCO SUCREDITO REGIONAL S.A.U.,privado_nacional,situacion_deudores,C.CAC.TOTAL GARANTIZADO - Garantías Preferidas A y B (%),Ene-2026,11.72,2026-04-19
00027,BANCO SUPERVIELLE S.A.,privado_nacional,situacion_deudores,TOTAL DE FINANCIACIONES Y GARANTIAS OTORGADAS ($),Dic-2023,628181.54,2026-04-19
00027,BANCO SUPERVIELLE S.A.,privado_nacional,situacion_deudores,TF.Sit.1: En situación normal (%),Dic-2023,96.59,2026-04-19
00027,BANCO SUPERVIELLE S.A.,privado_nacional,situacion_deudores,TF.Sit.2: Con seguimiento especial/Riesgo bajo (%),Dic-2023,2.23,2026-04-19
00027,BANCO SUPERVIELLE S.A.,privado_nacional,situacion_deudores,TF.Sit.3: Con problemas/Riesgo medio (%),Dic-2023,0.53,2026-04-19
00027,BANCO SUPERVIELLE S.A.,privado_nacional,situacion_deudores,TF.Sit.4: Con alto riesgo de insolvencia/Riesgo alto (%),Dic-2023,0.36,2026-04-19
00027,BANCO SUPERVIELLE S.A.,privado_nacional,situacion_deudores,TF.Sit.5: Irrecuperable (%),Dic-2023,0.29,2026-04-19
00027,BANCO SUPERVIELLE S.A.,privado_nacional,situacion_deudores,TOTAL GARANTIZADO - Garantías Preferidas A y B (%),Dic-2023,11.45,2026-04-19
00027,BANCO SUPERVIELLE S.A.,privado_nacional,situacion_deudores,Previsiones por riesgo de incobrabilidad constituídas,Dic-2023,17887.96,2026-04-19
00027,BANCO SUPERVIELLE S.A.,privado_nacional,situacion_deudores,CARTERA COMERCIAL ($),Dic-2023,353905.47,2026-04-19
00027,BANCO SUPERVIELLE S.A.,privado_nacional,situacion_deudores,Total cartera sobre financiaciones (%),Dic-2023,56.34,2026-04-19
00027,BANCO SUPERVIELLE S.A.,privado_nacional,situacion_deudores,C.COM.Sit.1: En situación normal (%),Dic-2023,97.15,2026-04-19
00027,BANCO SUPERVIELLE S.A.,privado_nacional,situacion_deudores,C.COM.Sit.2: Con seguimiento especial (%),Dic-2023,2.79,2026-04-19
00027,BANCO SUPERVIELLE S.A.,privado_nacional,situacion_deudores,C.COM.Sit.3: Con problemas (%),Dic-2023,0.0,2026-04-19
00027,BANCO SUPERVIELLE S.A.,privado_nacional,situacion_deudores,C.COM.Sit.4: Con alto riesgo de insolvencia (%),Dic-2023,0.0,2026-04-19
00027,BANCO SUPERVIELLE S.A.,privado_nacional,situacion_deudores,C.COM.Sit.5: Irrecuperable (%),Dic-2023,0.06,2026-04-19
00027,BANCO SUPERVIELLE S.A.,privado_nacional,situacion_deudores,C.COM.TOTAL GARANTIZADO - Garantías Preferidas A y B (%),Dic-2023,11.81,2026-04-19
00027,BANCO SUPERVIELLE S.A.,privado_nacional,situacion_deudores,CARTERA DE CONSUMO O VIVIENDA ($),Dic-2023,188272.63,2026-04-19
00027,BANCO SUPERVIELLE S.A.,privado_nacional,situacion_deudores,Total cartera sobre financiaciones (%),Dic-2023,29.97,2026-04-19
00027,BANCO SUPERVIELLE S.A.,privado_nacional,situacion_deudores,C.CON.Sit.1: En situación normal (%),Dic-2023,95.28,2026-04-19
00027,BANCO SUPERVIELLE S.A.,privado_nacional,situacion_deudores,C.CON.Sit.2: Riesgo bajo (%),Dic-2023,1.87,2026-04-19
00027,BANCO SUPERVIELLE S.A.,privado_nacional,situacion_deudores,C.CON.Sit.3: Riesgo medio (%),Dic-2023,1.4,2026-04-19
00027,BANCO SUPERVIELLE S.A.,privado_nacional,situacion_deudores,C.CON.Sit.4: Riesgo alto (%),Dic-2023,0.84,2026-04-19
00027,BANCO SUPERVIELLE S.A.,privado_nacional,situacion_deudores,C.CON.Sit.5: Irrecuperable (%),Dic-2023,0.62,2026-04-19
00027,BANCO SUPERVIELLE S.A.,privado_nacional,situacion_deudores,C.CON.TOTAL GARANTIZADO - Garantías Preferidas A y B (%),Dic-2023,8.96,2026-04-19
00027,BANCO SUPERVIELLE S.A.,privado_nacional,situacion_deudores,CARTERA COMERCIAL ASIMILABLE A CONSUMO ($),Dic-2023,86003.44,2026-04-19
00027,BANCO SUPERVIELLE S.A.,privado_nacional,situacion_deudores,Total cartera sobre financiaciones (%),Dic-2023,13.69,2026-04-19
00027,BANCO SUPERVIELLE S.A.,privado_nacional,situacion_deudores,C.CAC.Sit.1: En situación normal (%),Dic-2023,97.17,2026-04-19
00027,BANCO SUPERVIELLE S.A.,privado_nacional,situacion_deudores,C.CAC.Sit.2: Riesgo bajo (%),Dic-2023,0.74,2026-04-19
00027,BANCO SUPERVIELLE S.A.,privado_nacional,situacion_deudores,C.CAC.Sit.3: Riesgo medio (%),Dic-2023,0.81,2026-04-19
00027,BANCO SUPERVIELLE S.A.,privado_nacional,situacion_deudores,C.CAC.Sit.4: Riesgo alto (%),Dic-2023,0.76,2026-04-19
00027,BANCO SUPERVIELLE S.A.,privado_nacional,situacion_deudores,C.CAC.Sit.5: Irrecuperable (%),Dic-2023,0.53,2026-04-19
00027,BANCO SUPERVIELLE S.A.,privado_nacional,situacion_deudores,C.CAC.TOTAL GARANTIZADO - Garantías Preferidas A y B (%),Dic-2023,15.4,2026-04-19
00027,BANCO SUPERVIELLE S.A.,privado_nacional,situacion_deudores,TOTAL DE FINANCIACIONES Y GARANTIAS OTORGADAS ($),Dic-2024,2484778.0,2026-04-19
00027,BANCO SUPERVIELLE S.A.,privado_nacional,situacion_deudores,TF.Sit.1: En situación normal (%),Dic-2024,97.18,2026-04-19
00027,BANCO SUPERVIELLE S.A.,privado_nacional,situacion_deudores,TF.Sit.2: Con seguimiento especial/Riesgo bajo (%),Dic-2024,1.55,2026-04-19
00027,BANCO SUPERVIELLE S.A.,privado_nacional,situacion_deudores,TF.Sit.3: Con problemas/Riesgo medio (%),Dic-2024,0.84,2026-04-19
00027,BANCO SUPERVIELLE S.A.,privado_nacional,situacion_deudores,TF.Sit.4: Con alto riesgo de insolvencia/Riesgo alto (%),Dic-2024,0.34,2026-04-19
00027,BANCO SUPERVIELLE S.A.,privado_nacional,situacion_deudores,TF.Sit.5: Irrecuperable (%),Dic-2024,0.09,2026-04-19
00027,BANCO SUPERVIELLE S.A.,privado_nacional,situacion_deudores,TOTAL GARANTIZADO - Garantías Preferidas A y B (%),Dic-2024,20.38,2026-04-19
00027,BANCO SUPERVIELLE S.A.,privado_nacional,situacion_deudores,Previsiones por riesgo de incobrabilidad constituídas,Dic-2024,49855.76,2026-04-19
00027,BANCO SUPERVIELLE S.A.,privado_nacional,situacion_deudores,CARTERA COMERCIAL ($),Dic-2024,1075772.04,2026-04-19
00027,BANCO SUPERVIELLE S.A.,privado_nacional,situacion_deudores,Total cartera sobre financiaciones (%),Dic-2024,43.29,2026-04-19
00027,BANCO SUPERVIELLE S.A.,privado_nacional,situacion_deudores,C.COM.Sit.1: En situación normal (%),Dic-2024,98.04,2026-04-19
00027,BANCO SUPERVIELLE S.A.,privado_nacional,situacion_deudores,C.COM.Sit.2: Con seguimiento especial (%),Dic-2024,1.13,2026-04-19
00027,BANCO SUPERVIELLE S.A.,privado_nacional,situacion_deudores,C.COM.Sit.3: Con problemas (%),Dic-2024,0.8,2026-04-19
00027,BANCO SUPERVIELLE S.A.,privado_nacional,situacion_deudores,C.COM.Sit.4: Con alto riesgo de insolvencia (%),Dic-2024,0.03,2026-04-19
00027,BANCO SUPERVIELLE S.A.,privado_nacional,situacion_deudores,C.COM.Sit.5: Irrecuperable (%),Dic-2024,0.0,2026-04-19
00027,BANCO SUPERVIELLE S.A.,privado_nacional,situacion_deudores,C.COM.TOTAL GARANTIZADO - Garantías Preferidas A y B (%),Dic-2024,5.49,2026-04-19
00027,BANCO SUPERVIELLE S.A.,privado_nacional,situacion_deudores,CARTERA DE CONSUMO O VIVIENDA ($),Dic-2024,819105.78,2026-04-19
00027,BANCO SUPERVIELLE S.A.,privado_nacional,situacion_deudores,Total cartera sobre financiaciones (%),Dic-2024,32.96,2026-04-19
00027,BANCO SUPERVIELLE S.A.,privado_nacional,situacion_deudores,C.CON.Sit.1: En situación normal (%),Dic-2024,96.89,2026-04-19
00027,BANCO SUPERVIELLE S.A.,privado_nacional,situacion_deudores,C.CON.Sit.2: Riesgo bajo (%),Dic-2024,1.5,2026-04-19
00027,BANCO SUPERVIELLE S.A.,privado_nacional,situacion_deudores,C.CON.Sit.3: Riesgo medio (%),Dic-2024,0.89,2026-04-19
00027,BANCO SUPERVIELLE S.A.,privado_nacional,situacion_deudores,C.CON.Sit.4: Riesgo alto (%),Dic-2024,0.63,2026-04-19
00027,BANCO SUPERVIELLE S.A.,privado_nacional,situacion_deudores,C.CON.Sit.5: Irrecuperable (%),Dic-2024,0.09,2026-04-19
00027,BANCO SUPERVIELLE S.A.,privado_nacional,situacion_deudores,C.CON.TOTAL GARANTIZADO - Garantías Preferidas A y B (%),Dic-2024,29.19,2026-04-19
00027,BANCO SUPERVIELLE S.A.,privado_nacional,situacion_deudores,CARTERA COMERCIAL ASIMILABLE A CONSUMO ($),Dic-2024,589900.18,2026-04-19
00027,BANCO SUPERVIELLE S.A.,privado_nacional,situacion_deudores,Total cartera sobre financiaciones (%),Dic-2024,23.74,2026-04-19
00027,BANCO SUPERVIELLE S.A.,privado_nacional,situacion_deudores,C.CAC.Sit.1: En situación normal (%),Dic-2024,96.0,2026-04-19
00027,BANCO SUPERVIELLE S.A.,privado_nacional,situacion_deudores,C.CAC.Sit.2: Riesgo bajo (%),Dic-2024,2.4,2026-04-19
00027,BANCO SUPERVIELLE S.A.,privado_nacional,situacion_deudores,C.CAC.Sit.3: Riesgo medio (%),Dic-2024,0.86,2026-04-19
00027,BANCO SUPERVIELLE S.A.,privado_nacional,situacion_deudores,C.CAC.Sit.4: Riesgo alto (%),Dic-2024,0.5,2026-04-19
00027,BANCO SUPERVIELLE S.A.,privado_nacional,situacion_deudores,C.CAC.Sit.5: Irrecuperable (%),Dic-2024,0.24,2026-04-19
00027,BANCO SUPERVIELLE S.A.,privado_nacional,situacion_deudores,C.CAC.TOTAL GARANTIZADO - Garantías Preferidas A y B (%),Dic-2024,35.31,2026-04-19
00027,BANCO SUPERVIELLE S.A.,privado_nacional,situacion_deudores,TOTAL DE FINANCIACIONES Y GARANTIAS OTORGADAS ($),Nov-2025,3883697.45,2026-04-19
00027,BANCO SUPERVIELLE S.A.,privado_nacional,situacion_deudores,TF.Sit.1: En situación normal (%),Nov-2025,91.19,2026-04-19
00027,BANCO SUPERVIELLE S.A.,privado_nacional,situacion_deudores,TF.Sit.2: Con seguimiento especial/Riesgo bajo (%),Nov-2025,3.85,2026-04-19
00027,BANCO SUPERVIELLE S.A.,privado_nacional,situacion_deudores,TF.Sit.3: Con problemas/Riesgo medio (%),Nov-2025,2.22,2026-04-19
00027,BANCO SUPERVIELLE S.A.,privado_nacional,situacion_deudores,TF.Sit.4: Con alto riesgo de insolvencia/Riesgo alto (%),Nov-2025,2.55,2026-04-19
00027,BANCO SUPERVIELLE S.A.,privado_nacional,situacion_deudores,TF.Sit.5: Irrecuperable (%),Nov-2025,0.19,2026-04-19
00027,BANCO SUPERVIELLE S.A.,privado_nacional,situacion_deudores,TOTAL GARANTIZADO - Garantías Preferidas A y B (%),Nov-2025,18.88,2026-04-19
00027,BANCO SUPERVIELLE S.A.,privado_nacional,situacion_deudores,Previsiones por riesgo de incobrabilidad constituídas,Nov-2025,199527.12,2026-04-19
00027,BANCO SUPERVIELLE S.A.,privado_nacional,situacion_deudores,CARTERA COMERCIAL ($),Nov-2025,1706760.64,2026-04-19
00027,BANCO SUPERVIELLE S.A.,privado_nacional,situacion_deudores,Total cartera sobre financiaciones (%),Nov-2025,43.95,2026-04-19
00027,BANCO SUPERVIELLE S.A.,privado_nacional,situacion_deudores,C.COM.Sit.1: En situación normal (%),Nov-2025,97.78,2026-04-19
00027,BANCO SUPERVIELLE S.A.,privado_nacional,situacion_deudores,C.COM.Sit.2: Con seguimiento especial (%),Nov-2025,0.63,2026-04-19
00027,BANCO SUPERVIELLE S.A.,privado_nacional,situacion_deudores,C.COM.Sit.3: Con problemas (%),Nov-2025,0.0,2026-04-19
00027,BANCO SUPERVIELLE S.A.,privado_nacional,situacion_deudores,C.COM.Sit.4: Con alto riesgo de insolvencia (%),Nov-2025,1.54,2026-04-19
00027,BANCO SUPERVIELLE S.A.,privado_nacional,situacion_deudores,C.COM.Sit.5: Irrecuperable (%),Nov-2025,0.04,2026-04-19
00027,BANCO SUPERVIELLE S.A.,privado_nacional,situacion_deudores,C.COM.TOTAL GARANTIZADO - Garantías Preferidas A y B (%),Nov-2025,6.77,2026-04-19
00027,BANCO SUPERVIELLE S.A.,privado_nacional,situacion_deudores,CARTERA DE CONSUMO O VIVIENDA ($),Nov-2025,1174281.49,2026-04-19
00027,BANCO SUPERVIELLE S.A.,privado_nacional,situacion_deudores,Total cartera sobre financiaciones (%),Nov-2025,30.24,2026-04-19
00027,BANCO SUPERVIELLE S.A.,privado_nacional,situacion_deudores,C.CON.Sit.1: En situación normal (%),Nov-2025,87.37,2026-04-19
00027,BANCO SUPERVIELLE S.A.,privado_nacional,situacion_deudores,C.CON.Sit.2: Riesgo bajo (%),Nov-2025,5.42,2026-04-19
00027,BANCO SUPERVIELLE S.A.,privado_nacional,situacion_deudores,C.CON.Sit.3: Riesgo medio (%),Nov-2025,3.92,2026-04-19
00027,BANCO SUPERVIELLE S.A.,privado_nacional,situacion_deudores,C.CON.Sit.4: Riesgo alto (%),Nov-2025,3.05,2026-04-19
00027,BANCO SUPERVIELLE S.A.,privado_nacional,situacion_deudores,C.CON.Sit.5: Irrecuperable (%),Nov-2025,0.25,2026-04-19
00027,BANCO SUPERVIELLE S.A.,privado_nacional,situacion_deudores,C.CON.TOTAL GARANTIZADO - Garantías Preferidas A y B (%),Nov-2025,27.19,2026-04-19
00027,BANCO SUPERVIELLE S.A.,privado_nacional,situacion_deudores,CARTERA COMERCIAL ASIMILABLE A CONSUMO ($),Nov-2025,1002655.32,2026-04-19
00027,BANCO SUPERVIELLE S.A.,privado_nacional,situacion_deudores,Total cartera sobre financiaciones (%),Nov-2025,25.82,2026-04-19
00027,BANCO SUPERVIELLE S.A.,privado_nacional,situacion_deudores,C.CAC.Sit.1: En situación normal (%),Nov-2025,84.43,2026-04-19
00027,BANCO SUPERVIELLE S.A.,privado_nacional,situacion_deudores,C.CAC.Sit.2: Riesgo bajo (%),Nov-2025,7.49,2026-04-19
00027,BANCO SUPERVIELLE S.A.,privado_nacional,situacion_deudores,C.CAC.Sit.3: Riesgo medio (%),Nov-2025,4.03,2026-04-19
00027,BANCO SUPERVIELLE S.A.,privado_nacional,situacion_deudores,C.CAC.Sit.4: Riesgo alto (%),Nov-2025,3.69,2026-04-19
00027,BANCO SUPERVIELLE S.A.,privado_nacional,situacion_deudores,C.CAC.Sit.5: Irrecuperable (%),Nov-2025,0.36,2026-04-19
00027,BANCO SUPERVIELLE S.A.,privado_nacional,situacion_deudores,C.CAC.TOTAL GARANTIZADO - Garantías Preferidas A y B (%),Nov-2025,29.77,2026-04-19
00027,BANCO SUPERVIELLE S.A.,privado_nacional,situacion_deudores,TOTAL DE FINANCIACIONES Y GARANTIAS OTORGADAS ($),Dic-2025,4204826.13,2026-04-19
00027,BANCO SUPERVIELLE S.A.,privado_nacional,situacion_deudores,TF.Sit.1: En situación normal (%),Dic-2025,91.93,2026-04-19
00027,BANCO SUPERVIELLE S.A.,privado_nacional,situacion_deudores,TF.Sit.2: Con seguimiento especial/Riesgo bajo (%),Dic-2025,3.02,2026-04-19
00027,BANCO SUPERVIELLE S.A.,privado_nacional,situacion_deudores,TF.Sit.3: Con problemas/Riesgo medio (%),Dic-2025,2.19,2026-04-19
00027,BANCO SUPERVIELLE S.A.,privado_nacional,situacion_deudores,TF.Sit.4: Con alto riesgo de insolvencia/Riesgo alto (%),Dic-2025,2.64,2026-04-19
00027,BANCO SUPERVIELLE S.A.,privado_nacional,situacion_deudores,TF.Sit.5: Irrecuperable (%),Dic-2025,0.23,2026-04-19
00027,BANCO SUPERVIELLE S.A.,privado_nacional,situacion_deudores,TOTAL GARANTIZADO - Garantías Preferidas A y B (%),Dic-2025,17.53,2026-04-19
00027,BANCO SUPERVIELLE S.A.,privado_nacional,situacion_deudores,Previsiones por riesgo de incobrabilidad constituídas,Dic-2025,232125.76,2026-04-19
00027,BANCO SUPERVIELLE S.A.,privado_nacional,situacion_deudores,CARTERA COMERCIAL ($),Dic-2025,1972862.48,2026-04-19
00027,BANCO SUPERVIELLE S.A.,privado_nacional,situacion_deudores,Total cartera sobre financiaciones (%),Dic-2025,46.92,2026-04-19
00027,BANCO SUPERVIELLE S.A.,privado_nacional,situacion_deudores,C.COM.Sit.1: En situación normal (%),Dic-2025,98.14,2026-04-19
00027,BANCO SUPERVIELLE S.A.,privado_nacional,situacion_deudores,C.COM.Sit.2: Con seguimiento especial (%),Dic-2025,0.49,2026-04-19
00027,BANCO SUPERVIELLE S.A.,privado_nacional,situacion_deudores,C.COM.Sit.3: Con problemas (%),Dic-2025,0.0,2026-04-19
00027,BANCO SUPERVIELLE S.A.,privado_nacional,situacion_deudores,C.COM.Sit.4: Con alto riesgo de insolvencia (%),Dic-2025,1.33,2026-04-19
00027,BANCO SUPERVIELLE S.A.,privado_nacional,situacion_deudores,C.COM.Sit.5: Irrecuperable (%),Dic-2025,0.04,2026-04-19
00027,BANCO SUPERVIELLE S.A.,privado_nacional,situacion_deudores,C.COM.TOTAL GARANTIZADO - Garantías Preferidas A y B (%),Dic-2025,5.69,2026-04-19
00027,BANCO SUPERVIELLE S.A.,privado_nacional,situacion_deudores,CARTERA DE CONSUMO O VIVIENDA ($),Dic-2025,1198155.22,2026-04-19
00027,BANCO SUPERVIELLE S.A.,privado_nacional,situacion_deudores,Total cartera sobre financiaciones (%),Dic-2025,28.49,2026-04-19
00027,BANCO SUPERVIELLE S.A.,privado_nacional,situacion_deudores,C.CON.Sit.1: En situación normal (%),Dic-2025,87.55,2026-04-19
00027,BANCO SUPERVIELLE S.A.,privado_nacional,situacion_deudores,C.CON.Sit.2: Riesgo bajo (%),Dic-2025,4.7,2026-04-19
00027,BANCO SUPERVIELLE S.A.,privado_nacional,situacion_deudores,C.CON.Sit.3: Riesgo medio (%),Dic-2025,4.11,2026-04-19
00027,BANCO SUPERVIELLE S.A.,privado_nacional,situacion_deudores,C.CON.Sit.4: Riesgo alto (%),Dic-2025,3.39,2026-04-19
00027,BANCO SUPERVIELLE S.A.,privado_nacional,situacion_deudores,C.CON.Sit.5: Irrecuperable (%),Dic-2025,0.25,2026-04-19
00027,BANCO SUPERVIELLE S.A.,privado_nacional,situacion_deudores,C.CON.TOTAL GARANTIZADO - Garantías Preferidas A y B (%),Dic-2025,27.43,2026-04-19
00027,BANCO SUPERVIELLE S.A.,privado_nacional,situacion_deudores,CARTERA COMERCIAL ASIMILABLE A CONSUMO ($),Dic-2025,1033808.43,2026-04-19
00027,BANCO SUPERVIELLE S.A.,privado_nacional,situacion_deudores,Total cartera sobre financiaciones (%),Dic-2025,24.59,2026-04-19
00027,BANCO SUPERVIELLE S.A.,privado_nacional,situacion_deudores,C.CAC.Sit.1: En situación normal (%),Dic-2025,85.16,2026-04-19
00027,BANCO SUPERVIELLE S.A.,privado_nacional,situacion_deudores,C.CAC.Sit.2: Riesgo bajo (%),Dic-2025,5.9,2026-04-19
00027,BANCO SUPERVIELLE S.A.,privado_nacional,situacion_deudores,C.CAC.Sit.3: Riesgo medio (%),Dic-2025,4.13,2026-04-19
00027,BANCO SUPERVIELLE S.A.,privado_nacional,situacion_deudores,C.CAC.Sit.4: Riesgo alto (%),Dic-2025,4.25,2026-04-19
00027,BANCO SUPERVIELLE S.A.,privado_nacional,situacion_deudores,C.CAC.Sit.5: Irrecuperable (%),Dic-2025,0.55,2026-04-19
00027,BANCO SUPERVIELLE S.A.,privado_nacional,situacion_deudores,C.CAC.TOTAL GARANTIZADO - Garantías Preferidas A y B (%),Dic-2025,28.67,2026-04-19
00027,BANCO SUPERVIELLE S.A.,privado_nacional,situacion_deudores,TOTAL DE FINANCIACIONES Y GARANTIAS OTORGADAS ($),Ene-2026,4092760.9,2026-04-19
00027,BANCO SUPERVIELLE S.A.,privado_nacional,situacion_deudores,TF.Sit.1: En situación normal (%),Ene-2026,91.34,2026-04-19
00027,BANCO SUPERVIELLE S.A.,privado_nacional,situacion_deudores,TF.Sit.2: Con seguimiento especial/Riesgo bajo (%),Ene-2026,2.89,2026-04-19
00027,BANCO SUPERVIELLE S.A.,privado_nacional,situacion_deudores,TF.Sit.3: Con problemas/Riesgo medio (%),Ene-2026,2.63,2026-04-19
00027,BANCO SUPERVIELLE S.A.,privado_nacional,situacion_deudores,TF.Sit.4: Con alto riesgo de insolvencia/Riesgo alto (%),Ene-2026,2.81,2026-04-19
00027,BANCO SUPERVIELLE S.A.,privado_nacional,situacion_deudores,TF.Sit.5: Irrecuperable (%),Ene-2026,0.32,2026-04-19
00027,BANCO SUPERVIELLE S.A.,privado_nacional,situacion_deudores,TOTAL GARANTIZADO - Garantías Preferidas A y B (%),Ene-2026,18.07,2026-04-19
00027,BANCO SUPERVIELLE S.A.,privado_nacional,situacion_deudores,Previsiones por riesgo de incobrabilidad constituídas,Ene-2026,243618.15,2026-04-19
00027,BANCO SUPERVIELLE S.A.,privado_nacional,situacion_deudores,CARTERA COMERCIAL ($),Ene-2026,1875298.1,2026-04-19
00027,BANCO SUPERVIELLE S.A.,privado_nacional,situacion_deudores,Total cartera sobre financiaciones (%),Ene-2026,45.82,2026-04-19
00027,BANCO SUPERVIELLE S.A.,privado_nacional,situacion_deudores,C.COM.Sit.1: En situación normal (%),Ene-2026,97.65,2026-04-19
00027,BANCO SUPERVIELLE S.A.,privado_nacional,situacion_deudores,C.COM.Sit.2: Con seguimiento especial (%),Ene-2026,0.81,2026-04-19
00027,BANCO SUPERVIELLE S.A.,privado_nacional,situacion_deudores,C.COM.Sit.3: Con problemas (%),Ene-2026,0.11,2026-04-19
00027,BANCO SUPERVIELLE S.A.,privado_nacional,situacion_deudores,C.COM.Sit.4: Con alto riesgo de insolvencia (%),Ene-2026,1.28,2026-04-19
00027,BANCO SUPERVIELLE S.A.,privado_nacional,situacion_deudores,C.COM.Sit.5: Irrecuperable (%),Ene-2026,0.15,2026-04-19
00027,BANCO SUPERVIELLE S.A.,privado_nacional,situacion_deudores,C.COM.TOTAL GARANTIZADO - Garantías Preferidas A y B (%),Ene-2026,6.18,2026-04-19
00027,BANCO SUPERVIELLE S.A.,privado_nacional,situacion_deudores,CARTERA DE CONSUMO O VIVIENDA ($),Ene-2026,1206536.03,2026-04-19
00027,BANCO SUPERVIELLE S.A.,privado_nacional,situacion_deudores,Total cartera sobre financiaciones (%),Ene-2026,29.48,2026-04-19
00027,BANCO SUPERVIELLE S.A.,privado_nacional,situacion_deudores,C.CON.Sit.1: En situación normal (%),Ene-2026,87.18,2026-04-19
00027,BANCO SUPERVIELLE S.A.,privado_nacional,situacion_deudores,C.CON.Sit.2: Riesgo bajo (%),Ene-2026,4.36,2026-04-19
00027,BANCO SUPERVIELLE S.A.,privado_nacional,situacion_deudores,C.CON.Sit.3: Riesgo medio (%),Ene-2026,4.61,2026-04-19
00027,BANCO SUPERVIELLE S.A.,privado_nacional,situacion_deudores,C.CON.Sit.4: Riesgo alto (%),Ene-2026,3.54,2026-04-19
00027,BANCO SUPERVIELLE S.A.,privado_nacional,situacion_deudores,C.CON.Sit.5: Irrecuperable (%),Ene-2026,0.31,2026-04-19
00027,BANCO SUPERVIELLE S.A.,privado_nacional,situacion_deudores,C.CON.TOTAL GARANTIZADO - Garantías Preferidas A y B (%),Ene-2026,27.72,2026-04-19
00027,BANCO SUPERVIELLE S.A.,privado_nacional,situacion_deudores,CARTERA COMERCIAL ASIMILABLE A CONSUMO ($),Ene-2026,1010926.78,2026-04-19
00027,BANCO SUPERVIELLE S.A.,privado_nacional,situacion_deudores,Total cartera sobre financiaciones (%),Ene-2026,24.7,2026-04-19
00027,BANCO SUPERVIELLE S.A.,privado_nacional,situacion_deudores,C.CAC.Sit.1: En situación normal (%),Ene-2026,84.63,2026-04-19
00027,BANCO SUPERVIELLE S.A.,privado_nacional,situacion_deudores,C.CAC.Sit.2: Riesgo bajo (%),Ene-2026,5.0,2026-04-19
00027,BANCO SUPERVIELLE S.A.,privado_nacional,situacion_deudores,C.CAC.Sit.3: Riesgo medio (%),Ene-2026,4.94,2026-04-19
00027,BANCO SUPERVIELLE S.A.,privado_nacional,situacion_deudores,C.CAC.Sit.4: Riesgo alto (%),Ene-2026,4.78,2026-04-19
00027,BANCO SUPERVIELLE S.A.,privado_nacional,situacion_deudores,C.CAC.Sit.5: Irrecuperable (%),Ene-2026,0.65,2026-04-19
00027,BANCO SUPERVIELLE S.A.,privado_nacional,situacion_deudores,C.CAC.TOTAL GARANTIZADO - Garantías Preferidas A y B (%),Ene-2026,28.61,2026-04-19
00312,BANCO VOII S.A.,privado_nacional,situacion_deudores,TOTAL DE FINANCIACIONES Y GARANTIAS OTORGADAS ($),Dic-2023,5184.42,2026-04-19
00312,BANCO VOII S.A.,privado_nacional,situacion_deudores,TF.Sit.1: En situación normal (%),Dic-2023,94.53,2026-04-19
00312,BANCO VOII S.A.,privado_nacional,situacion_deudores,TF.Sit.2: Con seguimiento especial/Riesgo bajo (%),Dic-2023,1.45,2026-04-19
00312,BANCO VOII S.A.,privado_nacional,situacion_deudores,TF.Sit.3: Con problemas/Riesgo medio (%),Dic-2023,2.09,2026-04-19
00312,BANCO VOII S.A.,privado_nacional,situacion_deudores,TF.Sit.4: Con alto riesgo de insolvencia/Riesgo alto (%),Dic-2023,1.3,2026-04-19
00312,BANCO VOII S.A.,privado_nacional,situacion_deudores,TF.Sit.5: Irrecuperable (%),Dic-2023,0.63,2026-04-19
00312,BANCO VOII S.A.,privado_nacional,situacion_deudores,Previsiones por riesgo de incobrabilidad constituídas,Dic-2023,195.29,2026-04-19
00312,BANCO VOII S.A.,privado_nacional,situacion_deudores,CARTERA COMERCIAL ($),Dic-2023,1071.22,2026-04-19
00312,BANCO VOII S.A.,privado_nacional,situacion_deudores,Total cartera sobre financiaciones (%),Dic-2023,20.66,2026-04-19
00312,BANCO VOII S.A.,privado_nacional,situacion_deudores,C.COM.Sit.1: En situación normal (%),Dic-2023,98.62,2026-04-19
00312,BANCO VOII S.A.,privado_nacional,situacion_deudores,C.COM.Sit.2: Con seguimiento especial (%),Dic-2023,0.0,2026-04-19
00312,BANCO VOII S.A.,privado_nacional,situacion_deudores,C.COM.Sit.3: Con problemas (%),Dic-2023,1.38,2026-04-19
00312,BANCO VOII S.A.,privado_nacional,situacion_deudores,C.COM.Sit.4: Con alto riesgo de insolvencia (%),Dic-2023,0.0,2026-04-19
00312,BANCO VOII S.A.,privado_nacional,situacion_deudores,CARTERA DE CONSUMO O VIVIENDA ($),Dic-2023,4113.2,2026-04-19
00312,BANCO VOII S.A.,privado_nacional,situacion_deudores,Total cartera sobre financiaciones (%),Dic-2023,79.34,2026-04-19
00312,BANCO VOII S.A.,privado_nacional,situacion_deudores,C.CON.Sit.1: En situación normal (%),Dic-2023,93.47,2026-04-19
00312,BANCO VOII S.A.,privado_nacional,situacion_deudores,C.CON.Sit.2: Riesgo bajo (%),Dic-2023,1.83,2026-04-19
00312,BANCO VOII S.A.,privado_nacional,situacion_deudores,C.CON.Sit.3: Riesgo medio (%),Dic-2023,2.27,2026-04-19
00312,BANCO VOII S.A.,privado_nacional,situacion_deudores,C.CON.Sit.4: Riesgo alto (%),Dic-2023,1.64,2026-04-19
00312,BANCO VOII S.A.,privado_nacional,situacion_deudores,C.CON.Sit.5: Irrecuperable (%),Dic-2023,0.8,2026-04-19
00312,BANCO VOII S.A.,privado_nacional,situacion_deudores,CARTERA COMERCIAL ASIMILABLE A CONSUMO ($),Dic-2023,0.0,2026-04-19
00312,BANCO VOII S.A.,privado_nacional,situacion_deudores,Total cartera sobre financiaciones (%),Dic-2023,0.0,2026-04-19
00312,BANCO VOII S.A.,privado_nacional,situacion_deudores,C.CAC.Sit.1: En situación normal (%),Dic-2023,100.0,2026-04-19
00312,BANCO VOII S.A.,privado_nacional,situacion_deudores,TOTAL DE FINANCIACIONES Y GARANTIAS OTORGADAS ($),Dic-2024,19200.11,2026-04-19
00312,BANCO VOII S.A.,privado_nacional,situacion_deudores,TF.Sit.1: En situación normal (%),Dic-2024,97.47,2026-04-19
00312,BANCO VOII S.A.,privado_nacional,situacion_deudores,TF.Sit.2: Con seguimiento especial/Riesgo bajo (%),Dic-2024,0.81,2026-04-19
00312,BANCO VOII S.A.,privado_nacional,situacion_deudores,TF.Sit.3: Con problemas/Riesgo medio (%),Dic-2024,1.12,2026-04-19
00312,BANCO VOII S.A.,privado_nacional,situacion_deudores,TF.Sit.4: Con alto riesgo de insolvencia/Riesgo alto (%),Dic-2024,0.5,2026-04-19
00312,BANCO VOII S.A.,privado_nacional,situacion_deudores,TF.Sit.5: Irrecuperable (%),Dic-2024,0.1,2026-04-19
00312,BANCO VOII S.A.,privado_nacional,situacion_deudores,Previsiones por riesgo de incobrabilidad constituídas,Dic-2024,174.1,2026-04-19
00312,BANCO VOII S.A.,privado_nacional,situacion_deudores,CARTERA COMERCIAL ($),Dic-2024,1846.94,2026-04-19
00312,BANCO VOII S.A.,privado_nacional,situacion_deudores,Total cartera sobre financiaciones (%),Dic-2024,9.62,2026-04-19
00312,BANCO VOII S.A.,privado_nacional,situacion_deudores,C.COM.Sit.1: En situación normal (%),Dic-2024,99.55,2026-04-19
00312,BANCO VOII S.A.,privado_nacional,situacion_deudores,C.COM.Sit.2: Con seguimiento especial (%),Dic-2024,0.0,2026-04-19
00312,BANCO VOII S.A.,privado_nacional,situacion_deudores,C.COM.Sit.3: Con problemas (%),Dic-2024,0.0,2026-04-19
00312,BANCO VOII S.A.,privado_nacional,situacion_deudores,C.COM.Sit.4: Con alto riesgo de insolvencia (%),Dic-2024,0.45,2026-04-19
00312,BANCO VOII S.A.,privado_nacional,situacion_deudores,CARTERA DE CONSUMO O VIVIENDA ($),Dic-2024,17353.17,2026-04-19
00312,BANCO VOII S.A.,privado_nacional,situacion_deudores,Total cartera sobre financiaciones (%),Dic-2024,90.38,2026-04-19
00312,BANCO VOII S.A.,privado_nacional,situacion_deudores,C.CON.Sit.1: En situación normal (%),Dic-2024,97.25,2026-04-19
00312,BANCO VOII S.A.,privado_nacional,situacion_deudores,C.CON.Sit.2: Riesgo bajo (%),Dic-2024,0.9,2026-04-19
00312,BANCO VOII S.A.,privado_nacional,situacion_deudores,C.CON.Sit.3: Riesgo medio (%),Dic-2024,1.24,2026-04-19
00312,BANCO VOII S.A.,privado_nacional,situacion_deudores,C.CON.Sit.4: Riesgo alto (%),Dic-2024,0.51,2026-04-19
00312,BANCO VOII S.A.,privado_nacional,situacion_deudores,C.CON.Sit.5: Irrecuperable (%),Dic-2024,0.11,2026-04-19
00312,BANCO VOII S.A.,privado_nacional,situacion_deudores,CARTERA COMERCIAL ASIMILABLE A CONSUMO ($),Dic-2024,0.0,2026-04-19
00312,BANCO VOII S.A.,privado_nacional,situacion_deudores,Total cartera sobre financiaciones (%),Dic-2024,0.0,2026-04-19
00312,BANCO VOII S.A.,privado_nacional,situacion_deudores,C.CAC.Sit.1: En situación normal (%),Dic-2024,0.0,2026-04-19
00312,BANCO VOII S.A.,privado_nacional,situacion_deudores,TOTAL DE FINANCIACIONES Y GARANTIAS OTORGADAS ($),Nov-2025,58660.99,2026-04-19
00312,BANCO VOII S.A.,privado_nacional,situacion_deudores,TF.Sit.1: En situación normal (%),Nov-2025,93.86,2026-04-19
00312,BANCO VOII S.A.,privado_nacional,situacion_deudores,TF.Sit.2: Con seguimiento especial/Riesgo bajo (%),Nov-2025,2.38,2026-04-19
00312,BANCO VOII S.A.,privado_nacional,situacion_deudores,TF.Sit.3: Con problemas/Riesgo medio (%),Nov-2025,2.69,2026-04-19
00312,BANCO VOII S.A.,privado_nacional,situacion_deudores,TF.Sit.4: Con alto riesgo de insolvencia/Riesgo alto (%),Nov-2025,1.02,2026-04-19
00312,BANCO VOII S.A.,privado_nacional,situacion_deudores,TF.Sit.5: Irrecuperable (%),Nov-2025,0.06,2026-04-19
00312,BANCO VOII S.A.,privado_nacional,situacion_deudores,Previsiones por riesgo de incobrabilidad constituídas,Nov-2025,762.06,2026-04-19
00312,BANCO VOII S.A.,privado_nacional,situacion_deudores,CARTERA COMERCIAL ($),Nov-2025,5670.91,2026-04-19
00312,BANCO VOII S.A.,privado_nacional,situacion_deudores,Total cartera sobre financiaciones (%),Nov-2025,9.67,2026-04-19
00312,BANCO VOII S.A.,privado_nacional,situacion_deudores,C.COM.Sit.1: En situación normal (%),Nov-2025,99.9,2026-04-19
00312,BANCO VOII S.A.,privado_nacional,situacion_deudores,C.COM.Sit.2: Con seguimiento especial (%),Nov-2025,0.01,2026-04-19
00312,BANCO VOII S.A.,privado_nacional,situacion_deudores,C.COM.Sit.3: Con problemas (%),Nov-2025,0.0,2026-04-19
00312,BANCO VOII S.A.,privado_nacional,situacion_deudores,C.COM.Sit.4: Con alto riesgo de insolvencia (%),Nov-2025,0.09,2026-04-19
00312,BANCO VOII S.A.,privado_nacional,situacion_deudores,CARTERA DE CONSUMO O VIVIENDA ($),Nov-2025,52981.8,2026-04-19
00312,BANCO VOII S.A.,privado_nacional,situacion_deudores,Total cartera sobre financiaciones (%),Nov-2025,90.32,2026-04-19
00312,BANCO VOII S.A.,privado_nacional,situacion_deudores,C.CON.Sit.1: En situación normal (%),Nov-2025,93.21,2026-04-19
00312,BANCO VOII S.A.,privado_nacional,situacion_deudores,C.CON.Sit.2: Riesgo bajo (%),Nov-2025,2.63,2026-04-19
00312,BANCO VOII S.A.,privado_nacional,situacion_deudores,C.CON.Sit.3: Riesgo medio (%),Nov-2025,2.97,2026-04-19
00312,BANCO VOII S.A.,privado_nacional,situacion_deudores,C.CON.Sit.4: Riesgo alto (%),Nov-2025,1.12,2026-04-19
00312,BANCO VOII S.A.,privado_nacional,situacion_deudores,C.CON.Sit.5: Irrecuperable (%),Nov-2025,0.06,2026-04-19
00312,BANCO VOII S.A.,privado_nacional,situacion_deudores,CARTERA COMERCIAL ASIMILABLE A CONSUMO ($),Nov-2025,8.28,2026-04-19
00312,BANCO VOII S.A.,privado_nacional,situacion_deudores,Total cartera sobre financiaciones (%),Nov-2025,0.01,2026-04-19
00312,BANCO VOII S.A.,privado_nacional,situacion_deudores,C.CAC.Sit.1: En situación normal (%),Nov-2025,100.0,2026-04-19
00312,BANCO VOII S.A.,privado_nacional,situacion_deudores,TOTAL DE FINANCIACIONES Y GARANTIAS OTORGADAS ($),Dic-2025,54224.87,2026-04-19
00312,BANCO VOII S.A.,privado_nacional,situacion_deudores,TF.Sit.1: En situación normal (%),Dic-2025,92.15,2026-04-19
00312,BANCO VOII S.A.,privado_nacional,situacion_deudores,TF.Sit.2: Con seguimiento especial/Riesgo bajo (%),Dic-2025,3.18,2026-04-19
00312,BANCO VOII S.A.,privado_nacional,situacion_deudores,TF.Sit.3: Con problemas/Riesgo medio (%),Dic-2025,3.1,2026-04-19
00312,BANCO VOII S.A.,privado_nacional,situacion_deudores,TF.Sit.4: Con alto riesgo de insolvencia/Riesgo alto (%),Dic-2025,1.51,2026-04-19
00312,BANCO VOII S.A.,privado_nacional,situacion_deudores,TF.Sit.5: Irrecuperable (%),Dic-2025,0.06,2026-04-19
00312,BANCO VOII S.A.,privado_nacional,situacion_deudores,Previsiones por riesgo de incobrabilidad constituídas,Dic-2025,707.86,2026-04-19
00312,BANCO VOII S.A.,privado_nacional,situacion_deudores,CARTERA COMERCIAL ($),Dic-2025,4170.45,2026-04-19
00312,BANCO VOII S.A.,privado_nacional,situacion_deudores,Total cartera sobre financiaciones (%),Dic-2025,7.69,2026-04-19
00312,BANCO VOII S.A.,privado_nacional,situacion_deudores,C.COM.Sit.1: En situación normal (%),Dic-2025,99.89,2026-04-19
00312,BANCO VOII S.A.,privado_nacional,situacion_deudores,C.COM.Sit.2: Con seguimiento especial (%),Dic-2025,0.0,2026-04-19
00312,BANCO VOII S.A.,privado_nacional,situacion_deudores,C.COM.Sit.3: Con problemas (%),Dic-2025,0.0,2026-04-19
00312,BANCO VOII S.A.,privado_nacional,situacion_deudores,C.COM.Sit.4: Con alto riesgo de insolvencia (%),Dic-2025,0.11,2026-04-19
00312,BANCO VOII S.A.,privado_nacional,situacion_deudores,CARTERA DE CONSUMO O VIVIENDA ($),Dic-2025,50054.42,2026-04-19
00312,BANCO VOII S.A.,privado_nacional,situacion_deudores,Total cartera sobre financiaciones (%),Dic-2025,92.31,2026-04-19
00312,BANCO VOII S.A.,privado_nacional,situacion_deudores,C.CON.Sit.1: En situación normal (%),Dic-2025,91.5,2026-04-19
00312,BANCO VOII S.A.,privado_nacional,situacion_deudores,C.CON.Sit.2: Riesgo bajo (%),Dic-2025,3.45,2026-04-19
00312,BANCO VOII S.A.,privado_nacional,situacion_deudores,C.CON.Sit.3: Riesgo medio (%),Dic-2025,3.36,2026-04-19
00312,BANCO VOII S.A.,privado_nacional,situacion_deudores,C.CON.Sit.4: Riesgo alto (%),Dic-2025,1.63,2026-04-19
00312,BANCO VOII S.A.,privado_nacional,situacion_deudores,C.CON.Sit.5: Irrecuperable (%),Dic-2025,0.07,2026-04-19
00312,BANCO VOII S.A.,privado_nacional,situacion_deudores,CARTERA COMERCIAL ASIMILABLE A CONSUMO ($),Dic-2025,0.0,2026-04-19
00312,BANCO VOII S.A.,privado_nacional,situacion_deudores,Total cartera sobre financiaciones (%),Dic-2025,0.0,2026-04-19
00312,BANCO VOII S.A.,privado_nacional,situacion_deudores,C.CAC.Sit.1: En situación normal (%),Dic-2025,0.0,2026-04-19
00312,BANCO VOII S.A.,privado_nacional,situacion_deudores,TOTAL DE FINANCIACIONES Y GARANTIAS OTORGADAS ($),Ene-2026,55924.64,2026-04-19
00312,BANCO VOII S.A.,privado_nacional,situacion_deudores,TF.Sit.1: En situación normal (%),Ene-2026,90.93,2026-04-19
00312,BANCO VOII S.A.,privado_nacional,situacion_deudores,TF.Sit.2: Con seguimiento especial/Riesgo bajo (%),Ene-2026,3.92,2026-04-19
00312,BANCO VOII S.A.,privado_nacional,situacion_deudores,TF.Sit.3: Con problemas/Riesgo medio (%),Ene-2026,3.22,2026-04-19
00312,BANCO VOII S.A.,privado_nacional,situacion_deudores,TF.Sit.4: Con alto riesgo de insolvencia/Riesgo alto (%),Ene-2026,1.85,2026-04-19
00312,BANCO VOII S.A.,privado_nacional,situacion_deudores,TF.Sit.5: Irrecuperable (%),Ene-2026,0.08,2026-04-19
00312,BANCO VOII S.A.,privado_nacional,situacion_deudores,Previsiones por riesgo de incobrabilidad constituídas,Ene-2026,657.09,2026-04-19
00312,BANCO VOII S.A.,privado_nacional,situacion_deudores,CARTERA COMERCIAL ($),Ene-2026,2037.18,2026-04-19
00312,BANCO VOII S.A.,privado_nacional,situacion_deudores,Total cartera sobre financiaciones (%),Ene-2026,3.64,2026-04-19
00312,BANCO VOII S.A.,privado_nacional,situacion_deudores,C.COM.Sit.1: En situación normal (%),Ene-2026,99.82,2026-04-19
00312,BANCO VOII S.A.,privado_nacional,situacion_deudores,C.COM.Sit.2: Con seguimiento especial (%),Ene-2026,0.0,2026-04-19
00312,BANCO VOII S.A.,privado_nacional,situacion_deudores,C.COM.Sit.3: Con problemas (%),Ene-2026,0.02,2026-04-19
00312,BANCO VOII S.A.,privado_nacional,situacion_deudores,C.COM.Sit.4: Con alto riesgo de insolvencia (%),Ene-2026,0.16,2026-04-19
00312,BANCO VOII S.A.,privado_nacional,situacion_deudores,CARTERA DE CONSUMO O VIVIENDA ($),Ene-2026,53887.4,2026-04-19
00312,BANCO VOII S.A.,privado_nacional,situacion_deudores,Total cartera sobre financiaciones (%),Ene-2026,96.36,2026-04-19
00312,BANCO VOII S.A.,privado_nacional,situacion_deudores,C.CON.Sit.1: En situación normal (%),Ene-2026,90.6,2026-04-19
00312,BANCO VOII S.A.,privado_nacional,situacion_deudores,C.CON.Sit.2: Riesgo bajo (%),Ene-2026,4.07,2026-04-19
00312,BANCO VOII S.A.,privado_nacional,situacion_deudores,C.CON.Sit.3: Riesgo medio (%),Ene-2026,3.34,2026-04-19
00312,BANCO VOII S.A.,privado_nacional,situacion_deudores,C.CON.Sit.4: Riesgo alto (%),Ene-2026,1.91,2026-04-19
00312,BANCO VOII S.A.,privado_nacional,situacion_deudores,C.CON.Sit.5: Irrecuperable (%),Ene-2026,0.08,2026-04-19
00312,BANCO VOII S.A.,privado_nacional,situacion_deudores,CARTERA COMERCIAL ASIMILABLE A CONSUMO ($),Ene-2026,0.06,2026-04-19
00312,BANCO VOII S.A.,privado_nacional,situacion_deudores,Total cartera sobre financiaciones (%),Ene-2026,0.0,2026-04-19
00312,BANCO VOII S.A.,privado_nacional,situacion_deudores,C.CAC.Sit.1: En situación normal (%),Ene-2026,100.0,2026-04-19
00131,BANK OF CHINA LIMITED SUCURSAL BUEN,extranjero,situacion_deudores,TOTAL DE FINANCIACIONES Y GARANTIAS OTORGADAS ($),Dic-2023,13952.61,2026-04-19
00131,BANK OF CHINA LIMITED SUCURSAL BUEN,extranjero,situacion_deudores,TF.Sit.1: En situación normal (%),Dic-2023,100.0,2026-04-19
00131,BANK OF CHINA LIMITED SUCURSAL BUEN,extranjero,situacion_deudores,Previsiones por riesgo de incobrabilidad constituídas,Dic-2023,13.41,2026-04-19
00131,BANK OF CHINA LIMITED SUCURSAL BUEN,extranjero,situacion_deudores,CARTERA COMERCIAL ($),Dic-2023,13952.61,2026-04-19
00131,BANK OF CHINA LIMITED SUCURSAL BUEN,extranjero,situacion_deudores,Total cartera sobre financiaciones (%),Dic-2023,100.0,2026-04-19
00131,BANK OF CHINA LIMITED SUCURSAL BUEN,extranjero,situacion_deudores,C.COM.Sit.1: En situación normal (%),Dic-2023,100.0,2026-04-19
00131,BANK OF CHINA LIMITED SUCURSAL BUEN,extranjero,situacion_deudores,TOTAL DE FINANCIACIONES Y GARANTIAS OTORGADAS ($),Dic-2024,16269.62,2026-04-19
00131,BANK OF CHINA LIMITED SUCURSAL BUEN,extranjero,situacion_deudores,TF.Sit.1: En situación normal (%),Dic-2024,100.0,2026-04-19
00131,BANK OF CHINA LIMITED SUCURSAL BUEN,extranjero,situacion_deudores,Previsiones por riesgo de incobrabilidad constituídas,Dic-2024,24.45,2026-04-19
00131,BANK OF CHINA LIMITED SUCURSAL BUEN,extranjero,situacion_deudores,CARTERA COMERCIAL ($),Dic-2024,16269.62,2026-04-19
00131,BANK OF CHINA LIMITED SUCURSAL BUEN,extranjero,situacion_deudores,Total cartera sobre financiaciones (%),Dic-2024,100.0,2026-04-19
00131,BANK OF CHINA LIMITED SUCURSAL BUEN,extranjero,situacion_deudores,C.COM.Sit.1: En situación normal (%),Dic-2024,100.0,2026-04-19
00131,BANK OF CHINA LIMITED SUCURSAL BUEN,extranjero,situacion_deudores,TOTAL DE FINANCIACIONES Y GARANTIAS OTORGADAS ($),Nov-2025,112113.34,2026-04-19
00131,BANK OF CHINA LIMITED SUCURSAL BUEN,extranjero,situacion_deudores,TF.Sit.1: En situación normal (%),Nov-2025,100.0,2026-04-19
00131,BANK OF CHINA LIMITED SUCURSAL BUEN,extranjero,situacion_deudores,Previsiones por riesgo de incobrabilidad constituídas,Nov-2025,68.73,2026-04-19
00131,BANK OF CHINA LIMITED SUCURSAL BUEN,extranjero,situacion_deudores,CARTERA COMERCIAL ($),Nov-2025,112113.34,2026-04-19
00131,BANK OF CHINA LIMITED SUCURSAL BUEN,extranjero,situacion_deudores,Total cartera sobre financiaciones (%),Nov-2025,100.0,2026-04-19
00131,BANK OF CHINA LIMITED SUCURSAL BUEN,extranjero,situacion_deudores,C.COM.Sit.1: En situación normal (%),Nov-2025,100.0,2026-04-19
00131,BANK OF CHINA LIMITED SUCURSAL BUEN,extranjero,situacion_deudores,TOTAL DE FINANCIACIONES Y GARANTIAS OTORGADAS ($),Dic-2025,110969.51,2026-04-19
00131,BANK OF CHINA LIMITED SUCURSAL BUEN,extranjero,situacion_deudores,TF.Sit.1: En situación normal (%),Dic-2025,100.0,2026-04-19
00131,BANK OF CHINA LIMITED SUCURSAL BUEN,extranjero,situacion_deudores,Previsiones por riesgo de incobrabilidad constituídas,Dic-2025,2.15,2026-04-19
00131,BANK OF CHINA LIMITED SUCURSAL BUEN,extranjero,situacion_deudores,CARTERA COMERCIAL ($),Dic-2025,110969.51,2026-04-19
00131,BANK OF CHINA LIMITED SUCURSAL BUEN,extranjero,situacion_deudores,Total cartera sobre financiaciones (%),Dic-2025,100.0,2026-04-19
00131,BANK OF CHINA LIMITED SUCURSAL BUEN,extranjero,situacion_deudores,C.COM.Sit.1: En situación normal (%),Dic-2025,100.0,2026-04-19
00131,BANK OF CHINA LIMITED SUCURSAL BUEN,extranjero,situacion_deudores,TOTAL DE FINANCIACIONES Y GARANTIAS OTORGADAS ($),Ene-2026,100393.54,2026-04-19
00131,BANK OF CHINA LIMITED SUCURSAL BUEN,extranjero,situacion_deudores,TF.Sit.1: En situación normal (%),Ene-2026,100.0,2026-04-19
00131,BANK OF CHINA LIMITED SUCURSAL BUEN,extranjero,situacion_deudores,Previsiones por riesgo de incobrabilidad constituídas,Ene-2026,2.1,2026-04-19
00131,BANK OF CHINA LIMITED SUCURSAL BUEN,extranjero,situacion_deudores,CARTERA COMERCIAL ($),Ene-2026,100393.54,2026-04-19
00131,BANK OF CHINA LIMITED SUCURSAL BUEN,extranjero,situacion_deudores,Total cartera sobre financiaciones (%),Ene-2026,100.0,2026-04-19
00131,BANK OF CHINA LIMITED SUCURSAL BUEN,extranjero,situacion_deudores,C.COM.Sit.1: En situación normal (%),Ene-2026,100.0,2026-04-19
00147,BIBANK S.A.,privado_nacional,situacion_deudores,TOTAL DE FINANCIACIONES Y GARANTIAS OTORGADAS ($),Dic-2023,8006.17,2026-04-19
00147,BIBANK S.A.,privado_nacional,situacion_deudores,TF.Sit.1: En situación normal (%),Dic-2023,99.11,2026-04-19
00147,BIBANK S.A.,privado_nacional,situacion_deudores,TF.Sit.2: Con seguimiento especial/Riesgo bajo (%),Dic-2023,0.0,2026-04-19
00147,BIBANK S.A.,privado_nacional,situacion_deudores,TF.Sit.3: Con problemas/Riesgo medio (%),Dic-2023,0.09,2026-04-19
00147,BIBANK S.A.,privado_nacional,situacion_deudores,TF.Sit.4: Con alto riesgo de insolvencia/Riesgo alto (%),Dic-2023,0.55,2026-04-19
00147,BIBANK S.A.,privado_nacional,situacion_deudores,TF.Sit.5: Irrecuperable (%),Dic-2023,0.24,2026-04-19
00147,BIBANK S.A.,privado_nacional,situacion_deudores,TOTAL GARANTIZADO - Garantías Preferidas A y B (%),Dic-2023,14.04,2026-04-19
00147,BIBANK S.A.,privado_nacional,situacion_deudores,Previsiones por riesgo de incobrabilidad constituídas,Dic-2023,173.7,2026-04-19
00147,BIBANK S.A.,privado_nacional,situacion_deudores,CARTERA COMERCIAL ($),Dic-2023,6469.35,2026-04-19
00147,BIBANK S.A.,privado_nacional,situacion_deudores,Total cartera sobre financiaciones (%),Dic-2023,80.8,2026-04-19
00147,BIBANK S.A.,privado_nacional,situacion_deudores,C.COM.Sit.1: En situación normal (%),Dic-2023,99.33,2026-04-19
00147,BIBANK S.A.,privado_nacional,situacion_deudores,C.COM.Sit.2: Con seguimiento especial (%),Dic-2023,0.0,2026-04-19
00147,BIBANK S.A.,privado_nacional,situacion_deudores,C.COM.Sit.3: Con problemas (%),Dic-2023,0.0,2026-04-19
00147,BIBANK S.A.,privado_nacional,situacion_deudores,C.COM.Sit.4: Con alto riesgo de insolvencia (%),Dic-2023,0.67,2026-04-19
00147,BIBANK S.A.,privado_nacional,situacion_deudores,C.COM.Sit.5: Irrecuperable (%),Dic-2023,0.0,2026-04-19
00147,BIBANK S.A.,privado_nacional,situacion_deudores,C.COM.TOTAL GARANTIZADO - Garantías Preferidas A y B (%),Dic-2023,13.15,2026-04-19
00147,BIBANK S.A.,privado_nacional,situacion_deudores,CARTERA DE CONSUMO O VIVIENDA ($),Dic-2023,63.33,2026-04-19
00147,BIBANK S.A.,privado_nacional,situacion_deudores,Total cartera sobre financiaciones (%),Dic-2023,0.79,2026-04-19
00147,BIBANK S.A.,privado_nacional,situacion_deudores,C.CON.Sit.1: En situación normal (%),Dic-2023,85.58,2026-04-19
00147,BIBANK S.A.,privado_nacional,situacion_deudores,C.CON.Sit.2: Riesgo bajo (%),Dic-2023,0.11,2026-04-19
00147,BIBANK S.A.,privado_nacional,situacion_deudores,C.CON.Sit.3: Riesgo medio (%),Dic-2023,2.18,2026-04-19
00147,BIBANK S.A.,privado_nacional,situacion_deudores,C.CON.Sit.4: Riesgo alto (%),Dic-2023,1.44,2026-04-19
00147,BIBANK S.A.,privado_nacional,situacion_deudores,C.CON.Sit.5: Irrecuperable (%),Dic-2023,10.69,2026-04-19
00147,BIBANK S.A.,privado_nacional,situacion_deudores,C.CON.TOTAL GARANTIZADO - Garantías Preferidas A y B (%),Dic-2023,66.54,2026-04-19
00147,BIBANK S.A.,privado_nacional,situacion_deudores,CARTERA COMERCIAL ASIMILABLE A CONSUMO ($),Dic-2023,1473.48,2026-04-19
00147,BIBANK S.A.,privado_nacional,situacion_deudores,Total cartera sobre financiaciones (%),Dic-2023,18.4,2026-04-19
00147,BIBANK S.A.,privado_nacional,situacion_deudores,C.CAC.Sit.1: En situación normal (%),Dic-2023,98.73,2026-04-19
00147,BIBANK S.A.,privado_nacional,situacion_deudores,C.CAC.Sit.2: Riesgo bajo (%),Dic-2023,0.0,2026-04-19
00147,BIBANK S.A.,privado_nacional,situacion_deudores,C.CAC.Sit.3: Riesgo medio (%),Dic-2023,0.4,2026-04-19
00147,BIBANK S.A.,privado_nacional,situacion_deudores,C.CAC.Sit.4: Riesgo alto (%),Dic-2023,0.0,2026-04-19
00147,BIBANK S.A.,privado_nacional,situacion_deudores,C.CAC.Sit.5: Irrecuperable (%),Dic-2023,0.87,2026-04-19
00147,BIBANK S.A.,privado_nacional,situacion_deudores,C.CAC.TOTAL GARANTIZADO - Garantías Preferidas A y B (%),Dic-2023,15.68,2026-04-19
00147,BIBANK S.A.,privado_nacional,situacion_deudores,TOTAL DE FINANCIACIONES Y GARANTIAS OTORGADAS ($),Dic-2024,28687.19,2026-04-19
00147,BIBANK S.A.,privado_nacional,situacion_deudores,TF.Sit.1: En situación normal (%),Dic-2024,99.74,2026-04-19
00147,BIBANK S.A.,privado_nacional,situacion_deudores,TF.Sit.2: Con seguimiento especial/Riesgo bajo (%),Dic-2024,0.0,2026-04-19
00147,BIBANK S.A.,privado_nacional,situacion_deudores,TF.Sit.3: Con problemas/Riesgo medio (%),Dic-2024,0.0,2026-04-19
00147,BIBANK S.A.,privado_nacional,situacion_deudores,TF.Sit.4: Con alto riesgo de insolvencia/Riesgo alto (%),Dic-2024,0.14,2026-04-19
00147,BIBANK S.A.,privado_nacional,situacion_deudores,TF.Sit.5: Irrecuperable (%),Dic-2024,0.13,2026-04-19
00147,BIBANK S.A.,privado_nacional,situacion_deudores,TOTAL GARANTIZADO - Garantías Preferidas A y B (%),Dic-2024,7.16,2026-04-19
00147,BIBANK S.A.,privado_nacional,situacion_deudores,Previsiones por riesgo de incobrabilidad constituídas,Dic-2024,318.69,2026-04-19
00147,BIBANK S.A.,privado_nacional,situacion_deudores,CARTERA COMERCIAL ($),Dic-2024,25978.09,2026-04-19
00147,BIBANK S.A.,privado_nacional,situacion_deudores,Total cartera sobre financiaciones (%),Dic-2024,90.56,2026-04-19
00147,BIBANK S.A.,privado_nacional,situacion_deudores,C.COM.Sit.1: En situación normal (%),Dic-2024,99.85,2026-04-19
00147,BIBANK S.A.,privado_nacional,situacion_deudores,C.COM.Sit.2: Con seguimiento especial (%),Dic-2024,0.0,2026-04-19
00147,BIBANK S.A.,privado_nacional,situacion_deudores,C.COM.Sit.3: Con problemas (%),Dic-2024,0.0,2026-04-19
00147,BIBANK S.A.,privado_nacional,situacion_deudores,C.COM.Sit.4: Con alto riesgo de insolvencia (%),Dic-2024,0.02,2026-04-19
00147,BIBANK S.A.,privado_nacional,situacion_deudores,C.COM.Sit.5: Irrecuperable (%),Dic-2024,0.13,2026-04-19
00147,BIBANK S.A.,privado_nacional,situacion_deudores,C.COM.TOTAL GARANTIZADO - Garantías Preferidas A y B (%),Dic-2024,7.9,2026-04-19
00147,BIBANK S.A.,privado_nacional,situacion_deudores,CARTERA DE CONSUMO O VIVIENDA ($),Dic-2024,10.33,2026-04-19
00147,BIBANK S.A.,privado_nacional,situacion_deudores,Total cartera sobre financiaciones (%),Dic-2024,0.04,2026-04-19
00147,BIBANK S.A.,privado_nacional,situacion_deudores,C.CON.Sit.1: En situación normal (%),Dic-2024,74.4,2026-04-19
00147,BIBANK S.A.,privado_nacional,situacion_deudores,C.CON.Sit.2: Riesgo bajo (%),Dic-2024,0.0,2026-04-19
00147,BIBANK S.A.,privado_nacional,situacion_deudores,C.CON.Sit.3: Riesgo medio (%),Dic-2024,0.0,2026-04-19
00147,BIBANK S.A.,privado_nacional,situacion_deudores,C.CON.Sit.4: Riesgo alto (%),Dic-2024,0.0,2026-04-19
00147,BIBANK S.A.,privado_nacional,situacion_deudores,C.CON.Sit.5: Irrecuperable (%),Dic-2024,25.6,2026-04-19
00147,BIBANK S.A.,privado_nacional,situacion_deudores,C.CON.TOTAL GARANTIZADO - Garantías Preferidas A y B (%),Dic-2024,20.81,2026-04-19
00147,BIBANK S.A.,privado_nacional,situacion_deudores,CARTERA COMERCIAL ASIMILABLE A CONSUMO ($),Dic-2024,2698.78,2026-04-19
00147,BIBANK S.A.,privado_nacional,situacion_deudores,Total cartera sobre financiaciones (%),Dic-2024,9.41,2026-04-19
00147,BIBANK S.A.,privado_nacional,situacion_deudores,C.CAC.Sit.1: En situación normal (%),Dic-2024,98.77,2026-04-19
00147,BIBANK S.A.,privado_nacional,situacion_deudores,C.CAC.Sit.2: Riesgo bajo (%),Dic-2024,0.0,2026-04-19
00147,BIBANK S.A.,privado_nacional,situacion_deudores,C.CAC.Sit.3: Riesgo medio (%),Dic-2024,0.0,2026-04-19
00147,BIBANK S.A.,privado_nacional,situacion_deudores,C.CAC.Sit.4: Riesgo alto (%),Dic-2024,1.23,2026-04-19
00147,BIBANK S.A.,privado_nacional,situacion_deudores,C.CAC.Sit.5: Irrecuperable (%),Dic-2024,0.0,2026-04-19
00147,BIBANK S.A.,privado_nacional,situacion_deudores,C.CAC.TOTAL GARANTIZADO - Garantías Preferidas A y B (%),Dic-2024,0.0,2026-04-19
00147,BIBANK S.A.,privado_nacional,situacion_deudores,TOTAL DE FINANCIACIONES Y GARANTIAS OTORGADAS ($),Nov-2025,48504.37,2026-04-19
00147,BIBANK S.A.,privado_nacional,situacion_deudores,TF.Sit.1: En situación normal (%),Nov-2025,97.7,2026-04-19
00147,BIBANK S.A.,privado_nacional,situacion_deudores,TF.Sit.2: Con seguimiento especial/Riesgo bajo (%),Nov-2025,0.01,2026-04-19
00147,BIBANK S.A.,privado_nacional,situacion_deudores,TF.Sit.3: Con problemas/Riesgo medio (%),Nov-2025,0.39,2026-04-19
00147,BIBANK S.A.,privado_nacional,situacion_deudores,TF.Sit.4: Con alto riesgo de insolvencia/Riesgo alto (%),Nov-2025,1.77,2026-04-19
00147,BIBANK S.A.,privado_nacional,situacion_deudores,TF.Sit.5: Irrecuperable (%),Nov-2025,0.14,2026-04-19
00147,BIBANK S.A.,privado_nacional,situacion_deudores,TOTAL GARANTIZADO - Garantías Preferidas A y B (%),Nov-2025,2.28,2026-04-19
00147,BIBANK S.A.,privado_nacional,situacion_deudores,Previsiones por riesgo de incobrabilidad constituídas,Nov-2025,1271.05,2026-04-19
00147,BIBANK S.A.,privado_nacional,situacion_deudores,CARTERA COMERCIAL ($),Nov-2025,37491.66,2026-04-19
00147,BIBANK S.A.,privado_nacional,situacion_deudores,Total cartera sobre financiaciones (%),Nov-2025,77.3,2026-04-19
00147,BIBANK S.A.,privado_nacional,situacion_deudores,C.COM.Sit.1: En situación normal (%),Nov-2025,97.02,2026-04-19
00147,BIBANK S.A.,privado_nacional,situacion_deudores,C.COM.Sit.2: Con seguimiento especial (%),Nov-2025,0.01,2026-04-19
00147,BIBANK S.A.,privado_nacional,situacion_deudores,C.COM.Sit.3: Con problemas (%),Nov-2025,0.5,2026-04-19
00147,BIBANK S.A.,privado_nacional,situacion_deudores,C.COM.Sit.4: Con alto riesgo de insolvencia (%),Nov-2025,2.29,2026-04-19
00147,BIBANK S.A.,privado_nacional,situacion_deudores,C.COM.Sit.5: Irrecuperable (%),Nov-2025,0.18,2026-04-19
00147,BIBANK S.A.,privado_nacional,situacion_deudores,C.COM.TOTAL GARANTIZADO - Garantías Preferidas A y B (%),Nov-2025,2.95,2026-04-19
00147,BIBANK S.A.,privado_nacional,situacion_deudores,CARTERA DE CONSUMO O VIVIENDA ($),Nov-2025,0.44,2026-04-19
00147,BIBANK S.A.,privado_nacional,situacion_deudores,Total cartera sobre financiaciones (%),Nov-2025,0.0,2026-04-19
00147,BIBANK S.A.,privado_nacional,situacion_deudores,C.CON.Sit.1: En situación normal (%),Nov-2025,100.0,2026-04-19
00147,BIBANK S.A.,privado_nacional,situacion_deudores,C.CON.Sit.2: Riesgo bajo (%),Nov-2025,0.0,2026-04-19
00147,BIBANK S.A.,privado_nacional,situacion_deudores,C.CON.Sit.3: Riesgo medio (%),Nov-2025,0.0,2026-04-19
00147,BIBANK S.A.,privado_nacional,situacion_deudores,C.CON.Sit.4: Riesgo alto (%),Nov-2025,0.0,2026-04-19
00147,BIBANK S.A.,privado_nacional,situacion_deudores,C.CON.Sit.5: Irrecuperable (%),Nov-2025,0.0,2026-04-19
00147,BIBANK S.A.,privado_nacional,situacion_deudores,C.CON.TOTAL GARANTIZADO - Garantías Preferidas A y B (%),Nov-2025,0.0,2026-04-19
00147,BIBANK S.A.,privado_nacional,situacion_deudores,CARTERA COMERCIAL ASIMILABLE A CONSUMO ($),Nov-2025,11012.27,2026-04-19
00147,BIBANK S.A.,privado_nacional,situacion_deudores,Total cartera sobre financiaciones (%),Nov-2025,22.7,2026-04-19
00147,BIBANK S.A.,privado_nacional,situacion_deudores,C.CAC.Sit.1: En situación normal (%),Nov-2025,99.99,2026-04-19
00147,BIBANK S.A.,privado_nacional,situacion_deudores,C.CAC.Sit.2: Riesgo bajo (%),Nov-2025,0.0,2026-04-19
00147,BIBANK S.A.,privado_nacional,situacion_deudores,C.CAC.Sit.3: Riesgo medio (%),Nov-2025,0.0,2026-04-19
00147,BIBANK S.A.,privado_nacional,situacion_deudores,C.CAC.Sit.4: Riesgo alto (%),Nov-2025,0.0,2026-04-19
00147,BIBANK S.A.,privado_nacional,situacion_deudores,C.CAC.Sit.5: Irrecuperable (%),Nov-2025,0.01,2026-04-19
00147,BIBANK S.A.,privado_nacional,situacion_deudores,C.CAC.TOTAL GARANTIZADO - Garantías Preferidas A y B (%),Nov-2025,0.0,2026-04-19
00147,BIBANK S.A.,privado_nacional,situacion_deudores,TOTAL DE FINANCIACIONES Y GARANTIAS OTORGADAS ($),Dic-2025,57857.83,2026-04-19
00147,BIBANK S.A.,privado_nacional,situacion_deudores,TF.Sit.1: En situación normal (%),Dic-2025,97.83,2026-04-19
00147,BIBANK S.A.,privado_nacional,situacion_deudores,TF.Sit.2: Con seguimiento especial/Riesgo bajo (%),Dic-2025,0.27,2026-04-19
00147,BIBANK S.A.,privado_nacional,situacion_deudores,TF.Sit.3: Con problemas/Riesgo medio (%),Dic-2025,0.33,2026-04-19
00147,BIBANK S.A.,privado_nacional,situacion_deudores,TF.Sit.4: Con alto riesgo de insolvencia/Riesgo alto (%),Dic-2025,1.45,2026-04-19
00147,BIBANK S.A.,privado_nacional,situacion_deudores,TF.Sit.5: Irrecuperable (%),Dic-2025,0.12,2026-04-19
00147,BIBANK S.A.,privado_nacional,situacion_deudores,TOTAL GARANTIZADO - Garantías Preferidas A y B (%),Dic-2025,0.84,2026-04-19
00147,BIBANK S.A.,privado_nacional,situacion_deudores,Previsiones por riesgo de incobrabilidad constituídas,Dic-2025,1348.38,2026-04-19
00147,BIBANK S.A.,privado_nacional,situacion_deudores,CARTERA COMERCIAL ($),Dic-2025,47877.15,2026-04-19
00147,BIBANK S.A.,privado_nacional,situacion_deudores,Total cartera sobre financiaciones (%),Dic-2025,82.75,2026-04-19
00147,BIBANK S.A.,privado_nacional,situacion_deudores,C.COM.Sit.1: En situación normal (%),Dic-2025,97.7,2026-04-19
00147,BIBANK S.A.,privado_nacional,situacion_deudores,C.COM.Sit.2: Con seguimiento especial (%),Dic-2025,0.01,2026-04-19
00147,BIBANK S.A.,privado_nacional,situacion_deudores,C.COM.Sit.3: Con problemas (%),Dic-2025,0.4,2026-04-19
00147,BIBANK S.A.,privado_nacional,situacion_deudores,C.COM.Sit.4: Con alto riesgo de insolvencia (%),Dic-2025,1.76,2026-04-19
00147,BIBANK S.A.,privado_nacional,situacion_deudores,C.COM.Sit.5: Irrecuperable (%),Dic-2025,0.14,2026-04-19
00147,BIBANK S.A.,privado_nacional,situacion_deudores,C.COM.TOTAL GARANTIZADO - Garantías Preferidas A y B (%),Dic-2025,1.02,2026-04-19
00147,BIBANK S.A.,privado_nacional,situacion_deudores,CARTERA DE CONSUMO O VIVIENDA ($),Dic-2025,120.03,2026-04-19
00147,BIBANK S.A.,privado_nacional,situacion_deudores,Total cartera sobre financiaciones (%),Dic-2025,0.21,2026-04-19
00147,BIBANK S.A.,privado_nacional,situacion_deudores,C.CON.Sit.1: En situación normal (%),Dic-2025,100.0,2026-04-19
00147,BIBANK S.A.,privado_nacional,situacion_deudores,C.CON.Sit.2: Riesgo bajo (%),Dic-2025,0.0,2026-04-19
00147,BIBANK S.A.,privado_nacional,situacion_deudores,C.CON.Sit.3: Riesgo medio (%),Dic-2025,0.0,2026-04-19
00147,BIBANK S.A.,privado_nacional,situacion_deudores,C.CON.Sit.4: Riesgo alto (%),Dic-2025,0.0,2026-04-19
00147,BIBANK S.A.,privado_nacional,situacion_deudores,C.CON.Sit.5: Irrecuperable (%),Dic-2025,0.0,2026-04-19
00147,BIBANK S.A.,privado_nacional,situacion_deudores,C.CON.TOTAL GARANTIZADO - Garantías Preferidas A y B (%),Dic-2025,0.0,2026-04-19
00147,BIBANK S.A.,privado_nacional,situacion_deudores,CARTERA COMERCIAL ASIMILABLE A CONSUMO ($),Dic-2025,9860.64,2026-04-19
00147,BIBANK S.A.,privado_nacional,situacion_deudores,Total cartera sobre financiaciones (%),Dic-2025,17.04,2026-04-19
00147,BIBANK S.A.,privado_nacional,situacion_deudores,C.CAC.Sit.1: En situación normal (%),Dic-2025,98.47,2026-04-19
00147,BIBANK S.A.,privado_nacional,situacion_deudores,C.CAC.Sit.2: Riesgo bajo (%),Dic-2025,1.52,2026-04-19
00147,BIBANK S.A.,privado_nacional,situacion_deudores,C.CAC.Sit.3: Riesgo medio (%),Dic-2025,0.0,2026-04-19
00147,BIBANK S.A.,privado_nacional,situacion_deudores,C.CAC.Sit.4: Riesgo alto (%),Dic-2025,0.0,2026-04-19
00147,BIBANK S.A.,privado_nacional,situacion_deudores,C.CAC.Sit.5: Irrecuperable (%),Dic-2025,0.01,2026-04-19
00147,BIBANK S.A.,privado_nacional,situacion_deudores,C.CAC.TOTAL GARANTIZADO - Garantías Preferidas A y B (%),Dic-2025,0.0,2026-04-19
00147,BIBANK S.A.,privado_nacional,situacion_deudores,TOTAL DE FINANCIACIONES Y GARANTIAS OTORGADAS ($),Ene-2026,50151.24,2026-04-19
00147,BIBANK S.A.,privado_nacional,situacion_deudores,TF.Sit.1: En situación normal (%),Ene-2026,95.04,2026-04-19
00147,BIBANK S.A.,privado_nacional,situacion_deudores,TF.Sit.2: Con seguimiento especial/Riesgo bajo (%),Ene-2026,1.63,2026-04-19
00147,BIBANK S.A.,privado_nacional,situacion_deudores,TF.Sit.3: Con problemas/Riesgo medio (%),Ene-2026,1.53,2026-04-19
00147,BIBANK S.A.,privado_nacional,situacion_deudores,TF.Sit.4: Con alto riesgo de insolvencia/Riesgo alto (%),Ene-2026,1.68,2026-04-19
00147,BIBANK S.A.,privado_nacional,situacion_deudores,TF.Sit.5: Irrecuperable (%),Ene-2026,0.12,2026-04-19
00147,BIBANK S.A.,privado_nacional,situacion_deudores,TOTAL GARANTIZADO - Garantías Preferidas A y B (%),Ene-2026,2.27,2026-04-19
00147,BIBANK S.A.,privado_nacional,situacion_deudores,Previsiones por riesgo de incobrabilidad constituídas,Ene-2026,1720.57,2026-04-19
00147,BIBANK S.A.,privado_nacional,situacion_deudores,CARTERA COMERCIAL ($),Ene-2026,41432.04,2026-04-19
00147,BIBANK S.A.,privado_nacional,situacion_deudores,Total cartera sobre financiaciones (%),Ene-2026,82.61,2026-04-19
00147,BIBANK S.A.,privado_nacional,situacion_deudores,C.COM.Sit.1: En situación normal (%),Ene-2026,95.17,2026-04-19
00147,BIBANK S.A.,privado_nacional,situacion_deudores,C.COM.Sit.2: Con seguimiento especial (%),Ene-2026,0.8,2026-04-19
00147,BIBANK S.A.,privado_nacional,situacion_deudores,C.COM.Sit.3: Con problemas (%),Ene-2026,1.85,2026-04-19
00147,BIBANK S.A.,privado_nacional,situacion_deudores,C.COM.Sit.4: Con alto riesgo de insolvencia (%),Ene-2026,2.03,2026-04-19
00147,BIBANK S.A.,privado_nacional,situacion_deudores,C.COM.Sit.5: Irrecuperable (%),Ene-2026,0.14,2026-04-19
00147,BIBANK S.A.,privado_nacional,situacion_deudores,C.COM.TOTAL GARANTIZADO - Garantías Preferidas A y B (%),Ene-2026,2.74,2026-04-19
00147,BIBANK S.A.,privado_nacional,situacion_deudores,CARTERA DE CONSUMO O VIVIENDA ($),Ene-2026,125.25,2026-04-19
00147,BIBANK S.A.,privado_nacional,situacion_deudores,Total cartera sobre financiaciones (%),Ene-2026,0.25,2026-04-19
00147,BIBANK S.A.,privado_nacional,situacion_deudores,C.CON.Sit.1: En situación normal (%),Ene-2026,100.0,2026-04-19
00147,BIBANK S.A.,privado_nacional,situacion_deudores,C.CON.Sit.2: Riesgo bajo (%),Ene-2026,0.0,2026-04-19
00147,BIBANK S.A.,privado_nacional,situacion_deudores,C.CON.Sit.3: Riesgo medio (%),Ene-2026,0.0,2026-04-19
00147,BIBANK S.A.,privado_nacional,situacion_deudores,C.CON.Sit.4: Riesgo alto (%),Ene-2026,0.0,2026-04-19
00147,BIBANK S.A.,privado_nacional,situacion_deudores,C.CON.Sit.5: Irrecuperable (%),Ene-2026,0.0,2026-04-19
00147,BIBANK S.A.,privado_nacional,situacion_deudores,C.CON.TOTAL GARANTIZADO - Garantías Preferidas A y B (%),Ene-2026,0.0,2026-04-19
00147,BIBANK S.A.,privado_nacional,situacion_deudores,CARTERA COMERCIAL ASIMILABLE A CONSUMO ($),Ene-2026,8593.95,2026-04-19
00147,BIBANK S.A.,privado_nacional,situacion_deudores,Total cartera sobre financiaciones (%),Ene-2026,17.14,2026-04-19
00147,BIBANK S.A.,privado_nacional,situacion_deudores,C.CAC.Sit.1: En situación normal (%),Ene-2026,94.34,2026-04-19
00147,BIBANK S.A.,privado_nacional,situacion_deudores,C.CAC.Sit.2: Riesgo bajo (%),Ene-2026,5.64,2026-04-19
00147,BIBANK S.A.,privado_nacional,situacion_deudores,C.CAC.Sit.3: Riesgo medio (%),Ene-2026,0.0,2026-04-19
00147,BIBANK S.A.,privado_nacional,situacion_deudores,C.CAC.Sit.4: Riesgo alto (%),Ene-2026,0.0,2026-04-19
00147,BIBANK S.A.,privado_nacional,situacion_deudores,C.CAC.Sit.5: Irrecuperable (%),Ene-2026,0.01,2026-04-19
00147,BIBANK S.A.,privado_nacional,situacion_deudores,C.CAC.TOTAL GARANTIZADO - Garantías Preferidas A y B (%),Ene-2026,0.0,2026-04-19
00266,BNP PARIBAS,extranjero,situacion_deudores,TOTAL DE FINANCIACIONES Y GARANTIAS OTORGADAS ($),Dic-2023,5808.41,2026-04-19
00266,BNP PARIBAS,extranjero,situacion_deudores,TF.Sit.1: En situación normal (%),Dic-2023,100.0,2026-04-19
00266,BNP PARIBAS,extranjero,situacion_deudores,Previsiones por riesgo de incobrabilidad constituídas,Dic-2023,5.13,2026-04-19
00266,BNP PARIBAS,extranjero,situacion_deudores,CARTERA COMERCIAL ($),Dic-2023,5808.11,2026-04-19
00266,BNP PARIBAS,extranjero,situacion_deudores,Total cartera sobre financiaciones (%),Dic-2023,99.99,2026-04-19
00266,BNP PARIBAS,extranjero,situacion_deudores,C.COM.Sit.1: En situación normal (%),Dic-2023,100.0,2026-04-19
00266,BNP PARIBAS,extranjero,situacion_deudores,CARTERA DE CONSUMO O VIVIENDA ($),Dic-2023,0.3,2026-04-19
00266,BNP PARIBAS,extranjero,situacion_deudores,Total cartera sobre financiaciones (%),Dic-2023,0.01,2026-04-19
00266,BNP PARIBAS,extranjero,situacion_deudores,C.CON.Sit.1: En situación normal (%),Dic-2023,100.0,2026-04-19
00266,BNP PARIBAS,extranjero,situacion_deudores,TOTAL DE FINANCIACIONES Y GARANTIAS OTORGADAS ($),Dic-2024,22173.2,2026-04-19
00266,BNP PARIBAS,extranjero,situacion_deudores,TF.Sit.1: En situación normal (%),Dic-2024,100.0,2026-04-19
00266,BNP PARIBAS,extranjero,situacion_deudores,Previsiones por riesgo de incobrabilidad constituídas,Dic-2024,7.0,2026-04-19
00266,BNP PARIBAS,extranjero,situacion_deudores,CARTERA COMERCIAL ($),Dic-2024,22172.9,2026-04-19
00266,BNP PARIBAS,extranjero,situacion_deudores,Total cartera sobre financiaciones (%),Dic-2024,100.0,2026-04-19
00266,BNP PARIBAS,extranjero,situacion_deudores,C.COM.Sit.1: En situación normal (%),Dic-2024,100.0,2026-04-19
00266,BNP PARIBAS,extranjero,situacion_deudores,CARTERA DE CONSUMO O VIVIENDA ($),Dic-2024,0.3,2026-04-19
00266,BNP PARIBAS,extranjero,situacion_deudores,Total cartera sobre financiaciones (%),Dic-2024,0.0,2026-04-19
00266,BNP PARIBAS,extranjero,situacion_deudores,C.CON.Sit.1: En situación normal (%),Dic-2024,100.0,2026-04-19
00266,BNP PARIBAS,extranjero,situacion_deudores,TOTAL DE FINANCIACIONES Y GARANTIAS OTORGADAS ($),Nov-2025,12595.26,2026-04-19
00266,BNP PARIBAS,extranjero,situacion_deudores,TF.Sit.1: En situación normal (%),Nov-2025,100.0,2026-04-19
00266,BNP PARIBAS,extranjero,situacion_deudores,Previsiones por riesgo de incobrabilidad constituídas,Nov-2025,1.56,2026-04-19
00266,BNP PARIBAS,extranjero,situacion_deudores,CARTERA COMERCIAL ($),Nov-2025,12594.96,2026-04-19
00266,BNP PARIBAS,extranjero,situacion_deudores,Total cartera sobre financiaciones (%),Nov-2025,100.0,2026-04-19
00266,BNP PARIBAS,extranjero,situacion_deudores,C.COM.Sit.1: En situación normal (%),Nov-2025,100.0,2026-04-19
00266,BNP PARIBAS,extranjero,situacion_deudores,CARTERA DE CONSUMO O VIVIENDA ($),Nov-2025,0.3,2026-04-19
00266,BNP PARIBAS,extranjero,situacion_deudores,Total cartera sobre financiaciones (%),Nov-2025,0.0,2026-04-19
00266,BNP PARIBAS,extranjero,situacion_deudores,C.CON.Sit.1: En situación normal (%),Nov-2025,100.0,2026-04-19
00266,BNP PARIBAS,extranjero,situacion_deudores,TOTAL DE FINANCIACIONES Y GARANTIAS OTORGADAS ($),Dic-2025,38915.58,2026-04-19
00266,BNP PARIBAS,extranjero,situacion_deudores,TF.Sit.1: En situación normal (%),Dic-2025,100.0,2026-04-19
00266,BNP PARIBAS,extranjero,situacion_deudores,Previsiones por riesgo de incobrabilidad constituídas,Dic-2025,20.53,2026-04-19
00266,BNP PARIBAS,extranjero,situacion_deudores,CARTERA COMERCIAL ($),Dic-2025,38915.28,2026-04-19
00266,BNP PARIBAS,extranjero,situacion_deudores,Total cartera sobre financiaciones (%),Dic-2025,100.0,2026-04-19
00266,BNP PARIBAS,extranjero,situacion_deudores,C.COM.Sit.1: En situación normal (%),Dic-2025,100.0,2026-04-19
00266,BNP PARIBAS,extranjero,situacion_deudores,CARTERA DE CONSUMO O VIVIENDA ($),Dic-2025,0.3,2026-04-19
00266,BNP PARIBAS,extranjero,situacion_deudores,Total cartera sobre financiaciones (%),Dic-2025,0.0,2026-04-19
00266,BNP PARIBAS,extranjero,situacion_deudores,C.CON.Sit.1: En situación normal (%),Dic-2025,100.0,2026-04-19
00266,BNP PARIBAS,extranjero,situacion_deudores,TOTAL DE FINANCIACIONES Y GARANTIAS OTORGADAS ($),Ene-2026,22278.46,2026-04-19
00266,BNP PARIBAS,extranjero,situacion_deudores,TF.Sit.1: En situación normal (%),Ene-2026,100.0,2026-04-19
00266,BNP PARIBAS,extranjero,situacion_deudores,Previsiones por riesgo de incobrabilidad constituídas,Ene-2026,6.8,2026-04-19
00266,BNP PARIBAS,extranjero,situacion_deudores,CARTERA COMERCIAL ($),Ene-2026,22278.16,2026-04-19
00266,BNP PARIBAS,extranjero,situacion_deudores,Total cartera sobre financiaciones (%),Ene-2026,100.0,2026-04-19
00266,BNP PARIBAS,extranjero,situacion_deudores,C.COM.Sit.1: En situación normal (%),Ene-2026,100.0,2026-04-19
00266,BNP PARIBAS,extranjero,situacion_deudores,CARTERA DE CONSUMO O VIVIENDA ($),Ene-2026,0.3,2026-04-19
00266,BNP PARIBAS,extranjero,situacion_deudores,Total cartera sobre financiaciones (%),Ene-2026,0.0,2026-04-19
00266,BNP PARIBAS,extranjero,situacion_deudores,C.CON.Sit.1: En situación normal (%),Ene-2026,100.0,2026-04-19
00143,BRUBANK S.A.U.,privado_nacional,situacion_deudores,TOTAL DE FINANCIACIONES Y GARANTIAS OTORGADAS ($),Dic-2023,5650.16,2026-04-19
00143,BRUBANK S.A.U.,privado_nacional,situacion_deudores,TF.Sit.1: En situación normal (%),Dic-2023,93.1,2026-04-19
00143,BRUBANK S.A.U.,privado_nacional,situacion_deudores,TF.Sit.2: Con seguimiento especial/Riesgo bajo (%),Dic-2023,1.63,2026-04-19
00143,BRUBANK S.A.U.,privado_nacional,situacion_deudores,TF.Sit.3: Con problemas/Riesgo medio (%),Dic-2023,1.63,2026-04-19
00143,BRUBANK S.A.U.,privado_nacional,situacion_deudores,TF.Sit.4: Con alto riesgo de insolvencia/Riesgo alto (%),Dic-2023,2.53,2026-04-19
00143,BRUBANK S.A.U.,privado_nacional,situacion_deudores,TF.Sit.5: Irrecuperable (%),Dic-2023,1.12,2026-04-19
00143,BRUBANK S.A.U.,privado_nacional,situacion_deudores,TOTAL GARANTIZADO - Garantías Preferidas A y B (%),Dic-2023,0.01,2026-04-19
00143,BRUBANK S.A.U.,privado_nacional,situacion_deudores,Previsiones por riesgo de incobrabilidad constituídas,Dic-2023,323.46,2026-04-19
00143,BRUBANK S.A.U.,privado_nacional,situacion_deudores,CARTERA DE CONSUMO O VIVIENDA ($),Dic-2023,3999.32,2026-04-19
00143,BRUBANK S.A.U.,privado_nacional,situacion_deudores,Total cartera sobre financiaciones (%),Dic-2023,70.78,2026-04-19
00143,BRUBANK S.A.U.,privado_nacional,situacion_deudores,C.CON.Sit.1: En situación normal (%),Dic-2023,90.25,2026-04-19
00143,BRUBANK S.A.U.,privado_nacional,situacion_deudores,C.CON.Sit.2: Riesgo bajo (%),Dic-2023,2.3,2026-04-19
00143,BRUBANK S.A.U.,privado_nacional,situacion_deudores,C.CON.Sit.3: Riesgo medio (%),Dic-2023,2.3,2026-04-19
00143,BRUBANK S.A.U.,privado_nacional,situacion_deudores,C.CON.Sit.4: Riesgo alto (%),Dic-2023,3.58,2026-04-19
00143,BRUBANK S.A.U.,privado_nacional,situacion_deudores,C.CON.Sit.5: Irrecuperable (%),Dic-2023,1.58,2026-04-19
00143,BRUBANK S.A.U.,privado_nacional,situacion_deudores,C.CON.TOTAL GARANTIZADO - Garantías Preferidas A y B (%),Dic-2023,0.02,2026-04-19
00143,BRUBANK S.A.U.,privado_nacional,situacion_deudores,CARTERA COMERCIAL ASIMILABLE A CONSUMO ($),Dic-2023,1650.84,2026-04-19
00143,BRUBANK S.A.U.,privado_nacional,situacion_deudores,Total cartera sobre financiaciones (%),Dic-2023,29.22,2026-04-19
00143,BRUBANK S.A.U.,privado_nacional,situacion_deudores,C.CAC.Sit.1: En situación normal (%),Dic-2023,100.0,2026-04-19
00143,BRUBANK S.A.U.,privado_nacional,situacion_deudores,C.CAC.Sit.2: Riesgo bajo (%),Dic-2023,0.0,2026-04-19
00143,BRUBANK S.A.U.,privado_nacional,situacion_deudores,C.CAC.Sit.3: Riesgo medio (%),Dic-2023,0.0,2026-04-19
00143,BRUBANK S.A.U.,privado_nacional,situacion_deudores,C.CAC.Sit.4: Riesgo alto (%),Dic-2023,0.0,2026-04-19
00143,BRUBANK S.A.U.,privado_nacional,situacion_deudores,TOTAL DE FINANCIACIONES Y GARANTIAS OTORGADAS ($),Dic-2024,46833.22,2026-04-19
00143,BRUBANK S.A.U.,privado_nacional,situacion_deudores,TF.Sit.1: En situación normal (%),Dic-2024,88.13,2026-04-19
00143,BRUBANK S.A.U.,privado_nacional,situacion_deudores,TF.Sit.2: Con seguimiento especial/Riesgo bajo (%),Dic-2024,4.53,2026-04-19
00143,BRUBANK S.A.U.,privado_nacional,situacion_deudores,TF.Sit.3: Con problemas/Riesgo medio (%),Dic-2024,4.64,2026-04-19
00143,BRUBANK S.A.U.,privado_nacional,situacion_deudores,TF.Sit.4: Con alto riesgo de insolvencia/Riesgo alto (%),Dic-2024,2.55,2026-04-19
00143,BRUBANK S.A.U.,privado_nacional,situacion_deudores,TF.Sit.5: Irrecuperable (%),Dic-2024,0.15,2026-04-19
00143,BRUBANK S.A.U.,privado_nacional,situacion_deudores,TOTAL GARANTIZADO - Garantías Preferidas A y B (%),Dic-2024,0.0,2026-04-19
00143,BRUBANK S.A.U.,privado_nacional,situacion_deudores,Previsiones por riesgo de incobrabilidad constituídas,Dic-2024,1985.78,2026-04-19
00143,BRUBANK S.A.U.,privado_nacional,situacion_deudores,CARTERA DE CONSUMO O VIVIENDA ($),Dic-2024,40916.15,2026-04-19
00143,BRUBANK S.A.U.,privado_nacional,situacion_deudores,Total cartera sobre financiaciones (%),Dic-2024,87.37,2026-04-19
00143,BRUBANK S.A.U.,privado_nacional,situacion_deudores,C.CON.Sit.1: En situación normal (%),Dic-2024,86.42,2026-04-19
00143,BRUBANK S.A.U.,privado_nacional,situacion_deudores,C.CON.Sit.2: Riesgo bajo (%),Dic-2024,5.18,2026-04-19
00143,BRUBANK S.A.U.,privado_nacional,situacion_deudores,C.CON.Sit.3: Riesgo medio (%),Dic-2024,5.31,2026-04-19
00143,BRUBANK S.A.U.,privado_nacional,situacion_deudores,C.CON.Sit.4: Riesgo alto (%),Dic-2024,2.92,2026-04-19
00143,BRUBANK S.A.U.,privado_nacional,situacion_deudores,C.CON.Sit.5: Irrecuperable (%),Dic-2024,0.17,2026-04-19
00143,BRUBANK S.A.U.,privado_nacional,situacion_deudores,C.CON.TOTAL GARANTIZADO - Garantías Preferidas A y B (%),Dic-2024,0.0,2026-04-19
00143,BRUBANK S.A.U.,privado_nacional,situacion_deudores,CARTERA COMERCIAL ASIMILABLE A CONSUMO ($),Dic-2024,5917.07,2026-04-19
00143,BRUBANK S.A.U.,privado_nacional,situacion_deudores,Total cartera sobre financiaciones (%),Dic-2024,12.63,2026-04-19
00143,BRUBANK S.A.U.,privado_nacional,situacion_deudores,C.CAC.Sit.1: En situación normal (%),Dic-2024,100.0,2026-04-19
00143,BRUBANK S.A.U.,privado_nacional,situacion_deudores,C.CAC.Sit.2: Riesgo bajo (%),Dic-2024,0.0,2026-04-19
00143,BRUBANK S.A.U.,privado_nacional,situacion_deudores,C.CAC.Sit.3: Riesgo medio (%),Dic-2024,0.0,2026-04-19
00143,BRUBANK S.A.U.,privado_nacional,situacion_deudores,C.CAC.Sit.4: Riesgo alto (%),Dic-2024,0.0,2026-04-19
00143,BRUBANK S.A.U.,privado_nacional,situacion_deudores,TOTAL DE FINANCIACIONES Y GARANTIAS OTORGADAS ($),Nov-2025,98166.46,2026-04-19
00143,BRUBANK S.A.U.,privado_nacional,situacion_deudores,TF.Sit.1: En situación normal (%),Nov-2025,78.45,2026-04-19
00143,BRUBANK S.A.U.,privado_nacional,situacion_deudores,TF.Sit.2: Con seguimiento especial/Riesgo bajo (%),Nov-2025,5.7,2026-04-19
00143,BRUBANK S.A.U.,privado_nacional,situacion_deudores,TF.Sit.3: Con problemas/Riesgo medio (%),Nov-2025,4.83,2026-04-19
00143,BRUBANK S.A.U.,privado_nacional,situacion_deudores,TF.Sit.4: Con alto riesgo de insolvencia/Riesgo alto (%),Nov-2025,7.04,2026-04-19
00143,BRUBANK S.A.U.,privado_nacional,situacion_deudores,TF.Sit.5: Irrecuperable (%),Nov-2025,3.98,2026-04-19
00143,BRUBANK S.A.U.,privado_nacional,situacion_deudores,TOTAL GARANTIZADO - Garantías Preferidas A y B (%),Nov-2025,0.0,2026-04-19
00143,BRUBANK S.A.U.,privado_nacional,situacion_deudores,Previsiones por riesgo de incobrabilidad constituídas,Nov-2025,10239.35,2026-04-19
00143,BRUBANK S.A.U.,privado_nacional,situacion_deudores,CARTERA DE CONSUMO O VIVIENDA ($),Nov-2025,80266.96,2026-04-19
00143,BRUBANK S.A.U.,privado_nacional,situacion_deudores,Total cartera sobre financiaciones (%),Nov-2025,81.77,2026-04-19
00143,BRUBANK S.A.U.,privado_nacional,situacion_deudores,C.CON.Sit.1: En situación normal (%),Nov-2025,73.84,2026-04-19
00143,BRUBANK S.A.U.,privado_nacional,situacion_deudores,C.CON.Sit.2: Riesgo bajo (%),Nov-2025,6.95,2026-04-19
00143,BRUBANK S.A.U.,privado_nacional,situacion_deudores,C.CON.Sit.3: Riesgo medio (%),Nov-2025,5.81,2026-04-19
00143,BRUBANK S.A.U.,privado_nacional,situacion_deudores,C.CON.Sit.4: Riesgo alto (%),Nov-2025,8.54,2026-04-19
00143,BRUBANK S.A.U.,privado_nacional,situacion_deudores,C.CON.Sit.5: Irrecuperable (%),Nov-2025,4.86,2026-04-19
00143,BRUBANK S.A.U.,privado_nacional,situacion_deudores,C.CON.TOTAL GARANTIZADO - Garantías Preferidas A y B (%),Nov-2025,0.0,2026-04-19
00143,BRUBANK S.A.U.,privado_nacional,situacion_deudores,CARTERA COMERCIAL ASIMILABLE A CONSUMO ($),Nov-2025,17899.5,2026-04-19
00143,BRUBANK S.A.U.,privado_nacional,situacion_deudores,Total cartera sobre financiaciones (%),Nov-2025,18.23,2026-04-19
00143,BRUBANK S.A.U.,privado_nacional,situacion_deudores,C.CAC.Sit.1: En situación normal (%),Nov-2025,99.16,2026-04-19
00143,BRUBANK S.A.U.,privado_nacional,situacion_deudores,C.CAC.Sit.2: Riesgo bajo (%),Nov-2025,0.07,2026-04-19
00143,BRUBANK S.A.U.,privado_nacional,situacion_deudores,C.CAC.Sit.3: Riesgo medio (%),Nov-2025,0.47,2026-04-19
00143,BRUBANK S.A.U.,privado_nacional,situacion_deudores,C.CAC.Sit.4: Riesgo alto (%),Nov-2025,0.3,2026-04-19
00143,BRUBANK S.A.U.,privado_nacional,situacion_deudores,TOTAL DE FINANCIACIONES Y GARANTIAS OTORGADAS ($),Dic-2025,96271.66,2026-04-19
00143,BRUBANK S.A.U.,privado_nacional,situacion_deudores,TF.Sit.1: En situación normal (%),Dic-2025,77.97,2026-04-19
00143,BRUBANK S.A.U.,privado_nacional,situacion_deudores,TF.Sit.2: Con seguimiento especial/Riesgo bajo (%),Dic-2025,5.72,2026-04-19
00143,BRUBANK S.A.U.,privado_nacional,situacion_deudores,TF.Sit.3: Con problemas/Riesgo medio (%),Dic-2025,5.36,2026-04-19
00143,BRUBANK S.A.U.,privado_nacional,situacion_deudores,TF.Sit.4: Con alto riesgo de insolvencia/Riesgo alto (%),Dic-2025,7.73,2026-04-19
00143,BRUBANK S.A.U.,privado_nacional,situacion_deudores,TF.Sit.5: Irrecuperable (%),Dic-2025,3.22,2026-04-19
00143,BRUBANK S.A.U.,privado_nacional,situacion_deudores,TOTAL GARANTIZADO - Garantías Preferidas A y B (%),Dic-2025,0.0,2026-04-19
00143,BRUBANK S.A.U.,privado_nacional,situacion_deudores,Previsiones por riesgo de incobrabilidad constituídas,Dic-2025,10157.12,2026-04-19
00143,BRUBANK S.A.U.,privado_nacional,situacion_deudores,CARTERA DE CONSUMO O VIVIENDA ($),Dic-2025,77306.9,2026-04-19
00143,BRUBANK S.A.U.,privado_nacional,situacion_deudores,Total cartera sobre financiaciones (%),Dic-2025,80.3,2026-04-19
00143,BRUBANK S.A.U.,privado_nacional,situacion_deudores,C.CON.Sit.1: En situación normal (%),Dic-2025,72.8,2026-04-19
00143,BRUBANK S.A.U.,privado_nacional,situacion_deudores,C.CON.Sit.2: Riesgo bajo (%),Dic-2025,7.09,2026-04-19
00143,BRUBANK S.A.U.,privado_nacional,situacion_deudores,C.CON.Sit.3: Riesgo medio (%),Dic-2025,6.55,2026-04-19
00143,BRUBANK S.A.U.,privado_nacional,situacion_deudores,C.CON.Sit.4: Riesgo alto (%),Dic-2025,9.55,2026-04-19
00143,BRUBANK S.A.U.,privado_nacional,situacion_deudores,C.CON.Sit.5: Irrecuperable (%),Dic-2025,4.01,2026-04-19
00143,BRUBANK S.A.U.,privado_nacional,situacion_deudores,C.CON.TOTAL GARANTIZADO - Garantías Preferidas A y B (%),Dic-2025,0.0,2026-04-19
00143,BRUBANK S.A.U.,privado_nacional,situacion_deudores,CARTERA COMERCIAL ASIMILABLE A CONSUMO ($),Dic-2025,18964.77,2026-04-19
00143,BRUBANK S.A.U.,privado_nacional,situacion_deudores,Total cartera sobre financiaciones (%),Dic-2025,19.7,2026-04-19
00143,BRUBANK S.A.U.,privado_nacional,situacion_deudores,C.CAC.Sit.1: En situación normal (%),Dic-2025,99.08,2026-04-19
00143,BRUBANK S.A.U.,privado_nacional,situacion_deudores,C.CAC.Sit.2: Riesgo bajo (%),Dic-2025,0.14,2026-04-19
00143,BRUBANK S.A.U.,privado_nacional,situacion_deudores,C.CAC.Sit.3: Riesgo medio (%),Dic-2025,0.48,2026-04-19
00143,BRUBANK S.A.U.,privado_nacional,situacion_deudores,C.CAC.Sit.4: Riesgo alto (%),Dic-2025,0.3,2026-04-19
00143,BRUBANK S.A.U.,privado_nacional,situacion_deudores,TOTAL DE FINANCIACIONES Y GARANTIAS OTORGADAS ($),Ene-2026,97637.76,2026-04-19
00143,BRUBANK S.A.U.,privado_nacional,situacion_deudores,TF.Sit.1: En situación normal (%),Ene-2026,77.26,2026-04-19
00143,BRUBANK S.A.U.,privado_nacional,situacion_deudores,TF.Sit.2: Con seguimiento especial/Riesgo bajo (%),Ene-2026,5.44,2026-04-19
00143,BRUBANK S.A.U.,privado_nacional,situacion_deudores,TF.Sit.3: Con problemas/Riesgo medio (%),Ene-2026,6.14,2026-04-19
00143,BRUBANK S.A.U.,privado_nacional,situacion_deudores,TF.Sit.4: Con alto riesgo de insolvencia/Riesgo alto (%),Ene-2026,7.56,2026-04-19
00143,BRUBANK S.A.U.,privado_nacional,situacion_deudores,TF.Sit.5: Irrecuperable (%),Ene-2026,3.6,2026-04-19
00143,BRUBANK S.A.U.,privado_nacional,situacion_deudores,TOTAL GARANTIZADO - Garantías Preferidas A y B (%),Ene-2026,0.0,2026-04-19
00143,BRUBANK S.A.U.,privado_nacional,situacion_deudores,Previsiones por riesgo de incobrabilidad constituídas,Ene-2026,11318.28,2026-04-19
00143,BRUBANK S.A.U.,privado_nacional,situacion_deudores,CARTERA DE CONSUMO O VIVIENDA ($),Ene-2026,78802.47,2026-04-19
00143,BRUBANK S.A.U.,privado_nacional,situacion_deudores,Total cartera sobre financiaciones (%),Ene-2026,80.71,2026-04-19
00143,BRUBANK S.A.U.,privado_nacional,situacion_deudores,C.CON.Sit.1: En situación normal (%),Ene-2026,72.19,2026-04-19
00143,BRUBANK S.A.U.,privado_nacional,situacion_deudores,C.CON.Sit.2: Riesgo bajo (%),Ene-2026,6.58,2026-04-19
00143,BRUBANK S.A.U.,privado_nacional,situacion_deudores,C.CON.Sit.3: Riesgo medio (%),Ene-2026,7.56,2026-04-19
00143,BRUBANK S.A.U.,privado_nacional,situacion_deudores,C.CON.Sit.4: Riesgo alto (%),Ene-2026,9.21,2026-04-19
00143,BRUBANK S.A.U.,privado_nacional,situacion_deudores,C.CON.Sit.5: Irrecuperable (%),Ene-2026,4.46,2026-04-19
00143,BRUBANK S.A.U.,privado_nacional,situacion_deudores,C.CON.TOTAL GARANTIZADO - Garantías Preferidas A y B (%),Ene-2026,0.0,2026-04-19
00143,BRUBANK S.A.U.,privado_nacional,situacion_deudores,CARTERA COMERCIAL ASIMILABLE A CONSUMO ($),Ene-2026,18835.29,2026-04-19
00143,BRUBANK S.A.U.,privado_nacional,situacion_deudores,Total cartera sobre financiaciones (%),Ene-2026,19.29,2026-04-19
00143,BRUBANK S.A.U.,privado_nacional,situacion_deudores,C.CAC.Sit.1: En situación normal (%),Ene-2026,98.46,2026-04-19
00143,BRUBANK S.A.U.,privado_nacional,situacion_deudores,C.CAC.Sit.2: Riesgo bajo (%),Ene-2026,0.69,2026-04-19
00143,BRUBANK S.A.U.,privado_nacional,situacion_deudores,C.CAC.Sit.3: Riesgo medio (%),Ene-2026,0.19,2026-04-19
00143,BRUBANK S.A.U.,privado_nacional,situacion_deudores,C.CAC.Sit.4: Riesgo alto (%),Ene-2026,0.66,2026-04-19
00016,CITIBANK N.A.,extranjero,situacion_deudores,TOTAL DE FINANCIACIONES Y GARANTIAS OTORGADAS ($),Dic-2023,439961.63,2026-04-19
00016,CITIBANK N.A.,extranjero,situacion_deudores,TF.Sit.1: En situación normal (%),Dic-2023,99.9,2026-04-19
00016,CITIBANK N.A.,extranjero,situacion_deudores,TF.Sit.2: Con seguimiento especial/Riesgo bajo (%),Dic-2023,0.1,2026-04-19
00016,CITIBANK N.A.,extranjero,situacion_deudores,TF.Sit.4: Con alto riesgo de insolvencia/Riesgo alto (%),Dic-2023,0.0,2026-04-19
00016,CITIBANK N.A.,extranjero,situacion_deudores,TOTAL GARANTIZADO - Garantías Preferidas A y B (%),Dic-2023,9.52,2026-04-19
00016,CITIBANK N.A.,extranjero,situacion_deudores,Previsiones por riesgo de incobrabilidad constituídas,Dic-2023,19181.91,2026-04-19
00016,CITIBANK N.A.,extranjero,situacion_deudores,CARTERA COMERCIAL ($),Dic-2023,439961.63,2026-04-19
00016,CITIBANK N.A.,extranjero,situacion_deudores,Total cartera sobre financiaciones (%),Dic-2023,100.0,2026-04-19
00016,CITIBANK N.A.,extranjero,situacion_deudores,C.COM.Sit.1: En situación normal (%),Dic-2023,99.9,2026-04-19
00016,CITIBANK N.A.,extranjero,situacion_deudores,C.COM.Sit.2: Con seguimiento especial (%),Dic-2023,0.1,2026-04-19
00016,CITIBANK N.A.,extranjero,situacion_deudores,C.COM.Sit.4: Con alto riesgo de insolvencia (%),Dic-2023,0.0,2026-04-19
00016,CITIBANK N.A.,extranjero,situacion_deudores,C.COM.TOTAL GARANTIZADO - Garantías Preferidas A y B (%),Dic-2023,9.52,2026-04-19
00016,CITIBANK N.A.,extranjero,situacion_deudores,TOTAL DE FINANCIACIONES Y GARANTIAS OTORGADAS ($),Dic-2024,847509.09,2026-04-19
00016,CITIBANK N.A.,extranjero,situacion_deudores,TF.Sit.1: En situación normal (%),Dic-2024,100.0,2026-04-19
00016,CITIBANK N.A.,extranjero,situacion_deudores,TF.Sit.2: Con seguimiento especial/Riesgo bajo (%),Dic-2024,0.0,2026-04-19
00016,CITIBANK N.A.,extranjero,situacion_deudores,TF.Sit.4: Con alto riesgo de insolvencia/Riesgo alto (%),Dic-2024,0.0,2026-04-19
00016,CITIBANK N.A.,extranjero,situacion_deudores,TOTAL GARANTIZADO - Garantías Preferidas A y B (%),Dic-2024,9.49,2026-04-19
00016,CITIBANK N.A.,extranjero,situacion_deudores,Previsiones por riesgo de incobrabilidad constituídas,Dic-2024,54943.65,2026-04-19
00016,CITIBANK N.A.,extranjero,situacion_deudores,CARTERA COMERCIAL ($),Dic-2024,847509.09,2026-04-19
00016,CITIBANK N.A.,extranjero,situacion_deudores,Total cartera sobre financiaciones (%),Dic-2024,100.0,2026-04-19
00016,CITIBANK N.A.,extranjero,situacion_deudores,C.COM.Sit.1: En situación normal (%),Dic-2024,100.0,2026-04-19
00016,CITIBANK N.A.,extranjero,situacion_deudores,C.COM.Sit.2: Con seguimiento especial (%),Dic-2024,0.0,2026-04-19
00016,CITIBANK N.A.,extranjero,situacion_deudores,C.COM.Sit.4: Con alto riesgo de insolvencia (%),Dic-2024,0.0,2026-04-19
00016,CITIBANK N.A.,extranjero,situacion_deudores,C.COM.TOTAL GARANTIZADO - Garantías Preferidas A y B (%),Dic-2024,9.49,2026-04-19
00016,CITIBANK N.A.,extranjero,situacion_deudores,TOTAL DE FINANCIACIONES Y GARANTIAS OTORGADAS ($),Nov-2025,1336414.13,2026-04-19
00016,CITIBANK N.A.,extranjero,situacion_deudores,TF.Sit.1: En situación normal (%),Nov-2025,100.0,2026-04-19
00016,CITIBANK N.A.,extranjero,situacion_deudores,TF.Sit.2: Con seguimiento especial/Riesgo bajo (%),Nov-2025,0.0,2026-04-19
00016,CITIBANK N.A.,extranjero,situacion_deudores,TF.Sit.4: Con alto riesgo de insolvencia/Riesgo alto (%),Nov-2025,0.0,2026-04-19
00016,CITIBANK N.A.,extranjero,situacion_deudores,TOTAL GARANTIZADO - Garantías Preferidas A y B (%),Nov-2025,4.71,2026-04-19
00016,CITIBANK N.A.,extranjero,situacion_deudores,Previsiones por riesgo de incobrabilidad constituídas,Nov-2025,84633.75,2026-04-19
00016,CITIBANK N.A.,extranjero,situacion_deudores,CARTERA COMERCIAL ($),Nov-2025,1336414.13,2026-04-19
00016,CITIBANK N.A.,extranjero,situacion_deudores,Total cartera sobre financiaciones (%),Nov-2025,100.0,2026-04-19
00016,CITIBANK N.A.,extranjero,situacion_deudores,C.COM.Sit.1: En situación normal (%),Nov-2025,100.0,2026-04-19
00016,CITIBANK N.A.,extranjero,situacion_deudores,C.COM.Sit.2: Con seguimiento especial (%),Nov-2025,0.0,2026-04-19
00016,CITIBANK N.A.,extranjero,situacion_deudores,C.COM.Sit.4: Con alto riesgo de insolvencia (%),Nov-2025,0.0,2026-04-19
00016,CITIBANK N.A.,extranjero,situacion_deudores,C.COM.TOTAL GARANTIZADO - Garantías Preferidas A y B (%),Nov-2025,4.71,2026-04-19
00016,CITIBANK N.A.,extranjero,situacion_deudores,TOTAL DE FINANCIACIONES Y GARANTIAS OTORGADAS ($),Dic-2025,1415654.74,2026-04-19
00016,CITIBANK N.A.,extranjero,situacion_deudores,TF.Sit.1: En situación normal (%),Dic-2025,100.0,2026-04-19
00016,CITIBANK N.A.,extranjero,situacion_deudores,TF.Sit.2: Con seguimiento especial/Riesgo bajo (%),Dic-2025,0.0,2026-04-19
00016,CITIBANK N.A.,extranjero,situacion_deudores,TF.Sit.4: Con alto riesgo de insolvencia/Riesgo alto (%),Dic-2025,0.0,2026-04-19
00016,CITIBANK N.A.,extranjero,situacion_deudores,TOTAL GARANTIZADO - Garantías Preferidas A y B (%),Dic-2025,4.93,2026-04-19
00016,CITIBANK N.A.,extranjero,situacion_deudores,Previsiones por riesgo de incobrabilidad constituídas,Dic-2025,87453.88,2026-04-19
00016,CITIBANK N.A.,extranjero,situacion_deudores,CARTERA COMERCIAL ($),Dic-2025,1415654.74,2026-04-19
00016,CITIBANK N.A.,extranjero,situacion_deudores,Total cartera sobre financiaciones (%),Dic-2025,100.0,2026-04-19
00016,CITIBANK N.A.,extranjero,situacion_deudores,C.COM.Sit.1: En situación normal (%),Dic-2025,100.0,2026-04-19
00016,CITIBANK N.A.,extranjero,situacion_deudores,C.COM.Sit.2: Con seguimiento especial (%),Dic-2025,0.0,2026-04-19
00016,CITIBANK N.A.,extranjero,situacion_deudores,C.COM.Sit.4: Con alto riesgo de insolvencia (%),Dic-2025,0.0,2026-04-19
00016,CITIBANK N.A.,extranjero,situacion_deudores,C.COM.TOTAL GARANTIZADO - Garantías Preferidas A y B (%),Dic-2025,4.93,2026-04-19
00016,CITIBANK N.A.,extranjero,situacion_deudores,TOTAL DE FINANCIACIONES Y GARANTIAS OTORGADAS ($),Ene-2026,1372136.07,2026-04-19
00016,CITIBANK N.A.,extranjero,situacion_deudores,TF.Sit.1: En situación normal (%),Ene-2026,100.0,2026-04-19
00016,CITIBANK N.A.,extranjero,situacion_deudores,TF.Sit.2: Con seguimiento especial/Riesgo bajo (%),Ene-2026,0.0,2026-04-19
00016,CITIBANK N.A.,extranjero,situacion_deudores,TF.Sit.4: Con alto riesgo de insolvencia/Riesgo alto (%),Ene-2026,0.0,2026-04-19
00016,CITIBANK N.A.,extranjero,situacion_deudores,TOTAL GARANTIZADO - Garantías Preferidas A y B (%),Ene-2026,6.97,2026-04-19
00016,CITIBANK N.A.,extranjero,situacion_deudores,Previsiones por riesgo de incobrabilidad constituídas,Ene-2026,84194.78,2026-04-19
00016,CITIBANK N.A.,extranjero,situacion_deudores,CARTERA COMERCIAL ($),Ene-2026,1372136.07,2026-04-19
00016,CITIBANK N.A.,extranjero,situacion_deudores,Total cartera sobre financiaciones (%),Ene-2026,100.0,2026-04-19
00016,CITIBANK N.A.,extranjero,situacion_deudores,C.COM.Sit.1: En situación normal (%),Ene-2026,100.0,2026-04-19
00016,CITIBANK N.A.,extranjero,situacion_deudores,C.COM.Sit.2: Con seguimiento especial (%),Ene-2026,0.0,2026-04-19
00016,CITIBANK N.A.,extranjero,situacion_deudores,C.COM.Sit.4: Con alto riesgo de insolvencia (%),Ene-2026,0.0,2026-04-19
00016,CITIBANK N.A.,extranjero,situacion_deudores,C.COM.TOTAL GARANTIZADO - Garantías Preferidas A y B (%),Ene-2026,6.97,2026-04-19
00015,INDUSTRIAL AND COMMERCIAL BANK OF C,extranjero,situacion_deudores,TOTAL DE FINANCIACIONES Y GARANTIAS OTORGADAS ($),Dic-2023,1135104.5,2026-04-19
00015,INDUSTRIAL AND COMMERCIAL BANK OF C,extranjero,situacion_deudores,TF.Sit.1: En situación normal (%),Dic-2023,98.74,2026-04-19
00015,INDUSTRIAL AND COMMERCIAL BANK OF C,extranjero,situacion_deudores,TF.Sit.2: Con seguimiento especial/Riesgo bajo (%),Dic-2023,0.5,2026-04-19
00015,INDUSTRIAL AND COMMERCIAL BANK OF C,extranjero,situacion_deudores,TF.Sit.3: Con problemas/Riesgo medio (%),Dic-2023,0.36,2026-04-19
00015,INDUSTRIAL AND COMMERCIAL BANK OF C,extranjero,situacion_deudores,TF.Sit.4: Con alto riesgo de insolvencia/Riesgo alto (%),Dic-2023,0.33,2026-04-19
00015,INDUSTRIAL AND COMMERCIAL BANK OF C,extranjero,situacion_deudores,TF.Sit.5: Irrecuperable (%),Dic-2023,0.07,2026-04-19
00015,INDUSTRIAL AND COMMERCIAL BANK OF C,extranjero,situacion_deudores,TOTAL GARANTIZADO - Garantías Preferidas A y B (%),Dic-2023,10.69,2026-04-19
00015,INDUSTRIAL AND COMMERCIAL BANK OF C,extranjero,situacion_deudores,Previsiones por riesgo de incobrabilidad constituídas,Dic-2023,19502.04,2026-04-19
00015,INDUSTRIAL AND COMMERCIAL BANK OF C,extranjero,situacion_deudores,CARTERA COMERCIAL ($),Dic-2023,651790.19,2026-04-19
00015,INDUSTRIAL AND COMMERCIAL BANK OF C,extranjero,situacion_deudores,Total cartera sobre financiaciones (%),Dic-2023,57.42,2026-04-19
00015,INDUSTRIAL AND COMMERCIAL BANK OF C,extranjero,situacion_deudores,C.COM.Sit.1: En situación normal (%),Dic-2023,99.84,2026-04-19
00015,INDUSTRIAL AND COMMERCIAL BANK OF C,extranjero,situacion_deudores,C.COM.Sit.2: Con seguimiento especial (%),Dic-2023,0.07,2026-04-19
00015,INDUSTRIAL AND COMMERCIAL BANK OF C,extranjero,situacion_deudores,C.COM.Sit.3: Con problemas (%),Dic-2023,0.09,2026-04-19
00015,INDUSTRIAL AND COMMERCIAL BANK OF C,extranjero,situacion_deudores,C.COM.Sit.4: Con alto riesgo de insolvencia (%),Dic-2023,0.0,2026-04-19
00015,INDUSTRIAL AND COMMERCIAL BANK OF C,extranjero,situacion_deudores,C.COM.Sit.5: Irrecuperable (%),Dic-2023,0.0,2026-04-19
00015,INDUSTRIAL AND COMMERCIAL BANK OF C,extranjero,situacion_deudores,C.COM.TOTAL GARANTIZADO - Garantías Preferidas A y B (%),Dic-2023,11.76,2026-04-19
00015,INDUSTRIAL AND COMMERCIAL BANK OF C,extranjero,situacion_deudores,CARTERA DE CONSUMO O VIVIENDA ($),Dic-2023,373149.41,2026-04-19
00015,INDUSTRIAL AND COMMERCIAL BANK OF C,extranjero,situacion_deudores,Total cartera sobre financiaciones (%),Dic-2023,32.87,2026-04-19
00015,INDUSTRIAL AND COMMERCIAL BANK OF C,extranjero,situacion_deudores,C.CON.Sit.1: En situación normal (%),Dic-2023,96.99,2026-04-19
00015,INDUSTRIAL AND COMMERCIAL BANK OF C,extranjero,situacion_deudores,C.CON.Sit.2: Riesgo bajo (%),Dic-2023,1.19,2026-04-19
00015,INDUSTRIAL AND COMMERCIAL BANK OF C,extranjero,situacion_deudores,C.CON.Sit.3: Riesgo medio (%),Dic-2023,0.85,2026-04-19
00015,INDUSTRIAL AND COMMERCIAL BANK OF C,extranjero,situacion_deudores,C.CON.Sit.4: Riesgo alto (%),Dic-2023,0.84,2026-04-19
00015,INDUSTRIAL AND COMMERCIAL BANK OF C,extranjero,situacion_deudores,C.CON.Sit.5: Irrecuperable (%),Dic-2023,0.14,2026-04-19
00015,INDUSTRIAL AND COMMERCIAL BANK OF C,extranjero,situacion_deudores,C.CON.TOTAL GARANTIZADO - Garantías Preferidas A y B (%),Dic-2023,4.55,2026-04-19
00015,INDUSTRIAL AND COMMERCIAL BANK OF C,extranjero,situacion_deudores,CARTERA COMERCIAL ASIMILABLE A CONSUMO ($),Dic-2023,110164.9,2026-04-19
00015,INDUSTRIAL AND COMMERCIAL BANK OF C,extranjero,situacion_deudores,Total cartera sobre financiaciones (%),Dic-2023,9.71,2026-04-19
00015,INDUSTRIAL AND COMMERCIAL BANK OF C,extranjero,situacion_deudores,C.CAC.Sit.1: En situación normal (%),Dic-2023,98.22,2026-04-19
00015,INDUSTRIAL AND COMMERCIAL BANK OF C,extranjero,situacion_deudores,C.CAC.Sit.2: Riesgo bajo (%),Dic-2023,0.71,2026-04-19
00015,INDUSTRIAL AND COMMERCIAL BANK OF C,extranjero,situacion_deudores,C.CAC.Sit.3: Riesgo medio (%),Dic-2023,0.29,2026-04-19
00015,INDUSTRIAL AND COMMERCIAL BANK OF C,extranjero,situacion_deudores,C.CAC.Sit.4: Riesgo alto (%),Dic-2023,0.53,2026-04-19
00015,INDUSTRIAL AND COMMERCIAL BANK OF C,extranjero,situacion_deudores,C.CAC.Sit.5: Irrecuperable (%),Dic-2023,0.25,2026-04-19
00015,INDUSTRIAL AND COMMERCIAL BANK OF C,extranjero,situacion_deudores,C.CAC.TOTAL GARANTIZADO - Garantías Preferidas A y B (%),Dic-2023,25.1,2026-04-19
00015,INDUSTRIAL AND COMMERCIAL BANK OF C,extranjero,situacion_deudores,TOTAL DE FINANCIACIONES Y GARANTIAS OTORGADAS ($),Dic-2024,2971753.41,2026-04-19
00015,INDUSTRIAL AND COMMERCIAL BANK OF C,extranjero,situacion_deudores,TF.Sit.1: En situación normal (%),Dic-2024,97.81,2026-04-19
00015,INDUSTRIAL AND COMMERCIAL BANK OF C,extranjero,situacion_deudores,TF.Sit.2: Con seguimiento especial/Riesgo bajo (%),Dic-2024,1.08,2026-04-19
00015,INDUSTRIAL AND COMMERCIAL BANK OF C,extranjero,situacion_deudores,TF.Sit.3: Con problemas/Riesgo medio (%),Dic-2024,0.68,2026-04-19
00015,INDUSTRIAL AND COMMERCIAL BANK OF C,extranjero,situacion_deudores,TF.Sit.4: Con alto riesgo de insolvencia/Riesgo alto (%),Dic-2024,0.36,2026-04-19
00015,INDUSTRIAL AND COMMERCIAL BANK OF C,extranjero,situacion_deudores,TF.Sit.5: Irrecuperable (%),Dic-2024,0.07,2026-04-19
00015,INDUSTRIAL AND COMMERCIAL BANK OF C,extranjero,situacion_deudores,TOTAL GARANTIZADO - Garantías Preferidas A y B (%),Dic-2024,13.66,2026-04-19
00015,INDUSTRIAL AND COMMERCIAL BANK OF C,extranjero,situacion_deudores,Previsiones por riesgo de incobrabilidad constituídas,Dic-2024,82255.46,2026-04-19
00015,INDUSTRIAL AND COMMERCIAL BANK OF C,extranjero,situacion_deudores,CARTERA COMERCIAL ($),Dic-2024,1363338.09,2026-04-19
00015,INDUSTRIAL AND COMMERCIAL BANK OF C,extranjero,situacion_deudores,Total cartera sobre financiaciones (%),Dic-2024,45.88,2026-04-19
00015,INDUSTRIAL AND COMMERCIAL BANK OF C,extranjero,situacion_deudores,C.COM.Sit.1: En situación normal (%),Dic-2024,99.86,2026-04-19
00015,INDUSTRIAL AND COMMERCIAL BANK OF C,extranjero,situacion_deudores,C.COM.Sit.2: Con seguimiento especial (%),Dic-2024,0.14,2026-04-19
00015,INDUSTRIAL AND COMMERCIAL BANK OF C,extranjero,situacion_deudores,C.COM.Sit.3: Con problemas (%),Dic-2024,0.0,2026-04-19
00015,INDUSTRIAL AND COMMERCIAL BANK OF C,extranjero,situacion_deudores,C.COM.Sit.4: Con alto riesgo de insolvencia (%),Dic-2024,0.0,2026-04-19
00015,INDUSTRIAL AND COMMERCIAL BANK OF C,extranjero,situacion_deudores,C.COM.Sit.5: Irrecuperable (%),Dic-2024,0.0,2026-04-19
00015,INDUSTRIAL AND COMMERCIAL BANK OF C,extranjero,situacion_deudores,C.COM.TOTAL GARANTIZADO - Garantías Preferidas A y B (%),Dic-2024,17.02,2026-04-19
00015,INDUSTRIAL AND COMMERCIAL BANK OF C,extranjero,situacion_deudores,CARTERA DE CONSUMO O VIVIENDA ($),Dic-2024,1277904.64,2026-04-19
00015,INDUSTRIAL AND COMMERCIAL BANK OF C,extranjero,situacion_deudores,Total cartera sobre financiaciones (%),Dic-2024,43.0,2026-04-19
00015,INDUSTRIAL AND COMMERCIAL BANK OF C,extranjero,situacion_deudores,C.CON.Sit.1: En situación normal (%),Dic-2024,95.44,2026-04-19
00015,INDUSTRIAL AND COMMERCIAL BANK OF C,extranjero,situacion_deudores,C.CON.Sit.2: Riesgo bajo (%),Dic-2024,2.17,2026-04-19
00015,INDUSTRIAL AND COMMERCIAL BANK OF C,extranjero,situacion_deudores,C.CON.Sit.3: Riesgo medio (%),Dic-2024,1.49,2026-04-19
00015,INDUSTRIAL AND COMMERCIAL BANK OF C,extranjero,situacion_deudores,C.CON.Sit.4: Riesgo alto (%),Dic-2024,0.79,2026-04-19
00015,INDUSTRIAL AND COMMERCIAL BANK OF C,extranjero,situacion_deudores,C.CON.Sit.5: Irrecuperable (%),Dic-2024,0.11,2026-04-19
00015,INDUSTRIAL AND COMMERCIAL BANK OF C,extranjero,situacion_deudores,C.CON.TOTAL GARANTIZADO - Garantías Preferidas A y B (%),Dic-2024,8.03,2026-04-19
00015,INDUSTRIAL AND COMMERCIAL BANK OF C,extranjero,situacion_deudores,CARTERA COMERCIAL ASIMILABLE A CONSUMO ($),Dic-2024,330510.68,2026-04-19
00015,INDUSTRIAL AND COMMERCIAL BANK OF C,extranjero,situacion_deudores,Total cartera sobre financiaciones (%),Dic-2024,11.12,2026-04-19
00015,INDUSTRIAL AND COMMERCIAL BANK OF C,extranjero,situacion_deudores,C.CAC.Sit.1: En situación normal (%),Dic-2024,98.55,2026-04-19
00015,INDUSTRIAL AND COMMERCIAL BANK OF C,extranjero,situacion_deudores,C.CAC.Sit.2: Riesgo bajo (%),Dic-2024,0.71,2026-04-19
00015,INDUSTRIAL AND COMMERCIAL BANK OF C,extranjero,situacion_deudores,C.CAC.Sit.3: Riesgo medio (%),Dic-2024,0.38,2026-04-19
00015,INDUSTRIAL AND COMMERCIAL BANK OF C,extranjero,situacion_deudores,C.CAC.Sit.4: Riesgo alto (%),Dic-2024,0.16,2026-04-19
00015,INDUSTRIAL AND COMMERCIAL BANK OF C,extranjero,situacion_deudores,C.CAC.Sit.5: Irrecuperable (%),Dic-2024,0.21,2026-04-19
00015,INDUSTRIAL AND COMMERCIAL BANK OF C,extranjero,situacion_deudores,C.CAC.TOTAL GARANTIZADO - Garantías Preferidas A y B (%),Dic-2024,21.6,2026-04-19
00015,INDUSTRIAL AND COMMERCIAL BANK OF C,extranjero,situacion_deudores,TOTAL DE FINANCIACIONES Y GARANTIAS OTORGADAS ($),Nov-2025,7580327.71,2026-04-19
00015,INDUSTRIAL AND COMMERCIAL BANK OF C,extranjero,situacion_deudores,TF.Sit.1: En situación normal (%),Nov-2025,95.53,2026-04-19
00015,INDUSTRIAL AND COMMERCIAL BANK OF C,extranjero,situacion_deudores,TF.Sit.2: Con seguimiento especial/Riesgo bajo (%),Nov-2025,1.94,2026-04-19
00015,INDUSTRIAL AND COMMERCIAL BANK OF C,extranjero,situacion_deudores,TF.Sit.3: Con problemas/Riesgo medio (%),Nov-2025,1.5,2026-04-19
00015,INDUSTRIAL AND COMMERCIAL BANK OF C,extranjero,situacion_deudores,TF.Sit.4: Con alto riesgo de insolvencia/Riesgo alto (%),Nov-2025,1.0,2026-04-19
00015,INDUSTRIAL AND COMMERCIAL BANK OF C,extranjero,situacion_deudores,TF.Sit.5: Irrecuperable (%),Nov-2025,0.02,2026-04-19
00015,INDUSTRIAL AND COMMERCIAL BANK OF C,extranjero,situacion_deudores,TOTAL GARANTIZADO - Garantías Preferidas A y B (%),Nov-2025,12.75,2026-04-19
00015,INDUSTRIAL AND COMMERCIAL BANK OF C,extranjero,situacion_deudores,Previsiones por riesgo de incobrabilidad constituídas,Nov-2025,229233.59,2026-04-19
00015,INDUSTRIAL AND COMMERCIAL BANK OF C,extranjero,situacion_deudores,CARTERA COMERCIAL ($),Nov-2025,4874593.84,2026-04-19
00015,INDUSTRIAL AND COMMERCIAL BANK OF C,extranjero,situacion_deudores,Total cartera sobre financiaciones (%),Nov-2025,64.31,2026-04-19
00015,INDUSTRIAL AND COMMERCIAL BANK OF C,extranjero,situacion_deudores,C.COM.Sit.1: En situación normal (%),Nov-2025,99.87,2026-04-19
00015,INDUSTRIAL AND COMMERCIAL BANK OF C,extranjero,situacion_deudores,C.COM.Sit.2: Con seguimiento especial (%),Nov-2025,0.01,2026-04-19
00015,INDUSTRIAL AND COMMERCIAL BANK OF C,extranjero,situacion_deudores,C.COM.Sit.3: Con problemas (%),Nov-2025,0.03,2026-04-19
00015,INDUSTRIAL AND COMMERCIAL BANK OF C,extranjero,situacion_deudores,C.COM.Sit.4: Con alto riesgo de insolvencia (%),Nov-2025,0.08,2026-04-19
00015,INDUSTRIAL AND COMMERCIAL BANK OF C,extranjero,situacion_deudores,C.COM.Sit.5: Irrecuperable (%),Nov-2025,0.0,2026-04-19
00015,INDUSTRIAL AND COMMERCIAL BANK OF C,extranjero,situacion_deudores,C.COM.TOTAL GARANTIZADO - Garantías Preferidas A y B (%),Nov-2025,7.73,2026-04-19
00015,INDUSTRIAL AND COMMERCIAL BANK OF C,extranjero,situacion_deudores,CARTERA DE CONSUMO O VIVIENDA ($),Nov-2025,2170166.29,2026-04-19
00015,INDUSTRIAL AND COMMERCIAL BANK OF C,extranjero,situacion_deudores,Total cartera sobre financiaciones (%),Nov-2025,28.63,2026-04-19
00015,INDUSTRIAL AND COMMERCIAL BANK OF C,extranjero,situacion_deudores,C.CON.Sit.1: En situación normal (%),Nov-2025,86.36,2026-04-19
00015,INDUSTRIAL AND COMMERCIAL BANK OF C,extranjero,situacion_deudores,C.CON.Sit.2: Riesgo bajo (%),Nov-2025,5.8,2026-04-19
00015,INDUSTRIAL AND COMMERCIAL BANK OF C,extranjero,situacion_deudores,C.CON.Sit.3: Riesgo medio (%),Nov-2025,4.75,2026-04-19
00015,INDUSTRIAL AND COMMERCIAL BANK OF C,extranjero,situacion_deudores,C.CON.Sit.4: Riesgo alto (%),Nov-2025,3.02,2026-04-19
00015,INDUSTRIAL AND COMMERCIAL BANK OF C,extranjero,situacion_deudores,C.CON.Sit.5: Irrecuperable (%),Nov-2025,0.07,2026-04-19
00015,INDUSTRIAL AND COMMERCIAL BANK OF C,extranjero,situacion_deudores,C.CON.TOTAL GARANTIZADO - Garantías Preferidas A y B (%),Nov-2025,20.31,2026-04-19
00015,INDUSTRIAL AND COMMERCIAL BANK OF C,extranjero,situacion_deudores,CARTERA COMERCIAL ASIMILABLE A CONSUMO ($),Nov-2025,535567.57,2026-04-19
00015,INDUSTRIAL AND COMMERCIAL BANK OF C,extranjero,situacion_deudores,Total cartera sobre financiaciones (%),Nov-2025,7.07,2026-04-19
00015,INDUSTRIAL AND COMMERCIAL BANK OF C,extranjero,situacion_deudores,C.CAC.Sit.1: En situación normal (%),Nov-2025,93.16,2026-04-19
00015,INDUSTRIAL AND COMMERCIAL BANK OF C,extranjero,situacion_deudores,C.CAC.Sit.2: Riesgo bajo (%),Nov-2025,3.89,2026-04-19
00015,INDUSTRIAL AND COMMERCIAL BANK OF C,extranjero,situacion_deudores,C.CAC.Sit.3: Riesgo medio (%),Nov-2025,1.69,2026-04-19
00015,INDUSTRIAL AND COMMERCIAL BANK OF C,extranjero,situacion_deudores,C.CAC.Sit.4: Riesgo alto (%),Nov-2025,1.19,2026-04-19
00015,INDUSTRIAL AND COMMERCIAL BANK OF C,extranjero,situacion_deudores,C.CAC.Sit.5: Irrecuperable (%),Nov-2025,0.05,2026-04-19
00015,INDUSTRIAL AND COMMERCIAL BANK OF C,extranjero,situacion_deudores,C.CAC.TOTAL GARANTIZADO - Garantías Preferidas A y B (%),Nov-2025,27.92,2026-04-19
00015,INDUSTRIAL AND COMMERCIAL BANK OF C,extranjero,situacion_deudores,TOTAL DE FINANCIACIONES Y GARANTIAS OTORGADAS ($),Dic-2025,7737091.95,2026-04-19
00015,INDUSTRIAL AND COMMERCIAL BANK OF C,extranjero,situacion_deudores,TF.Sit.1: En situación normal (%),Dic-2025,95.5,2026-04-19
00015,INDUSTRIAL AND COMMERCIAL BANK OF C,extranjero,situacion_deudores,TF.Sit.2: Con seguimiento especial/Riesgo bajo (%),Dic-2025,1.94,2026-04-19
00015,INDUSTRIAL AND COMMERCIAL BANK OF C,extranjero,situacion_deudores,TF.Sit.3: Con problemas/Riesgo medio (%),Dic-2025,1.56,2026-04-19
00015,INDUSTRIAL AND COMMERCIAL BANK OF C,extranjero,situacion_deudores,TF.Sit.4: Con alto riesgo de insolvencia/Riesgo alto (%),Dic-2025,0.98,2026-04-19
00015,INDUSTRIAL AND COMMERCIAL BANK OF C,extranjero,situacion_deudores,TF.Sit.5: Irrecuperable (%),Dic-2025,0.02,2026-04-19
00015,INDUSTRIAL AND COMMERCIAL BANK OF C,extranjero,situacion_deudores,TOTAL GARANTIZADO - Garantías Preferidas A y B (%),Dic-2025,12.9,2026-04-19
00015,INDUSTRIAL AND COMMERCIAL BANK OF C,extranjero,situacion_deudores,Previsiones por riesgo de incobrabilidad constituídas,Dic-2025,217882.62,2026-04-19
00015,INDUSTRIAL AND COMMERCIAL BANK OF C,extranjero,situacion_deudores,CARTERA COMERCIAL ($),Dic-2025,4940205.04,2026-04-19
00015,INDUSTRIAL AND COMMERCIAL BANK OF C,extranjero,situacion_deudores,Total cartera sobre financiaciones (%),Dic-2025,63.85,2026-04-19
00015,INDUSTRIAL AND COMMERCIAL BANK OF C,extranjero,situacion_deudores,C.COM.Sit.1: En situación normal (%),Dic-2025,99.87,2026-04-19
00015,INDUSTRIAL AND COMMERCIAL BANK OF C,extranjero,situacion_deudores,C.COM.Sit.2: Con seguimiento especial (%),Dic-2025,0.01,2026-04-19
00015,INDUSTRIAL AND COMMERCIAL BANK OF C,extranjero,situacion_deudores,C.COM.Sit.3: Con problemas (%),Dic-2025,0.03,2026-04-19
00015,INDUSTRIAL AND COMMERCIAL BANK OF C,extranjero,situacion_deudores,C.COM.Sit.4: Con alto riesgo de insolvencia (%),Dic-2025,0.08,2026-04-19
00015,INDUSTRIAL AND COMMERCIAL BANK OF C,extranjero,situacion_deudores,C.COM.Sit.5: Irrecuperable (%),Dic-2025,0.0,2026-04-19
00015,INDUSTRIAL AND COMMERCIAL BANK OF C,extranjero,situacion_deudores,C.COM.TOTAL GARANTIZADO - Garantías Preferidas A y B (%),Dic-2025,8.23,2026-04-19
00015,INDUSTRIAL AND COMMERCIAL BANK OF C,extranjero,situacion_deudores,CARTERA DE CONSUMO O VIVIENDA ($),Dic-2025,2201102.71,2026-04-19
00015,INDUSTRIAL AND COMMERCIAL BANK OF C,extranjero,situacion_deudores,Total cartera sobre financiaciones (%),Dic-2025,28.45,2026-04-19
00015,INDUSTRIAL AND COMMERCIAL BANK OF C,extranjero,situacion_deudores,C.CON.Sit.1: En situación normal (%),Dic-2025,86.53,2026-04-19
00015,INDUSTRIAL AND COMMERCIAL BANK OF C,extranjero,situacion_deudores,C.CON.Sit.2: Riesgo bajo (%),Dic-2025,5.67,2026-04-19
00015,INDUSTRIAL AND COMMERCIAL BANK OF C,extranjero,situacion_deudores,C.CON.Sit.3: Riesgo medio (%),Dic-2025,4.83,2026-04-19
00015,INDUSTRIAL AND COMMERCIAL BANK OF C,extranjero,situacion_deudores,C.CON.Sit.4: Riesgo alto (%),Dic-2025,2.9,2026-04-19
00015,INDUSTRIAL AND COMMERCIAL BANK OF C,extranjero,situacion_deudores,C.CON.Sit.5: Irrecuperable (%),Dic-2025,0.07,2026-04-19
00015,INDUSTRIAL AND COMMERCIAL BANK OF C,extranjero,situacion_deudores,C.CON.TOTAL GARANTIZADO - Garantías Preferidas A y B (%),Dic-2025,20.0,2026-04-19
00015,INDUSTRIAL AND COMMERCIAL BANK OF C,extranjero,situacion_deudores,CARTERA COMERCIAL ASIMILABLE A CONSUMO ($),Dic-2025,595784.2,2026-04-19
00015,INDUSTRIAL AND COMMERCIAL BANK OF C,extranjero,situacion_deudores,Total cartera sobre financiaciones (%),Dic-2025,7.7,2026-04-19
00015,INDUSTRIAL AND COMMERCIAL BANK OF C,extranjero,situacion_deudores,C.CAC.Sit.1: En situación normal (%),Dic-2025,92.39,2026-04-19
00015,INDUSTRIAL AND COMMERCIAL BANK OF C,extranjero,situacion_deudores,C.CAC.Sit.2: Riesgo bajo (%),Dic-2025,4.12,2026-04-19
00015,INDUSTRIAL AND COMMERCIAL BANK OF C,extranjero,situacion_deudores,C.CAC.Sit.3: Riesgo medio (%),Dic-2025,2.15,2026-04-19
00015,INDUSTRIAL AND COMMERCIAL BANK OF C,extranjero,situacion_deudores,C.CAC.Sit.4: Riesgo alto (%),Dic-2025,1.31,2026-04-19
00015,INDUSTRIAL AND COMMERCIAL BANK OF C,extranjero,situacion_deudores,C.CAC.Sit.5: Irrecuperable (%),Dic-2025,0.03,2026-04-19
00015,INDUSTRIAL AND COMMERCIAL BANK OF C,extranjero,situacion_deudores,C.CAC.TOTAL GARANTIZADO - Garantías Preferidas A y B (%),Dic-2025,25.42,2026-04-19
00015,INDUSTRIAL AND COMMERCIAL BANK OF C,extranjero,situacion_deudores,TOTAL DE FINANCIACIONES Y GARANTIAS OTORGADAS ($),Ene-2026,7520649.58,2026-04-19
00015,INDUSTRIAL AND COMMERCIAL BANK OF C,extranjero,situacion_deudores,TF.Sit.1: En situación normal (%),Ene-2026,95.43,2026-04-19
00015,INDUSTRIAL AND COMMERCIAL BANK OF C,extranjero,situacion_deudores,TF.Sit.2: Con seguimiento especial/Riesgo bajo (%),Ene-2026,1.88,2026-04-19
00015,INDUSTRIAL AND COMMERCIAL BANK OF C,extranjero,situacion_deudores,TF.Sit.3: Con problemas/Riesgo medio (%),Ene-2026,1.88,2026-04-19
00015,INDUSTRIAL AND COMMERCIAL BANK OF C,extranjero,situacion_deudores,TF.Sit.4: Con alto riesgo de insolvencia/Riesgo alto (%),Ene-2026,0.77,2026-04-19
00015,INDUSTRIAL AND COMMERCIAL BANK OF C,extranjero,situacion_deudores,TF.Sit.5: Irrecuperable (%),Ene-2026,0.03,2026-04-19
00015,INDUSTRIAL AND COMMERCIAL BANK OF C,extranjero,situacion_deudores,TOTAL GARANTIZADO - Garantías Preferidas A y B (%),Ene-2026,13.13,2026-04-19
00015,INDUSTRIAL AND COMMERCIAL BANK OF C,extranjero,situacion_deudores,Previsiones por riesgo de incobrabilidad constituídas,Ene-2026,198446.44,2026-04-19
00015,INDUSTRIAL AND COMMERCIAL BANK OF C,extranjero,situacion_deudores,CARTERA COMERCIAL ($),Ene-2026,4614938.81,2026-04-19
00015,INDUSTRIAL AND COMMERCIAL BANK OF C,extranjero,situacion_deudores,Total cartera sobre financiaciones (%),Ene-2026,61.36,2026-04-19
00015,INDUSTRIAL AND COMMERCIAL BANK OF C,extranjero,situacion_deudores,C.COM.Sit.1: En situación normal (%),Ene-2026,99.86,2026-04-19
00015,INDUSTRIAL AND COMMERCIAL BANK OF C,extranjero,situacion_deudores,C.COM.Sit.2: Con seguimiento especial (%),Ene-2026,0.02,2026-04-19
00015,INDUSTRIAL AND COMMERCIAL BANK OF C,extranjero,situacion_deudores,C.COM.Sit.3: Con problemas (%),Ene-2026,0.03,2026-04-19
00015,INDUSTRIAL AND COMMERCIAL BANK OF C,extranjero,situacion_deudores,C.COM.Sit.4: Con alto riesgo de insolvencia (%),Ene-2026,0.09,2026-04-19
00015,INDUSTRIAL AND COMMERCIAL BANK OF C,extranjero,situacion_deudores,C.COM.Sit.5: Irrecuperable (%),Ene-2026,0.0,2026-04-19
00015,INDUSTRIAL AND COMMERCIAL BANK OF C,extranjero,situacion_deudores,C.COM.TOTAL GARANTIZADO - Garantías Preferidas A y B (%),Ene-2026,8.2,2026-04-19
00015,INDUSTRIAL AND COMMERCIAL BANK OF C,extranjero,situacion_deudores,CARTERA DE CONSUMO O VIVIENDA ($),Ene-2026,2182837.18,2026-04-19
00015,INDUSTRIAL AND COMMERCIAL BANK OF C,extranjero,situacion_deudores,Total cartera sobre financiaciones (%),Ene-2026,29.02,2026-04-19
00015,INDUSTRIAL AND COMMERCIAL BANK OF C,extranjero,situacion_deudores,C.CON.Sit.1: En situación normal (%),Ene-2026,87.19,2026-04-19
00015,INDUSTRIAL AND COMMERCIAL BANK OF C,extranjero,situacion_deudores,C.CON.Sit.2: Riesgo bajo (%),Ene-2026,4.93,2026-04-19
00015,INDUSTRIAL AND COMMERCIAL BANK OF C,extranjero,situacion_deudores,C.CON.Sit.3: Riesgo medio (%),Ene-2026,5.75,2026-04-19
00015,INDUSTRIAL AND COMMERCIAL BANK OF C,extranjero,situacion_deudores,C.CON.Sit.4: Riesgo alto (%),Ene-2026,2.04,2026-04-19
00015,INDUSTRIAL AND COMMERCIAL BANK OF C,extranjero,situacion_deudores,C.CON.Sit.5: Irrecuperable (%),Ene-2026,0.09,2026-04-19
00015,INDUSTRIAL AND COMMERCIAL BANK OF C,extranjero,situacion_deudores,C.CON.TOTAL GARANTIZADO - Garantías Preferidas A y B (%),Ene-2026,20.92,2026-04-19
00015,INDUSTRIAL AND COMMERCIAL BANK OF C,extranjero,situacion_deudores,CARTERA COMERCIAL ASIMILABLE A CONSUMO ($),Ene-2026,722873.59,2026-04-19
00015,INDUSTRIAL AND COMMERCIAL BANK OF C,extranjero,situacion_deudores,Total cartera sobre financiaciones (%),Ene-2026,9.61,2026-04-19
00015,INDUSTRIAL AND COMMERCIAL BANK OF C,extranjero,situacion_deudores,C.CAC.Sit.1: En situación normal (%),Ene-2026,92.02,2026-04-19
00015,INDUSTRIAL AND COMMERCIAL BANK OF C,extranjero,situacion_deudores,C.CAC.Sit.2: Riesgo bajo (%),Ene-2026,4.59,2026-04-19
00015,INDUSTRIAL AND COMMERCIAL BANK OF C,extranjero,situacion_deudores,C.CAC.Sit.3: Riesgo medio (%),Ene-2026,2.02,2026-04-19
00015,INDUSTRIAL AND COMMERCIAL BANK OF C,extranjero,situacion_deudores,C.CAC.Sit.4: Riesgo alto (%),Ene-2026,1.33,2026-04-19
00015,INDUSTRIAL AND COMMERCIAL BANK OF C,extranjero,situacion_deudores,C.CAC.Sit.5: Irrecuperable (%),Ene-2026,0.04,2026-04-19
00015,INDUSTRIAL AND COMMERCIAL BANK OF C,extranjero,situacion_deudores,C.CAC.TOTAL GARANTIZADO - Garantías Preferidas A y B (%),Ene-2026,21.07,2026-04-19
00165,"JPMORGAN CHASE BANK, NATIONAL ASSOC",extranjero,situacion_deudores,TOTAL DE FINANCIACIONES Y GARANTIAS OTORGADAS ($),Dic-2023,0.0,2026-04-19
00165,"JPMORGAN CHASE BANK, NATIONAL ASSOC",extranjero,situacion_deudores,TF.Sit.1: En situación normal (%),Dic-2023,0.0,2026-04-19
00165,"JPMORGAN CHASE BANK, NATIONAL ASSOC",extranjero,situacion_deudores,Previsiones por riesgo de incobrabilidad constituídas,Dic-2023,0.0,2026-04-19
00165,"JPMORGAN CHASE BANK, NATIONAL ASSOC",extranjero,situacion_deudores,CARTERA COMERCIAL ($),Dic-2023,0.0,2026-04-19
00165,"JPMORGAN CHASE BANK, NATIONAL ASSOC",extranjero,situacion_deudores,Total cartera sobre financiaciones (%),Dic-2023,0.0,2026-04-19
00165,"JPMORGAN CHASE BANK, NATIONAL ASSOC",extranjero,situacion_deudores,C.COM.Sit.1: En situación normal (%),Dic-2023,0.0,2026-04-19
00165,"JPMORGAN CHASE BANK, NATIONAL ASSOC",extranjero,situacion_deudores,TOTAL DE FINANCIACIONES Y GARANTIAS OTORGADAS ($),Dic-2024,66583.22,2026-04-19
00165,"JPMORGAN CHASE BANK, NATIONAL ASSOC",extranjero,situacion_deudores,TF.Sit.1: En situación normal (%),Dic-2024,100.0,2026-04-19
00165,"JPMORGAN CHASE BANK, NATIONAL ASSOC",extranjero,situacion_deudores,Previsiones por riesgo de incobrabilidad constituídas,Dic-2024,2.12,2026-04-19
00165,"JPMORGAN CHASE BANK, NATIONAL ASSOC",extranjero,situacion_deudores,CARTERA COMERCIAL ($),Dic-2024,66583.22,2026-04-19
00165,"JPMORGAN CHASE BANK, NATIONAL ASSOC",extranjero,situacion_deudores,Total cartera sobre financiaciones (%),Dic-2024,100.0,2026-04-19
00165,"JPMORGAN CHASE BANK, NATIONAL ASSOC",extranjero,situacion_deudores,C.COM.Sit.1: En situación normal (%),Dic-2024,100.0,2026-04-19
00165,"JPMORGAN CHASE BANK, NATIONAL ASSOC",extranjero,situacion_deudores,TOTAL DE FINANCIACIONES Y GARANTIAS OTORGADAS ($),Nov-2025,64377.51,2026-04-19
00165,"JPMORGAN CHASE BANK, NATIONAL ASSOC",extranjero,situacion_deudores,TF.Sit.1: En situación normal (%),Nov-2025,100.0,2026-04-19
00165,"JPMORGAN CHASE BANK, NATIONAL ASSOC",extranjero,situacion_deudores,Previsiones por riesgo de incobrabilidad constituídas,Nov-2025,1.25,2026-04-19
00165,"JPMORGAN CHASE BANK, NATIONAL ASSOC",extranjero,situacion_deudores,CARTERA COMERCIAL ($),Nov-2025,64377.51,2026-04-19
00165,"JPMORGAN CHASE BANK, NATIONAL ASSOC",extranjero,situacion_deudores,Total cartera sobre financiaciones (%),Nov-2025,100.0,2026-04-19
00165,"JPMORGAN CHASE BANK, NATIONAL ASSOC",extranjero,situacion_deudores,C.COM.Sit.1: En situación normal (%),Nov-2025,100.0,2026-04-19
00165,"JPMORGAN CHASE BANK, NATIONAL ASSOC",extranjero,situacion_deudores,TOTAL DE FINANCIACIONES Y GARANTIAS OTORGADAS ($),Dic-2025,21859.86,2026-04-19
00165,"JPMORGAN CHASE BANK, NATIONAL ASSOC",extranjero,situacion_deudores,TF.Sit.1: En situación normal (%),Dic-2025,100.0,2026-04-19
00165,"JPMORGAN CHASE BANK, NATIONAL ASSOC",extranjero,situacion_deudores,Previsiones por riesgo de incobrabilidad constituídas,Dic-2025,0.57,2026-04-19
00165,"JPMORGAN CHASE BANK, NATIONAL ASSOC",extranjero,situacion_deudores,CARTERA COMERCIAL ($),Dic-2025,21859.86,2026-04-19
00165,"JPMORGAN CHASE BANK, NATIONAL ASSOC",extranjero,situacion_deudores,Total cartera sobre financiaciones (%),Dic-2025,100.0,2026-04-19
00165,"JPMORGAN CHASE BANK, NATIONAL ASSOC",extranjero,situacion_deudores,C.COM.Sit.1: En situación normal (%),Dic-2025,100.0,2026-04-19
00165,"JPMORGAN CHASE BANK, NATIONAL ASSOC",extranjero,situacion_deudores,TOTAL DE FINANCIACIONES Y GARANTIAS OTORGADAS ($),Ene-2026,45314.18,2026-04-19
00165,"JPMORGAN CHASE BANK, NATIONAL ASSOC",extranjero,situacion_deudores,TF.Sit.1: En situación normal (%),Ene-2026,100.0,2026-04-19
00165,"JPMORGAN CHASE BANK, NATIONAL ASSOC",extranjero,situacion_deudores,Previsiones por riesgo de incobrabilidad constituídas,Ene-2026,0.88,2026-04-19
00165,"JPMORGAN CHASE BANK, NATIONAL ASSOC",extranjero,situacion_deudores,CARTERA COMERCIAL ($),Ene-2026,45314.18,2026-04-19
00165,"JPMORGAN CHASE BANK, NATIONAL ASSOC",extranjero,situacion_deudores,Total cartera sobre financiaciones (%),Ene-2026,100.0,2026-04-19
00165,"JPMORGAN CHASE BANK, NATIONAL ASSOC",extranjero,situacion_deudores,C.COM.Sit.1: En situación normal (%),Ene-2026,100.0,2026-04-19
00384,UALA BANK S.A.U.,privado_nacional,situacion_deudores,TOTAL DE FINANCIACIONES Y GARANTIAS OTORGADAS ($),Dic-2023,333.48,2026-04-19
00384,UALA BANK S.A.U.,privado_nacional,situacion_deudores,TF.Sit.1: En situación normal (%),Dic-2023,96.82,2026-04-19
00384,UALA BANK S.A.U.,privado_nacional,situacion_deudores,TF.Sit.2: Con seguimiento especial/Riesgo bajo (%),Dic-2023,0.72,2026-04-19
00384,UALA BANK S.A.U.,privado_nacional,situacion_deudores,TF.Sit.3: Con problemas/Riesgo medio (%),Dic-2023,0.62,2026-04-19
00384,UALA BANK S.A.U.,privado_nacional,situacion_deudores,TF.Sit.4: Con alto riesgo de insolvencia/Riesgo alto (%),Dic-2023,1.11,2026-04-19
00384,UALA BANK S.A.U.,privado_nacional,situacion_deudores,TF.Sit.5: Irrecuperable (%),Dic-2023,0.72,2026-04-19
00384,UALA BANK S.A.U.,privado_nacional,situacion_deudores,TOTAL GARANTIZADO - Garantías Preferidas A y B (%),Dic-2023,0.12,2026-04-19
00384,UALA BANK S.A.U.,privado_nacional,situacion_deudores,Previsiones por riesgo de incobrabilidad constituídas,Dic-2023,12.88,2026-04-19
00384,UALA BANK S.A.U.,privado_nacional,situacion_deudores,CARTERA COMERCIAL ($),Dic-2023,45.64,2026-04-19
00384,UALA BANK S.A.U.,privado_nacional,situacion_deudores,Total cartera sobre financiaciones (%),Dic-2023,13.69,2026-04-19
00384,UALA BANK S.A.U.,privado_nacional,situacion_deudores,C.COM.Sit.1: En situación normal (%),Dic-2023,100.0,2026-04-19
00384,UALA BANK S.A.U.,privado_nacional,situacion_deudores,CARTERA DE CONSUMO O VIVIENDA ($),Dic-2023,287.83,2026-04-19
00384,UALA BANK S.A.U.,privado_nacional,situacion_deudores,Total cartera sobre financiaciones (%),Dic-2023,86.31,2026-04-19
00384,UALA BANK S.A.U.,privado_nacional,situacion_deudores,C.CON.Sit.1: En situación normal (%),Dic-2023,96.31,2026-04-19
00384,UALA BANK S.A.U.,privado_nacional,situacion_deudores,C.CON.Sit.2: Riesgo bajo (%),Dic-2023,0.84,2026-04-19
00384,UALA BANK S.A.U.,privado_nacional,situacion_deudores,C.CON.Sit.3: Riesgo medio (%),Dic-2023,0.72,2026-04-19
00384,UALA BANK S.A.U.,privado_nacional,situacion_deudores,C.CON.Sit.4: Riesgo alto (%),Dic-2023,1.29,2026-04-19
00384,UALA BANK S.A.U.,privado_nacional,situacion_deudores,C.CON.Sit.5: Irrecuperable (%),Dic-2023,0.84,2026-04-19
00384,UALA BANK S.A.U.,privado_nacional,situacion_deudores,C.CON.TOTAL GARANTIZADO - Garantías Preferidas A y B (%),Dic-2023,0.14,2026-04-19
00384,UALA BANK S.A.U.,privado_nacional,situacion_deudores,CARTERA COMERCIAL ASIMILABLE A CONSUMO ($),Dic-2023,0.0,2026-04-19
00384,UALA BANK S.A.U.,privado_nacional,situacion_deudores,Total cartera sobre financiaciones (%),Dic-2023,0.0,2026-04-19
00384,UALA BANK S.A.U.,privado_nacional,situacion_deudores,C.CAC.Sit.1: En situación normal (%),Dic-2023,0.0,2026-04-19
00384,UALA BANK S.A.U.,privado_nacional,situacion_deudores,TOTAL DE FINANCIACIONES Y GARANTIAS OTORGADAS ($),Dic-2024,106083.54,2026-04-19
00384,UALA BANK S.A.U.,privado_nacional,situacion_deudores,TF.Sit.1: En situación normal (%),Dic-2024,95.91,2026-04-19
00384,UALA BANK S.A.U.,privado_nacional,situacion_deudores,TF.Sit.2: Con seguimiento especial/Riesgo bajo (%),Dic-2024,3.49,2026-04-19
00384,UALA BANK S.A.U.,privado_nacional,situacion_deudores,TF.Sit.3: Con problemas/Riesgo medio (%),Dic-2024,0.58,2026-04-19
00384,UALA BANK S.A.U.,privado_nacional,situacion_deudores,TF.Sit.4: Con alto riesgo de insolvencia/Riesgo alto (%),Dic-2024,0.02,2026-04-19
00384,UALA BANK S.A.U.,privado_nacional,situacion_deudores,TF.Sit.5: Irrecuperable (%),Dic-2024,0.0,2026-04-19
00384,UALA BANK S.A.U.,privado_nacional,situacion_deudores,TOTAL GARANTIZADO - Garantías Preferidas A y B (%),Dic-2024,0.0,2026-04-19
00384,UALA BANK S.A.U.,privado_nacional,situacion_deudores,Previsiones por riesgo de incobrabilidad constituídas,Dic-2024,1428.24,2026-04-19
00384,UALA BANK S.A.U.,privado_nacional,situacion_deudores,CARTERA COMERCIAL ($),Dic-2024,0.0,2026-04-19
00384,UALA BANK S.A.U.,privado_nacional,situacion_deudores,Total cartera sobre financiaciones (%),Dic-2024,0.0,2026-04-19
00384,UALA BANK S.A.U.,privado_nacional,situacion_deudores,C.COM.Sit.1: En situación normal (%),Dic-2024,0.0,2026-04-19
00384,UALA BANK S.A.U.,privado_nacional,situacion_deudores,CARTERA DE CONSUMO O VIVIENDA ($),Dic-2024,105263.14,2026-04-19
00384,UALA BANK S.A.U.,privado_nacional,situacion_deudores,Total cartera sobre financiaciones (%),Dic-2024,99.23,2026-04-19
00384,UALA BANK S.A.U.,privado_nacional,situacion_deudores,C.CON.Sit.1: En situación normal (%),Dic-2024,95.87,2026-04-19
00384,UALA BANK S.A.U.,privado_nacional,situacion_deudores,C.CON.Sit.2: Riesgo bajo (%),Dic-2024,3.52,2026-04-19
00384,UALA BANK S.A.U.,privado_nacional,situacion_deudores,C.CON.Sit.3: Riesgo medio (%),Dic-2024,0.58,2026-04-19
00384,UALA BANK S.A.U.,privado_nacional,situacion_deudores,C.CON.Sit.4: Riesgo alto (%),Dic-2024,0.02,2026-04-19
00384,UALA BANK S.A.U.,privado_nacional,situacion_deudores,C.CON.Sit.5: Irrecuperable (%),Dic-2024,0.0,2026-04-19
00384,UALA BANK S.A.U.,privado_nacional,situacion_deudores,C.CON.TOTAL GARANTIZADO - Garantías Preferidas A y B (%),Dic-2024,0.0,2026-04-19
00384,UALA BANK S.A.U.,privado_nacional,situacion_deudores,CARTERA COMERCIAL ASIMILABLE A CONSUMO ($),Dic-2024,820.4,2026-04-19
00384,UALA BANK S.A.U.,privado_nacional,situacion_deudores,Total cartera sobre financiaciones (%),Dic-2024,0.77,2026-04-19
00384,UALA BANK S.A.U.,privado_nacional,situacion_deudores,C.CAC.Sit.1: En situación normal (%),Dic-2024,100.0,2026-04-19
00384,UALA BANK S.A.U.,privado_nacional,situacion_deudores,TOTAL DE FINANCIACIONES Y GARANTIAS OTORGADAS ($),Nov-2025,349869.93,2026-04-19
00384,UALA BANK S.A.U.,privado_nacional,situacion_deudores,TF.Sit.1: En situación normal (%),Nov-2025,57.7,2026-04-19
00384,UALA BANK S.A.U.,privado_nacional,situacion_deudores,TF.Sit.2: Con seguimiento especial/Riesgo bajo (%),Nov-2025,10.18,2026-04-19
00384,UALA BANK S.A.U.,privado_nacional,situacion_deudores,TF.Sit.3: Con problemas/Riesgo medio (%),Nov-2025,14.04,2026-04-19
00384,UALA BANK S.A.U.,privado_nacional,situacion_deudores,TF.Sit.4: Con alto riesgo de insolvencia/Riesgo alto (%),Nov-2025,17.05,2026-04-19
00384,UALA BANK S.A.U.,privado_nacional,situacion_deudores,TF.Sit.5: Irrecuperable (%),Nov-2025,1.03,2026-04-19
00384,UALA BANK S.A.U.,privado_nacional,situacion_deudores,TOTAL GARANTIZADO - Garantías Preferidas A y B (%),Nov-2025,0.0,2026-04-19
00384,UALA BANK S.A.U.,privado_nacional,situacion_deudores,Previsiones por riesgo de incobrabilidad constituídas,Nov-2025,113074.53,2026-04-19
00384,UALA BANK S.A.U.,privado_nacional,situacion_deudores,CARTERA COMERCIAL ($),Nov-2025,13815.9,2026-04-19
00384,UALA BANK S.A.U.,privado_nacional,situacion_deudores,Total cartera sobre financiaciones (%),Nov-2025,3.95,2026-04-19
00384,UALA BANK S.A.U.,privado_nacional,situacion_deudores,C.COM.Sit.1: En situación normal (%),Nov-2025,100.0,2026-04-19
00384,UALA BANK S.A.U.,privado_nacional,situacion_deudores,CARTERA DE CONSUMO O VIVIENDA ($),Nov-2025,336054.04,2026-04-19
00384,UALA BANK S.A.U.,privado_nacional,situacion_deudores,Total cartera sobre financiaciones (%),Nov-2025,96.05,2026-04-19
00384,UALA BANK S.A.U.,privado_nacional,situacion_deudores,C.CON.Sit.1: En situación normal (%),Nov-2025,55.96,2026-04-19
00384,UALA BANK S.A.U.,privado_nacional,situacion_deudores,C.CON.Sit.2: Riesgo bajo (%),Nov-2025,10.6,2026-04-19
00384,UALA BANK S.A.U.,privado_nacional,situacion_deudores,C.CON.Sit.3: Riesgo medio (%),Nov-2025,14.62,2026-04-19
00384,UALA BANK S.A.U.,privado_nacional,situacion_deudores,C.CON.Sit.4: Riesgo alto (%),Nov-2025,17.75,2026-04-19
00384,UALA BANK S.A.U.,privado_nacional,situacion_deudores,C.CON.Sit.5: Irrecuperable (%),Nov-2025,1.07,2026-04-19
00384,UALA BANK S.A.U.,privado_nacional,situacion_deudores,C.CON.TOTAL GARANTIZADO - Garantías Preferidas A y B (%),Nov-2025,0.0,2026-04-19
00384,UALA BANK S.A.U.,privado_nacional,situacion_deudores,CARTERA COMERCIAL ASIMILABLE A CONSUMO ($),Nov-2025,0.0,2026-04-19
00384,UALA BANK S.A.U.,privado_nacional,situacion_deudores,Total cartera sobre financiaciones (%),Nov-2025,0.0,2026-04-19
00384,UALA BANK S.A.U.,privado_nacional,situacion_deudores,C.CAC.Sit.1: En situación normal (%),Nov-2025,0.0,2026-04-19
00384,UALA BANK S.A.U.,privado_nacional,situacion_deudores,TOTAL DE FINANCIACIONES Y GARANTIAS OTORGADAS ($),Dic-2025,386709.28,2026-04-19
00384,UALA BANK S.A.U.,privado_nacional,situacion_deudores,TF.Sit.1: En situación normal (%),Dic-2025,59.03,2026-04-19
00384,UALA BANK S.A.U.,privado_nacional,situacion_deudores,TF.Sit.2: Con seguimiento especial/Riesgo bajo (%),Dic-2025,7.49,2026-04-19
00384,UALA BANK S.A.U.,privado_nacional,situacion_deudores,TF.Sit.3: Con problemas/Riesgo medio (%),Dic-2025,13.45,2026-04-19
00384,UALA BANK S.A.U.,privado_nacional,situacion_deudores,TF.Sit.4: Con alto riesgo de insolvencia/Riesgo alto (%),Dic-2025,18.17,2026-04-19
00384,UALA BANK S.A.U.,privado_nacional,situacion_deudores,TF.Sit.5: Irrecuperable (%),Dic-2025,1.86,2026-04-19
00384,UALA BANK S.A.U.,privado_nacional,situacion_deudores,TOTAL GARANTIZADO - Garantías Preferidas A y B (%),Dic-2025,0.0,2026-04-19
00384,UALA BANK S.A.U.,privado_nacional,situacion_deudores,Previsiones por riesgo de incobrabilidad constituídas,Dic-2025,123897.0,2026-04-19
00384,UALA BANK S.A.U.,privado_nacional,situacion_deudores,CARTERA COMERCIAL ($),Dic-2025,24664.42,2026-04-19
00384,UALA BANK S.A.U.,privado_nacional,situacion_deudores,Total cartera sobre financiaciones (%),Dic-2025,6.38,2026-04-19
00384,UALA BANK S.A.U.,privado_nacional,situacion_deudores,C.COM.Sit.1: En situación normal (%),Dic-2025,100.0,2026-04-19
00384,UALA BANK S.A.U.,privado_nacional,situacion_deudores,CARTERA DE CONSUMO O VIVIENDA ($),Dic-2025,362044.87,2026-04-19
00384,UALA BANK S.A.U.,privado_nacional,situacion_deudores,Total cartera sobre financiaciones (%),Dic-2025,93.62,2026-04-19
00384,UALA BANK S.A.U.,privado_nacional,situacion_deudores,C.CON.Sit.1: En situación normal (%),Dic-2025,56.24,2026-04-19
00384,UALA BANK S.A.U.,privado_nacional,situacion_deudores,C.CON.Sit.2: Riesgo bajo (%),Dic-2025,8.0,2026-04-19
00384,UALA BANK S.A.U.,privado_nacional,situacion_deudores,C.CON.Sit.3: Riesgo medio (%),Dic-2025,14.37,2026-04-19
00384,UALA BANK S.A.U.,privado_nacional,situacion_deudores,C.CON.Sit.4: Riesgo alto (%),Dic-2025,19.41,2026-04-19
00384,UALA BANK S.A.U.,privado_nacional,situacion_deudores,C.CON.Sit.5: Irrecuperable (%),Dic-2025,1.99,2026-04-19
00384,UALA BANK S.A.U.,privado_nacional,situacion_deudores,C.CON.TOTAL GARANTIZADO - Garantías Preferidas A y B (%),Dic-2025,0.0,2026-04-19
00384,UALA BANK S.A.U.,privado_nacional,situacion_deudores,CARTERA COMERCIAL ASIMILABLE A CONSUMO ($),Dic-2025,0.0,2026-04-19
00384,UALA BANK S.A.U.,privado_nacional,situacion_deudores,Total cartera sobre financiaciones (%),Dic-2025,0.0,2026-04-19
00384,UALA BANK S.A.U.,privado_nacional,situacion_deudores,C.CAC.Sit.1: En situación normal (%),Dic-2025,0.0,2026-04-19
00384,UALA BANK S.A.U.,privado_nacional,situacion_deudores,TOTAL DE FINANCIACIONES Y GARANTIAS OTORGADAS ($),Ene-2026,387483.67,2026-04-19
00384,UALA BANK S.A.U.,privado_nacional,situacion_deudores,TF.Sit.1: En situación normal (%),Ene-2026,56.65,2026-04-19
00384,UALA BANK S.A.U.,privado_nacional,situacion_deudores,TF.Sit.2: Con seguimiento especial/Riesgo bajo (%),Ene-2026,6.19,2026-04-19
00384,UALA BANK S.A.U.,privado_nacional,situacion_deudores,TF.Sit.3: Con problemas/Riesgo medio (%),Ene-2026,13.27,2026-04-19
00384,UALA BANK S.A.U.,privado_nacional,situacion_deudores,TF.Sit.4: Con alto riesgo de insolvencia/Riesgo alto (%),Ene-2026,20.48,2026-04-19
00384,UALA BANK S.A.U.,privado_nacional,situacion_deudores,TF.Sit.5: Irrecuperable (%),Ene-2026,3.41,2026-04-19
00384,UALA BANK S.A.U.,privado_nacional,situacion_deudores,TOTAL GARANTIZADO - Garantías Preferidas A y B (%),Ene-2026,0.0,2026-04-19
00384,UALA BANK S.A.U.,privado_nacional,situacion_deudores,Previsiones por riesgo de incobrabilidad constituídas,Ene-2026,131920.52,2026-04-19
00384,UALA BANK S.A.U.,privado_nacional,situacion_deudores,CARTERA COMERCIAL ($),Ene-2026,24031.56,2026-04-19
00384,UALA BANK S.A.U.,privado_nacional,situacion_deudores,Total cartera sobre financiaciones (%),Ene-2026,6.2,2026-04-19
00384,UALA BANK S.A.U.,privado_nacional,situacion_deudores,C.COM.Sit.1: En situación normal (%),Ene-2026,100.0,2026-04-19
00384,UALA BANK S.A.U.,privado_nacional,situacion_deudores,CARTERA DE CONSUMO O VIVIENDA ($),Ene-2026,358934.42,2026-04-19
00384,UALA BANK S.A.U.,privado_nacional,situacion_deudores,Total cartera sobre financiaciones (%),Ene-2026,92.63,2026-04-19
00384,UALA BANK S.A.U.,privado_nacional,situacion_deudores,C.CON.Sit.1: En situación normal (%),Ene-2026,53.21,2026-04-19
00384,UALA BANK S.A.U.,privado_nacional,situacion_deudores,C.CON.Sit.2: Riesgo bajo (%),Ene-2026,6.68,2026-04-19
00384,UALA BANK S.A.U.,privado_nacional,situacion_deudores,C.CON.Sit.3: Riesgo medio (%),Ene-2026,14.33,2026-04-19
00384,UALA BANK S.A.U.,privado_nacional,situacion_deudores,C.CON.Sit.4: Riesgo alto (%),Ene-2026,22.11,2026-04-19
00384,UALA BANK S.A.U.,privado_nacional,situacion_deudores,C.CON.Sit.5: Irrecuperable (%),Ene-2026,3.68,2026-04-19
00384,UALA BANK S.A.U.,privado_nacional,situacion_deudores,C.CON.TOTAL GARANTIZADO - Garantías Preferidas A y B (%),Ene-2026,0.0,2026-04-19
00384,UALA BANK S.A.U.,privado_nacional,situacion_deudores,CARTERA COMERCIAL ASIMILABLE A CONSUMO ($),Ene-2026,4517.69,2026-04-19
00384,UALA BANK S.A.U.,privado_nacional,situacion_deudores,Total cartera sobre financiaciones (%),Ene-2026,1.17,2026-04-19
00384,UALA BANK S.A.U.,privado_nacional,situacion_deudores,C.CAC.Sit.1: En situación normal (%),Ene-2026,100.0,2026-04-19
