Código de Entidad;Descripción de Entidad;Fecha de Información;Nombre completo del Préstamo Hipotecario;Nombre corto del Préstamo Hipotecario;Denominación;Monto máximo otorgable del préstamo;Plazo máximo otorgable;Ingreso mínimo mensual solicitado;Antigüedad laboral mínima (meses);Edad máxima solicitada;Relación cuota/ingreso (%);Relación monto/tasación (%);Destino de los fondos;Beneficiarios;Cargo máximo por cancelación anticipada;Tasa efectiva anual máxima;Tipo de Tasa;Costo financiero efectivo total máximo;Cuota inicial a plazo máximo cada $100.000;Territorio de validez de la oferta;Más información
7;BANCO DE GALICIA Y BUENOS AIRES S.A.;2026-04-09;PRESTAMOSHIPOTECARIOSUVA;PHUVA;UVA;999999999;240;310000;12;55;25,00;70,00;Vivienda propia, única y permanente;Clientes que acrediten sueldos en la entidad;4,00;12,00;Fija;15,00;12677,00;Todo el territorio nacional;
11;BANCO DE LA NACION ARGENTINA;2025-11-28;PRESTAMOS HIPOTECARIOS EN UVA;SECTOR PUBLICO;UVA;312715620;360;496002;12;85;30,00;90,00;Vivienda propia, única y permanente;Clientes que acrediten sueldos en la entidad;4,00;6,17;Fija;7,34;5996,00;Todo el territorio nacional;ADQUISICION VIV UNICA HABERES ADMINISTRACION PUBLICA MONTO MAXIMO OTORGABLE 189000 UVAS Y VALOR DE VIVIENDA DE HASTA 210000 UVAS AJUSTABLES A LA COTIZACION INFORMADA POR BCRA DIARIAMENTE CANCELACION ANTICIPADA NO SE ADMITIRA LA APLICACION DE DICHA COMISION CUANDO AL MOMENTO DE EFECTUARLA HAYA TRANSCURRIDO AL MENOS LA CUARTA PARTE DEL PLAZO ORIGINAL DE LA FINANCIACION O 180 DIAS CORRIDOS DESDE SU OTORGAMIENTO DE AMBOS EL MAYOR DATOS A LA COTIZACION UVA DEL 20112025
11;BANCO DE LA NACION ARGENTINA;2025-11-28;PRESTAMOS HIPOTECARIOS EN UVA;SECTOR PUBLICO;UVA;521192700;360;850961;12;85;30,00;90,00;Vivienda propia, única y permanente;Clientes que acrediten sueldos en la entidad;4,00;12,69;Fija;14,48;10286,00;Todo el territorio nacional;ADQUISICION VIV UNICA HABERES ADMINISTRACION PUBLICA MONTO MAXIMO OTORGABLE 315000 UVAS Y VALOR DE VIVIENDA SUPERIOR A 210000 UVAS HASTA 350000 UVAS AJUSTABLES A LA COTIZACION INFORMADA POR BCRA DIARIAMENTE CANCELACION ANTICIPADA NO SE ADMITIRA LA APLICACION DE DICHA COMISION CUANDO AL MOMENTO DE EFECTUARLA HAYA TRANSCURRIDO AL MENOS LA CUARTA PARTE DEL PLAZO ORIGINAL DE LA FINANCIACION O 180 DIAS CORRIDOS DESDE SU OTORGAMIENTO DE AMBOS EL MAYOR DATOS A LA COTIZACION UVA DEL 20112025
11;BANCO DE LA NACION ARGENTINA;2025-11-28;PRESTAMOS HIPOTECARIOS EN UVA;MAS HOGARES CON BNA;UVA;430190800;360;1021153;12;85;25,00;75,00;Vivienda propia, única y permanente;Clientes con cuenta en la entidad;4,00;12,69;Fija;14,48;10286,00;Todo el territorio nacional;ADQUISICION VIV UNICA SIN HABERES MONTO MAXIMO OTORGABLE 260000 UVAS Y VALOR DE VIVIENDA DE HASTA 350000 UVAS AJUSTABLES A LA COTIZACION INFORMADA POR BCRA DIARIAMENTE CANCELACION ANTICIPADA NO SE ADMITIRA LA APLICACION DE DICHA COMISION CUANDO AL MOMENTO DE EFECTUARLA HAYA TRANSCURRIDO AL MENOS LA CUARTA PARTE DEL PLAZO ORIGINAL DE LA FINANCIACION O 180 DIAS CORRIDOS DESDE SU OTORGAMIENTO DE AMBOS EL MAYOR DATOS A LA COTIZACION UVA DEL 20112025
11;BANCO DE LA NACION ARGENTINA;2025-11-28;PRESTAMOS HIPOTECARIOS EN UVA;MAS HOGARES CON BNA;UVA;430190800;180;1516835;12;85;25,00;75,00;Vivienda adicional o 2da vivienda;Clientes con cuenta en la entidad;4,00;12,69;Fija;17,59;15279,00;Todo el territorio nacional;TERMINACION AMPLIACION REFACCIO MONTO MAXIMO OTORGABLE 260000 UVAS Y VALOR DE VIVIENDA DE HASTA 350000 UVAS AJUSTABLES A LA COTIZACION INFORMADA POR BCRA DIARIAMENTE CANCELACION ANTICIPADA NO SE ADMITIRA LA APLICACION DE DICHA COMISION CUANDO AL MOMENTO DE EFECTUARLA HAYA TRANSCURRIDO AL MENOS LA CUARTA PARTE DEL PLAZO ORIGINAL DE LA FINANCIACION O 180 DIAS CORRIDOS DESDE SU OTORGAMIENTO DE AMBOS EL MAYOR DATOS A LA COTIZACION UVA DEL 20112025
11;BANCO DE LA NACION ARGENTINA;2025-11-28;PRESTAMOS HIPOTECARIOS EN UVA;MAS HOGARES CON BNA;UVA;260596350;360;756424;12;85;25,00;75,00;Vivienda propia, única y permanente;Clientes que acrediten sueldos en la entidad;4,00;6,17;Fija;9,72;7619,00;Todo el territorio nacional;ADQUISICION VIV UNICA HABERES CON TOPEO DE CUOTA POR CVS MONTO MAXIMO OTORGABLE 157500 UVAS Y VALOR DE VIVIENDA DE HASTA 210000 UVAS AJUSTABLES A LA COTIZACION INFORMADA POR BCRA DIARIAMENTE CANCELACION ANTICIPADA NO SE ADMITIRA LA APLICACION DE DICHA COMISION CUANDO AL MOMENTO DE EFECTUARLA HAYA TRANSCURRIDO AL MENOS LA CUARTA PARTE DEL PLAZO ORIGINAL DE LA FINANCIACION O 180 DIAS CORRIDOS DESDE SU OTORGAMIENTO DE AMBOS EL MAYOR DATOS A LA COTIZACION UVA DEL 20112025
11;BANCO DE LA NACION ARGENTINA;2025-11-28;PRESTAMOS HIPOTECARIOS EN UVA;MAS HOGARES CON BNA;UVA;260596350;360;595203;12;85;25,00;75,00;Vivienda propia, única y permanente;Clientes que acrediten sueldos en la entidad;4,00;6,17;Fija;7,34;5996,00;Todo el territorio nacional;ADQUISICION VIV UNICA HABERES MONTO MAXIMO OTORGABLE 157500 UVAS Y VALOR DE VIVIENDA DE HASTA 210000 UVAS AJUSTABLES A LA COTIZACION INFORMADA POR BCRA DIARIAMENTE CANCELACION ANTICIPADA NO SE ADMITIRA LA APLICACION DE DICHA COMISION CUANDO AL MOMENTO DE EFECTUARLA HAYA TRANSCURRIDO AL MENOS LA CUARTA PARTE DEL PLAZO ORIGINAL DE LA FINANCIACION O 180 DIAS CORRIDOS DESDE SU OTORGAMIENTO DE AMBOS EL MAYOR DATOS A LA COTIZACION UVA DEL 20112025
11;BANCO DE LA NACION ARGENTINA;2025-11-28;PRESTAMOS HIPOTECARIOS EN UVA;MAS HOGARES CON BNA;UVA;430190800;360;1316930;12;85;25,00;75,00;Vivienda adicional o 2da vivienda;Clientes con cuenta en la entidad;4,00;12,69;Fija;17,26;13265,00;Todo el territorio nacional;CONSTRUCCION SEGUNDA VIVIENDA MONTO MAXIMO OTORGABLE 260000 UVAS Y VALOR DE VIVIENDA DE HASTA 350000 UVAS AJUSTABLES A LA COTIZACION INFORMADA POR BCRA DIARIAMENTE CANCELACION ANTICIPADA NO SE ADMITIRA LA APLICACION DE DICHA COMISION CUANDO AL MOMENTO DE EFECTUARLA HAYA TRANSCURRIDO AL MENOS LA CUARTA PARTE DEL PLAZO ORIGINAL DE LA FINANCIACION O 180 DIAS CORRIDOS DESDE SU OTORGAMIENTO DE AMBOS EL MAYOR DATOS A LA COTIZACION UVA DEL 20112025
11;BANCO DE LA NACION ARGENTINA;2025-11-28;PRESTAMOS HIPOTECARIOS EN UVA;MAS HOGARES CON BNA;UVA;430190800;360;1229630;12;85;25,00;75,00;Vivienda adicional o 2da vivienda;Clientes con cuenta en la entidad;4,00;12,69;Fija;17,35;12386,00;Todo el territorio nacional;ADQUISICION SEGUNDA VIVIENDA MONTO MAXIMO OTORGABLE 260000 UVAS Y VALOR DE VIVIENDA DE HASTA 350000 UVAS AJUSTABLES A LA COTIZACION INFORMADA POR BCRA DIARIAMENTE CANCELACION ANTICIPADA NO SE ADMITIRA LA APLICACION DE DICHA COMISION CUANDO AL MOMENTO DE EFECTUARLA HAYA TRANSCURRIDO AL MENOS LA CUARTA PARTE DEL PLAZO ORIGINAL DE LA FINANCIACION O 180 DIAS CORRIDOS DESDE SU OTORGAMIENTO DE AMBOS EL MAYOR DATOS A LA COTIZACION UVA DEL 20112025
11;BANCO DE LA NACION ARGENTINA;2025-11-28;PRESTAMOS HIPOTECARIOS EN UVA;SECTOR PUBLICO;UVA;312715620;360;630353;12;85;30,00;90,00;Vivienda propia, única y permanente;Clientes que acrediten sueldos en la entidad;4,00;6,17;Fija;9,72;7619,00;Todo el territorio nacional;ADQUISICION VIV UNICA HABERES ADMINISTRACION PUBLICA CON TOPEO DE CUOTA POR CVS MONTO MAXIMO OTORGABLE 189000 UVAS Y VALOR DE VIVIENDA DE HASTA 210000 UVAS AJUSTABLES A LA COTIZACION INFORMADA POR BCRA DIARIAMENTE CANCELACION ANTICIPADA NO SE ADMITIRA LA APLICACION DE DICHA COMISION CUANDO AL MOMENTO DE EFECTUARLA HAYA TRANSCURRIDO AL MENOS LA CUARTA PARTE DEL PLAZO ORIGINAL DE LA FINANCIACION O 180 DIAS CORRIDOS DESDE SU OTORGAMIENTO DE AMBOS EL MAYOR DATOS A LA COTIZACION UVA DEL 20112025
11;BANCO DE LA NACION ARGENTINA;2025-11-28;PRESTAMOS HIPOTECARIOS EN UVA;MAS HOGARES CON BNA;UVA;430190800;180;1295849;12;85;25,00;75,00;Refacción o mejora;Clientes con cuenta en la entidad;4,00;12,69;Fija;14,73;13053,00;Todo el territorio nacional;TERMINACION AMPLIACION REFACCION VIV UNICA SIN HABERES MONTO MAXIMO OTORGABLE 260000 UVAS Y VALOR DE VIVIENDA DE HASTA 350000 UVAS AJUSTABLES A LA COTIZACION INFORMADA POR BCRA DIARIAMENTE CANCELACION ANTICIPADA NO SE ADMITIRA LA APLICACION DE DICHA COMISION CUANDO AL MOMENTO DE EFECTUARLA HAYA TRANSCURRIDO AL MENOS LA CUARTA PARTE DEL PLAZO ORIGINAL DE LA FINANCIACION O 180 DIAS CORRIDOS DESDE SU OTORGAMIENTO DE AMBOS EL MAYOR DATOS A LA COTIZACION UVA DEL 20112025
11;BANCO DE LA NACION ARGENTINA;2025-11-28;PRESTAMOS HIPOTECARIOS EN UVA;SECTOR PUBLICO;UVA;521192700;360;912244;12;85;30,00;90,00;Construcción;Clientes que acrediten sueldos en la entidad;4,00;12,69;Fija;14,38;11027,00;Todo el territorio nacional;CONSTRUCCION VIV UNICA HABERES ADMINISTRACION PUBLICA MONTO MAXIMO OTORGABLE 315000 UVAS Y VALOR DE VIVIENDA SUPERIOR A 210000 UVAS HASTA 350000 UVAS AJUSTABLES A LA COTIZACION INFORMADA POR BCRA DIARIAMENTE CANCELACION ANTICIPADA NO SE ADMITIRA LA APLICACION DE DICHA COMISION CUANDO AL MOMENTO DE EFECTUARLA HAYA TRANSCURRIDO AL MENOS LA CUARTA PARTE DEL PLAZO ORIGINAL DE LA FINANCIACION O 180 DIAS CORRIDOS DESDE SU OTORGAMIENTO DE AMBOS EL MAYOR DATOS A LA COTIZACION UVA DEL 20112025
11;BANCO DE LA NACION ARGENTINA;2025-11-28;PRESTAMOS HIPOTECARIOS EN UVA;MAS HOGARES CON BNA;UVA;260596350;360;790719;12;85;25,00;75,00;Construcción;Clientes que acrediten sueldos en la entidad;4,00;6,17;Fija;9,71;7965,00;Todo el territorio nacional;CONSTRUCCION VIV UNICA HABERES CON TOPEO DE CUOTAS POR CVS MONTO MAXIMO OTORGABLE 157500 UVAS Y VALOR DE VIVIENDA DE HASTA 210000 UVAS AJUSTABLES A LA COTIZACION INFORMADA POR BCRA DIARIAMENTE CANCELACION ANTICIPADA NO SE ADMITIRA LA APLICACION DE DICHA COMISION CUANDO AL MOMENTO DE EFECTUARLA HAYA TRANSCURRIDO AL MENOS LA CUARTA PARTE DEL PLAZO ORIGINAL DE LA FINANCIACION O 180 DIAS CORRIDOS DESDE SU OTORGAMIENTO DE AMBOS EL MAYOR DATOS A LA COTIZACION UVA DEL 20112025
11;BANCO DE LA NACION ARGENTINA;2025-11-28;PRESTAMOS HIPOTECARIOS EN UVA;MAS HOGARES CON BNA;UVA;260596350;360;626562;12;85;25,00;75,00;Construcción;Clientes que acrediten sueldos en la entidad;4,00;6,17;Fija;7,32;6311,00;Todo el territorio nacional;CONSTRUCCION VIV UNICA HABERES MONTO MAXIMO OTORGABLE 157500 UVAS Y VALOR DE VIVIENDA DE HASTA 210000 UVAS AJUSTABLES A LA COTIZACION INFORMADA POR BCRA DIARIAMENTE CANCELACION ANTICIPADA NO SE ADMITIRA LA APLICACION DE DICHA COMISION CUANDO AL MOMENTO DE EFECTUARLA HAYA TRANSCURRIDO AL MENOS LA CUARTA PARTE DEL PLAZO ORIGINAL DE LA FINANCIACION O 180 DIAS CORRIDOS DESDE SU OTORGAMIENTO DE AMBOS EL MAYOR DATOS A LA COTIZACION UVA DEL 20112025
11;BANCO DE LA NACION ARGENTINA;2025-11-28;PRESTAMOS HIPOTECARIOS EN UVA;MAS HOGARES CON BNA;UVA;430190800;360;1094693;12;85;25,00;75,00;Construcción;Clientes con cuenta en la entidad;4,00;12,69;Fija;14,38;11027,00;Todo el territorio nacional;CONSTRUCCION VIV UNICA SIN HABERES MONTO MAXIMO OTORGABLE 260000 UVAS Y VALOR DE VIVIENDA DE HASTA 350000 UVAS AJUSTABLES A LA COTIZACION INFORMADA POR BCRA DIARIAMENTE CANCELACION ANTICIPADA NO SE ADMITIRA LA APLICACION DE DICHA COMISION CUANDO AL MOMENTO DE EFECTUARLA HAYA TRANSCURRIDO AL MENOS LA CUARTA PARTE DEL PLAZO ORIGINAL DE LA FINANCIACION O 180 DIAS CORRIDOS DESDE SU OTORGAMIENTO DE AMBOS EL MAYOR DATOS A LA COTIZACION UVA DEL 20112025
11;BANCO DE LA NACION ARGENTINA;2025-11-28;PRESTAMOS HIPOTECARIOS EN UVA;SECTOR PUBLICO;UVA;312715620;180;864409;12;85;30,00;90,00;Refacción o mejora;Clientes que acrediten sueldos en la entidad;4,00;6,17;Fija;9,90;10449,00;Todo el territorio nacional;TERMINACION AMPLIACION REFACCION VIV UNICA HABERES ADMINISTRACION PUBLICA CON TOPEO DE CUOTA POR CVS MONTO MAXIMO OTORGABLE 189000 UVAS Y VALOR DE VIVIENDA DE HASTA 210000 UVAS AJUSTABLES A LA COTIZACION INFORMADA POR BCRA DIARIAMENTE CANCELACION ANTICIPADA NO SE ADMITIRA LA APLICACION DE DICHA COMISION CUANDO AL MOMENTO DE EFECTUARLA HAYA TRANSCURRIDO AL MENOS LA CUARTA PARTE DEL PLAZO ORIGINAL DE LA FINANCIACION O 180 DIAS CORRIDOS DESDE SU OTORGAMIENTO DE AMBOS EL MAYOR DATOS A LA COTIZACION UVA DEL 20112025
11;BANCO DE LA NACION ARGENTINA;2025-11-28;PRESTAMOS HIPOTECARIOS EN UVA;SECTOR PUBLICO;UVA;312715620;180;750909;12;85;30,00;90,00;Refacción o mejora;Clientes que acrediten sueldos en la entidad;4,00;6,17;Fija;7,54;9077,00;Todo el territorio nacional;TERMINACION AMPLIACION REFACCION VIV UNICA HABERES ADMINISTRACION PUBLICA MONTO MAXIMO OTORGABLE 189000 UVAS Y VALOR DE VIVIENDA DE HASTA 210000 UVAS AJUSTABLES A LA COTIZACION INFORMADA POR BCRA DIARIAMENTE CANCELACION ANTICIPADA NO SE ADMITIRA LA APLICACION DE DICHA COMISION CUANDO AL MOMENTO DE EFECTUARLA HAYA TRANSCURRIDO AL MENOS LA CUARTA PARTE DEL PLAZO ORIGINAL DE LA FINANCIACION O 180 DIAS CORRIDOS DESDE SU OTORGAMIENTO DE AMBOS EL MAYOR DATOS A LA COTIZACION UVA DEL 20112025
11;BANCO DE LA NACION ARGENTINA;2025-11-28;PRESTAMOS HIPOTECARIOS EN UVA;SECTOR PUBLICO;UVA;521192700;180;1079874;12;85;30,00;90,00;Refacción o mejora;Clientes que acrediten sueldos en la entidad;4,00;12,69;Fija;14,73;13053,00;Todo el territorio nacional;TERMINACION AMPLIACION REFACCION VIV UNICA HABERES ADMINISTRACION PUBLICA MONTO MAXIMO OTORGABLE 315000 UVAS Y VALOR DE VIVIENDA SUPERIOR A 210000 UVAS HASTA 350000 UVAS AJUSTABLES A LA COTIZACION INFORMADA POR BCRA DIARIAMENTE CANCELACION ANTICIPADA NO SE ADMITIRA LA APLICACION DE DICHA COMISION CUANDO AL MOMENTO DE EFECTUARLA HAYA TRANSCURRIDO AL MENOS LA CUARTA PARTE DEL PLAZO ORIGINAL DE LA FINANCIACION O 180 DIAS CORRIDOS DESDE SU OTORGAMIENTO DE AMBOS EL MAYOR DATOS A LA COTIZACION UVA DEL 20112025
11;BANCO DE LA NACION ARGENTINA;2025-11-28;PRESTAMOS HIPOTECARIOS EN UVA;MAS HOGARES CON BNA;UVA;260596350;180;901091;12;85;25,00;75,00;Refacción o mejora;Clientes que acrediten sueldos en la entidad;4,00;6,17;Fija;7,54;9077,00;Todo el territorio nacional;AMPLIACION TERMINACION REFACCION VIV UNICA HABERES MONTO MAXIMO OTORGABLE 157500 UVAS Y VALOR DE VIVIENDA DE HASTA 210000 UVAS AJUSTABLES A LA COTIZACION INFORMADA POR BCRA DIARIAMENTE CANCELACION ANTICIPADA NO SE ADMITIRA LA APLICACION DE DICHA COMISION CUANDO AL MOMENTO DE EFECTUARLA HAYA TRANSCURRIDO AL MENOS LA CUARTA PARTE DEL PLAZO ORIGINAL DE LA FINANCIACION O 180 DIAS CORRIDOS DESDE SU OTORGAMIENTO DE AMBOS EL MAYOR DATOS A LA COTIZACION UVA DEL 20112025
11;BANCO DE LA NACION ARGENTINA;2025-11-28;PRESTAMOS HIPOTECARIOS EN UVA;SECTOR PUBLICO;UVA;312715620;360;658932;12;85;30,00;90,00;Construcción;Clientes que acrediten sueldos en la entidad;4,00;6,17;Fija;9,71;7965,00;Todo el territorio nacional;CONSTRUCCION VIV UNICA HABERES ADMINISTRACION PUBLICA CON TOPEO DE CUOTA POR CVS MONTO MAXIMO OTORGABLE 189000 UVAS Y VALOR DE VIVIENDA DE HASTA 210000 UVAS AJUSTABLES A LA COTIZACION INFORMADA POR BCRA DIARIAMENTE CANCELACION ANTICIPADA NO SE ADMITIRA LA APLICACION DE DICHA COMISION CUANDO AL MOMENTO DE EFECTUARLA HAYA TRANSCURRIDO AL MENOS LA CUARTA PARTE DEL PLAZO ORIGINAL DE LA FINANCIACION O 180 DIAS CORRIDOS DESDE SU OTORGAMIENTO DE AMBOS EL MAYOR DATOS A LA COTIZACION UVA DEL 20112025
11;BANCO DE LA NACION ARGENTINA;2025-11-28;PRESTAMOS HIPOTECARIOS EN UVA;MAS HOGARES CON BNA;UVA;260596350;180;1037291;12;85;25,00;75,00;Refacción o mejora;Clientes que acrediten sueldos en la entidad;4,00;6,17;Fija;9,90;10449,00;Todo el territorio nacional;AMPLIACION TERMINACION REFACCION VIV UNICA HABERES CON TOPEO DE CUOTA POR CVS MONTO MAXIMO OTORGABLE 157500 UVAS Y VALOR DE VIVIENDA DE HASTA 210000 UVAS AJUSTABLES A LA COTIZACION INFORMADA POR BCRA DIARIAMENTE CANCELACION ANTICIPADA NO SE ADMITIRA LA APLICACION DE DICHA COMISION CUANDO AL MOMENTO DE EFECTUARLA HAYA TRANSCURRIDO AL MENOS LA CUARTA PARTE DEL PLAZO ORIGINAL DE LA FINANCIACION O 180 DIAS CORRIDOS DESDE SU OTORGAMIENTO DE AMBOS EL MAYOR DATOS A LA COTIZACION UVA DEL 20112025
11;BANCO DE LA NACION ARGENTINA;2025-11-28;PRESTAMOS HIPOTECARIOS EN UVA;SECTOR PUBLICO;UVA;521192700;180;1264029;12;85;30,00;90,00;Vivienda adicional o 2da vivienda;Clientes que acrediten sueldos en la entidad;4,00;12,69;Fija;17,59;15279,00;Todo el territorio nacional;TERMINACION AMPLIACION REFACCION SEGUNDA VIVIENDA MONTO MAXIMO OTORGABLE 315000 UVAS Y VALOR DE VIVIENDA DE HASTA 350000 UVAS AJUSTABLES A LA COTIZACION INFORMADA POR BCRA DIARIAMENTE CANCELACION ANTICIPADA NO SE ADMITIRA LA APLICACION DE DICHA COMISION CUANDO AL MOMENTO DE EFECTUARLA HAYA TRANSCURRIDO AL MENOS LA CUARTA PARTE DEL PLAZO ORIGINAL DE LA FINANCIACION O 180 DIAS CORRIDOS DESDE SU OTORGAMIENTO DE AMBOS EL MAYOR DATOS A LA COTIZACION UVA DEL 20112025
11;BANCO DE LA NACION ARGENTINA;2025-11-28;PRESTAMOS HIPOTECARIOS EN UVA;SECTOR PUBLICO;UVA;521192700;360;1024692;12;85;30,00;90,00;Vivienda adicional o 2da vivienda;Clientes que acrediten sueldos en la entidad;4,00;6,17;Fija;17,35;12386,00;Todo el territorio nacional;ADQUISICION SEGUNDA VIVIENDA MONTO MAXIMO OTORGABLE 315000 UVAS Y VALOR DE VIVIENDA DE HASTA 350000 UVAS AJUSTABLES A LA COTIZACION INFORMADA POR BCRA DIARIAMENTE CANCELACION ANTICIPADA NO SE ADMITIRA LA APLICACION DE DICHA COMISION CUANDO AL MOMENTO DE EFECTUARLA HAYA TRANSCURRIDO AL MENOS LA CUARTA PARTE DEL PLAZO ORIGINAL DE LA FINANCIACION O 180 DIAS CORRIDOS DESDE SU OTORGAMIENTO DE AMBOS EL MAYOR DATOS A LA COTIZACION UVA DEL 20112025
11;BANCO DE LA NACION ARGENTINA;2025-11-28;PRESTAMOS HIPOTECARIOS EN UVA;SECTOR PUBLICO;UVA;521192700;360;1097441;12;85;30,00;90,00;Vivienda adicional o 2da vivienda;Clientes que acrediten sueldos en la entidad;4,00;12,69;Fija;17,26;13265,00;Todo el territorio nacional;CONSTRUCCION SEGUNDA VIVIENDA MONTO MAXIMO OTORGABLE 315000 UVAS Y VALOR DE VIVIENDA DE HASTA 350000 UVAS AJUSTABLES A LA COTIZACION INFORMADA POR BCRA DIARIAMENTE CANCELACION ANTICIPADA NO SE ADMITIRA LA APLICACION DE DICHA COMISION CUANDO AL MOMENTO DE EFECTUARLA HAYA TRANSCURRIDO AL MENOS LA CUARTA PARTE DEL PLAZO ORIGINAL DE LA FINANCIACION O 180 DIAS CORRIDOS DESDE SU OTORGAMIENTO DE AMBOS EL MAYOR DATOS A LA COTIZACION UVA DEL 20112025
11;BANCO DE LA NACION ARGENTINA;2025-11-28;PRESTAMOS HIPOTECARIOS EN UVA;SECTOR PUBLICO;UVA;312715620;360;522135;12;85;30,00;90,00;Construcción;Clientes que acrediten sueldos en la entidad;4,00;6,17;Fija;7,32;6311,00;Todo el territorio nacional;CONSTRUCCION VIV UNICA HABERES ADMINISTRACION PUBLICA MONTO MAXIMO OTORGABLE 189000 UVAS Y VALOR DE VIVIENDA DE HASTA 210000 UVAS AJUSTABLES A LA COTIZACION INFORMADA POR BCRA DIARIAMENTE CANCELACION ANTICIPADA NO SE ADMITIRA LA APLICACION DE DICHA COMISION CUANDO AL MOMENTO DE EFECTUARLA HAYA TRANSCURRIDO AL MENOS LA CUARTA PARTE DEL PLAZO ORIGINAL DE LA FINANCIACION O 180 DIAS CORRIDOS DESDE SU OTORGAMIENTO DE AMBOS EL MAYOR DATOS A LA COTIZACION UVA DEL 20112025
14;BANCO DE LA PROVINCIA DE BUENOS AIRES;2026-04-01;PROVINCIA VIVIENDA;PROVINCIA VIVIENDA;Pesos;345689450;180;0;12;100;40,00;70,00;Vivienda adicional o 2da vivienda;Empleados públicos;1,00;38,56;Variable;38,66;2776,00;Ciudad Autónoma de Buenos Aires;CLIENTES SIN CUENTA SUELDO
14;BANCO DE LA PROVINCIA DE BUENOS AIRES;2026-04-01;PROVINCIA VIVIENDA;PROVINCIA VIVIENDA;Pesos;345689450;180;0;12;100;40,00;70,00;Financiación de otros destinos sobre vivienda única;Personas humanas Monotributistas;1,00;38,56;Variable;38,66;2776,00;Provincia de Buenos Aires;CLIENTES SIN CUENTA SUELDO
14;BANCO DE LA PROVINCIA DE BUENOS AIRES;2026-04-01;PROVINCIA VIVIENDA;PROVINCIA VIVIENDA;Pesos;345689450;180;0;12;100;40,00;70,00;Vivienda adicional o 2da vivienda;Personas humanas Monotributistas;1,00;38,56;Variable;38,66;2776,00;Provincia de Buenos Aires;CLIENTES SIN CUENTA SUELDO
14;BANCO DE LA PROVINCIA DE BUENOS AIRES;2026-04-01;PROVINCIA VIVIENDA;PROVINCIA VIVIENDA;Pesos;345689450;180;0;12;100;40,00;70,00;Financiación de otros destinos sobre vivienda única;Clientes con cuenta en la entidad;1,00;38,56;Variable;38,66;2776,00;Provincia de Buenos Aires;CLIENTES SIN CUENTA SUELDO
14;BANCO DE LA PROVINCIA DE BUENOS AIRES;2026-04-01;PROVINCIA VIVIENDA;PROVINCIA VIVIENDA;Pesos;345689450;240;0;12;100;40,00;80,00;Financiación de otros destinos sobre vivienda única;Clientes que acrediten sueldos en la entidad;1,00;37,22;Variable;37,31;2677,00;Provincia de Buenos Aires;
14;BANCO DE LA PROVINCIA DE BUENOS AIRES;2026-04-01;PROVINCIA VIVIENDA;PROVINCIA VIVIENDA;Pesos;345689450;180;0;12;100;40,00;70,00;Vivienda adicional o 2da vivienda;Empleados públicos;1,00;38,56;Variable;38,66;2776,00;Provincia de Buenos Aires;CLIENTES SIN CUENTA SUELDO
14;BANCO DE LA PROVINCIA DE BUENOS AIRES;2026-04-01;PROVINCIA VIVIENDA;PROVINCIA VIVIENDA;Pesos;345689450;240;0;12;100;40,00;80,00;Construcción;Clientes que acrediten sueldos en la entidad;1,00;37,22;Variable;37,31;2677,00;Ciudad Autónoma de Buenos Aires;
14;BANCO DE LA PROVINCIA DE BUENOS AIRES;2026-04-01;PROVINCIA VIVIENDA;PROVINCIA VIVIENDA;Pesos;345689450;180;0;12;100;40,00;70,00;Construcción;Personas humanas Monotributistas;1,00;38,56;Variable;38,66;2776,00;Ciudad Autónoma de Buenos Aires;CLIENTES SIN CUENTA SUELDO
14;BANCO DE LA PROVINCIA DE BUENOS AIRES;2026-04-01;PROVINCIA VIVIENDA;PROVINCIA VIVIENDA;Pesos;345689450;180;0;12;100;40,00;70,00;Vivienda propia, única y permanente;Empleados públicos;1,00;38,56;Variable;38,66;2776,00;Provincia de Buenos Aires;CLIENTES SIN CUENTA SUELDO
14;BANCO DE LA PROVINCIA DE BUENOS AIRES;2026-04-01;PROVINCIA VIVIENDA;PROVINCIA VIVIENDA;Pesos;345689450;180;0;12;100;40,00;70,00;Refacción o mejora;Empleados públicos;1,00;38,56;Variable;38,66;2776,00;Provincia de Buenos Aires;CLIENTES SIN CUENTA SUELDO
14;BANCO DE LA PROVINCIA DE BUENOS AIRES;2026-04-01;PROVINCIA VIVIENDA;PROVINCIA VIVIENDA;Pesos;345689450;180;0;12;100;40,00;70,00;Vivienda propia, única y permanente;Clientes con cuenta en la entidad;1,00;38,56;Variable;38,66;2776,00;Provincia de Buenos Aires;CLIENTES SIN CUENTA SUELDO
14;BANCO DE LA PROVINCIA DE BUENOS AIRES;2026-04-01;PROVINCIA VIVIENDA;PROVINCIA VIVIENDA;Pesos;345689450;180;0;12;100;40,00;70,00;Financiación de otros destinos sobre vivienda única;Empleados públicos;1,00;38,56;Variable;38,66;2776,00;Provincia de Buenos Aires;CLIENTES SIN CUENTA SUELDO
14;BANCO DE LA PROVINCIA DE BUENOS AIRES;2026-04-01;PROVINCIA VIVIENDA;PROVINCIA VIVIENDA;Pesos;345689450;180;0;12;100;40,00;70,00;Vivienda adicional o 2da vivienda;Clientes con cuenta en la entidad;1,00;38,56;Variable;38,66;2776,00;Provincia de Buenos Aires;CLIENTES SIN CUENTA SUELDO
14;BANCO DE LA PROVINCIA DE BUENOS AIRES;2026-04-01;PROVINCIA VIVIENDA;PROVINCIA VIVIENDA;Pesos;345689450;180;0;12;100;40,00;70,00;Construcción;Personas humanas en relación de dependencia;1,00;38,56;Variable;38,66;2776,00;Provincia de Buenos Aires;CLIENTES SIN CUENTA SUELDO
14;BANCO DE LA PROVINCIA DE BUENOS AIRES;2026-04-01;PROVINCIA VIVIENDA;PROVINCIA VIVIENDA;Pesos;345689450;180;0;12;100;40,00;70,00;Construcción;Empleados públicos;1,00;38,56;Variable;38,66;2776,00;Provincia de Buenos Aires;CLIENTES SIN CUENTA SUELDO
14;BANCO DE LA PROVINCIA DE BUENOS AIRES;2026-04-01;PROVINCIA VIVIENDA;PROVINCIA VIVIENDA;Pesos;345689450;240;0;12;100;40,00;80,00;Refacción o mejora;Clientes que acrediten sueldos en la entidad;1,00;37,22;Variable;37,31;2677,00;Provincia de Buenos Aires;
14;BANCO DE LA PROVINCIA DE BUENOS AIRES;2026-04-01;PROVINCIA VIVIENDA;PROVINCIA VIVIENDA;Pesos;345689450;180;0;12;100;40,00;70,00;Refacción o mejora;Personas humanas Responsables Inscriptos;1,00;38,56;Variable;38,66;2776,00;Provincia de Buenos Aires;CLIENTES SIN CUENTA SUELDO
14;BANCO DE LA PROVINCIA DE BUENOS AIRES;2026-04-01;PROVINCIA VIVIENDA;PROVINCIA VIVIENDA;Pesos;345689450;180;0;12;100;40,00;70,00;Construcción;Clientes con cuenta en la entidad;1,00;38,56;Variable;38,66;2776,00;Ciudad Autónoma de Buenos Aires;CLIENTES SIN CUENTA SUELDO
14;BANCO DE LA PROVINCIA DE BUENOS AIRES;2026-04-01;PROVINCIA VIVIENDA;PROVINCIA VIVIENDA;Pesos;345689450;240;0;12;100;40,00;80,00;Financiación de otros destinos sobre vivienda única;Clientes que acrediten sueldos en la entidad;1,00;37,22;Variable;37,31;2677,00;Ciudad Autónoma de Buenos Aires;
14;BANCO DE LA PROVINCIA DE BUENOS AIRES;2026-04-01;PROVINCIA VIVIENDA;PROVINCIA VIVIENDA;Pesos;345689450;180;0;12;100;40,00;70,00;Construcción;Personas humanas Monotributistas;1,00;38,56;Variable;38,66;2776,00;Provincia de Buenos Aires;CLIENTES SIN CUENTA SUELDO
14;BANCO DE LA PROVINCIA DE BUENOS AIRES;2026-04-01;PROVINCIA VIVIENDA;PROVINCIA VIVIENDA;Pesos;345689450;180;0;12;100;40,00;70,00;Financiación de otros destinos sobre vivienda única;Personas humanas en relación de dependencia;1,00;38,56;Variable;38,66;2776,00;Ciudad Autónoma de Buenos Aires;CLIENTES SIN CUENTA SUELDO
14;BANCO DE LA PROVINCIA DE BUENOS AIRES;2026-04-01;PROVINCIA VIVIENDA;PROVINCIA VIVIENDA;Pesos;345689450;180;0;12;100;40,00;70,00;Vivienda adicional o 2da vivienda;Personas humanas Responsables Inscriptos;1,00;38,56;Variable;38,66;2776,00;Provincia de Buenos Aires;CLIENTES SIN CUENTA SUELDO
14;BANCO DE LA PROVINCIA DE BUENOS AIRES;2026-04-01;PROVINCIA VIVIENDA;PROVINCIA VIVIENDA;Pesos;345689450;180;0;12;100;40,00;70,00;Vivienda propia, única y permanente;Clientes con cuenta en la entidad;1,00;38,56;Variable;38,66;2776,00;Ciudad Autónoma de Buenos Aires;CLIENTES SIN CUENTA SUELDO
14;BANCO DE LA PROVINCIA DE BUENOS AIRES;2026-04-01;PROVINCIA VIVIENDA;PROVINCIA VIVIENDA;Pesos;345689450;180;0;12;100;40,00;70,00;Financiación de otros destinos sobre vivienda única;Personas humanas Responsables Inscriptos;1,00;38,56;Variable;38,66;2776,00;Provincia de Buenos Aires;CLIENTES SIN CUENTA SUELDO
14;BANCO DE LA PROVINCIA DE BUENOS AIRES;2026-04-01;PROVINCIA VIVIENDA;PROVINCIA VIVIENDA;Pesos;345689450;180;0;12;100;40,00;70,00;Refacción o mejora;Clientes con cuenta en la entidad;1,00;38,56;Variable;38,66;2776,00;Provincia de Buenos Aires;CLIENTES SIN CUENTA SUELDO
14;BANCO DE LA PROVINCIA DE BUENOS AIRES;2026-04-01;PROVINCIA VIVIENDA;PROVINCIA VIVIENDA;Pesos;345689450;180;0;12;100;40,00;70,00;Vivienda propia, única y permanente;Personas humanas Responsables Inscriptos;1,00;38,56;Variable;38,66;2776,00;Provincia de Buenos Aires;CLIENTES SIN CUENTA SUELDO
14;BANCO DE LA PROVINCIA DE BUENOS AIRES;2026-04-01;PROVINCIA VIVIENDA;PROVINCIA VIVIENDA;Pesos;345689450;180;0;12;100;40,00;70,00;Construcción;Empleados públicos;1,00;38,56;Variable;38,66;2776,00;Ciudad Autónoma de Buenos Aires;CLIENTES SIN CUENTA SUELDO
14;BANCO DE LA PROVINCIA DE BUENOS AIRES;2026-04-01;PROVINCIA VIVIENDA;PROVINCIA VIVIENDA;Pesos;345689450;180;0;12;100;40,00;70,00;Vivienda propia, única y permanente;Personas humanas Monotributistas;1,00;38,56;Variable;38,66;2776,00;Ciudad Autónoma de Buenos Aires;CLIENTES SIN CUENTA SUELDO
14;BANCO DE LA PROVINCIA DE BUENOS AIRES;2026-04-01;PROVINCIA VIVIENDA;PROVINCIA VIVIENDA;Pesos;345689450;240;0;12;100;40,00;80,00;Refacción o mejora;Clientes que acrediten sueldos en la entidad;1,00;37,22;Variable;37,31;2677,00;Ciudad Autónoma de Buenos Aires;
14;BANCO DE LA PROVINCIA DE BUENOS AIRES;2026-04-01;PROVINCIA VIVIENDA;PROVINCIA VIVIENDA;Pesos;345689450;180;0;12;100;40,00;70,00;Refacción o mejora;Clientes con cuenta en la entidad;1,00;38,56;Variable;38,66;2776,00;Ciudad Autónoma de Buenos Aires;CLIENTES SIN CUENTA SUELDO
14;BANCO DE LA PROVINCIA DE BUENOS AIRES;2026-04-01;PROVINCIA VIVIENDA;PROVINCIA VIVIENDA;Pesos;345689450;180;0;12;100;40,00;70,00;Financiación de otros destinos sobre vivienda única;Personas humanas Monotributistas;1,00;38,56;Variable;38,66;2776,00;Ciudad Autónoma de Buenos Aires;CLIENTES SIN CUENTA SUELDO
14;BANCO DE LA PROVINCIA DE BUENOS AIRES;2026-04-01;PROVINCIA VIVIENDA;PROVINCIA VIVIENDA;Pesos;345689450;180;0;12;100;40,00;70,00;Financiación de otros destinos sobre vivienda única;Personas humanas Responsables Inscriptos;1,00;38,56;Variable;38,66;2776,00;Ciudad Autónoma de Buenos Aires;CLIENTES SIN CUENTA SUELDO
14;BANCO DE LA PROVINCIA DE BUENOS AIRES;2026-04-01;PROVINCIA VIVIENDA;PROVINCIA VIVIENDA;Pesos;345689450;180;0;12;100;40,00;70,00;Vivienda adicional o 2da vivienda;Personas humanas en relación de dependencia;1,00;38,56;Variable;38,66;2776,00;Ciudad Autónoma de Buenos Aires;CLIENTES SIN CUENTA SUELDO
14;BANCO DE LA PROVINCIA DE BUENOS AIRES;2026-04-01;PROVINCIA VIVIENDA;PROVINCIA VIVIENDA;Pesos;345689450;180;0;12;100;40,00;70,00;Vivienda adicional o 2da vivienda;Personas humanas Responsables Inscriptos;1,00;38,56;Variable;38,66;2776,00;Ciudad Autónoma de Buenos Aires;CLIENTES SIN CUENTA SUELDO
14;BANCO DE LA PROVINCIA DE BUENOS AIRES;2026-04-01;PROVINCIA VIVIENDA;PROVINCIA VIVIENDA;Pesos;345689450;240;0;12;100;40,00;80,00;Vivienda adicional o 2da vivienda;Clientes que acrediten sueldos en la entidad;1,00;37,22;Variable;37,31;2677,00;Ciudad Autónoma de Buenos Aires;
14;BANCO DE LA PROVINCIA DE BUENOS AIRES;2026-04-01;PROVINCIA VIVIENDA;PROVINCIA VIVIENDA;Pesos;345689450;180;0;12;100;40,00;70,00;Financiación de otros destinos sobre vivienda única;Empleados públicos;1,00;38,56;Variable;38,66;2776,00;Ciudad Autónoma de Buenos Aires;CLIENTES SIN CUENTA SUELDO
14;BANCO DE LA PROVINCIA DE BUENOS AIRES;2026-04-01;PROVINCIA VIVIENDA;PROVINCIA VIVIENDA;Pesos;345689450;180;0;12;100;40,00;70,00;Financiación de otros destinos sobre vivienda única;Clientes con cuenta en la entidad;1,00;38,56;Variable;38,66;2776,00;Ciudad Autónoma de Buenos Aires;CLIENTES SIN CUENTA SUELDO
14;BANCO DE LA PROVINCIA DE BUENOS AIRES;2026-04-01;PROVINCIA VIVIENDA;PROVINCIA VIVIENDA;Pesos;345689450;180;0;12;100;40,00;70,00;Vivienda propia, única y permanente;Personas humanas en relación de dependencia;1,00;38,56;Variable;38,66;2776,00;Ciudad Autónoma de Buenos Aires;CLIENTES SIN CUENTA SUELDO
14;BANCO DE LA PROVINCIA DE BUENOS AIRES;2026-04-01;PROVINCIA VIVIENDA;PROVINCIA VIVIENDA;Pesos;345689450;180;0;12;100;40,00;70,00;Vivienda adicional o 2da vivienda;Clientes con cuenta en la entidad;1,00;38,56;Variable;38,66;2776,00;Ciudad Autónoma de Buenos Aires;CLIENTES SIN CUENTA SUELDO
14;BANCO DE LA PROVINCIA DE BUENOS AIRES;2026-04-01;PROVINCIA VIVIENDA;PROVINCIA VIVIENDA;Pesos;345689450;180;0;12;100;40,00;70,00;Vivienda propia, única y permanente;Empleados públicos;1,00;38,56;Variable;38,66;2776,00;Ciudad Autónoma de Buenos Aires;CLIENTES SIN CUENTA SUELDO
14;BANCO DE LA PROVINCIA DE BUENOS AIRES;2026-04-01;PROVINCIA VIVIENDA;PROVINCIA VIVIENDA;Pesos;345689450;180;0;12;100;40,00;70,00;Vivienda propia, única y permanente;Personas humanas Monotributistas;1,00;38,56;Variable;38,66;2776,00;Provincia de Buenos Aires;CLIENTES SIN CUENTA SUELDO
14;BANCO DE LA PROVINCIA DE BUENOS AIRES;2026-04-01;PROVINCIA VIVIENDA;PROVINCIA VIVIENDA;Pesos;345689450;180;0;12;100;40,00;70,00;Construcción;Personas humanas Responsables Inscriptos;1,00;38,56;Variable;38,66;2776,00;Provincia de Buenos Aires;CLIENTES SIN CUENTA SUELDO
14;BANCO DE LA PROVINCIA DE BUENOS AIRES;2026-04-01;PROVINCIA VIVIENDA;PROVINCIA VIVIENDA;Pesos;345689450;180;0;12;100;40,00;70,00;Construcción;Clientes con cuenta en la entidad;1,00;38,56;Variable;38,66;2776,00;Provincia de Buenos Aires;CLIENTES SIN CUENTA SUELDO
14;BANCO DE LA PROVINCIA DE BUENOS AIRES;2026-04-01;PROVINCIA VIVIENDA;PROVINCIA VIVIENDA;Pesos;345689450;180;0;12;100;40,00;70,00;Refacción o mejora;Empleados públicos;1,00;38,56;Variable;38,66;2776,00;Ciudad Autónoma de Buenos Aires;CLIENTES SIN CUENTA SUELDO
14;BANCO DE LA PROVINCIA DE BUENOS AIRES;2026-04-01;PROVINCIA VIVIENDA;PROVINCIA VIVIENDA;Pesos;345689450;180;0;12;100;40,00;70,00;Construcción;Personas humanas Responsables Inscriptos;1,00;38,56;Variable;38,66;2776,00;Ciudad Autónoma de Buenos Aires;CLIENTES SIN CUENTA SUELDO
14;BANCO DE LA PROVINCIA DE BUENOS AIRES;2026-04-01;PROVINCIA VIVIENDA;PROVINCIA VIVIENDA;Pesos;345689450;180;0;12;100;40,00;70,00;Refacción o mejora;Personas humanas en relación de dependencia;1,00;38,56;Variable;38,66;2776,00;Ciudad Autónoma de Buenos Aires;CLIENTES SIN CUENTA SUELDO
14;BANCO DE LA PROVINCIA DE BUENOS AIRES;2026-04-01;PROVINCIA VIVIENDA;PROVINCIA VIVIENDA;Pesos;345689450;180;0;12;100;40,00;70,00;Vivienda adicional o 2da vivienda;Personas humanas Monotributistas;1,00;38,56;Variable;38,66;2776,00;Ciudad Autónoma de Buenos Aires;CLIENTES SIN CUENTA SUELDO
14;BANCO DE LA PROVINCIA DE BUENOS AIRES;2026-04-01;PROVINCIA VIVIENDA;PROVINCIA VIVIENDA;Pesos;345689450;180;0;12;100;40,00;70,00;Vivienda propia, única y permanente;Personas humanas Responsables Inscriptos;1,00;38,56;Variable;38,66;2776,00;Ciudad Autónoma de Buenos Aires;CLIENTES SIN CUENTA SUELDO
14;BANCO DE LA PROVINCIA DE BUENOS AIRES;2026-04-01;PROVINCIA VIVIENDA;PROVINCIA VIVIENDA;Pesos;345689450;240;0;12;100;40,00;80,00;Vivienda adicional o 2da vivienda;Clientes que acrediten sueldos en la entidad;1,00;37,22;Variable;37,31;2677,00;Provincia de Buenos Aires;
14;BANCO DE LA PROVINCIA DE BUENOS AIRES;2026-04-01;PROVINCIA VIVIENDA;PROVINCIA VIVIENDA;Pesos;345689450;180;0;12;100;40,00;70,00;Refacción o mejora;Personas humanas Monotributistas;1,00;38,56;Variable;38,66;2776,00;Ciudad Autónoma de Buenos Aires;CLIENTES SIN CUENTA SUELDO
14;BANCO DE LA PROVINCIA DE BUENOS AIRES;2026-04-01;PROVINCIA VIVIENDA;PROVINCIA VIVIENDA;Pesos;345689450;240;0;12;100;40,00;80,00;Vivienda propia, única y permanente;Clientes que acrediten sueldos en la entidad;1,00;37,22;Variable;37,31;2677,00;Ciudad Autónoma de Buenos Aires;
14;BANCO DE LA PROVINCIA DE BUENOS AIRES;2026-04-01;PROVINCIA VIVIENDA;PROVINCIA VIVIENDA;Pesos;345689450;180;0;12;100;40,00;70,00;Construcción;Personas humanas en relación de dependencia;1,00;38,56;Variable;38,66;2776,00;Ciudad Autónoma de Buenos Aires;CLIENTES SIN CUENTA SUELDO
14;BANCO DE LA PROVINCIA DE BUENOS AIRES;2026-04-01;PROVINCIA VIVIENDA;PROVINCIA VIVIENDA;Pesos;345689450;180;0;12;100;40,00;70,00;Refacción o mejora;Personas humanas Monotributistas;1,00;38,56;Variable;38,66;2776,00;Provincia de Buenos Aires;CLIENTES SIN CUENTA SUELDO
14;BANCO DE LA PROVINCIA DE BUENOS AIRES;2026-04-01;PROVINCIA VIVIENDA;PROVINCIA VIVIENDA;Pesos;345689450;180;0;12;100;40,00;70,00;Refacción o mejora;Personas humanas Responsables Inscriptos;1,00;38,56;Variable;38,66;2776,00;Ciudad Autónoma de Buenos Aires;CLIENTES SIN CUENTA SUELDO
14;BANCO DE LA PROVINCIA DE BUENOS AIRES;2026-04-01;PROVINCIA VIVIENDA;PROVINCIA VIVIENDA;Pesos;345689450;180;0;12;100;40,00;70,00;Refacción o mejora;Personas humanas en relación de dependencia;1,00;38,56;Variable;38,66;2776,00;Provincia de Buenos Aires;CLIENTES SIN CUENTA SUELDO
14;BANCO DE LA PROVINCIA DE BUENOS AIRES;2026-04-01;PROVINCIA VIVIENDA;PROVINCIA VIVIENDA;Pesos;345689450;240;0;12;100;40,00;80,00;Construcción;Clientes que acrediten sueldos en la entidad;1,00;37,22;Variable;37,31;2677,00;Provincia de Buenos Aires;
14;BANCO DE LA PROVINCIA DE BUENOS AIRES;2026-04-01;PROVINCIA VIVIENDA;PROVINCIA VIVIENDA;Pesos;345689450;180;0;12;100;40,00;70,00;Financiación de otros destinos sobre vivienda única;Personas humanas en relación de dependencia;1,00;38,56;Variable;38,66;2776,00;Provincia de Buenos Aires;CLIENTES SIN CUENTA SUELDO
14;BANCO DE LA PROVINCIA DE BUENOS AIRES;2026-04-01;PROVINCIA VIVIENDA;PROVINCIA VIVIENDA;Pesos;345689450;240;0;12;100;40,00;80,00;Vivienda propia, única y permanente;Clientes que acrediten sueldos en la entidad;1,00;37,22;Variable;37,31;2677,00;Provincia de Buenos Aires;
14;BANCO DE LA PROVINCIA DE BUENOS AIRES;2026-04-01;PROVINCIA VIVIENDA;PROVINCIA VIVIENDA;Pesos;345689450;180;0;12;100;40,00;70,00;Vivienda propia, única y permanente;Personas humanas en relación de dependencia;1,00;38,56;Variable;38,66;2776,00;Provincia de Buenos Aires;CLIENTES SIN CUENTA SUELDO
14;BANCO DE LA PROVINCIA DE BUENOS AIRES;2026-04-01;PROVINCIA VIVIENDA;PROVINCIA VIVIENDA;Pesos;345689450;180;0;12;100;40,00;70,00;Vivienda adicional o 2da vivienda;Personas humanas en relación de dependencia;1,00;38,56;Variable;38,66;2776,00;Provincia de Buenos Aires;CLIENTES SIN CUENTA SUELDO
15;INDUSTRIAL AND COMMERCIAL BANK OF CHINA (ARGENTINA) S.A.U.;2025-07-10;PRESTAMO HIPOTECARIO UVA PARA LA ADQUISICION DE VIVIENDA PRINCIPAL Y PERMANENTE CARTERA GENERAL;PH UVA ADQ CARTERA GRAL;UVA;300000000;240;999999;12;65;25,00;75,00;Vivienda propia, única y permanente;Todos los beneficiarios;3,00;11,02;Fija;15,13;1285,00;Todo el territorio nacional;COMISION POR CANCELACION 3      IVA                                                                                     INGRESO M$NIMO  1.100.000  EL CAMPO NO ADMITE LOS DIGITOS
15;INDUSTRIAL AND COMMERCIAL BANK OF CHINA (ARGENTINA) S.A.U.;2025-07-10;PRESTAMO HIPOTECARIO UVA PARA LA ADQUISICION DE VIVIENDA PRINCIPAL Y PERMANENTE CARTERA GENERAL;PH UVA ADQ DIRECT;UVA;300000000;240;999999;12;65;,25;,75;Vivienda propia, única y permanente;Clientes que acrediten sueldos en la entidad;3,00;9,27;Fija;13,02;1152,00;Todo el territorio nacional;COMISION POR CANCELACION 3      IVA                                                                                     INGRESO M$NIMO  1.100.000  EL CAMPO NO ADMITE LOS DIGITOS
17;BANCO BBVA ARGENTINA S.A.;2026-04-15;PH ADQUISICION DE VIVIENDA PERMANENTE EN UVAS;TF ADQ DE VIV PERM;UVA;999999999;360;1431200;12;75;25,00;80,00;Vivienda propia, única y permanente;Personas humanas en relación de dependencia;4,00;12,13;Fija;13,34;9978,00;Todo el territorio nacional;N/A
17;BANCO BBVA ARGENTINA S.A.;2026-04-15;PH ADQUISICION DE VIVIENDA PERMANENTE EN UVAS;TF ADQ DE VIV PERM;UVA;999999999;360;1431200;24;75;25,00;80,00;Vivienda propia, única y permanente;Personas humanas Monotributistas;4,00;7,76;Fija;9,14;7067,00;Todo el territorio nacional;CON LA CONTRATACION DE UN SEGURO DE HOGAR PREMIER HIPOTECARIO MAS UN SEGURO DE VIDA Y/O AUTO
17;BANCO BBVA ARGENTINA S.A.;2026-04-15;PH ADQUISICION DE VIVIENDA PERMANENTE EN UVAS;TF ADQ DE VIV PERM;UVA;999999999;360;1431200;24;75;25,00;80,00;Vivienda propia, única y permanente;Personas humanas Responsables Inscriptos;4,00;7,76;Fija;9,14;7067,00;Todo el territorio nacional;CON LA CONTRATACION DE UN SEGURO DE HOGAR PREMIER HIPOTECARIO MAS UN SEGURO DE VIDA Y/O AUTO
17;BANCO BBVA ARGENTINA S.A.;2026-04-15;PH ADQUISICION DE VIVIENDA PERMANENTE EN UVAS ;TF ADQ DE VIV PERM;UVA;999999999;360;1431200;12;75;25,00;80,00;Vivienda propia, única y permanente;Clientes que acrediten sueldos en la entidad;4,00;7,76;Fija;9,14;7067,00;Todo el territorio nacional;CON LA CONTRATACION DE UN SEGURO DE HOGAR PREMIER HIPOTECARIO MAS UN SEGURO DE VIDA Y/O AUTO
17;BANCO BBVA ARGENTINA S.A.;2026-04-15;PH ADQUISICION DE VIVIENDA PERMANENTE EN UVAS ;TF ADQ DE VIV PERM;UVA;999999999;360;1431200;12;75;25,00;80,00;Vivienda propia, única y permanente;Clientes que acrediten sueldos en la entidad;4,00;9,93;Fija;11,21;8483,00;Todo el territorio nacional;N/A
17;BANCO BBVA ARGENTINA S.A.;2026-04-15;PH ADQUISICION DE VIVIENDA PERMANENTE EN UVAS;TF ADQ DE VIV PERM;UVA;999999999;360;1431200;12;75;25,00;80,00;Vivienda propia, única y permanente;Clientes con cuenta en la entidad;4,00;12,13;Fija;13,34;9978,00;Todo el territorio nacional;N/A
17;BANCO BBVA ARGENTINA S.A.;2026-04-15;PH ADQUISICION DE VIVIENDA NO PERMANENTE EN UVAS;TF ADQ DE VIV NO PERM;UVA;999999999;360;1431200;12;75;25,00;80,00;Vivienda adicional o 2da vivienda;Clientes que acrediten sueldos en la entidad;4,00;16,07;Fija;19,53;12719,00;Todo el territorio nacional;N/A
17;BANCO BBVA ARGENTINA S.A.;2026-04-15;PH ADQUISICION DE VIVIENDA PERMANENTE EN UVAS;TF ADQ DE VIV PERM;UVA;999999999;360;1431200;12;75;25,00;80,00;Vivienda propia, única y permanente;Empleados públicos;4,00;12,13;Fija;13,34;9978,00;Todo el territorio nacional;N/A
17;BANCO BBVA ARGENTINA S.A.;2026-04-15;PH ADQUISICION DE VIVIENDA NO PERMANENTE EN UVAS;TF ADQ DE VIV NO PERM;UVA;999999999;360;1431200;12;75;25,00;80,00;Vivienda adicional o 2da vivienda;Clientes con cuenta en la entidad;4,00;18,39;Fija;22,39;14331,00;Todo el territorio nacional;N/A
17;BANCO BBVA ARGENTINA S.A.;2026-04-15;PH ADQUISICION DE VIVIENDA NO PERMANENTE EN UVAS;TF ADQ DE VIV NO PERM;UVA;999999999;360;1431200;24;75;25,00;80,00;Vivienda adicional o 2da vivienda;Personas humanas Monotributistas;4,00;18,39;Fija;22,39;14331,00;Todo el territorio nacional;N/A
17;BANCO BBVA ARGENTINA S.A.;2026-04-15;PH ADQUISICION DE VIVIENDA NO PERMANENTE EN UVAS;TF ADQ DE VIV NO PERM;UVA;999999999;360;1431200;24;75;25,00;80,00;Vivienda adicional o 2da vivienda;Personas humanas Responsables Inscriptos;4,00;18,39;Fija;22,39;14331,00;Todo el territorio nacional;N/A
17;BANCO BBVA ARGENTINA S.A.;2026-04-15;PH ADQUISICION DE VIVIENDA NO PERMANENTE EN UVAS;TF ADQ DE VIV NO PERM;UVA;999999999;360;1431200;12;75;25,00;80,00;Vivienda adicional o 2da vivienda;Empleados públicos;4,00;18,39;Fija;22,39;14331,00;Todo el territorio nacional;N/A
17;BANCO BBVA ARGENTINA S.A.;2026-04-15;PH ADQUISICION DE VIVIENDA NO PERMANENTE EN UVAS;TF ADQ DE VIV NO PERM;UVA;999999999;360;1431200;12;75;25,00;80,00;Vivienda adicional o 2da vivienda;Personas humanas en relación de dependencia;4,00;18,39;Fija;22,39;14331,00;Todo el territorio nacional;N/A
20;BANCO DE LA PROVINCIA DE CORDOBA S.A.;2026-04-15;CASA BANCOR  UVAS;CASA BANCOR;UVA;468092500;240;715600;12;59;25,00;99,99;Vivienda propia, única y permanente;Clientes con cuenta en la entidad;3,00;8,90;Fija;9,40;1715915,00;Provincia de Córdoba;
20;BANCO DE LA PROVINCIA DE CORDOBA S.A.;2026-04-15;CASA BANCOR  UVAS;CASA BANCOR;UVA;468092500;240;715600;12;59;25,00;99,99;Vivienda propia, única y permanente;Personas humanas Responsables Inscriptos;3,00;8,90;Fija;9,40;1715915,00;Ciudad Autónoma de Buenos Aires;
20;BANCO DE LA PROVINCIA DE CORDOBA S.A.;2026-04-15;CASA BANCOR  UVAS;CASA BANCOR;UVA;468092500;240;715600;12;59;25,00;99,99;Vivienda propia, única y permanente;Clientes con cuenta en la entidad;3,00;8,90;Fija;9,40;1715915,00;Ciudad Autónoma de Buenos Aires;
20;BANCO DE LA PROVINCIA DE CORDOBA S.A.;2026-04-15;CASA BANCOR  UVAS;CASA BANCOR;UVA;468092500;240;715600;12;59;25,00;99,99;Vivienda propia, única y permanente;Personas humanas Responsables Inscriptos;3,00;8,90;Fija;9,40;1715915,00;Provincia de Córdoba;
20;BANCO DE LA PROVINCIA DE CORDOBA S.A.;2026-04-15;CASA BANCOR  UVAS;CASA BANCOR;UVA;468092500;240;715600;6;59;25,00;99,99;Vivienda propia, única y permanente;Clientes que acrediten sueldos en la entidad;3,00;8,90;Fija;9,40;1715915,00;Provincia de Córdoba;
20;BANCO DE LA PROVINCIA DE CORDOBA S.A.;2026-04-15;CASA BANCOR  UVAS;CASA BANCOR;UVA;468092500;240;715600;6;59;25,00;99,99;Vivienda propia, única y permanente;Personas humanas en relación de dependencia;3,00;8,90;Fija;9,40;1715915,00;Provincia de Córdoba;
20;BANCO DE LA PROVINCIA DE CORDOBA S.A.;2026-04-15;CASA BANCOR  UVAS;CASA BANCOR;UVA;468092500;240;715600;6;59;25,00;99,99;Vivienda propia, única y permanente;Empleados públicos;3,00;8,90;Fija;9,40;1715915,00;Ciudad Autónoma de Buenos Aires;
20;BANCO DE LA PROVINCIA DE CORDOBA S.A.;2026-04-15;CASA BANCOR  UVAS;CASA BANCOR;UVA;468092500;240;715600;12;59;25,00;99,99;Vivienda propia, única y permanente;Personas humanas Monotributistas;3,00;8,90;Fija;9,40;1715915,00;Ciudad Autónoma de Buenos Aires;
20;BANCO DE LA PROVINCIA DE CORDOBA S.A.;2026-04-15;CASA BANCOR  UVAS;CASA BANCOR;UVA;468092500;240;715600;6;59;25,00;99,99;Vivienda propia, única y permanente;Empleados públicos;3,00;8,90;Fija;9,40;1715915,00;Provincia de Córdoba;
20;BANCO DE LA PROVINCIA DE CORDOBA S.A.;2026-04-15;CASA BANCOR  UVAS;CASA BANCOR;UVA;468092500;240;715600;12;59;25,00;99,99;Vivienda propia, única y permanente;Personas humanas Monotributistas;3,00;8,90;Fija;9,40;1715915,00;Provincia de Córdoba;
20;BANCO DE LA PROVINCIA DE CORDOBA S.A.;2026-04-15;CASA BANCOR  UVAS;CASA BANCOR;UVA;468092500;240;715600;6;59;25,00;99,99;Vivienda propia, única y permanente;Clientes que acrediten sueldos en la entidad;3,00;8,90;Fija;9,40;1715915,00;Ciudad Autónoma de Buenos Aires;
20;BANCO DE LA PROVINCIA DE CORDOBA S.A.;2026-04-15;CASA BANCOR  UVAS;CASA BANCOR;UVA;468092500;240;715600;6;59;25,00;99,99;Vivienda propia, única y permanente;Personas humanas en relación de dependencia;3,00;8,90;Fija;9,40;1715915,00;Ciudad Autónoma de Buenos Aires;
27;BANCO SUPERVIELLE S.A.;2026-02-09;PRESTAMOHIPOTECARIOVIVIENDAPERMANENTEUVA;PRESTAMOHIPOTECARIOUVA;UVA;99999999;180;10000000;12;65;25,00;65,00;Vivienda propia, única y permanente;Clientes que acrediten sueldos en la entidad;4,00;18,39;Fija;18,54;10,00;Todo el territorio nacional;PARA CLIENTES QUE ACREDITAN SUELDO/ ACTUALMENTE BANCO SUPERVIELLE NO POSEE MONTO MAXIMO A PRESTAR, ESTA SUJETO A LA RCI DEL CLIENTE / EL CFT VARIA EN FUNCION DE LA INCIDENCIA DEL SEGURO DE INCENDIO EL CUAL DEPENDE DEL VALOR DE LA TASACION, MONTO MINIMO $10000000
27;BANCO SUPERVIELLE S.A.;2026-02-09;PRESTAMOHIPOTECARIOVIVIENDAPERMANENTEUVA;PRESTAMOHIPOTECARIOUVA;UVA;99999999;180;10000000;12;65;25,00;65,00;Vivienda propia, única y permanente;Clientes que acrediten sueldos en la entidad;4,00;18,39;Fija;18,54;10,00;Todo el territorio nacional;PARA CLIENTES QUE ACREDITAN SUELDO/ ACTUALMENTE BANCO SUPERVIELLE NO POSEE MONTO MAXIMO A PRESTAR, ESTA SUJETO A LA RCI DEL CLIENTE / EL CFT VARIA EN FUNCION DE LA INCIDENCIA DEL SEGURO DE INCENDIO EL CUAL DEPENDE DEL VALOR DE LA TASACION, MONTO MINIMO $10000000
27;BANCO SUPERVIELLE S.A.;2026-02-09;PRESTAMOHIPOTECARIOVIVIENDAPERMANENTEUVA;PRESTAMOHIPOTECARIOUVA;UVA;99999999;180;10000000;12;65;25,00;65,00;Vivienda propia, única y permanente;Clientes que acrediten sueldos en la entidad;4,00;18,39;Fija;18,54;10,00;Todo el territorio nacional;PARA CLIENTES QUE ACREDITAN SUELDO/ ACTUALMENTE BANCO SUPERVIELLE NO POSEE MONTO MAXIMO A PRESTAR, ESTA SUJETO A LA RCI DEL CLIENTE / EL CFT VARIA EN FUNCION DE LA INCIDENCIA DEL SEGURO DE INCENDIO EL CUAL DEPENDE DEL VALOR DE LA TASACION, MONTO MINIMO $10000000
27;BANCO SUPERVIELLE S.A.;2026-02-09;PRESTAMOHIPOTECARIOVIVIENDAPERMANENTEUVA;PRESTAMOHIPOTECARIOUVA;UVA;99999999;180;10000000;12;65;25,00;65,00;Vivienda propia, única y permanente;Clientes que acrediten sueldos en la entidad;4,00;18,39;Fija;18,54;10,00;Todo el territorio nacional;PARA CLIENTES QUE ACREDITAN SUELDO/ ACTUALMENTE BANCO SUPERVIELLE NO POSEE MONTO MAXIMO A PRESTAR, ESTA SUJETO A LA RCI DEL CLIENTE / EL CFT VARIA EN FUNCION DE LA INCIDENCIA DEL SEGURO DE INCENDIO EL CUAL DEPENDE DEL VALOR DE LA TASACION, MONTO MINIMO $10000000
27;BANCO SUPERVIELLE S.A.;2026-02-09;PRESTAMOHIPOTECARIOUVAVIVIENDANOPERMANENTE;PRESTAMOHIPOTECARIOUVA;UVA;99999999;180;10000000;12;65;25,00;65,00;Vivienda adicional o 2da vivienda;Clientes que acrediten sueldos en la entidad;4,00;18,39;Fija;18,54;10,00;Todo el territorio nacional;PARA CLIENTES QUE ACREDITAN SUELDO/ ACTUALMENTE BANCO SUPERVIELLE NO POSEE MONTO MAXIMO A PRESTAR, ESTA SUJETO A LA RCI DEL CLIENTE / EL CFT VARIA EN FUNCION DE LA INCIDENCIA DEL SEGURO DE INCENDIO EL CUAL DEPENDE DEL VALOR DE LA TASACION, MONTO MINIMO $10000000
27;BANCO SUPERVIELLE S.A.;2026-02-09;PRESTAMOHIPOTECARIOUVAREFACCION;PRESTAMOHIPOTECARIOUVA;UVA;99999999;180;10000000;12;65;25,00;65,00;Refacción o mejora;Clientes que acrediten sueldos en la entidad;4,00;18,39;Fija;18,54;10,00;Todo el territorio nacional;PARA CLIENTES QUE ACREDITAN SUELDO/ ACTUALMENTE BANCO SUPERVIELLE NO POSEE MONTO MAXIMO A PRESTAR, ESTA SUJETO A LA RCI DEL CLIENTE / EL CFT VARIA EN FUNCION DE LA INCIDENCIA DEL SEGURO DE INCENDIO EL CUAL DEPENDE DEL VALOR DE LA TASACION, MONTO MINIMO $10000000
27;BANCO SUPERVIELLE S.A.;2026-02-09;PRESTAMOHIPOTECARIOUVAVIVIENDANOPERMANENTE;PRESTAMOHIPOTECARIOUVA;UVA;99999999;180;10000000;12;65;25,00;65,00;Vivienda adicional o 2da vivienda;Clientes que acrediten sueldos en la entidad;4,00;18,39;Fija;18,54;10,00;Todo el territorio nacional;PARA CLIENTES QUE ACREDITAN SUELDO/ ACTUALMENTE BANCO SUPERVIELLE NO POSEE MONTO MAXIMO A PRESTAR, ESTA SUJETO A LA RCI DEL CLIENTE / EL CFT VARIA EN FUNCION DE LA INCIDENCIA DEL SEGURO DE INCENDIO EL CUAL DEPENDE DEL VALOR DE LA TASACION, MONTO MINIMO $10000000
27;BANCO SUPERVIELLE S.A.;2026-02-09;PRESTAMOHIPOTECARIOVIVIENDAPERMANENTEUVA;PRESTAMOHIPOTECARIOUVA;UVA;99999999;180;10000000;12;65;25,00;65,00;Vivienda propia, única y permanente;Clientes que acrediten sueldos en la entidad;4,00;18,39;Fija;18,54;10,00;Todo el territorio nacional;PARA CLIENTES QUE ACREDITAN SUELDO/ ACTUALMENTE BANCO SUPERVIELLE NO POSEE MONTO MAXIMO A PRESTAR, ESTA SUJETO A LA RCI DEL CLIENTE / EL CFT VARIA EN FUNCION DE LA INCIDENCIA DEL SEGURO DE INCENDIO EL CUAL DEPENDE DEL VALOR DE LA TASACION, MONTO MINIMO $10000000
27;BANCO SUPERVIELLE S.A.;2026-02-09;PRESTAMOHIPOTECARIOUVAVIVIENDANOPERMANENTE;PRESTAMOHIPOTECARIOUVA;UVA;99999999;180;10000000;12;65;25,00;65,00;Vivienda adicional o 2da vivienda;Clientes que acrediten sueldos en la entidad;4,00;18,39;Fija;18,54;10,00;Todo el territorio nacional;PARA CLIENTES QUE ACREDITAN SUELDO/ ACTUALMENTE BANCO SUPERVIELLE NO POSEE MONTO MAXIMO A PRESTAR, ESTA SUJETO A LA RCI DEL CLIENTE / EL CFT VARIA EN FUNCION DE LA INCIDENCIA DEL SEGURO DE INCENDIO EL CUAL DEPENDE DEL VALOR DE LA TASACION, MONTO MINIMO $10000000
27;BANCO SUPERVIELLE S.A.;2026-02-09;PRESTAMOHIPOTECARIOUVAVIVIENDANOPERMANENTE;PRESTAMOHIPOTECARIOUVA;UVA;99999999;180;10000000;12;65;25,00;65,00;Vivienda adicional o 2da vivienda;Clientes que acrediten sueldos en la entidad;4,00;18,39;Fija;18,54;10,00;Todo el territorio nacional;PARA CLIENTES QUE ACREDITAN SUELDO/ ACTUALMENTE BANCO SUPERVIELLE NO POSEE MONTO MAXIMO A PRESTAR, ESTA SUJETO A LA RCI DEL CLIENTE / EL CFT VARIA EN FUNCION DE LA INCIDENCIA DEL SEGURO DE INCENDIO EL CUAL DEPENDE DEL VALOR DE LA TASACION, MONTO MINIMO $10000000
27;BANCO SUPERVIELLE S.A.;2026-02-09;PRESTAMOHIPOTECARIOUVAREFACCION;PRESTAMOHIPOTECARIOUVA;UVA;99999999;180;10000000;12;65;25,00;65,00;Refacción o mejora;Clientes que acrediten sueldos en la entidad;4,00;18,39;Fija;18,54;10,00;Todo el territorio nacional;PARA CLIENTES QUE ACREDITAN SUELDO/ ACTUALMENTE BANCO SUPERVIELLE NO POSEE MONTO MAXIMO A PRESTAR, ESTA SUJETO A LA RCI DEL CLIENTE / EL CFT VARIA EN FUNCION DE LA INCIDENCIA DEL SEGURO DE INCENDIO EL CUAL DEPENDE DEL VALOR DE LA TASACION, MONTO MINIMO $10000000
27;BANCO SUPERVIELLE S.A.;2026-02-09;PRESTAMOHIPOTECARIOVIVIENDAPERMANENTEUVA;PRESTAMOHIPOTECARIOUVA;UVA;99999999;180;10000000;12;65;25,00;65,00;Vivienda propia, única y permanente;Clientes que acrediten sueldos en la entidad;4,00;18,39;Fija;18,54;10,00;Todo el territorio nacional;PARA CLIENTES QUE ACREDITAN SUELDO/ ACTUALMENTE BANCO SUPERVIELLE NO POSEE MONTO MAXIMO A PRESTAR, ESTA SUJETO A LA RCI DEL CLIENTE / EL CFT VARIA EN FUNCION DE LA INCIDENCIA DEL SEGURO DE INCENDIO EL CUAL DEPENDE DEL VALOR DE LA TASACION, MONTO MINIMO $10000000
27;BANCO SUPERVIELLE S.A.;2026-02-09;PRESTAMOHIPOTECARIOUVAVIVIENDANOPERMANENTE;PRESTAMOHIPOTECARIOUVA;UVA;99999999;180;10000000;12;65;25,00;65,00;Vivienda adicional o 2da vivienda;Clientes que acrediten sueldos en la entidad;4,00;18,39;Fija;18,54;10,00;Todo el territorio nacional;PARA CLIENTES QUE ACREDITAN SUELDO/ ACTUALMENTE BANCO SUPERVIELLE NO POSEE MONTO MAXIMO A PRESTAR, ESTA SUJETO A LA RCI DEL CLIENTE / EL CFT VARIA EN FUNCION DE LA INCIDENCIA DEL SEGURO DE INCENDIO EL CUAL DEPENDE DEL VALOR DE LA TASACION, MONTO MINIMO $10000000
27;BANCO SUPERVIELLE S.A.;2026-02-09;PRESTAMOHIPOTECARIOUVAREFACCION;PRESTAMOHIPOTECARIOUVA;UVA;99999999;180;10000000;12;65;25,00;65,00;Refacción o mejora;Clientes que acrediten sueldos en la entidad;4,00;18,39;Fija;18,54;10,00;Todo el territorio nacional;PARA CLIENTES QUE ACREDITAN SUELDO/ ACTUALMENTE BANCO SUPERVIELLE NO POSEE MONTO MAXIMO A PRESTAR, ESTA SUJETO A LA RCI DEL CLIENTE / EL CFT VARIA EN FUNCION DE LA INCIDENCIA DEL SEGURO DE INCENDIO EL CUAL DEPENDE DEL VALOR DE LA TASACION, MONTO MINIMO $10000000
27;BANCO SUPERVIELLE S.A.;2026-02-09;PRESTAMOHIPOTECARIOUVAREFACCION;PRESTAMOHIPOTECARIOUVA;UVA;99999999;180;10000000;12;65;25,00;65,00;Refacción o mejora;Clientes que acrediten sueldos en la entidad;4,00;18,39;Fija;18,54;10,00;Todo el territorio nacional;PARA CLIENTES QUE ACREDITAN SUELDO/ ACTUALMENTE BANCO SUPERVIELLE NO POSEE MONTO MAXIMO A PRESTAR, ESTA SUJETO A LA RCI DEL CLIENTE / EL CFT VARIA EN FUNCION DE LA INCIDENCIA DEL SEGURO DE INCENDIO EL CUAL DEPENDE DEL VALOR DE LA TASACION, MONTO MINIMO $10000000
27;BANCO SUPERVIELLE S.A.;2026-02-09;PRESTAMOHIPOTECARIOUVAVIVIENDANOPERMANENTE;PRESTAMOHIPOTECARIOUVA;UVA;99999999;180;10000000;12;65;25,00;65,00;Vivienda adicional o 2da vivienda;Clientes que acrediten sueldos en la entidad;4,00;18,39;Fija;18,54;10,00;Todo el territorio nacional;PARA CLIENTES QUE ACREDITAN SUELDO/ ACTUALMENTE BANCO SUPERVIELLE NO POSEE MONTO MAXIMO A PRESTAR, ESTA SUJETO A LA RCI DEL CLIENTE / EL CFT VARIA EN FUNCION DE LA INCIDENCIA DEL SEGURO DE INCENDIO EL CUAL DEPENDE DEL VALOR DE LA TASACION, MONTO MINIMO $10000000
27;BANCO SUPERVIELLE S.A.;2026-02-09;PRESTAMOHIPOTECARIOVIVIENDAPERMANENTEUVA;PRESTAMOHIPOTECARIOUVA;UVA;99999999;180;10000000;12;65;25,00;65,00;Vivienda propia, única y permanente;Clientes que acrediten sueldos en la entidad;4,00;18,39;Fija;18,54;10,00;Todo el territorio nacional;PARA CLIENTES QUE ACREDITAN SUELDO/ ACTUALMENTE BANCO SUPERVIELLE NO POSEE MONTO MAXIMO A PRESTAR, ESTA SUJETO A LA RCI DEL CLIENTE / EL CFT VARIA EN FUNCION DE LA INCIDENCIA DEL SEGURO DE INCENDIO EL CUAL DEPENDE DEL VALOR DE LA TASACION, MONTO MINIMO $10000000
27;BANCO SUPERVIELLE S.A.;2026-02-09;PRESTAMOHIPOTECARIOUVAVIVIENDANOPERMANENTE;PRESTAMOHIPOTECARIOUVA;UVA;99999999;180;10000000;12;65;25,00;65,00;Vivienda adicional o 2da vivienda;Clientes que acrediten sueldos en la entidad;4,00;18,39;Fija;18,54;10,00;Todo el territorio nacional;PARA CLIENTES QUE ACREDITAN SUELDO/ ACTUALMENTE BANCO SUPERVIELLE NO POSEE MONTO MAXIMO A PRESTAR, ESTA SUJETO A LA RCI DEL CLIENTE / EL CFT VARIA EN FUNCION DE LA INCIDENCIA DEL SEGURO DE INCENDIO EL CUAL DEPENDE DEL VALOR DE LA TASACION, MONTO MINIMO $10000000
27;BANCO SUPERVIELLE S.A.;2026-02-09;PRESTAMOHIPOTECARIOVIVIENDAPERMANENTEUVA;PRESTAMOHIPOTECARIOUVA;UVA;99999999;180;10000000;12;65;25,00;65,00;Vivienda propia, única y permanente;Clientes que acrediten sueldos en la entidad;4,00;18,39;Fija;18,54;10,00;Todo el territorio nacional;PARA CLIENTES QUE ACREDITAN SUELDO/ ACTUALMENTE BANCO SUPERVIELLE NO POSEE MONTO MAXIMO A PRESTAR, ESTA SUJETO A LA RCI DEL CLIENTE / EL CFT VARIA EN FUNCION DE LA INCIDENCIA DEL SEGURO DE INCENDIO EL CUAL DEPENDE DEL VALOR DE LA TASACION, MONTO MINIMO $10000000
27;BANCO SUPERVIELLE S.A.;2026-02-09;PRESTAMOHIPOTECARIOUVAVIVIENDANOPERMANENTE;PRESTAMOHIPOTECARIOUVA;UVA;99999999;180;10000000;12;65;25,00;65,00;Vivienda adicional o 2da vivienda;Clientes que acrediten sueldos en la entidad;4,00;18,39;Fija;18,54;10,00;Todo el territorio nacional;PARA CLIENTES QUE ACREDITAN SUELDO/ ACTUALMENTE BANCO SUPERVIELLE NO POSEE MONTO MAXIMO A PRESTAR, ESTA SUJETO A LA RCI DEL CLIENTE / EL CFT VARIA EN FUNCION DE LA INCIDENCIA DEL SEGURO DE INCENDIO EL CUAL DEPENDE DEL VALOR DE LA TASACION, MONTO MINIMO $10000000
27;BANCO SUPERVIELLE S.A.;2026-02-09;PRESTAMOHIPOTECARIOVIVIENDAPERMANENTEUVA;PRESTAMOHIPOTECARIOUVA;UVA;99999999;180;10000000;12;65;25,00;65,00;Vivienda propia, única y permanente;Clientes que acrediten sueldos en la entidad;4,00;18,39;Fija;18,54;10,00;Todo el territorio nacional;PARA CLIENTES QUE ACREDITAN SUELDO/ ACTUALMENTE BANCO SUPERVIELLE NO POSEE MONTO MAXIMO A PRESTAR, ESTA SUJETO A LA RCI DEL CLIENTE / EL CFT VARIA EN FUNCION DE LA INCIDENCIA DEL SEGURO DE INCENDIO EL CUAL DEPENDE DEL VALOR DE LA TASACION, MONTO MINIMO $10000000
27;BANCO SUPERVIELLE S.A.;2026-02-09;PRESTAMOHIPOTECARIOUVAVIVIENDANOPERMANENTE;PRESTAMOHIPOTECARIOUVA;UVA;99999999;180;10000000;12;65;25,00;65,00;Vivienda adicional o 2da vivienda;Clientes que acrediten sueldos en la entidad;4,00;18,39;Fija;18,54;10,00;Todo el territorio nacional;PARA CLIENTES QUE ACREDITAN SUELDO/ ACTUALMENTE BANCO SUPERVIELLE NO POSEE MONTO MAXIMO A PRESTAR, ESTA SUJETO A LA RCI DEL CLIENTE / EL CFT VARIA EN FUNCION DE LA INCIDENCIA DEL SEGURO DE INCENDIO EL CUAL DEPENDE DEL VALOR DE LA TASACION, MONTO MINIMO $10000000
27;BANCO SUPERVIELLE S.A.;2026-02-09;PRESTAMOHIPOTECARIOUVAVIVIENDANOPERMANENTE;PRESTAMOHIPOTECARIOUVA;UVA;99999999;180;10000000;12;65;25,00;65,00;Vivienda adicional o 2da vivienda;Clientes que acrediten sueldos en la entidad;4,00;18,39;Fija;18,54;10,00;Todo el territorio nacional;PARA CLIENTES QUE ACREDITAN SUELDO/ ACTUALMENTE BANCO SUPERVIELLE NO POSEE MONTO MAXIMO A PRESTAR, ESTA SUJETO A LA RCI DEL CLIENTE / EL CFT VARIA EN FUNCION DE LA INCIDENCIA DEL SEGURO DE INCENDIO EL CUAL DEPENDE DEL VALOR DE LA TASACION, MONTO MINIMO $10000000
27;BANCO SUPERVIELLE S.A.;2026-02-09;PRESTAMOHIPOTECARIOUVAREFACCION;PRESTAMOHIPOTECARIOUVA;UVA;99999999;180;10000000;12;65;25,00;65,00;Refacción o mejora;Clientes que acrediten sueldos en la entidad;4,00;18,39;Fija;18,54;10,00;Todo el territorio nacional;PARA CLIENTES QUE ACREDITAN SUELDO/ ACTUALMENTE BANCO SUPERVIELLE NO POSEE MONTO MAXIMO A PRESTAR, ESTA SUJETO A LA RCI DEL CLIENTE / EL CFT VARIA EN FUNCION DE LA INCIDENCIA DEL SEGURO DE INCENDIO EL CUAL DEPENDE DEL VALOR DE LA TASACION, MONTO MINIMO $10000000
27;BANCO SUPERVIELLE S.A.;2026-02-09;PRESTAMOHIPOTECARIOUVAREFACCION;PRESTAMOHIPOTECARIOUVA;UVA;99999999;180;10000000;12;65;25,00;65,00;Refacción o mejora;Clientes que acrediten sueldos en la entidad;4,00;18,39;Fija;18,54;10,00;Todo el territorio nacional;PARA CLIENTES QUE ACREDITAN SUELDO/ ACTUALMENTE BANCO SUPERVIELLE NO POSEE MONTO MAXIMO A PRESTAR, ESTA SUJETO A LA RCI DEL CLIENTE / EL CFT VARIA EN FUNCION DE LA INCIDENCIA DEL SEGURO DE INCENDIO EL CUAL DEPENDE DEL VALOR DE LA TASACION, MONTO MINIMO $10000000
27;BANCO SUPERVIELLE S.A.;2026-02-09;PRESTAMOHIPOTECARIOUVAVIVIENDANOPERMANENTE;PRESTAMOHIPOTECARIOUVA;UVA;99999999;180;10000000;12;65;25,00;65,00;Vivienda adicional o 2da vivienda;Clientes que acrediten sueldos en la entidad;4,00;18,39;Fija;18,54;10,00;Todo el territorio nacional;PARA CLIENTES QUE ACREDITAN SUELDO/ ACTUALMENTE BANCO SUPERVIELLE NO POSEE MONTO MAXIMO A PRESTAR, ESTA SUJETO A LA RCI DEL CLIENTE / EL CFT VARIA EN FUNCION DE LA INCIDENCIA DEL SEGURO DE INCENDIO EL CUAL DEPENDE DEL VALOR DE LA TASACION, MONTO MINIMO $10000000
27;BANCO SUPERVIELLE S.A.;2026-02-09;PRESTAMOHIPOTECARIOUVAREFACCION;PRESTAMOHIPOTECARIOUVA;UVA;99999999;180;10000000;12;65;25,00;65,00;Refacción o mejora;Clientes que acrediten sueldos en la entidad;4,00;18,39;Fija;18,54;10,00;Todo el territorio nacional;PARA CLIENTES QUE ACREDITAN SUELDO/ ACTUALMENTE BANCO SUPERVIELLE NO POSEE MONTO MAXIMO A PRESTAR, ESTA SUJETO A LA RCI DEL CLIENTE / EL CFT VARIA EN FUNCION DE LA INCIDENCIA DEL SEGURO DE INCENDIO EL CUAL DEPENDE DEL VALOR DE LA TASACION, MONTO MINIMO $10000000
27;BANCO SUPERVIELLE S.A.;2026-02-09;PRESTAMOHIPOTECARIOVIVIENDAPERMANENTEUVA;PRESTAMOHIPOTECARIOUVA;UVA;99999999;180;10000000;12;65;25,00;65,00;Vivienda propia, única y permanente;Clientes que acrediten sueldos en la entidad;4,00;18,39;Fija;18,54;10,00;Todo el territorio nacional;PARA CLIENTES QUE ACREDITAN SUELDO/ ACTUALMENTE BANCO SUPERVIELLE NO POSEE MONTO MAXIMO A PRESTAR, ESTA SUJETO A LA RCI DEL CLIENTE / EL CFT VARIA EN FUNCION DE LA INCIDENCIA DEL SEGURO DE INCENDIO EL CUAL DEPENDE DEL VALOR DE LA TASACION, MONTO MINIMO $10000000
27;BANCO SUPERVIELLE S.A.;2026-02-09;PRESTAMOHIPOTECARIOVIVIENDAPERMANENTEUVA;PRESTAMOHIPOTECARIOUVA;UVA;99999999;180;10000000;12;65;25,00;65,00;Vivienda propia, única y permanente;Clientes que acrediten sueldos en la entidad;4,00;18,39;Fija;18,54;10,00;Todo el territorio nacional;PARA CLIENTES QUE ACREDITAN SUELDO/ ACTUALMENTE BANCO SUPERVIELLE NO POSEE MONTO MAXIMO A PRESTAR, ESTA SUJETO A LA RCI DEL CLIENTE / EL CFT VARIA EN FUNCION DE LA INCIDENCIA DEL SEGURO DE INCENDIO EL CUAL DEPENDE DEL VALOR DE LA TASACION, MONTO MINIMO $10000000
27;BANCO SUPERVIELLE S.A.;2026-02-09;PRESTAMOHIPOTECARIOUVAREFACCION;PRESTAMOHIPOTECARIOUVA;UVA;99999999;180;10000000;12;65;25,00;65,00;Refacción o mejora;Clientes que acrediten sueldos en la entidad;4,00;18,39;Fija;18,54;10,00;Todo el territorio nacional;PARA CLIENTES QUE ACREDITAN SUELDO/ ACTUALMENTE BANCO SUPERVIELLE NO POSEE MONTO MAXIMO A PRESTAR, ESTA SUJETO A LA RCI DEL CLIENTE / EL CFT VARIA EN FUNCION DE LA INCIDENCIA DEL SEGURO DE INCENDIO EL CUAL DEPENDE DEL VALOR DE LA TASACION, MONTO MINIMO $10000000
27;BANCO SUPERVIELLE S.A.;2026-02-09;PRESTAMOHIPOTECARIOVIVIENDAPERMANENTEUVA;PRESTAMOHIPOTECARIOUVA;UVA;99999999;180;10000000;12;65;25,00;65,00;Vivienda propia, única y permanente;Clientes que acrediten sueldos en la entidad;4,00;18,39;Fija;18,54;10,00;Todo el territorio nacional;PARA CLIENTES QUE ACREDITAN SUELDO/ ACTUALMENTE BANCO SUPERVIELLE NO POSEE MONTO MAXIMO A PRESTAR, ESTA SUJETO A LA RCI DEL CLIENTE / EL CFT VARIA EN FUNCION DE LA INCIDENCIA DEL SEGURO DE INCENDIO EL CUAL DEPENDE DEL VALOR DE LA TASACION, MONTO MINIMO $10000000
27;BANCO SUPERVIELLE S.A.;2026-02-09;PRESTAMOHIPOTECARIOVIVIENDAPERMANENTEUVA;PRESTAMOHIPOTECARIOUVA;UVA;99999999;180;10000000;12;65;25,00;65,00;Vivienda propia, única y permanente;Clientes que acrediten sueldos en la entidad;4,00;18,39;Fija;18,54;10,00;Todo el territorio nacional;PARA CLIENTES QUE ACREDITAN SUELDO/ ACTUALMENTE BANCO SUPERVIELLE NO POSEE MONTO MAXIMO A PRESTAR, ESTA SUJETO A LA RCI DEL CLIENTE / EL CFT VARIA EN FUNCION DE LA INCIDENCIA DEL SEGURO DE INCENDIO EL CUAL DEPENDE DEL VALOR DE LA TASACION, MONTO MINIMO $10000000
27;BANCO SUPERVIELLE S.A.;2026-02-09;PRESTAMOHIPOTECARIOUVAVIVIENDANOPERMANENTE;PRESTAMOHIPOTECARIOUVA;UVA;99999999;180;10000000;12;65;25,00;65,00;Vivienda adicional o 2da vivienda;Clientes que acrediten sueldos en la entidad;4,00;18,39;Fija;18,54;10,00;Todo el territorio nacional;PARA CLIENTES QUE ACREDITAN SUELDO/ ACTUALMENTE BANCO SUPERVIELLE NO POSEE MONTO MAXIMO A PRESTAR, ESTA SUJETO A LA RCI DEL CLIENTE / EL CFT VARIA EN FUNCION DE LA INCIDENCIA DEL SEGURO DE INCENDIO EL CUAL DEPENDE DEL VALOR DE LA TASACION, MONTO MINIMO $10000000
27;BANCO SUPERVIELLE S.A.;2026-02-09;PRESTAMOHIPOTECARIOUVAVIVIENDANOPERMANENTE;PRESTAMOHIPOTECARIOUVA;UVA;99999999;180;10000000;12;65;25,00;65,00;Vivienda adicional o 2da vivienda;Clientes que acrediten sueldos en la entidad;4,00;18,39;Fija;18,54;10,00;Todo el territorio nacional;PARA CLIENTES QUE ACREDITAN SUELDO/ ACTUALMENTE BANCO SUPERVIELLE NO POSEE MONTO MAXIMO A PRESTAR, ESTA SUJETO A LA RCI DEL CLIENTE / EL CFT VARIA EN FUNCION DE LA INCIDENCIA DEL SEGURO DE INCENDIO EL CUAL DEPENDE DEL VALOR DE LA TASACION, MONTO MINIMO $10000000
27;BANCO SUPERVIELLE S.A.;2026-02-09;PRESTAMOHIPOTECARIOUVAREFACCION;PRESTAMOHIPOTECARIOUVA;UVA;99999999;180;10000000;12;65;25,00;65,00;Refacción o mejora;Clientes que acrediten sueldos en la entidad;4,00;18,39;Fija;18,54;10,00;Todo el territorio nacional;PARA CLIENTES QUE ACREDITAN SUELDO/ ACTUALMENTE BANCO SUPERVIELLE NO POSEE MONTO MAXIMO A PRESTAR, ESTA SUJETO A LA RCI DEL CLIENTE / EL CFT VARIA EN FUNCION DE LA INCIDENCIA DEL SEGURO DE INCENDIO EL CUAL DEPENDE DEL VALOR DE LA TASACION, MONTO MINIMO $10000000
27;BANCO SUPERVIELLE S.A.;2026-02-09;PRESTAMOHIPOTECARIOVIVIENDAPERMANENTEUVA;PRESTAMOHIPOTECARIOUVA;UVA;99999999;180;10000000;12;65;25,00;65,00;Vivienda propia, única y permanente;Clientes que acrediten sueldos en la entidad;4,00;18,39;Fija;18,54;10,00;Todo el territorio nacional;PARA CLIENTES QUE ACREDITAN SUELDO/ ACTUALMENTE BANCO SUPERVIELLE NO POSEE MONTO MAXIMO A PRESTAR, ESTA SUJETO A LA RCI DEL CLIENTE / EL CFT VARIA EN FUNCION DE LA INCIDENCIA DEL SEGURO DE INCENDIO EL CUAL DEPENDE DEL VALOR DE LA TASACION, MONTO MINIMO $10000000
27;BANCO SUPERVIELLE S.A.;2026-02-09;PRESTAMOHIPOTECARIOUVAREFACCION;PRESTAMOHIPOTECARIOUVA;UVA;99999999;180;10000000;12;65;25,00;65,00;Refacción o mejora;Clientes que acrediten sueldos en la entidad;4,00;18,39;Fija;18,54;10,00;Todo el territorio nacional;PARA CLIENTES QUE ACREDITAN SUELDO/ ACTUALMENTE BANCO SUPERVIELLE NO POSEE MONTO MAXIMO A PRESTAR, ESTA SUJETO A LA RCI DEL CLIENTE / EL CFT VARIA EN FUNCION DE LA INCIDENCIA DEL SEGURO DE INCENDIO EL CUAL DEPENDE DEL VALOR DE LA TASACION, MONTO MINIMO $10000000
27;BANCO SUPERVIELLE S.A.;2026-02-09;PRESTAMOHIPOTECARIOUVAREFACCION;PRESTAMOHIPOTECARIOUVA;UVA;99999999;180;10000000;12;65;25,00;65,00;Refacción o mejora;Clientes que acrediten sueldos en la entidad;4,00;18,39;Fija;18,54;10,00;Todo el territorio nacional;PARA CLIENTES QUE ACREDITAN SUELDO/ ACTUALMENTE BANCO SUPERVIELLE NO POSEE MONTO MAXIMO A PRESTAR, ESTA SUJETO A LA RCI DEL CLIENTE / EL CFT VARIA EN FUNCION DE LA INCIDENCIA DEL SEGURO DE INCENDIO EL CUAL DEPENDE DEL VALOR DE LA TASACION, MONTO MINIMO $10000000
27;BANCO SUPERVIELLE S.A.;2026-02-09;PRESTAMOHIPOTECARIOVIVIENDAPERMANENTEUVA;PRESTAMOHIPOTECARIOUVA;UVA;99999999;180;10000000;12;65;25,00;65,00;Vivienda propia, única y permanente;Clientes que acrediten sueldos en la entidad;4,00;18,39;Fija;18,54;10,00;Todo el territorio nacional;PARA CLIENTES QUE ACREDITAN SUELDO/ ACTUALMENTE BANCO SUPERVIELLE NO POSEE MONTO MAXIMO A PRESTAR, ESTA SUJETO A LA RCI DEL CLIENTE / EL CFT VARIA EN FUNCION DE LA INCIDENCIA DEL SEGURO DE INCENDIO EL CUAL DEPENDE DEL VALOR DE LA TASACION, MONTO MINIMO $10000000
27;BANCO SUPERVIELLE S.A.;2026-02-09;PRESTAMOHIPOTECARIOVIVIENDAPERMANENTEUVA;PRESTAMOHIPOTECARIOUVA;UVA;99999999;180;10000000;12;65;25,00;65,00;Vivienda propia, única y permanente;Clientes que acrediten sueldos en la entidad;4,00;18,39;Fija;18,54;10,00;Todo el territorio nacional;PARA CLIENTES QUE ACREDITAN SUELDO/ ACTUALMENTE BANCO SUPERVIELLE NO POSEE MONTO MAXIMO A PRESTAR, ESTA SUJETO A LA RCI DEL CLIENTE / EL CFT VARIA EN FUNCION DE LA INCIDENCIA DEL SEGURO DE INCENDIO EL CUAL DEPENDE DEL VALOR DE LA TASACION, MONTO MINIMO $10000000
27;BANCO SUPERVIELLE S.A.;2026-02-09;PRESTAMOHIPOTECARIOUVAREFACCION;PRESTAMOHIPOTECARIOUVA;UVA;99999999;180;10000000;12;65;25,00;65,00;Refacción o mejora;Clientes que acrediten sueldos en la entidad;4,00;18,39;Fija;18,54;10,00;Todo el territorio nacional;PARA CLIENTES QUE ACREDITAN SUELDO/ ACTUALMENTE BANCO SUPERVIELLE NO POSEE MONTO MAXIMO A PRESTAR, ESTA SUJETO A LA RCI DEL CLIENTE / EL CFT VARIA EN FUNCION DE LA INCIDENCIA DEL SEGURO DE INCENDIO EL CUAL DEPENDE DEL VALOR DE LA TASACION, MONTO MINIMO $10000000
27;BANCO SUPERVIELLE S.A.;2026-02-09;PRESTAMOHIPOTECARIOUVAVIVIENDANOPERMANENTE;PRESTAMOHIPOTECARIOUVA;UVA;99999999;180;10000000;12;65;25,00;65,00;Vivienda adicional o 2da vivienda;Clientes que acrediten sueldos en la entidad;4,00;18,39;Fija;18,54;10,00;Todo el territorio nacional;PARA CLIENTES QUE ACREDITAN SUELDO/ ACTUALMENTE BANCO SUPERVIELLE NO POSEE MONTO MAXIMO A PRESTAR, ESTA SUJETO A LA RCI DEL CLIENTE / EL CFT VARIA EN FUNCION DE LA INCIDENCIA DEL SEGURO DE INCENDIO EL CUAL DEPENDE DEL VALOR DE LA TASACION, MONTO MINIMO $10000000
27;BANCO SUPERVIELLE S.A.;2026-02-09;PRESTAMOHIPOTECARIOUVAVIVIENDANOPERMANENTE;PRESTAMOHIPOTECARIOUVA;UVA;99999999;180;10000000;12;65;25,00;65,00;Vivienda adicional o 2da vivienda;Clientes que acrediten sueldos en la entidad;4,00;18,39;Fija;18,54;10,00;Todo el territorio nacional;PARA CLIENTES QUE ACREDITAN SUELDO/ ACTUALMENTE BANCO SUPERVIELLE NO POSEE MONTO MAXIMO A PRESTAR, ESTA SUJETO A LA RCI DEL CLIENTE / EL CFT VARIA EN FUNCION DE LA INCIDENCIA DEL SEGURO DE INCENDIO EL CUAL DEPENDE DEL VALOR DE LA TASACION, MONTO MINIMO $10000000
27;BANCO SUPERVIELLE S.A.;2026-02-09;PRESTAMOHIPOTECARIOUVAREFACCION;PRESTAMOHIPOTECARIOUVA;UVA;99999999;180;10000000;12;65;25,00;65,00;Refacción o mejora;Clientes que acrediten sueldos en la entidad;4,00;18,39;Fija;18,54;10,00;Todo el territorio nacional;PARA CLIENTES QUE ACREDITAN SUELDO/ ACTUALMENTE BANCO SUPERVIELLE NO POSEE MONTO MAXIMO A PRESTAR, ESTA SUJETO A LA RCI DEL CLIENTE / EL CFT VARIA EN FUNCION DE LA INCIDENCIA DEL SEGURO DE INCENDIO EL CUAL DEPENDE DEL VALOR DE LA TASACION, MONTO MINIMO $10000000
27;BANCO SUPERVIELLE S.A.;2026-02-09;PRESTAMOHIPOTECARIOUVAVIVIENDANOPERMANENTE;PRESTAMOHIPOTECARIOUVA;UVA;99999999;180;10000000;12;65;25,00;65,00;Vivienda adicional o 2da vivienda;Clientes que acrediten sueldos en la entidad;4,00;18,39;Fija;18,54;10,00;Todo el territorio nacional;PARA CLIENTES QUE ACREDITAN SUELDO/ ACTUALMENTE BANCO SUPERVIELLE NO POSEE MONTO MAXIMO A PRESTAR, ESTA SUJETO A LA RCI DEL CLIENTE / EL CFT VARIA EN FUNCION DE LA INCIDENCIA DEL SEGURO DE INCENDIO EL CUAL DEPENDE DEL VALOR DE LA TASACION, MONTO MINIMO $10000000
27;BANCO SUPERVIELLE S.A.;2026-02-09;PRESTAMOHIPOTECARIOUVAVIVIENDANOPERMANENTE;PRESTAMOHIPOTECARIOUVA;UVA;99999999;180;10000000;12;65;25,00;65,00;Vivienda adicional o 2da vivienda;Clientes que acrediten sueldos en la entidad;4,00;18,39;Fija;18,54;10,00;Todo el territorio nacional;PARA CLIENTES QUE ACREDITAN SUELDO/ ACTUALMENTE BANCO SUPERVIELLE NO POSEE MONTO MAXIMO A PRESTAR, ESTA SUJETO A LA RCI DEL CLIENTE / EL CFT VARIA EN FUNCION DE LA INCIDENCIA DEL SEGURO DE INCENDIO EL CUAL DEPENDE DEL VALOR DE LA TASACION, MONTO MINIMO $10000000
27;BANCO SUPERVIELLE S.A.;2026-02-09;PRESTAMOHIPOTECARIOVIVIENDAPERMANENTEUVA;PRESTAMOHIPOTECARIOUVA;UVA;99999999;180;10000000;12;65;25,00;65,00;Vivienda propia, única y permanente;Clientes que acrediten sueldos en la entidad;4,00;18,39;Fija;18,54;10,00;Todo el territorio nacional;PARA CLIENTES QUE ACREDITAN SUELDO/ ACTUALMENTE BANCO SUPERVIELLE NO POSEE MONTO MAXIMO A PRESTAR, ESTA SUJETO A LA RCI DEL CLIENTE / EL CFT VARIA EN FUNCION DE LA INCIDENCIA DEL SEGURO DE INCENDIO EL CUAL DEPENDE DEL VALOR DE LA TASACION, MONTO MINIMO $10000000
27;BANCO SUPERVIELLE S.A.;2026-02-09;PRESTAMOHIPOTECARIOUVAREFACCION;PRESTAMOHIPOTECARIOUVA;UVA;99999999;180;10000000;12;65;25,00;65,00;Refacción o mejora;Clientes que acrediten sueldos en la entidad;4,00;18,39;Fija;18,54;10,00;Todo el territorio nacional;PARA CLIENTES QUE ACREDITAN SUELDO/ ACTUALMENTE BANCO SUPERVIELLE NO POSEE MONTO MAXIMO A PRESTAR, ESTA SUJETO A LA RCI DEL CLIENTE / EL CFT VARIA EN FUNCION DE LA INCIDENCIA DEL SEGURO DE INCENDIO EL CUAL DEPENDE DEL VALOR DE LA TASACION, MONTO MINIMO $10000000
27;BANCO SUPERVIELLE S.A.;2026-02-09;PRESTAMOHIPOTECARIOUVAREFACCION;PRESTAMOHIPOTECARIOUVA;UVA;99999999;180;10000000;12;65;25,00;65,00;Refacción o mejora;Clientes que acrediten sueldos en la entidad;4,00;18,39;Fija;18,54;10,00;Todo el territorio nacional;PARA CLIENTES QUE ACREDITAN SUELDO/ ACTUALMENTE BANCO SUPERVIELLE NO POSEE MONTO MAXIMO A PRESTAR, ESTA SUJETO A LA RCI DEL CLIENTE / EL CFT VARIA EN FUNCION DE LA INCIDENCIA DEL SEGURO DE INCENDIO EL CUAL DEPENDE DEL VALOR DE LA TASACION, MONTO MINIMO $10000000
27;BANCO SUPERVIELLE S.A.;2026-02-09;PRESTAMOHIPOTECARIOVIVIENDAPERMANENTEUVA;PRESTAMOHIPOTECARIOUVA;UVA;99999999;180;10000000;12;65;25,00;65,00;Vivienda propia, única y permanente;Clientes que acrediten sueldos en la entidad;4,00;18,39;Fija;18,54;10,00;Todo el territorio nacional;PARA CLIENTES QUE ACREDITAN SUELDO/ ACTUALMENTE BANCO SUPERVIELLE NO POSEE MONTO MAXIMO A PRESTAR, ESTA SUJETO A LA RCI DEL CLIENTE / EL CFT VARIA EN FUNCION DE LA INCIDENCIA DEL SEGURO DE INCENDIO EL CUAL DEPENDE DEL VALOR DE LA TASACION, MONTO MINIMO $10000000
27;BANCO SUPERVIELLE S.A.;2026-02-09;PRESTAMOHIPOTECARIOUVAREFACCION;PRESTAMOHIPOTECARIOUVA;UVA;99999999;180;10000000;12;65;25,00;65,00;Refacción o mejora;Clientes que acrediten sueldos en la entidad;4,00;18,39;Fija;18,54;10,00;Todo el territorio nacional;PARA CLIENTES QUE ACREDITAN SUELDO/ ACTUALMENTE BANCO SUPERVIELLE NO POSEE MONTO MAXIMO A PRESTAR, ESTA SUJETO A LA RCI DEL CLIENTE / EL CFT VARIA EN FUNCION DE LA INCIDENCIA DEL SEGURO DE INCENDIO EL CUAL DEPENDE DEL VALOR DE LA TASACION, MONTO MINIMO $10000000
27;BANCO SUPERVIELLE S.A.;2026-02-09;PRESTAMOHIPOTECARIOUVAREFACCION;PRESTAMOHIPOTECARIOUVA;UVA;99999999;180;10000000;12;65;25,00;65,00;Refacción o mejora;Clientes que acrediten sueldos en la entidad;4,00;18,39;Fija;18,54;10,00;Todo el territorio nacional;PARA CLIENTES QUE ACREDITAN SUELDO/ ACTUALMENTE BANCO SUPERVIELLE NO POSEE MONTO MAXIMO A PRESTAR, ESTA SUJETO A LA RCI DEL CLIENTE / EL CFT VARIA EN FUNCION DE LA INCIDENCIA DEL SEGURO DE INCENDIO EL CUAL DEPENDE DEL VALOR DE LA TASACION, MONTO MINIMO $10000000
27;BANCO SUPERVIELLE S.A.;2026-02-09;PRESTAMOHIPOTECARIOUVAREFACCION;PRESTAMOHIPOTECARIOUVA;UVA;99999999;180;10000000;12;65;25,00;65,00;Refacción o mejora;Clientes que acrediten sueldos en la entidad;4,00;18,39;Fija;18,54;10,00;Todo el territorio nacional;PARA CLIENTES QUE ACREDITAN SUELDO/ ACTUALMENTE BANCO SUPERVIELLE NO POSEE MONTO MAXIMO A PRESTAR, ESTA SUJETO A LA RCI DEL CLIENTE / EL CFT VARIA EN FUNCION DE LA INCIDENCIA DEL SEGURO DE INCENDIO EL CUAL DEPENDE DEL VALOR DE LA TASACION, MONTO MINIMO $10000000
27;BANCO SUPERVIELLE S.A.;2026-02-09;PRESTAMOHIPOTECARIOUVAVIVIENDANOPERMANENTE;PRESTAMOHIPOTECARIOUVA;UVA;99999999;180;10000000;12;65;25,00;65,00;Vivienda adicional o 2da vivienda;Clientes que acrediten sueldos en la entidad;4,00;18,39;Fija;18,54;10,00;Todo el territorio nacional;PARA CLIENTES QUE ACREDITAN SUELDO/ ACTUALMENTE BANCO SUPERVIELLE NO POSEE MONTO MAXIMO A PRESTAR, ESTA SUJETO A LA RCI DEL CLIENTE / EL CFT VARIA EN FUNCION DE LA INCIDENCIA DEL SEGURO DE INCENDIO EL CUAL DEPENDE DEL VALOR DE LA TASACION, MONTO MINIMO $10000000
29;BANCO DE LA CIUDAD DE BUENOS AIRES;2026-01-23;HIPOTECARIOS UVA PLAN SUELDO;HIPOTECARIO UVA;UVA;300000000;240;682000;12;70;25,00;70,00;Refacción o mejora;Clientes que acrediten sueldos en la entidad;3,63;10,36;Fija;10,36;957,00;Ciudad Autónoma de Buenos Aires;NO APLICA
29;BANCO DE LA CIUDAD DE BUENOS AIRES;2026-01-23;HIPOTECARIOS UVA PLAN SUELDO;HIPOTECARIO UVA;UVA;300000000;240;682000;12;70;25,00;70,00;Vivienda propia, única y permanente;Empleados públicos;3,63;10,36;Fija;10,36;957,00;Ciudad Autónoma de Buenos Aires;NO APLICA
29;BANCO DE LA CIUDAD DE BUENOS AIRES;2026-01-23;HIPOTECARIOS UVA PLAN SUELDO;HIPOTECARIO UVA;UVA;300000000;240;682000;12;70;25,00;70,00;Vivienda propia, única y permanente;Personas humanas Monotributistas;3,63;10,36;Fija;10,36;957,00;Provincia de Córdoba;NO APLICA
29;BANCO DE LA CIUDAD DE BUENOS AIRES;2026-01-23;HIPOTECARIOS UVA PLAN SUELDO;HIPOTECARIO UVA;UVA;300000000;240;682000;12;70;25,00;70,00;Refacción o mejora;Personas humanas Monotributistas;3,63;10,36;Fija;10,36;957,00;Provincia de Córdoba;NO APLICA
29;BANCO DE LA CIUDAD DE BUENOS AIRES;2026-01-23;HIPOTECARIOS UVA PLAN SUELDO;HIPOTECARIO UVA;UVA;300000000;240;682000;12;70;25,00;70,00;Vivienda adicional o 2da vivienda;Personas humanas Monotributistas;3,63;11,68;Fija;14,31;1235,00;Provincia de Córdoba;NO APLICA
29;BANCO DE LA CIUDAD DE BUENOS AIRES;2026-01-23;HIPOTECARIOS UVA PLAN SUELDO;HIPOTECARIO UVA;UVA;300000000;240;682000;12;70;25,00;70,00;Vivienda propia, única y permanente;Clientes que acrediten sueldos en la entidad;3,63;10,36;Fija;10,36;957,00;Provincia de Córdoba;NO APLICA
29;BANCO DE LA CIUDAD DE BUENOS AIRES;2026-01-23;HIPOTECARIOS UVA PLAN SUELDO;HIPOTECARIO UVA;UVA;300000000;240;682000;12;70;25,00;70,00;Vivienda propia, única y permanente;Personas humanas Monotributistas;3,63;10,36;Fija;10,36;957,00;Provincia de Tucumán;NO APLICA
29;BANCO DE LA CIUDAD DE BUENOS AIRES;2026-01-23;HIPOTECARIOS UVA PLAN SUELDO;HIPOTECARIO UVA;UVA;300000000;240;682000;12;70;25,00;70,00;Vivienda adicional o 2da vivienda;Personas humanas Responsables Inscriptos;3,63;11,68;Fija;14,31;1235,00;Provincia de Buenos Aires;NO APLICA
29;BANCO DE LA CIUDAD DE BUENOS AIRES;2026-01-23;HIPOTECARIOS UVA PLAN SUELDO;HIPOTECARIO UVA;UVA;300000000;240;682000;12;70;25,00;70,00;Vivienda adicional o 2da vivienda;Personas humanas Responsables Inscriptos;3,63;11,68;Fija;14,31;1235,00;Provincia de Córdoba;NO APLICA
29;BANCO DE LA CIUDAD DE BUENOS AIRES;2026-01-23;HIPOTECARIOS UVA PLAN SUELDO;HIPOTECARIO UVA;UVA;300000000;240;682000;12;70;25,00;70,00;Vivienda propia, única y permanente;Personas humanas Responsables Inscriptos;3,63;10,36;Fija;10,36;957,00;Ciudad Autónoma de Buenos Aires;NO APLICA
29;BANCO DE LA CIUDAD DE BUENOS AIRES;2026-01-23;HIPOTECARIOS UVA PLAN SUELDO;HIPOTECARIO UVA;UVA;300000000;240;682000;12;70;25,00;70,00;Refacción o mejora;Personas humanas Responsables Inscriptos;3,63;10,36;Fija;10,36;957,00;Provincia de Córdoba;NO APLICA
29;BANCO DE LA CIUDAD DE BUENOS AIRES;2026-01-23;HIPOTECARIOS UVA PLAN SUELDO;HIPOTECARIO UVA;UVA;300000000;240;682000;12;70;25,00;70,00;Refacción o mejora;Personas humanas Responsables Inscriptos;3,63;10,36;Fija;10,36;957,00;Ciudad Autónoma de Buenos Aires;NO APLICA
29;BANCO DE LA CIUDAD DE BUENOS AIRES;2026-01-23;HIPOTECARIOS UVA PLAN SUELDO;HIPOTECARIO UVA;UVA;300000000;240;682000;12;70;25,00;70,00;Vivienda propia, única y permanente;Empleados públicos;3,63;10,36;Fija;10,36;957,00;Provincia de Córdoba;NO APLICA
29;BANCO DE LA CIUDAD DE BUENOS AIRES;2026-01-23;HIPOTECARIOS UVA PLAN SUELDO;HIPOTECARIO UVA;UVA;300000000;240;682000;12;70;25,00;70,00;Vivienda adicional o 2da vivienda;Clientes que acrediten sueldos en la entidad;3,63;11,68;Fija;14,31;1235,00;Ciudad Autónoma de Buenos Aires;NO APLICA
29;BANCO DE LA CIUDAD DE BUENOS AIRES;2026-01-23;HIPOTECARIOS UVA PLAN SUELDO;HIPOTECARIO UVA;UVA;300000000;240;682000;12;70;25,00;70,00;Vivienda propia, única y permanente;Clientes que acrediten sueldos en la entidad;3,63;10,36;Fija;10,36;957,00;Ciudad Autónoma de Buenos Aires;NO APLICA
29;BANCO DE LA CIUDAD DE BUENOS AIRES;2026-01-23;HIPOTECARIOS UVA PLAN SUELDO;HIPOTECARIO UVA;UVA;300000000;240;682000;12;70;25,00;70,00;Refacción o mejora;Personas humanas Responsables Inscriptos;3,63;10,36;Fija;10,36;957,00;Provincia de Buenos Aires;NO APLICA
29;BANCO DE LA CIUDAD DE BUENOS AIRES;2026-01-23;HIPOTECARIOS UVA PLAN SUELDO;HIPOTECARIO UVA;UVA;300000000;240;682000;12;70;25,00;70,00;Vivienda adicional o 2da vivienda;Empleados públicos;3,63;11,68;Fija;14,31;1235,00;Provincia de Buenos Aires;NO APLICA
29;BANCO DE LA CIUDAD DE BUENOS AIRES;2026-01-23;HIPOTECARIOS UVA PLAN SUELDO;HIPOTECARIO UVA;UVA;300000000;240;682000;12;70;25,00;70,00;Vivienda propia, única y permanente;Empleados públicos;3,63;10,36;Fija;10,36;957,00;Provincia de Buenos Aires;NO APLICA
29;BANCO DE LA CIUDAD DE BUENOS AIRES;2026-01-23;HIPOTECARIOS UVA PLAN SUELDO;HIPOTECARIO UVA;UVA;300000000;240;682000;12;70;25,00;70,00;Vivienda adicional o 2da vivienda;Empleados públicos;3,63;11,68;Fija;14,31;1235,00;Provincia de Córdoba;NO APLICA
29;BANCO DE LA CIUDAD DE BUENOS AIRES;2026-01-23;HIPOTECARIOS UVA PLAN SUELDO;HIPOTECARIO UVA;UVA;300000000;240;682000;12;70;25,00;70,00;Vivienda propia, única y permanente;Personas humanas Monotributistas;3,63;10,36;Fija;10,36;957,00;Provincia de Buenos Aires;NO APLICA
29;BANCO DE LA CIUDAD DE BUENOS AIRES;2026-01-23;HIPOTECARIOS UVA PLAN SUELDO;HIPOTECARIO UVA;UVA;300000000;240;682000;12;70;25,00;70,00;Vivienda adicional o 2da vivienda;Empleados públicos;3,63;11,68;Fija;14,31;1235,00;Provincia de Mendoza;NO APLICA
29;BANCO DE LA CIUDAD DE BUENOS AIRES;2026-01-23;HIPOTECARIOS UVA PLAN SUELDO;HIPOTECARIO UVA;UVA;300000000;240;682000;12;70;25,00;70,00;Vivienda propia, única y permanente;Clientes que acrediten sueldos en la entidad;3,63;10,36;Fija;10,36;957,00;Provincia de Mendoza;NO APLICA
29;BANCO DE LA CIUDAD DE BUENOS AIRES;2026-01-23;HIPOTECARIOS UVA PLAN SUELDO;HIPOTECARIO UVA;UVA;300000000;240;682000;12;70;25,00;70,00;Refacción o mejora;Empleados públicos;3,63;10,36;Fija;10,36;957,00;Provincia de Buenos Aires;NO APLICA
29;BANCO DE LA CIUDAD DE BUENOS AIRES;2026-01-23;HIPOTECARIOS UVA PLAN SUELDO;HIPOTECARIO UVA;UVA;300000000;240;682000;12;70;25,00;70,00;Refacción o mejora;Personas humanas Monotributistas;3,63;10,36;Fija;10,36;957,00;Provincia de Salta;NO APLICA
29;BANCO DE LA CIUDAD DE BUENOS AIRES;2026-01-23;HIPOTECARIOS UVA PLAN SUELDO;HIPOTECARIO UVA;UVA;300000000;240;682000;12;70;25,00;70,00;Vivienda propia, única y permanente;Personas humanas Responsables Inscriptos;3,63;10,36;Fija;10,36;957,00;Provincia de Salta;NO APLICA
29;BANCO DE LA CIUDAD DE BUENOS AIRES;2026-01-23;HIPOTECARIOS UVA PLAN SUELDO;HIPOTECARIO UVA;UVA;300000000;240;682000;12;70;25,00;70,00;Vivienda propia, única y permanente;Personas humanas Monotributistas;3,63;10,36;Fija;10,36;957,00;Provincia de Salta;NO APLICA
29;BANCO DE LA CIUDAD DE BUENOS AIRES;2026-01-23;HIPOTECARIOS UVA PLAN SUELDO;HIPOTECARIO UVA;UVA;300000000;240;682000;12;70;25,00;70,00;Refacción o mejora;Clientes que acrediten sueldos en la entidad;3,63;10,36;Fija;10,36;957,00;Provincia de Salta;NO APLICA
29;BANCO DE LA CIUDAD DE BUENOS AIRES;2026-01-23;HIPOTECARIOS UVA PLAN SUELDO;HIPOTECARIO UVA;UVA;300000000;240;682000;12;70;25,00;70,00;Vivienda adicional o 2da vivienda;Personas humanas Monotributistas;3,63;11,68;Fija;14,31;1235,00;Provincia de Buenos Aires;NO APLICA
29;BANCO DE LA CIUDAD DE BUENOS AIRES;2026-01-23;HIPOTECARIOS UVA PLAN SUELDO;HIPOTECARIO UVA;UVA;300000000;240;682000;12;70;25,00;70,00;Vivienda propia, única y permanente;Personas humanas Responsables Inscriptos;3,63;10,36;Fija;10,36;957,00;Provincia de Tucumán;NO APLICA
29;BANCO DE LA CIUDAD DE BUENOS AIRES;2026-01-23;HIPOTECARIOS UVA PLAN SUELDO;HIPOTECARIO UVA;UVA;300000000;240;682000;12;70;25,00;70,00;Vivienda adicional o 2da vivienda;Empleados públicos;3,63;11,68;Fija;14,31;1235,00;Provincia de Tucumán;NO APLICA
29;BANCO DE LA CIUDAD DE BUENOS AIRES;2026-01-23;HIPOTECARIOS UVA PLAN SUELDO;HIPOTECARIO UVA;UVA;300000000;240;682000;12;70;25,00;70,00;Vivienda adicional o 2da vivienda;Personas humanas Responsables Inscriptos;3,63;11,68;Fija;14,31;1235,00;Provincia de Salta;NO APLICA
29;BANCO DE LA CIUDAD DE BUENOS AIRES;2026-01-23;HIPOTECARIOS UVA PLAN SUELDO;HIPOTECARIO UVA;UVA;300000000;240;682000;12;70;25,00;70,00;Vivienda adicional o 2da vivienda;Clientes que acrediten sueldos en la entidad;3,63;11,68;Fija;14,31;1235,00;Provincia de Salta;NO APLICA
29;BANCO DE LA CIUDAD DE BUENOS AIRES;2026-01-23;HIPOTECARIOS UVA PLAN SUELDO;HIPOTECARIO UVA;UVA;300000000;240;682000;12;70;25,00;70,00;Vivienda adicional o 2da vivienda;Personas humanas Responsables Inscriptos;3,63;11,68;Fija;14,31;1235,00;Provincia de Tucumán;NO APLICA
29;BANCO DE LA CIUDAD DE BUENOS AIRES;2026-01-23;HIPOTECARIOS UVA PLAN SUELDO;HIPOTECARIO UVA;UVA;300000000;240;682000;12;70;25,00;70,00;Vivienda adicional o 2da vivienda;Personas humanas Monotributistas;3,63;11,68;Fija;14,31;1235,00;Provincia de Tucumán;NO APLICA
29;BANCO DE LA CIUDAD DE BUENOS AIRES;2026-01-23;HIPOTECARIOS UVA PLAN SUELDO;HIPOTECARIO UVA;UVA;300000000;240;682000;12;70;25,00;70,00;Refacción o mejora;Clientes que acrediten sueldos en la entidad;3,63;10,36;Fija;10,36;957,00;Provincia de Tucumán;NO APLICA
29;BANCO DE LA CIUDAD DE BUENOS AIRES;2026-01-23;HIPOTECARIOS UVA PLAN SUELDO;HIPOTECARIO UVA;UVA;300000000;240;682000;12;70;25,00;70,00;Vivienda propia, única y permanente;Clientes que acrediten sueldos en la entidad;3,63;10,36;Fija;10,36;957,00;Provincia de Buenos Aires;NO APLICA
29;BANCO DE LA CIUDAD DE BUENOS AIRES;2026-01-23;HIPOTECARIOS UVA PLAN SUELDO;HIPOTECARIO UVA;UVA;300000000;240;682000;12;70;25,00;70,00;Vivienda propia, única y permanente;Clientes que acrediten sueldos en la entidad;3,63;10,36;Fija;10,36;957,00;Provincia de Tucumán;NO APLICA
29;BANCO DE LA CIUDAD DE BUENOS AIRES;2026-01-23;HIPOTECARIOS UVA PLAN SUELDO;HIPOTECARIO UVA;UVA;300000000;240;682000;12;70;25,00;70,00;Vivienda adicional o 2da vivienda;Empleados públicos;3,63;11,68;Fija;14,31;1235,00;Provincia de Salta;NO APLICA
29;BANCO DE LA CIUDAD DE BUENOS AIRES;2026-01-23;HIPOTECARIOS UVA PLAN SUELDO;HIPOTECARIO UVA;UVA;300000000;240;682000;12;70;25,00;70,00;Refacción o mejora;Empleados públicos;3,63;10,36;Fija;10,36;957,00;Provincia de Salta;NO APLICA
29;BANCO DE LA CIUDAD DE BUENOS AIRES;2026-01-23;HIPOTECARIOS UVA PLAN SUELDO;HIPOTECARIO UVA;UVA;300000000;240;682000;12;70;25,00;70,00;Refacción o mejora;Personas humanas Responsables Inscriptos;3,63;10,36;Fija;10,36;957,00;Provincia de Salta;NO APLICA
29;BANCO DE LA CIUDAD DE BUENOS AIRES;2026-01-23;HIPOTECARIOS UVA PLAN SUELDO;HIPOTECARIO UVA;UVA;300000000;240;682000;12;70;25,00;70,00;Vivienda propia, única y permanente;Clientes que acrediten sueldos en la entidad;3,63;10,36;Fija;10,36;957,00;Provincia de Salta;NO APLICA
29;BANCO DE LA CIUDAD DE BUENOS AIRES;2026-01-23;HIPOTECARIOS UVA PLAN SUELDO;HIPOTECARIO UVA;UVA;300000000;240;682000;12;70;25,00;70,00;Refacción o mejora;Personas humanas Responsables Inscriptos;3,63;10,36;Fija;10,36;957,00;Provincia de Tucumán;NO APLICA
29;BANCO DE LA CIUDAD DE BUENOS AIRES;2026-01-23;HIPOTECARIOS UVA PLAN SUELDO;HIPOTECARIO UVA;UVA;300000000;240;682000;12;70;25,00;70,00;Refacción o mejora;Personas humanas Monotributistas;3,63;10,36;Fija;10,36;957,00;Provincia de Tucumán;NO APLICA
29;BANCO DE LA CIUDAD DE BUENOS AIRES;2026-01-23;HIPOTECARIOS UVA PLAN SUELDO;HIPOTECARIO UVA;UVA;300000000;240;682000;12;70;25,00;70,00;Vivienda adicional o 2da vivienda;Clientes que acrediten sueldos en la entidad;3,63;11,68;Fija;14,31;1235,00;Provincia de Buenos Aires;NO APLICA
29;BANCO DE LA CIUDAD DE BUENOS AIRES;2026-01-23;HIPOTECARIOS UVA PLAN SUELDO;HIPOTECARIO UVA;UVA;300000000;240;682000;12;70;25,00;70,00;Vivienda propia, única y permanente;Personas humanas Responsables Inscriptos;3,63;10,36;Fija;10,36;957,00;Provincia de Mendoza;NO APLICA
29;BANCO DE LA CIUDAD DE BUENOS AIRES;2026-01-23;HIPOTECARIOS UVA PLAN SUELDO;HIPOTECARIO UVA;UVA;300000000;240;682000;12;70;25,00;70,00;Refacción o mejora;Personas humanas Monotributistas;3,63;10,36;Fija;10,36;957,00;Provincia de Mendoza;NO APLICA
29;BANCO DE LA CIUDAD DE BUENOS AIRES;2026-01-23;HIPOTECARIOS UVA PLAN SUELDO;HIPOTECARIO UVA;UVA;300000000;240;682000;12;70;25,00;70,00;Refacción o mejora;Personas humanas Responsables Inscriptos;3,63;10,36;Fija;10,36;957,00;Provincia de Mendoza;NO APLICA
29;BANCO DE LA CIUDAD DE BUENOS AIRES;2026-01-23;HIPOTECARIOS UVA PLAN SUELDO;HIPOTECARIO UVA;UVA;300000000;240;682000;12;70;25,00;70,00;Vivienda adicional o 2da vivienda;Clientes que acrediten sueldos en la entidad;3,63;11,68;Fija;14,31;1235,00;Provincia de Mendoza;NO APLICA
29;BANCO DE LA CIUDAD DE BUENOS AIRES;2026-01-23;HIPOTECARIOS UVA PLAN SUELDO;HIPOTECARIO UVA;UVA;300000000;240;682000;12;70;25,00;70,00;Vivienda propia, única y permanente;Empleados públicos;3,63;10,36;Fija;10,36;957,00;Provincia de Mendoza;NO APLICA
29;BANCO DE LA CIUDAD DE BUENOS AIRES;2026-01-23;HIPOTECARIOS UVA PLAN SUELDO;HIPOTECARIO UVA;UVA;300000000;240;682000;12;70;25,00;70,00;Vivienda propia, única y permanente;Personas humanas Monotributistas;3,63;10,36;Fija;10,36;957,00;Provincia de Mendoza;NO APLICA
29;BANCO DE LA CIUDAD DE BUENOS AIRES;2026-01-23;HIPOTECARIOS UVA PLAN SUELDO;HIPOTECARIO UVA;UVA;300000000;240;682000;12;70;25,00;70,00;Vivienda adicional o 2da vivienda;Personas humanas Monotributistas;3,63;11,68;Fija;14,31;1235,00;Provincia de Mendoza;NO APLICA
29;BANCO DE LA CIUDAD DE BUENOS AIRES;2026-01-23;HIPOTECARIOS UVA PLAN SUELDO;HIPOTECARIO UVA;UVA;300000000;240;682000;12;70;25,00;70,00;Vivienda adicional o 2da vivienda;Clientes que acrediten sueldos en la entidad;3,63;11,68;Fija;14,31;1235,00;Provincia de Tucumán;NO APLICA
29;BANCO DE LA CIUDAD DE BUENOS AIRES;2026-01-23;HIPOTECARIOS UVA PLAN SUELDO;HIPOTECARIO UVA;UVA;300000000;240;682000;12;70;25,00;70,00;Vivienda adicional o 2da vivienda;Personas humanas Responsables Inscriptos;3,63;11,68;Fija;14,31;1235,00;Provincia de Mendoza;NO APLICA
29;BANCO DE LA CIUDAD DE BUENOS AIRES;2026-01-23;HIPOTECARIOS UVA PLAN SUELDO;HIPOTECARIO UVA;UVA;300000000;240;682000;12;70;25,00;70,00;Refacción o mejora;Personas humanas Monotributistas;3,63;10,36;Fija;10,36;957,00;Provincia de Buenos Aires;NO APLICA
29;BANCO DE LA CIUDAD DE BUENOS AIRES;2026-01-23;HIPOTECARIOS UVA PLAN SUELDO;HIPOTECARIO UVA;UVA;300000000;240;682000;12;70;25,00;70,00;Vivienda propia, única y permanente;Empleados públicos;3,63;10,36;Fija;10,36;957,00;Provincia de Salta;NO APLICA
29;BANCO DE LA CIUDAD DE BUENOS AIRES;2026-01-23;HIPOTECARIOS UVA PLAN SUELDO;HIPOTECARIO UVA;UVA;300000000;240;682000;12;70;25,00;70,00;Vivienda propia, única y permanente;Empleados públicos;3,63;10,36;Fija;10,36;957,00;Provincia de Tucumán;NO APLICA
29;BANCO DE LA CIUDAD DE BUENOS AIRES;2026-01-23;HIPOTECARIOS UVA PLAN SUELDO;HIPOTECARIO UVA;UVA;300000000;240;682000;12;70;25,00;70,00;Refacción o mejora;Clientes que acrediten sueldos en la entidad;3,63;10,36;Fija;10,36;957,00;Provincia de Buenos Aires;NO APLICA
29;BANCO DE LA CIUDAD DE BUENOS AIRES;2026-01-23;HIPOTECARIOS UVA PLAN SUELDO;HIPOTECARIO UVA;UVA;300000000;240;682000;12;70;25,00;70,00;Refacción o mejora;Clientes que acrediten sueldos en la entidad;3,63;10,36;Fija;10,36;957,00;Provincia de Mendoza;NO APLICA
29;BANCO DE LA CIUDAD DE BUENOS AIRES;2026-01-23;HIPOTECARIOS UVA PLAN SUELDO;HIPOTECARIO UVA;UVA;300000000;240;682000;12;70;25,00;70,00;Vivienda adicional o 2da vivienda;Personas humanas Monotributistas;3,63;11,68;Fija;14,31;1235,00;Provincia de Salta;NO APLICA
29;BANCO DE LA CIUDAD DE BUENOS AIRES;2026-01-23;HIPOTECARIOS UVA PLAN SUELDO;HIPOTECARIO UVA;UVA;300000000;240;682000;12;70;25,00;70,00;Vivienda propia, única y permanente;Personas humanas Monotributistas;3,63;10,36;Fija;10,36;957,00;Ciudad Autónoma de Buenos Aires;NO APLICA
29;BANCO DE LA CIUDAD DE BUENOS AIRES;2026-01-23;HIPOTECARIOS UVA PLAN SUELDO;HIPOTECARIO UVA;UVA;300000000;240;682000;12;70;25,00;70,00;Refacción o mejora;Clientes que acrediten sueldos en la entidad;3,63;10,36;Fija;10,36;957,00;Provincia de Córdoba;NO APLICA
29;BANCO DE LA CIUDAD DE BUENOS AIRES;2026-01-23;HIPOTECARIOS UVA PLAN SUELDO;HIPOTECARIO UVA;UVA;300000000;240;682000;12;70;25,00;70,00;Refacción o mejora;Empleados públicos;3,63;10,36;Fija;10,36;957,00;Provincia de Córdoba;NO APLICA
29;BANCO DE LA CIUDAD DE BUENOS AIRES;2026-01-23;HIPOTECARIOS UVA PLAN SUELDO;HIPOTECARIO UVA;UVA;300000000;240;682000;12;70;25,00;70,00;Vivienda adicional o 2da vivienda;Personas humanas Monotributistas;3,63;11,68;Fija;14,31;1235,00;Ciudad Autónoma de Buenos Aires;NO APLICA
29;BANCO DE LA CIUDAD DE BUENOS AIRES;2026-01-23;HIPOTECARIOS UVA PLAN SUELDO;HIPOTECARIO UVA;UVA;300000000;240;682000;12;70;25,00;70,00;Refacción o mejora;Personas humanas Monotributistas;3,63;10,36;Fija;10,36;957,00;Ciudad Autónoma de Buenos Aires;NO APLICA
29;BANCO DE LA CIUDAD DE BUENOS AIRES;2026-01-23;HIPOTECARIOS UVA PLAN SUELDO;HIPOTECARIO UVA;UVA;300000000;240;682000;12;70;25,00;70,00;Vivienda adicional o 2da vivienda;Empleados públicos;3,63;11,68;Fija;14,31;1235,00;Ciudad Autónoma de Buenos Aires;NO APLICA
29;BANCO DE LA CIUDAD DE BUENOS AIRES;2026-01-23;HIPOTECARIOS UVA PLAN SUELDO;HIPOTECARIO UVA;UVA;300000000;240;682000;12;70;25,00;70,00;Vivienda adicional o 2da vivienda;Clientes que acrediten sueldos en la entidad;3,63;11,68;Fija;14,31;1235,00;Provincia de Córdoba;NO APLICA
29;BANCO DE LA CIUDAD DE BUENOS AIRES;2026-01-23;HIPOTECARIOS UVA PLAN SUELDO;HIPOTECARIO UVA;UVA;300000000;240;682000;12;70;25,00;70,00;Vivienda adicional o 2da vivienda;Personas humanas Responsables Inscriptos;3,63;11,68;Fija;14,31;1235,00;Ciudad Autónoma de Buenos Aires;NO APLICA
29;BANCO DE LA CIUDAD DE BUENOS AIRES;2026-01-23;HIPOTECARIOS UVA PLAN SUELDO;HIPOTECARIO UVA;UVA;300000000;240;682000;12;70;25,00;70,00;Refacción o mejora;Empleados públicos;3,63;10,36;Fija;10,36;957,00;Ciudad Autónoma de Buenos Aires;NO APLICA
34;BANCO PATAGONIA S.A.;2026-03-04;PRESTAMOS HIPOTECARIOS UVA;PHUVA;UVA;140000000;360;999999;12;74;25,00;75,00;Vivienda propia, única y permanente;Clientes que acrediten sueldos en la entidad;2,00;13,24;Fija;13,24;1089,00;Todo el territorio nacional;DE ACUERDO A LA JURISDICCION DE RADICACION DE LA CUENTA, ES SUSCEPTIBLE DE SER ALCANZADO POR IMPUESTOS PROVINCIALES.LA CUOTA NO INCLUYE SEGURO DE INCENDIO NI IVA.OFERTA EXLUSIVA PARA CLIENTES QUE ACREDITEN SU SUELDO EN BP
34;BANCO PATAGONIA S.A.;2026-03-04;PRESTAMOS HIPOTECARIOS UVA;PHUVA;UVA;140000000;360;999999;12;74;25,00;25,00;Refacción o mejora;Clientes que acrediten sueldos en la entidad;2,00;13,24;Fija;13,24;1089,00;Todo el territorio nacional;DE ACUERDO A LA JURISDICCION DE RADICACION DE LA CUENTA, ES SUSCEPTIBLE DE SER ALCANZADO POR IMPUESTOS PROVINCIALES.LA CUOTA NO INCLUYE SEGURO DE INCENDIO NI IVA.OFERTA EXLUSIVA PARA CLIENTES QUE ACREDITEN SU SUELDO EN BP
34;BANCO PATAGONIA S.A.;2026-03-04;PRESTAMOS HIPOTECARIOS UVA;PHUVA;UVA;140000000;360;999999;12;74;25,00;75,00;Vivienda adicional o 2da vivienda;Clientes que acrediten sueldos en la entidad;2,00;13,24;Fija;13,24;1089,00;Todo el territorio nacional;DE ACUERDO A LA JURISDICCION DE RADICACION DE LA CUENTA, ES SUSCEPTIBLE DE SER ALCANZADO POR IMPUESTOS PROVINCIALES.LA CUOTA NO INCLUYE SEGURO DE INCENDIO NI IVA.OFERTA EXLUSIVA PARA CLIENTES QUE ACREDITEN SU SUELDO EN BP
44;BANCO HIPOTECARIO S.A.;2026-03-17;PRESTAMO HIPOTECARIO CONSTRUCCION AJUSTABLE UVA;HICONSUVI;UVA;250000000;180;346800;12;64;25,00;80,00;Vivienda adicional o 2da vivienda;Clientes que acrediten sueldos en la entidad;3,00;13,24;Fija;16,55;1545,00;Todo el territorio nacional;LOS PRESTAMOS SE AJUSTAN POR EL VALOR DE LA UVA QUE INFORMA EL BCRA DIARIAMENTE. SI EN CUALQUIER MOMENTO DURANTE LA VIGENCIA DEL CREDITO, EL DEUDOR (O CUALQUIERA DE LOS CODEUDORES EN CASO DE TRATARSE DE MAS DE UN DEUDOR) DEJARA DE ACREDITAR  SUS HABERES EN UNA CUENTA ABIERTA EN BH S.A, A PARTIR DE ESE MOMENTO  LA TASA DE INTERES  SE INCREMENTARA  EN 4 PUNTOS PORCENTUALES. A MODO DE EJEMPLO , SI LA TASA FUERA DEL 12.50 PORCIENTO NOMINAL ANUAL, PASARA A SER DEL 16.50  PORCIENTO NOMINAL ANUAL A PARTIR DE ESE MOMENTO EN EL QUE EL DEUDOR INTERRUMPA LA ACREDITACION  DE HABERES EN EL BANCO HIPOTECARIO S.A
44;BANCO HIPOTECARIO S.A.;2026-03-17;PRESTAMO HIPOTECARIO AMPLIACION TERMINACION AJUSTABLE UVA;HIPOUVI;UVA;250000000;180;346800;12;64;25,00;80,00;Vivienda adicional o 2da vivienda;Clientes que acrediten sueldos en la entidad;3,00;13,24;Fija;16,44;1464,00;Todo el territorio nacional;LOS PRESTAMOS SE AJUSTAN POR EL VALOR DE LA UVA, QUE INFORMA EL BCRA DIARIAMENTE. AMPLIACION HASTA 35 PORCIENTO DEL VALOR ACTUAL DE LA GARANTIA. TERMINACION HASTA EL 50 PORCIENTO DEL PRESUPUESTO DE OBRA RESTANTE.  SI EN CUALQUIER MOMENTO DURANTE LA VIGENCIA DEL CREDITO, EL DEUDOR (O CUALQUIERA DE LOS CODEUDORES EN CASO DE TRATARSE DE MAS DE UN DEUDOR) DEJARA DE ACREDITAR  SUS HABERES EN UNA CUENTA ABIERTA EN BH S.A, A PARTIR DE ESE MOMENTO  LA TASA DE INTERES  SE INCREMENTARA  EN 4 PUNTOS PORCENTUALES.A MODO DE EJEMPLO , SI LA TASA FUERA DEL 12.50 PORCIENTO NOMINAL ANUAL, PASARA A SER DEL 16.50  PORCIENTO NOMINAL ANUAL A PARTIR DE ESE MOMENTO EN EL QUE EL DEUDOR INTERRUMPA LA ACREDITACION  DE HABERES EN EL BANCO HIPOTECARIO S.A
44;BANCO HIPOTECARIO S.A.;2026-03-17;PRESTAMO HIPOTECARIO AMPLIACION TERMINACION AJUSTABLE UVA;HIPOUVI;UVA;250000000;180;346800;12;64;25,00;80,00;Vivienda propia, única y permanente;Clientes que acrediten sueldos en la entidad;3,00;13,24;Fija;13,46;1245,00;Todo el territorio nacional;LOS PRESTAMOS SE AJUSTAN POR EL VALOR DE LA UVA, QUE INFORMA EL BCRA DIARIAMENTE. AMPLIACION HASTA 35 PORCIENTO DEL VALOR ACTUAL DE LA GARANTIA. TERMINACION HASTA EL 50 PORCIENTO DEL PRESUPUESTO DE OBRA RESTANTE. SI EN CUALQUIER MOMENTO DURANTE LA VIGENCIA DEL CREDITO, EL DEUDOR (O CUALQUIERA DE LOS CODEUDORES EN CASO DE TRATARSE DE MAS DE UN DEUDOR) DEJARA DE ACREDITAR  SUS HABERES EN UNA CUENTA ABIERTA EN BH S.A, A PARTIR DE ESE MOMENTO  LA TASA DE INTERES  SE INCREMENTARA  EN 4 PUNTOS PORCENTUALES. A MODO DE EJEMPLO , SI LA TASA FUERA DEL 12.50 PORCIENTO NOMINAL ANUAL, PASARA A SER DEL 16.50  PORCIENTO NOMINAL ANUAL A PARTIR DE ESE MOMENTO EN EL QUE EL DEUDOR INTERRUMPA LA ACREDITACION  DE HABERES EN EL BANCO HIPOTECARIO S.A
44;BANCO HIPOTECARIO S.A.;2026-03-17;PRESTAMO HIPOTECARIO ADQUISICION AJUSTABLE UVA;HIPOUVI;UVA;250000000;180;346800;12;64;25,00;80,00;Vivienda propia, única y permanente;Clientes que acrediten sueldos en la entidad;3,00;13,24;Fija;13,46;1245,00;Todo el territorio nacional;LOS PRESTAMOS SE AJUSTAN POR EL VALOR DE LA UVA QUE INFORMA EL BCRA DIARIAMENTE. SI EN CUALQUIER MOMENTO DURANTE LA VIGENCIA DEL CREDITO, EL DEUDOR (O CUALQUIERA DE LOS CODEUDORES EN CASO DE TRATARSE DE MAS DE UN DEUDOR) DEJARA DE ACREDITAR  SUS HABERES EN UNA CUENTA ABIERTA EN BH S.A, A PARTIR DE ESE MOMENTO  LA TASA DE INTERES  SE INCREMENTARA  EN 4 PUNTOS PORCENTUALES. A MODO DE EJEMPLO , SI LA TASA FUERA DEL 12.50 PORCIENTO NOMINAL ANUAL, PASARA A SER DEL 16.50  PORCIENTO NOMINAL ANUAL A PARTIR DE ESE MOMENTO EN EL QUE EL DEUDOR INTERRUMPA LA ACREDITACION  DE HABERES EN EL BANCO HIPOTECARIO S.A
44;BANCO HIPOTECARIO S.A.;2026-03-17;PRESTAMO HIPOTECARIO CONSTRUCCION AJUSTABLE UVA;HICONSUVI;UVA;250000000;180;346800;12;64;25,00;80,00;Construcción;Clientes que acrediten sueldos en la entidad;3,00;13,24;Fija;13,57;1315,00;Todo el territorio nacional;LOS PRESTAMOS SE AJUSTAN POR EL VALOR DE LA UVA QUE INFORMA EL BCRA DIARIAMENTE.  SI EN CUALQUIER MOMENTO DURANTE LA VIGENCIA DEL CREDITO, EL DEUDOR (O CUALQUIERA DE LOS CODEUDORES EN CASO DE TRATARSE DE MAS DE UN DEUDOR) DEJARA DE ACREDITAR  SUS HABERES EN UNA CUENTA ABIERTA EN BH S.A, A PARTIR DE ESE MOMENTO  LA TASA DE INTERES  SE INCREMENTARA  EN 4 PUNTOS PORCENTUALES. A MODO DE EJEMPLO , SI LA TASA FUERA DEL 12.50 PORCIENTO NOMINAL ANUAL, PASARA A SER DEL 16.50  PORCIENTO NOMINAL ANUAL A PARTIR DE ESE MOMENTO EN EL QUE EL DEUDOR INTERRUMPA LA ACREDITACION  DE HABERES EN EL BANCO HIPOTECARIO S.A
44;BANCO HIPOTECARIO S.A.;2026-03-17;PRESTAMO HIPOTECARIO ADQUISICION AJUSTABLE UVA;HIPOUVI;UVA;250000000;180;346800;12;64;25,00;80,00;Vivienda adicional o 2da vivienda;Clientes que acrediten sueldos en la entidad;3,00;13,24;Fija;16,44;1464,00;Todo el territorio nacional;LOS PRESTAMOS SE AJUSTAN POR EL VALOR DE LA UVA QUE INFORMA EL BCRA DIARIAMENTE.  SI EN CUALQUIER MOMENTO DURANTE LA VIGENCIA DEL CREDITO, EL DEUDOR (O CUALQUIERA DE LOS CODEUDORES EN CASO DE TRATARSE DE MAS DE UN DEUDOR) DEJARA DE ACREDITAR  SUS HABERES EN UNA CUENTA ABIERTA EN BH S.A, A PARTIR DE ESE MOMENTO  LA TASA DE INTERES  SE INCREMENTARA  EN 4 PUNTOS PORCENTUALES. A MODO DE EJEMPLO , SI LA TASA FUERA DEL 12.50 PORCIENTO NOMINAL ANUAL, PASARA A SER DEL 16.50  PORCIENTO NOMINAL ANUAL A PARTIR DE ESE MOMENTO EN EL QUE EL DEUDOR INTERRUMPA LA ACREDITACION  DE HABERES EN EL BANCO HIPOTECARIO S.A
45;BANCO DE SAN JUAN S.A.;2026-03-19;PRESTAMOS HIPOTECARIOS UVA PARA EMPLEADOS PUBLICOS PROVINCIALES;HIPOTECARIOS - UVA;UVA;335970000;240;1000000;12;70;30,00;70,00;Vivienda propia, única y permanente;Empleados públicos;3,63;12,68;Fija;12,97;11189,00;Provincia de Mendoza;LA COMISION POR CANCELACION ANTICIPADA PARA PRESTAMOS BANCA CONSUMO NO ES DE APLICACION CUANDO SE TRATE DE CANCELACIONES TOTALES Y AL MOMENTO DE EFECTUARLA HUBIERAN TRANSCURRIDO, AL MENOS, LA CUARTA PARTE DEL PLAZO ORIGINAL DE SU OTORGAMIENTO, DE AMBOS EL MAYOR. EL CFT EXPRESADO EN TEA INCLUYE EL IVA Y EL IMPUESTO DE SELLOS DE LA PROVINCIA DE SAN JUAN.
45;BANCO DE SAN JUAN S.A.;2026-03-19;PRESTAMOS HIPOTECARIOS UVA PARA EMPLEADOS PUBLICOS PROVINCIALES;HIPOTECARIOS - UVA;UVA;335970000;240;1000000;12;70;30,00;70,00;Vivienda propia, única y permanente;Empleados públicos;3,63;12,68;Fija;12,97;11189,00;Provincia de San Juan;LA COMISION POR CANCELACION ANTICIPADA PARA PRESTAMOS BANCA CONSUMO NO ES DE APLICACION CUANDO SE TRATE DE CANCELACIONES TOTALES Y AL MOMENTO DE EFECTUARLA HUBIERAN TRANSCURRIDO, AL MENOS, LA CUARTA PARTE DEL PLAZO ORIGINAL DE SU OTORGAMIENTO, DE AMBOS EL MAYOR. EL CFT EXPRESADO EN TEA INCLUYE EL IVA Y EL IMPUESTO DE SELLOS DE LA PROVINCIA DE SAN JUAN.
45;BANCO DE SAN JUAN S.A.;2026-03-19;PRESTAMOS HIPOTECARIOS UVA PARA EMPLEADOS PUBLICOS PROVINCIALES;HIPOTECARIOS - UVA;UVA;335970000;240;1000000;12;70;30,00;70,00;Vivienda propia, única y permanente;Empleados públicos;3,63;12,68;Fija;12,97;11189,00;Ciudad Autónoma de Buenos Aires;LA COMISION POR CANCELACION ANTICIPADA PARA PRESTAMOS BANCA CONSUMO NO ES DE APLICACION CUANDO SE TRATE DE CANCELACIONES TOTALES Y AL MOMENTO DE EFECTUARLA HUBIERAN TRANSCURRIDO, AL MENOS, LA CUARTA PARTE DEL PLAZO ORIGINAL DE SU OTORGAMIENTO, DE AMBOS EL MAYOR. EL CFT EXPRESADO EN TEA INCLUYE EL IVA Y EL IMPUESTO DE SELLOS DE LA PROVINCIA DE SAN JUAN.
65;BANCO MUNICIPAL DE ROSARIO;2026-03-30;CREDITOS HIPOTECARIOS CLIENTELA GENERAL  VIVIENDA PERMANENTE;CREDITO HIPOTECARIO;UVA;100000000;240;704800;12;65;25,00;75,00;Vivienda propia, única y permanente;Personas humanas en relación de dependencia;2,42;4,28;Fija;4,28;9715,00;Provincia de Santa Fe;CAPITAL AJUSTADO POR UVA Y TASA DE INTERES BANCARIZADOS 3 POR CIENTO TNA CLIENTELA GENERAL 4,2 POR CIENTO TNA
65;BANCO MUNICIPAL DE ROSARIO;2026-03-30;CREDITOS HIPOTECARIOS CLIENTELA GENERAL  VIVIENDA PERMANENTE;CREDITO HIPOTECARIO;UVA;100000000;240;704800;12;65;25,00;75,00;Vivienda propia, única y permanente;Personas humanas Monotributistas;2,42;4,28;Fija;4,28;9715,00;Provincia de Santa Fe;CAPITAL AJUSTADO POR UVA Y TASA DE INTERES BANCARIZADOS 3 POR CIENTO TNA CLIENTELA GENERAL 4,2 POR CIENTO TNA
65;BANCO MUNICIPAL DE ROSARIO;2026-03-30;CREDITOS HIPOTECARIOS CLIENTELA GENERAL  VIVIENDA PERMANENTE;CREDITO HIPOTECARIO;UVA;100000000;240;704800;12;65;25,00;75,00;Vivienda propia, única y permanente;Clientes con cuenta en la entidad;2,42;4,28;Fija;4,28;9715,00;Provincia de Santa Fe;CAPITAL AJUSTADO POR UVA Y TASA DE INTERES BANCARIZADOS 3 POR CIENTO TNA CLIENTELA GENERAL 4,2 POR CIENTO TNA
65;BANCO MUNICIPAL DE ROSARIO;2026-03-30;CREDITOS HIPOTECARIOS CLIENTELA GENERAL  VIVIENDA PERMANENTE;CREDITO HIPOTECARIO;UVA;100000000;240;704800;12;65;25,00;75,00;Vivienda propia, única y permanente;Empleados públicos;2,42;4,28;Fija;4,28;9715,00;Provincia de Santa Fe;CAPITAL AJUSTADO POR UVA Y TASA DE INTERES BANCARIZADOS 3 POR CIENTO TNA CLIENTELA GENERAL 4,2 POR CIENTO TNA
65;BANCO MUNICIPAL DE ROSARIO;2026-03-30;CREDITOS HIPOTECARIOS CLIENTELA GENERAL  VIVIENDA PERMANENTE;CREDITO HIPOTECARIO;UVA;100000000;240;704800;12;65;25,00;75,00;Vivienda propia, única y permanente;Personas humanas Responsables Inscriptos;2,42;4,28;Fija;4,28;9715,00;Provincia de Santa Fe;CAPITAL AJUSTADO POR UVA Y TASA DE INTERES BANCARIZADOS 3 POR CIENTO TNA CLIENTELA GENERAL 4,2 POR CIENTO TNA
72;BANCO SANTANDER ARGENTINA S.A.;2026-02-23;SUPER PRESTAMO HIPOTECARIO UVAS;SUPER PRESTAMO UVAS;UVA;999999999;240;2240000;12;70;25,00;50,00;Vivienda adicional o 2da vivienda;Clientes que acrediten sueldos en la entidad;3,00;9,92;Fija;12,52;23068,00;Todo el territorio nacional;LA CUOTA INFORMADA CADA 1000000 PESOS INCLUYE CARGO POR SEGURO DE INCENDIO EL CUAL SE ELEVA A 12083,33
72;BANCO SANTANDER ARGENTINA S.A.;2026-02-23;SUPER PRESTAMO HIPOTECARIO UVAS;SUPER PRESTAMO UVAS;UVA;999999999;240;2240000;12;70;25,00;70,00;Vivienda propia, única y permanente;Clientes que acrediten sueldos en la entidad;3,00;9,92;Fija;10,21;17953,00;Todo el territorio nacional;LA CUOTA INFORMADA CADA 1000000 PESOS INCLUYE CARGO POR SEGURO DE INCENDIO EL CUAL SE ELEVA A 8631,13
83;BANCO DEL CHUBUT S.A.;2025-09-26;PRESTAMOS HIPOTECARIOS UVA;RE 266 K BIS;Pesos;180000000;180;0;12;65;30,00;75,00;Vivienda propia, única y permanente;Clientes que acrediten sueldos en la entidad;3,63;10,47;Fija;10,47;9730,00;Provincia del Chubut;COMISION APLICABLE CUANDO NO HAYA TRANSCURRIDO AL MENOS LA CUARTA PARTE DE LA FINANCIACION  O 180 DIAS  CORRIDOS DE SU OTORGAMIENTO DE AMBOS EL MAYOR
86;BANCO DE SANTA CRUZ S.A.;2026-03-27;PRESTAMOS HIPOTECARIOS UVA;HIPOTECARIOS - UVA;UVA;335970000;240;1000000;12;70;30,00;70,00;Vivienda propia, única y permanente;Empleados públicos;3,63;14,36;Fija;14,36;12228,00;Provincia de Santa Cruz;
94;BANCO DE CORRIENTES S.A.;2026-04-17;LINEA DE ASISTENCIA HIPOTEACARIA PARA ADQUISICION AMPLIACION Y CONSTRUCCION DE VIVIENDAS UVAS;HIPOTECARIOS-UVAS;UVA;9999999999;180;20000;12;75;20,00;75,00;Vivienda propia, única y permanente;Clientes que acrediten sueldos en la entidad;3,00;10,36;Fija;12,85;10685,00;Todo el territorio nacional;MONTO MAXIMO OTORGABLE ES EL SETENTA Y CINCO POR CIENTO DEL VALOR DE LA PROPIEDAD.
97;BANCO PROVINCIA DEL NEUQUÉN SOCIEDAD ANÓNIMA;2025-12-16;D80 PRESTAMOS HIPOTECARIOS PARA CONSTRUCCION Y/O MEJORA DE VIVIENDA UNICA MONOTRIBUTISTAS;D80;UVA;150000000;240;334800;12;65;30,00;99,99;Vivienda propia, única y permanente;Personas humanas Monotributistas;4,79;9,93;Fija;9,93;9237,00;Provincia del Neuquén;TRANSCURRIDOS 180 DIAS CORRIDOS O UN CUARTO DEL PLAZO DEL PRESTAMO, DE AMBOS EL MAYOR, NO SE PERCIBIRA CARGO POR CANCELACION TOTAL ANTICIPADA
97;BANCO PROVINCIA DEL NEUQUÉN SOCIEDAD ANÓNIMA;2025-12-16;D80 PRESTAMOS HIPOTECARIOS PARA LA COMPRA DE VIVIENDA UNICA CON ACREDITACION DE HABERES;D80;UVA;75000000;240;334800;12;65;30,00;80,00;Vivienda propia, única y permanente;Clientes que acrediten sueldos en la entidad;4,79;3,56;Fija;3,56;5775,00;Provincia del Neuquén;TRANSCURRIDOS 180 DIAS CORRIDOS O UN CUARTO DEL PLAZO DEL PRESTAMO, DE AMBOS EL MAYOR, NO SE PERCIBIRA CARGO POR CANCELACION TOTAL ANTICIPADA
97;BANCO PROVINCIA DEL NEUQUÉN SOCIEDAD ANÓNIMA;2025-12-16;D80 PRESTAMOS HIPOTECARIOS PARA CONSTRUCCION Y/O MEJORA DE VIVIENDA UNICA CON ACREDITACION DE HABERES;D80;UVA;150000000;240;334800;12;65;30,00;99,99;Vivienda propia, única y permanente;Clientes que acrediten sueldos en la entidad;4,79;8,84;Fija;8,84;8605,00;Provincia del Neuquén;TRANSCURRIDOS 180 DIAS CORRIDOS O UN CUARTO DEL PLAZO DEL PRESTAMO, DE AMBOS EL MAYOR, NO SE PERCIBIRA CARGO POR CANCELACION TOTAL ANTICIPADA
97;BANCO PROVINCIA DEL NEUQUÉN SOCIEDAD ANÓNIMA;2025-12-16;D80 PRESTAMOS HIPOTECARIOS PARA CONSTRUCCION Y/O MEJORA DE VIVIENDA UNICA RESPONSABLES INSCRIPTOS;D80;UVA;75000000;240;334800;12;65;30,00;99,99;Vivienda propia, única y permanente;Personas humanas Responsables Inscriptos;4,79;4,59;Fija;4,59;6294,00;Provincia del Neuquén;TRANSCURRIDOS 180 DIAS CORRIDOS O UN CUARTO DEL PLAZO DEL PRESTAMO, DE AMBOS EL MAYOR, NO SE PERCIBIRA CARGO POR CANCELACION TOTAL ANTICIPADA
97;BANCO PROVINCIA DEL NEUQUÉN SOCIEDAD ANÓNIMA;2025-12-16;D80 PRESTAMOS HIPOTECARIOS PARA CONSTRUCCION Y/O MEJORA DE VIVIENDA UNICA MONOTRIBUTISTAS;D80;UVA;75000000;240;334800;12;65;30,00;99,99;Vivienda propia, única y permanente;Personas humanas Monotributistas;4,79;4,59;Fija;4,59;6294,00;Provincia del Neuquén;TRANSCURRIDOS 180 DIAS CORRIDOS O UN CUARTO DEL PLAZO DEL PRESTAMO, DE AMBOS EL MAYOR, NO SE PERCIBIRA CARGO POR CANCELACION TOTAL ANTICIPADA
97;BANCO PROVINCIA DEL NEUQUÉN SOCIEDAD ANÓNIMA;2025-12-16;D80 PRESTAMOS HIPOTECARIOS PARA CONSTRUCCION Y/O MEJORA DE VIVIENDA UNICA CON ACREDITACION DE HABERES;D80;UVA;75000000;240;334800;12;65;30,00;99,99;Vivienda propia, única y permanente;Clientes que acrediten sueldos en la entidad;4,79;3,56;Fija;3,56;5775,00;Provincia del Neuquén;TRANSCURRIDOS 180 DIAS CORRIDOS O UN CUARTO DEL PLAZO DEL PRESTAMO, DE AMBOS EL MAYOR, NO SE PERCIBIRA CARGO POR CANCELACION TOTAL ANTICIPADA
97;BANCO PROVINCIA DEL NEUQUÉN SOCIEDAD ANÓNIMA;2025-12-16;D80 PRESTAMOS HIPOTECARIOS PARA LA COMPRA DE VIVIENDA UNICA MONOTRIBUTISTAS;D80;UVA;75000000;240;334800;12;65;30,00;80,00;Vivienda propia, única y permanente;Personas humanas Monotributistas;4,79;4,59;Fija;4,59;6294,00;Provincia del Neuquén;TRANSCURRIDOS 180 DIAS CORRIDOS O UN CUARTO DEL PLAZO DEL PRESTAMO, DE AMBOS EL MAYOR, NO SE PERCIBIRA CARGO POR CANCELACION TOTAL ANTICIPADA
97;BANCO PROVINCIA DEL NEUQUÉN SOCIEDAD ANÓNIMA;2025-12-16;D80 PRESTAMOS HIPOTECARIOS PARA LA COMPRA DE VIVIENDA UNICA MONOTRIBUTISTAS;D80;UVA;150000000;240;334800;12;65;30,00;80,00;Vivienda propia, única y permanente;Personas humanas Monotributistas;4,79;9,93;Fija;9,93;9237,00;Provincia del Neuquén;TRANSCURRIDOS 180 DIAS CORRIDOS O UN CUARTO DEL PLAZO DEL PRESTAMO, DE AMBOS EL MAYOR, NO SE PERCIBIRA CARGO POR CANCELACION TOTAL ANTICIPADA
97;BANCO PROVINCIA DEL NEUQUÉN SOCIEDAD ANÓNIMA;2025-12-16;D80 PRESTAMOS HIPOTECARIOS PARA LA COMPRA DE VIVIENDA UNICA RESPONSABLES INSCRIPTOS;D80;UVA;75000000;240;334800;12;65;30,00;80,00;Vivienda propia, única y permanente;Personas humanas Responsables Inscriptos;4,79;4,59;Fija;4,59;6294,00;Provincia del Neuquén;TRANSCURRIDOS 180 DIAS CORRIDOS O UN CUARTO DEL PLAZO DEL PRESTAMO, DE AMBOS EL MAYOR, NO SE PERCIBIRA CARGO POR CANCELACION TOTAL ANTICIPADA
97;BANCO PROVINCIA DEL NEUQUÉN SOCIEDAD ANÓNIMA;2025-12-16;D80 PRESTAMOS HIPOTECARIOS PARA LA COMPRA DE VIVIENDA UNICA CON ACREDITACION DE HABERES;D80;UVA;150000000;240;334800;12;65;30,00;80,00;Vivienda propia, única y permanente;Clientes que acrediten sueldos en la entidad;4,79;8,84;Fija;8,84;8605,00;Provincia del Neuquén;TRANSCURRIDOS 180 DIAS CORRIDOS O UN CUARTO DEL PLAZO DEL PRESTAMO, DE AMBOS EL MAYOR, NO SE PERCIBIRA CARGO POR CANCELACION TOTAL ANTICIPADA
97;BANCO PROVINCIA DEL NEUQUÉN SOCIEDAD ANÓNIMA;2025-12-16;D80 PRESTAMOS HIPOTECARIOS PARA LA COMPRA DE VIVIENDA UNICA RESPONSABLES INSCRIPTOS;D80;UVA;150000000;240;334800;12;65;30,00;80,00;Vivienda propia, única y permanente;Personas humanas Responsables Inscriptos;4,79;9,93;Fija;9,93;9237,00;Provincia del Neuquén;TRANSCURRIDOS 180 DIAS CORRIDOS O UN CUARTO DEL PLAZO DEL PRESTAMO, DE AMBOS EL MAYOR, NO SE PERCIBIRA CARGO POR CANCELACION TOTAL ANTICIPADA
97;BANCO PROVINCIA DEL NEUQUÉN SOCIEDAD ANÓNIMA;2025-12-16;D80 PRESTAMOS HIPOTECARIOS PARA CONSTRUCCION Y/O MEJORA DE VIVIENDA UNICA RESPONSABLES INSCRIPTOS;D80;UVA;150000000;240;334800;12;65;30,00;99,99;Vivienda propia, única y permanente;Personas humanas Responsables Inscriptos;4,79;9,93;Fija;9,93;9237,00;Provincia del Neuquén;TRANSCURRIDOS 180 DIAS CORRIDOS O UN CUARTO DEL PLAZO DEL PRESTAMO, DE AMBOS EL MAYOR, NO SE PERCIBIRA CARGO POR CANCELACION TOTAL ANTICIPADA
143;BRUBANK S.A.U.;2026-03-31;PRESTAMO HIPOTECARIO UVA 1ER VIVIENDA REL DEPEN CABA;HIP UVA 1ER RD CABA;UVA;250000000;360;850000;12;65;25,00;70,00;Vivienda propia, única y permanente;Personas humanas en relación de dependencia;4,00;14,93;Fija;15,00;1184,00;Provincia de Buenos Aires;
143;BRUBANK S.A.U.;2026-03-31;PRESTAMO HIPOTECARIO UVA 1ER VIVIENDA CLIENTES CABA;HIP UVA 1ER CLI CABA;UVA;250000000;360;850000;18;65;25,00;70,00;Vivienda propia, única y permanente;Clientes con cuenta en la entidad;4,00;14,93;Fija;15,00;1184,00;Provincia de Buenos Aires;
143;BRUBANK S.A.U.;2026-03-31;PRESTAMO HIPOTECARIO UVA 2DA VIVIENDA SUELDO PBA;HIP UVA 2DA SUE PBA;UVA;250000000;360;850000;12;65;25,00;60,00;Vivienda adicional o 2da vivienda;Clientes que acrediten sueldos en la entidad;4,00;12,68;Fija;12,75;1033,00;Provincia de Buenos Aires;
143;BRUBANK S.A.U.;2026-03-31;PRESTAMO HIPOTECARIO UVA 2DA VIVIENDA RI CABA;HIP UVA 2DA RI CABA;UVA;250000000;360;850000;18;65;25,00;60,00;Vivienda adicional o 2da vivienda;Personas humanas Responsables Inscriptos;4,00;14,93;Fija;15,00;1184,00;Provincia de Buenos Aires;
143;BRUBANK S.A.U.;2026-03-31;PRESTAMO HIPOTECARIO UVA 2DA VIVIENDA MONO CABA;HIP UVA 2DA MONO CABA;UVA;250000000;360;850000;18;65;25,00;60,00;Vivienda adicional o 2da vivienda;Personas humanas Monotributistas;4,00;14,93;Fija;15,00;1184,00;Provincia de Buenos Aires;
143;BRUBANK S.A.U.;2026-03-31;PRESTAMO HIPOTECARIO UVA 1ER VIVIENDA CLIENTES PBA;HIP UVA 1ER CLI PBA;UVA;250000000;360;850000;18;65;25,00;70,00;Vivienda propia, única y permanente;Clientes con cuenta en la entidad;4,00;14,93;Fija;15,00;1184,00;Ciudad Autónoma de Buenos Aires;
143;BRUBANK S.A.U.;2026-03-31;PRESTAMO HIPOTECARIO UVA 1ER VIVIENDA SUELDO PBA;HIP UVA 1ER SUE PBA;UVA;250000000;360;850000;12;65;25,00;70,00;Vivienda propia, única y permanente;Clientes que acrediten sueldos en la entidad;4,00;12,68;Fija;12,75;1033,00;Provincia de Buenos Aires;
143;BRUBANK S.A.U.;2026-03-31;PRESTAMO HIPOTECARIO UVA 1ER VIVIENDA RI CABA;HIP UVA 1ER RI CABA;UVA;250000000;360;850000;18;65;25,00;70,00;Vivienda propia, única y permanente;Personas humanas Responsables Inscriptos;4,00;14,93;Fija;15,00;1184,00;Provincia de Buenos Aires;
143;BRUBANK S.A.U.;2026-03-31;PRESTAMO HIPOTECARIO UVA 2DA VIVIENDA REL DEPEN CABA;HIP UVA 2DA RD CABA;UVA;250000000;360;850000;12;65;25,00;60,00;Vivienda adicional o 2da vivienda;Personas humanas en relación de dependencia;4,00;14,93;Fija;15,00;1184,00;Provincia de Buenos Aires;
143;BRUBANK S.A.U.;2026-03-31;PRESTAMO HIPOTECARIO UVA 1ER VIVIENDA MONO CABA;HIP UVA 1ER MONO CABA;UVA;250000000;360;850000;18;65;25,00;70,00;Vivienda propia, única y permanente;Personas humanas Monotributistas;4,00;14,93;Fija;15,00;1184,00;Provincia de Buenos Aires;
143;BRUBANK S.A.U.;2026-03-31;PRESTAMO HIPOTECARIO UVA 2DA VIVIENDA CLIENTES CABA;HIP UVA 2DA CLI CABA;UVA;250000000;360;850000;18;65;25,00;60,00;Vivienda adicional o 2da vivienda;Clientes con cuenta en la entidad;4,00;14,93;Fija;15,00;1184,00;Provincia de Buenos Aires;
143;BRUBANK S.A.U.;2026-03-31;PRESTAMO HIPOTECARIO UVA 1ER VIVIENDA RI PBA;HIP UVA 1ER RI PBA;UVA;250000000;360;850000;18;65;25,00;70,00;Vivienda propia, única y permanente;Personas humanas Responsables Inscriptos;4,00;14,93;Fija;15,00;1184,00;Ciudad Autónoma de Buenos Aires;
143;BRUBANK S.A.U.;2026-03-31;PRESTAMO HIPOTECARIO UVA 1ER VIVIENDA REL DEPEN PBA;HIP UVA 1ER RD PBA;UVA;250000000;360;850000;12;65;25,00;70,00;Vivienda propia, única y permanente;Personas humanas en relación de dependencia;4,00;14,93;Fija;15,00;1184,00;Ciudad Autónoma de Buenos Aires;
143;BRUBANK S.A.U.;2026-03-31;PRESTAMO HIPOTECARIO UVA 2DA VIVIENDA SUELDO CABA;HIP UVA 2DA SUE CABA;UVA;250000000;360;850000;12;65;25,00;60,00;Vivienda adicional o 2da vivienda;Clientes que acrediten sueldos en la entidad;4,00;12,68;Fija;12,75;1033,00;Ciudad Autónoma de Buenos Aires;
143;BRUBANK S.A.U.;2026-03-31;PRESTAMO HIPOTECARIO UVA 1ER VIVIENDA MONO PBA;HIP UVA 1ER MONO PBA;UVA;250000000;360;850000;18;65;25,00;70,00;Vivienda propia, única y permanente;Personas humanas Monotributistas;4,00;14,93;Fija;15,00;1184,00;Ciudad Autónoma de Buenos Aires;
143;BRUBANK S.A.U.;2026-03-31;PRESTAMO HIPOTECARIO UVA 2DA VIVIENDA MONO PBA;HIP UVA 2DA MONO PBA;UVA;250000000;360;850000;18;65;25,00;60,00;Vivienda adicional o 2da vivienda;Personas humanas Monotributistas;4,00;14,93;Fija;15,00;1184,00;Ciudad Autónoma de Buenos Aires;
143;BRUBANK S.A.U.;2026-03-31;PRESTAMO HIPOTECARIO UVA 2DA VIVIENDA CLIENTES PBA;HIP UVA 2DA CLI PBA;UVA;250000000;360;850000;18;65;25,00;60,00;Vivienda adicional o 2da vivienda;Clientes con cuenta en la entidad;4,00;14,93;Fija;15,00;1184,00;Ciudad Autónoma de Buenos Aires;
143;BRUBANK S.A.U.;2026-03-31;PRESTAMO HIPOTECARIO UVA 2DA VIVIENDA RI PBA;HIP UVA 2DA RI PBA;UVA;250000000;360;850000;18;65;25,00;60,00;Vivienda adicional o 2da vivienda;Personas humanas Responsables Inscriptos;4,00;14,93;Fija;15,00;1184,00;Ciudad Autónoma de Buenos Aires;
143;BRUBANK S.A.U.;2026-03-31;PRESTAMO HIPOTECARIO UVA 1ER VIVIENDA SUELDO CABA;HIP UVA 1ER SUE CABA;UVA;250000000;360;850000;12;65;25,00;70,00;Vivienda propia, única y permanente;Clientes que acrediten sueldos en la entidad;4,00;12,68;Fija;12,75;1033,00;Ciudad Autónoma de Buenos Aires;
143;BRUBANK S.A.U.;2026-03-31;PRESTAMO HIPOTECARIO UVA 2DA VIVIENDA REL DEPEN PBA;HIP UVA 2DA RD PBA;UVA;250000000;360;850000;12;65;25,00;60,00;Vivienda adicional o 2da vivienda;Personas humanas en relación de dependencia;4,00;14,93;Fija;15,00;1184,00;Ciudad Autónoma de Buenos Aires;
191;BANCO CREDICOOP COOPERATIVO LIMITADO;2026-04-01;CONSTRUCCION REFACCION VIVIENDA TASA VARIABLE;CONST REFA USONOPERMANENT;Pesos;200000000;240;3000000;36;50;25,00;50,00;Vivienda adicional o 2da vivienda;Personas humanas Monotributistas;3,60;45,95;Variable;59,02;40107,00;Todo el territorio nacional;TASA VARIABLE PARA CREDITOS HASTA PESOS 200 MILLONES A 240 MESES DE PLAZO APLICA TNA 38,41 POR CIENTO, TASA AJUSTABLE POR EL PROMEDIO CUATRIMESTRAL DE T BADLAR BANCOS PRIVADOS BCRA, APLICA DICHA VARIACION MAS 4 PUNTOS BASICOS CFTEA CALCULADO PARA VIV USO NO PERMANENTE, SE FINANCIA HASTA 50 POR CIENTO VALOR DE TASACION
191;BANCO CREDICOOP COOPERATIVO LIMITADO;2026-04-01;ADQUISICION VIVIENDA EN UVAS;UVA VIV USO NOPERMANENTE;UVA;200000000;240;3000000;36;50;25,00;50,00;Vivienda adicional o 2da vivienda;Personas humanas Monotributistas;,00;14,37;Fija;17,72;14511,00;Todo el territorio nacional;TASA SIN COBRO DE HABERES TNA 13,50 POR CIENTO CFTEA 17,72 POR CIENTO CFTEA CALCULADO PARA VIV USO NO PERMANENTE, SE FINANCIA HASTA 50 POR CIENTO VALOR DE TASACION
191;BANCO CREDICOOP COOPERATIVO LIMITADO;2026-04-01;CONSTRUCCION REFACCION VIVIENDA TASA VARIABLE;CONST REFA USO PERMANENTE;Pesos;200000000;240;3000000;24;45;25,00;70,00;Construcción;Empleados públicos;3,60;45,95;Variable;46,95;33161,00;Todo el territorio nacional;TASA VARIABLE PARA CREDITOS HASTA PESOS 200 MILLONES A 240 MESES DE PLAZO APLICA TNA 38,41 POR CIENTO, TASA AJUSTABLE POR EL PROMEDIO CUATRIMESTRAL DE T BADLAR BANCOS PRIVADOS BCRA, APLICA DICHA VARIACION MAS 4 PUNTOS BASICOS CFTEA CALCULADO PARA VIV USO PERMANENTE
191;BANCO CREDICOOP COOPERATIVO LIMITADO;2026-04-01;CONSTRUCCION REFACCION VIVIENDA EN UVAS;CONST REFA USOPERMANENTE;UVA;200000000;240;3000000;36;50;25,00;70,00;Construcción;Personas humanas Responsables Inscriptos;,00;14,37;Fija;14,58;12165,00;Todo el territorio nacional;TASA SIN COBRO DE HABERES TNA 13,50 POR CIENTO CFTEA 14,58 POR CIENTO CFTEA CALCULADO PARA VIV USO PERMANENTE
191;BANCO CREDICOOP COOPERATIVO LIMITADO;2026-04-01;CONSTRUCCION REFACCION VIVIENDA EN UVAS;CONST REFA USOPERMANENTE;UVA;200000000;240;3000000;24;45;25,00;70,00;Construcción;Personas humanas en relación de dependencia;,00;14,37;Fija;14,58;12165,00;Todo el territorio nacional;TASA SIN COBRO DE HABERES TNA 13,50 POR CIENTO CFTEA 14,58 POR CIENTO CFTEA CALCULADO PARA VIV USO PERMANENTE
191;BANCO CREDICOOP COOPERATIVO LIMITADO;2026-04-01;CONSTRUCCION REFACCION VIVIENDA TASA VARIABLE;CONST REFA USONOPERMANENT;Pesos;200000000;240;3000000;24;45;25,00;50,00;Vivienda adicional o 2da vivienda;Empleados públicos;3,60;45,95;Variable;59,02;40107,00;Todo el territorio nacional;TASA VARIABLE PARA CREDITOS HASTA PESOS 200 MILLONES A 240 MESES DE PLAZO APLICA TNA 38,41 POR CIENTO, TASA AJUSTABLE POR EL PROMEDIO CUATRIMESTRAL DE T BADLAR BANCOS PRIVADOS BCRA, APLICA DICHA VARIACION MAS 4 PUNTOS BASICOS CFTEA CALCULADO PARA VIV USO NO PERMANENTE, SE FINANCIA HASTA 50 POR CIENTO VALOR DE TASACION
191;BANCO CREDICOOP COOPERATIVO LIMITADO;2026-04-01;ADQUISICION VIVIENDA EN UVAS;UVA VIV USO NOPERMANENTE;UVA;200000000;240;3000000;24;45;25,00;50,00;Vivienda adicional o 2da vivienda;Clientes que acrediten sueldos en la entidad;,00;13,24;Fija;16,32;13625,00;Todo el territorio nacional;TASA CON COBRO DE HABERES TNA 12,50 POR CIENTO CFTEA 16,32 POR CIENTO CFTEA CALCULADO PARA VIV USO NO PERMANENTE, SE FINANCIA HASTA 50 POR CIENTO VALOR DE TASACION
191;BANCO CREDICOOP COOPERATIVO LIMITADO;2026-04-01;ADQUISICION VIVIENDA EN UVAS;UVA VIV USO PERMANENTE;UVA;200000000;240;3000000;36;50;25,00;70,00;Vivienda propia, única y permanente;Personas humanas Monotributistas;,00;14,37;Fija;14,47;12148,00;Todo el territorio nacional;TASA SIN COBRO DE HABERES TNA 13,50 POR CIENTO CFTEA 14,47 POR CIENTO, CFTEA CALCULADO PARA VIV USO PERMANENTE
191;BANCO CREDICOOP COOPERATIVO LIMITADO;2026-04-01;CONSTRUCCION REFACCION VIVIENDA EN UVAS;CONST REFA USOPERMANENTE;UVA;200000000;240;3000000;36;50;25,00;70,00;Construcción;Personas humanas Monotributistas;,00;14,37;Fija;14,58;12165,00;Todo el territorio nacional;TASA SIN COBRO DE HABERES TNA 13,50 POR CIENTO CFTEA 14,58 POR CIENTO CFTEA CALCULADO PARA VIV USO PERMANENTE
191;BANCO CREDICOOP COOPERATIVO LIMITADO;2026-04-01;CONSTRUCCION REFACCION VIVIENDA EN UVAS;CONST REFA USONOPERMANENT;UVA;200000000;240;3000000;24;45;25,00;50,00;Vivienda adicional o 2da vivienda;Clientes que acrediten sueldos en la entidad;,00;13,24;Fija;16,43;13635,00;Todo el territorio nacional;TASA CON COBRO DE HABERES TNA 12,50 POR CIENTO CFTEA 16,43 POR CIENTO CFTEA CALCULADO PARA VIV USO NO PERMANENTE, SE FINANCIA HASTA 50 POR CIENTO VALOR DE TASACION
191;BANCO CREDICOOP COOPERATIVO LIMITADO;2026-04-01;CONSTRUCCION REFACCION VIVIENDA EN UVAS;CONST REFA USONOPERMANENT;UVA;200000000;240;3000000;24;45;25,00;50,00;Vivienda adicional o 2da vivienda;Personas humanas en relación de dependencia;,00;14,37;Fija;17,82;14521,00;Todo el territorio nacional;TASA SIN COBRO DE HABERES TNA 13,50 POR CIENTO CFTEA 17,82 POR CIENTO CFTEA CALCULADO PARA VIV USO NO PERMANENTE, SE FINANCIA HASTA 50 POR CIENTO VALOR DE TASACION
191;BANCO CREDICOOP COOPERATIVO LIMITADO;2026-04-01;CONSTRUCCION REFACCION VIVIENDA EN UVAS;CONST REFA USOPERMANENTE;UVA;200000000;240;3000000;24;45;25,00;70,00;Construcción;Empleados públicos;,00;14,37;Fija;14,58;12165,00;Todo el territorio nacional;TASA SIN COBRO DE HABERES TNA 13,50 POR CIENTO CFTEA 14,58 POR CIENTO CFTEA CALCULADO PARA VIV USO PERMANENTE
191;BANCO CREDICOOP COOPERATIVO LIMITADO;2026-04-01;ADQUISICION VIVIENDA TASA VARIABLE;VIV USO PERMANENTE;Pesos;200000000;240;3000000;24;45;25,00;70,00;Vivienda propia, única y permanente;Empleados públicos;3,60;45,95;Variable;46,07;29564,00;Todo el territorio nacional;TASA VARIABLE PARA CREDITOS HASTA PESOS 200 MILLONES A 240 MESES DE PLAZO APLICA TNA 38,41 POR CIENTO, TASA AJUSTABLE POR EL PROMEDIO CUATRIMESTRAL DE T BADLAR BANCOS PRIVADOS BCRA, APLICA DICHA VARIACION MAS 4 PUNTOS BASICOS CFTEA CALCULADO PARA VIV USO PERMANENTE
191;BANCO CREDICOOP COOPERATIVO LIMITADO;2026-04-01;ADQUISICION VIVIENDA TASA VARIABLE;VIV USO NO PERMANENTE;Pesos;200000000;240;3000000;36;50;25,00;50,00;Vivienda adicional o 2da vivienda;Clientes con cuenta en la entidad;3,60;45,95;Variable;57,90;35752,00;Todo el territorio nacional;TASA VARIABLE PARA CREDITOS HASTA PESOS 200 MILLONES A 240 MESES DE PLAZO APLICA TNA 38,41 POR CIENTO, TASA AJUSTABLE POR EL PROMEDIO CUATRIMESTRAL DE T BADLAR BANCOS PRIVADOS BCRA, APLICA DICHA VARIACION MAS 4 PUNTOS BASICOS CFTEA CALCULADO PARA VIV USO NO PERMANENTE, SE FINANCIA HASTA 50 POR CIENTO VALOR DE TASACION
191;BANCO CREDICOOP COOPERATIVO LIMITADO;2026-04-01;CONSTRUCCION REFACCION VIVIENDA TASA VARIABLE;CONST REFA USO PERMANENTE;Pesos;200000000;240;3000000;36;50;25,00;70,00;Construcción;Clientes con cuenta en la entidad;3,60;45,95;Variable;46,95;33161,00;Todo el territorio nacional;TASA VARIABLE PARA CREDITOS HASTA PESOS 200 MILLONES A 240 MESES DE PLAZO APLICA TNA 38,41 POR CIENTO, TASA AJUSTABLE POR EL PROMEDIO CUATRIMESTRAL DE T BADLAR BANCOS PRIVADOS BCRA, APLICA DICHA VARIACION MAS 4 PUNTOS BASICOS CFTEA CALCULADO PARA VIV USO PERMANENTE
191;BANCO CREDICOOP COOPERATIVO LIMITADO;2026-04-01;ADQUISICION VIVIENDA EN UVAS;UVA VIV USO NOPERMANENTE;UVA;200000000;240;3000000;36;50;25,00;50,00;Vivienda adicional o 2da vivienda;Clientes con cuenta en la entidad;,00;14,37;Fija;17,72;14511,00;Todo el territorio nacional;TASA SIN COBRO DE HABERES TNA 13,50 POR CIENTO CFTEA 17,72 POR CIENTO CFTEA CALCULADO PARA VIV USO NO PERMANENTE, SE FINANCIA HASTA 50 POR CIENTO VALOR DE TASACION
191;BANCO CREDICOOP COOPERATIVO LIMITADO;2026-04-01;CONSTRUCCION REFACCION VIVIENDA EN UVAS;CONST REFA USOPERMANENTE;UVA;200000000;240;3000000;36;50;25,00;70,00;Construcción;Clientes con cuenta en la entidad;,00;14,37;Fija;14,58;12165,00;Todo el territorio nacional;TASA SIN COBRO DE HABERES TNA 13,50 POR CIENTO CFTEA 14,58 POR CIENTO CFTEA CALCULADO PARA VIV USO PERMANENTE
191;BANCO CREDICOOP COOPERATIVO LIMITADO;2026-04-01;CONSTRUCCION REFACCION VIVIENDA EN UVAS;CONST REFA USONOPERMANENT;UVA;200000000;240;3000000;36;50;25,00;50,00;Vivienda adicional o 2da vivienda;Personas humanas Responsables Inscriptos;,00;14,37;Fija;17,82;14521,00;Todo el territorio nacional;TASA SIN COBRO DE HABERES TNA 13,50 POR CIENTO CFTEA 17,82 POR CIENTO CFTEA CALCULADO PARA VIV USO NO PERMANENTE, SE FINANCIA HASTA 50 POR CIENTO VALOR DE TASACION
191;BANCO CREDICOOP COOPERATIVO LIMITADO;2026-04-01;ADQUISICION VIVIENDA EN UVAS;UVA VIV USO NOPERMANENTE;UVA;200000000;240;3000000;24;45;25,00;50,00;Vivienda adicional o 2da vivienda;Empleados públicos;,00;14,37;Fija;17,72;14511,00;Todo el territorio nacional;TASA SIN COBRO DE HABERES TNA 13,50 POR CIENTO CFTEA 17,72 POR CIENTO CFTEA CALCULADO PARA VIV USO NO PERMANENTE, SE FINANCIA HASTA 50 POR CIENTO VALOR DE TASACION
191;BANCO CREDICOOP COOPERATIVO LIMITADO;2026-04-01;CONSTRUCCION REFACCION VIVIENDA EN UVAS;CONST REFA USONOPERMANENT;UVA;200000000;240;3000000;24;45;25,00;50,00;Vivienda adicional o 2da vivienda;Empleados públicos;,00;14,37;Fija;17,82;14521,00;Todo el territorio nacional;TASA SIN COBRO DE HABERES TNA 13,50 POR CIENTO CFTEA 17,82 POR CIENTO CFTEA CALCULADO PARA VIV USO NO PERMANENTE, SE FINANCIA HASTA 50 POR CIENTO VALOR DE TASACION
191;BANCO CREDICOOP COOPERATIVO LIMITADO;2026-04-01;ADQUISICION VIVIENDA TASA VARIABLE;VIV USO NO PERMANENTE;Pesos;200000000;240;3000000;24;45;25,00;50,00;Vivienda adicional o 2da vivienda;Clientes que acrediten sueldos en la entidad;3,60;45,95;Variable;57,90;35752,00;Todo el territorio nacional;TASA VARIABLE PARA CREDITOS HASTA PESOS 200 MILLONES A 240 MESES DE PLAZO APLICA TNA 38,41 POR CIENTO, TASA AJUSTABLE POR EL PROMEDIO CUATRIMESTRAL DE T BADLAR BANCOS PRIVADOS BCRA, APLICA DICHA VARIACION MAS 4 PUNTOS BASICOS CFTEA CALCULADO PARA VIV USO NO PERMANENTE, SE FINANCIA HASTA 50 POR CIENTO VALOR DE TASACION
191;BANCO CREDICOOP COOPERATIVO LIMITADO;2026-04-01;CONSTRUCCION REFACCION VIVIENDA EN UVAS;CONST REFA USONOPERMANENT;UVA;200000000;240;3000000;36;50;25,00;50,00;Vivienda adicional o 2da vivienda;Personas humanas Monotributistas;,00;14,37;Fija;17,82;14521,00;Todo el territorio nacional;TASA SIN COBRO DE HABERES TNA 13,50 POR CIENTO CFTEA 17,82 POR CIENTO CFTEA CALCULADO PARA VIV USO NO PERMANENTE, SE FINANCIA HASTA 50 POR CIENTO VALOR DE TASACION
191;BANCO CREDICOOP COOPERATIVO LIMITADO;2026-04-01;CONSTRUCCION REFACCION VIVIENDA TASA VARIABLE;CONST REFA USONOPERMANENT;Pesos;200000000;240;3000000;36;50;25,00;50,00;Vivienda adicional o 2da vivienda;Clientes con cuenta en la entidad;3,60;45,95;Variable;59,02;40107,00;Todo el territorio nacional;TASA VARIABLE PARA CREDITOS HASTA PESOS 200 MILLONES A 240 MESES DE PLAZO APLICA TNA 38,41 POR CIENTO, TASA AJUSTABLE POR EL PROMEDIO CUATRIMESTRAL DE T BADLAR BANCOS PRIVADOS BCRA, APLICA DICHA VARIACION MAS 4 PUNTOS BASICOS CFTEA CALCULADO PARA VIV USO NO PERMANENTE, SE FINANCIA HASTA 50 POR CIENTO VALOR DE TASACION
191;BANCO CREDICOOP COOPERATIVO LIMITADO;2026-04-01;ADQUISICION VIVIENDA EN UVAS;UVA VIV USO PERMANENTE;UVA;200000000;240;3000000;36;50;25,00;70,00;Vivienda propia, única y permanente;Personas humanas Responsables Inscriptos;,00;14,37;Fija;14,47;12148,00;Todo el territorio nacional;TASA SIN COBRO DE HABERES TNA 13,50 POR CIENTO CFTEA 14,47 POR CIENTO, CFTEA CALCULADO PARA VIV USO PERMANENTE
191;BANCO CREDICOOP COOPERATIVO LIMITADO;2026-04-01;ADQUISICION VIVIENDA EN UVAS;UVA VIV USO PERMANENTE;UVA;200000000;240;3000000;24;45;25,00;70,00;Vivienda propia, única y permanente;Clientes que acrediten sueldos en la entidad;,00;13,24;Fija;13,35;11437,00;Todo el territorio nacional;TASA CON COBRO DE HABERES TNA 12,50 POR CIENTO CFTEA 13,35 POR CIENTO, CFTEA CALCULADO PARA VIV USO PERMANENTE
191;BANCO CREDICOOP COOPERATIVO LIMITADO;2026-04-01;ADQUISICION VIVIENDA TASA VARIABLE;VIV USO NO PERMANENTE;Pesos;200000000;240;3000000;24;45;25,00;50,00;Vivienda adicional o 2da vivienda;Personas humanas en relación de dependencia;3,60;45,95;Variable;57,90;35752,00;Todo el territorio nacional;TASA VARIABLE PARA CREDITOS HASTA PESOS 200 MILLONES A 240 MESES DE PLAZO APLICA TNA 38,41 POR CIENTO, TASA AJUSTABLE POR EL PROMEDIO CUATRIMESTRAL DE T BADLAR BANCOS PRIVADOS BCRA, APLICA DICHA VARIACION MAS 4 PUNTOS BASICOS CFTEA CALCULADO PARA VIV USO NO PERMANENTE, SE FINANCIA HASTA 50 POR CIENTO VALOR DE TASACION
191;BANCO CREDICOOP COOPERATIVO LIMITADO;2026-04-01;ADQUISICION VIVIENDA TASA VARIABLE;VIV USO PERMANENTE;Pesos;200000000;240;3000000;24;45;25,00;70,00;Vivienda propia, única y permanente;Personas humanas en relación de dependencia;3,60;45,95;Variable;46,07;29564,00;Todo el territorio nacional;TASA VARIABLE PARA CREDITOS HASTA PESOS 200 MILLONES A 240 MESES DE PLAZO APLICA TNA 38,41 POR CIENTO, TASA AJUSTABLE POR EL PROMEDIO CUATRIMESTRAL DE T BADLAR BANCOS PRIVADOS BCRA, APLICA DICHA VARIACION MAS 4 PUNTOS BASICOS CFTEA CALCULADO PARA VIV USO PERMANENTE
191;BANCO CREDICOOP COOPERATIVO LIMITADO;2026-04-01;CONSTRUCCION REFACCION VIVIENDA EN UVAS;CONST REFA USOPERMANENTE;UVA;200000000;240;3000000;24;45;25,00;70,00;Construcción;Clientes que acrediten sueldos en la entidad;,00;13,24;Fija;13,46;11453,00;Todo el territorio nacional;TASA CON COBRO DE HABERES TNA 12,50 POR CIENTO CFTEA 13,46 POR CIENTO CFTEA CALCULADO PARA VIV USO PERMANENTE
191;BANCO CREDICOOP COOPERATIVO LIMITADO;2026-04-01;CONSTRUCCION REFACCION VIVIENDA TASA VARIABLE;CONST REFA USO PERMANENTE;Pesos;200000000;240;3000000;36;50;25,00;70,00;Construcción;Personas humanas Monotributistas;3,60;45,95;Variable;46,95;33161,00;Todo el territorio nacional;TASA VARIABLE PARA CREDITOS HASTA PESOS 200 MILLONES A 240 MESES DE PLAZO APLICA TNA 38,41 POR CIENTO, TASA AJUSTABLE POR EL PROMEDIO CUATRIMESTRAL DE T BADLAR BANCOS PRIVADOS BCRA, APLICA DICHA VARIACION MAS 4 PUNTOS BASICOS CFTEA CALCULADO PARA VIV USO PERMANENTE
191;BANCO CREDICOOP COOPERATIVO LIMITADO;2026-04-01;ADQUISICION VIVIENDA TASA VARIABLE;VIV USO PERMANENTE;Pesos;200000000;240;3000000;36;50;25,00;70,00;Vivienda propia, única y permanente;Personas humanas Responsables Inscriptos;3,60;45,95;Variable;46,07;29564,00;Todo el territorio nacional;TASA VARIABLE PARA CREDITOS HASTA PESOS 200 MILLONES A 240 MESES DE PLAZO APLICA TNA 38,41 POR CIENTO, TASA AJUSTABLE POR EL PROMEDIO CUATRIMESTRAL DE T BADLAR BANCOS PRIVADOS BCRA, APLICA DICHA VARIACION MAS 4 PUNTOS BASICOS CFTEA CALCULADO PARA VIV USO PERMANENTE
191;BANCO CREDICOOP COOPERATIVO LIMITADO;2026-04-01;ADQUISICION VIVIENDA TASA VARIABLE;VIV USO NO PERMANENTE;Pesos;200000000;240;3000000;36;50;25,00;50,00;Vivienda adicional o 2da vivienda;Personas humanas Responsables Inscriptos;3,60;45,95;Variable;57,90;35752,00;Todo el territorio nacional;TASA VARIABLE PARA CREDITOS HASTA PESOS 200 MILLONES A 240 MESES DE PLAZO APLICA TNA 38,41 POR CIENTO, TASA AJUSTABLE POR EL PROMEDIO CUATRIMESTRAL DE T BADLAR BANCOS PRIVADOS BCRA, APLICA DICHA VARIACION MAS 4 PUNTOS BASICOS CFTEA CALCULADO PARA VIV USO NO PERMANENTE, SE FINANCIA HASTA 50 POR CIENTO VALOR DE TASACION
191;BANCO CREDICOOP COOPERATIVO LIMITADO;2026-04-01;CONSTRUCCION REFACCION VIVIENDA TASA VARIABLE;CONST REFA USO PERMANENTE;Pesos;200000000;240;3000000;36;50;25,00;70,00;Construcción;Personas humanas Responsables Inscriptos;3,60;45,95;Variable;46,95;33161,00;Todo el territorio nacional;TASA VARIABLE PARA CREDITOS HASTA PESOS 200 MILLONES A 240 MESES DE PLAZO APLICA TNA 38,41 POR CIENTO, TASA AJUSTABLE POR EL PROMEDIO CUATRIMESTRAL DE T BADLAR BANCOS PRIVADOS BCRA, APLICA DICHA VARIACION MAS 4 PUNTOS BASICOS CFTEA CALCULADO PARA VIV USO PERMANENTE
191;BANCO CREDICOOP COOPERATIVO LIMITADO;2026-04-01;ADQUISICION VIVIENDA TASA VARIABLE;VIV USO NO PERMANENTE;Pesos;200000000;240;3000000;36;50;25,00;50,00;Vivienda adicional o 2da vivienda;Personas humanas Monotributistas;3,60;45,95;Variable;57,90;35752,00;Todo el territorio nacional;TASA VARIABLE PARA CREDITOS HASTA PESOS 200 MILLONES A 240 MESES DE PLAZO APLICA TNA 38,41 POR CIENTO, TASA AJUSTABLE POR EL PROMEDIO CUATRIMESTRAL DE T BADLAR BANCOS PRIVADOS BCRA, APLICA DICHA VARIACION MAS 4 PUNTOS BASICOS CFTEA CALCULADO PARA VIV USO NO PERMANENTE, SE FINANCIA HASTA 50 POR CIENTO VALOR DE TASACION
191;BANCO CREDICOOP COOPERATIVO LIMITADO;2026-04-01;CONSTRUCCION REFACCION VIVIENDA TASA VARIABLE;CONST REFA USO PERMANENTE;Pesos;200000000;240;3000000;24;45;25,00;70,00;Construcción;Personas humanas en relación de dependencia;3,60;45,95;Variable;46,95;33161,00;Todo el territorio nacional;TASA VARIABLE PARA CREDITOS HASTA PESOS 200 MILLONES A 240 MESES DE PLAZO APLICA TNA 38,41 POR CIENTO, TASA AJUSTABLE POR EL PROMEDIO CUATRIMESTRAL DE T BADLAR BANCOS PRIVADOS BCRA, APLICA DICHA VARIACION MAS 4 PUNTOS BASICOS CFTEA CALCULADO PARA VIV USO PERMANENTE
191;BANCO CREDICOOP COOPERATIVO LIMITADO;2026-04-01;CONSTRUCCION REFACCION VIVIENDA TASA VARIABLE;CONST REFA USONOPERMANENT;Pesos;200000000;240;3000000;36;50;25,00;50,00;Vivienda adicional o 2da vivienda;Personas humanas Responsables Inscriptos;3,60;45,95;Variable;59,02;40107,00;Todo el territorio nacional;TASA VARIABLE PARA CREDITOS HASTA PESOS 200 MILLONES A 240 MESES DE PLAZO APLICA TNA 38,41 POR CIENTO, TASA AJUSTABLE POR EL PROMEDIO CUATRIMESTRAL DE T BADLAR BANCOS PRIVADOS BCRA, APLICA DICHA VARIACION MAS 4 PUNTOS BASICOS CFTEA CALCULADO PARA VIV USO NO PERMANENTE, SE FINANCIA HASTA 50 POR CIENTO VALOR DE TASACION
191;BANCO CREDICOOP COOPERATIVO LIMITADO;2026-04-01;ADQUISICION VIVIENDA EN UVAS;UVA VIV USO PERMANENTE;UVA;200000000;240;3000000;24;45;25,00;70,00;Vivienda propia, única y permanente;Personas humanas en relación de dependencia;,00;14,37;Fija;14,47;12148,00;Todo el territorio nacional;TASA SIN COBRO DE HABERES TNA 13,50 POR CIENTO CFTEA 14,47 POR CIENTO, CFTEA CALCULADO PARA VIV USO PERMANENTE
191;BANCO CREDICOOP COOPERATIVO LIMITADO;2026-04-01;ADQUISICION VIVIENDA TASA VARIABLE;VIV USO PERMANENTE;Pesos;200000000;240;3000000;36;50;25,00;70,00;Vivienda propia, única y permanente;Clientes con cuenta en la entidad;3,60;45,95;Variable;46,07;29564,00;Todo el territorio nacional;TASA VARIABLE PARA CREDITOS HASTA PESOS 200 MILLONES A 240 MESES DE PLAZO APLICA TNA 38,41 POR CIENTO, TASA AJUSTABLE POR EL PROMEDIO CUATRIMESTRAL DE T BADLAR BANCOS PRIVADOS BCRA, APLICA DICHA VARIACION MAS 4 PUNTOS BASICOS CFTEA CALCULADO PARA VIV USO PERMANENTE
191;BANCO CREDICOOP COOPERATIVO LIMITADO;2026-04-01;ADQUISICION VIVIENDA TASA VARIABLE;VIV USO PERMANENTE;Pesos;200000000;240;3000000;36;50;25,00;70,00;Vivienda propia, única y permanente;Personas humanas Monotributistas;3,60;45,95;Variable;46,07;29564,00;Todo el territorio nacional;TASA VARIABLE PARA CREDITOS HASTA PESOS 200 MILLONES A 240 MESES DE PLAZO APLICA TNA 38,41 POR CIENTO, TASA AJUSTABLE POR EL PROMEDIO CUATRIMESTRAL DE T BADLAR BANCOS PRIVADOS BCRA, APLICA DICHA VARIACION MAS 4 PUNTOS BASICOS CFTEA CALCULADO PARA VIV USO PERMANENTE
191;BANCO CREDICOOP COOPERATIVO LIMITADO;2026-04-01;ADQUISICION VIVIENDA EN UVAS;UVA VIV USO NOPERMANENTE;UVA;200000000;240;3000000;36;50;25,00;50,00;Vivienda adicional o 2da vivienda;Personas humanas Responsables Inscriptos;,00;14,37;Fija;17,72;14511,00;Todo el territorio nacional;TASA SIN COBRO DE HABERES TNA 13,50 POR CIENTO CFTEA 17,72 POR CIENTO CFTEA CALCULADO PARA VIV USO NO PERMANENTE, SE FINANCIA HASTA 50 POR CIENTO VALOR DE TASACION
191;BANCO CREDICOOP COOPERATIVO LIMITADO;2026-04-01;CONSTRUCCION REFACCION VIVIENDA TASA VARIABLE;CONST REFA USO PERMANENTE;Pesos;200000000;240;3000000;24;45;25,00;70,00;Construcción;Clientes que acrediten sueldos en la entidad;3,60;45,95;Variable;46,95;33161,00;Todo el territorio nacional;TASA VARIABLE PARA CREDITOS HASTA PESOS 200 MILLONES A 240 MESES DE PLAZO APLICA TNA 38,41 POR CIENTO, TASA AJUSTABLE POR EL PROMEDIO CUATRIMESTRAL DE T BADLAR BANCOS PRIVADOS BCRA, APLICA DICHA VARIACION MAS 4 PUNTOS BASICOS CFTEA CALCULADO PARA VIV USO PERMANENTE
191;BANCO CREDICOOP COOPERATIVO LIMITADO;2026-04-01;ADQUISICION VIVIENDA EN UVAS;UVA VIV USO NOPERMANENTE;UVA;200000000;240;3000000;24;45;25,00;50,00;Vivienda adicional o 2da vivienda;Personas humanas en relación de dependencia;,00;14,37;Fija;17,72;14511,00;Todo el territorio nacional;TASA SIN COBRO DE HABERES TNA 13,50 POR CIENTO CFTEA 17,72 POR CIENTO CFTEA CALCULADO PARA VIV USO NO PERMANENTE, SE FINANCIA HASTA 50 POR CIENTO VALOR DE TASACION
191;BANCO CREDICOOP COOPERATIVO LIMITADO;2026-04-01;CONSTRUCCION REFACCION VIVIENDA TASA VARIABLE;CONST REFA USONOPERMANENT;Pesos;200000000;240;3000000;24;45;25,00;50,00;Vivienda adicional o 2da vivienda;Clientes que acrediten sueldos en la entidad;3,60;45,95;Variable;59,02;40107,00;Todo el territorio nacional;TASA VARIABLE PARA CREDITOS HASTA PESOS 200 MILLONES A 240 MESES DE PLAZO APLICA TNA 38,41 POR CIENTO, TASA AJUSTABLE POR EL PROMEDIO CUATRIMESTRAL DE T BADLAR BANCOS PRIVADOS BCRA, APLICA DICHA VARIACION MAS 4 PUNTOS BASICOS CFTEA CALCULADO PARA VIV USO NO PERMANENTE, SE FINANCIA HASTA 50 POR CIENTO VALOR DE TASACION
191;BANCO CREDICOOP COOPERATIVO LIMITADO;2026-04-01;ADQUISICION VIVIENDA TASA VARIABLE;VIV USO NO PERMANENTE;Pesos;200000000;240;3000000;24;45;25,00;50,00;Vivienda adicional o 2da vivienda;Empleados públicos;3,60;45,95;Variable;57,90;35752,00;Todo el territorio nacional;TASA VARIABLE PARA CREDITOS HASTA PESOS 200 MILLONES A 240 MESES DE PLAZO APLICA TNA 38,41 POR CIENTO, TASA AJUSTABLE POR EL PROMEDIO CUATRIMESTRAL DE T BADLAR BANCOS PRIVADOS BCRA, APLICA DICHA VARIACION MAS 4 PUNTOS BASICOS CFTEA CALCULADO PARA VIV USO NO PERMANENTE, SE FINANCIA HASTA 50 POR CIENTO VALOR DE TASACION
191;BANCO CREDICOOP COOPERATIVO LIMITADO;2026-04-01;ADQUISICION VIVIENDA TASA VARIABLE;VIV USO PERMANENTE;Pesos;200000000;240;3000000;24;45;25,00;70,00;Vivienda propia, única y permanente;Clientes que acrediten sueldos en la entidad;3,60;45,95;Variable;46,07;29564,00;Todo el territorio nacional;TASA VARIABLE PARA CREDITOS HASTA PESOS 200 MILLONES A 240 MESES DE PLAZO APLICA TNA 38,41 POR CIENTO, TASA AJUSTABLE POR EL PROMEDIO CUATRIMESTRAL DE T BADLAR BANCOS PRIVADOS BCRA, APLICA DICHA VARIACION MAS 4 PUNTOS BASICOS CFTEA CALCULADO PARA VIV USO PERMANENTE
191;BANCO CREDICOOP COOPERATIVO LIMITADO;2026-04-01;CONSTRUCCION REFACCION VIVIENDA TASA VARIABLE;CONST REFA USONOPERMANENT;Pesos;200000000;240;3000000;24;45;25,00;50,00;Vivienda adicional o 2da vivienda;Personas humanas en relación de dependencia;3,60;45,95;Variable;59,02;40107,00;Todo el territorio nacional;TASA VARIABLE PARA CREDITOS HASTA PESOS 200 MILLONES A 240 MESES DE PLAZO APLICA TNA 38,41 POR CIENTO, TASA AJUSTABLE POR EL PROMEDIO CUATRIMESTRAL DE T BADLAR BANCOS PRIVADOS BCRA, APLICA DICHA VARIACION MAS 4 PUNTOS BASICOS CFTEA CALCULADO PARA VIV USO NO PERMANENTE, SE FINANCIA HASTA 50 POR CIENTO VALOR DE TASACION
191;BANCO CREDICOOP COOPERATIVO LIMITADO;2026-04-01;CONSTRUCCION REFACCION VIVIENDA EN UVAS;CONST REFA USONOPERMANENT;UVA;200000000;240;3000000;36;50;25,00;50,00;Vivienda adicional o 2da vivienda;Clientes con cuenta en la entidad;,00;14,37;Fija;17,82;14521,00;Todo el territorio nacional;TASA SIN COBRO DE HABERES TNA 13,50 POR CIENTO CFTEA 17,82 POR CIENTO CFTEA CALCULADO PARA VIV USO NO PERMANENTE, SE FINANCIA HASTA 50 POR CIENTO VALOR DE TASACION
191;BANCO CREDICOOP COOPERATIVO LIMITADO;2026-04-01;ADQUISICION VIVIENDA EN UVAS;UVA VIV USO PERMANENTE;UVA;200000000;240;3000000;36;50;25,00;70,00;Vivienda propia, única y permanente;Clientes con cuenta en la entidad;,00;14,37;Fija;14,47;12148,00;Todo el territorio nacional;TASA SIN COBRO DE HABERES TNA 13,50 POR CIENTO CFTEA 14,47 POR CIENTO, CFTEA CALCULADO PARA VIV USO PERMANENTE
191;BANCO CREDICOOP COOPERATIVO LIMITADO;2026-04-01;ADQUISICION VIVIENDA EN UVAS;UVA VIV USO PERMANENTE;UVA;200000000;240;3000000;24;45;25,00;70,00;Vivienda propia, única y permanente;Empleados públicos;,00;14,37;Fija;14,47;12148,00;Todo el territorio nacional;TASA SIN COBRO DE HABERES TNA 13,50 POR CIENTO CFTEA 14,47 POR CIENTO, CFTEA CALCULADO PARA VIV USO PERMANENTE
268;BANCO PROVINCIA DE TIERRA DEL FUEGO;2026-04-17;CON GARANTIA HIPOTECARIA ADQUISICION DE VIVIENDA UNICA C/AH C/CUDH;HIPOTECARIO;UVA;187929000;360;100000;0;74;30,00;85,00;Vivienda propia, única y permanente;Clientes que acrediten sueldos en la entidad;1,50;8,30;Fija;8,30;734,00;Provincia de Tierra del Fuego Antártida e Islas del Atlántico Sur;0
285;BANCO MACRO S.A.;2026-04-01;PRESTAMOS HIPOTECARIO DOLAR;PREST HIP DOLAR;Dolares estadounidenses;9999999999;60;55000;12;65;50,00;50,00;Vivienda propia, única y permanente;Clientes que acrediten sueldos en la entidad;2,00;12,13;Fija;15,08;22180,00;Todo el territorio nacional;
285;BANCO MACRO S.A.;2026-04-01;PRESTAMOS HIPOTECARIO UVA;PREST HIP UVA;UVA;9999999999;240;70000;12;65;30,00;60,00;Vivienda adicional o 2da vivienda;Clientes que acrediten sueldos en la entidad;2,00;16,08;Fija;16,11;13210,00;Todo el territorio nacional;
285;BANCO MACRO S.A.;2026-04-01;PRESTAMOS HIPOTECARIO UVA;PREST HIP UVA;UVA;9999999999;240;55000;12;65;30,00;60,00;Vivienda adicional o 2da vivienda;Clientes que acrediten sueldos en la entidad;2,00;16,08;Fija;16,11;13210,00;Todo el territorio nacional;
285;BANCO MACRO S.A.;2026-04-01;PRESTAMOS HIPOTECARIO UVA;PREST HIP UVA;UVA;9999999999;240;90000;12;65;30,00;70,00;Vivienda propia, única y permanente;Clientes con cuenta en la entidad;2,00;16,08;Fija;16,11;13210,00;Todo el territorio nacional;
285;BANCO MACRO S.A.;2026-04-01;PRESTAMOS HIPOTECARIO DOLAR;PREST HIP DOLAR;Dolares estadounidenses;9999999999;60;90000;12;65;50,00;50,00;Vivienda propia, única y permanente;Personas humanas en relación de dependencia;2,00;12,13;Fija;15,08;22180,00;Todo el territorio nacional;
285;BANCO MACRO S.A.;2026-04-01;PRESTAMOS HIPOTECARIO DOLAR;PREST HIP DOLAR;Dolares estadounidenses;9999999999;60;55000;12;65;50,00;50,00;Vivienda propia, única y permanente;Empleados públicos;2,00;12,13;Fija;15,08;22180,00;Todo el territorio nacional;
285;BANCO MACRO S.A.;2026-04-01;PRESTAMOS HIPOTECARIO UVA;PREST HIP UVA;UVA;9999999999;240;90000;12;65;30,00;70,00;Vivienda propia, única y permanente;Personas humanas en relación de dependencia;2,00;16,08;Fija;16,11;13210,00;Todo el territorio nacional;
285;BANCO MACRO S.A.;2026-04-01;PRESTAMOS HIPOTECARIO UVA;PREST HIP UVA;UVA;9999999999;240;90000;12;65;30,00;70,00;Vivienda propia, única y permanente;Personas humanas Monotributistas;2,00;16,08;Fija;16,11;13210,00;Todo el territorio nacional;
285;BANCO MACRO S.A.;2026-04-01;PRESTAMOS HIPOTECARIO DOLAR;PREST HIP DOLAR;Dolares estadounidenses;9999999999;60;90000;12;65;50,00;50,00;Vivienda propia, única y permanente;Personas humanas Responsables Inscriptos;2,00;12,13;Fija;15,08;22180,00;Todo el territorio nacional;
285;BANCO MACRO S.A.;2026-04-01;PRESTAMOS HIPOTECARIO DOLAR;PREST HIP DOLAR;Dolares estadounidenses;9999999999;60;90000;12;65;50,00;50,00;Vivienda propia, única y permanente;Clientes con cuenta en la entidad;2,00;12,13;Fija;15,08;22180,00;Todo el territorio nacional;
285;BANCO MACRO S.A.;2026-04-01;PRESTAMOS HIPOTECARIO UVA;PREST HIP UVA;UVA;9999999999;240;90000;12;65;30,00;70,00;Vivienda propia, única y permanente;Personas humanas Responsables Inscriptos;2,00;16,08;Fija;16,11;13210,00;Todo el territorio nacional;
285;BANCO MACRO S.A.;2026-04-01;PRESTAMOS HIPOTECARIO DOLAR;PREST HIP DOLAR;Dolares estadounidenses;9999999999;60;90000;12;65;50,00;50,00;Vivienda propia, única y permanente;Personas humanas Monotributistas;2,00;12,13;Fija;15,08;22180,00;Todo el territorio nacional;
285;BANCO MACRO S.A.;2026-04-01;PRESTAMOS HIPOTECARIO UVA;PREST HIP UVA;UVA;9999999999;240;70000;12;65;30,00;70,00;Vivienda propia, única y permanente;Clientes que acrediten sueldos en la entidad;2,00;16,08;Fija;16,11;13210,00;Todo el territorio nacional;
285;BANCO MACRO S.A.;2026-04-01;PRESTAMOS HIPOTECARIO UVA;PREST HIP UVA;UVA;9999999999;240;50000;12;65;30,00;70,00;Vivienda propia, única y permanente;Clientes que acrediten sueldos en la entidad;2,00;16,08;Fija;16,11;13210,00;Todo el territorio nacional;
285;BANCO MACRO S.A.;2026-04-01;PRESTAMOS HIPOTECARIO UVA;PREST HIP UVA;UVA;9999999999;240;55000;12;65;30,00;70,00;Vivienda propia, única y permanente;Clientes que acrediten sueldos en la entidad;2,00;16,08;Fija;16,11;13210,00;Todo el territorio nacional;
299;BANCO COMAFI SOCIEDAD ANONIMA;2025-09-26;PRESTAMO HIPOTECARIO UVA;PRESTAMO HIPOTECARIO UVA;UVA;350000000;240;900000;24;65;25,00;75,00;Vivienda propia, única y permanente;Clientes con cuenta en la entidad;4,00;13,20;Fija;11,57;1135,00;Todo el territorio nacional;APLICAN BONIFICACIONES POR SEGMENTO
299;BANCO COMAFI SOCIEDAD ANONIMA;2025-09-26;PRESTAMO HIPOTECARIO UVA;PRESTAMO HIPOTECARIO UVA;UVA;350000000;120;900000;12;65;25,00;50,00;Refacción o mejora;Clientes que acrediten sueldos en la entidad;4,00;11,00;Fija;11,02;1349,00;Todo el territorio nacional;APLICAN BONIFICACIONES POR SEGMENTO
299;BANCO COMAFI SOCIEDAD ANONIMA;2025-09-26;PRESTAMO HIPOTECARIO UVA;PRESTAMO HIPOTECARIO UVA;UVA;350000000;240;900000;12;65;25,00;75,00;Vivienda propia, única y permanente;Clientes que acrediten sueldos en la entidad;4,00;11,00;Fija;11,02;996,00;Todo el territorio nacional;APLICAN BONIFICACIONES POR SEGMENTO
299;BANCO COMAFI SOCIEDAD ANONIMA;2025-09-26;PRESTAMO HIPOTECARIO UVA;PRESTAMO HIPOTECARIO UVA;UVA;350000000;240;900000;24;65;25,00;75,00;Vivienda adicional o 2da vivienda;Clientes con cuenta en la entidad;4,00;13,20;Fija;16,22;1354,00;Todo el territorio nacional;APLICAN BONIFICACIONES POR SEGMENTO
299;BANCO COMAFI SOCIEDAD ANONIMA;2025-09-26;PRESTAMO HIPOTECARIO UVA;PRESTAMO HIPOTECARIO UVA;UVA;350000000;120;900000;24;65;25,00;50,00;Refacción o mejora;Clientes con cuenta en la entidad;4,00;13,20;Fija;11,57;1472,00;Todo el territorio nacional;APLICAN BONIFICACIONES POR SEGMENTO
299;BANCO COMAFI SOCIEDAD ANONIMA;2025-09-26;PRESTAMO HIPOTECARIO UVA;PRESTAMO HIPOTECARIO UVA;UVA;350000000;240;900000;12;65;25,00;75,00;Vivienda adicional o 2da vivienda;Clientes que acrediten sueldos en la entidad;4,00;11,00;Fija;13,47;1180,00;Todo el territorio nacional;APLICAN BONIFICACIONES POR SEGMENTO
310;BANCO DEL SOL S.A.;2025-01-28;PRESTAMO HIPOTECARIO UVA;PH UVA;UVA;250000000;240;999999;12;65;25,00;80,00;Vivienda propia, única y permanente;Clientes con cuenta en la entidad;4,00;13,24;Fija;13,24;836,00;Todo el territorio nacional;N/A
310;BANCO DEL SOL S.A.;2025-01-28;PRESTAMO HIPOTECARIO UVA;PH UVA;UVA;250000000;240;999999;12;65;25,00;80,00;Vivienda adicional o 2da vivienda;Clientes con cuenta en la entidad;4,00;13,24;Fija;13,24;836,00;Todo el territorio nacional;N/A
330;NUEVO BANCO DE SANTA FE SOCIEDAD ANONIMA;2026-03-19;PRESTAMOS HIPOTECARIOS UVA PARA EMPLEADOS PUBLICOS PROVINCIALES;HIPOTECARIOS UVA;UVA;335970000;240;1000000;12;70;30,00;70,00;Vivienda propia, única y permanente;Empleados públicos;3,63;12,97;Fija;12,97;11189,00;Provincia de Santa Fe;NO APLICA
338;BANCO DE SERVICIOS Y TRANSACCIONES SAU;2026-03-31;PRESTAMO HIPOTECARIO AJUSTABLE POR TC;PREST HIP AJUS TC;Pesos;12000000;120;35000;6;75;30,00;30,00;Vivienda propia, única y permanente;Todos los beneficiarios;3,63;16,10;Fija;17,42;2397,00;Ciudad Autónoma de Buenos Aires;EL CAPITAL SERA ACTUALIZADO EN FORMA MENSUAL CONFORME LA VARIACION DEL TIPO DE CAMBIO DEL DOLAR BILLETE ESTADOUNIDENSE CONFORME COMUNICACION A 3500 DEL BCRA. A TAL FIN SE CONSIDERARA EL TIPO DE CAMBIO VIGENTE EL DIA HABIL BANCARIO ANTERIOR A LA FECHA DEL DESEMBOLSO, Y AQUEL VIGENTE EL DIA HABIL BANCARIO ANTERIOR A LA FECHA DE PAGO DE CADA CUOTA.
386;NUEVO BANCO DE ENTRE RÍOS S.A.;2026-03-19;PRESTAMOS HIPOTECARIOS UVA PARA EMPLEADOS PUBLICOS PROVINCIALES;HIPOTECARIOS - UVA;UVA;335970000;240;1000000;12;70;30,00;70,00;Vivienda propia, única y permanente;Empleados públicos;3,63;15,81;Fija;15,81;1311,00;Provincia de Entre Ríos;.-.
448;BANCO DINO S.A.;2025-10-02;PRESTAMO HIPOTECARIO UVA PARA LA ADQUISICION DE SEGUNDA VIVIENDA TASA FIJA;HIPOTECARIO UVA TASA FIJA;UVA;320302000;180;800000;12;59;25,00;75,00;Vivienda adicional o 2da vivienda;Clientes con cuenta en la entidad;4,00;18,39;Fija;22,63;1539,00;Provincia de Córdoba;
448;BANCO DINO S.A.;2025-10-02;PRESTAMO HIPOTECARIO UVA PARA LA ADQUISICION DE VIVIENDA UNICA FAMILIAR Y DE OCUPACION PERMANENTE TASA FIJA;HIPOTECARIO UVA TASA FIJA;UVA;320302000;180;800000;12;59;25,00;75,00;Vivienda propia, única y permanente;Clientes con cuenta en la entidad;4,00;16,08;Fija;16,15;1400,00;Provincia de Córdoba;
448;BANCO DINO S.A.;2025-10-02;PRESTAMO HIPOTECARIO UVA PARA LA ADQUISICION DE SEGUNDA VIVIENDA TASA FIJA;HIPOTECARIO UVA TASA FIJA;UVA;320302000;180;800000;12;59;25,00;75,00;Vivienda adicional o 2da vivienda;Clientes que acrediten sueldos en la entidad;4,00;20,75;Fija;33,41;1798,00;Provincia de Córdoba;
448;BANCO DINO S.A.;2025-10-02;PRESTAMO HIPOTECARIO UVA PARA REFACCION DE VIVIENDA TASA FIJA;HIPOTECARIO UVA TASA FIJA;UVA;320302000;180;800000;12;59;25,00;35,00;Refacción o mejora;Clientes que acrediten sueldos en la entidad;4,00;18,39;Fija;25,82;1539,00;Provincia de Córdoba;
448;BANCO DINO S.A.;2025-10-02;PRESTAMO HIPOTECARIO UVA PARA LA ADQUISICION DE VIVIENDA UNICA FAMILIAR Y DE OCUPACION PERMANENTE TASA FIJA;HIPOTECARIO UVA TASA FIJA;UVA;320302000;180;800000;12;59;25,00;75,00;Vivienda propia, única y permanente;Clientes que acrediten sueldos en la entidad;4,00;18,39;Fija;25,82;1539,00;Provincia de Córdoba;
448;BANCO DINO S.A.;2025-10-02;PRESTAMO HIPOTECARIO UVA PARA REFACCION DE VIVIENDA TASA FIJA;HIPOTECARIO UVA TASA FIJA;UVA;320302000;180;800000;12;59;25,00;35,00;Refacción o mejora;Clientes con cuenta en la entidad;4,00;16,08;Fija;16,15;1400,00;Provincia de Córdoba;
70427;TARJETA GRUPAR S.A.;2017-04-06;;;;;;;;;;;;;;;;;;;
72102;ASOCIACION MUTUAL DEL CLUB A. ARGENTINO;2026-04-07;PRESTAMOS MUTUAL - TASA VARIABLE (GARANTIA HIPOTECARIA);TASA VARIABLE;Pesos;100000000;48;0;0;100;30,00;55,00;Financiación de otros destinos sobre vivienda única;Todos los beneficiarios;,00;54,11;Variable;54,11;47711,00;Todo el territorio nacional;
72102;ASOCIACION MUTUAL DEL CLUB A. ARGENTINO;2026-04-07;PRESTAMOS MUTUAL - TASA FIJA (GARANTIA HIPOTECARIA);TASA FIJA (HIPOTECARIO);Pesos;30000000;36;0;0;100;30,00;55,00;Financiación de otros destinos sobre vivienda única;Todos los beneficiarios;,00;84,78;Fija;84,78;66411,00;Todo el territorio nacional;
