Código de Entidad;Descripción de Entidad;Fecha de Información;Nombre completo del Paquete de Productos;Nombre corto del Paquete de Productos;Comisión máxima por servicio de mantenimiento de paquete;Ingreso mínimo mensual solicitado;Antigüedad laboral mínima (meses);Edad máxima solicitada;Beneficiarios;Segmento;Productos que integran el paquete;Territorio de validez de la oferta;Más información
70427;TARJETA GRUPAR S.A.;2017-04-06;;;;;;;;;;;
27;BANCO SUPERVIELLE S.A.;2026-04-10;IDENTITE PLATINUM;;63250,00;1100000;0;86;Empleados públicos;Premium platinum;1 CAJA DE AHORRO EN PESOS,1 CAJA DE AHORRO EN DOLARES,1 CAJA DE AHORRO EN EUROS, 1 CUENTA CORRIENTES, 1 TARJETA DE CREDITO PLATINUM VISA Y MASTERCARD, 1 TARJETA DE DEBITO, CHEQUERA ILIMITADA, SEGURO ANTE ROBO EN CAJERO AUTOMATICO Y SEGURO DE BOLSO PROTEGIDO  BONIFICADOS, TRANSACCIONES EN CAJEROS DEL EXTERIOR SIN COSTO, TRANSACCIONES EN CAJEROS BANELCO SIN COSTO,TRANSACCIONES EN CAJEROS LINK SIN COSTO;Todo el territorio nacional;
72;BANCO SANTANDER ARGENTINA S.A.;2026-01-26;INFINITY;INFINITY;32177,00;1150000;6;100;Personas humanas Monotributistas;Básico;CUENTA CORRIENTE, CAJA DE AHORRO EN DOLARES, TARJETA VISA  SIN CARGO DE RENOVACION, TARJETA AMERICAN EXPRESS SIN CARGO DE RENOVACION, TARJETA DE DEBITO , RESUMEN UNICO MENSUAL;Todo el territorio nacional;PARTICIPA DEL PROGRAMA DE BENEFICIOS SUPERCLUB
72;BANCO SANTANDER ARGENTINA S.A.;2026-01-26;SUPERCUENTA;SUPERCUENTA;11900,00;1000;1;100;Personas humanas Monotributistas;Básico;CAJA DE AHORRO EN DOLARES, MOVIMIENTOS ILIMITADOS EN CAJEROS PROPIOS DE LA RED BANELCO, TARJETA DE DEBITO PARA EL PRIMER FIRMANTE, RESUMEN UNICO CUATRIMESTRAL;Todo el territorio nacional;REQUISITO DEMOSTRAR ORIGEN DE FONDOS, PARTICIPA DEL PROGRAMA DE BENEFICIOS SUPERCLUB
426;BANCO BICA S.A.;2025-12-29;PAQUETE BICA PLATINUM;PLATINUM;51999,75;0;0;100;Clientes que acrediten sueldos en la entidad;Premium platinum;CAJA DE AHORRO PESOS, CAJA DE AHORRO USD, TARJETA DE DEBITO, TARJETA DE CREDITO;Todo el territorio nacional;
44;BANCO HIPOTECARIO S.A.;2020-12-18;PLATINUM PACK PLAN SUELDO;PLATINUM PACK;,00;70000;6;100;Todos los beneficiarios;Premium platinum;TARJETA DE CREDITO VISA PLATINUM. CAJA DE AHORRO EN DOLARES. TARJETA DE DEBITO. CUENTA CORRIENTE OPC. CUENTA INVERSION.;Todo el territorio nacional;EMPLEADOS EN RELACION DE DEPENDENCIA: 6 MESES. CONTRATADOS: 3 AÑOS. INDEPENDIENTES: 1 AÑO.
17;BANCO BBVA ARGENTINA S.A.;2026-04-16;CUENTA PREMIUM                                                                                                                  ;CTA PREMIUM              ;66900,00;83400;12;100;Empleados públicos;Premium platinum;VISA DEBITO, 1 CUSTODIA, 1 CUENTA CORRIENTE EN PESOS, 1 CAJA DE AHORRO EN EUROS, 1 CAJA DE AHORRO EN DOLARES, 1 MASTERCARD PLATINUM Y 1 VISA PLATINUM, ACUERDO PARA ADELANTOS EN CC                                                                                                                                                                                                                                                                                                                                                                                                                                                                                                                                                                                                                                                                                                                                                                                                                                                                             ;Todo el territorio nacional;INGRESO SIN ACREDITACION DE HABERES                                                                                                                                                                                                                                                                                                                                                                                                                                                                                                                                                                                                                                                                                                                                                                                                                                                                                                                                                                                                                             
426;BANCO BICA S.A.;2025-12-29;PAQUETE BICA OPTIMA;OPTIMA;42386,97;0;0;100;Empleados públicos;Premium platinum;CUENTA CORRIENTE, ACUERDO ADELANTOS TRANSITORIOS, TARJETA DE DEBITO, 4 TARJETAS DE CREDITO;Todo el territorio nacional;
72;BANCO SANTANDER ARGENTINA S.A.;2026-01-26;SUPERCUENTA 3;SUPERCUENTA 3;29040,00;1150000;6;100;Personas humanas Monotributistas;Básico;CUENTA CORRIENTE, CAJA DE AHORRO EN DOLARES, TARJETA SANTANDER RIO VISA INTERNACIONAL SIN CARGO DE RENOVACION,  RESUMEN Y ADICIONALES, MOVIMIENTOS ILIMITADOS EN CAJEROS PROPIOS DE LA RED BANELCO, TARJETA DE DEBITO PARA EL PRIMER FIRMANTE, RESUMEN UNICO MENSUAL;Todo el territorio nacional;REQUISITO DEMOSTRAR ORIGEN DE FONDOS, PARTICIPA DEL PROGRAMA DE BENEFICIOS SUPERCLUB
432;BANCO DE COMERCIO S.A.;2026-04-16;BANCO DE COMERCIO BDC COMPLEX;BDC COMPLEX;345674,31;0;0;100;Todos los beneficiarios;Básico;CAJA DE AHORRO PESOS, CAJA DE AHORRO DOLARES;Todo el territorio nacional;
432;BANCO DE COMERCIO S.A.;2026-04-16;BANCO DE COMERCIO EMPRESAS;EMPRESAS;70164,59;0;0;100;Todos los beneficiarios;Básico;CUENTA CORRIENTE EN PESOS, CUENTA CORRIENTE ESPECIAL EN DOLARES, CHEQUERA 25;Todo el territorio nacional;
432;BANCO DE COMERCIO S.A.;2026-04-16;BANCO DE COMERCIO COMERCIO PJ;COMERCIO PJ;51443,69;0;0;100;Todos los beneficiarios;Básico;CUENTA CORRIENTE EN PESOS, CUENTA CORRIENTE ESPECIAL EN DOLARES, CHEQUERA 25;Todo el territorio nacional;
17;BANCO BBVA ARGENTINA S.A.;2026-04-16;CUENTA PREMIUM                                                                                                                  ;CTA PREMIUM              ;66900,00;83400;12;100;Beneficiarios de cuentas de          Seguridad Social;Premium platinum;VISA DEBITO, 1 CUSTODIA, 1 CUENTA CORRIENTE EN PESOS, 1 CAJA DE AHORRO EN EUROS, 1 CAJA DE AHORRO EN DOLARES, 1 MASTERCARD PLATINUM Y 1 VISA PLATINUM, ACUERDO PARA ADELANTOS EN CC                                                                                                                                                                                                                                                                                                                                                                                                                                                                                                                                                                                                                                                                                                                                                                                                                                                                             ;Todo el territorio nacional;INGRESO SIN ACREDITACION DE HABERES                                                                                                                                                                                                                                                                                                                                                                                                                                                                                                                                                                                                                                                                                                                                                                                                                                                                                                                                                                                                                             
426;BANCO BICA S.A.;2025-12-29;PAQUETE BICA PLATINUM;PLATINUM;51999,75;0;0;100;Empleados públicos;Premium platinum;CAJA DE AHORRO PESOS, CAJA DE AHORRO USD, TARJETA DE DEBITO, TARJETA DE CREDITO;Todo el territorio nacional;
432;BANCO DE COMERCIO S.A.;2026-04-16;BANCO DE COMERCIO COMERCIO PJ;COMERIO PH;41915,50;0;0;100;Todos los beneficiarios;Básico;CAJA DE AHORRO PESOS, CAJA DE AHORRO DOLARES, CUENTA CORRIENTE EN PESOS, CHEQUERA 25;Todo el territorio nacional;
7;BANCO DE GALICIA Y BUENOS AIRES S.A.;2025-11-03;SERVICIO TOTAL;TOTAL;27000,00;310000;3;80;Personas humanas Monotributistas;Básico;CAJA DE AHORRO DOLARES, TARJETA DE CREDITO, TARJETA DE CREDITO;Todo el territorio nacional;
72;BANCO SANTANDER ARGENTINA S.A.;2026-01-26;SUPERCUENTA CON PRESTAMO PERSONAL;SUPERCUENTA CON PREST PER;14339,00;1150000;1;100;Personas humanas Monotributistas;Básico;CUENTA CORRIENTE, CAJA DE AHORRO EN DOLARES, MOVIMIENTOS ILIMITADOS EN CAJEROS PROPIOS DE LA RED BANELCO, TARJETA DE DEBITO PARA EL PRIMER FIRMANTE, RESUMEN UNICO CUATRIMESTRAL, CUENTA CORRIENTE, PRESTAMO PERSONAL PREACORDADO;Todo el territorio nacional;REQUISITO DEMOSTRAR ORIGEN DE FONDOS, PARTICIPA DEL PROGRAMA DE BENEFICIOS SUPERCLUB
17;BANCO BBVA ARGENTINA S.A.;2026-04-16;CUENTA PLUS                                                                                                                     ;CTA.PLUS                 ;29900,00;28000;12;100;Personas humanas Monotributistas;Básico;VISA DEBITO, 1 CUENTA CORRIENTE EN PESOS, 1 CAJA DE AHORRO EN DOLARES, 1 MASTERCARD - TARJETA DE CREDITO INTERNACIONAL Y VISA INTERNACIONAL - T CREDITO, ACUERDO PARA ADELANTOS EN CC                                                                                                                                                                                                                                                                                                                                                                                                                                                                                                                                                                                                                                                                                                                                                                                                                                                                           ;Todo el territorio nacional;INGRESO SIN ACREDITACION DE HABERES                                                                                                                                                                                                                                                                                                                                                                                                                                                                                                                                                                                                                                                                                                                                                                                                                                                                                                                                                                                                                             
11;BANCO DE LA NACION ARGENTINA;2026-01-23;PAQUETE DE SERVICIOS CUENTA NACION INSIGNIA;CUENTA NACION INSIGNIA;62074,00;2046000;0;100;Clientes con cuenta en la entidad;Premium platinum;TARJETAS DE CREDITO PLATINUM MASTERCARD Y VISA Y OPTATIVOS CUENTA CORRIENTE CAJA DE AHORRO EN DOLARES PREACUERDO DE PRESTAMO PERSONAL CUENTA COMITENTE;Todo el territorio nacional;
7;BANCO DE GALICIA Y BUENOS AIRES S.A.;2025-11-03;SERVICIO SIMPLE;SIMPLE;27000,00;310000;3;80;Personas humanas Monotributistas;Básico;CAJA DE AHORRO DOLARES, TARJETA DE CREDITO;Todo el territorio nacional;
448;BANCO DINO S.A.;2025-03-17;PAQUETE DINO INTERNACIONAL;DINO INTERNACIONAL;16940,00;0;0;100;Todos los beneficiarios;Básico;CAJA DE AHORRO DOLARES - TARJETA DE CREDITO;Todo el territorio nacional;
285;BANCO MACRO S.A.;2026-01-30;MACRO VALORA ESENCIAL;MACRO VALORA ESENCIAL;29887,00;90000;6;84;Personas humanas en relación de dependencia;Básico;CAJA DE AHORROS EN DOLARES, TARJETA DE DEBITO TITULAR, HASTA DOS TARJETAS DE CREDITO INTERNACIONAL, SEGURO COMPRA PROTEGIDA Y SEGURO PROTECCION VIA PUBLICA.;Todo el territorio nacional;
27;BANCO SUPERVIELLE S.A.;2026-04-10;IDENTITE PLATINUM PREVISIONAL;;29900,00;1100000;0;86;Beneficiarios de cuentas de          Seguridad Social;Premium platinum;1 CAJA DE AHORRO EN PESOS, 1 CAJA DE AHORRO EN DOLARES, 1 CAJA DE AHORRO EN EUROS,1 CUENTA CORRIENTE, 1 TARJETA VISA  Y MASTERCARD PLATINUM, 1 TARJETA DE DEBITO, SEGUROS DE: COMPRA PROTEGIDA, CUIDADOS PROLONGADOS, ASISTENCIA AL HOGAR, ROBO EN CAJERO AUTOMATICO, DOCUMENTACION Y LLAVES, RENTA DIARIA POR INTERNACION Y MUERTE,TRANSACCIONES EN CAJEROS DEL EXTERIOR SIN COSTO;Todo el territorio nacional;
44;BANCO HIPOTECARIO S.A.;2020-12-18;BUHO PACK;BUHO PACK;723,58;20000;6;100;Todos los beneficiarios;Básico;TARJETA DE CREDITO INTERNACIONAL VISA.  CAJA DE AHORRO EN DOLARES.  TARJETA DE DEBITO.  CUENTA CORRIENTE OPC;Todo el territorio nacional;EMPLEADOS EN RELACION DE DEPENDENCIA: 6 MESES. CONTRATADOS: 3 AÑOS. INDEPENDIENTES: 1 AÑO.
27;BANCO SUPERVIELLE S.A.;2026-04-10;HIT MAS;;12650,00;200000;0;86;Personas humanas Monotributistas;Básico;1 CAJA DE AHORRO EN PESOS,1 CAJA DE AHORRO EN DOLARES,1 TARJETA DE CREDITO INTERNACIONAL,1 TARJETA DE DEBITO,TRANSACCIONES EN CAJEROS BANELCO SIN COSTO,TRANSACCIONES EN CAJEROS LINK SIN COSTO;Todo el territorio nacional;
322;BANCO INDUSTRIAL S.A.;2025-08-01;BIND GLOBAL;GLOBAL;24624,65;80000;12;64;Personas humanas Monotributistas;Básico;VISA DEBITO, CAJA DE AHORROS EN DOLARES, CAJA DE AHORRO EN EUROS (OPCIONAL), CUENTA CORRIENTE EN PESOS (OPCIONAL), TARJETA DE CREDITO VISA (OPCIONAL),  PRESTAMOS PREACORDADOS SEGUN RCI,;Todo el territorio nacional;
285;BANCO MACRO S.A.;2026-01-30;MACRO VALORA ESENCIAL;MACRO VALORA ESENCIAL;29887,00;90000;6;84;Personas humanas Monotributistas;Básico;CAJA DE AHORROS EN DOLARES, TARJETA DE DEBITO TITULAR, HASTA DOS TARJETAS DE CREDITO INTERNACIONAL, SEGURO COMPRA PROTEGIDA Y SEGURO PROTECCION VIA PUBLICA.;Todo el territorio nacional;
299;BANCO COMAFI SOCIEDAD ANONIMA;2025-10-06;SERVICIO COMAFI GLOBAL;SERV. COMAFI GLOBAL;18204,45;800000;6;100;Personas humanas en relación de dependencia;Básico;CAJA DE AHORROS EN DOLARES, DOS TARJETAS DE DEBITO, TARJETAS DE CREDITO VISA Y/O MASTERCARD INTERNACIONAL;Todo el territorio nacional;PROGRAMAS DE BENEFICIOS TE VA BIEN Y TE VA BIEN SUMA
7;BANCO DE GALICIA Y BUENOS AIRES S.A.;2025-11-03;SERVICIO TOTAL;TOTAL;27000,00;310000;3;80;Personas humanas en relación de dependencia;Básico;CAJA DE AHORRO DOLARES, TARJETA DE CREDITO, TARJETA DE CREDITO;Todo el territorio nacional;
17;BANCO BBVA ARGENTINA S.A.;2026-04-16;CUENTA 17                                                                                                                       ;CTA 17                   ;22900,00;28000;12;100;Personas humanas Monotributistas;Básico;VISA DEBITO, 1 CUENTA CORRIENTE EN PESOS, 1 CAJA DE AHORRO EN DOLARES, 1 VISA INTER-T.CRED, ACUERDO PARA ADELANTOS EN CC                                                                                                                                                                                                                                                                                                                                                                                                                                                                                                                                                                                                                                                                                                                                                                                                                                                                                                                                        ;Todo el territorio nacional;INGRESO SIN ACREDITACION DE HABERES                                                                                                                                                                                                                                                                                                                                                                                                                                                                                                                                                                                                                                                                                                                                                                                                                                                                                                                                                                                                                             
15;INDUSTRIAL AND COMMERCIAL BANK OF CHINA (ARGENTINA) S.A.U.;2026-01-14;EXCLUSIVE BANKING BLACK;EXCLUSIVE BANKING BLACK;76000,00;999999;12;69;Personas humanas en relación de dependencia;Premium platinum;CAJA DE AHORRO EN USD, CUENTA CORRIENTE EN PESOS, ACUERDO DE SOBREGIRO, TARJETA DE DEBITO, TARJETA DE CREDITO VISA SIGNATURE Y O MASTERCARD BLACK, SEGURO PROTECCION CAJEROS AUTOMATICOS   INGRESO MINIMO   3.200.000;Todo el territorio nacional;
72;BANCO SANTANDER ARGENTINA S.A.;2026-01-26;SUPERCUENTA CON CHEQUERA Y ACUERDO;SUPERCUENTA CON CHEQ Y AC;19231,00;1000;1;100;Personas humanas Monotributistas;Básico;CUENTA CORRIENTE, CAJA DE AHORRO EN DOLARES, MOVIMIENTOS ILIMITADOS EN CAJEROS PROPIOS DE LA RED BANELCO, TARJETA DE DEBITO PARA EL PRIMER FIRMANTE, RESUMEN UNICO CUATRIMESTRAL, CUENTA CORRIENTE, PRIMERA CHEQUERA DE 25 CHEQUES;Todo el territorio nacional;REQUISITO DEMOSTRAR ORIGEN DE FONDOS, PARTICIPA DEL PROGRAMA DE BENEFICIOS SUPERCLUB
322;BANCO INDUSTRIAL S.A.;2025-08-01;BIND ZAFIRO;ZAFIRO;51734,05;2000000;12;64;Empleados públicos;Premium platinum;VISA DEBITO, CAJA DE AHORROS EN DOLARES, CAJA DE AHORRO EN EUROS (OPCIONAL), CUENTA CORRIENTE EN PESOS, TARJETA DE CREDITO VISA PLATINUM/SIGNATURE(OPCIONAL),  PRESTAMOS PREACORDADOS SEGUN RCI,;Todo el territorio nacional;
426;BANCO BICA S.A.;2025-12-29;PAQUETE BICA PLATINUM;PLATINUM;51999,75;0;0;100;Personas humanas en relación de dependencia;Premium platinum;CAJA DE AHORRO PESOS, CAJA DE AHORRO USD, TARJETA DE DEBITO, TARJETA DE CREDITO;Todo el territorio nacional;
299;BANCO COMAFI SOCIEDAD ANONIMA;2025-10-06;SERVICIO COMAFI PREMIUM PLATINUM;SERV. COMAFI PREMIUM PLAT;52011,85;1800000;6;100;Personas humanas en relación de dependencia;Premium platinum;CUENTA CORRIENTE CON ACUERDO DE SOBREGIRO, CAJA DE AHORROS EN DOLARES, TRES TARJETAS DE DEBITO, SEGURO DE ROBO EN CAJERO, TARJETAS DE CREDITO VISA Y/O MASTERCARD PLATINUM ;Todo el territorio nacional;PROGRAMAS DE BENEFICIOS TE VA BIEN Y TE VA BIEN SUMA
285;BANCO MACRO S.A.;2026-01-30;MACRO PREFERENCIAL;MACRO PREFERENCIAL;61238,10;700000;6;84;Personas humanas Responsables Inscriptos;Premium platinum;CUENTA CORRIENTE EN PESOS, CAJA DE AHORROS EN DOLARES, TARJETA DE DEBITO TITULAR, HASTA DOS TARJETAS DE CREDITO PLATINUM, Y ACUERDO EN DESCUBIERTO SIEMPRE QUE CALIFIQUE CREDITICIAMENTE PARA EL MISMO.;Todo el territorio nacional;
299;BANCO COMAFI SOCIEDAD ANONIMA;2025-10-06;SERVICIO COMAFI PREMIUM PLATINUM;SERV. COMAFI PREMIUM PLAT;52011,85;1800000;18;100;Personas humanas Responsables Inscriptos;Premium platinum;CUENTA CORRIENTE CON ACUERDO DE SOBREGIRO, CAJA DE AHORROS EN DOLARES, TRES TARJETAS DE DEBITO, SEGURO DE ROBO EN CAJERO, TARJETAS DE CREDITO VISA Y/O MASTERCARD PLATINUM;Todo el territorio nacional;PROGRAMAS DE BENEFICIOS TE VA BIEN Y TE VA BIEN SUMA
27;BANCO SUPERVIELLE S.A.;2026-04-10;ACTIVE;;20700,00;200000;0;86;Personas humanas en relación de dependencia;Básico;1 CAJA DE AHORRO EN PESOS,1 CAJA DE AHORRO EN DOLARES,1 CUENTA CORRIENTES, 1 TARJETA DE CREDITO INTERNACIONAL,1 TARJETA DE DEBITO,TRANSACCIONES EN CAJEROS BANELCO SIN COSTO,TRANSACCIONES EN CAJEROS LINK SIN COSTO;Todo el territorio nacional;
285;BANCO MACRO S.A.;2026-01-30;MACRO PREFERENCIAL;MACRO PREFERENCIAL;61238,10;700000;6;84;Clientes con cuenta en la entidad;Premium platinum;CUENTA CORRIENTE EN PESOS, CAJA DE AHORROS EN DOLARES, TARJETA DE DEBITO TITULAR, HASTA DOS TARJETAS DE CREDITO PLATINUM, Y ACUERDO EN DESCUBIERTO SIEMPRE QUE CALIFIQUE CREDITICIAMENTE PARA EL MISMO.;Todo el territorio nacional;
27;BANCO SUPERVIELLE S.A.;2026-04-10;HIT MAS;;12650,00;200000;0;86;Personas humanas en relación de dependencia;Básico;1 CAJA DE AHORRO EN PESOS,1 CAJA DE AHORRO EN DOLARES,1 TARJETA DE CREDITO INTERNACIONAL,1 TARJETA DE DEBITO,TRANSACCIONES EN CAJEROS BANELCO SIN COSTO,TRANSACCIONES EN CAJEROS LINK SIN COSTO;Todo el territorio nacional;
285;BANCO MACRO S.A.;2026-01-30;MACRO PREFERENCIAL;MACRO PREFERENCIAL;30619,05;700000;6;84;Beneficiarios de cuentas de          Seguridad Social;Premium platinum;CUENTA SUELDO O DE LA SEGURIDAD SOCIAL, CUENTA CORRIENTE EN PESOS, CAJA DE AHORROS EN DOLARES, TARJETA DE DEBITO TITULAR, HASTA DOS TARJETAS DE CREDITO PLATINUM, Y ACUERDO EN DESCUBIERTO SIEMPRE QUE CALIFIQUE CREDITICIAMENTE PARA EL MISMO.;Todo el territorio nacional;
72;BANCO SANTANDER ARGENTINA S.A.;2026-01-26;SUPERCUENTA CON CHEQUERA Y ACUERDO;SUPERCUENTA CON CHEQ Y AC;19231,00;1000;1;100;Personas humanas en relación de dependencia;Básico;CUENTA CORRIENTE, CAJA DE AHORRO EN DOLARES, MOVIMIENTOS ILIMITADOS EN CAJEROS PROPIOS DE LA RED BANELCO, TARJETA DE DEBITO PARA EL PRIMER FIRMANTE, RESUMEN UNICO CUATRIMESTRAL, CUENTA CORRIENTE, PRIMERA CHEQUERA DE 25 CHEQUES;Todo el territorio nacional;REQUISITO DEMOSTRAR ORIGEN DE FONDOS, PARTICIPA DEL PROGRAMA DE BENEFICIOS SUPERCLUB
72;BANCO SANTANDER ARGENTINA S.A.;2026-01-26;SUPERCUENTA CON CHEQUERA;SUPERCUENTA CON CHEQ;19231,00;1000;1;100;Personas humanas en relación de dependencia;Básico;CUENTA CORRIENTE, CAJA DE AHORRO EN DOLARES, MOVIMIENTOS ILIMITADOS EN CAJEROS PROPIOS DE LA RED BANELCO, TARJETA DE DEBITO PARA EL PRIMER FIRMANTE, RESUMEN UNICO CUATRIMESTRAL, PRIMERA CHEQUERA DE 25 CHEQUES;Todo el territorio nacional;REQUISITO DEMOSTRAR ORIGEN DE FONDOS, PARTICIPA DEL PROGRAMA DE BENEFICIOS SUPERCLUB
72;BANCO SANTANDER ARGENTINA S.A.;2026-01-26;SUPERCUENTA;SUPERCUENTA;11900,00;1000;1;100;Personas humanas en relación de dependencia;Básico;CAJA DE AHORRO EN DOLARES, MOVIMIENTOS ILIMITADOS EN CAJEROS PROPIOS DE LA RED BANELCO, TARJETA DE DEBITO PARA EL PRIMER FIRMANTE, RESUMEN UNICO CUATRIMESTRAL;Todo el territorio nacional;REQUISITO DEMOSTRAR ORIGEN DE FONDOS, PARTICIPA DEL PROGRAMA DE BENEFICIOS SUPERCLUB
34;BANCO PATAGONIA S.A.;2026-02-27;PATAGONIA CLASICA;CLASICA;21250,00;0;0;100;Personas humanas en relación de dependencia;Básico;UNA TARJETA DE DEBITO. UNA TARJETA DE CREDITO INTERNACIONAL;Todo el territorio nacional;POSIBILIDAD DE OBTENER LA BONIFICACION DE LA COMISION DE SERVICIO DE MANTENIMIENTO DE ACUERDO A LA ACREDITACION DE HABERES.EL PRODUCTO INFORMADO DISPONE DE UN PROGRAMA DE BONIFICACION DE LA COMISION POR SERVICIO DE MANTENIMIENTO DE PAQUETE DE ACUERDO AL NIVEL DE TRANSACCIONALIDAD PARA EL SEGMENTO DE CLIENTES MERCADO ABIERTO.EL PRODUCTO INFORMADO DISPONE DE BENEFICIOS EN SUPERMERCADOS, PELUQUERIAS, SHOPPINGS, TURISMO E INDUMENTARIA ENTRE OTROS. LOS TERMINOS Y CONDICIONES APLICABLES SE ENCUENTRAN PUBLICADOS EN EL SITIO WEB DE BANCO PATAGONIA.LA COMISION POR SERVICIO DE MANTENIMIENTO DE PAQUETE INCLUYE EL IMPUESTO AL VALOR AGREGADO (IVA). DE ACUERDO A LA JURISDICCION DE RADICACION DEL CLIENTE, EL PRODUCTO ES SUCEPTIBLE DE SER ALCANZADO POR IMPUESTOS PROVINCIALES.
27;BANCO SUPERVIELLE S.A.;2026-04-10;IDENTITE PLATINUM;;63250,00;1100000;0;86;Personas humanas en relación de dependencia;Premium platinum;1 CAJA DE AHORRO EN PESOS,1 CAJA DE AHORRO EN DOLARES,1 CAJA DE AHORRO EN EUROS, 1 CUENTA CORRIENTES, 1 TARJETA DE CREDITO PLATINUM VISA Y MASTERCARD, 1 TARJETA DE DEBITO, CHEQUERA ILIMITADA, SEGURO ANTE ROBO EN CAJERO AUTOMATICO Y SEGURO DE BOLSO PROTEGIDO  BONIFICADOS, TRANSACCIONES EN CAJEROS DEL EXTERIOR SIN COSTO, TRANSACCIONES EN CAJEROS BANELCO SIN COSTO,TRANSACCIONES EN CAJEROS LINK SIN COSTO;Todo el territorio nacional;
27;BANCO SUPERVIELLE S.A.;2026-04-10;PLATINUM INVERSOR;;56350,00;500000;0;86;Empleados públicos;Premium platinum;1 CAJA DE AHORRO EN PESOS,1 CAJA DE AHORRO EN DOLARES,1 TARJETA VISA PLATINUM, 1 TARJETA DE DEBITO, TRANSACCIONES EN CAJEROS BANELCO SIN COSTO,TRANSACCIONES EN CAJEROS LINK SIN COSTO,TRANSACCIONES EN CAJEROS DEL EXTERIOR SIN COSTO;Todo el territorio nacional;
285;BANCO MACRO S.A.;2026-01-30;MACRO PREFERENCIAL;MACRO PREFERENCIAL;61238,10;700000;6;84;Empleados públicos;Premium platinum;CUENTA CORRIENTE EN PESOS, CAJA DE AHORROS EN DOLARES, TARJETA DE DEBITO TITULAR, HASTA DOS TARJETAS DE CREDITO PLATINUM, Y ACUERDO EN DESCUBIERTO SIEMPRE QUE CALIFIQUE CREDITICIAMENTE PARA EL MISMO.;Todo el territorio nacional;
72;BANCO SANTANDER ARGENTINA S.A.;2026-01-26;PLATINUM;PLATINUM;68365,00;3000000;6;100;Personas humanas Monotributistas;Premium platinum;2 TARJETAS DE CREDITO, ACUERDO DE DESCUBIERTO, CAJA DE AHORRO EN DOLARES, CUENTA CORRIENTE EN PESOS, Y PRESTAMO PREAPROBADO;Todo el territorio nacional;PROGRAMA DE BENEFICIOS SUPERCLUB
426;BANCO BICA S.A.;2025-12-29;PAQUETE BICA PLATINUM;PLATINUM;51999,75;0;0;100;Clientes con cuenta en la entidad;Premium platinum;CAJA DE AHORRO PESOS, CAJA DE AHORRO USD, TARJETA DE DEBITO, TARJETA DE CREDITO;Todo el territorio nacional;
72;BANCO SANTANDER ARGENTINA S.A.;2026-01-26;SUPERCUENTA CON CHEQUERA;SUPERCUENTA CON CHEQ;19231,00;1000;1;100;Personas humanas Monotributistas;Básico;CUENTA CORRIENTE, CAJA DE AHORRO EN DOLARES, MOVIMIENTOS ILIMITADOS EN CAJEROS PROPIOS DE LA RED BANELCO, TARJETA DE DEBITO PARA EL PRIMER FIRMANTE, RESUMEN UNICO CUATRIMESTRAL, PRIMERA CHEQUERA DE 25 CHEQUES;Todo el territorio nacional;REQUISITO DEMOSTRAR ORIGEN DE FONDOS, PARTICIPA DEL PROGRAMA DE BENEFICIOS SUPERCLUB
72;BANCO SANTANDER ARGENTINA S.A.;2026-01-26;SUPERCUENTA 3 CON CHEQUERA;SUPERCUENTA 3 CON CHEQ;29040,00;1150000;6;100;Personas humanas Monotributistas;Básico;CUENTA CORRIENTE, CAJA DE AHORRO EN DOLARES, TARJETA SANTANDER RIO VISA INTERNACIONAL SIN CARGO DE RENOVACION,  RESUMEN Y ADICIONALES, MOVIMIENTOS ILIMITADOS EN CAJEROS PROPIOS DE LA RED BANELCO, TARJETA DE DEBITO PARA EL PRIMER FIRMANTE, RESUMEN UNICO MENSUAL, PRIMERA CHEQUERA DE 25 CHEQUES;Todo el territorio nacional;REQUISITO DEMOSTRAR ORIGEN DE FONDOS, PARTICIPA DEL PROGRAMA DE BENEFICIOS SUPERCLUB
7;BANCO DE GALICIA Y BUENOS AIRES S.A.;2025-11-03;SERVICIO CLASSIC;CLASSIC;27000,00;310000;3;80;Personas humanas Monotributistas;Básico;CAJA DE AHORRO DOLARES, TARJETA DE CREDITO, TARJETA DE CREDITO, CUENTA CORRIENTE;Todo el territorio nacional;
426;BANCO BICA S.A.;2025-12-29;PAQUETE BICA OPTIMA;OPTIMA;42386,97;0;0;100;Clientes con cuenta en la entidad;Premium platinum;CUENTA CORRIENTE, ACUERDO ADELANTOS TRANSITORIOS, TARJETA DE DEBITO, 4 TARJETAS DE CREDITO;Todo el territorio nacional;
17;BANCO BBVA ARGENTINA S.A.;2026-04-16;CUENTA PREMIUM                                                                                                                  ;CTA PREMIUM              ;66900,00;83400;12;100;Clientes con cuenta en la entidad;Premium platinum;VISA DEBITO, 1 CUSTODIA, 1 CUENTA CORRIENTE EN PESOS, 1 CAJA DE AHORRO EN EUROS, 1 CAJA DE AHORRO EN DOLARES, 1 MASTERCARD PLATINUM Y 1 VISA PLATINUM, ACUERDO PARA ADELANTOS EN CC                                                                                                                                                                                                                                                                                                                                                                                                                                                                                                                                                                                                                                                                                                                                                                                                                                                                             ;Todo el territorio nacional;INGRESO SIN ACREDITACION DE HABERES                                                                                                                                                                                                                                                                                                                                                                                                                                                                                                                                                                                                                                                                                                                                                                                                                                                                                                                                                                                                                             
432;BANCO DE COMERCIO S.A.;2026-04-16;BANCO DE COMERCIO PYME;PYME;58488,07;0;0;100;Todos los beneficiarios;Básico;CUENTA CORRIENTE EN PESOS, CUENTA CORRIENTE ESPECIAL EN DOLARES, CHEQUERA 25;Todo el territorio nacional;
44;BANCO HIPOTECARIO S.A.;2020-12-18;FACIL PACK;FACIL PACK;514,20;20000;6;100;Todos los beneficiarios;Básico;CAJA DE AHORRO EN DOLARES. TARJETA DE DEBITO.  CUENTA CORRIENTE.;Todo el territorio nacional;EMPLEADOS EN RELACION DE DEPENDENCIA: 6 MESES. CONTRATADOS: 3 AÑOS. INDEPENDIENTES: 1 AÑO.
27;BANCO SUPERVIELLE S.A.;2026-04-10;IDENTITE PLATINUM;;63250,00;1100000;0;86;Beneficiarios de cuentas de          Seguridad Social;Premium platinum;1 CAJA DE AHORRO EN PESOS,1 CAJA DE AHORRO EN DOLARES,1 CAJA DE AHORRO EN EUROS, 1 CUENTA CORRIENTES, 1 TARJETA DE CREDITO PLATINUM VISA Y MASTERCARD, 1 TARJETA DE DEBITO, CHEQUERA ILIMITADA, SEGURO ANTE ROBO EN CAJERO AUTOMATICO Y SEGURO DE BOLSO PROTEGIDO  BONIFICADOS, TRANSACCIONES EN CAJEROS DEL EXTERIOR SIN COSTO, TRANSACCIONES EN CAJEROS BANELCO SIN COSTO,TRANSACCIONES EN CAJEROS LINK SIN COSTO;Todo el territorio nacional;
299;BANCO COMAFI SOCIEDAD ANONIMA;2025-10-06;SERVICIO COMAFI PREMIUM PLATINUM;SERV. COMAFI PREMIUM PLAT;26005,93;1800000;0;100;Beneficiarios de cuentas de          Seguridad Social;Premium platinum;CUENTA CORRIENTE CON ACUERDO DE SOBREGIRO, CAJA DE AHORROS EN DOLARES, TRES TARJETAS DE DEBITO, SEGURO DE ROBO EN CAJERO, TARJETAS DE CREDITO VISA Y/O MASTERCARD PLATINUM ;Todo el territorio nacional;PROGRAMAS DE BENEFICIOS TE VA BIEN Y TE VA BIEN SUMA
27;BANCO SUPERVIELLE S.A.;2026-04-10;IDENTITE PLATINUM;;63250,00;1100000;0;86;Clientes con cuenta en la entidad;Premium platinum;1 CAJA DE AHORRO EN PESOS,1 CAJA DE AHORRO EN DOLARES,1 CAJA DE AHORRO EN EUROS, 1 CUENTA CORRIENTES, 1 TARJETA DE CREDITO PLATINUM VISA Y MASTERCARD, 1 TARJETA DE DEBITO, CHEQUERA ILIMITADA, SEGURO ANTE ROBO EN CAJERO AUTOMATICO Y SEGURO DE BOLSO PROTEGIDO  BONIFICADOS, TRANSACCIONES EN CAJEROS DEL EXTERIOR SIN COSTO, TRANSACCIONES EN CAJEROS BANELCO SIN COSTO,TRANSACCIONES EN CAJEROS LINK SIN COSTO;Todo el territorio nacional;
17;BANCO BBVA ARGENTINA S.A.;2026-04-16;CUENTA PLUS                                                                                                                     ;CTA.PLUS                 ;29900,00;28000;12;100;Personas humanas en relación de dependencia;Básico;VISA DEBITO, 1 CUENTA CORRIENTE EN PESOS, 1 CAJA DE AHORRO EN DOLARES, 1 MASTERCARD - TARJETA DE CREDITO INTERNACIONAL Y VISA INTERNACIONAL - T CREDITO, ACUERDO PARA ADELANTOS EN CC                                                                                                                                                                                                                                                                                                                                                                                                                                                                                                                                                                                                                                                                                                                                                                                                                                                                           ;Todo el territorio nacional;INGRESO SIN ACREDITACION DE HABERES                                                                                                                                                                                                                                                                                                                                                                                                                                                                                                                                                                                                                                                                                                                                                                                                                                                                                                                                                                                                                             
299;BANCO COMAFI SOCIEDAD ANONIMA;2025-10-06;SERVICIO COMAFI PREMIUM PLATINUM;SERV. COMAFI PREMIUM PLAT;52011,85;1800000;6;100;Clientes con cuenta en la entidad;Premium platinum;CUENTA CORRIENTE CON ACUERDO DE SOBREGIRO, CAJA DE AHORROS EN DOLARES, TRES TARJETAS DE DEBITO, SEGURO DE ROBO EN CAJERO, TARJETAS DE CREDITO VISA Y/O MASTERCARD PLATINUM;Todo el territorio nacional;PROGRAMAS DE BENEFICIOS TE VA BIEN Y TE VA BIEN SUMA
11;BANCO DE LA NACION ARGENTINA;2026-01-23;PAQUETE DE SERVICIOS CUENTA NACION INSIGNIA PREVISIONAL;CUENTA NACION INSIGNIA PR;29242,00;2095796;0;100;Beneficiarios de cuentas de          Seguridad Social;Premium platinum;CUENTA DE LA SEGURIDAD SOCIAL Y/O CUENTA CORRIENTE TARJETAS DE CREDITO PLATINUM MASTERCARD Y VISA Y OPTATIVOS CAJA DE AHORRO EN DOLARES PREACUERDO DE PRESTAMO PERSONAL CUENTA COMITENTE;Todo el territorio nacional;
44;BANCO HIPOTECARIO S.A.;2020-12-18;FACIL PACK PLAN SUELDO;FACIL PACK;,00;14500;6;100;Todos los beneficiarios;Básico;CAJA DE AHORRO EN DOLARES. TARJETA DE DEBITO. CUENTA CORRIENTE.;Todo el territorio nacional;EMPLEADOS EN RELACION DE DEPENDENCIA: 6 MESES. CONTRATADOS: 3 AÑOS. INDEPENDIENTES: 1 AÑO.
17;BANCO BBVA ARGENTINA S.A.;2026-04-16;CUENTA EXPRESS                                                                                                                  ;CTA EXPRESS              ;29900,00;28000;12;100;Personas humanas Monotributistas;Básico;VISA DEBITO, 1 CUENTA CORRIENTE EN PESOS, 1 CAJA DE AHORRO EN DOLARES,  1 MASTERCARD - TARJETA DE CREDITO O 1 VISA INTER-T.CRED, ACUERDO PARA ADELANTOS EN CC                                                                                                                                                                                                                                                                                                                                                                                                                                                                                                                                                                                                                                                                                                                                                                                                                                                                                                   ;Todo el territorio nacional;INGRESO SIN ACREDITACION DE HABERES                                                                                                                                                                                                                                                                                                                                                                                                                                                                                                                                                                                                                                                                                                                                                                                                                                                                                                                                                                                                                             
426;BANCO BICA S.A.;2025-12-29;PAQUETE BICA INTERNACIONAL;INTERNACIONAL;24000,35;0;0;100;Personas humanas en relación de dependencia;Básico;CAJA DE AHORRO PESOS, CAJA DE AHORRO USD, TARJETA DE DEBITO, TARJETA DE CREDITO;Todo el territorio nacional;
17;BANCO BBVA ARGENTINA S.A.;2026-04-16;CUENTA PLUS                                                                                                                     ;CTA.PLUS                 ;29900,00;28000;12;100;Clientes con cuenta en la entidad;Básico;VISA DEBITO, 1 CUENTA CORRIENTE EN PESOS, 1 CAJA DE AHORRO EN DOLARES, 1 MASTERCARD - TARJETA DE CREDITO INTERNACIONAL Y VISA INTERNACIONAL - T CREDITO, ACUERDO PARA ADELANTOS EN CC                                                                                                                                                                                                                                                                                                                                                                                                                                                                                                                                                                                                                                                                                                                                                                                                                                                                           ;Todo el territorio nacional;INGRESO SIN ACREDITACION DE HABERES                                                                                                                                                                                                                                                                                                                                                                                                                                                                                                                                                                                                                                                                                                                                                                                                                                                                                                                                                                                                                             
299;BANCO COMAFI SOCIEDAD ANONIMA;2025-10-06;SERVICIO COMAFI UNICO BLACK;SERV. COMAFI UNICO BLACK;39945,13;2900000;4;100;Clientes que acrediten sueldos en la entidad;Premium signature, black o similar;CUENTA CORRIENTE CON ACUERDO DE SOBREGIRO, CAJA DE AHORROS EN DOLARES, TRES TARJETAS DE DEBITO, SEGURO DE ROBO EN CAJERO, TARJETAS DE CREDITO VISA SIGNATURE Y/O MASTERCARD BLACK ;Todo el territorio nacional;PROGRAMAS DE BENEFICIOS TE VA BIEN Y TE VA BIEN SUMA
285;BANCO MACRO S.A.;2026-01-30;MACRO SELECTA;MACRO SELECTA;39239,21;999999;6;84;Clientes que acrediten sueldos en la entidad;Premium signature, black o similar;CUENTA SUELDO O DE LA SEGURIDAD SOCIAL, CUENTA CORRIENTE EN PESOS, CAJA DE AHORROS EN DOLARES, TARJETA DE DEBITO TITULAR SELECTA, HASTA UNA TARJETA DE CREDITO SIGNATURE Y UNA BLACK (OPCIONAL), Y ACUERDO EN DESCUBIERTO SIEMPRE QUE CALIFIQUE CREDITICIAMENTE PARA EL MISMO.;Todo el territorio nacional;
34;BANCO PATAGONIA S.A.;2026-02-27;PATAGONIA CLASICA;CLASICA;21250,00;0;0;100;Clientes con cuenta en la entidad;Básico;UNA TARJETA DE DEBITO. UNA TARJETA DE CREDITO INTERNACIONAL;Todo el territorio nacional;POSIBILIDAD DE OBTENER LA BONIFICACION DE LA COMISION DE SERVICIO DE MANTENIMIENTO DE ACUERDO A LA ACREDITACION DE HABERES.EL PRODUCTO INFORMADO DISPONE DE UN PROGRAMA DE BONIFICACION DE LA COMISION POR SERVICIO DE MANTENIMIENTO DE PAQUETE DE ACUERDO AL NIVEL DE TRANSACCIONALIDAD PARA EL SEGMENTO DE CLIENTES MERCADO ABIERTO.EL PRODUCTO INFORMADO DISPONE DE BENEFICIOS EN SUPERMERCADOS, PELUQUERIAS, SHOPPINGS, TURISMO E INDUMENTARIA ENTRE OTROS. LOS TERMINOS Y CONDICIONES APLICABLES SE ENCUENTRAN PUBLICADOS EN EL SITIO WEB DE BANCO PATAGONIA.LA COMISION POR SERVICIO DE MANTENIMIENTO DE PAQUETE INCLUYE EL IMPUESTO AL VALOR AGREGADO (IVA). DE ACUERDO A LA JURISDICCION DE RADICACION DEL CLIENTE, EL PRODUCTO ES SUCEPTIBLE DE SER ALCANZADO POR IMPUESTOS PROVINCIALES.
11;BANCO DE LA NACION ARGENTINA;2026-01-23;PAQUETE DE SERVICIOS CUENTA NACION INSIGNIA;CUENTA NACION INSIGNIA;75038,00;3410000;0;100;Clientes que acrediten sueldos en la entidad;Premium signature, black o similar;CUENTA SUELDO TARJETAS DE CREDITO MASTERCARD BLACK Y VISA SIGNATURE Y OPTATIVOS CUENTA CORRIENTE CAJA DE AHORRO EN DOLARES PREACUERDO DE PRESTAMO PERSONAL CUENTA COMITENTE;Todo el territorio nacional;
44;BANCO HIPOTECARIO S.A.;2020-12-18;BLACK PACK PLAN SUELDO;BLACK PACK PLAN SUELDO;,00;100000;6;100;Todos los beneficiarios;Premium signature, black o similar;TARJETA DE CREDITO VISA SIGNATURE. CAJA DE AHORRO EN DOLARES. TARJETA DE DEBITO. CUENTA CORRIENTE. CUENTA INVERSION.;Todo el territorio nacional;EMPLEADOS EN RELACION DE DEPENDENCIA: 6 MESES. CONTRATADOS: 3 AÑOS. INDEPENDIENTES: 1 AÑO.
315;BANCO DE FORMOSA S.A.;2026-03-31;PAQUETE PREFERENCIAL;PREFERENCIAL;45511,00;1300000;3;90;Clientes que acrediten sueldos en la entidad;Premium signature, black o similar;CUENTA CORRIENTE - ACUERDO EN CUENTA - TARJETA DE CREDITO CABAL - TARJETA DE CREDITO VISA PLATINUM SIGNATURE;Todo el territorio nacional;
7;BANCO DE GALICIA Y BUENOS AIRES S.A.;2025-11-03;SERVICIO TOTAL;TOTAL;27000,00;310000;3;80;Clientes con cuenta en la entidad;Básico;CAJA DE AHORRO DOLARES, TARJETA DE CREDITO, TARJETA DE CREDITO;Todo el territorio nacional;
299;BANCO COMAFI SOCIEDAD ANONIMA;2025-10-06;SERVICIO COMAFI UNICO PLATINUM;SERV. COMAFI UNICO PLATIN;26005,93;2000000;4;100;Clientes que acrediten sueldos en la entidad;Premium signature, black o similar;CUENTA CORRIENTE CON ACUERDO DE SOBREGIRO, CAJA DE AHORROS EN DOLARES, TRES TARJETAS DE DEBITO, SEGURO DE ROBO EN CAJERO, TARJETAS DE CREDITO VISA Y/O MASTERCARD PLATINUM ;Todo el territorio nacional;PROGRAMAS DE BENEFICIOS TE VA BIEN Y TE VA BIEN SUMA
72;BANCO SANTANDER ARGENTINA S.A.;2026-01-26;SUPERCUENTA 3 CON CHEQUERA;SUPERCUENTA 3 CON CHEQ;29040,00;1150000;6;100;Clientes con cuenta en la entidad;Básico;CUENTA CORRIENTE, CAJA DE AHORRO EN DOLARES, TARJETA SANTANDER RIO VISA INTERNACIONAL SIN CARGO DE RENOVACION,  RESUMEN Y ADICIONALES, MOVIMIENTOS ILIMITADOS EN CAJEROS PROPIOS DE LA RED BANELCO, TARJETA DE DEBITO PARA EL PRIMER FIRMANTE, RESUMEN UNICO MENSUAL, PRIMERA CHEQUERA DE 25 CHEQUES;Todo el territorio nacional;REQUISITO DEMOSTRAR ORIGEN DE FONDOS, PARTICIPA DEL PROGRAMA DE BENEFICIOS SUPERCLUB
7;BANCO DE GALICIA Y BUENOS AIRES S.A.;2025-11-03;SERVICIO TOTAL;TOTAL;27000,00;310000;3;80;Clientes que acrediten sueldos en la entidad;Básico;CAJA DE AHORRO DOLARES, TARJETA DE CREDITO, TARJETA DE CREDITO;Todo el territorio nacional;
27;BANCO SUPERVIELLE S.A.;2026-04-10;IDENTITE BLACK PREVISIONAL;;39100,00;3500000;0;86;Beneficiarios de cuentas de          Seguridad Social;Premium signature, black o similar;1 CAJA DE AHORRO EN PESOS, 1 CAJA DE AHORRO EN DOLARES, 1 CAJA DE AHORRO EN EUROS,1 CUENTA CORRIENTE, 1 TARJETA VISA  Y MASTERCARD BLACK/SIGNATURE, 1 TARJETA DE DEBITO, SEGUROS DE: COMPRA PROTEGIDA, CUIDADOS PROLONGADOS, ASISTENCIA AL HOGAR, ROBO EN CAJERO AUTOMATICO, DOCUMENTACION Y LLAVES, RENTA DIARIA POR INTERNACION Y MUERTE,TRANSACCIONES EN CAJEROS DEL EXTERIOR SIN COSTO;Todo el territorio nacional;
72;BANCO SANTANDER ARGENTINA S.A.;2026-01-26;INFINITY;INFINITY;32177,00;1150000;6;100;Clientes con cuenta en la entidad;Básico;CUENTA CORRIENTE, CAJA DE AHORRO EN DOLARES, TARJETA VISA  SIN CARGO DE RENOVACION, TARJETA AMERICAN EXPRESS SIN CARGO DE RENOVACION, TARJETA DE DEBITO , RESUMEN UNICO MENSUAL;Todo el territorio nacional;PARTICIPA DEL PROGRAMA DE BENEFICIOS SUPERCLUB
11;BANCO DE LA NACION ARGENTINA;2026-01-23;PAQUETE DE SERVICIOS CUENTA NACION INSIGNIA PREVISIONAL;CUENTA NACION INSIGNIA PR;34842,00;3492993;0;100;Beneficiarios de cuentas de          Seguridad Social;Premium signature, black o similar;CUENTA DE LA SEGURIDAD SOCIAL Y/O CUENTA CORRIENTE TARJETAS DE CREDITO MASTERCARD BLACK Y VISA SIGNATURE Y OPTATIVOS CAJA DE AHORRO EN DOLARES PREACUERDO DE PRESTAMO PERSONAL CUENTA COMITENTE;Todo el territorio nacional;
11;BANCO DE LA NACION ARGENTINA;2026-01-23;PAQUETE DE SERVICIOS CUENTA NACION AGIL;CUENTA NACION AGIL;28489,00;341000;0;100;Clientes con cuenta en la entidad;Básico;TARJETA DE CREDITO INTERNACIONAL MASTERCARD Y/O VISA Y OPTATIVOS PREACUERDO DE PRESTAMO PERSONAL CAJA DE AHORRO EN DOLARES CUENTA CORRIENTE;Todo el territorio nacional;
27;BANCO SUPERVIELLE S.A.;2026-04-10;BLACK INVERSOR;;72450,00;2500000;0;86;Beneficiarios de cuentas de          Seguridad Social;Premium signature, black o similar;1 CAJA DE AHORRO EN PESOS,1 CAJA DE AHORRO EN DOLARES,1 CAJA DE AHORRO EN EUROS,1 TARJETA VISA SIGNATURE, 1 TARJETA DE DEBITO, TRANSACCIONES EN CAJEROS BANELCO SIN COSTO,TRANSACCIONES EN CAJEROS LINK SIN COSTO,TRANSACCIONES EN CAJEROS DEL EXTERIOR SIN COSTO;Todo el territorio nacional;
27;BANCO SUPERVIELLE S.A.;2026-04-10;IDENTITE BLACK;;83400,00;3500000;0;86;Beneficiarios de cuentas de          Seguridad Social;Premium signature, black o similar;1 CAJA DE AHORRO EN PESOS,1 CAJA DE AHORRO EN DOLARES,1 CAJA DE AHORRO EN EUROS, 1 CUENTA CORRIENTES,1 TARJETA DE CREDITO VISA Y MASTERCARD BLACK/SIGNATURE, 1 TARJETA DE DEBITO, CHEQUERA ILIMITADA, SEGURO ANTE ROBO EN CAJERO AUTOMATICO Y SEGURO DE BOLSO PROTEGIDO BONIFICADOS, TRANSACCIONES EN CAJEROS DEL EXTERIOR SIN COSTO, TRANSACCIONES EN CAJEROS BANELCO SIN COSTO,TRANSACCIONES EN CAJEROS LINK SIN COSTO;Todo el territorio nacional;
285;BANCO MACRO S.A.;2026-01-30;MACRO SELECTA;MACRO SELECTA;39239,21;999999;6;84;Beneficiarios de cuentas de          Seguridad Social;Premium signature, black o similar;CUENTA SUELDO O DE LA SEGURIDAD SOCIAL, CUENTA CORRIENTE EN PESOS, CAJA DE AHORROS EN DOLARES, TARJETA DE DEBITO TITULAR SELECTA, HASTA UNA TARJETA DE CREDITO SIGNATURE Y UNA BLACK (OPCIONAL), Y ACUERDO EN DESCUBIERTO SIEMPRE QUE CALIFIQUE CREDITICIAMENTE PARA EL MISMO.;Todo el territorio nacional;
426;BANCO BICA S.A.;2025-12-29;PAQUETE BICA OPTIMA SALARIO;OPTIMA SALARIO;21420,34;0;0;100;Clientes que acrediten sueldos en la entidad;Premium signature, black o similar;CAJA DE AHORRO SUELDO, CUENTA CORRIENTE, ACUERDO ADELANTOS TRANSITORIOS, TARJETA DE DEBITO, 4 TARJETAS DE CREDITO;Todo el territorio nacional;
299;BANCO COMAFI SOCIEDAD ANONIMA;2025-10-06;SERVICIO COMAFI UNICO BLACK;SERV. COMAFI UNICO BLACK;39945,13;2900000;0;100;Beneficiarios de cuentas de          Seguridad Social;Premium signature, black o similar;CUENTA CORRIENTE CON ACUERDO DE SOBREGIRO, CAJA DE AHORROS EN DOLARES, TRES TARJETAS DE DEBITO, SEGURO DE ROBO EN CAJERO, TARJETAS DE CREDITO VISA SIGNATURE Y/O MASTERCARD BLACK;Todo el territorio nacional;PROGRAMAS DE BENEFICIOS TE VA BIEN Y TE VA BIEN SUMA
17;BANCO BBVA ARGENTINA S.A.;2026-04-16;CUENTA PREMIUM WORLD                                                                                                            ;PREM WORLD               ;78900,00;140000;12;100;Beneficiarios de cuentas de          Seguridad Social;Premium signature, black o similar;VISA DEBITO, 1 CUSTODIA, 1 CUENTA CORRIENTE EN PESOS, 1 CAJA DE AHORRO EN EUROS, 1 CAJA DE AHORRO EN DOLARES, 1 MASTER BLACK T CREDITO Y 1 VISA SIGNATURE T CREDITO, ACUERDO PARA ADELANTOS EN CC                                                                                                                                                                                                                                                                                                                                                                                                                                                                                                                                                                                                                                                                                                                                                                                                                                                               ;Todo el territorio nacional;INGRESO SIN ACREDITACION DE HABERES                                                                                                                                                                                                                                                                                                                                                                                                                                                                                                                                                                                                                                                                                                                                                                                                                                                                                                                                                                                                                             
7;BANCO DE GALICIA Y BUENOS AIRES S.A.;2025-11-03;SERVICIO EMINENT SIGNATURE;EMINENT SIGNATURE;70000,00;3250000;3;80;Clientes que acrediten sueldos en la entidad;Premium signature, black o similar;CAJA DE AHORRO DOLARES, TARJETA DE CREDITO, TARJETA DE CREDITO, CUENTA CORRIENTE;Todo el territorio nacional;
44;BANCO HIPOTECARIO S.A.;2020-12-18;BLACK PACK;BLACK PACK;1787,17;100000;6;100;Todos los beneficiarios;Premium signature, black o similar;TARJETA DE CREDITO VISA SIGNATURE. CAJA DE AHORRO EN DOLARES. TARJETA DE DEBITO. CUENTA CORRIENTE. CUENTA INVERSION.;Todo el territorio nacional;EMPLEADOS EN RELACION DE DEPENDENCIA: 6 MESES. CONTRATADOS: 3 AÑOS. INDEPENDIENTES: 1 AÑO.
44;BANCO HIPOTECARIO S.A.;2020-12-18;EMPRENDEDOR BLACK PACK;EMPRENDEDOR BLACK PACK;1787,17;100000;6;100;Todos los beneficiarios;Premium signature, black o similar;TARJETA DE CREDITO VISA SIGNATURE. CAJA DE AHORRO EN DOLARES. TARJETA DE DEBITO. CUENTA CORRIENTE. CUENTA INVERSION.;Todo el territorio nacional;EMPLEADOS EN RELACION DE DEPENDENCIA: 6 MESES. CONTRATADOS: 3 AÑOS. INDEPENDIENTES: 1 AÑO.
72;BANCO SANTANDER ARGENTINA S.A.;2026-01-26;SUPERCUENTA CON PRESTAMO PERSONAL;SUPERCUENTA CON PREST PER;14339,00;1150000;1;100;Clientes con cuenta en la entidad;Básico;CUENTA CORRIENTE, CAJA DE AHORRO EN DOLARES, MOVIMIENTOS ILIMITADOS EN CAJEROS PROPIOS DE LA RED BANELCO, TARJETA DE DEBITO PARA EL PRIMER FIRMANTE, RESUMEN UNICO CUATRIMESTRAL, CUENTA CORRIENTE, PRESTAMO PERSONAL PREACORDADO;Todo el territorio nacional;REQUISITO DEMOSTRAR ORIGEN DE FONDOS, PARTICIPA DEL PROGRAMA DE BENEFICIOS SUPERCLUB
7;BANCO DE GALICIA Y BUENOS AIRES S.A.;2025-11-03;SERVICIO SIMPLE;SIMPLE;27000,00;310000;3;80;Clientes con cuenta en la entidad;Básico;CAJA DE AHORRO DOLARES, TARJETA DE CREDITO;Todo el territorio nacional;
191;BANCO CREDICOOP COOPERATIVO LIMITADO;2026-03-27;MODULO DIRECTIVOS IDEAL ;MOD DIRECT IDEAL  ;71995,00;2200000;0;100;Clientes que acrediten sueldos en la entidad;Premium signature, black o similar;1 CAJA DE AHORROS EN DOLARES 1 CUENTA CORRIENTE CON ACUERDO DE DESCUBIERTO 1 TARJETA DE DEBITO 2 TARJETAS DE CREDITO 1 SEGURO DE PROTECCION DE CAJEROS AUTOMATICOS 1 CUENTA COMITENTE;Todo el territorio nacional;
285;BANCO MACRO S.A.;2026-01-30;MACRO VALORA ESENCIAL;MACRO VALORA ESENCIAL;29887,00;90000;6;84;Clientes con cuenta en la entidad;Básico;CAJA DE AHORROS EN DOLARES, TARJETA DE DEBITO TITULAR, HASTA DOS TARJETAS DE CREDITO INTERNACIONAL, SEGURO COMPRA PROTEGIDA Y SEGURO PROTECCION VIA PUBLICA.;Todo el territorio nacional;
72;BANCO SANTANDER ARGENTINA S.A.;2026-01-26;SUPERCUENTA CON CHEQUERA Y ACUERDO;SUPERCUENTA CON CHEQ Y AC;19231,00;1000;1;100;Clientes con cuenta en la entidad;Básico;CUENTA CORRIENTE, CAJA DE AHORRO EN DOLARES, MOVIMIENTOS ILIMITADOS EN CAJEROS PROPIOS DE LA RED BANELCO, TARJETA DE DEBITO PARA EL PRIMER FIRMANTE, RESUMEN UNICO CUATRIMESTRAL, CUENTA CORRIENTE, PRIMERA CHEQUERA DE 25 CHEQUES;Todo el territorio nacional;REQUISITO DEMOSTRAR ORIGEN DE FONDOS, PARTICIPA DEL PROGRAMA DE BENEFICIOS SUPERCLUB
7;BANCO DE GALICIA Y BUENOS AIRES S.A.;2025-11-03;SERVICIO CLASSIC;CLASSIC;27000,00;310000;3;80;Clientes que acrediten sueldos en la entidad;Básico;CAJA DE AHORRO DOLARES, TARJETA DE CREDITO, TARJETA DE CREDITO, CUENTA CORRIENTE;Todo el territorio nacional;
72;BANCO SANTANDER ARGENTINA S.A.;2026-01-26;SUPERCUENTA CON PRESTAMO PERSONAL;SUPERCUENTA CON PREST PER;14339,00;1150000;1;100;Personas humanas en relación de dependencia;Básico;CUENTA CORRIENTE, CAJA DE AHORRO EN DOLARES, MOVIMIENTOS ILIMITADOS EN CAJEROS PROPIOS DE LA RED BANELCO, TARJETA DE DEBITO PARA EL PRIMER FIRMANTE, RESUMEN UNICO CUATRIMESTRAL, CUENTA CORRIENTE, PRESTAMO PERSONAL PREACORDADO;Todo el territorio nacional;REQUISITO DEMOSTRAR ORIGEN DE FONDOS, PARTICIPA DEL PROGRAMA DE BENEFICIOS SUPERCLUB
191;BANCO CREDICOOP COOPERATIVO LIMITADO;2026-03-27;MODULO IDEAL ;MOD IDEAL  ;71995,00;2900000;12;100;Clientes que acrediten sueldos en la entidad;Premium signature, black o similar;1 CAJA DE AHORRO EN DOLARES 1 CUENTA CORRIENTE CON ACUERDO DE DESCUBIERTO 2 TARJETAS DE CREDITO;Todo el territorio nacional;CON ACREDITACION DE HABERES EL COSTO DEL MODULO ES DE PESOS $35997,5
322;BANCO INDUSTRIAL S.A.;2025-08-01;BIND ZAFIRO;ZAFIRO;51734,05;2000000;12;64;Clientes con cuenta en la entidad;Premium platinum;VISA DEBITO, CAJA DE AHORROS EN DOLARES, CAJA DE AHORRO EN EUROS (OPCIONAL), CUENTA CORRIENTE EN PESOS, TARJETA DE CREDITO VISA PLATINUM/SIGNATURE(OPCIONAL),  PRESTAMOS PREACORDADOS SEGUN RCI,;Todo el territorio nacional;
448;BANCO DINO S.A.;2025-03-17;PAQUETE DINO PLATINUM;DINO PLATINUM;30250,00;0;0;100;Todos los beneficiarios;Premium platinum;CAJA DE AHORRO DOLARES - TARJETA DE CREDITO;Todo el territorio nacional;
27;BANCO SUPERVIELLE S.A.;2026-04-10;ACTIVE;;20700,00;200000;0;86;Personas humanas Monotributistas;Básico;1 CAJA DE AHORRO EN PESOS,1 CAJA DE AHORRO EN DOLARES,1 CUENTA CORRIENTES, 1 TARJETA DE CREDITO INTERNACIONAL,1 TARJETA DE DEBITO,TRANSACCIONES EN CAJEROS BANELCO SIN COSTO,TRANSACCIONES EN CAJEROS LINK SIN COSTO;Todo el territorio nacional;
17;BANCO BBVA ARGENTINA S.A.;2026-04-16;CUENTA 17                                                                                                                       ;CTA 17                   ;22900,00;28000;12;100;Personas humanas en relación de dependencia;Básico;VISA DEBITO, 1 CUENTA CORRIENTE EN PESOS, 1 CAJA DE AHORRO EN DOLARES, 1 VISA INTER-T.CRED, ACUERDO PARA ADELANTOS EN CC                                                                                                                                                                                                                                                                                                                                                                                                                                                                                                                                                                                                                                                                                                                                                                                                                                                                                                                                        ;Todo el territorio nacional;INGRESO SIN ACREDITACION DE HABERES                                                                                                                                                                                                                                                                                                                                                                                                                                                                                                                                                                                                                                                                                                                                                                                                                                                                                                                                                                                                                             
7;BANCO DE GALICIA Y BUENOS AIRES S.A.;2025-11-03;SERVICIO SIMPLE;SIMPLE;27000,00;310000;3;80;Personas humanas en relación de dependencia;Básico;CAJA DE AHORRO DOLARES, TARJETA DE CREDITO;Todo el territorio nacional;
7;BANCO DE GALICIA Y BUENOS AIRES S.A.;2025-11-03;SERVICIO CLASSIC;CLASSIC;27000,00;310000;3;80;Personas humanas en relación de dependencia;Básico;CAJA DE AHORRO DOLARES, TARJETA DE CREDITO, TARJETA DE CREDITO, CUENTA CORRIENTE;Todo el territorio nacional;
315;BANCO DE FORMOSA S.A.;2026-03-31;PAQUETE PLUS;PLUS;25487,00;300000;3;90;Personas humanas en relación de dependencia;Básico;CUENTA CORRIENTE - ADELANTO DE HABERES - TARJETA DE CREDITO CABAL - TARJETA DE CREDITO VISA INTERNACIONAL;Todo el territorio nacional;
17;BANCO BBVA ARGENTINA S.A.;2026-04-16;CUENTA EXPRESS                                                                                                                  ;CTA EXPRESS              ;29900,00;28000;12;100;Personas humanas en relación de dependencia;Básico;VISA DEBITO, 1 CUENTA CORRIENTE EN PESOS, 1 CAJA DE AHORRO EN DOLARES,  1 MASTERCARD - TARJETA DE CREDITO O 1 VISA INTER-T.CRED, ACUERDO PARA ADELANTOS EN CC                                                                                                                                                                                                                                                                                                                                                                                                                                                                                                                                                                                                                                                                                                                                                                                                                                                                                                   ;Todo el territorio nacional;INGRESO SIN ACREDITACION DE HABERES                                                                                                                                                                                                                                                                                                                                                                                                                                                                                                                                                                                                                                                                                                                                                                                                                                                                                                                                                                                                                             
72;BANCO SANTANDER ARGENTINA S.A.;2026-01-26;PLATINUM;PLATINUM;68365,00;3000000;6;100;Empleados públicos;Premium platinum;2 TARJETAS DE CREDITO, ACUERDO DE DESCUBIERTO, CAJA DE AHORRO EN DOLARES, CUENTA CORRIENTE EN PESOS, Y PRESTAMO PREAPROBADO;Todo el territorio nacional;PROGRAMA DE BENEFICIOS SUPERCLUB
7;BANCO DE GALICIA Y BUENOS AIRES S.A.;2025-11-03;CUENTA PROPIA;PROPIA;27000,00;310000;12;80;Personas humanas Monotributistas;Básico;CUENTA CORRIENTE, TARJETA DE CREDITO, CAJA DE AHORRO DOLARES;Todo el territorio nacional;
426;BANCO BICA S.A.;2025-12-29;PAQUETE BICA IDEAL;IDEAL;32885,24;0;0;100;Personas humanas en relación de dependencia;Básico;CUENTA CORRIENTE, ACUERDO ADELANTOS TRANSITORIOS, TARJETA DE DEBITO, 4 TARJETAS DE CREDITO;Todo el territorio nacional;
431;BANCO COINAG S.A.;2025-05-30;COINAG ESMERALDA;COINAG ESMERALDA;15000,00;0;0;75;Clientes con cuenta en la entidad;Premium platinum;CAJA DE AHORRO EN PESOS, CAJA DE AHORRO EN USD, TARJETA DE CREDITO VISA, SEGURO HOGAR, SEGURO ATM;Todo el territorio nacional;
299;BANCO COMAFI SOCIEDAD ANONIMA;2025-10-06;SERVICIO COMAFI GLOBAL;SERV. COMAFI GLOBAL;18204,45;800000;18;100;Personas humanas Monotributistas;Básico;CAJA DE AHORROS EN DOLARES, DOS TARJETAS DE DEBITO, TARJETAS DE CREDITO VISA Y/O MASTERCARD INTERNACIONAL;Todo el territorio nacional;PROGRAMAS DE BENEFICIOS TE VA BIEN Y TE VA BIEN SUMA
15;INDUSTRIAL AND COMMERCIAL BANK OF CHINA (ARGENTINA) S.A.U.;2026-01-14;CLASSIC BANKING;CLASSIC BANKING;26000,00;535000;12;69;Personas humanas en relación de dependencia;Básico;CAJA DE AHORRO EN USD, CUENTA CORRIENTE EN PESOS, ACUERDO DE SOBREGIRO, TARJETA DE DEBITO, TARJETA DE CREDITO VISA INTERNACIONAL O MASTERCARD INTERNACIONAL;Todo el territorio nacional;
315;BANCO DE FORMOSA S.A.;2026-03-31;PAQUETE SIMPLE;SIMPLE;11660,00;12000;3;90;Personas humanas en relación de dependencia;Básico;CUENTA CORRIENTE - ADELANTO DE HABERES - TARJETA DE CREDITO CABAL;Todo el territorio nacional;
299;BANCO COMAFI SOCIEDAD ANONIMA;2025-10-06;SERVICIO COMAFI PREMIUM PLATINUM;SERV. COMAFI PREMIUM PLAT;26005,93;1800000;4;100;Clientes que acrediten sueldos en la entidad;Premium platinum;CUENTA CORRIENTE CON ACUERDO DE SOBREGIRO, CAJA DE AHORROS EN DOLARES, TRES TARJETAS DE DEBITO, SEGURO DE ROBO EN CAJERO, TARJETAS DE CREDITO VISA Y/O MASTERCARD PLATINUM ;Todo el territorio nacional;PROGRAMAS DE BENEFICIOS TE VA BIEN Y TE VA BIEN SUMA
322;BANCO INDUSTRIAL S.A.;2025-08-01;BIND GLOBAL;GLOBAL;24624,65;80000;12;64;Personas humanas en relación de dependencia;Básico;VISA DEBITO, CAJA DE AHORROS EN DOLARES, CAJA DE AHORRO EN EUROS (OPCIONAL), CUENTA CORRIENTE EN PESOS (OPCIONAL), TARJETA DE CREDITO VISA (OPCIONAL),  PRESTAMOS PREACORDADOS SEGUN RCI,;Todo el territorio nacional;
27;BANCO SUPERVIELLE S.A.;2026-04-10;PLATINUM INVERSOR;;56350,00;500000;0;86;Beneficiarios de cuentas de          Seguridad Social;Premium platinum;1 CAJA DE AHORRO EN PESOS,1 CAJA DE AHORRO EN DOLARES,1 TARJETA VISA PLATINUM, 1 TARJETA DE DEBITO, TRANSACCIONES EN CAJEROS BANELCO SIN COSTO,TRANSACCIONES EN CAJEROS LINK SIN COSTO,TRANSACCIONES EN CAJEROS DEL EXTERIOR SIN COSTO;Todo el territorio nacional;
7;BANCO DE GALICIA Y BUENOS AIRES S.A.;2025-11-03;SERVICIO SIMPLE;SIMPLE;27000,00;310000;3;80;Clientes que acrediten sueldos en la entidad;Básico;CAJA DE AHORRO DOLARES, TARJETA DE CREDITO;Todo el territorio nacional;
17;BANCO BBVA ARGENTINA S.A.;2026-04-16;CUENTA PREMIUM                                                                                                                  ;CTA PREMIUM              ;66900,00;83400;12;100;Personas humanas en relación de dependencia;Premium platinum;VISA DEBITO, 1 CUSTODIA, 1 CUENTA CORRIENTE EN PESOS, 1 CAJA DE AHORRO EN EUROS, 1 CAJA DE AHORRO EN DOLARES, 1 MASTERCARD PLATINUM Y 1 VISA PLATINUM, ACUERDO PARA ADELANTOS EN CC                                                                                                                                                                                                                                                                                                                                                                                                                                                                                                                                                                                                                                                                                                                                                                                                                                                                             ;Todo el territorio nacional;INGRESO SIN ACREDITACION DE HABERES                                                                                                                                                                                                                                                                                                                                                                                                                                                                                                                                                                                                                                                                                                                                                                                                                                                                                                                                                                                                                             
426;BANCO BICA S.A.;2025-12-29;PAQUETE BICA OPTIMA SALARIO;OPTIMA SALARIO;21420,34;0;0;100;Clientes que acrediten sueldos en la entidad;Premium platinum;CAJA DE AHORRO SUELDO, CUENTA CORRIENTE, ACUERDO ADELANTOS TRANSITORIOS, TARJETA DE DEBITO, 4 TARJETAS DE CREDITO;Todo el territorio nacional;
27;BANCO SUPERVIELLE S.A.;2026-04-10;IDENTITE PLATINUM;;63250,00;1100000;0;86;Personas humanas Monotributistas;Premium platinum;1 CAJA DE AHORRO EN PESOS,1 CAJA DE AHORRO EN DOLARES,1 CAJA DE AHORRO EN EUROS, 1 CUENTA CORRIENTES, 1 TARJETA DE CREDITO PLATINUM VISA Y MASTERCARD, 1 TARJETA DE DEBITO, CHEQUERA ILIMITADA, SEGURO ANTE ROBO EN CAJERO AUTOMATICO Y SEGURO DE BOLSO PROTEGIDO  BONIFICADOS, TRANSACCIONES EN CAJEROS DEL EXTERIOR SIN COSTO, TRANSACCIONES EN CAJEROS BANELCO SIN COSTO,TRANSACCIONES EN CAJEROS LINK SIN COSTO;Todo el territorio nacional;
299;BANCO COMAFI SOCIEDAD ANONIMA;2025-10-06;SERVICIO COMAFI PREMIUM PLATINUM;SERV. COMAFI PREMIUM PLAT;52011,85;1800000;18;100;Personas humanas Monotributistas;Premium platinum;CUENTA CORRIENTE CON ACUERDO DE SOBREGIRO, CAJA DE AHORROS EN DOLARES, TRES TARJETAS DE DEBITO, SEGURO DE ROBO EN CAJERO, TARJETAS DE CREDITO VISA Y/O MASTERCARD PLATINUM ;Todo el territorio nacional;PROGRAMAS DE BENEFICIOS TE VA BIEN Y TE VA BIEN SUMA
285;BANCO MACRO S.A.;2026-01-30;MACRO VALORA SUPERIOR;MACRO VALORA SUPERIOR;45169,30;500000;6;84;Personas humanas Monotributistas;Premium gold;CAJA DE AHORROS EN DOLARES, TARJETA DE DEBITO TITULAR, HASTA DOS TARJETAS DE CREDITO GOLD, SEGURO COMPRA PROTEGIDA , SEGURO PROTECCION VIA PUBLICA Y ASISTENCIA MOVILIDAD;Todo el territorio nacional;
72;BANCO SANTANDER ARGENTINA S.A.;2026-01-26;SUPERCUENTA CON CHEQUERA;SUPERCUENTA CON CHEQ;19231,00;1000;1;100;Clientes con cuenta en la entidad;Básico;CUENTA CORRIENTE, CAJA DE AHORRO EN DOLARES, MOVIMIENTOS ILIMITADOS EN CAJEROS PROPIOS DE LA RED BANELCO, TARJETA DE DEBITO PARA EL PRIMER FIRMANTE, RESUMEN UNICO CUATRIMESTRAL, PRIMERA CHEQUERA DE 25 CHEQUES;Todo el territorio nacional;REQUISITO DEMOSTRAR ORIGEN DE FONDOS, PARTICIPA DEL PROGRAMA DE BENEFICIOS SUPERCLUB
72;BANCO SANTANDER ARGENTINA S.A.;2026-01-26;SUPERCUENTA 3;SUPERCUENTA 3;29040,00;1150000;6;100;Clientes con cuenta en la entidad;Básico;CUENTA CORRIENTE, CAJA DE AHORRO EN DOLARES, TARJETA SANTANDER RIO VISA INTERNACIONAL SIN CARGO DE RENOVACION,  RESUMEN Y ADICIONALES, MOVIMIENTOS ILIMITADOS EN CAJEROS PROPIOS DE LA RED BANELCO, TARJETA DE DEBITO PARA EL PRIMER FIRMANTE, RESUMEN UNICO MENSUAL;Todo el territorio nacional;REQUISITO DEMOSTRAR ORIGEN DE FONDOS, PARTICIPA DEL PROGRAMA DE BENEFICIOS SUPERCLUB
322;BANCO INDUSTRIAL S.A.;2025-08-01;BIND ZAFIRO;ZAFIRO;51734,05;2000000;12;64;Personas humanas en relación de dependencia;Premium platinum;VISA DEBITO, CAJA DE AHORROS EN DOLARES, CAJA DE AHORRO EN EUROS (OPCIONAL), CUENTA CORRIENTE EN PESOS, TARJETA DE CREDITO VISA PLATINUM/SIGNATURE(OPCIONAL),  PRESTAMOS PREACORDADOS SEGUN RCI,;Todo el territorio nacional;
426;BANCO BICA S.A.;2025-12-29;PAQUETE BICA OPTIMA;OPTIMA;42386,97;0;0;100;Personas humanas en relación de dependencia;Premium platinum;CUENTA CORRIENTE, ACUERDO ADELANTOS TRANSITORIOS, TARJETA DE DEBITO, 4 TARJETAS DE CREDITO;Todo el territorio nacional;
72;BANCO SANTANDER ARGENTINA S.A.;2026-01-26;PLATINUM;PLATINUM;68365,00;3000000;6;100;Clientes con cuenta en la entidad;Premium platinum;2 TARJETAS DE CREDITO, ACUERDO DE DESCUBIERTO, CAJA DE AHORRO EN DOLARES, CUENTA CORRIENTE EN PESOS, Y PRESTAMO PREAPROBADO;Todo el territorio nacional;PROGRAMA DE BENEFICIOS SUPERCLUB
17;BANCO BBVA ARGENTINA S.A.;2026-04-16;CUENTA 17                                                                                                                       ;CTA 17                   ;22900,00;28000;12;100;Empleados públicos;Básico;VISA DEBITO, 1 CUENTA CORRIENTE EN PESOS, 1 CAJA DE AHORRO EN DOLARES, 1 VISA INTER-T.CRED, ACUERDO PARA ADELANTOS EN CC                                                                                                                                                                                                                                                                                                                                                                                                                                                                                                                                                                                                                                                                                                                                                                                                                                                                                                                                        ;Todo el territorio nacional;INGRESO SIN ACREDITACION DE HABERES                                                                                                                                                                                                                                                                                                                                                                                                                                                                                                                                                                                                                                                                                                                                                                                                                                                                                                                                                                                                                             
27;BANCO SUPERVIELLE S.A.;2026-04-10;IDENTITE BLACK DIRECTIVOS Y DIPLOMATICOS;;,00;3500000;0;86;Beneficiarios de cuentas de          Seguridad Social;Premium signature, black o similar;1 CAJA DE AHORRO EN PESOS,1 CAJA DE AHORRO EN DOLARES,1 CAJA DE AHORRO EN EUROS,1 CUENTA CORRIENTE,  1 TARJETA DE CREDITO VISA Y MASTERCARD BLACK/SIGNATURE, 1 TARJETA DE DEBITO, SEGURO ANTE ROBO EN CAJERO AUTOMATICO Y SEGURO DE BOLSO PROTEGIDO BONIFICADOS, TRANSACCIONES EN CAJEROS BANELCO SIN COSTO,TRANSACCIONES EN CAJEROS LINK SIN COSTO,TRANSACCIONES EN CAJEROS DEL EXTERIOR SIN COSTO;Todo el territorio nacional;
299;BANCO COMAFI SOCIEDAD ANONIMA;2025-10-06;SERVICIO COMAFI UNICO PLATINUM;SERV. COMAFI UNICO PLATIN;26005,93;2000000;0;100;Beneficiarios de cuentas de          Seguridad Social;Premium signature, black o similar;CUENTA CORRIENTE CON ACUERDO DE SOBREGIRO, CAJA DE AHORROS EN DOLARES, TRES TARJETAS DE DEBITO, SEGURO DE ROBO EN CAJERO, TARJETAS DE CREDITO VISA Y/O MASTERCARD PLATINUM ;Todo el territorio nacional;PROGRAMAS DE BENEFICIOS TE VA BIEN Y TE VA BIEN SUMA
27;BANCO SUPERVIELLE S.A.;2026-04-10;PLATINUM INVERSOR;;56350,00;500000;0;86;Personas humanas Monotributistas;Premium platinum;1 CAJA DE AHORRO EN PESOS,1 CAJA DE AHORRO EN DOLARES,1 TARJETA VISA PLATINUM, 1 TARJETA DE DEBITO, TRANSACCIONES EN CAJEROS BANELCO SIN COSTO,TRANSACCIONES EN CAJEROS LINK SIN COSTO,TRANSACCIONES EN CAJEROS DEL EXTERIOR SIN COSTO;Todo el territorio nacional;
191;BANCO CREDICOOP COOPERATIVO LIMITADO;2026-03-27;MODULO DIRECTIVOS PREFERENCIAL ;MOD DIRECT PREFERENCIAL ;54450,00;2200000;0;100;Personas humanas Responsables Inscriptos;Premium platinum;1 CAJA DE AHORROS EN DOLARES 1 CUENTA CORRIENTE CON ACUERDO DE DESCUBIERTO 1 TARJETA DE DEBITO 2 TARJETAS DE CREDITO 1 SEGURO DE PROTECCION DE CAJEROS AUTOMATICOS 1 CUENTA COMITENTE;Todo el territorio nacional;
7;BANCO DE GALICIA Y BUENOS AIRES S.A.;2025-11-03;SERVICIO EMINENT PLATINUM;EMINENT PLATINUM;59000,00;2150000;3;80;Personas humanas Responsables Inscriptos;Premium gold;CAJA DE AHORRO DOLARES, TARJETA DE CREDITO, TARJETA DE CREDITO, CUENTA CORRIENTE;Todo el territorio nacional;
299;BANCO COMAFI SOCIEDAD ANONIMA;2025-10-06;SERVICIO COMAFI PREMIUM GOLD;SERV. COMAFI PREMIUM GOLD;35071,85;1000000;18;100;Personas humanas Monotributistas;Premium gold;CUENTA CORRIENTE CON ACUERDO DE SOBREGIRO, CAJA DE AHORROS EN DOLARES, TRES TARJETAS DE DEBITO, SEGURO DE ROBO EN CAJERO, TARJETAS DE CREDITO VISA Y/O MASTERCARD GOLD;Todo el territorio nacional;PROGRAMAS DE BENEFICIOS TE VA BIEN Y TE VA BIEN SUMA
17;BANCO BBVA ARGENTINA S.A.;2026-04-16;CUENTA PLUS GOLD                                                                                                                ;CTA.PLUS.G               ;48900,00;30000;12;100;Personas humanas en relación de dependencia;Premium gold;VISA DEBITO, 1 CUSTODIA, 1 CUENTA CORRIENTE EN PESOS, 1 CAJA DE AHORRO EN DOLARES, 1 MASTERCARD ORO - TARJETA DE CREDITO O VISA ORO - TARJETA DE CREDITO, ACUERDO PARA ADELANTOS EN CC                                                                                                                                                                                                                                                                                                                                                                                                                                                                                                                                                                                                                                                                                                                                                                                                                                                                          ;Todo el territorio nacional;INGRESO SIN ACREDITACION DE HABERES                                                                                                                                                                                                                                                                                                                                                                                                                                                                                                                                                                                                                                                                                                                                                                                                                                                                                                                                                                                                                             
72;BANCO SANTANDER ARGENTINA S.A.;2026-01-26;INFINITY GOLD;INFINITY GOLD;48400,00;2100000;6;100;Empleados públicos;Premium gold;2 TARJETAS DE CREDITO, ACUERDO DE DESCUBIERTO, CAJA DE AHORRO EN DOLARES, CUENTA CORRIENTE EN PESOS, Y PRESTAMO PREAPROBADO;Todo el territorio nacional;PROGRAMA DE BENEFICIOS SUPERCLUB
15;INDUSTRIAL AND COMMERCIAL BANK OF CHINA (ARGENTINA) S.A.U.;2026-01-14;PREMIUM BANKING GOLD;PREMIUM BANKING;45000,00;950000;12;69;Personas humanas en relación de dependencia;Premium gold;CAJA DE AHORRO EN USD, CUENTA CORRIENTE EN PESOS, ACUERDO DE SOBREGIRO, TARJETA DE DEBITO, TARJETA DE CREDITO VISA GOLD Y O MASTERCARD GOLD;Todo el territorio nacional;
431;BANCO COINAG S.A.;2025-05-30;COINAG ESMERALDA;COINAG ESMERALDA;15000,00;0;0;75;Clientes con cuenta en la entidad;Premium gold;CAJA DE AHORRO EN PESOS, CAJA DE AHORRO EN USD, TARJETA DE CREDITO VISA, SEGURO HOGAR, SEGURO ATM;Todo el territorio nacional;
17;BANCO BBVA ARGENTINA S.A.;2026-04-16;CUENTA FULL                                                                                                                     ;CTA.FULL                 ;48900,00;34300;12;100;Empleados públicos;Premium gold;VISA DEBITO, 1 CUSTODIA, 1 CUENTA CORRIENTE EN PESOS, 1 CAJA DE AHORRO EN DOLARES, MASTERCARD ORO - TARJETA DE CREDITO Y VISA ORO - TARJETA DE CREDITO, ACUERDO PARA ADELANTOS EN CC                                                                                                                                                                                                                                                                                                                                                                                                                                                                                                                                                                                                                                                                                                                                                                                                                                                                            ;Todo el territorio nacional;INGRESO SIN ACREDITACION DE HABERES                                                                                                                                                                                                                                                                                                                                                                                                                                                                                                                                                                                                                                                                                                                                                                                                                                                                                                                                                                                                                             
426;BANCO BICA S.A.;2025-12-29;PAQUETE BICA IDEAL;IDEAL;32885,24;0;0;100;Empleados públicos;Premium gold;CUENTA CORRIENTE, ACUERDO ADELANTOS TRANSITORIOS, TARJETA DE DEBITO, 4 TARJETAS DE CREDITO;Todo el territorio nacional;
7;BANCO DE GALICIA Y BUENOS AIRES S.A.;2025-11-03;SERVICIO EMINENT PLATINUM;EMINENT PLATINUM;59000,00;2150000;3;80;Empleados públicos;Premium gold;CAJA DE AHORRO DOLARES, TARJETA DE CREDITO, TARJETA DE CREDITO, CUENTA CORRIENTE;Todo el territorio nacional;
7;BANCO DE GALICIA Y BUENOS AIRES S.A.;2025-11-03;SERVICIO EMINENT;EMINENT;59000,00;21500;3;80;Personas humanas Monotributistas;Premium gold;CAJA DE AHORRO DOLARES, TARJETA DE CREDITO, TARJETA DE CREDITO, CUENTA CORRIENTE;Todo el territorio nacional;
7;BANCO DE GALICIA Y BUENOS AIRES S.A.;2025-11-03;CUENTA NEGOCIOS;NEGOCIOS;43000,00;900000;12;80;Personas humanas Monotributistas;Premium gold;CUENTA CORRIENTE, TARJETA DE CREDITO, TARJETA DE CREDITO, CAJA DE AHORRO DOLARES;Todo el territorio nacional;
7;BANCO DE GALICIA Y BUENOS AIRES S.A.;2025-11-03;SERVICIO PREFER PLATINUM;PREFER;59000,00;2150000;3;80;Empleados públicos;Premium gold;CAJA DE AHORRO DOLARES, TARJETA DE CREDITO, TARJETA DE CREDITO, CUENTA CORRIENTE;Todo el territorio nacional;
72;BANCO SANTANDER ARGENTINA S.A.;2026-01-26;INFINITY GOLD;INFINITY GOLD;48400,00;2100000;6;100;Personas humanas Responsables Inscriptos;Premium gold;2 TARJETAS DE CREDITO, ACUERDO DE DESCUBIERTO, CAJA DE AHORRO EN DOLARES, CUENTA CORRIENTE EN PESOS, Y PRESTAMO PREAPROBADO;Todo el territorio nacional;PROGRAMA DE BENEFICIOS SUPERCLUB
17;BANCO BBVA ARGENTINA S.A.;2026-04-16;CUENTA PLUS GOLD                                                                                                                ;CTA.PLUS.G               ;48900,00;30000;12;100;Personas humanas Monotributistas;Premium gold;VISA DEBITO, 1 CUSTODIA, 1 CUENTA CORRIENTE EN PESOS, 1 CAJA DE AHORRO EN DOLARES, 1 MASTERCARD ORO - TARJETA DE CREDITO O VISA ORO - TARJETA DE CREDITO, ACUERDO PARA ADELANTOS EN CC                                                                                                                                                                                                                                                                                                                                                                                                                                                                                                                                                                                                                                                                                                                                                                                                                                                                          ;Todo el territorio nacional;INGRESO SIN ACREDITACION DE HABERES                                                                                                                                                                                                                                                                                                                                                                                                                                                                                                                                                                                                                                                                                                                                                                                                                                                                                                                                                                                                                             
7;BANCO DE GALICIA Y BUENOS AIRES S.A.;2025-11-03;SERVICIO EMINENT;EMINENT;59000,00;21500;3;80;Personas humanas en relación de dependencia;Premium gold;CAJA DE AHORRO DOLARES, TARJETA DE CREDITO, TARJETA DE CREDITO, CUENTA CORRIENTE;Todo el territorio nacional;
72;BANCO SANTANDER ARGENTINA S.A.;2026-01-26;PLATINUM;PLATINUM;68365,00;3000000;6;100;Personas humanas Responsables Inscriptos;Premium platinum;2 TARJETAS DE CREDITO, ACUERDO DE DESCUBIERTO, CAJA DE AHORRO EN DOLARES, CUENTA CORRIENTE EN PESOS, Y PRESTAMO PREAPROBADO;Todo el territorio nacional;PROGRAMA DE BENEFICIOS SUPERCLUB
426;BANCO BICA S.A.;2025-12-29;PAQUETE BICA IDEAL;IDEAL;32885,24;0;0;100;Personas humanas en relación de dependencia;Premium gold;CUENTA CORRIENTE, ACUERDO ADELANTOS TRANSITORIOS, TARJETA DE DEBITO, 4 TARJETAS DE CREDITO;Todo el territorio nacional;
7;BANCO DE GALICIA Y BUENOS AIRES S.A.;2025-11-03;SERVICIO PREFER;PREFER;43000,00;900000;3;80;Clientes que acrediten sueldos en la entidad;Premium gold;CAJA DE AHORRO DOLARES, TARJETA DE CREDITO, TARJETA DE CREDITO, CUENTA CORRIENTE;Todo el territorio nacional;
44;BANCO HIPOTECARIO S.A.;2020-12-18;PLATINUM PACK;PLATINUM PACK;1345,52;70000;6;100;Todos los beneficiarios;Premium platinum;TARJETA DE CREDITO VISA PLATINUM. CAJA DE AHORRO EN DOLARES. TARJETA DE DEBITO. CUENTA CORRIENTE OPC. CUENTA INVERSION.;Todo el territorio nacional;EMPLEADOS EN RELACION DE DEPENDENCIA: 6 MESES. CONTRATADOS: 3 AÑOS. INDEPENDIENTES: 1 AÑO.
7;BANCO DE GALICIA Y BUENOS AIRES S.A.;2025-11-03;SERVICIO PREFER;PREFER;43000,00;900000;3;80;Personas humanas Monotributistas;Premium gold;CAJA DE AHORRO DOLARES, TARJETA DE CREDITO, TARJETA DE CREDITO, CUENTA CORRIENTE;Todo el territorio nacional;
426;BANCO BICA S.A.;2025-12-29;PAQUETE BICA IDEAL;IDEAL;32885,24;0;0;100;Clientes con cuenta en la entidad;Premium gold;CUENTA CORRIENTE, ACUERDO ADELANTOS TRANSITORIOS, TARJETA DE DEBITO, 4 TARJETAS DE CREDITO;Todo el territorio nacional;
17;BANCO BBVA ARGENTINA S.A.;2026-04-16;CUENTA PLUS GOLD                                                                                                                ;CTA.PLUS.G               ;48900,00;30000;12;100;Clientes con cuenta en la entidad;Premium gold;VISA DEBITO, 1 CUSTODIA, 1 CUENTA CORRIENTE EN PESOS, 1 CAJA DE AHORRO EN DOLARES, 1 MASTERCARD ORO - TARJETA DE CREDITO O VISA ORO - TARJETA DE CREDITO, ACUERDO PARA ADELANTOS EN CC                                                                                                                                                                                                                                                                                                                                                                                                                                                                                                                                                                                                                                                                                                                                                                                                                                                                          ;Todo el territorio nacional;INGRESO SIN ACREDITACION DE HABERES                                                                                                                                                                                                                                                                                                                                                                                                                                                                                                                                                                                                                                                                                                                                                                                                                                                                                                                                                                                                                             
7;BANCO DE GALICIA Y BUENOS AIRES S.A.;2025-11-03;SERVICIO EMINENT;EMINENT;59000,00;21500;3;80;Clientes con cuenta en la entidad;Premium gold;CAJA DE AHORRO DOLARES, TARJETA DE CREDITO, TARJETA DE CREDITO, CUENTA CORRIENTE;Todo el territorio nacional;
322;BANCO INDUSTRIAL S.A.;2025-08-01;BIND ESTILO;ESTILO;35453,58;500000;12;64;Personas humanas en relación de dependencia;Premium gold;VISA DEBITO, CAJA DE AHORROS EN DOLARES, CAJA DE AHORRO EN EUROS (OPCIONAL), CUENTA CORRIENTE EN PESOS (OPCIONAL), TARJETA DE CREDITO VISA (OPCIONAL),  PRESTAMOS PREACORDADOS SEGUN RCI,;Todo el territorio nacional;
11;BANCO DE LA NACION ARGENTINA;2026-01-23;PAQUETE DE SERVICIOS CUENTA NACION ESTILO;CUENTA NACION ESTILO;45674,00;1023000;0;100;Clientes que acrediten sueldos en la entidad;Premium gold;CUENTA SUELDO Y/O CUENTA CORRIENTE TARJETAS DE CREDITO GOLD MASTERCARD Y VISA Y OPTATIVOS CAJA DE AHORRO EN DOLARES PREACUERDO DE PRESTAMO PERSONAL CUENTA COMITENTE;Todo el territorio nacional;
17;BANCO BBVA ARGENTINA S.A.;2026-04-16;CUENTA PLUS GOLD                                                                                                                ;CTA.PLUS.G               ;48900,00;30000;12;100;Beneficiarios de cuentas de          Seguridad Social;Premium gold;VISA DEBITO, 1 CUSTODIA, 1 CUENTA CORRIENTE EN PESOS, 1 CAJA DE AHORRO EN DOLARES, 1 MASTERCARD ORO - TARJETA DE CREDITO O VISA ORO - TARJETA DE CREDITO, ACUERDO PARA ADELANTOS EN CC                                                                                                                                                                                                                                                                                                                                                                                                                                                                                                                                                                                                                                                                                                                                                                                                                                                                          ;Todo el territorio nacional;INGRESO SIN ACREDITACION DE HABERES                                                                                                                                                                                                                                                                                                                                                                                                                                                                                                                                                                                                                                                                                                                                                                                                                                                                                                                                                                                                                             
11;BANCO DE LA NACION ARGENTINA;2026-01-23;PAQUETE DE SERVICIOS CUENTA NACION INSIGNIA;CUENTA NACION INSIGNIA;62074,00;2046000;0;100;Clientes que acrediten sueldos en la entidad;Premium platinum;CUENTA SUELDO Y/O CUENTA CORRIENTE TARJETAS DE CREDITO PLATINUM MASTERCARD Y VISA Y OPTATIVOS CAJA DE AHORRO EN DOLARES PREACUERDO DE PRESTAMO PERSONAL CUENTA COMITENTE;Todo el territorio nacional;
27;BANCO SUPERVIELLE S.A.;2026-04-10;IDENTITE PLATINUM;;63250,00;1100000;0;86;Personas humanas Responsables Inscriptos;Premium platinum;1 CAJA DE AHORRO EN PESOS,1 CAJA DE AHORRO EN DOLARES,1 CAJA DE AHORRO EN EUROS, 1 CUENTA CORRIENTES, 1 TARJETA DE CREDITO PLATINUM VISA Y MASTERCARD, 1 TARJETA DE DEBITO, CHEQUERA ILIMITADA, SEGURO ANTE ROBO EN CAJERO AUTOMATICO Y SEGURO DE BOLSO PROTEGIDO  BONIFICADOS, TRANSACCIONES EN CAJEROS DEL EXTERIOR SIN COSTO, TRANSACCIONES EN CAJEROS BANELCO SIN COSTO,TRANSACCIONES EN CAJEROS LINK SIN COSTO;Todo el territorio nacional;
44;BANCO HIPOTECARIO S.A.;2020-12-18;EMPRENDEDOR PACK;EMPRENDEDOR PACK;1081,44;20000;6;100;Todos los beneficiarios;Premium platinum;TARJETA DE CREDITO VISA INTERNACIONAL, GOLD O PLATINUM. CAJA DE AHORRO EN DOLARES. TARJETA DE DEBITO. CUENTA CORRIENTE.;Todo el territorio nacional;EMPLEADOS EN RELACION DE DEPENDENCIA: 6 MESES. CONTRATADOS: 3 AÑOS. INDEPENDIENTES: 1 AÑO.  PLAN SUELDO $6250.
44;BANCO HIPOTECARIO S.A.;2020-12-18;GOLD PACK PLAN SUELDO;GOLD PACK;,00;40000;6;100;Todos los beneficiarios;Premium gold;TARJETA DE CREDITO VISA GOLD. CAJA DE AHORRO EN DOLARES. TARJETA DE DEBITO. CUENTA CORRIENTE.;Todo el territorio nacional;EMPLEADOS EN RELACION DE DEPENDENCIA: 6 MESES. CONTRATADOS: 3 AÑOS. INDEPENDIENTES: 1 AÑO.
72;BANCO SANTANDER ARGENTINA S.A.;2026-01-26;INFINITY GOLD;INFINITY GOLD;48400,00;2100000;6;100;Personas humanas Monotributistas;Premium gold;2 TARJETAS DE CREDITO, ACUERDO DE DESCUBIERTO, CAJA DE AHORRO EN DOLARES, CUENTA CORRIENTE EN PESOS, Y PRESTAMO PREAPROBADO;Todo el territorio nacional;PROGRAMA DE BENEFICIOS SUPERCLUB
7;BANCO DE GALICIA Y BUENOS AIRES S.A.;2025-11-03;SERVICIO EMINENT;EMINENT;59000,00;21500;3;80;Personas humanas Responsables Inscriptos;Premium gold;CAJA DE AHORRO DOLARES, TARJETA DE CREDITO, TARJETA DE CREDITO, CUENTA CORRIENTE;Todo el territorio nacional;
285;BANCO MACRO S.A.;2026-01-30;MACRO VALORA SUPERIOR;MACRO VALORA SUPERIOR;22584,65;500000;6;84;Beneficiarios de cuentas de          Seguridad Social;Premium gold;CUENTA SUELDO O DE LA SEGURIDAD SOCIAL, CAJA DE AHORROS EN DOLARES, TARJETA DE DEBITO TITULAR, HASTA DOS TARJETAS DE CREDITO GOLD, SEGURO COMPRA PROTEGIDA, SEGURO PROTECCION VIA PUBLICA Y ASISTENCIA MOVILIDAD;Todo el territorio nacional;
17;BANCO BBVA ARGENTINA S.A.;2026-04-16;CUENTA PLUS GOLD                                                                                                                ;CTA.PLUS.G               ;48900,00;30000;12;100;Empleados públicos;Premium gold;VISA DEBITO, 1 CUSTODIA, 1 CUENTA CORRIENTE EN PESOS, 1 CAJA DE AHORRO EN DOLARES, 1 MASTERCARD ORO - TARJETA DE CREDITO O VISA ORO - TARJETA DE CREDITO, ACUERDO PARA ADELANTOS EN CC                                                                                                                                                                                                                                                                                                                                                                                                                                                                                                                                                                                                                                                                                                                                                                                                                                                                          ;Todo el territorio nacional;INGRESO SIN ACREDITACION DE HABERES                                                                                                                                                                                                                                                                                                                                                                                                                                                                                                                                                                                                                                                                                                                                                                                                                                                                                                                                                                                                                             
7;BANCO DE GALICIA Y BUENOS AIRES S.A.;2025-11-03;SERVICIO EMINENT PLATINUM;EMINENT PLATINUM;59000,00;2150000;3;80;Personas humanas Monotributistas;Premium gold;CAJA DE AHORRO DOLARES, TARJETA DE CREDITO, TARJETA DE CREDITO, CUENTA CORRIENTE;Todo el territorio nacional;
426;BANCO BICA S.A.;2025-12-29;PAQUETE BICA GOLD;GOLD;35999,92;0;0;100;Empleados públicos;Premium gold;CAJA DE AHORRO PESOS, CAJA DE AHORRO USD, TARJETA DE DEBITO, TARJETA DE CREDITO;Todo el territorio nacional;
7;BANCO DE GALICIA Y BUENOS AIRES S.A.;2025-11-03;SERVICIO PREFER PLATINUM;PREFER;59000,00;2150000;3;80;Personas humanas Responsables Inscriptos;Premium gold;CAJA DE AHORRO DOLARES, TARJETA DE CREDITO, TARJETA DE CREDITO, CUENTA CORRIENTE;Todo el territorio nacional;
448;BANCO DINO S.A.;2025-03-17;PAQUETE DINO GOLD;DINO GOLD;24200,00;0;0;100;Todos los beneficiarios;Premium gold;CAJA DE AHORRO DOLARES - TARJETA DE CREDITO;Todo el territorio nacional;
322;BANCO INDUSTRIAL S.A.;2025-08-01;BIND ESTILO;ESTILO;35453,58;500000;12;64;Empleados públicos;Premium gold;VISA DEBITO, CAJA DE AHORROS EN DOLARES, CAJA DE AHORRO EN EUROS (OPCIONAL), CUENTA CORRIENTE EN PESOS (OPCIONAL), TARJETA DE CREDITO VISA (OPCIONAL),  PRESTAMOS PREACORDADOS SEGUN RCI,;Todo el territorio nacional;
7;BANCO DE GALICIA Y BUENOS AIRES S.A.;2025-11-03;SERVICIO PREFER;PREFER;43000,00;900000;3;80;Empleados públicos;Premium gold;CAJA DE AHORRO DOLARES, TARJETA DE CREDITO, TARJETA DE CREDITO, CUENTA CORRIENTE;Todo el territorio nacional;
299;BANCO COMAFI SOCIEDAD ANONIMA;2025-10-06;SERVICIO COMAFI PREMIUM GOLD;SERV. COMAFI PREMIUM GOLD;17535,93;1000000;0;100;Beneficiarios de cuentas de          Seguridad Social;Premium gold;CUENTA CORRIENTE CON ACUERDO DE SOBREGIRO, CAJA DE AHORROS EN DOLARES, TRES TARJETAS DE DEBITO, SEGURO DE ROBO EN CAJERO, TARJETAS DE CREDITO VISA Y/O MASTERCARD GOLD ;Todo el territorio nacional;PROGRAMAS DE BENEFICIOS TE VA BIEN Y TE VA BIEN SUMA
322;BANCO INDUSTRIAL S.A.;2025-08-01;BIND ESTILO;ESTILO;35453,58;500000;12;64;Personas humanas Monotributistas;Premium gold;VISA DEBITO, CAJA DE AHORROS EN DOLARES, CAJA DE AHORRO EN EUROS (OPCIONAL), CUENTA CORRIENTE EN PESOS (OPCIONAL), TARJETA DE CREDITO VISA (OPCIONAL),  PRESTAMOS PREACORDADOS SEGUN RCI,;Todo el territorio nacional;
17;BANCO BBVA ARGENTINA S.A.;2026-04-16;CUENTA PLUS GOLD                                                                                                                ;CTA.PLUS.G               ;48900,00;30000;12;100;Personas humanas Responsables Inscriptos;Premium gold;VISA DEBITO, 1 CUSTODIA, 1 CUENTA CORRIENTE EN PESOS, 1 CAJA DE AHORRO EN DOLARES, 1 MASTERCARD ORO - TARJETA DE CREDITO O VISA ORO - TARJETA DE CREDITO, ACUERDO PARA ADELANTOS EN CC                                                                                                                                                                                                                                                                                                                                                                                                                                                                                                                                                                                                                                                                                                                                                                                                                                                                          ;Todo el territorio nacional;INGRESO SIN ACREDITACION DE HABERES                                                                                                                                                                                                                                                                                                                                                                                                                                                                                                                                                                                                                                                                                                                                                                                                                                                                                                                                                                                                                             
191;BANCO CREDICOOP COOPERATIVO LIMITADO;2026-03-27;MODULO DIRECTIVOS CLASICO PLUS;MOD DIRECT CLASICO PLUS ;41140,00;2200000;0;100;Personas humanas Responsables Inscriptos;Premium gold;1 CAJA DE AHORROS EN DOLARES 1 CUENTA CORRIENTE CON ACUERDO DE DESCUBIERTO 1 TARJETA DE DEBITO 2 TARJETAS DE CREDITO 1 SEGURO DE PROTECCION DE CAJEROS AUTOMATICOS 1 CUENTA COMITENTE;Todo el territorio nacional;
7;BANCO DE GALICIA Y BUENOS AIRES S.A.;2025-11-03;SERVICIO EMINENT;EMINENT;59000,00;21500;3;80;Empleados públicos;Premium gold;CAJA DE AHORRO DOLARES, TARJETA DE CREDITO, TARJETA DE CREDITO, CUENTA CORRIENTE;Todo el territorio nacional;
17;BANCO BBVA ARGENTINA S.A.;2026-04-16;CUENTA FULL                                                                                                                     ;CTA.FULL                 ;48900,00;34300;12;100;Personas humanas Responsables Inscriptos;Premium gold;VISA DEBITO, 1 CUSTODIA, 1 CUENTA CORRIENTE EN PESOS, 1 CAJA DE AHORRO EN DOLARES, MASTERCARD ORO - TARJETA DE CREDITO Y VISA ORO - TARJETA DE CREDITO, ACUERDO PARA ADELANTOS EN CC                                                                                                                                                                                                                                                                                                                                                                                                                                                                                                                                                                                                                                                                                                                                                                                                                                                                            ;Todo el territorio nacional;INGRESO SIN ACREDITACION DE HABERES                                                                                                                                                                                                                                                                                                                                                                                                                                                                                                                                                                                                                                                                                                                                                                                                                                                                                                                                                                                                                             
191;BANCO CREDICOOP COOPERATIVO LIMITADO;2026-03-27;MODULO DIRECTIVOS CLASICO PLUS;MOD DIRECT CLASICO PLUS ;41140,00;2200000;0;100;Personas humanas Monotributistas;Premium gold;1 CAJA DE AHORROS EN DOLARES 1 CUENTA CORRIENTE CON ACUERDO DE DESCUBIERTO 1 TARJETA DE DEBITO 2 TARJETAS DE CREDITO 1 SEGURO DE PROTECCION DE CAJEROS AUTOMATICOS 1 CUENTA COMITENTE;Todo el territorio nacional;
7;BANCO DE GALICIA Y BUENOS AIRES S.A.;2025-11-03;SERVICIO PREFER PLATINUM;PREFER;59000,00;2150000;3;80;Personas humanas Monotributistas;Premium gold;CAJA DE AHORRO DOLARES, TARJETA DE CREDITO, TARJETA DE CREDITO, CUENTA CORRIENTE;Todo el territorio nacional;
285;BANCO MACRO S.A.;2026-01-30;MACRO VALORA SUPERIOR;MACRO VALORA SUPERIOR;45169,30;500000;6;84;Empleados públicos;Premium gold;CAJA DE AHORROS EN DOLARES, TARJETA DE DEBITO TITULAR, HASTA DOS TARJETAS DE CREDITO GOLD, SEGURO COMPRA PROTEGIDA , SEGURO PROTECCION VIA PUBLICA Y ASISTENCIA MOVILIDAD;Todo el territorio nacional;
431;BANCO COINAG S.A.;2025-05-30;COINAG ESMERALDA;COINAG ESMERALDA;15000,00;0;0;75;Personas humanas Monotributistas;Premium gold;CAJA DE AHORRO EN PESOS, CAJA DE AHORRO EN USD, TARJETA DE CREDITO VISA, SEGURO HOGAR, SEGURO ATM;Todo el territorio nacional;
285;BANCO MACRO S.A.;2026-01-30;MACRO VALORA SUPERIOR;MACRO VALORA SUPERIOR;45169,30;500000;6;84;Personas humanas Responsables Inscriptos;Premium gold;CAJA DE AHORROS EN DOLARES, TARJETA DE DEBITO TITULAR, HASTA DOS TARJETAS DE CREDITO GOLD, SEGURO COMPRA PROTEGIDA , SEGURO PROTECCION VIA PUBLICA Y ASISTENCIA MOVILIDAD;Todo el territorio nacional;
17;BANCO BBVA ARGENTINA S.A.;2026-04-16;CUENTA FULL                                                                                                                     ;CTA.FULL                 ;48900,00;34300;12;100;Beneficiarios de cuentas de          Seguridad Social;Premium gold;VISA DEBITO, 1 CUSTODIA, 1 CUENTA CORRIENTE EN PESOS, 1 CAJA DE AHORRO EN DOLARES, MASTERCARD ORO - TARJETA DE CREDITO Y VISA ORO - TARJETA DE CREDITO, ACUERDO PARA ADELANTOS EN CC                                                                                                                                                                                                                                                                                                                                                                                                                                                                                                                                                                                                                                                                                                                                                                                                                                                                            ;Todo el territorio nacional;INGRESO SIN ACREDITACION DE HABERES                                                                                                                                                                                                                                                                                                                                                                                                                                                                                                                                                                                                                                                                                                                                                                                                                                                                                                                                                                                                                             
322;BANCO INDUSTRIAL S.A.;2025-08-01;BIND ESTILO;ESTILO;35453,58;500000;12;64;Personas humanas Responsables Inscriptos;Premium gold;VISA DEBITO, CAJA DE AHORROS EN DOLARES, CAJA DE AHORRO EN EUROS (OPCIONAL), CUENTA CORRIENTE EN PESOS (OPCIONAL), TARJETA DE CREDITO VISA (OPCIONAL),  PRESTAMOS PREACORDADOS SEGUN RCI,;Todo el territorio nacional;
7;BANCO DE GALICIA Y BUENOS AIRES S.A.;2025-11-03;CUENTA NEGOCIOS;NEGOCIOS;43000,00;900000;12;80;Personas humanas Responsables Inscriptos;Premium gold;CUENTA CORRIENTE, TARJETA DE CREDITO, TARJETA DE CREDITO, CAJA DE AHORRO DOLARES;Todo el territorio nacional;
7;BANCO DE GALICIA Y BUENOS AIRES S.A.;2025-11-03;CUENTA NEGOCIOS PLATINUM;NEGOCIOS PLATINUM;59000,00;2150000;12;80;Personas humanas Monotributistas;Premium gold;CUENTA CORRIENTE, TARJETA DE CREDITO, TARJETA DE CREDITO, CAJA DE AHORRO DOLARES;Todo el territorio nacional;
44;BANCO HIPOTECARIO S.A.;2020-12-18;GOLD PACK;GOLD PACK;1024,87;40000;6;100;Todos los beneficiarios;Premium gold;TARJETA DE CREDITO VISA GOLD. CAJA DE AHORRO EN DOLARES. TARJETA DE DEBITO. CUENTA CORRIENTE.;Todo el territorio nacional;EMPLEADOS EN RELACION DE DEPENDENCIA: 6 MESES. CONTRATADOS: 3 AÑOS. INDEPENDIENTES: 1 AÑO.
315;BANCO DE FORMOSA S.A.;2026-03-31;PAQUETE ORO;ORO;31086,00;600000;3;90;Empleados públicos;Premium gold;CUENTA CORRIENTE - ACUERDO EN CUENTA- TARJETA DE CREDITO CABAL -  TARJETA DE CREDITO VISA ORO;Todo el territorio nacional;
17;BANCO BBVA ARGENTINA S.A.;2026-04-16;CUENTA FULL                                                                                                                     ;CTA.FULL                 ;48900,00;34300;12;100;Personas humanas Monotributistas;Premium gold;VISA DEBITO, 1 CUSTODIA, 1 CUENTA CORRIENTE EN PESOS, 1 CAJA DE AHORRO EN DOLARES, MASTERCARD ORO - TARJETA DE CREDITO Y VISA ORO - TARJETA DE CREDITO, ACUERDO PARA ADELANTOS EN CC                                                                                                                                                                                                                                                                                                                                                                                                                                                                                                                                                                                                                                                                                                                                                                                                                                                                            ;Todo el territorio nacional;INGRESO SIN ACREDITACION DE HABERES                                                                                                                                                                                                                                                                                                                                                                                                                                                                                                                                                                                                                                                                                                                                                                                                                                                                                                                                                                                                                             
431;BANCO COINAG S.A.;2025-05-30;COINAG ESMERALDA;COINAG ESMERALDA;15000,00;0;0;75;Personas humanas Responsables Inscriptos;Premium gold;CAJA DE AHORRO EN PESOS, CAJA DE AHORRO EN USD, TARJETA DE CREDITO VISA, SEGURO HOGAR, SEGURO ATM;Todo el territorio nacional;
299;BANCO COMAFI SOCIEDAD ANONIMA;2025-10-06;SERVICIO COMAFI PREMIUM GOLD;SERV. COMAFI PREMIUM GOLD;35071,85;1000000;18;100;Personas humanas Responsables Inscriptos;Premium gold;CUENTA CORRIENTE CON ACUERDO DE SOBREGIRO, CAJA DE AHORROS EN DOLARES, TRES TARJETAS DE DEBITO, SEGURO DE ROBO EN CAJERO, TARJETAS DE CREDITO VISA Y/O MASTERCARD GOLD;Todo el territorio nacional;PROGRAMAS DE BENEFICIOS TE VA BIEN Y TE VA BIEN SUMA
7;BANCO DE GALICIA Y BUENOS AIRES S.A.;2025-11-03;SERVICIO PREFER;PREFER;43000,00;900000;3;80;Personas humanas Responsables Inscriptos;Premium gold;CAJA DE AHORRO DOLARES, TARJETA DE CREDITO, TARJETA DE CREDITO, CUENTA CORRIENTE;Todo el territorio nacional;
426;BANCO BICA S.A.;2025-12-29;PAQUETE BICA GOLD;GOLD;35999,92;0;0;100;Personas humanas en relación de dependencia;Premium gold;CAJA DE AHORRO PESOS, CAJA DE AHORRO USD, TARJETA DE DEBITO, TARJETA DE CREDITO;Todo el territorio nacional;
17;BANCO BBVA ARGENTINA S.A.;2026-04-16;CUENTA FULL                                                                                                                     ;CTA.FULL                 ;48900,00;34300;12;100;Clientes con cuenta en la entidad;Premium gold;VISA DEBITO, 1 CUSTODIA, 1 CUENTA CORRIENTE EN PESOS, 1 CAJA DE AHORRO EN DOLARES, MASTERCARD ORO - TARJETA DE CREDITO Y VISA ORO - TARJETA DE CREDITO, ACUERDO PARA ADELANTOS EN CC                                                                                                                                                                                                                                                                                                                                                                                                                                                                                                                                                                                                                                                                                                                                                                                                                                                                            ;Todo el territorio nacional;INGRESO SIN ACREDITACION DE HABERES                                                                                                                                                                                                                                                                                                                                                                                                                                                                                                                                                                                                                                                                                                                                                                                                                                                                                                                                                                                                                             
7;BANCO DE GALICIA Y BUENOS AIRES S.A.;2025-11-03;SERVICIO EMINENT PLATINUM;EMINENT PLATINUM;59000,00;2150000;3;80;Personas humanas en relación de dependencia;Premium gold;CAJA DE AHORRO DOLARES, TARJETA DE CREDITO, TARJETA DE CREDITO, CUENTA CORRIENTE;Todo el territorio nacional;
7;BANCO DE GALICIA Y BUENOS AIRES S.A.;2025-11-03;SERVICIO EMINENT;EMINENT;59000,00;21500;3;80;Clientes que acrediten sueldos en la entidad;Premium gold;CAJA DE AHORRO DOLARES, TARJETA DE CREDITO, TARJETA DE CREDITO, CUENTA CORRIENTE;Todo el territorio nacional;
11;BANCO DE LA NACION ARGENTINA;2026-01-23;PAQUETE DE SERVICIOS CUENTA NACION ESTILO PREVISIONAL;CUENTA NACION ESTILO PREV;22447,00;1047898;0;100;Beneficiarios de cuentas de          Seguridad Social;Premium gold;CUENTA DE LA SEGURIDAD SOCIAL Y/O CUENTA CORRIENTE TARJETAS DE CREDITO GOLD MASTERCARD Y VISA Y OPTATIVOS CAJA DE AHORRO EN DOLARES PREACUERDO DE PRESTAMO PERSONAL CUENTA COMITENTE;Todo el territorio nacional;
17;BANCO BBVA ARGENTINA S.A.;2026-04-16;CUENTA FULL                                                                                                                     ;CTA.FULL                 ;48900,00;34300;12;100;Personas humanas en relación de dependencia;Premium gold;VISA DEBITO, 1 CUSTODIA, 1 CUENTA CORRIENTE EN PESOS, 1 CAJA DE AHORRO EN DOLARES, MASTERCARD ORO - TARJETA DE CREDITO Y VISA ORO - TARJETA DE CREDITO, ACUERDO PARA ADELANTOS EN CC                                                                                                                                                                                                                                                                                                                                                                                                                                                                                                                                                                                                                                                                                                                                                                                                                                                                            ;Todo el territorio nacional;INGRESO SIN ACREDITACION DE HABERES                                                                                                                                                                                                                                                                                                                                                                                                                                                                                                                                                                                                                                                                                                                                                                                                                                                                                                                                                                                                                             
191;BANCO CREDICOOP COOPERATIVO LIMITADO;2026-03-27;MODULO DIRECTIVOS CLASICO PLUS;MOD DIRECT CLASICO PLUS ;41140,00;2200000;0;100;Clientes con cuenta en la entidad;Premium gold;1 CAJA DE AHORROS EN DOLARES 1 CUENTA CORRIENTE CON ACUERDO DE DESCUBIERTO 1 TARJETA DE DEBITO 2 TARJETAS DE CREDITO 1 SEGURO DE PROTECCION DE CAJEROS AUTOMATICOS 1 CUENTA COMITENTE;Todo el territorio nacional;
191;BANCO CREDICOOP COOPERATIVO LIMITADO;2026-03-27;MODULO CLASICO PLUS ;MOD CLASICO PLUS ;41140,00;1600000;12;100;Clientes que acrediten sueldos en la entidad;Premium gold;1 CAJA DE AHORRO EN DOLARES 1 CUENTA CORRIENTE CON ACUERDO DE DESCUBIERTO 2 TARJETAS DE CREDITO;Todo el territorio nacional;CON ACREDITACION DE HABERES EL COSTO DEL MODULO ES DE PESOS $20570
7;BANCO DE GALICIA Y BUENOS AIRES S.A.;2025-11-03;SERVICIO EMINENT PLATINUM;EMINENT PLATINUM;59000,00;2150000;3;80;Clientes que acrediten sueldos en la entidad;Premium gold;CAJA DE AHORRO DOLARES, TARJETA DE CREDITO, TARJETA DE CREDITO, CUENTA CORRIENTE;Todo el territorio nacional;
431;BANCO COINAG S.A.;2025-05-30;COINAG ESMERALDA;COINAG ESMERALDA;15000,00;0;0;75;Clientes que acrediten sueldos en la entidad;Premium gold;CAJA DE AHORRO EN PESOS, CAJA DE AHORRO EN USD, TARJETA DE CREDITO VISA, SEGURO HOGAR, SEGURO ATM;Todo el territorio nacional;
7;BANCO DE GALICIA Y BUENOS AIRES S.A.;2025-11-03;SERVICIO EMINENT PLATINUM;EMINENT PLATINUM;59000,00;2150000;3;80;Clientes con cuenta en la entidad;Premium gold;CAJA DE AHORRO DOLARES, TARJETA DE CREDITO, TARJETA DE CREDITO, CUENTA CORRIENTE;Todo el territorio nacional;
72;BANCO SANTANDER ARGENTINA S.A.;2026-01-26;INFINITY GOLD;INFINITY GOLD;48400,00;2100000;6;100;Personas humanas en relación de dependencia;Premium gold;2 TARJETAS DE CREDITO, ACUERDO DE DESCUBIERTO, CAJA DE AHORRO EN DOLARES, CUENTA CORRIENTE EN PESOS, Y PRESTAMO PREAPROBADO;Todo el territorio nacional;PROGRAMA DE BENEFICIOS SUPERCLUB
299;BANCO COMAFI SOCIEDAD ANONIMA;2025-10-06;SERVICIO COMAFI PREMIUM GOLD;SERV. COMAFI PREMIUM GOLD;35071,85;1000000;6;100;Clientes con cuenta en la entidad;Premium gold;CUENTA CORRIENTE CON ACUERDO DE SOBREGIRO, CAJA DE AHORROS EN DOLARES, TRES TARJETAS DE DEBITO, SEGURO DE ROBO EN CAJERO, TARJETAS DE CREDITO VISA Y/O MASTERCARD GOLD;Todo el territorio nacional;PROGRAMAS DE BENEFICIOS TE VA BIEN Y TE VA BIEN SUMA
322;BANCO INDUSTRIAL S.A.;2025-08-01;BIND ESTILO S;ESTILO S;20178,18;500000;12;64;Clientes que acrediten sueldos en la entidad;Premium gold;VISA DEBITO, CAJA DE AHORROS EN DOLARES, CUENTA CORRIENTE EN PESOS (OPCIONAL), TARJETA DE CREDITO VISA (OPCIONAL),  PRESTAMOS PREACORDADOS SEGUN RCI,SOLICITUD ADELANTO HABERES;Todo el territorio nacional;
191;BANCO CREDICOOP COOPERATIVO LIMITADO;2026-03-27;MODULO DIRECTIVOS CLASICO PLUS;MOD DIRECT CLASICO PLUS ;41140,00;2200000;0;100;Personas humanas en relación de dependencia;Premium gold;1 CAJA DE AHORROS EN DOLARES 1 CUENTA CORRIENTE CON ACUERDO DE DESCUBIERTO 1 TARJETA DE DEBITO 2 TARJETAS DE CREDITO 1 SEGURO DE PROTECCION DE CAJEROS AUTOMATICOS 1 CUENTA COMITENTE;Todo el territorio nacional;
285;BANCO MACRO S.A.;2026-01-30;MACRO VALORA SUPERIOR;MACRO VALORA SUPERIOR;45169,30;500000;6;84;Personas humanas en relación de dependencia;Premium gold;CAJA DE AHORROS EN DOLARES, TARJETA DE DEBITO TITULAR, HASTA DOS TARJETAS DE CREDITO GOLD, SEGURO COMPRA PROTEGIDA , SEGURO PROTECCION VIA PUBLICA Y ASISTENCIA MOVILIDAD;Todo el territorio nacional;
191;BANCO CREDICOOP COOPERATIVO LIMITADO;2026-03-27;MODULO DIRECTIVOS PREFERENCIAL ;MOD DIRECT PREFERENCIAL ;54450,00;2200000;0;100;Personas humanas en relación de dependencia;Premium platinum;1 CAJA DE AHORROS EN DOLARES 1 CUENTA CORRIENTE CON ACUERDO DE DESCUBIERTO 1 TARJETA DE DEBITO 2 TARJETAS DE CREDITO 1 SEGURO DE PROTECCION DE CAJEROS AUTOMATICOS 1 CUENTA COMITENTE;Todo el territorio nacional;
17;BANCO BBVA ARGENTINA S.A.;2026-04-16;CUENTA PREMIUM                                                                                                                  ;CTA PREMIUM              ;66900,00;83400;12;100;Clientes que acrediten sueldos en la entidad;Premium platinum;VISA DEBITO, 1 CUSTODIA, 1 CUENTA CORRIENTE EN PESOS, 1 CAJA DE AHORRO EN EUROS, 1 CAJA DE AHORRO EN DOLARES, 1 MASTERCARD PLATINUM Y 1 VISA PLATINUM, ACUERDO PARA ADELANTOS EN CC                                                                                                                                                                                                                                                                                                                                                                                                                                                                                                                                                                                                                                                                                                                                                                                                                                                                             ;Todo el territorio nacional;INGRESO SIN ACREDITACION DE HABERES                                                                                                                                                                                                                                                                                                                                                                                                                                                                                                                                                                                                                                                                                                                                                                                                                                                                                                                                                                                                                             
27;BANCO SUPERVIELLE S.A.;2026-04-10;IDENTITE PLATINUM;;63250,00;1100000;0;86;Clientes que acrediten sueldos en la entidad;Premium platinum;1 CAJA DE AHORRO EN PESOS,1 CAJA DE AHORRO EN DOLARES,1 CAJA DE AHORRO EN EUROS, 1 CUENTA CORRIENTES, 1 TARJETA DE CREDITO PLATINUM VISA Y MASTERCARD, 1 TARJETA DE DEBITO, CHEQUERA ILIMITADA, SEGURO ANTE ROBO EN CAJERO AUTOMATICO Y SEGURO DE BOLSO PROTEGIDO  BONIFICADOS, TRANSACCIONES EN CAJEROS DEL EXTERIOR SIN COSTO, TRANSACCIONES EN CAJEROS BANELCO SIN COSTO,TRANSACCIONES EN CAJEROS LINK SIN COSTO;Todo el territorio nacional;
285;BANCO MACRO S.A.;2026-01-30;MACRO VALORA SUPERIOR;MACRO VALORA SUPERIOR;45169,30;500000;6;84;Clientes con cuenta en la entidad;Premium gold;CAJA DE AHORROS EN DOLARES, TARJETA DE DEBITO TITULAR, HASTA DOS TARJETAS DE CREDITO GOLD, SEGURO COMPRA PROTEGIDA , SEGURO PROTECCION VIA PUBLICA Y ASISTENCIA MOVILIDAD;Todo el territorio nacional;
72;BANCO SANTANDER ARGENTINA S.A.;2026-01-26;SUPERCUENTA 3;SUPERCUENTA 3;29040,00;1150000;6;100;Personas humanas en relación de dependencia;Básico;CUENTA CORRIENTE, CAJA DE AHORRO EN DOLARES, TARJETA SANTANDER RIO VISA INTERNACIONAL SIN CARGO DE RENOVACION,  RESUMEN Y ADICIONALES, MOVIMIENTOS ILIMITADOS EN CAJEROS PROPIOS DE LA RED BANELCO, TARJETA DE DEBITO PARA EL PRIMER FIRMANTE, RESUMEN UNICO MENSUAL;Todo el territorio nacional;REQUISITO DEMOSTRAR ORIGEN DE FONDOS, PARTICIPA DEL PROGRAMA DE BENEFICIOS SUPERCLUB
72;BANCO SANTANDER ARGENTINA S.A.;2026-01-26;INFINITY;INFINITY;32177,00;1150000;6;100;Personas humanas en relación de dependencia;Básico;CUENTA CORRIENTE, CAJA DE AHORRO EN DOLARES, TARJETA VISA  SIN CARGO DE RENOVACION, TARJETA AMERICAN EXPRESS SIN CARGO DE RENOVACION, TARJETA DE DEBITO , RESUMEN UNICO MENSUAL;Todo el territorio nacional;PARTICIPA DEL PROGRAMA DE BENEFICIOS SUPERCLUB
72;BANCO SANTANDER ARGENTINA S.A.;2026-01-26;SUPERCUENTA 3 CON CHEQUERA;SUPERCUENTA 3 CON CHEQ;29040,00;1150000;6;100;Personas humanas en relación de dependencia;Básico;CUENTA CORRIENTE, CAJA DE AHORRO EN DOLARES, TARJETA SANTANDER RIO VISA INTERNACIONAL SIN CARGO DE RENOVACION,  RESUMEN Y ADICIONALES, MOVIMIENTOS ILIMITADOS EN CAJEROS PROPIOS DE LA RED BANELCO, TARJETA DE DEBITO PARA EL PRIMER FIRMANTE, RESUMEN UNICO MENSUAL, PRIMERA CHEQUERA DE 25 CHEQUES;Todo el territorio nacional;REQUISITO DEMOSTRAR ORIGEN DE FONDOS, PARTICIPA DEL PROGRAMA DE BENEFICIOS SUPERCLUB
285;BANCO MACRO S.A.;2026-01-30;MACRO PREFERENCIAL;MACRO PREFERENCIAL;61238,10;700000;6;84;Personas humanas Monotributistas;Premium platinum;CUENTA CORRIENTE EN PESOS, CAJA DE AHORROS EN DOLARES, TARJETA DE DEBITO TITULAR, HASTA DOS TARJETAS DE CREDITO PLATINUM, Y ACUERDO EN DESCUBIERTO SIEMPRE QUE CALIFIQUE CREDITICIAMENTE PARA EL MISMO.;Todo el territorio nacional;
44;BANCO HIPOTECARIO S.A.;2020-12-18;BUHO PACK PLAN SUELDO;BUHO PACK;,00;14500;6;100;Todos los beneficiarios;Básico;TARJETA DE CREDITO INTERNACIONAL VISA. CAJA DE AHORRO EN DOLARES. TARJETA DE DEBITO. CUENTA CORRIENTE OPC.;Todo el territorio nacional;EMPLEADOS EN RELACION DE DEPENDENCIA: 6 MESES. CONTRATADOS: 3 AÑOS. INDEPENDIENTES: 1 AÑO.
191;BANCO CREDICOOP COOPERATIVO LIMITADO;2026-03-27;MODULO DIRECTIVOS PREFERENCIAL ;MOD DIRECT PREFERENCIAL ;54450,00;2200000;0;100;Personas humanas Monotributistas;Premium platinum;1 CAJA DE AHORROS EN DOLARES 1 CUENTA CORRIENTE CON ACUERDO DE DESCUBIERTO 1 TARJETA DE DEBITO 2 TARJETAS DE CREDITO 1 SEGURO DE PROTECCION DE CAJEROS AUTOMATICOS 1 CUENTA COMITENTE;Todo el territorio nacional;
431;BANCO COINAG S.A.;2025-05-30;COINAG ESMERALDA;COINAG ESMERALDA;15000,00;0;0;75;Personas humanas Responsables Inscriptos;Premium platinum;CAJA DE AHORRO EN PESOS, CAJA DE AHORRO EN USD, TARJETA DE CREDITO VISA, SEGURO HOGAR, SEGURO ATM;Todo el territorio nacional;
27;BANCO SUPERVIELLE S.A.;2026-04-10;PLATINUM INVERSOR;;56350,00;500000;0;86;Personas humanas en relación de dependencia;Premium platinum;1 CAJA DE AHORRO EN PESOS,1 CAJA DE AHORRO EN DOLARES,1 TARJETA VISA PLATINUM, 1 TARJETA DE DEBITO, TRANSACCIONES EN CAJEROS BANELCO SIN COSTO,TRANSACCIONES EN CAJEROS LINK SIN COSTO,TRANSACCIONES EN CAJEROS DEL EXTERIOR SIN COSTO;Todo el territorio nacional;
72;BANCO SANTANDER ARGENTINA S.A.;2026-01-26;PLATINUM;PLATINUM;68365,00;3000000;6;100;Clientes que acrediten sueldos en la entidad;Premium platinum;2 TARJETAS DE CREDITO, ACUERDO DE DESCUBIERTO, CAJA DE AHORRO EN DOLARES, CUENTA CORRIENTE EN PESOS, Y PRESTAMO PREAPROBADO;Todo el territorio nacional;LA COMISION MAXIMA ES DE ACUERDO AL CONVENIO QUE MANTENGA EL EMPLEADOR CON NUESTRA ENTIDAD, PROGRAMA DE BENEFICION SUPERCLUB
322;BANCO INDUSTRIAL S.A.;2025-08-01;BIND ZAFIRO;ZAFIRO;51734,05;2000000;12;64;Personas humanas Responsables Inscriptos;Premium platinum;VISA DEBITO, CAJA DE AHORROS EN DOLARES, CAJA DE AHORRO EN EUROS (OPCIONAL), CUENTA CORRIENTE EN PESOS, TARJETA DE CREDITO VISA PLATINUM/SIGNATURE(OPCIONAL),  PRESTAMOS PREACORDADOS SEGUN RCI,;Todo el territorio nacional;
191;BANCO CREDICOOP COOPERATIVO LIMITADO;2026-03-27;MODULO PREFERENCIAL ;MOD PREFERENCIAL ;54450,00;2000000;12;100;Clientes que acrediten sueldos en la entidad;Premium platinum;1 CAJA DE AHORRO EN DOLARES 1 CUENTA CORRIENTE CON ACUERDO DE DESCUBIERTO 2 TARJETAS DE CREDITO;Todo el territorio nacional;CON ACREDITACION DE HABERES EL COSTO DEL MODULO ES DE PESOS $27225
72;BANCO SANTANDER ARGENTINA S.A.;2026-01-26;PLATINUM;PLATINUM;68365,00;3000000;6;100;Personas humanas en relación de dependencia;Premium platinum;2 TARJETAS DE CREDITO, ACUERDO DE DESCUBIERTO, CAJA DE AHORRO EN DOLARES, CUENTA CORRIENTE EN PESOS, Y PRESTAMO PREAPROBADO;Todo el territorio nacional;PROGRAMA DE BENEFICIOS SUPERCLUB
27;BANCO SUPERVIELLE S.A.;2026-04-10;PLATINUM INVERSOR;;56350,00;500000;0;86;Clientes que acrediten sueldos en la entidad;Premium platinum;1 CAJA DE AHORRO EN PESOS,1 CAJA DE AHORRO EN DOLARES,1 TARJETA VISA PLATINUM, 1 TARJETA DE DEBITO, TRANSACCIONES EN CAJEROS BANELCO SIN COSTO,TRANSACCIONES EN CAJEROS LINK SIN COSTO,TRANSACCIONES EN CAJEROS DEL EXTERIOR SIN COSTO;Todo el territorio nacional;
322;BANCO INDUSTRIAL S.A.;2025-08-01;BIND ZAFIRO;ZAFIRO;51734,05;2000000;12;64;Personas humanas Monotributistas;Premium platinum;VISA DEBITO, CAJA DE AHORROS EN DOLARES, CAJA DE AHORRO EN EUROS (OPCIONAL), CUENTA CORRIENTE EN PESOS, TARJETA DE CREDITO VISA PLATINUM/SIGNATURE(OPCIONAL),  PRESTAMOS PREACORDADOS SEGUN RCI,;Todo el territorio nacional;
191;BANCO CREDICOOP COOPERATIVO LIMITADO;2026-03-27;MODULO DIRECTIVOS PREFERENCIAL ;MOD DIRECT PREFERENCIAL ;54450,00;2200000;0;100;Clientes que acrediten sueldos en la entidad;Premium platinum;1 CAJA DE AHORROS EN DOLARES 1 CUENTA CORRIENTE CON ACUERDO DE DESCUBIERTO 1 TARJETA DE DEBITO 2 TARJETAS DE CREDITO 1 SEGURO DE PROTECCION DE CAJEROS AUTOMATICOS 1 CUENTA COMITENTE;Todo el territorio nacional;
285;BANCO MACRO S.A.;2026-01-30;MACRO PREFERENCIAL;MACRO PREFERENCIAL;30619,05;700000;6;84;Clientes que acrediten sueldos en la entidad;Premium platinum;CUENTA SUELDO O DE LA SEGURIDAD SOCIAL, CUENTA CORRIENTE EN PESOS, CAJA DE AHORROS EN DOLARES, TARJETA DE DEBITO TITULAR, HASTA DOS TARJETAS DE CREDITO PLATINUM, Y ACUERDO EN DESCUBIERTO SIEMPRE QUE CALIFIQUE CREDITICIAMENTE PARA EL MISMO.;Todo el territorio nacional;
17;BANCO BBVA ARGENTINA S.A.;2026-04-16;CUENTA FULL                                                                                                                     ;CTA.FULL                 ;48900,00;34300;12;100;Clientes que acrediten sueldos en la entidad;Premium gold;VISA DEBITO, 1 CUSTODIA, 1 CUENTA CORRIENTE EN PESOS, 1 CAJA DE AHORRO EN DOLARES, MASTERCARD ORO - TARJETA DE CREDITO Y VISA ORO - TARJETA DE CREDITO, ACUERDO PARA ADELANTOS EN CC                                                                                                                                                                                                                                                                                                                                                                                                                                                                                                                                                                                                                                                                                                                                                                                                                                                                            ;Todo el territorio nacional;INGRESO SIN ACREDITACION DE HABERES                                                                                                                                                                                                                                                                                                                                                                                                                                                                                                                                                                                                                                                                                                                                                                                                                                                                                                                                                                                                                             
426;BANCO BICA S.A.;2025-12-29;PAQUETE BICA GOLD;GOLD;35999,92;0;0;100;Clientes con cuenta en la entidad;Premium gold;CAJA DE AHORRO PESOS, CAJA DE AHORRO USD, TARJETA DE DEBITO, TARJETA DE CREDITO;Todo el territorio nacional;
431;BANCO COINAG S.A.;2025-05-30;COINAG ESMERALDA;COINAG ESMERALDA;15000,00;0;0;75;Personas humanas Monotributistas;Premium platinum;CAJA DE AHORRO EN PESOS, CAJA DE AHORRO EN USD, TARJETA DE CREDITO VISA, SEGURO HOGAR, SEGURO ATM;Todo el territorio nacional;
7;BANCO DE GALICIA Y BUENOS AIRES S.A.;2025-11-03;SERVICIO PREFER;PREFER;43000,00;900000;3;80;Personas humanas en relación de dependencia;Premium gold;CAJA DE AHORRO DOLARES, TARJETA DE CREDITO, TARJETA DE CREDITO, CUENTA CORRIENTE;Todo el territorio nacional;
299;BANCO COMAFI SOCIEDAD ANONIMA;2025-10-06;SERVICIO COMAFI PREMIUM GOLD;SERV. COMAFI PREMIUM GOLD;35071,85;1000000;6;100;Personas humanas en relación de dependencia;Premium gold;CUENTA CORRIENTE CON ACUERDO DE SOBREGIRO, CAJA DE AHORROS EN DOLARES, TRES TARJETAS DE DEBITO, SEGURO DE ROBO EN CAJERO, TARJETAS DE CREDITO VISA Y/O MASTERCARD GOLD;Todo el territorio nacional;PROGRAMAS DE BENEFICIOS TE VA BIEN Y TE VA BIEN SUMA
285;BANCO MACRO S.A.;2026-01-30;MACRO VALORA SUPERIOR;MACRO VALORA SUPERIOR;22584,65;500000;6;84;Clientes que acrediten sueldos en la entidad;Premium gold;CUENTA SUELDO O DE LA SEGURIDAD SOCIAL, CAJA DE AHORROS EN DOLARES, TARJETA DE DEBITO TITULAR, HASTA DOS TARJETAS DE CREDITO GOLD, SEGURO COMPRA PROTEGIDA, SEGURO PROTECCION VIA PUBLICA Y ASISTENCIA MOVILIDAD;Todo el territorio nacional;
426;BANCO BICA S.A.;2025-12-29;PAQUETE BICA GOLD;GOLD;35999,92;0;0;100;Clientes que acrediten sueldos en la entidad;Premium gold;CAJA DE AHORRO PESOS, CAJA DE AHORRO USD, TARJETA DE DEBITO, TARJETA DE CREDITO;Todo el territorio nacional;
322;BANCO INDUSTRIAL S.A.;2025-08-01;BIND ESTILO;ESTILO;35453,58;500000;12;64;Clientes con cuenta en la entidad;Premium gold;VISA DEBITO, CAJA DE AHORROS EN DOLARES, CAJA DE AHORRO EN EUROS (OPCIONAL), CUENTA CORRIENTE EN PESOS (OPCIONAL), TARJETA DE CREDITO VISA (OPCIONAL),  PRESTAMOS PREACORDADOS SEGUN RCI,;Todo el territorio nacional;
27;BANCO SUPERVIELLE S.A.;2026-04-10;PLATINUM INVERSOR;;56350,00;500000;0;86;Clientes con cuenta en la entidad;Premium platinum;1 CAJA DE AHORRO EN PESOS,1 CAJA DE AHORRO EN DOLARES,1 TARJETA VISA PLATINUM, 1 TARJETA DE DEBITO, TRANSACCIONES EN CAJEROS BANELCO SIN COSTO,TRANSACCIONES EN CAJEROS LINK SIN COSTO,TRANSACCIONES EN CAJEROS DEL EXTERIOR SIN COSTO;Todo el territorio nacional;
7;BANCO DE GALICIA Y BUENOS AIRES S.A.;2025-11-03;SERVICIO PREFER PLATINUM;PREFER;43000,00;2150000;3;80;Clientes que acrediten sueldos en la entidad;Premium gold;CAJA DE AHORRO DOLARES, TARJETA DE CREDITO, TARJETA DE CREDITO, CUENTA CORRIENTE;Todo el territorio nacional;
315;BANCO DE FORMOSA S.A.;2026-03-31;PAQUETE ORO;ORO;31086,00;600000;3;90;Personas humanas en relación de dependencia;Premium gold;CUENTA CORRIENTE - ACUERDO EN CUENTA- TARJETA DE CREDITO CABAL -  TARJETA DE CREDITO VISA ORO;Todo el territorio nacional;
426;BANCO BICA S.A.;2025-12-29;PAQUETE BICA IDEAL SALARIO;IDEAL SALARIO;20469,29;0;0;100;Clientes que acrediten sueldos en la entidad;Premium gold;CAJA DE AHORRO SUELDO, CUENTA CORRIENTE, ACUERDO ADELANTOS TRANSITORIOS, TARJETA DE DEBITO, 4 TARJETAS DE CREDITO;Todo el territorio nacional;
72;BANCO SANTANDER ARGENTINA S.A.;2026-01-26;INFINITY GOLD;INFINITY GOLD;48400,00;2100000;6;100;Clientes con cuenta en la entidad;Premium gold;2 TARJETAS DE CREDITO, ACUERDO DE DESCUBIERTO, CAJA DE AHORRO EN DOLARES, CUENTA CORRIENTE EN PESOS, Y PRESTAMO PREAPROBADO;Todo el territorio nacional;PROGRAMA DE BENEFICIOS SUPERCLUB
7;BANCO DE GALICIA Y BUENOS AIRES S.A.;2025-11-03;SERVICIO PREFER;PREFER;43000,00;900000;3;80;Clientes con cuenta en la entidad;Premium gold;CAJA DE AHORRO DOLARES, TARJETA DE CREDITO, TARJETA DE CREDITO, CUENTA CORRIENTE;Todo el territorio nacional;
7;BANCO DE GALICIA Y BUENOS AIRES S.A.;2025-11-03;SERVICIO PREFER PLATINUM;PREFER;59000,00;2150000;3;80;Personas humanas en relación de dependencia;Premium gold;CAJA DE AHORRO DOLARES, TARJETA DE CREDITO, TARJETA DE CREDITO, CUENTA CORRIENTE;Todo el territorio nacional;
285;BANCO MACRO S.A.;2026-01-30;MACRO PREFERENCIAL;MACRO PREFERENCIAL;61238,10;700000;6;84;Personas humanas en relación de dependencia;Premium platinum;CUENTA CORRIENTE EN PESOS, CAJA DE AHORROS EN DOLARES, TARJETA DE DEBITO TITULAR, HASTA DOS TARJETAS DE CREDITO PLATINUM, Y ACUERDO EN DESCUBIERTO SIEMPRE QUE CALIFIQUE CREDITICIAMENTE PARA EL MISMO.;Todo el territorio nacional;
315;BANCO DE FORMOSA S.A.;2026-03-31;PAQUETE ORO;ORO;31086,00;600000;3;90;Clientes que acrediten sueldos en la entidad;Premium gold;CUENTA CORRIENTE - ACUERDO EN CUENTA- TARJETA DE CREDITO CABAL -  TARJETA DE CREDITO VISA ORO;Todo el territorio nacional;
17;BANCO BBVA ARGENTINA S.A.;2026-04-16;CUENTA PLUS GOLD                                                                                                                ;CTA.PLUS.G               ;48900,00;30000;12;100;Clientes que acrediten sueldos en la entidad;Premium gold;VISA DEBITO, 1 CUSTODIA, 1 CUENTA CORRIENTE EN PESOS, 1 CAJA DE AHORRO EN DOLARES, 1 MASTERCARD ORO - TARJETA DE CREDITO O VISA ORO - TARJETA DE CREDITO, ACUERDO PARA ADELANTOS EN CC                                                                                                                                                                                                                                                                                                                                                                                                                                                                                                                                                                                                                                                                                                                                                                                                                                                                          ;Todo el territorio nacional;INGRESO SIN ACREDITACION DE HABERES                                                                                                                                                                                                                                                                                                                                                                                                                                                                                                                                                                                                                                                                                                                                                                                                                                                                                                                                                                                                                             
17;BANCO BBVA ARGENTINA S.A.;2026-04-16;CUENTA PREMIUM                                                                                                                  ;CTA PREMIUM              ;66900,00;83400;12;100;Personas humanas Responsables Inscriptos;Premium platinum;VISA DEBITO, 1 CUSTODIA, 1 CUENTA CORRIENTE EN PESOS, 1 CAJA DE AHORRO EN EUROS, 1 CAJA DE AHORRO EN DOLARES, 1 MASTERCARD PLATINUM Y 1 VISA PLATINUM, ACUERDO PARA ADELANTOS EN CC                                                                                                                                                                                                                                                                                                                                                                                                                                                                                                                                                                                                                                                                                                                                                                                                                                                                             ;Todo el territorio nacional;INGRESO SIN ACREDITACION DE HABERES                                                                                                                                                                                                                                                                                                                                                                                                                                                                                                                                                                                                                                                                                                                                                                                                                                                                                                                                                                                                                             
431;BANCO COINAG S.A.;2025-05-30;COINAG ESMERALDA;COINAG ESMERALDA;15000,00;0;0;75;Clientes que acrediten sueldos en la entidad;Premium platinum;CAJA DE AHORRO EN PESOS, CAJA DE AHORRO EN USD, TARJETA DE CREDITO VISA, SEGURO HOGAR, SEGURO ATM;Todo el territorio nacional;
17;BANCO BBVA ARGENTINA S.A.;2026-04-16;CUENTA PREMIUM                                                                                                                  ;CTA PREMIUM              ;66900,00;83400;12;100;Personas humanas Monotributistas;Premium platinum;VISA DEBITO, 1 CUSTODIA, 1 CUENTA CORRIENTE EN PESOS, 1 CAJA DE AHORRO EN EUROS, 1 CAJA DE AHORRO EN DOLARES, 1 MASTERCARD PLATINUM Y 1 VISA PLATINUM, ACUERDO PARA ADELANTOS EN CC                                                                                                                                                                                                                                                                                                                                                                                                                                                                                                                                                                                                                                                                                                                                                                                                                                                                             ;Todo el territorio nacional;INGRESO SIN ACREDITACION DE HABERES                                                                                                                                                                                                                                                                                                                                                                                                                                                                                                                                                                                                                                                                                                                                                                                                                                                                                                                                                                                                                             
431;BANCO COINAG S.A.;2025-05-30;COINAG ESMERALDA;COINAG ESMERALDA;15000,00;0;0;75;Personas humanas en relación de dependencia;Premium gold;CAJA DE AHORRO EN PESOS, CAJA DE AHORRO EN USD, TARJETA DE CREDITO VISA, SEGURO HOGAR, SEGURO ATM;Todo el territorio nacional;
431;BANCO COINAG S.A.;2025-05-30;COINAG ESMERALDA;COINAG ESMERALDA;15000,00;0;0;75;Personas humanas en relación de dependencia;Premium platinum;CAJA DE AHORRO EN PESOS, CAJA DE AHORRO EN USD, TARJETA DE CREDITO VISA, SEGURO HOGAR, SEGURO ATM;Todo el territorio nacional;
191;BANCO CREDICOOP COOPERATIVO LIMITADO;2026-03-27;MODULO DIRECTIVOS CLASICO PLUS;MOD DIRECT CLASICO PLUS ;41140,00;2200000;0;100;Clientes que acrediten sueldos en la entidad;Premium gold;1 CAJA DE AHORROS EN DOLARES 1 CUENTA CORRIENTE CON ACUERDO DE DESCUBIERTO 1 TARJETA DE DEBITO 2 TARJETAS DE CREDITO 1 SEGURO DE PROTECCION DE CAJEROS AUTOMATICOS 1 CUENTA COMITENTE;Todo el territorio nacional;
315;BANCO DE FORMOSA S.A.;2026-03-31;PAQUETE ORO;ORO;31086,00;600000;3;90;Clientes con cuenta en la entidad;Premium gold;CUENTA CORRIENTE - ACUERDO EN CUENTA- TARJETA DE CREDITO CABAL -  TARJETA DE CREDITO VISA ORO;Todo el territorio nacional;
11;BANCO DE LA NACION ARGENTINA;2026-01-23;PAQUETE DE SERVICIOS CUENTA NACION ESTILO;CUENTA NACION ESTILO;45674,00;1023000;0;100;Clientes con cuenta en la entidad;Premium gold;TARJETAS DE CREDITO GOLD MASTERCARD Y VISA Y OPTATIVOS CUENTA CORRIENTE CAJA DE AHORRO EN DOLARES PREACUERDO DE PRESTAMO PERSONAL CUENTA COMITENTE;Todo el territorio nacional;
299;BANCO COMAFI SOCIEDAD ANONIMA;2025-10-06;SERVICIO COMAFI PREMIUM GOLD;SERV. COMAFI PREMIUM GOLD;17535,93;1000000;4;100;Clientes que acrediten sueldos en la entidad;Premium gold;CUENTA CORRIENTE CON ACUERDO DE SOBREGIRO, CAJA DE AHORROS EN DOLARES, TRES TARJETAS DE DEBITO, SEGURO DE ROBO EN CAJERO, TARJETAS DE CREDITO VISA Y/O MASTERCARD GOLD;Todo el territorio nacional;PROGRAMAS DE BENEFICIOS TE VA BIEN Y TE VA BIEN SUMA
7;BANCO DE GALICIA Y BUENOS AIRES S.A.;2025-11-03;SERVICIO PREFER PLATINUM;PREFER;59000,00;2150000;3;80;Clientes con cuenta en la entidad;Premium gold;CAJA DE AHORRO DOLARES, TARJETA DE CREDITO, TARJETA DE CREDITO, CUENTA CORRIENTE;Todo el territorio nacional;
191;BANCO CREDICOOP COOPERATIVO LIMITADO;2026-03-27;MODULO DIRECTIVOS PREFERENCIAL ;MOD DIRECT PREFERENCIAL ;54450,00;2200000;0;100;Clientes con cuenta en la entidad;Premium platinum;1 CAJA DE AHORROS EN DOLARES 1 CUENTA CORRIENTE CON ACUERDO DE DESCUBIERTO 1 TARJETA DE DEBITO 2 TARJETAS DE CREDITO 1 SEGURO DE PROTECCION DE CAJEROS AUTOMATICOS 1 CUENTA COMITENTE;Todo el territorio nacional;
27;BANCO SUPERVIELLE S.A.;2026-04-10;PLATINUM INVERSOR;;56350,00;500000;0;86;Personas humanas Responsables Inscriptos;Premium platinum;1 CAJA DE AHORRO EN PESOS,1 CAJA DE AHORRO EN DOLARES,1 TARJETA VISA PLATINUM, 1 TARJETA DE DEBITO, TRANSACCIONES EN CAJEROS BANELCO SIN COSTO,TRANSACCIONES EN CAJEROS LINK SIN COSTO,TRANSACCIONES EN CAJEROS DEL EXTERIOR SIN COSTO;Todo el territorio nacional;
72;BANCO SANTANDER ARGENTINA S.A.;2026-01-26;INFINITY GOLD;INFINITY GOLD;48400,00;2100000;6;100;Clientes que acrediten sueldos en la entidad;Premium gold;2 TARJETAS DE CREDITO, ACUERDO DE DESCUBIERTO, CAJA DE AHORRO EN DOLARES, CUENTA CORRIENTE EN PESOS, Y PRESTAMO PREAPROBADO;Todo el territorio nacional;LA COMISION MAXIMA ES DE ACUERDO AL CONVENIO QUE MANTENGA EL EMPLEADOR CON NUESTRA ENTIDAD, PROGRAMA DE BENEFICION SUPERCLUB
34;BANCO PATAGONIA S.A.;2026-02-27;PATAGONIA CLASICA;CLASICA;21250,00;0;0;100;Beneficiarios de cuentas de          Seguridad Social;Básico;UNA TARJETA DE DEBITO. UNA TARJETA DE CREDITO INTERNACIONAL;Todo el territorio nacional;POSIBILIDAD DE OBTENER LA BONIFICACION DE LA COMISION DE SERVICIO DE MANTENIMIENTO DE ACUERDO A LA ACREDITACION DE HABERES.EL PRODUCTO INFORMADO DISPONE DE UN PROGRAMA DE BONIFICACION DE LA COMISION POR SERVICIO DE MANTENIMIENTO DE PAQUETE DE ACUERDO AL NIVEL DE TRANSACCIONALIDAD PARA EL SEGMENTO DE CLIENTES MERCADO ABIERTO.EL PRODUCTO INFORMADO DISPONE DE BENEFICIOS EN SUPERMERCADOS, PELUQUERIAS, SHOPPINGS, TURISMO E INDUMENTARIA ENTRE OTROS. LOS TERMINOS Y CONDICIONES APLICABLES SE ENCUENTRAN PUBLICADOS EN EL SITIO WEB DE BANCO PATAGONIA.LA COMISION POR SERVICIO DE MANTENIMIENTO DE PAQUETE INCLUYE EL IMPUESTO AL VALOR AGREGADO (IVA). DE ACUERDO A LA JURISDICCION DE RADICACION DEL CLIENTE, EL PRODUCTO ES SUCEPTIBLE DE SER ALCANZADO POR IMPUESTOS PROVINCIALES.
72;BANCO SANTANDER ARGENTINA S.A.;2026-01-26;SUPERCUENTA;SUPERCUENTA;11900,00;1000;1;100;Clientes con cuenta en la entidad;Básico;CAJA DE AHORRO EN DOLARES, MOVIMIENTOS ILIMITADOS EN CAJEROS PROPIOS DE LA RED BANELCO, TARJETA DE DEBITO PARA EL PRIMER FIRMANTE, RESUMEN UNICO CUATRIMESTRAL;Todo el territorio nacional;REQUISITO DEMOSTRAR ORIGEN DE FONDOS, PARTICIPA DEL PROGRAMA DE BENEFICIOS SUPERCLUB
44077;COMPAÑIA FINANCIERA ARGENTINA S.A.;2025-08-29;CUENTA BENEFICIO;CUENTA BENEFICIO;6201,00;0;0;100;Beneficiarios de cuentas de          Seguridad Social;Básico;ANTICIPO RECURRENTE AL 100 POR CIENTO, ASISTENCIA AL TITULAR Y GRUPO FAMILIAR, PLAZO FIJO A TASA PREFERENCIAL, DESCUENTOS SEMANALES, ACCESO AL PRESTAMO PERSONAL;Todo el territorio nacional;ANTICIPO RECURRENTE AL 100 POR CIENTO, ACCESO A PRESTAMOS PERSONALES CON TASAS DIFERENCIALES, ASISTENCIAS AL TITULAR Y GRUPO FAMILIAR, PLAZO FIJO A TASA PREFERENCIAL, DESCUENTOS SEMANALES, ACCESO AL SERVICIO LLAMANDO AL DOCTOR Y SEGURO DE ACCIDENTES PERSONALES, ASISTENCIA ODONTOLOGICA
27;BANCO SUPERVIELLE S.A.;2026-04-10;IDENTITE BLACK;;83400,00;3500000;0;86;Personas humanas Responsables Inscriptos;Premium signature, black o similar;1 CAJA DE AHORRO EN PESOS,1 CAJA DE AHORRO EN DOLARES,1 CAJA DE AHORRO EN EUROS, 1 CUENTA CORRIENTES,1 TARJETA DE CREDITO VISA Y MASTERCARD BLACK/SIGNATURE, 1 TARJETA DE DEBITO, CHEQUERA ILIMITADA, SEGURO ANTE ROBO EN CAJERO AUTOMATICO Y SEGURO DE BOLSO PROTEGIDO BONIFICADOS, TRANSACCIONES EN CAJEROS DEL EXTERIOR SIN COSTO, TRANSACCIONES EN CAJEROS BANELCO SIN COSTO,TRANSACCIONES EN CAJEROS LINK SIN COSTO;Todo el territorio nacional;
17;BANCO BBVA ARGENTINA S.A.;2026-04-16;CUENTA PLUS                                                                                                                     ;CTA.PLUS                 ;29900,00;28000;12;100;Personas humanas Responsables Inscriptos;Básico;VISA DEBITO, 1 CUENTA CORRIENTE EN PESOS, 1 CAJA DE AHORRO EN DOLARES, 1 MASTERCARD - TARJETA DE CREDITO INTERNACIONAL Y VISA INTERNACIONAL - T CREDITO, ACUERDO PARA ADELANTOS EN CC                                                                                                                                                                                                                                                                                                                                                                                                                                                                                                                                                                                                                                                                                                                                                                                                                                                                           ;Todo el territorio nacional;INGRESO SIN ACREDITACION DE HABERES                                                                                                                                                                                                                                                                                                                                                                                                                                                                                                                                                                                                                                                                                                                                                                                                                                                                                                                                                                                                                             
72;BANCO SANTANDER ARGENTINA S.A.;2026-01-26;SUPERCUENTA;SUPERCUENTA;11900,00;1000;1;100;Personas humanas Responsables Inscriptos;Básico;CAJA DE AHORRO EN DOLARES, MOVIMIENTOS ILIMITADOS EN CAJEROS PROPIOS DE LA RED BANELCO, TARJETA DE DEBITO PARA EL PRIMER FIRMANTE, RESUMEN UNICO CUATRIMESTRAL;Todo el territorio nacional;REQUISITO DEMOSTRAR ORIGEN DE FONDOS, PARTICIPA DEL PROGRAMA DE BENEFICIOS SUPERCLUB
322;BANCO INDUSTRIAL S.A.;2025-08-01;BIND ZAFIRO;ZAFIRO;51734,05;2000000;12;64;Personas humanas Monotributistas;Premium signature, black o similar;VISA DEBITO, CAJA DE AHORROS EN DOLARES, CAJA DE AHORRO EN EUROS (OPCIONAL), CUENTA CORRIENTE EN PESOS, TARJETA DE CREDITO VISA PLATINUM/SIGNATURE(OPCIONAL),  PRESTAMOS PREACORDADOS SEGUN RCI,;Todo el territorio nacional;
72;BANCO SANTANDER ARGENTINA S.A.;2026-01-26;SUPERCUENTA CON CHEQUERA Y ACUERDO;SUPERCUENTA CON CHEQ Y AC;19231,00;1000;1;100;Empleados públicos;Básico;CUENTA CORRIENTE, CAJA DE AHORRO EN DOLARES, MOVIMIENTOS ILIMITADOS EN CAJEROS PROPIOS DE LA RED BANELCO, TARJETA DE DEBITO PARA EL PRIMER FIRMANTE, RESUMEN UNICO CUATRIMESTRAL, CUENTA CORRIENTE, PRIMERA CHEQUERA DE 25 CHEQUES;Todo el territorio nacional;REQUISITO DEMOSTRAR ORIGEN DE FONDOS, PARTICIPA DEL PROGRAMA DE BENEFICIOS SUPERCLUB
27;BANCO SUPERVIELLE S.A.;2026-04-10;BLACK INVERSOR;;72450,00;2500000;0;86;Personas humanas Responsables Inscriptos;Premium signature, black o similar;1 CAJA DE AHORRO EN PESOS,1 CAJA DE AHORRO EN DOLARES,1 CAJA DE AHORRO EN EUROS,1 TARJETA VISA SIGNATURE, 1 TARJETA DE DEBITO, TRANSACCIONES EN CAJEROS BANELCO SIN COSTO,TRANSACCIONES EN CAJEROS LINK SIN COSTO,TRANSACCIONES EN CAJEROS DEL EXTERIOR SIN COSTO;Todo el territorio nacional;
322;BANCO INDUSTRIAL S.A.;2025-08-01;JUBIND;JUBIND;11246,62;0;0;84;Beneficiarios de cuentas de          Seguridad Social;Básico;VISA DEBITO, CAJA DE AHORROS EN DOLARES, CAJA DE AHORRO EN EUROS (OPCIONAL), TARJETA DE CREDITO VISA (OPCIONAL),SOLICITUD ADELANTO HABERES,  PRESTAMOS PREACORDADOS SEGUN RCI,;Todo el territorio nacional;
72;BANCO SANTANDER ARGENTINA S.A.;2026-01-26;SUPERCUENTA CON CHEQUERA;SUPERCUENTA CON CHEQ;19231,00;1000;1;100;Empleados públicos;Básico;CUENTA CORRIENTE, CAJA DE AHORRO EN DOLARES, MOVIMIENTOS ILIMITADOS EN CAJEROS PROPIOS DE LA RED BANELCO, TARJETA DE DEBITO PARA EL PRIMER FIRMANTE, RESUMEN UNICO CUATRIMESTRAL, PRIMERA CHEQUERA DE 25 CHEQUES;Todo el territorio nacional;REQUISITO DEMOSTRAR ORIGEN DE FONDOS, PARTICIPA DEL PROGRAMA DE BENEFICIOS SUPERCLUB
72;BANCO SANTANDER ARGENTINA S.A.;2026-01-26;SUPERCUENTA CON PRESTAMO PERSONAL;SUPERCUENTA CON PREST PER;14339,00;1150000;1;100;Personas humanas Responsables Inscriptos;Básico;CUENTA CORRIENTE, CAJA DE AHORRO EN DOLARES, MOVIMIENTOS ILIMITADOS EN CAJEROS PROPIOS DE LA RED BANELCO, TARJETA DE DEBITO PARA EL PRIMER FIRMANTE, RESUMEN UNICO CUATRIMESTRAL, CUENTA CORRIENTE, PRESTAMO PERSONAL PREACORDADO;Todo el territorio nacional;REQUISITO DEMOSTRAR ORIGEN DE FONDOS, PARTICIPA DEL PROGRAMA DE BENEFICIOS SUPERCLUB
17;BANCO BBVA ARGENTINA S.A.;2026-04-16;CUENTA PREMIUM WORLD                                                                                                            ;PREM WORLD               ;78900,00;140000;12;100;Personas humanas Monotributistas;Premium signature, black o similar;VISA DEBITO, 1 CUSTODIA, 1 CUENTA CORRIENTE EN PESOS, 1 CAJA DE AHORRO EN EUROS, 1 CAJA DE AHORRO EN DOLARES, 1 MASTER BLACK T CREDITO Y 1 VISA SIGNATURE T CREDITO, ACUERDO PARA ADELANTOS EN CC                                                                                                                                                                                                                                                                                                                                                                                                                                                                                                                                                                                                                                                                                                                                                                                                                                                               ;Todo el territorio nacional;INGRESO SIN ACREDITACION DE HABERES                                                                                                                                                                                                                                                                                                                                                                                                                                                                                                                                                                                                                                                                                                                                                                                                                                                                                                                                                                                                                             
285;BANCO MACRO S.A.;2026-01-30;MACRO SELECTA;MACRO SELECTA;78480,60;999999;6;84;Personas humanas Monotributistas;Premium signature, black o similar;CUENTA CORRIENTE EN PESOS, CAJA DE AHORROS EN DOLARES, TARJETA DE DEBITO TITULAR SELECTA, HASTA UNA TARJETA DE CREDITO SIGNATURE Y UNA BLACK (OPCIONAL), Y ACUERDO EN DESCUBIERTO SIEMPRE QUE CALIFIQUE CREDITICIAMENTE PARA EL MISMO.;Todo el territorio nacional;
72;BANCO SANTANDER ARGENTINA S.A.;2026-01-26;BLACK;BLACK;76777,00;4000000;6;100;Personas humanas Responsables Inscriptos;Premium signature, black o similar;2 TARJETAS DE CREDITO, ACUERDO DE DESCUBIERTO, CAJA DE AHORRO EN DOLARES, CUENTA CORRIENTE EN PESOS, Y PRESTAMO PREAPROBADO;Todo el territorio nacional;PROGRAMA DE BENEFICIOS SUPERCLUB
285;BANCO MACRO S.A.;2026-01-30;MACRO VALORA ESENCIAL;MACRO VALORA ESENCIAL;29887,00;90000;6;84;Personas humanas Responsables Inscriptos;Básico;CAJA DE AHORROS EN DOLARES, TARJETA DE DEBITO TITULAR, HASTA DOS TARJETAS DE CREDITO INTERNACIONAL, SEGURO COMPRA PROTEGIDA Y SEGURO PROTECCION VIA PUBLICA.;Todo el territorio nacional;
299;BANCO COMAFI SOCIEDAD ANONIMA;2025-10-06;SERVICIO COMAFI GLOBAL;SERV. COMAFI GLOBAL;18204,45;800000;18;100;Personas humanas Responsables Inscriptos;Básico;CAJA DE AHORROS EN DOLARES, DOS TARJETAS DE DEBITO, TARJETAS DE CREDITO VISA Y/O MASTERCARD INTERNACIONAL;Todo el territorio nacional;PROGRAMAS DE BENEFICIOS TE VA BIEN Y TE VA BIEN SUMA
191;BANCO CREDICOOP COOPERATIVO LIMITADO;2026-03-27;MODULO DIRECTIVOS IDEAL ;MOD DIRECT IDEAL  ;71995,00;2200000;0;100;Personas humanas Monotributistas;Premium signature, black o similar;1 CAJA DE AHORROS EN DOLARES 1 CUENTA CORRIENTE CON ACUERDO DE DESCUBIERTO 1 TARJETA DE DEBITO 2 TARJETAS DE CREDITO 1 SEGURO DE PROTECCION DE CAJEROS AUTOMATICOS 1 CUENTA COMITENTE;Todo el territorio nacional;
7;BANCO DE GALICIA Y BUENOS AIRES S.A.;2025-11-03;SERVICIO TOTAL;TOTAL;27000,00;310000;3;80;Personas humanas Responsables Inscriptos;Básico;CAJA DE AHORRO DOLARES, TARJETA DE CREDITO, TARJETA DE CREDITO;Todo el territorio nacional;
27;BANCO SUPERVIELLE S.A.;2026-04-10;HIT MAS;;12650,00;200000;0;86;Personas humanas Responsables Inscriptos;Básico;1 CAJA DE AHORRO EN PESOS,1 CAJA DE AHORRO EN DOLARES,1 TARJETA DE CREDITO INTERNACIONAL,1 TARJETA DE DEBITO,TRANSACCIONES EN CAJEROS BANELCO SIN COSTO,TRANSACCIONES EN CAJEROS LINK SIN COSTO;Todo el territorio nacional;
27;BANCO SUPERVIELLE S.A.;2026-04-10;BLACK INVERSOR;;72450,00;2500000;0;86;Clientes con cuenta en la entidad;Premium signature, black o similar;1 CAJA DE AHORRO EN PESOS,1 CAJA DE AHORRO EN DOLARES,1 CAJA DE AHORRO EN EUROS,1 TARJETA VISA SIGNATURE, 1 TARJETA DE DEBITO, TRANSACCIONES EN CAJEROS BANELCO SIN COSTO,TRANSACCIONES EN CAJEROS LINK SIN COSTO,TRANSACCIONES EN CAJEROS DEL EXTERIOR SIN COSTO;Todo el territorio nacional;
7;BANCO DE GALICIA Y BUENOS AIRES S.A.;2025-11-03;SERVICIO SIMPLE;SIMPLE;27000,00;310000;3;80;Personas humanas Responsables Inscriptos;Básico;CAJA DE AHORRO DOLARES, TARJETA DE CREDITO;Todo el territorio nacional;
191;BANCO CREDICOOP COOPERATIVO LIMITADO;2026-03-27;MODULO DIRECTIVOS IDEAL ;MOD DIRECT IDEAL  ;71995,00;2200000;0;100;Personas humanas en relación de dependencia;Premium signature, black o similar;1 CAJA DE AHORROS EN DOLARES 1 CUENTA CORRIENTE CON ACUERDO DE DESCUBIERTO 1 TARJETA DE DEBITO 2 TARJETAS DE CREDITO 1 SEGURO DE PROTECCION DE CAJEROS AUTOMATICOS 1 CUENTA COMITENTE;Todo el territorio nacional;
7;BANCO DE GALICIA Y BUENOS AIRES S.A.;2025-11-03;CUENTA NEGOCIOS SIGNATURE;NEGOCIOS SIGNATURE;70000,00;3250000;12;80;Personas humanas Monotributistas;Premium signature, black o similar;CUENTA CORRIENTE, TARJETA DE CREDITO, TARJETA DE CREDITO, CAJA DE AHORRO DOLARES;Todo el territorio nacional;
7;BANCO DE GALICIA Y BUENOS AIRES S.A.;2025-11-03;SERVICIO CLASSIC;CLASSIC;27000,00;310000;3;80;Personas humanas Responsables Inscriptos;Básico;CAJA DE AHORRO DOLARES, TARJETA DE CREDITO, TARJETA DE CREDITO, CUENTA CORRIENTE;Todo el territorio nacional;
191;BANCO CREDICOOP COOPERATIVO LIMITADO;2026-03-27;MODULO DIRECTIVOS IDEAL ;MOD DIRECT IDEAL  ;71995,00;2200000;0;100;Clientes con cuenta en la entidad;Premium signature, black o similar;1 CAJA DE AHORROS EN DOLARES 1 CUENTA CORRIENTE CON ACUERDO DE DESCUBIERTO 1 TARJETA DE DEBITO 2 TARJETAS DE CREDITO 1 SEGURO DE PROTECCION DE CAJEROS AUTOMATICOS 1 CUENTA COMITENTE;Todo el territorio nacional;
322;BANCO INDUSTRIAL S.A.;2025-08-01;BIND GLOBAL;GLOBAL;24624,65;80000;12;64;Personas humanas Responsables Inscriptos;Básico;VISA DEBITO, CAJA DE AHORROS EN DOLARES, CAJA DE AHORRO EN EUROS (OPCIONAL), CUENTA CORRIENTE EN PESOS (OPCIONAL), TARJETA DE CREDITO VISA (OPCIONAL),  PRESTAMOS PREACORDADOS SEGUN RCI,;Todo el territorio nacional;
299;BANCO COMAFI SOCIEDAD ANONIMA;2025-10-06;SERVICIO COMAFI UNICO BLACK;SERV. COMAFI UNICO BLACK;79890,25;2900000;18;100;Personas humanas Responsables Inscriptos;Premium signature, black o similar;CUENTA CORRIENTE CON ACUERDO DE SOBREGIRO, CAJA DE AHORROS EN DOLARES, TRES TARJETAS DE DEBITO, SEGURO DE ROBO EN CAJERO, TARJETAS DE CREDITO VISA SIGNATURE Y/O MASTERCARD BLACK ;Todo el territorio nacional;PROGRAMAS DE BENEFICIOS TE VA BIEN Y TE VA BIEN SUMA
191;BANCO CREDICOOP COOPERATIVO LIMITADO;2026-03-27;MODULO DIRECTIVOS IDEAL ;MOD DIRECT IDEAL  ;71995,00;2200000;0;100;Personas humanas Responsables Inscriptos;Premium signature, black o similar;1 CAJA DE AHORROS EN DOLARES 1 CUENTA CORRIENTE CON ACUERDO DE DESCUBIERTO 1 TARJETA DE DEBITO 2 TARJETAS DE CREDITO 1 SEGURO DE PROTECCION DE CAJEROS AUTOMATICOS 1 CUENTA COMITENTE;Todo el territorio nacional;
299;BANCO COMAFI SOCIEDAD ANONIMA;2025-10-06;SERVICIO COMAFI UNICO PLATINUM;SERV. COMAFI UNICO PLATIN;52011,85;2000000;18;100;Personas humanas Responsables Inscriptos;Premium signature, black o similar;CUENTA CORRIENTE CON ACUERDO DE SOBREGIRO, CAJA DE AHORROS EN DOLARES, TRES TARJETAS DE DEBITO, SEGURO DE ROBO EN CAJERO, TARJETAS DE CREDITO VISA Y/O MASTERCARD PLATINUM ;Todo el territorio nacional;PROGRAMAS DE BENEFICIOS TE VA BIEN Y TE VA BIEN SUMA
285;BANCO MACRO S.A.;2026-01-30;MACRO SELECTA;MACRO SELECTA;78480,60;999999;6;84;Personas humanas en relación de dependencia;Premium signature, black o similar;CUENTA CORRIENTE EN PESOS, CAJA DE AHORROS EN DOLARES, TARJETA DE DEBITO TITULAR SELECTA, HASTA UNA TARJETA DE CREDITO SIGNATURE Y UNA BLACK (OPCIONAL), Y ACUERDO EN DESCUBIERTO SIEMPRE QUE CALIFIQUE CREDITICIAMENTE PARA EL MISMO.;Todo el territorio nacional;
285;BANCO MACRO S.A.;2026-01-30;MACRO SELECTA;MACRO SELECTA;78480,60;999999;6;84;Clientes con cuenta en la entidad;Premium signature, black o similar;CUENTA CORRIENTE EN PESOS, CAJA DE AHORROS EN DOLARES, TARJETA DE DEBITO TITULAR SELECTA, HASTA UNA TARJETA DE CREDITO SIGNATURE Y UNA BLACK (OPCIONAL), Y ACUERDO EN DESCUBIERTO SIEMPRE QUE CALIFIQUE CREDITICIAMENTE PARA EL MISMO.;Todo el territorio nacional;
72;BANCO SANTANDER ARGENTINA S.A.;2026-01-26;SUPERCUENTA;SUPERCUENTA;11900,00;1000;1;100;Empleados públicos;Básico;CAJA DE AHORRO EN DOLARES, MOVIMIENTOS ILIMITADOS EN CAJEROS PROPIOS DE LA RED BANELCO, TARJETA DE DEBITO PARA EL PRIMER FIRMANTE, RESUMEN UNICO CUATRIMESTRAL;Todo el territorio nacional;REQUISITO DEMOSTRAR ORIGEN DE FONDOS, PARTICIPA DEL PROGRAMA DE BENEFICIOS SUPERCLUB
7;BANCO DE GALICIA Y BUENOS AIRES S.A.;2025-11-03;SERVICIO EMINENT SIGNATURE;EMINENT SIGNATURE;70000,00;3250000;3;80;Personas humanas Monotributistas;Premium signature, black o similar;CAJA DE AHORRO DOLARES, TARJETA DE CREDITO, TARJETA DE CREDITO, CUENTA CORRIENTE;Todo el territorio nacional;
431;BANCO COINAG S.A.;2025-05-30;COINAG DIAMANTE;COINAG DIAMANTE;32800,00;0;0;75;Personas humanas Monotributistas;Premium signature, black o similar;CUENTA CORRIENTE CON ACUERDO DE DESCUBIERTO, CAJA DE AHORRO EN PESOS, CAJA DE AHORRO EN USD, TARJETA DE CREDITO VISA, SEGURO HOGAR, SEGURO ATM;Todo el territorio nacional;
27;BANCO SUPERVIELLE S.A.;2026-04-10;HIT MAS;;12650,00;200000;0;86;Clientes con cuenta en la entidad;Básico;1 CAJA DE AHORRO EN PESOS,1 CAJA DE AHORRO EN DOLARES,1 TARJETA DE CREDITO INTERNACIONAL,1 TARJETA DE DEBITO,TRANSACCIONES EN CAJEROS BANELCO SIN COSTO,TRANSACCIONES EN CAJEROS LINK SIN COSTO;Todo el territorio nacional;
322;BANCO INDUSTRIAL S.A.;2025-08-01;BIND GLOBAL;GLOBAL;24624,65;80000;12;64;Clientes con cuenta en la entidad;Básico;VISA DEBITO, CAJA DE AHORROS EN DOLARES, CAJA DE AHORRO EN EUROS (OPCIONAL), CUENTA CORRIENTE EN PESOS (OPCIONAL), TARJETA DE CREDITO VISA (OPCIONAL),  PRESTAMOS PREACORDADOS SEGUN RCI,;Todo el territorio nacional;
322;BANCO INDUSTRIAL S.A.;2025-08-01;BIND ZAFIRO;ZAFIRO;51734,05;2000000;12;64;Empleados públicos;Premium signature, black o similar;VISA DEBITO, CAJA DE AHORROS EN DOLARES, CAJA DE AHORRO EN EUROS (OPCIONAL), CUENTA CORRIENTE EN PESOS, TARJETA DE CREDITO VISA PLATINUM/SIGNATURE(OPCIONAL),  PRESTAMOS PREACORDADOS SEGUN RCI,;Todo el territorio nacional;
17;BANCO BBVA ARGENTINA S.A.;2026-04-16;CUENTA PREMIUM WORLD                                                                                                            ;PREM WORLD               ;78900,00;140000;12;100;Empleados públicos;Premium signature, black o similar;VISA DEBITO, 1 CUSTODIA, 1 CUENTA CORRIENTE EN PESOS, 1 CAJA DE AHORRO EN EUROS, 1 CAJA DE AHORRO EN DOLARES, 1 MASTER BLACK T CREDITO Y 1 VISA SIGNATURE T CREDITO, ACUERDO PARA ADELANTOS EN CC                                                                                                                                                                                                                                                                                                                                                                                                                                                                                                                                                                                                                                                                                                                                                                                                                                                               ;Todo el territorio nacional;INGRESO SIN ACREDITACION DE HABERES                                                                                                                                                                                                                                                                                                                                                                                                                                                                                                                                                                                                                                                                                                                                                                                                                                                                                                                                                                                                                             
17;BANCO BBVA ARGENTINA S.A.;2026-04-16;CUENTA PLUS                                                                                                                     ;CTA.PLUS                 ;29900,00;28000;12;100;Clientes que acrediten sueldos en la entidad;Básico;VISA DEBITO, 1 CUENTA CORRIENTE EN PESOS, 1 CAJA DE AHORRO EN DOLARES, 1 MASTERCARD - TARJETA DE CREDITO INTERNACIONAL Y VISA INTERNACIONAL - T CREDITO, ACUERDO PARA ADELANTOS EN CC                                                                                                                                                                                                                                                                                                                                                                                                                                                                                                                                                                                                                                                                                                                                                                                                                                                                           ;Todo el territorio nacional;INGRESO SIN ACREDITACION DE HABERES                                                                                                                                                                                                                                                                                                                                                                                                                                                                                                                                                                                                                                                                                                                                                                                                                                                                                                                                                                                                                             
17;BANCO BBVA ARGENTINA S.A.;2026-04-16;CUENTA 17                                                                                                                       ;CTA 17                   ;22900,00;28000;12;100;Clientes que acrediten sueldos en la entidad;Básico;VISA DEBITO, 1 CUENTA CORRIENTE EN PESOS, 1 CAJA DE AHORRO EN DOLARES, 1 VISA INTER-T.CRED, ACUERDO PARA ADELANTOS EN CC                                                                                                                                                                                                                                                                                                                                                                                                                                                                                                                                                                                                                                                                                                                                                                                                                                                                                                                                        ;Todo el territorio nacional;INGRESO SIN ACREDITACION DE HABERES                                                                                                                                                                                                                                                                                                                                                                                                                                                                                                                                                                                                                                                                                                                                                                                                                                                                                                                                                                                                                             
72;BANCO SANTANDER ARGENTINA S.A.;2026-01-26;BLACK;BLACK;76777,00;4000000;6;100;Personas humanas Monotributistas;Premium signature, black o similar;2 TARJETAS DE CREDITO, ACUERDO DE DESCUBIERTO, CAJA DE AHORRO EN DOLARES, CUENTA CORRIENTE EN PESOS, Y PRESTAMO PREAPROBADO;Todo el territorio nacional;PROGRAMA DE BENEFICIOS SUPERCLUB
72;BANCO SANTANDER ARGENTINA S.A.;2026-01-26;INFINITY;INFINITY;32177,00;1150000;6;100;Clientes que acrediten sueldos en la entidad;Básico;CUENTA CORRIENTE, CAJA DE AHORRO EN DOLARES, TARJETA VISA  SIN CARGO DE RENOVACION, TARJETA AMERICAN EXPRESS SIN CARGO DE RENOVACION, TARJETA DE DEBITO , RESUMEN UNICO MENSUAL;Todo el territorio nacional;COMISION DE MANTENIMIENTO BONIFICADA SEGUN EL ACUERDO QUE TENGA EL EMPLEADOR CON EL BANCO, PARTICIPA DEL PROGRAMA DE BENEFICIOS SUPERCLUB
27;BANCO SUPERVIELLE S.A.;2026-04-10;HIT MAS;;12650,00;200000;0;86;Clientes que acrediten sueldos en la entidad;Básico;1 CAJA DE AHORRO EN PESOS,1 CAJA DE AHORRO EN DOLARES,1 TARJETA DE CREDITO INTERNACIONAL,1 TARJETA DE DEBITO,TRANSACCIONES EN CAJEROS BANELCO SIN COSTO,TRANSACCIONES EN CAJEROS LINK SIN COSTO;Todo el territorio nacional;
72;BANCO SANTANDER ARGENTINA S.A.;2026-01-26;SUPERCUENTA 3 CON CHEQUERA;SUPERCUENTA 3 CON CHEQ;29040,00;1150000;6;100;Clientes que acrediten sueldos en la entidad;Básico;CUENTA CORRIENTE, CAJA DE AHORRO EN DOLARES, TARJETA SANTANDER RIO VISA INTERNACIONAL SIN CARGO DE RENOVACION,  RESUMEN Y ADICIONALES, MOVIMIENTOS ILIMITADOS EN CAJEROS PROPIOS DE LA RED BANELCO, TARJETA DE DEBITO PARA EL PRIMER FIRMANTE, RESUMEN UNICO MENSUAL, PRIMERA CHEQUERA DE 25 CHEQUES;Todo el territorio nacional;COMISION DE MANTENIMIENTO BONIFICADA SEGUN EL ACUERDO QUE TENGA EL EMPLEADOR CON EL BANCO, PARTICIPA DEL PROGRAMA DE BENEFICIOS SUPERCLUB
72;BANCO SANTANDER ARGENTINA S.A.;2026-01-26;INFINITY;INFINITY;32177,00;1150000;6;100;Personas humanas Responsables Inscriptos;Básico;CUENTA CORRIENTE, CAJA DE AHORRO EN DOLARES, TARJETA VISA  SIN CARGO DE RENOVACION, TARJETA AMERICAN EXPRESS SIN CARGO DE RENOVACION, TARJETA DE DEBITO , RESUMEN UNICO MENSUAL;Todo el territorio nacional;PARTICIPA DEL PROGRAMA DE BENEFICIOS SUPERCLUB
72;BANCO SANTANDER ARGENTINA S.A.;2026-01-26;SUPERCUENTA CON CHEQUERA Y ACUERDO;SUPERCUENTA CON CHEQ Y AC;19231,00;1000;1;100;Personas humanas Responsables Inscriptos;Básico;CUENTA CORRIENTE, CAJA DE AHORRO EN DOLARES, MOVIMIENTOS ILIMITADOS EN CAJEROS PROPIOS DE LA RED BANELCO, TARJETA DE DEBITO PARA EL PRIMER FIRMANTE, RESUMEN UNICO CUATRIMESTRAL, CUENTA CORRIENTE, PRIMERA CHEQUERA DE 25 CHEQUES;Todo el territorio nacional;REQUISITO DEMOSTRAR ORIGEN DE FONDOS, PARTICIPA DEL PROGRAMA DE BENEFICIOS SUPERCLUB
72;BANCO SANTANDER ARGENTINA S.A.;2026-01-26;SUPERCUENTA 3;SUPERCUENTA 3;29040,00;1150000;6;100;Personas humanas Responsables Inscriptos;Básico;CUENTA CORRIENTE, CAJA DE AHORRO EN DOLARES, TARJETA SANTANDER RIO VISA INTERNACIONAL SIN CARGO DE RENOVACION,  RESUMEN Y ADICIONALES, MOVIMIENTOS ILIMITADOS EN CAJEROS PROPIOS DE LA RED BANELCO, TARJETA DE DEBITO PARA EL PRIMER FIRMANTE, RESUMEN UNICO MENSUAL;Todo el territorio nacional;REQUISITO DEMOSTRAR ORIGEN DE FONDOS, PARTICIPA DEL PROGRAMA DE BENEFICIOS SUPERCLUB
285;BANCO MACRO S.A.;2026-01-30;MACRO SELECTA;MACRO SELECTA;78480,60;999999;6;84;Personas humanas Responsables Inscriptos;Premium signature, black o similar;CUENTA CORRIENTE EN PESOS, CAJA DE AHORROS EN DOLARES, TARJETA DE DEBITO TITULAR SELECTA, HASTA UNA TARJETA DE CREDITO SIGNATURE Y UNA BLACK (OPCIONAL), Y ACUERDO EN DESCUBIERTO SIEMPRE QUE CALIFIQUE CREDITICIAMENTE PARA EL MISMO.;Todo el territorio nacional;
27;BANCO SUPERVIELLE S.A.;2026-04-10;IDENTITE BLACK DIRECTIVOS Y DIPLOMATICOS;;,00;3500000;0;86;Personas humanas Responsables Inscriptos;Premium signature, black o similar;1 CAJA DE AHORRO EN PESOS,1 CAJA DE AHORRO EN DOLARES,1 CAJA DE AHORRO EN EUROS,1 CUENTA CORRIENTE,  1 TARJETA DE CREDITO VISA Y MASTERCARD BLACK/SIGNATURE, 1 TARJETA DE DEBITO, SEGURO ANTE ROBO EN CAJERO AUTOMATICO Y SEGURO DE BOLSO PROTEGIDO BONIFICADOS, TRANSACCIONES EN CAJEROS BANELCO SIN COSTO,TRANSACCIONES EN CAJEROS LINK SIN COSTO,TRANSACCIONES EN CAJEROS DEL EXTERIOR SIN COSTO;Todo el territorio nacional;
27;BANCO SUPERVIELLE S.A.;2026-04-10;IDENTITE BLACK DIRECTIVOS Y DIPLOMATICOS;;,00;3500000;0;86;Personas humanas Monotributistas;Premium signature, black o similar;1 CAJA DE AHORRO EN PESOS,1 CAJA DE AHORRO EN DOLARES,1 CAJA DE AHORRO EN EUROS,1 CUENTA CORRIENTE,  1 TARJETA DE CREDITO VISA Y MASTERCARD BLACK/SIGNATURE, 1 TARJETA DE DEBITO, SEGURO ANTE ROBO EN CAJERO AUTOMATICO Y SEGURO DE BOLSO PROTEGIDO BONIFICADOS, TRANSACCIONES EN CAJEROS BANELCO SIN COSTO,TRANSACCIONES EN CAJEROS LINK SIN COSTO,TRANSACCIONES EN CAJEROS DEL EXTERIOR SIN COSTO;Todo el territorio nacional;
45;BANCO DE SAN JUAN S.A.;2026-03-02;PACK SIMPLE;PACK SIMPLE;33113,00;4500;0;83;Empleados públicos;Básico;CAJA DE AHORRO DOLAR, CUENTA CORRIENTE, TARJETA DE CREDITO INTERNACIONAL, SEGURO COMPRA PROTEGIDA;Todo el territorio nacional;NO APLICA
17;BANCO BBVA ARGENTINA S.A.;2026-04-16;CUENTA PREMIUM WORLD                                                                                                            ;PREM WORLD               ;78900,00;140000;12;100;Personas humanas Responsables Inscriptos;Premium signature, black o similar;VISA DEBITO, 1 CUSTODIA, 1 CUENTA CORRIENTE EN PESOS, 1 CAJA DE AHORRO EN EUROS, 1 CAJA DE AHORRO EN DOLARES, 1 MASTER BLACK T CREDITO Y 1 VISA SIGNATURE T CREDITO, ACUERDO PARA ADELANTOS EN CC                                                                                                                                                                                                                                                                                                                                                                                                                                                                                                                                                                                                                                                                                                                                                                                                                                                               ;Todo el territorio nacional;INGRESO SIN ACREDITACION DE HABERES                                                                                                                                                                                                                                                                                                                                                                                                                                                                                                                                                                                                                                                                                                                                                                                                                                                                                                                                                                                                                             
17;BANCO BBVA ARGENTINA S.A.;2026-04-16;CUENTA 17                                                                                                                       ;CTA 17                   ;22900,00;28000;12;100;Personas humanas Responsables Inscriptos;Básico;VISA DEBITO, 1 CUENTA CORRIENTE EN PESOS, 1 CAJA DE AHORRO EN DOLARES, 1 VISA INTER-T.CRED, ACUERDO PARA ADELANTOS EN CC                                                                                                                                                                                                                                                                                                                                                                                                                                                                                                                                                                                                                                                                                                                                                                                                                                                                                                                                        ;Todo el territorio nacional;INGRESO SIN ACREDITACION DE HABERES                                                                                                                                                                                                                                                                                                                                                                                                                                                                                                                                                                                                                                                                                                                                                                                                                                                                                                                                                                                                                             
34;BANCO PATAGONIA S.A.;2026-02-27;PATAGONIA CLASICA;CLASICA;21250,00;0;0;100;Empleados públicos;Básico;UNA TARJETA DE DEBITO. UNA TARJETA DE CREDITO INTERNACIONAL;Todo el territorio nacional;POSIBILIDAD DE OBTENER LA BONIFICACION DE LA COMISION DE SERVICIO DE MANTENIMIENTO DE ACUERDO A LA ACREDITACION DE HABERES.EL PRODUCTO INFORMADO DISPONE DE UN PROGRAMA DE BONIFICACION DE LA COMISION POR SERVICIO DE MANTENIMIENTO DE PAQUETE DE ACUERDO AL NIVEL DE TRANSACCIONALIDAD PARA EL SEGMENTO DE CLIENTES MERCADO ABIERTO.EL PRODUCTO INFORMADO DISPONE DE BENEFICIOS EN SUPERMERCADOS, PELUQUERIAS, SHOPPINGS, TURISMO E INDUMENTARIA ENTRE OTROS. LOS TERMINOS Y CONDICIONES APLICABLES SE ENCUENTRAN PUBLICADOS EN EL SITIO WEB DE BANCO PATAGONIA.LA COMISION POR SERVICIO DE MANTENIMIENTO DE PAQUETE INCLUYE EL IMPUESTO AL VALOR AGREGADO (IVA). DE ACUERDO A LA JURISDICCION DE RADICACION DEL CLIENTE, EL PRODUCTO ES SUCEPTIBLE DE SER ALCANZADO POR IMPUESTOS PROVINCIALES.
431;BANCO COINAG S.A.;2025-05-30;COINAG DIAMANTE;COINAG DIAMANTE;32800,00;0;0;75;Personas humanas Responsables Inscriptos;Premium signature, black o similar;CUENTA CORRIENTE CON ACUERDO DE DESCUBIERTO, CAJA DE AHORRO EN PESOS, CAJA DE AHORRO EN USD, TARJETA DE CREDITO VISA, SEGURO HOGAR, SEGURO ATM;Todo el territorio nacional;
7;BANCO DE GALICIA Y BUENOS AIRES S.A.;2025-11-03;CUENTA NEGOCIOS SIGNATURE;NEGOCIOS SIGNATURE;70000,00;3250000;12;80;Personas humanas Responsables Inscriptos;Premium signature, black o similar;CUENTA CORRIENTE, TARJETA DE CREDITO, TARJETA DE CREDITO, CAJA DE AHORRO DOLARES;Todo el territorio nacional;
322;BANCO INDUSTRIAL S.A.;2025-08-01;BIND ZAFIRO;ZAFIRO;51734,05;2000000;12;64;Personas humanas Responsables Inscriptos;Premium signature, black o similar;VISA DEBITO, CAJA DE AHORROS EN DOLARES, CAJA DE AHORRO EN EUROS (OPCIONAL), CUENTA CORRIENTE EN PESOS, TARJETA DE CREDITO VISA PLATINUM/SIGNATURE(OPCIONAL),  PRESTAMOS PREACORDADOS SEGUN RCI,;Todo el territorio nacional;
17;BANCO BBVA ARGENTINA S.A.;2026-04-16;CUENTA EXPRESS                                                                                                                  ;CTA EXPRESS              ;29900,00;28000;12;100;Personas humanas Responsables Inscriptos;Básico;VISA DEBITO, 1 CUENTA CORRIENTE EN PESOS, 1 CAJA DE AHORRO EN DOLARES,  1 MASTERCARD - TARJETA DE CREDITO O 1 VISA INTER-T.CRED, ACUERDO PARA ADELANTOS EN CC                                                                                                                                                                                                                                                                                                                                                                                                                                                                                                                                                                                                                                                                                                                                                                                                                                                                                                   ;Todo el territorio nacional;INGRESO SIN ACREDITACION DE HABERES                                                                                                                                                                                                                                                                                                                                                                                                                                                                                                                                                                                                                                                                                                                                                                                                                                                                                                                                                                                                                             
72;BANCO SANTANDER ARGENTINA S.A.;2026-01-26;SUPERCUENTA CON CHEQUERA;SUPERCUENTA CON CHEQ;19231,00;1000;1;100;Personas humanas Responsables Inscriptos;Básico;CUENTA CORRIENTE, CAJA DE AHORRO EN DOLARES, MOVIMIENTOS ILIMITADOS EN CAJEROS PROPIOS DE LA RED BANELCO, TARJETA DE DEBITO PARA EL PRIMER FIRMANTE, RESUMEN UNICO CUATRIMESTRAL, PRIMERA CHEQUERA DE 25 CHEQUES;Todo el territorio nacional;REQUISITO DEMOSTRAR ORIGEN DE FONDOS, PARTICIPA DEL PROGRAMA DE BENEFICIOS SUPERCLUB
72;BANCO SANTANDER ARGENTINA S.A.;2026-01-26;SUPERCUENTA 3 CON CHEQUERA;SUPERCUENTA 3 CON CHEQ;29040,00;1150000;6;100;Personas humanas Responsables Inscriptos;Básico;CUENTA CORRIENTE, CAJA DE AHORRO EN DOLARES, TARJETA SANTANDER RIO VISA INTERNACIONAL SIN CARGO DE RENOVACION,  RESUMEN Y ADICIONALES, MOVIMIENTOS ILIMITADOS EN CAJEROS PROPIOS DE LA RED BANELCO, TARJETA DE DEBITO PARA EL PRIMER FIRMANTE, RESUMEN UNICO MENSUAL, PRIMERA CHEQUERA DE 25 CHEQUES;Todo el territorio nacional;REQUISITO DEMOSTRAR ORIGEN DE FONDOS, PARTICIPA DEL PROGRAMA DE BENEFICIOS SUPERCLUB
7;BANCO DE GALICIA Y BUENOS AIRES S.A.;2025-11-03;SERVICIO EMINENT SIGNATURE;EMINENT SIGNATURE;70000,00;3250000;3;80;Personas humanas Responsables Inscriptos;Premium signature, black o similar;CAJA DE AHORRO DOLARES, TARJETA DE CREDITO, TARJETA DE CREDITO, CUENTA CORRIENTE;Todo el territorio nacional;
27;BANCO SUPERVIELLE S.A.;2026-04-10;ACTIVE;;20700,00;200000;0;86;Personas humanas Responsables Inscriptos;Básico;1 CAJA DE AHORRO EN PESOS,1 CAJA DE AHORRO EN DOLARES,1 CUENTA CORRIENTES, 1 TARJETA DE CREDITO INTERNACIONAL,1 TARJETA DE DEBITO,TRANSACCIONES EN CAJEROS BANELCO SIN COSTO,TRANSACCIONES EN CAJEROS LINK SIN COSTO;Todo el territorio nacional;
299;BANCO COMAFI SOCIEDAD ANONIMA;2025-10-06;SERVICIO COMAFI UNICO PLATINUM;SERV. COMAFI UNICO PLATIN;52011,85;2000000;6;100;Personas humanas en relación de dependencia;Premium signature, black o similar;CUENTA CORRIENTE CON ACUERDO DE SOBREGIRO, CAJA DE AHORROS EN DOLARES, TRES TARJETAS DE DEBITO, SEGURO DE ROBO EN CAJERO, TARJETAS DE CREDITO VISA Y/O MASTERCARD PLATINUM ;Todo el territorio nacional;PROGRAMAS DE BENEFICIOS TE VA BIEN Y TE VA BIEN SUMA
299;BANCO COMAFI SOCIEDAD ANONIMA;2025-10-06;SERVICIO COMAFI UNICO BLACK;SERV. COMAFI UNICO BLACK;79890,25;2900000;6;100;Personas humanas en relación de dependencia;Premium signature, black o similar;CUENTA CORRIENTE CON ACUERDO DE SOBREGIRO, CAJA DE AHORROS EN DOLARES, TRES TARJETAS DE DEBITO, SEGURO DE ROBO EN CAJERO, TARJETAS DE CREDITO VISA SIGNATURE Y/O MASTERCARD BLACK ;Todo el territorio nacional;PROGRAMAS DE BENEFICIOS TE VA BIEN Y TE VA BIEN SUMA
315;BANCO DE FORMOSA S.A.;2026-03-31;PAQUETE SIMPLE;SIMPLE;11660,00;12000;3;90;Empleados públicos;Básico;CUENTA CORRIENTE - ADELANTO DE HABERES - TARJETA DE CREDITO CABAL;Todo el territorio nacional;
17;BANCO BBVA ARGENTINA S.A.;2026-04-16;CUENTA EXPRESS                                                                                                                  ;CTA EXPRESS              ;29900,00;28000;12;100;Empleados públicos;Básico;VISA DEBITO, 1 CUENTA CORRIENTE EN PESOS, 1 CAJA DE AHORRO EN DOLARES,  1 MASTERCARD - TARJETA DE CREDITO O 1 VISA INTER-T.CRED, ACUERDO PARA ADELANTOS EN CC                                                                                                                                                                                                                                                                                                                                                                                                                                                                                                                                                                                                                                                                                                                                                                                                                                                                                                   ;Todo el territorio nacional;INGRESO SIN ACREDITACION DE HABERES                                                                                                                                                                                                                                                                                                                                                                                                                                                                                                                                                                                                                                                                                                                                                                                                                                                                                                                                                                                                                             
426;BANCO BICA S.A.;2025-12-29;PAQUETE BICA IDEAL;IDEAL;32885,24;0;0;100;Empleados públicos;Básico;CUENTA CORRIENTE, ACUERDO ADELANTOS TRANSITORIOS, TARJETA DE DEBITO, 4 TARJETAS DE CREDITO;Todo el territorio nacional;
7;BANCO DE GALICIA Y BUENOS AIRES S.A.;2025-11-03;SERVICIO EMINENT SIGNATURE;EMINENT SIGNATURE;70000,00;3250000;3;80;Clientes con cuenta en la entidad;Premium signature, black o similar;CAJA DE AHORRO DOLARES, TARJETA DE CREDITO, TARJETA DE CREDITO, CUENTA CORRIENTE;Todo el territorio nacional;
285;BANCO MACRO S.A.;2026-01-30;MACRO VALORA ESENCIAL;MACRO VALORA ESENCIAL;29887,00;90000;6;84;Empleados públicos;Básico;CAJA DE AHORROS EN DOLARES, TARJETA DE DEBITO TITULAR, HASTA DOS TARJETAS DE CREDITO INTERNACIONAL, SEGURO COMPRA PROTEGIDA Y SEGURO PROTECCION VIA PUBLICA.;Todo el territorio nacional;
426;BANCO BICA S.A.;2025-12-29;PAQUETE BICA INTERNACIONAL;INTERNACIONAL;24000,35;0;0;100;Empleados públicos;Básico;CAJA DE AHORRO PESOS, CAJA DE AHORRO USD, TARJETA DE DEBITO, TARJETA DE CREDITO;Todo el territorio nacional;
315;BANCO DE FORMOSA S.A.;2026-03-31;PAQUETE PLUS;PLUS;25487,00;300000;3;90;Empleados públicos;Básico;CUENTA CORRIENTE - ADELANTO DE HABERES - TARJETA DE CREDITO CABAL - TARJETA DE CREDITO VISA INTERNACIONAL;Todo el territorio nacional;
17;BANCO BBVA ARGENTINA S.A.;2026-04-16;CUENTA PREMIUM WORLD                                                                                                            ;PREM WORLD               ;78900,00;140000;12;100;Clientes con cuenta en la entidad;Premium signature, black o similar;VISA DEBITO, 1 CUSTODIA, 1 CUENTA CORRIENTE EN PESOS, 1 CAJA DE AHORRO EN EUROS, 1 CAJA DE AHORRO EN DOLARES, 1 MASTER BLACK T CREDITO Y 1 VISA SIGNATURE T CREDITO, ACUERDO PARA ADELANTOS EN CC                                                                                                                                                                                                                                                                                                                                                                                                                                                                                                                                                                                                                                                                                                                                                                                                                                                               ;Todo el territorio nacional;INGRESO SIN ACREDITACION DE HABERES                                                                                                                                                                                                                                                                                                                                                                                                                                                                                                                                                                                                                                                                                                                                                                                                                                                                                                                                                                                                                             
426;BANCO BICA S.A.;2025-12-29;PAQUETE BICA SIGNATURE;SIGNATURE;64000,53;0;0;100;Clientes con cuenta en la entidad;Premium signature, black o similar;CAJA DE AHORRO PESOS, CAJA DE AHORRO USD, TARJETA DE DEBITO, TARJETA DE CREDITO;Todo el territorio nacional;
299;BANCO COMAFI SOCIEDAD ANONIMA;2025-10-06;SERVICIO COMAFI UNICO BLACK;SERV. COMAFI UNICO BLACK;79890,25;2900000;6;100;Clientes con cuenta en la entidad;Premium signature, black o similar;CUENTA CORRIENTE CON ACUERDO DE SOBREGIRO, CAJA DE AHORROS EN DOLARES, TRES TARJETAS DE DEBITO, SEGURO DE ROBO EN CAJERO, TARJETAS DE CREDITO VISA SIGNATURE Y/O MASTERCARD BLACK ;Todo el territorio nacional;PROGRAMAS DE BENEFICIOS TE VA BIEN Y TE VA BIEN SUMA
299;BANCO COMAFI SOCIEDAD ANONIMA;2025-10-06;SERVICIO COMAFI UNICO PLATINUM;SERV. COMAFI UNICO PLATIN;52011,85;2000000;6;100;Clientes con cuenta en la entidad;Premium signature, black o similar;CUENTA CORRIENTE CON ACUERDO DE SOBREGIRO, CAJA DE AHORROS EN DOLARES, TRES TARJETAS DE DEBITO, SEGURO DE ROBO EN CAJERO, TARJETAS DE CREDITO VISA Y/O MASTERCARD PLATINUM ;Todo el territorio nacional;PROGRAMAS DE BENEFICIOS TE VA BIEN Y TE VA BIEN SUMA
27;BANCO SUPERVIELLE S.A.;2026-04-10;HIT MAS;;12650,00;200000;0;86;Empleados públicos;Básico;1 CAJA DE AHORRO EN PESOS,1 CAJA DE AHORRO EN DOLARES,1 TARJETA DE CREDITO INTERNACIONAL,1 TARJETA DE DEBITO,TRANSACCIONES EN CAJEROS BANELCO SIN COSTO,TRANSACCIONES EN CAJEROS LINK SIN COSTO;Todo el territorio nacional;
322;BANCO INDUSTRIAL S.A.;2025-08-01;BIND GLOBAL;GLOBAL;24624,65;80000;12;64;Empleados públicos;Básico;VISA DEBITO, CAJA DE AHORROS EN DOLARES, CAJA DE AHORRO EN EUROS (OPCIONAL), CUENTA CORRIENTE EN PESOS (OPCIONAL), TARJETA DE CREDITO VISA (OPCIONAL),  PRESTAMOS PREACORDADOS SEGUN RCI,;Todo el territorio nacional;
315;BANCO DE FORMOSA S.A.;2026-03-31;PAQUETE PREFERENCIAL;PREFERENCIAL;49511,00;1300000;3;90;Clientes con cuenta en la entidad;Premium signature, black o similar;CUENTA CORRIENTE - ACUERDO EN CUENTA - TARJETA DE CREDITO CABAL - TARJETA DE CREDITO VISA PLATINUM SIGNATURE;Todo el territorio nacional;
17;BANCO BBVA ARGENTINA S.A.;2026-04-16;CUENTA PLUS                                                                                                                     ;CTA.PLUS                 ;29900,00;28000;12;100;Empleados públicos;Básico;VISA DEBITO, 1 CUENTA CORRIENTE EN PESOS, 1 CAJA DE AHORRO EN DOLARES, 1 MASTERCARD - TARJETA DE CREDITO INTERNACIONAL Y VISA INTERNACIONAL - T CREDITO, ACUERDO PARA ADELANTOS EN CC                                                                                                                                                                                                                                                                                                                                                                                                                                                                                                                                                                                                                                                                                                                                                                                                                                                                           ;Todo el territorio nacional;INGRESO SIN ACREDITACION DE HABERES                                                                                                                                                                                                                                                                                                                                                                                                                                                                                                                                                                                                                                                                                                                                                                                                                                                                                                                                                                                                                             
27;BANCO SUPERVIELLE S.A.;2026-04-10;ACTIVE;;20700,00;200000;0;86;Empleados públicos;Básico;1 CAJA DE AHORRO EN PESOS,1 CAJA DE AHORRO EN DOLARES,1 CUENTA CORRIENTES, 1 TARJETA DE CREDITO INTERNACIONAL,1 TARJETA DE DEBITO,TRANSACCIONES EN CAJEROS BANELCO SIN COSTO,TRANSACCIONES EN CAJEROS LINK SIN COSTO;Todo el territorio nacional;
7;BANCO DE GALICIA Y BUENOS AIRES S.A.;2025-11-03;SERVICIO SIMPLE;SIMPLE;27000,00;310000;3;80;Empleados públicos;Básico;CAJA DE AHORRO DOLARES, TARJETA DE CREDITO;Todo el territorio nacional;
322;BANCO INDUSTRIAL S.A.;2025-08-01;BIND ZAFIRO;ZAFIRO;51734,05;2000000;12;64;Clientes con cuenta en la entidad;Premium signature, black o similar;VISA DEBITO, CAJA DE AHORROS EN DOLARES, CAJA DE AHORRO EN EUROS (OPCIONAL), CUENTA CORRIENTE EN PESOS, TARJETA DE CREDITO VISA PLATINUM/SIGNATURE(OPCIONAL),  PRESTAMOS PREACORDADOS SEGUN RCI,;Todo el territorio nacional;
72;BANCO SANTANDER ARGENTINA S.A.;2026-01-26;SUPERCUENTA CON PRESTAMO PERSONAL;SUPERCUENTA CON PREST PER;14339,00;1150000;1;100;Empleados públicos;Básico;CUENTA CORRIENTE, CAJA DE AHORRO EN DOLARES, MOVIMIENTOS ILIMITADOS EN CAJEROS PROPIOS DE LA RED BANELCO, TARJETA DE DEBITO PARA EL PRIMER FIRMANTE, RESUMEN UNICO CUATRIMESTRAL, CUENTA CORRIENTE, PRESTAMO PERSONAL PREACORDADO;Todo el territorio nacional;REQUISITO DEMOSTRAR ORIGEN DE FONDOS, PARTICIPA DEL PROGRAMA DE BENEFICIOS SUPERCLUB
72;BANCO SANTANDER ARGENTINA S.A.;2026-01-26;BLACK;BLACK;76777,00;4000000;6;100;Clientes que acrediten sueldos en la entidad;Premium signature, black o similar;2 TARJETAS DE CREDITO, ACUERDO DE DESCUBIERTO, CAJA DE AHORRO EN DOLARES, CUENTA CORRIENTE EN PESOS, Y PRESTAMO PREAPROBADO;Todo el territorio nacional;LA COMISION MAXIMA ES DE ACUERDO AL CONVENIO QUE MANTENGA EL EMPLEADOR CON NUESTRA ENTIDAD, PROGRAMA DE BENEFICION SUPERCLUB
27;BANCO SUPERVIELLE S.A.;2026-04-10;IDENTITE BLACK;;83400,00;3500000;0;86;Clientes con cuenta en la entidad;Premium signature, black o similar;1 CAJA DE AHORRO EN PESOS,1 CAJA DE AHORRO EN DOLARES,1 CAJA DE AHORRO EN EUROS, 1 CUENTA CORRIENTES,1 TARJETA DE CREDITO VISA Y MASTERCARD BLACK/SIGNATURE, 1 TARJETA DE DEBITO, CHEQUERA ILIMITADA, SEGURO ANTE ROBO EN CAJERO AUTOMATICO Y SEGURO DE BOLSO PROTEGIDO BONIFICADOS, TRANSACCIONES EN CAJEROS DEL EXTERIOR SIN COSTO, TRANSACCIONES EN CAJEROS BANELCO SIN COSTO,TRANSACCIONES EN CAJEROS LINK SIN COSTO;Todo el territorio nacional;
7;BANCO DE GALICIA Y BUENOS AIRES S.A.;2025-11-03;SERVICIO CLASSIC;CLASSIC;27000,00;310000;3;80;Empleados públicos;Básico;CAJA DE AHORRO DOLARES, TARJETA DE CREDITO, TARJETA DE CREDITO, CUENTA CORRIENTE;Todo el territorio nacional;
72;BANCO SANTANDER ARGENTINA S.A.;2026-01-26;INFINITY;INFINITY;32177,00;1150000;6;100;Empleados públicos;Básico;CUENTA CORRIENTE, CAJA DE AHORRO EN DOLARES, TARJETA VISA  SIN CARGO DE RENOVACION, TARJETA AMERICAN EXPRESS SIN CARGO DE RENOVACION, TARJETA DE DEBITO , RESUMEN UNICO MENSUAL;Todo el territorio nacional;PARTICIPA DEL PROGRAMA DE BENEFICIOS SUPERCLUB
86;BANCO DE SANTA CRUZ S.A.;2026-03-27;PACK SIMPLE;PACK SIMPLE;19781,00;15000;1;80;Empleados públicos;Básico;CAJA DE AHORRO DOLAR, CUENTA CORRIENTE, TARJETA DE DEBITO, TARJETA DE CREDITO, SEGURO COMPRA PROTEGIDA.;Todo el territorio nacional;
322;BANCO INDUSTRIAL S.A.;2025-08-01;BIND ZAFIRO;ZAFIRO;51734,05;2000000;12;64;Personas humanas en relación de dependencia;Premium signature, black o similar;VISA DEBITO, CAJA DE AHORROS EN DOLARES, CAJA DE AHORRO EN EUROS (OPCIONAL), CUENTA CORRIENTE EN PESOS, TARJETA DE CREDITO VISA PLATINUM/SIGNATURE(OPCIONAL),  PRESTAMOS PREACORDADOS SEGUN RCI,;Todo el territorio nacional;
315;BANCO DE FORMOSA S.A.;2026-03-31;PAQUETE PREFERENCIAL;PREFERENCIAL;49511,00;1300000;3;90;Personas humanas en relación de dependencia;Premium signature, black o similar;CUENTA CORRIENTE - ACUERDO EN CUENTA - TARJETA DE CREDITO CABAL - TARJETA DE CREDITO VISA PLATINUM SIGNATURE;Todo el territorio nacional;
7;BANCO DE GALICIA Y BUENOS AIRES S.A.;2025-11-03;SERVICIO EMINENT SIGNATURE;EMINENT SIGNATURE;70000,00;3250000;3;80;Personas humanas en relación de dependencia;Premium signature, black o similar;CAJA DE AHORRO DOLARES, TARJETA DE CREDITO, TARJETA DE CREDITO, CUENTA CORRIENTE;Todo el territorio nacional;
72;BANCO SANTANDER ARGENTINA S.A.;2026-01-26;BLACK;BLACK;76777,00;4000000;6;100;Clientes con cuenta en la entidad;Premium signature, black o similar;2 TARJETAS DE CREDITO, ACUERDO DE DESCUBIERTO, CAJA DE AHORRO EN DOLARES, CUENTA CORRIENTE EN PESOS, Y PRESTAMO PREAPROBADO;Todo el territorio nacional;PROGRAMA DE BENEFICIOS SUPERCLUB
7;BANCO DE GALICIA Y BUENOS AIRES S.A.;2025-11-03;SERVICIO CLASSIC;CLASSIC;27000,00;310000;3;80;Clientes con cuenta en la entidad;Básico;CAJA DE AHORRO DOLARES, TARJETA DE CREDITO, TARJETA DE CREDITO, CUENTA CORRIENTE;Todo el territorio nacional;
11;BANCO DE LA NACION ARGENTINA;2026-01-23;PAQUETE DE SERVICIOS CUENTA NACION INSIGNIA;CUENTA NACION INSIGNIA;75038,00;3410000;0;100;Clientes con cuenta en la entidad;Premium signature, black o similar;TARJETAS DE CREDITO MASTERCARD BLACK Y VISA SIGNATURE Y OPTATIVOS CUENTA CORRIENTE CAJA DE AHORRO EN DOLARES PREACUERDO DE PRESTAMO PERSONAL CUENTA COMITENTE;Todo el territorio nacional;
299;BANCO COMAFI SOCIEDAD ANONIMA;2025-10-06;SERVICIO COMAFI GLOBAL;SERV. COMAFI GLOBAL;18204,45;800000;6;100;Clientes con cuenta en la entidad;Básico;CAJA DE AHORROS EN DOLARES, DOS TARJETAS DE DEBITO, TARJETAS DE CREDITO VISA Y/O MASTERCARD INTERNACIONAL;Todo el territorio nacional;PROGRAMAS DE BENEFICIOS TE VA BIEN Y TE VA BIEN SUMA
27;BANCO SUPERVIELLE S.A.;2026-04-10;IDENTITE BLACK;;83400,00;3500000;0;86;Clientes que acrediten sueldos en la entidad;Premium signature, black o similar;1 CAJA DE AHORRO EN PESOS,1 CAJA DE AHORRO EN DOLARES,1 CAJA DE AHORRO EN EUROS, 1 CUENTA CORRIENTES,1 TARJETA DE CREDITO VISA Y MASTERCARD BLACK/SIGNATURE, 1 TARJETA DE DEBITO, CHEQUERA ILIMITADA, SEGURO ANTE ROBO EN CAJERO AUTOMATICO Y SEGURO DE BOLSO PROTEGIDO BONIFICADOS, TRANSACCIONES EN CAJEROS DEL EXTERIOR SIN COSTO, TRANSACCIONES EN CAJEROS BANELCO SIN COSTO,TRANSACCIONES EN CAJEROS LINK SIN COSTO;Todo el territorio nacional;
27;BANCO SUPERVIELLE S.A.;2026-04-10;IDENTITE BLACK DIRECTIVOS Y DIPLOMATICOS;;,00;3500000;0;86;Personas humanas en relación de dependencia;Premium signature, black o similar;1 CAJA DE AHORRO EN PESOS,1 CAJA DE AHORRO EN DOLARES,1 CAJA DE AHORRO EN EUROS,1 CUENTA CORRIENTE,  1 TARJETA DE CREDITO VISA Y MASTERCARD BLACK/SIGNATURE, 1 TARJETA DE DEBITO, SEGURO ANTE ROBO EN CAJERO AUTOMATICO Y SEGURO DE BOLSO PROTEGIDO BONIFICADOS, TRANSACCIONES EN CAJEROS BANELCO SIN COSTO,TRANSACCIONES EN CAJEROS LINK SIN COSTO,TRANSACCIONES EN CAJEROS DEL EXTERIOR SIN COSTO;Todo el territorio nacional;
17;BANCO BBVA ARGENTINA S.A.;2026-04-16;CUENTA PREMIUM WORLD                                                                                                            ;PREM WORLD               ;78900,00;140000;12;100;Clientes que acrediten sueldos en la entidad;Premium signature, black o similar;VISA DEBITO, 1 CUSTODIA, 1 CUENTA CORRIENTE EN PESOS, 1 CAJA DE AHORRO EN EUROS, 1 CAJA DE AHORRO EN DOLARES, 1 MASTER BLACK T CREDITO Y 1 VISA SIGNATURE T CREDITO, ACUERDO PARA ADELANTOS EN CC                                                                                                                                                                                                                                                                                                                                                                                                                                                                                                                                                                                                                                                                                                                                                                                                                                                               ;Todo el territorio nacional;INGRESO SIN ACREDITACION DE HABERES                                                                                                                                                                                                                                                                                                                                                                                                                                                                                                                                                                                                                                                                                                                                                                                                                                                                                                                                                                                                                             
27;BANCO SUPERVIELLE S.A.;2026-04-10;ACTIVE;;20700,00;200000;0;86;Clientes con cuenta en la entidad;Básico;1 CAJA DE AHORRO EN PESOS,1 CAJA DE AHORRO EN DOLARES,1 CUENTA CORRIENTES, 1 TARJETA DE CREDITO INTERNACIONAL,1 TARJETA DE DEBITO,TRANSACCIONES EN CAJEROS BANELCO SIN COSTO,TRANSACCIONES EN CAJEROS LINK SIN COSTO;Todo el territorio nacional;
72;BANCO SANTANDER ARGENTINA S.A.;2026-01-26;SUPERCUENTA 3;SUPERCUENTA 3;29040,00;1150000;6;100;Empleados públicos;Básico;CUENTA CORRIENTE, CAJA DE AHORRO EN DOLARES, TARJETA SANTANDER RIO VISA INTERNACIONAL SIN CARGO DE RENOVACION,  RESUMEN Y ADICIONALES, MOVIMIENTOS ILIMITADOS EN CAJEROS PROPIOS DE LA RED BANELCO, TARJETA DE DEBITO PARA EL PRIMER FIRMANTE, RESUMEN UNICO MENSUAL;Todo el territorio nacional;REQUISITO DEMOSTRAR ORIGEN DE FONDOS, PARTICIPA DEL PROGRAMA DE BENEFICIOS SUPERCLUB
72;BANCO SANTANDER ARGENTINA S.A.;2026-01-26;SUPERCUENTA 3 CON CHEQUERA;SUPERCUENTA 3 CON CHEQ;29040,00;1150000;6;100;Empleados públicos;Básico;CUENTA CORRIENTE, CAJA DE AHORRO EN DOLARES, TARJETA SANTANDER RIO VISA INTERNACIONAL SIN CARGO DE RENOVACION,  RESUMEN Y ADICIONALES, MOVIMIENTOS ILIMITADOS EN CAJEROS PROPIOS DE LA RED BANELCO, TARJETA DE DEBITO PARA EL PRIMER FIRMANTE, RESUMEN UNICO MENSUAL, PRIMERA CHEQUERA DE 25 CHEQUES;Todo el territorio nacional;REQUISITO DEMOSTRAR ORIGEN DE FONDOS, PARTICIPA DEL PROGRAMA DE BENEFICIOS SUPERCLUB
330;NUEVO BANCO DE SANTA FE SOCIEDAD ANONIMA;2026-03-02;CUENTA GLOBAL PACK SIMPLE;PACK SIMPLE;33113,00;322200;0;83;Empleados públicos;Básico;CAJA DE AHORRO DOLAR, CUENTA CORRIENTE, TARJETA DE CREDITO INTERNACIONAL, SEGURO COMPRA PROTEGIDA;Todo el territorio nacional;NO APLICA
431;BANCO COINAG S.A.;2025-05-30;COINAG DIAMANTE;COINAG DIAMANTE;32800,00;0;0;75;Clientes que acrediten sueldos en la entidad;Premium signature, black o similar;CUENTA CORRIENTE CON ACUERDO DE DESCUBIERTO, CAJA DE AHORRO EN PESOS, CAJA DE AHORRO EN USD, TARJETA DE CREDITO VISA, SEGURO HOGAR, SEGURO ATM;Todo el territorio nacional;
7;BANCO DE GALICIA Y BUENOS AIRES S.A.;2025-11-03;CUENTA PROPIA;PROPIA;27000,00;310000;12;80;Personas humanas Responsables Inscriptos;Básico;CUENTA CORRIENTE, TARJETA DE CREDITO, CAJA DE AHORRO DOLARES;Todo el territorio nacional;
27;BANCO SUPERVIELLE S.A.;2026-04-10;IDENTITE BLACK DIRECTIVOS Y DIPLOMATICOS;;,00;3500000;0;86;Clientes con cuenta en la entidad;Premium signature, black o similar;1 CAJA DE AHORRO EN PESOS,1 CAJA DE AHORRO EN DOLARES,1 CAJA DE AHORRO EN EUROS,1 CUENTA CORRIENTE,  1 TARJETA DE CREDITO VISA Y MASTERCARD BLACK/SIGNATURE, 1 TARJETA DE DEBITO, SEGURO ANTE ROBO EN CAJERO AUTOMATICO Y SEGURO DE BOLSO PROTEGIDO BONIFICADOS, TRANSACCIONES EN CAJEROS BANELCO SIN COSTO,TRANSACCIONES EN CAJEROS LINK SIN COSTO,TRANSACCIONES EN CAJEROS DEL EXTERIOR SIN COSTO;Todo el territorio nacional;
431;BANCO COINAG S.A.;2025-05-30;COINAG DIAMANTE;COINAG DIAMANTE;32800,00;0;0;75;Personas humanas en relación de dependencia;Premium signature, black o similar;CUENTA CORRIENTE CON ACUERDO DE DESCUBIERTO, CAJA DE AHORRO EN PESOS, CAJA DE AHORRO EN USD, TARJETA DE CREDITO VISA, SEGURO HOGAR, SEGURO ATM;Todo el territorio nacional;
426;BANCO BICA S.A.;2025-12-29;PAQUETE BICA SIGNATURE;SIGNATURE;64000,53;0;0;100;Personas humanas en relación de dependencia;Premium signature, black o similar;CAJA DE AHORRO PESOS, CAJA DE AHORRO USD, TARJETA DE DEBITO, TARJETA DE CREDITO;Todo el territorio nacional;
386;NUEVO BANCO DE ENTRE RÍOS S.A.;2026-03-03;PACK SIMPLE;PACK SIMPLE;33113,00;322200;0;83;Empleados públicos;Básico;CAJA DE AHORRO DOLAR, CUENTA CORRIENTE, ACUERDO EN CTA CTE, TARJETA DE CREDITO INTERNACIONAL, SEGURO DE COMPRA PROTEGIDA.;Todo el territorio nacional;N/A.-
72;BANCO SANTANDER ARGENTINA S.A.;2026-01-26;SUPERCUENTA CON PRESTAMO PERSONAL;SUPERCUENTA CON PREST PER;14339,00;1150000;1;100;Clientes que acrediten sueldos en la entidad;Básico;CUENTA CORRIENTE, CAJA DE AHORRO EN DOLARES, MOVIMIENTOS ILIMITADOS EN CAJEROS PROPIOS DE LA RED BANELCO, TARJETA DE DEBITO PARA EL PRIMER FIRMANTE, RESUMEN UNICO CUATRIMESTRAL, CUENTA CORRIENTE, PRESTAMO PERSONAL PREACORDADO;Todo el territorio nacional;COMISION DE MANTENIMIENTO BONIFICADA SEGUN EL ACUERDO QUE TENGA EL EMPLEADOR CON EL BANCO, PARTICIPA DEL PROGRAMA DE BENEFICIOS SUPERCLUB
27;BANCO SUPERVIELLE S.A.;2026-04-10;BLACK INVERSOR;;72450,00;2500000;0;86;Clientes que acrediten sueldos en la entidad;Premium signature, black o similar;1 CAJA DE AHORRO EN PESOS,1 CAJA DE AHORRO EN DOLARES,1 CAJA DE AHORRO EN EUROS,1 TARJETA VISA SIGNATURE, 1 TARJETA DE DEBITO, TRANSACCIONES EN CAJEROS BANELCO SIN COSTO,TRANSACCIONES EN CAJEROS LINK SIN COSTO,TRANSACCIONES EN CAJEROS DEL EXTERIOR SIN COSTO;Todo el territorio nacional;
27;BANCO SUPERVIELLE S.A.;2026-04-10;IDENTITE BLACK;;83400,00;3500000;0;86;Personas humanas en relación de dependencia;Premium signature, black o similar;1 CAJA DE AHORRO EN PESOS,1 CAJA DE AHORRO EN DOLARES,1 CAJA DE AHORRO EN EUROS, 1 CUENTA CORRIENTES,1 TARJETA DE CREDITO VISA Y MASTERCARD BLACK/SIGNATURE, 1 TARJETA DE DEBITO, CHEQUERA ILIMITADA, SEGURO ANTE ROBO EN CAJERO AUTOMATICO Y SEGURO DE BOLSO PROTEGIDO BONIFICADOS, TRANSACCIONES EN CAJEROS DEL EXTERIOR SIN COSTO, TRANSACCIONES EN CAJEROS BANELCO SIN COSTO,TRANSACCIONES EN CAJEROS LINK SIN COSTO;Todo el territorio nacional;
17;BANCO BBVA ARGENTINA S.A.;2026-04-16;CUENTA 17                                                                                                                       ;CTA 17                   ;22900,00;28000;12;100;Clientes con cuenta en la entidad;Básico;VISA DEBITO, 1 CUENTA CORRIENTE EN PESOS, 1 CAJA DE AHORRO EN DOLARES, 1 VISA INTER-T.CRED, ACUERDO PARA ADELANTOS EN CC                                                                                                                                                                                                                                                                                                                                                                                                                                                                                                                                                                                                                                                                                                                                                                                                                                                                                                                                        ;Todo el territorio nacional;INGRESO SIN ACREDITACION DE HABERES                                                                                                                                                                                                                                                                                                                                                                                                                                                                                                                                                                                                                                                                                                                                                                                                                                                                                                                                                                                                                             
431;BANCO COINAG S.A.;2025-05-30;COINAG DIAMANTE;COINAG DIAMANTE;32800,00;0;0;75;Clientes con cuenta en la entidad;Premium signature, black o similar;CUENTA CORRIENTE CON ACUERDO DE DESCUBIERTO, CAJA DE AHORRO EN PESOS, CAJA DE AHORRO EN USD, TARJETA DE CREDITO VISA, SEGURO HOGAR, SEGURO ATM;Todo el territorio nacional;
426;BANCO BICA S.A.;2025-12-29;PAQUETE BICA OPTIMA;OPTIMA;42386,97;0;0;100;Clientes con cuenta en la entidad;Premium signature, black o similar;CUENTA CORRIENTE, ACUERDO ADELANTOS TRANSITORIOS, TARJETA DE DEBITO, 4 TARJETAS DE CREDITO;Todo el territorio nacional;
17;BANCO BBVA ARGENTINA S.A.;2026-04-16;CUENTA EXPRESS                                                                                                                  ;CTA EXPRESS              ;29900,00;28000;12;100;Clientes con cuenta en la entidad;Básico;VISA DEBITO, 1 CUENTA CORRIENTE EN PESOS, 1 CAJA DE AHORRO EN DOLARES,  1 MASTERCARD - TARJETA DE CREDITO O 1 VISA INTER-T.CRED, ACUERDO PARA ADELANTOS EN CC                                                                                                                                                                                                                                                                                                                                                                                                                                                                                                                                                                                                                                                                                                                                                                                                                                                                                                   ;Todo el territorio nacional;INGRESO SIN ACREDITACION DE HABERES                                                                                                                                                                                                                                                                                                                                                                                                                                                                                                                                                                                                                                                                                                                                                                                                                                                                                                                                                                                                                             
426;BANCO BICA S.A.;2025-12-29;PAQUETE BICA OPTIMA;OPTIMA;42386,97;0;0;100;Personas humanas en relación de dependencia;Premium signature, black o similar;CUENTA CORRIENTE, ACUERDO ADELANTOS TRANSITORIOS, TARJETA DE DEBITO, 4 TARJETAS DE CREDITO;Todo el territorio nacional;
27;BANCO SUPERVIELLE S.A.;2026-04-10;IDENTITE BLACK DIRECTIVOS Y DIPLOMATICOS;;,00;3500000;0;86;Clientes que acrediten sueldos en la entidad;Premium signature, black o similar;1 CAJA DE AHORRO EN PESOS,1 CAJA DE AHORRO EN DOLARES,1 CAJA DE AHORRO EN EUROS,1 CUENTA CORRIENTE,  1 TARJETA DE CREDITO VISA Y MASTERCARD BLACK/SIGNATURE, 1 TARJETA DE DEBITO, SEGURO ANTE ROBO EN CAJERO AUTOMATICO Y SEGURO DE BOLSO PROTEGIDO BONIFICADOS, TRANSACCIONES EN CAJEROS BANELCO SIN COSTO,TRANSACCIONES EN CAJEROS LINK SIN COSTO,TRANSACCIONES EN CAJEROS DEL EXTERIOR SIN COSTO;Todo el territorio nacional;
426;BANCO BICA S.A.;2025-12-29;PAQUETE BICA IDEAL;IDEAL;32885,24;0;0;100;Clientes con cuenta en la entidad;Básico;CUENTA CORRIENTE, ACUERDO ADELANTOS TRANSITORIOS, TARJETA DE DEBITO, 4 TARJETAS DE CREDITO;Todo el territorio nacional;
315;BANCO DE FORMOSA S.A.;2026-03-31;PAQUETE SIMPLE;SIMPLE;11660,00;12000;3;90;Clientes con cuenta en la entidad;Básico;CUENTA CORRIENTE - ADELANTO DE HABERES - TARJETA DE CREDITO CABAL;Todo el territorio nacional;
315;BANCO DE FORMOSA S.A.;2026-03-31;PAQUETE PLUS;PLUS;25487,00;300000;3;90;Clientes con cuenta en la entidad;Básico;CUENTA CORRIENTE - ADELANTO DE HABERES - TARJETA DE CREDITO CABAL - TARJETA DE CREDITO VISA INTERNACIONAL;Todo el territorio nacional;
426;BANCO BICA S.A.;2025-12-29;PAQUETE BICA SIGNATURE;SIGNATURE;64000,53;0;0;100;Clientes que acrediten sueldos en la entidad;Premium signature, black o similar;CAJA DE AHORRO PESOS, CAJA DE AHORRO USD, TARJETA DE DEBITO, TARJETA DE CREDITO;Todo el territorio nacional;
17;BANCO BBVA ARGENTINA S.A.;2026-04-16;CUENTA PREMIUM WORLD                                                                                                            ;PREM WORLD               ;78900,00;140000;12;100;Personas humanas en relación de dependencia;Premium signature, black o similar;VISA DEBITO, 1 CUSTODIA, 1 CUENTA CORRIENTE EN PESOS, 1 CAJA DE AHORRO EN EUROS, 1 CAJA DE AHORRO EN DOLARES, 1 MASTER BLACK T CREDITO Y 1 VISA SIGNATURE T CREDITO, ACUERDO PARA ADELANTOS EN CC                                                                                                                                                                                                                                                                                                                                                                                                                                                                                                                                                                                                                                                                                                                                                                                                                                                               ;Todo el territorio nacional;INGRESO SIN ACREDITACION DE HABERES                                                                                                                                                                                                                                                                                                                                                                                                                                                                                                                                                                                                                                                                                                                                                                                                                                                                                                                                                                                                                             
72;BANCO SANTANDER ARGENTINA S.A.;2026-01-26;BLACK;BLACK;76777,00;4000000;6;100;Personas humanas en relación de dependencia;Premium signature, black o similar;2 TARJETAS DE CREDITO, ACUERDO DE DESCUBIERTO, CAJA DE AHORRO EN DOLARES, CUENTA CORRIENTE EN PESOS, Y PRESTAMO PREAPROBADO;Todo el territorio nacional;PROGRAMA DE BENEFICIOS SUPERCLUB
426;BANCO BICA S.A.;2025-12-29;PAQUETE BICA INTERNACIONAL;INTERNACIONAL;24000,35;0;0;100;Clientes con cuenta en la entidad;Básico;CAJA DE AHORRO PESOS, CAJA DE AHORRO USD, TARJETA DE DEBITO, TARJETA DE CREDITO;Todo el territorio nacional;
72;BANCO SANTANDER ARGENTINA S.A.;2026-01-26;SUPERCUENTA CON CHEQUERA Y ACUERDO;SUPERCUENTA CON CHEQ Y AC;19231,00;1000;1;100;Clientes que acrediten sueldos en la entidad;Básico;CUENTA CORRIENTE, CAJA DE AHORRO EN DOLARES, MOVIMIENTOS ILIMITADOS EN CAJEROS PROPIOS DE LA RED BANELCO, TARJETA DE DEBITO PARA EL PRIMER FIRMANTE, RESUMEN UNICO CUATRIMESTRAL, CUENTA CORRIENTE, PRIMERA CHEQUERA DE 25 CHEQUES;Todo el territorio nacional;COMISION DE MANTENIMIENTO BONIFICADA SEGUN EL ACUERDO QUE TENGA EL EMPLEADOR CON EL BANCO, PARTICIPA DEL PROGRAMA DE BENEFICIOS SUPERCLUB
7;BANCO DE GALICIA Y BUENOS AIRES S.A.;2025-11-03;SERVICIO TOTAL;TOTAL;27000,00;310000;3;80;Empleados públicos;Básico;CAJA DE AHORRO DOLARES, TARJETA DE CREDITO, TARJETA DE CREDITO;Todo el territorio nacional;
72;BANCO SANTANDER ARGENTINA S.A.;2026-01-26;SUPERCUENTA CON CHEQUERA;SUPERCUENTA CON CHEQ;19231,00;1000;1;100;Clientes que acrediten sueldos en la entidad;Básico;CUENTA CORRIENTE, CAJA DE AHORRO EN DOLARES, MOVIMIENTOS ILIMITADOS EN CAJEROS PROPIOS DE LA RED BANELCO, TARJETA DE DEBITO PARA EL PRIMER FIRMANTE, RESUMEN UNICO CUATRIMESTRAL, PRIMERA CHEQUERA DE 25 CHEQUES;Todo el territorio nacional;COMISION DE MANTENIMIENTO BONIFICADA SEGUN EL ACUERDO QUE TENGA EL EMPLEADOR CON EL BANCO, PARTICIPA DEL PROGRAMA DE BENEFICIOS SUPERCLUB
17;BANCO BBVA ARGENTINA S.A.;2026-04-16;CUENTA EXPRESS                                                                                                                  ;CTA EXPRESS              ;29900,00;28000;12;100;Beneficiarios de cuentas de          Seguridad Social;Básico;VISA DEBITO, 1 CUENTA CORRIENTE EN PESOS, 1 CAJA DE AHORRO EN DOLARES,  1 MASTERCARD - TARJETA DE CREDITO O 1 VISA INTER-T.CRED, ACUERDO PARA ADELANTOS EN CC                                                                                                                                                                                                                                                                                                                                                                                                                                                                                                                                                                                                                                                                                                                                                                                                                                                                                                   ;Todo el territorio nacional;INGRESO SIN ACREDITACION DE HABERES                                                                                                                                                                                                                                                                                                                                                                                                                                                                                                                                                                                                                                                                                                                                                                                                                                                                                                                                                                                                                             
11;BANCO DE LA NACION ARGENTINA;2026-01-23;PAQUETE DE SERVICIOS CUENTA NACION AGIL PREVISIONAL;CUENTA NACION AGIL PREVIS;9427,00;349299;0;100;Beneficiarios de cuentas de          Seguridad Social;Básico;CUENTA DE LA SEGURIDAD SOCIAL TARJETA DE CREDITO INTERNACIONAL MASTERCARD Y/O VISA Y OPTATIVOS PREACUERDO DE PRESTAMO PERSONAL CAJA DE AHORRO EN DOLARES CUENTA CORRIENTE;Todo el territorio nacional;
27;BANCO SUPERVIELLE S.A.;2026-04-10;IDENTITE BLACK;;83400,00;3500000;0;86;Personas humanas Monotributistas;Premium signature, black o similar;1 CAJA DE AHORRO EN PESOS,1 CAJA DE AHORRO EN DOLARES,1 CAJA DE AHORRO EN EUROS, 1 CUENTA CORRIENTES,1 TARJETA DE CREDITO VISA Y MASTERCARD BLACK/SIGNATURE, 1 TARJETA DE DEBITO, CHEQUERA ILIMITADA, SEGURO ANTE ROBO EN CAJERO AUTOMATICO Y SEGURO DE BOLSO PROTEGIDO BONIFICADOS, TRANSACCIONES EN CAJEROS DEL EXTERIOR SIN COSTO, TRANSACCIONES EN CAJEROS BANELCO SIN COSTO,TRANSACCIONES EN CAJEROS LINK SIN COSTO;Todo el territorio nacional;
27;BANCO SUPERVIELLE S.A.;2026-04-10;ACTIVE;;20700,00;200000;0;86;Beneficiarios de cuentas de          Seguridad Social;Básico;1 CAJA DE AHORRO EN PESOS,1 CAJA DE AHORRO EN DOLARES,1 CUENTA CORRIENTES, 1 TARJETA DE CREDITO INTERNACIONAL,1 TARJETA DE DEBITO,TRANSACCIONES EN CAJEROS BANELCO SIN COSTO,TRANSACCIONES EN CAJEROS LINK SIN COSTO;Todo el territorio nacional;
11;BANCO DE LA NACION ARGENTINA;2026-01-23;PAQUETE DE SERVIVCIOS CUENTA NACION AGIL;CUENTA NACION AGIL;28489,00;341000;0;100;Clientes que acrediten sueldos en la entidad;Básico;CUENTA SUELDO TARJETA DE CREDITO INTERNACIONAL MASTERCARD Y/O VISA Y OPTATIVOS PREACUERDO DE PRESTAMO PERSONAL CAJA DE AHORRO EN DOLARES CUENTA CORRIENTE;Todo el territorio nacional;
191;BANCO CREDICOOP COOPERATIVO LIMITADO;2026-03-27;MODULO CLASICO ;MOD CLASICO ;28435,00;1100000;12;100;Clientes que acrediten sueldos en la entidad;Básico;1 CAJA DE AHORRO EN DOLARES 1 CUENTA CORRIENTE CON ACUERDO DE DESCUBIERTO 2 TARJETAS DE CREDITO;Todo el territorio nacional;CON ACREDITACION DE HABERES EL COSTO DEL MODULO ES DE PESOS $14217,5
299;BANCO COMAFI SOCIEDAD ANONIMA;2025-10-06;SERVICIO COMAFI GLOBAL;SERV. COMAFI GLOBAL;9102,23;279000;0;100;Beneficiarios de cuentas de          Seguridad Social;Básico;CAJA DE AHORROS EN DOLARES, DOS TARJETAS DE DEBITO, TARJETAS DE CREDITO VISA Y/O MASTERCARD INTERNACIONAL;Todo el territorio nacional;PROGRAMAS DE BENEFICIOS TE VA BIEN Y TE VA BIEN SUMA
27;BANCO SUPERVIELLE S.A.;2026-04-10;BLACK INVERSOR;;72450,00;2500000;0;86;Personas humanas Monotributistas;Premium signature, black o similar;1 CAJA DE AHORRO EN PESOS,1 CAJA DE AHORRO EN DOLARES,1 CAJA DE AHORRO EN EUROS,1 TARJETA VISA SIGNATURE, 1 TARJETA DE DEBITO, TRANSACCIONES EN CAJEROS BANELCO SIN COSTO,TRANSACCIONES EN CAJEROS LINK SIN COSTO,TRANSACCIONES EN CAJEROS DEL EXTERIOR SIN COSTO;Todo el territorio nacional;
72;BANCO SANTANDER ARGENTINA S.A.;2026-01-26;BLACK;BLACK;76777,00;4000000;6;100;Empleados públicos;Premium signature, black o similar;2 TARJETAS DE CREDITO, ACUERDO DE DESCUBIERTO, CAJA DE AHORRO EN DOLARES, CUENTA CORRIENTE EN PESOS, Y PRESTAMO PREAPROBADO;Todo el territorio nacional;PROGRAMA DE BENEFICIOS SUPERCLUB
27;BANCO SUPERVIELLE S.A.;2026-04-10;IDENTITE BLACK;;83400,00;3500000;0;86;Empleados públicos;Premium signature, black o similar;1 CAJA DE AHORRO EN PESOS,1 CAJA DE AHORRO EN DOLARES,1 CAJA DE AHORRO EN EUROS, 1 CUENTA CORRIENTES,1 TARJETA DE CREDITO VISA Y MASTERCARD BLACK/SIGNATURE, 1 TARJETA DE DEBITO, CHEQUERA ILIMITADA, SEGURO ANTE ROBO EN CAJERO AUTOMATICO Y SEGURO DE BOLSO PROTEGIDO BONIFICADOS, TRANSACCIONES EN CAJEROS DEL EXTERIOR SIN COSTO, TRANSACCIONES EN CAJEROS BANELCO SIN COSTO,TRANSACCIONES EN CAJEROS LINK SIN COSTO;Todo el territorio nacional;
27;BANCO SUPERVIELLE S.A.;2026-04-10;BLACK INVERSOR;;72450,00;2500000;0;86;Empleados públicos;Premium signature, black o similar;1 CAJA DE AHORRO EN PESOS,1 CAJA DE AHORRO EN DOLARES,1 CAJA DE AHORRO EN EUROS,1 TARJETA VISA SIGNATURE, 1 TARJETA DE DEBITO, TRANSACCIONES EN CAJEROS BANELCO SIN COSTO,TRANSACCIONES EN CAJEROS LINK SIN COSTO,TRANSACCIONES EN CAJEROS DEL EXTERIOR SIN COSTO;Todo el territorio nacional;
27;BANCO SUPERVIELLE S.A.;2026-04-10;IDENTITE BLACK DIRECTIVOS Y DIPLOMATICOS;;,00;3500000;0;86;Empleados públicos;Premium signature, black o similar;1 CAJA DE AHORRO EN PESOS,1 CAJA DE AHORRO EN DOLARES,1 CAJA DE AHORRO EN EUROS,1 CUENTA CORRIENTE,  1 TARJETA DE CREDITO VISA Y MASTERCARD BLACK/SIGNATURE, 1 TARJETA DE DEBITO, SEGURO ANTE ROBO EN CAJERO AUTOMATICO Y SEGURO DE BOLSO PROTEGIDO BONIFICADOS, TRANSACCIONES EN CAJEROS BANELCO SIN COSTO,TRANSACCIONES EN CAJEROS LINK SIN COSTO,TRANSACCIONES EN CAJEROS DEL EXTERIOR SIN COSTO;Todo el territorio nacional;
285;BANCO MACRO S.A.;2026-01-30;MACRO SELECTA;MACRO SELECTA;78480,60;999999;6;84;Empleados públicos;Premium signature, black o similar;CUENTA CORRIENTE EN PESOS, CAJA DE AHORROS EN DOLARES, TARJETA DE DEBITO TITULAR SELECTA, HASTA UNA TARJETA DE CREDITO SIGNATURE Y UNA BLACK (OPCIONAL), Y ACUERDO EN DESCUBIERTO SIEMPRE QUE CALIFIQUE CREDITICIAMENTE PARA EL MISMO.;Todo el territorio nacional;
315;BANCO DE FORMOSA S.A.;2026-03-31;PAQUETE PREFERENCIAL;PREFERENCIAL;49511,00;1300000;3;90;Empleados públicos;Premium signature, black o similar;CUENTA CORRIENTE - ACUERDO EN CUENTA - TARJETA DE CREDITO CABAL - TARJETA DE CREDITO VISA PLATINUM SIGNATURE;Todo el territorio nacional;
94;BANCO DE CORRIENTES S.A.;2025-04-24;PAQUETE DE PRODUCTOS BASIC;PAQUETE BASIC;12671,52;25000;6;75;Clientes que acrediten sueldos en la entidad;Básico;TARJETA DE CREDITO, PRESTAMO PERSONAL, CAJA DE AHORRO DOLARES, CUENTA CORRIENTE;Todo el territorio nacional;
7;BANCO DE GALICIA Y BUENOS AIRES S.A.;2025-11-03;SERVICIO EMINENT SIGNATURE;EMINENT SIGNATURE;70000,00;3250000;3;80;Empleados públicos;Premium signature, black o similar;CAJA DE AHORRO DOLARES, TARJETA DE CREDITO, TARJETA DE CREDITO, CUENTA CORRIENTE;Todo el territorio nacional;
299;BANCO COMAFI SOCIEDAD ANONIMA;2025-10-06;SERVICIO COMAFI UNICO PLATINUM;SERV. COMAFI UNICO PLATIN;52011,85;2000000;18;100;Personas humanas Monotributistas;Premium signature, black o similar;CUENTA CORRIENTE CON ACUERDO DE SOBREGIRO, CAJA DE AHORROS EN DOLARES, TRES TARJETAS DE DEBITO, SEGURO DE ROBO EN CAJERO, TARJETAS DE CREDITO VISA Y/O MASTERCARD PLATINUM;Todo el territorio nacional;PROGRAMAS DE BENEFICIOS TE VA BIEN Y TE VA BIEN SUMA
285;BANCO MACRO S.A.;2026-01-30;MACRO VALORA ESENCIAL;MACRO VALORA ESENCIAL;14943,50;90000;6;84;Beneficiarios de cuentas de          Seguridad Social;Básico;CUENTA SUELDO O DE LA SEGURIDAD SOCIAL, CAJA DE AHORROS EN DOLARES, TARJETA DE DEBITO TITULAR, HASTA DOS TARJETAS DE CREDITO INTERNACIONAL, SEGURO COMPRA PROTEGIDA Y SEGURO PROTECCION VIA PUBLICA.;Todo el territorio nacional;
27;BANCO SUPERVIELLE S.A.;2026-04-10;ACTIVE PREVISIONAL;;12650,00;150000;0;86;Beneficiarios de cuentas de          Seguridad Social;Básico;1 CAJA DE AHORRO EN PESOS, 1 CAJA DE AHORRO EN DOLARES, 1 CAJA DE AHORRO EN EUROS,1 CUENTA CORRIENTE, 1 TARJETA VISA  O MASTERCARD INTERNACIONAL, 1 TARJETA DE DEBITO, SEGUROS DE: COMPRA PROTEGIDA, CUIDADOS PROLONGADOS, ASISTENCIA AL HOGAR, ROBO EN CAJERO AUTOMATICO, DOCUMENTACION Y LLAVES, RENTA DIARIA POR INTERNACION Y MUERTE;Todo el territorio nacional;
27;BANCO SUPERVIELLE S.A.;2026-04-10;HIT MAS;;12650,00;200000;0;86;Beneficiarios de cuentas de          Seguridad Social;Básico;1 CAJA DE AHORRO EN PESOS,1 CAJA DE AHORRO EN DOLARES,1 TARJETA DE CREDITO INTERNACIONAL,1 TARJETA DE DEBITO,TRANSACCIONES EN CAJEROS BANELCO SIN COSTO,TRANSACCIONES EN CAJEROS LINK SIN COSTO;Todo el territorio nacional;
389;BANCO COLUMBIA S.A.;2026-02-19;COMISION POR SERVICIO DE MANTENIMIENTO DE PAQUETE DESTINADO A BENEFICIARIOS DE PRESTACIONES DE LA SEGURIDAD SOCIAL;JUBIPACK;14599,00;0;0;100;Beneficiarios de cuentas de          Seguridad Social;Básico;NO INCLUYE SERVICIO DE ADELANTO DE HABERES JUBILATORIO.INCLUYE TASA PREFERENCIAL PARA ACCEDER A PRESTAMO PERSONAL TASA PREFERENCIAL PARA CONSTITUCION DE PLAZO FIJO Y BONIFICACION DEL 20 PORCIENTO EN LA COMISION MENSUAL DEL SERVICIO DE CAJA DE SEGURIDAD NUMERO 1;Todo el territorio nacional;
17;BANCO BBVA ARGENTINA S.A.;2026-04-16;CUENTA 17                                                                                                                       ;CTA 17                   ;22900,00;28000;12;100;Beneficiarios de cuentas de          Seguridad Social;Básico;VISA DEBITO, 1 CUENTA CORRIENTE EN PESOS, 1 CAJA DE AHORRO EN DOLARES, 1 VISA INTER-T.CRED, ACUERDO PARA ADELANTOS EN CC                                                                                                                                                                                                                                                                                                                                                                                                                                                                                                                                                                                                                                                                                                                                                                                                                                                                                                                                        ;Todo el territorio nacional;INGRESO SIN ACREDITACION DE HABERES                                                                                                                                                                                                                                                                                                                                                                                                                                                                                                                                                                                                                                                                                                                                                                                                                                                                                                                                                                                                                             
17;BANCO BBVA ARGENTINA S.A.;2026-04-16;CUENTA PLUS                                                                                                                     ;CTA.PLUS                 ;29900,00;28000;12;100;Beneficiarios de cuentas de          Seguridad Social;Básico;VISA DEBITO, 1 CUENTA CORRIENTE EN PESOS, 1 CAJA DE AHORRO EN DOLARES, 1 MASTERCARD - TARJETA DE CREDITO INTERNACIONAL Y VISA INTERNACIONAL - T CREDITO, ACUERDO PARA ADELANTOS EN CC                                                                                                                                                                                                                                                                                                                                                                                                                                                                                                                                                                                                                                                                                                                                                                                                                                                                           ;Todo el territorio nacional;INGRESO SIN ACREDITACION DE HABERES                                                                                                                                                                                                                                                                                                                                                                                                                                                                                                                                                                                                                                                                                                                                                                                                                                                                                                                                                                                                                             
426;BANCO BICA S.A.;2025-12-29;PAQUETE BICA INTERNACIONAL;INTERNACIONAL;24000,35;0;0;100;Clientes que acrediten sueldos en la entidad;Básico;CAJA DE AHORRO PESOS, CAJA DE AHORRO USD, TARJETA DE DEBITO, TARJETA DE CREDITO;Todo el territorio nacional;
299;BANCO COMAFI SOCIEDAD ANONIMA;2025-10-06;SERVICIO COMAFI UNICO BLACK;SERV. COMAFI UNICO BLACK;79890,25;2900000;18;100;Personas humanas Monotributistas;Premium signature, black o similar;CUENTA CORRIENTE CON ACUERDO DE SOBREGIRO, CAJA DE AHORROS EN DOLARES, TRES TARJETAS DE DEBITO, SEGURO DE ROBO EN CAJERO, TARJETAS DE CREDITO VISA SIGNATURE Y/O MASTERCARD BLACK ;Todo el territorio nacional;PROGRAMAS DE BENEFICIOS TE VA BIEN Y TE VA BIEN SUMA
27;BANCO SUPERVIELLE S.A.;2026-04-10;BLACK INVERSOR;;72450,00;2500000;0;86;Personas humanas en relación de dependencia;Premium signature, black o similar;1 CAJA DE AHORRO EN PESOS,1 CAJA DE AHORRO EN DOLARES,1 CAJA DE AHORRO EN EUROS,1 TARJETA VISA SIGNATURE, 1 TARJETA DE DEBITO, TRANSACCIONES EN CAJEROS BANELCO SIN COSTO,TRANSACCIONES EN CAJEROS LINK SIN COSTO,TRANSACCIONES EN CAJEROS DEL EXTERIOR SIN COSTO;Todo el territorio nacional;
315;BANCO DE FORMOSA S.A.;2026-03-31;PAQUETE PLUS;PLUS;25487,00;300000;3;90;Clientes que acrediten sueldos en la entidad;Básico;CUENTA CORRIENTE - ADELANTO DE HABERES - TARJETA DE CREDITO CABAL - TARJETA DE CREDITO VISA INTERNACIONAL;Todo el territorio nacional;
285;BANCO MACRO S.A.;2026-01-30;MACRO VALORA ESENCIAL;MACRO VALORA ESENCIAL;14943,50;90000;6;84;Clientes que acrediten sueldos en la entidad;Básico;CUENTA SUELDO O DE LA SEGURIDAD SOCIAL, CAJA DE AHORROS EN DOLARES, TARJETA DE DEBITO TITULAR, HASTA DOS TARJETAS DE CREDITO INTERNACIONAL, SEGURO COMPRA PROTEGIDA Y SEGURO PROTECCION VIA PUBLICA.;Todo el territorio nacional;
299;BANCO COMAFI SOCIEDAD ANONIMA;2025-10-06;SERVICIO COMAFI GLOBAL;SERV. COMAFI GLOBAL;9102,23;800000;4;100;Clientes que acrediten sueldos en la entidad;Básico;CAJA DE AHORROS EN DOLARES, DOS TARJETAS DE DEBITO, TARJETAS DE CREDITO VISA Y/O MASTERCARD INTERNACIONAL;Todo el territorio nacional;PROGRAMAS DE BENEFICIOS TE VA BIEN Y TE VA BIEN SUMA
315;BANCO DE FORMOSA S.A.;2026-03-31;PAQUETE SIMPLE;SIMPLE;11660,00;12000;3;90;Clientes que acrediten sueldos en la entidad;Básico;CUENTA CORRIENTE - ADELANTO DE HABERES - TARJETA DE CREDITO CABAL;Todo el territorio nacional;
322;BANCO INDUSTRIAL S.A.;2025-08-01;BIND GLOBAL S;GLOBAL S;16083,93;80000;12;64;Clientes que acrediten sueldos en la entidad;Básico;VISA DEBITO, CAJA DE AHORROS EN DOLARES, CUENTA CORRIENTE EN PESOS (OPCIONAL), TARJETA DE CREDITO VISA (OPCIONAL),  PRESTAMOS PREACORDADOS SEGUN RCI,SOLICITUD ADELANTO HABERES;Todo el territorio nacional;
191;BANCO CREDICOOP COOPERATIVO LIMITADO;2026-03-27;MODULO INICIAL ;MOD INICIAL ;23595,00;1100000;12;100;Clientes que acrediten sueldos en la entidad;Básico;1 CAJA DE AHORRO EN DOLARES 1 CUENTA CORRIENTE 1 TARJETA DE CREDITO;Todo el territorio nacional;CON ACREDITACION DE HABERES EL COSTO DEL MODULO ES DE PESOS $11.797,5
426;BANCO BICA S.A.;2025-12-29;PAQUETE BICA IDEAL SALARIO;IDEAL SALARIO;20469,29;0;0;100;Clientes que acrediten sueldos en la entidad;Básico;CAJA DE AHORRO SUELDO, CUENTA CORRIENTE, ACUERDO ADELANTOS TRANSITORIOS, TARJETA DE DEBITO, 4 TARJETAS DE CREDITO;Todo el territorio nacional;
426;BANCO BICA S.A.;2025-12-29;PAQUETE BICA OPTIMA;OPTIMA;42386,97;0;0;100;Empleados públicos;Premium signature, black o similar;CUENTA CORRIENTE, ACUERDO ADELANTOS TRANSITORIOS, TARJETA DE DEBITO, 4 TARJETAS DE CREDITO;Todo el territorio nacional;
7;BANCO DE GALICIA Y BUENOS AIRES S.A.;2025-11-03;CUENTA NEGOCIOS PLATINUM;NEGOCIOS PLATINUM;59000,00;2150000;12;80;Personas humanas Responsables Inscriptos;Premium gold;CUENTA CORRIENTE, TARJETA DE CREDITO, TARJETA DE CREDITO, CAJA DE AHORRO DOLARES;Todo el territorio nacional;
72;BANCO SANTANDER ARGENTINA S.A.;2026-01-26;SUPERCUENTA CON ACUERDO;SUPERCUENTA CON ACUERDO;19231,00;1000;1;100;Clientes que acrediten sueldos en la entidad;Básico;CUENTA CORRIENTE, CAJA DE AHORRO EN DOLARES, MOVIMIENTOS ILIMITADOS EN CAJEROS PROPIOS DE LA RED BANELCO, TARJETA DE DEBITO PARA EL PRIMER FIRMANTE, RESUMEN UNICO CUATRIMESTRAL, CUENTA CORRIENTE;Todo el territorio nacional;COMISION DE MANTENIMIENTO BONIFICADA SEGUN EL ACUERDO QUE TENGA EL EMPLEADOR CON EL BANCO, REQUISITO DEMOSTRAR ORIGEN DE FONDOS, PARTICIPA DEL PROGRAMA DE BENEFICIOS SUPERCLUB
72;BANCO SANTANDER ARGENTINA S.A.;2026-01-26;SUPERCUENTA;SUPERCUENTA;11900,00;1000;1;100;Clientes que acrediten sueldos en la entidad;Básico;CAJA DE AHORRO EN DOLARES, MOVIMIENTOS ILIMITADOS EN CAJEROS PROPIOS DE LA RED BANELCO, TARJETA DE DEBITO PARA EL PRIMER FIRMANTE, RESUMEN UNICO CUATRIMESTRAL;Todo el territorio nacional;COMISION DE MANTENIMIENTO BONIFICADA SEGUN EL ACUERDO QUE TENGA EL EMPLEADOR CON EL BANCO, PARTICIPA DEL PROGRAMA DE BENEFICIOS SUPERCLUB
17;BANCO BBVA ARGENTINA S.A.;2026-04-16;CUENTA EXPRESS                                                                                                                  ;CTA EXPRESS              ;29900,00;28000;12;100;Clientes que acrediten sueldos en la entidad;Básico;VISA DEBITO, 1 CUENTA CORRIENTE EN PESOS, 1 CAJA DE AHORRO EN DOLARES,  1 MASTERCARD - TARJETA DE CREDITO O 1 VISA INTER-T.CRED, ACUERDO PARA ADELANTOS EN CC                                                                                                                                                                                                                                                                                                                                                                                                                                                                                                                                                                                                                                                                                                                                                                                                                                                                                                   ;Todo el territorio nacional;INGRESO SIN ACREDITACION DE HABERES                                                                                                                                                                                                                                                                                                                                                                                                                                                                                                                                                                                                                                                                                                                                                                                                                                                                                                                                                                                                                             
72;BANCO SANTANDER ARGENTINA S.A.;2026-01-26;SUPERCUENTA 3;SUPERCUENTA 3;29040,00;1150000;6;100;Clientes que acrediten sueldos en la entidad;Básico;CUENTA CORRIENTE, CAJA DE AHORRO EN DOLARES, TARJETA SANTANDER RIO VISA INTERNACIONAL SIN CARGO DE RENOVACION,  RESUMEN Y ADICIONALES, MOVIMIENTOS ILIMITADOS EN CAJEROS PROPIOS DE LA RED BANELCO, TARJETA DE DEBITO PARA EL PRIMER FIRMANTE, RESUMEN UNICO MENSUAL;Todo el territorio nacional;COMISION DE MANTENIMIENTO BONIFICADA SEGUN EL ACUERDO QUE TENGA EL EMPLEADOR CON EL BANCO, PARTICIPA DEL PROGRAMA DE BENEFICIOS SUPERCLUB
34;BANCO PATAGONIA S.A.;2026-02-27;PATAGONIA CLASICA;CLASICA;21250,00;0;0;100;Clientes que acrediten sueldos en la entidad;Básico;UNA TARJETA DE DEBITO. UNA TARJETA DE CREDITO INTERNACIONAL;Todo el territorio nacional;POSIBILIDAD DE OBTENER LA BONIFICACION DE LA COMISION DE SERVICIO DE MANTENIMIENTO DE ACUERDO A LA ACREDITACION DE HABERES.EL PRODUCTO INFORMADO DISPONE DE UN PROGRAMA DE BONIFICACION DE LA COMISION POR SERVICIO DE MANTENIMIENTO DE PAQUETE DE ACUERDO AL NIVEL DE TRANSACCIONALIDAD PARA EL SEGMENTO DE CLIENTES MERCADO ABIERTO.EL PRODUCTO INFORMADO DISPONE DE BENEFICIOS EN SUPERMERCADOS, PELUQUERIAS, SHOPPINGS, TURISMO E INDUMENTARIA ENTRE OTROS. LOS TERMINOS Y CONDICIONES APLICABLES SE ENCUENTRAN PUBLICADOS EN EL SITIO WEB DE BANCO PATAGONIA.LA COMISION POR SERVICIO DE MANTENIMIENTO DE PAQUETE INCLUYE EL IMPUESTO AL VALOR AGREGADO (IVA). DE ACUERDO A LA JURISDICCION DE RADICACION DEL CLIENTE, EL PRODUCTO ES SUCEPTIBLE DE SER ALCANZADO POR IMPUESTOS PROVINCIALES.
27;BANCO SUPERVIELLE S.A.;2026-04-10;ACTIVE;;20700,00;200000;0;86;Clientes que acrediten sueldos en la entidad;Básico;1 CAJA DE AHORRO EN PESOS,1 CAJA DE AHORRO EN DOLARES,1 CUENTA CORRIENTES, 1 TARJETA DE CREDITO INTERNACIONAL,1 TARJETA DE DEBITO,TRANSACCIONES EN CAJEROS BANELCO SIN COSTO,TRANSACCIONES EN CAJEROS LINK SIN COSTO;Todo el territorio nacional;
426;BANCO BICA S.A.;2025-12-29;PAQUETE BICA SIGNATURE;SIGNATURE;64000,53;0;0;100;Empleados públicos;Premium signature, black o similar;CAJA DE AHORRO PESOS, CAJA DE AHORRO USD, TARJETA DE DEBITO, TARJETA DE CREDITO;Todo el territorio nacional;
14;BANCO DE LA PROVINCIA DE BUENOS AIRES;2026-03-05;IMPULSO;IMPULSO;26000,00;500000;0;100;Clientes que acrediten sueldos en la entidad;Básico;CUENTA CORRIENTE, TARJETA DE CREDITO VISA Y MASTERCARD INTERNACIONAL Y TARJETA DE DEBITO;Ciudad Autónoma de Buenos Aires;COMISION DE MANTENIMIENTO MENSUAL Y RENOVACION ANUAL DE LA TARJETA DE CREDITO BONIFICADAS. COMISION DE MANTENIMIENTO BASICO MENSUAL DEL PAQUETE BONIFICADO POR EL TERMINO DE 6 SEIS MESES. CUANDO EL CLIENTE HAYA RECIBIDO AL MENOS UNA ACREDITACION DE HABERES EN EL MES DE FINALIZACION DE LA BONIFICACION INICIAL, SE EXTENDERA POR OTROS 6 SEIS MESES. APLICA A PAQUETES CON FECHA DE ALTA HASTA EL 31.12.2025 INCLUSIVE.
93;BANCO DE LA PAMPA SA;2026-03-20;PAQUETE 4 BLACK;PAQ 4;70000,00;5400000;6;83;Beneficiarios de cuentas de          Seguridad Social;Premium signature, black o similar;TARJETA CALDEN MASTERCARD BLACK Y/O CALDEN VISA BLACK, CAJA DE AHORRO EN DOLARES, CUENTA CORRIENTE INDIVIDUOS, DESCUBIERTO EN CUENTA CORRIENTE INDIVIDUOS DE 420000 PESOS;Ciudad Autónoma de Buenos Aires;EXENCION DE: COMISION MANTENIMIENTO DE CUENTA TARJ DE CREDITO, COMISION SERVICIO ANUAL RENOVACION TARJETAS DE CREDITO, COMISION MANTENIMIENTO C/A EN DOLARES, COMISION MANTENIMIENTO DE CTA CTE, COMISION ALTA DE ACUERDO, PRESTAMO PERSONAL PREACORDADO SUJETO A POLITICA DE CREDITO CON TASA PREFERENCIAL, PUNTOS PAMPA CLUB, DESCUBIERTO EN CTA CTE DE 420000 PESOS.
14;BANCO DE LA PROVINCIA DE BUENOS AIRES;2026-03-05;EVOLUCION;EVOLUCION;60000,00;2000000;12;100;Personas humanas Responsables Inscriptos;Premium platinum;CUENTA CORRIENTE CON ACUERDO DE GIRO EN DESCUBIERTO SUJETO A EVALUACION CREDITICIA, TARJETA DE CREDITO VISA Y MASTERCARD PLATINUM Y TARJETA DE DEBITO;Ciudad Autónoma de Buenos Aires;COMISION DE MANTENIMIENTO MENSUAL Y RENOVACION ANUAL DE LA TARJETA DE CREDITO BONIFICADAS. COMISION DE MANTENIMIENTO BASICO MENSUAL DEL PAQUETE BONIFICADO POR EL TERMINO DE 6 SEIS MESES. CUANDO EL CLIENTE HAYA RECIBIDO AL MENOS UNA ACREDITACION DE HABERES EN EL MES DE FINALIZACION DE LA BONIFICACION INICIAL, SE EXTENDERA POR OTROS 6 SEIS MESES. APLICA A PAQUETES CON FECHA DE ALTA HASTA EL 31.12.2025 INCLUSIVE.
93;BANCO DE LA PAMPA SA;2026-03-20;PAQUETE 4 BLACK;PAQ 4;70000,00;5400000;12;83;Personas humanas en relación de dependencia;Premium signature, black o similar;TARJETA CALDEN MASTERCARD BLACK Y/O CALDEN VISA BLACK, CAJA DE AHORRO EN DOLARES, CUENTA CORRIENTE INDIVIDUOS, DESCUBIERTO EN CUENTA CORRIENTE INDIVIDUOS DE 420000 PESOS;Ciudad Autónoma de Buenos Aires;EXENCION DE: COMISION MANTENIMIENTO DE CUENTA TARJ DE CREDITO, COMISION SERVICIO ANUAL RENOVACION TARJETAS DE CREDITO, COMISION MANTENIMIENTO C/A EN DOLARES, COMISION MANTENIMIENTO DE CTA CTE, COMISION ALTA DE ACUERDO, PRESTAMO PERSONAL PREACORDADO SUJETO A POLITICA DE CREDITO CON TASA PREFERENCIAL, PUNTOS PAMPA CLUB, DESCUBIERTO EN CTA CTE DE 420000 PESOS.
97;BANCO PROVINCIA DEL NEUQUÉN SOCIEDAD ANÓNIMA;2026-04-06;BPN PLUS;BPN PLUS;16328,95;715000;0;100;Beneficiarios de cuentas de          Seguridad Social;Básico;INCLUYE DOS TARJETAS DE CREDITO UNA AL MENOS INTERNACIONAL CUENTA CORRIENTE Y ACUERDO EN CC OPCIONAL;Ciudad Autónoma de Buenos Aires;
97;BANCO PROVINCIA DEL NEUQUÉN SOCIEDAD ANÓNIMA;2026-04-06;BPN PLUS;BPN PLUS;16328,95;715000;0;100;Empleados públicos;Básico;INCLUYE DOS TARJETAS DE CREDITO UNA AL MENOS INTERNACIONAL CUENTA CORRIENTE Y ACUERDO EN CC OPCIONAL;Ciudad Autónoma de Buenos Aires;
97;BANCO PROVINCIA DEL NEUQUÉN SOCIEDAD ANÓNIMA;2026-04-06;BPN UNICO MAS;BPN UNICO MAS;42437,12;999999;12;100;Personas humanas Monotributistas;Premium signature, black o similar;INCLUYE DOS TARJETAS DE CREDITO UNA AL MENOS BLACK CUENTA CORRIENTE Y ACUERDO EN CC OPCIONAL;Ciudad Autónoma de Buenos Aires;EL INGRESO MINIMO MENSUAL REQUERIDO ES DE 4000000
97;BANCO PROVINCIA DEL NEUQUÉN SOCIEDAD ANÓNIMA;2026-04-06;BPN UNICO;BPN UNICO;32654,27;999999;0;100;Beneficiarios de cuentas de          Seguridad Social;Premium signature, black o similar;INCLUYE DOS TARJETAS DE CREDITO UNA AL MENOS PLATINUM CUENTA CORRIENTE Y ACUERDO EN CC OPCIONAL;Ciudad Autónoma de Buenos Aires;EL INGRESO MINIMO MENSUAL REQUERIDO ES DE 3000000
97;BANCO PROVINCIA DEL NEUQUÉN SOCIEDAD ANÓNIMA;2026-04-06;BPN PLUS;BPN PLUS;16328,95;715000;0;100;Clientes con cuenta en la entidad;Básico;INCLUYE DOS TARJETAS DE CREDITO UNA AL MENOS INTERNACIONAL CUENTA CORRIENTE Y ACUERDO EN CC OPCIONAL;Ciudad Autónoma de Buenos Aires;
93;BANCO DE LA PAMPA SA;2026-03-20;PAQUETE 4 BLACK;PAQ 4;70000,00;5400000;6;83;Clientes que acrediten sueldos en la entidad;Premium signature, black o similar;TARJETA CALDEN MASTERCARD BLACK Y/O CALDEN VISA BLACK, CAJA DE AHORRO EN DOLARES, CUENTA CORRIENTE INDIVIDUOS, DESCUBIERTO EN CUENTA CORRIENTE INDIVIDUOS DE 420000 PESOS;Ciudad Autónoma de Buenos Aires;EXENCION DE: COMISION MANTENIMIENTO DE CUENTA TARJ DE CREDITO, COMISION SERVICIO ANUAL RENOVACION TARJETAS DE CREDITO, COMISION MANTENIMIENTO C/A EN DOLARES, COMISION MANTENIMIENTO DE CTA CTE, COMISION ALTA DE ACUERDO, PRESTAMO PERSONAL PREACORDADO SUJETO A POLITICA DE CREDITO CON TASA PREFERENCIAL, PUNTOS PAMPA CLUB, DESCUBIERTO EN CTA CTE DE 420000 PESOS.
14;BANCO DE LA PROVINCIA DE BUENOS AIRES;2026-03-05;CRECIMIENTO;CRECIMIENTO;42000,00;1300000;12;100;Personas humanas en relación de dependencia;Premium gold;CUENTA CORRIENTE CON ACUERDO DE GIRO EN DESCUBIERTO SUJETO A EVALUACION CREDITICIA, TARJETA DE CREDITO VISA Y MASTERCARD GOLD Y TARJETA DE DEBITO;Ciudad Autónoma de Buenos Aires;COMISION DE MANTENIMIENTO MENSUAL Y RENOVACION ANUAL DE LA TARJETA DE CREDITO BONIFICADAS. COMISION DE MANTENIMIENTO BASICO MENSUAL DEL PAQUETE BONIFICADO POR EL TERMINO DE 6 SEIS MESES. CUANDO EL CLIENTE HAYA RECIBIDO AL MENOS UNA ACREDITACION DE HABERES EN EL MES DE FINALIZACION DE LA BONIFICACION INICIAL, SE EXTENDERA POR OTROS 6 SEIS MESES. APLICA A PAQUETES CON FECHA DE ALTA HASTA EL 31.12.2025 INCLUSIVE.
97;BANCO PROVINCIA DEL NEUQUÉN SOCIEDAD ANÓNIMA;2026-04-06;BPN UNICO;BPN UNICO;32654,27;999999;12;100;Personas humanas Monotributistas;Premium platinum;INCLUYE DOS TARJETAS DE CREDITO UNA AL MENOS PLATINUM CUENTA CORRIENTE Y ACUERDO EN CC OPCIONAL;Ciudad Autónoma de Buenos Aires;EL INGRESO MINIMO MENSUAL REQUERIDO ES DE 3000000
97;BANCO PROVINCIA DEL NEUQUÉN SOCIEDAD ANÓNIMA;2026-04-06;BPN UNICO;BPN UNICO;32654,27;999999;0;100;Personas humanas en relación de dependencia;Premium signature, black o similar;INCLUYE DOS TARJETAS DE CREDITO UNA AL MENOS PLATINUM CUENTA CORRIENTE Y ACUERDO EN CC OPCIONAL;Ciudad Autónoma de Buenos Aires;EL INGRESO MINIMO MENSUAL REQUERIDO ES DE 3000000
97;BANCO PROVINCIA DEL NEUQUÉN SOCIEDAD ANÓNIMA;2026-04-06;BPN UNICO;BPN UNICO;32654,27;999999;0;100;Clientes que acrediten sueldos en la entidad;Premium signature, black o similar;INCLUYE DOS TARJETAS DE CREDITO UNA AL MENOS PLATINUM CUENTA CORRIENTE Y ACUERDO EN CC OPCIONAL;Ciudad Autónoma de Buenos Aires;EL INGRESO MINIMO MENSUAL REQUERIDO ES DE 3000000
97;BANCO PROVINCIA DEL NEUQUÉN SOCIEDAD ANÓNIMA;2026-04-06;BPN SELECTO;BPN SELECTO;22260,37;999999;0;100;Clientes con cuenta en la entidad;Premium gold;INCLUYE DOS TARJETAS DE CREDITO UNA AL MENOS GOLD CUENTA CORRIENTE Y ACUERDO EN CC OPCIONAL;Ciudad Autónoma de Buenos Aires;EL INGRESO MINIMO MENSUAL REQUERIDO ES DE 1700000
93;BANCO DE LA PAMPA SA;2026-03-20;PAQUETE 1 INTERNACIONAL;PAQ 1;23000,00;380000;12;83;Empleados públicos;Básico;TARJETA CALDEN MASTERCARD INTERNACIONAL Y/O CALDEN VISA INTERNACIONAL, CAJA DE AHORRO EN DOLARES;Ciudad Autónoma de Buenos Aires;EXENCION DE: COMISION MANTENIMIENTO DE CUENTA TARJ DE CREDITO,  COMISION SERVICIO ANUAL RENOVACION TARJ DE CREDITO, COMISION MANTENIMIENTO C/A EN DOLARES. PREST PERSONAL PREACORDADO SUJETO A POLITICA DE CREDITO CON TASA PREFERENCIAL, PUNTOS PAMPA CLUB
14;BANCO DE LA PROVINCIA DE BUENOS AIRES;2026-03-05;CRECIMIENTO;CRECIMIENTO;42000,00;1300000;12;100;Clientes con cuenta en la entidad;Premium gold;CUENTA CORRIENTE CON ACUERDO DE GIRO EN DESCUBIERTO SUJETO A EVALUACION CREDITICIA, TARJETA DE CREDITO VISA Y MASTERCARD GOLD Y TARJETA DE DEBITO;Ciudad Autónoma de Buenos Aires;COMISION DE MANTENIMIENTO MENSUAL Y RENOVACION ANUAL DE LA TARJETA DE CREDITO BONIFICADAS. COMISION DE MANTENIMIENTO BASICO MENSUAL DEL PAQUETE BONIFICADO POR EL TERMINO DE 6 SEIS MESES. CUANDO EL CLIENTE HAYA RECIBIDO AL MENOS UNA ACREDITACION DE HABERES EN EL MES DE FINALIZACION DE LA BONIFICACION INICIAL, SE EXTENDERA POR OTROS 6 SEIS MESES. APLICA A PAQUETES CON FECHA DE ALTA HASTA EL 31.12.2025 INCLUSIVE.
14;BANCO DE LA PROVINCIA DE BUENOS AIRES;2026-03-05;EVOLUCION;EVOLUCION;60000,00;2000000;12;100;Clientes con cuenta en la entidad;Premium platinum;CUENTA CORRIENTE CON ACUERDO DE GIRO EN DESCUBIERTO SUJETO A EVALUACION CREDITICIA, TARJETA DE CREDITO VISA Y MASTERCARD PLATINUM Y TARJETA DE DEBITO;Ciudad Autónoma de Buenos Aires;COMISION DE MANTENIMIENTO MENSUAL Y RENOVACION ANUAL DE LA TARJETA DE CREDITO BONIFICADAS. COMISION DE MANTENIMIENTO BASICO MENSUAL DEL PAQUETE BONIFICADO POR EL TERMINO DE 6 SEIS MESES. CUANDO EL CLIENTE HAYA RECIBIDO AL MENOS UNA ACREDITACION DE HABERES EN EL MES DE FINALIZACION DE LA BONIFICACION INICIAL, SE EXTENDERA POR OTROS 6 SEIS MESES. APLICA A PAQUETES CON FECHA DE ALTA HASTA EL 31.12.2025 INCLUSIVE.
93;BANCO DE LA PAMPA SA;2026-03-20;PAQUETE 2 DORADO;PAQ 2;35000,00;900000;12;83;Clientes con cuenta en la entidad;Premium gold;TARJETA CALDEN MASTERCARD GOLD Y/O CALDEN VISA GOLD, CAJA DE AHORRO EN DOLARES, CUENTA CORRIENTE INDIVIDUOS, DESCUBIERTO EN CTA CTE DE 70000 PESOS;Ciudad Autónoma de Buenos Aires;EXENCION DE: COMISION MANTENIMIENTO DE CUENTA TARJ DE CREDITO, COMISION SERV ANUAL RENOVACION TARJ DE CREDITO, COMISION MANTENIMIENTO C/A EN DOLARES, COMISION MANTENIMIENTO DE CTA CTE. PREST PERSONAL PREACORDADO SUJETO A POLITICA DE CREDITO CON TASA PREFERENCIAL, PUNTOS PAMPA CLUB, DESCUBIERTO EN CTA CTE DE 70000 PESOS
93;BANCO DE LA PAMPA SA;2026-03-20;PAQUETE 3 PLATINO;PAQ 3;52000,00;2250000;24;83;Personas humanas Responsables Inscriptos;Premium platinum;TARJETA CALDEN MASTERCARD PLATINUM Y/O CALDEN VISA PLATINUM, CAJA DE AHORRO EN DOLARES, CUENTA CORRIENTE INDIVIDUOS, DESCUBIERTO EN CUENTA CORRIENTE INDIVIDUOS DE 175000 PESOS;Ciudad Autónoma de Buenos Aires;EXENCION DE: COMISION MANTENIMIENTO DE CUENTA TARJ DE CREDITO, COMISION SERV ANUAL RENOVACION TARJ DE CREDITO, COMISION MANTENIMIENTO C/A EN DOLARES, COMISION MANTENIMIENTO DE CTA CTE, COMISION ALTA DE ACUERDO. PREST PERSONAL PREACORDADO SUJETO A POLITICA DE CREDITO CON TASA PREFERENCIAL, PUNTOS PAMPA CLUB, DESCUBIERTO EN CTA CTE DE 175000 PESOS.
14;BANCO DE LA PROVINCIA DE BUENOS AIRES;2026-03-05;LOGROS;LOGROS;85000,00;3000000;12;100;Personas humanas Monotributistas;Premium signature, black o similar;CUENTA CORRIENTE CON ACUERDO DE GIRO EN DESCUBIERTO SUJETO A EVALUACION CREDITICIA, TARJETA DE CREDITO VISA SIGNATURE Y MASTERCARD BLACK Y TARJETA DE DEBITO;Ciudad Autónoma de Buenos Aires;COMISION DE MANTENIMIENTO MENSUAL Y RENOVACION ANUAL DE LA TARJETA DE CREDITO BONIFICADAS. COMISION DE MANTENIMIENTO BASICO MENSUAL DEL PAQUETE BONIFICADO POR EL TERMINO DE 6 SEIS MESES. CUANDO EL CLIENTE HAYA RECIBIDO AL MENOS UNA ACREDITACION DE HABERES EN EL MES DE FINALIZACION DE LA BONIFICACION INICIAL, SE EXTENDERA POR OTROS 6 SEIS MESES. APLICA A PAQUETES CON FECHA DE ALTA HASTA EL 31.12.2025 INCLUSIVE.
97;BANCO PROVINCIA DEL NEUQUÉN SOCIEDAD ANÓNIMA;2026-04-06;BPN UNICO;BPN UNICO;32654,27;999999;12;100;Personas humanas Responsables Inscriptos;Premium platinum;INCLUYE DOS TARJETAS DE CREDITO UNA AL MENOS PLATINUM CUENTA CORRIENTE Y ACUERDO EN CC OPCIONAL;Ciudad Autónoma de Buenos Aires;EL INGRESO MINIMO MENSUAL REQUERIDO ES DE 3000000
97;BANCO PROVINCIA DEL NEUQUÉN SOCIEDAD ANÓNIMA;2026-04-06;BPN UNICO;BPN UNICO;32654,27;999999;0;100;Empleados públicos;Premium platinum;INCLUYE DOS TARJETAS DE CREDITO UNA AL MENOS PLATINUM CUENTA CORRIENTE Y ACUERDO EN CC OPCIONAL;Ciudad Autónoma de Buenos Aires;EL INGRESO MINIMO MENSUAL REQUERIDO ES DE 3000000
93;BANCO DE LA PAMPA SA;2026-03-20;PAQUETE 2 DORADO;PAQ 2;35000,00;900000;12;83;Personas humanas en relación de dependencia;Premium gold;TARJETA CALDEN MASTERCARD GOLD Y/O CALDEN VISA GOLD, CAJA DE AHORRO EN DOLARES, CUENTA CORRIENTE INDIVIDUOS, DESCUBIERTO EN CTA CTE DE 70000 PESOS;Ciudad Autónoma de Buenos Aires;EXENCION DE: COMISION MANTENIMIENTO DE CUENTA TARJ DE CREDITO, COMISION SERV ANUAL RENOVACION TARJ DE CREDITO, COMISION MANTENIMIENTO C/A EN DOLARES, COMISION MANTENIMIENTO DE CTA CTE. PREST PERSONAL PREACORDADO SUJETO A POLITICA DE CREDITO CON TASA PREFERENCIAL, PUNTOS PAMPA CLUB, DESCUBIERTO EN CTA CTE DE 70000 PESOS
14;BANCO DE LA PROVINCIA DE BUENOS AIRES;2026-03-05;EVOLUCION;EVOLUCION;60000,00;2000000;12;100;Empleados públicos;Premium platinum;CUENTA CORRIENTE CON ACUERDO DE GIRO EN DESCUBIERTO SUJETO A EVALUACION CREDITICIA, TARJETA DE CREDITO VISA Y MASTERCARD PLATINUM Y TARJETA DE DEBITO;Ciudad Autónoma de Buenos Aires;COMISION DE MANTENIMIENTO MENSUAL Y RENOVACION ANUAL DE LA TARJETA DE CREDITO BONIFICADAS. COMISION DE MANTENIMIENTO BASICO MENSUAL DEL PAQUETE BONIFICADO POR EL TERMINO DE 6 SEIS MESES. CUANDO EL CLIENTE HAYA RECIBIDO AL MENOS UNA ACREDITACION DE HABERES EN EL MES DE FINALIZACION DE LA BONIFICACION INICIAL, SE EXTENDERA POR OTROS 6 SEIS MESES. APLICA A PAQUETES CON FECHA DE ALTA HASTA EL 31.12.2025 INCLUSIVE.
97;BANCO PROVINCIA DEL NEUQUÉN SOCIEDAD ANÓNIMA;2026-04-06;BPN UNICO MAS;BPN UNICO MAS;42437,12;999999;0;100;Empleados públicos;Premium platinum;INCLUYE DOS TARJETAS DE CREDITO UNA AL MENOS BLACK CUENTA CORRIENTE Y ACUERDO EN CC OPCIONAL;Ciudad Autónoma de Buenos Aires;EL INGRESO MINIMO MENSUAL REQUERIDO ES DE 4000000
14;BANCO DE LA PROVINCIA DE BUENOS AIRES;2026-03-05;EVOLUCION;EVOLUCION;60000,00;2000000;12;100;Personas humanas en relación de dependencia;Premium platinum;CUENTA CORRIENTE CON ACUERDO DE GIRO EN DESCUBIERTO SUJETO A EVALUACION CREDITICIA, TARJETA DE CREDITO VISA Y MASTERCARD PLATINUM Y TARJETA DE DEBITO;Ciudad Autónoma de Buenos Aires;COMISION DE MANTENIMIENTO MENSUAL Y RENOVACION ANUAL DE LA TARJETA DE CREDITO BONIFICADAS. COMISION DE MANTENIMIENTO BASICO MENSUAL DEL PAQUETE BONIFICADO POR EL TERMINO DE 6 SEIS MESES. CUANDO EL CLIENTE HAYA RECIBIDO AL MENOS UNA ACREDITACION DE HABERES EN EL MES DE FINALIZACION DE LA BONIFICACION INICIAL, SE EXTENDERA POR OTROS 6 SEIS MESES. APLICA A PAQUETES CON FECHA DE ALTA HASTA EL 31.12.2025 INCLUSIVE.
97;BANCO PROVINCIA DEL NEUQUÉN SOCIEDAD ANÓNIMA;2026-04-06;BPN SELECTO;BPN SELECTO;22260,37;999999;0;100;Personas humanas en relación de dependencia;Premium gold;INCLUYE DOS TARJETAS DE CREDITO UNA AL MENOS GOLD CUENTA CORRIENTE Y ACUERDO EN CC OPCIONAL;Ciudad Autónoma de Buenos Aires;EL INGRESO MINIMO MENSUAL REQUERIDO ES DE 1700000
97;BANCO PROVINCIA DEL NEUQUÉN SOCIEDAD ANÓNIMA;2026-04-06;BPN SELECTO;BPN SELECTO;22260,37;999999;12;100;Personas humanas Monotributistas;Premium gold;INCLUYE DOS TARJETAS DE CREDITO UNA AL MENOS GOLD CUENTA CORRIENTE Y ACUERDO EN CC OPCIONAL;Ciudad Autónoma de Buenos Aires;EL INGRESO MINIMO MENSUAL REQUERIDO ES DE 1700000
14;BANCO DE LA PROVINCIA DE BUENOS AIRES;2026-03-05;CRECIMIENTO;CRECIMIENTO;42000,00;1300000;12;100;Empleados públicos;Premium gold;CUENTA CORRIENTE CON ACUERDO DE GIRO EN DESCUBIERTO SUJETO A EVALUACION CREDITICIA, TARJETA DE CREDITO VISA Y MASTERCARD GOLD Y TARJETA DE DEBITO;Ciudad Autónoma de Buenos Aires;COMISION DE MANTENIMIENTO MENSUAL Y RENOVACION ANUAL DE LA TARJETA DE CREDITO BONIFICADAS. COMISION DE MANTENIMIENTO BASICO MENSUAL DEL PAQUETE BONIFICADO POR EL TERMINO DE 6 SEIS MESES. CUANDO EL CLIENTE HAYA RECIBIDO AL MENOS UNA ACREDITACION DE HABERES EN EL MES DE FINALIZACION DE LA BONIFICACION INICIAL, SE EXTENDERA POR OTROS 6 SEIS MESES. APLICA A PAQUETES CON FECHA DE ALTA HASTA EL 31.12.2025 INCLUSIVE.
14;BANCO DE LA PROVINCIA DE BUENOS AIRES;2026-03-05;IMPULSO;IMPULSO;26000,00;500000;12;100;Personas humanas Responsables Inscriptos;Básico;CUENTA CORRIENTE, TARJETA DE CREDITO VISA Y MASTERCARD INTERNACIONAL Y TARJETA DE DEBITO;Ciudad Autónoma de Buenos Aires;COMISION DE MANTENIMIENTO MENSUAL Y RENOVACION ANUAL DE LA TARJETA DE CREDITO BONIFICADAS. COMISION DE MANTENIMIENTO BASICO MENSUAL DEL PAQUETE BONIFICADO POR EL TERMINO DE 6 SEIS MESES. CUANDO EL CLIENTE HAYA RECIBIDO AL MENOS UNA ACREDITACION DE HABERES EN EL MES DE FINALIZACION DE LA BONIFICACION INICIAL, SE EXTENDERA POR OTROS 6 SEIS MESES. APLICA A PAQUETES CON FECHA DE ALTA HASTA EL 31.12.2025 INCLUSIVE.
97;BANCO PROVINCIA DEL NEUQUÉN SOCIEDAD ANÓNIMA;2026-04-06;BPN UNICO MAS;BPN UNICO MAS;42437,12;999999;0;100;Clientes que acrediten sueldos en la entidad;Premium platinum;INCLUYE DOS TARJETAS DE CREDITO UNA AL MENOS BLACK CUENTA CORRIENTE Y ACUERDO EN CC OPCIONAL;Ciudad Autónoma de Buenos Aires;EL INGRESO MINIMO MENSUAL REQUERIDO ES DE 4000000
97;BANCO PROVINCIA DEL NEUQUÉN SOCIEDAD ANÓNIMA;2026-04-06;BPN CLASICO;BPN CLASICO;10715,76;357800;12;100;Personas humanas Responsables Inscriptos;Básico;INCLUYE DOS TARJETAS DE CREDITO UNA OBLIGATORIA Y OTRA OPCIONAL;Ciudad Autónoma de Buenos Aires;
97;BANCO PROVINCIA DEL NEUQUÉN SOCIEDAD ANÓNIMA;2026-04-06;BPN CLASICO;BPN CLASICO;10715,76;357800;0;100;Beneficiarios de cuentas de          Seguridad Social;Básico;INCLUYE DOS TARJETAS DE CREDITO UNA OBLIGATORIA Y OTRA OPCIONAL;Ciudad Autónoma de Buenos Aires;
14;BANCO DE LA PROVINCIA DE BUENOS AIRES;2026-03-05;LOGROS;LOGROS;85000,00;2500000;0;100;Clientes que acrediten sueldos en la entidad;Premium signature, black o similar;CUENTA CORRIENTE CON ACUERDO DE GIRO EN DESCUBIERTO SUJETO A EVALUACION CREDITICIA, TARJETA DE CREDITO VISA SIGNATURE Y MASTERCARD BLACK Y TARJETA DE DEBITO;Ciudad Autónoma de Buenos Aires;COMISION DE MANTENIMIENTO MENSUAL Y RENOVACION ANUAL DE LA TARJETA DE CREDITO BONIFICADAS. COMISION DE MANTENIMIENTO BASICO MENSUAL DEL PAQUETE BONIFICADO POR EL TERMINO DE 6 SEIS MESES. CUANDO EL CLIENTE HAYA RECIBIDO AL MENOS UNA ACREDITACION DE HABERES EN EL MES DE FINALIZACION DE LA BONIFICACION INICIAL, SE EXTENDERA POR OTROS 6 SEIS MESES. APLICA A PAQUETES CON FECHA DE ALTA HASTA EL 31.12.2025 INCLUSIVE.
20;BANCO DE LA PROVINCIA DE CORDOBA S.A.;2025-09-18;PAQUETE MUNDO BANCOR INTERNACIONAL;MUNDO BANCOR INTERNACIONA;14000,00;635600;6;81;Clientes que acrediten sueldos en la entidad;Básico;CAJA DE AHORRO EN DOLARES, CUENTA ADELANTO DE HABERES, TARJETA DE CREDITO CORDOBESA MASTERCARD, TARJETA DE CREDITO CORDOBESA VISA, CUENTA INVERSION;Ciudad Autónoma de Buenos Aires;
97;BANCO PROVINCIA DEL NEUQUÉN SOCIEDAD ANÓNIMA;2026-04-06;BPN SELECTO;BPN SELECTO;22260,37;999999;0;100;Clientes que acrediten sueldos en la entidad;Premium gold;INCLUYE DOS TARJETAS DE CREDITO UNA AL MENOS GOLD CUENTA CORRIENTE Y ACUERDO EN CC OPCIONAL;Ciudad Autónoma de Buenos Aires;EL INGRESO MINIMO MENSUAL REQUERIDO ES DE 1700000
97;BANCO PROVINCIA DEL NEUQUÉN SOCIEDAD ANÓNIMA;2026-04-06;BPN UNICO;BPN UNICO;32654,27;999999;0;100;Empleados públicos;Premium signature, black o similar;INCLUYE DOS TARJETAS DE CREDITO UNA AL MENOS PLATINUM CUENTA CORRIENTE Y ACUERDO EN CC OPCIONAL;Ciudad Autónoma de Buenos Aires;EL INGRESO MINIMO MENSUAL REQUERIDO ES DE 3000000
93;BANCO DE LA PAMPA SA;2026-03-20;PAQUETE 1 INTERNACIONAL;PAQ 1;23000,00;380000;6;83;Beneficiarios de cuentas de          Seguridad Social;Básico;TARJETA CALDEN MASTERCARD INTERNACIONAL Y/O CALDEN VISA INTERNACIONAL, CAJA DE AHORRO EN DOLARES;Ciudad Autónoma de Buenos Aires;EXENCION DE: COMISION MANTENIMIENTO DE CUENTA TARJ DE CREDITO,  COMISION SERVICIO ANUAL RENOVACION TARJ DE CREDITO, COMISION MANTENIMIENTO C/A EN DOLARES. PREST PERSONAL PREACORDADO SUJETO A POLITICA DE CREDITO CON TASA PREFERENCIAL, PUNTOS PAMPA CLUB
14;BANCO DE LA PROVINCIA DE BUENOS AIRES;2026-03-05;IMPULSO;IMPULSO;26000,00;500000;12;100;Clientes con cuenta en la entidad;Básico;CUENTA CORRIENTE, TARJETA DE CREDITO VISA Y MASTERCARD INTERNACIONAL Y TARJETA DE DEBITO;Ciudad Autónoma de Buenos Aires;COMISION DE MANTENIMIENTO MENSUAL Y RENOVACION ANUAL DE LA TARJETA DE CREDITO BONIFICADAS. COMISION DE MANTENIMIENTO BASICO MENSUAL DEL PAQUETE BONIFICADO POR EL TERMINO DE 6 SEIS MESES. CUANDO EL CLIENTE HAYA RECIBIDO AL MENOS UNA ACREDITACION DE HABERES EN EL MES DE FINALIZACION DE LA BONIFICACION INICIAL, SE EXTENDERA POR OTROS 6 SEIS MESES. APLICA A PAQUETES CON FECHA DE ALTA HASTA EL 31.12.2025 INCLUSIVE.
93;BANCO DE LA PAMPA SA;2026-03-20;PAQUETE 1 INTERNACIONAL;PAQ 1;23000,00;380000;12;83;Clientes con cuenta en la entidad;Básico;TARJETA CALDEN MASTERCARD INTERNACIONAL Y/O CALDEN VISA INTERNACIONAL, CAJA DE AHORRO EN DOLARES;Ciudad Autónoma de Buenos Aires;EXENCION DE: COMISION MANTENIMIENTO DE CUENTA TARJ DE CREDITO,  COMISION SERVICIO ANUAL RENOVACION TARJ DE CREDITO, COMISION MANTENIMIENTO C/A EN DOLARES. PREST PERSONAL PREACORDADO SUJETO A POLITICA DE CREDITO CON TASA PREFERENCIAL, PUNTOS PAMPA CLUB
14;BANCO DE LA PROVINCIA DE BUENOS AIRES;2026-03-05;CRECIMIENTO;CRECIMIENTO;42000,00;1300000;12;100;Personas humanas Responsables Inscriptos;Premium gold;CUENTA CORRIENTE CON ACUERDO DE GIRO EN DESCUBIERTO SUJETO A EVALUACION CREDITICIA, TARJETA DE CREDITO VISA Y MASTERCARD GOLD Y TARJETA DE DEBITO;Ciudad Autónoma de Buenos Aires;COMISION DE MANTENIMIENTO MENSUAL Y RENOVACION ANUAL DE LA TARJETA DE CREDITO BONIFICADAS. COMISION DE MANTENIMIENTO BASICO MENSUAL DEL PAQUETE BONIFICADO POR EL TERMINO DE 6 SEIS MESES. CUANDO EL CLIENTE HAYA RECIBIDO AL MENOS UNA ACREDITACION DE HABERES EN EL MES DE FINALIZACION DE LA BONIFICACION INICIAL, SE EXTENDERA POR OTROS 6 SEIS MESES. APLICA A PAQUETES CON FECHA DE ALTA HASTA EL 31.12.2025 INCLUSIVE.
29;BANCO DE LA CIUDAD DE BUENOS AIRES;2026-01-23;PAQUETE PRODUCTOS - CUENTA CIUDAD- CLIENTELA GENERAL;CUENTA CIUDAD;26734,00;334800;0;100;Clientes con cuenta en la entidad;Básico;1 CAJA DE AHORRO EN DOLARES 1 CUENTA CORRIENTE CON ACUERDO 1 TARJETA DE DEBITO 1 TARJETA DE CREDITO VISA INTERNACIONAL;Ciudad Autónoma de Buenos Aires;0
97;BANCO PROVINCIA DEL NEUQUÉN SOCIEDAD ANÓNIMA;2026-04-06;BPN CLASICO;BPN CLASICO;10715,76;357800;0;100;Clientes con cuenta en la entidad;Básico;INCLUYE DOS TARJETAS DE CREDITO UNA OBLIGATORIA Y OTRA OPCIONAL;Ciudad Autónoma de Buenos Aires;
14;BANCO DE LA PROVINCIA DE BUENOS AIRES;2026-03-05;LOGROS;LOGROS;85000,00;3000000;12;100;Clientes con cuenta en la entidad;Premium signature, black o similar;CUENTA CORRIENTE CON ACUERDO DE GIRO EN DESCUBIERTO SUJETO A EVALUACION CREDITICIA, TARJETA DE CREDITO VISA SIGNATURE Y MASTERCARD BLACK Y TARJETA DE DEBITO;Ciudad Autónoma de Buenos Aires;COMISION DE MANTENIMIENTO MENSUAL Y RENOVACION ANUAL DE LA TARJETA DE CREDITO BONIFICADAS. COMISION DE MANTENIMIENTO BASICO MENSUAL DEL PAQUETE BONIFICADO POR EL TERMINO DE 6 SEIS MESES. CUANDO EL CLIENTE HAYA RECIBIDO AL MENOS UNA ACREDITACION DE HABERES EN EL MES DE FINALIZACION DE LA BONIFICACION INICIAL, SE EXTENDERA POR OTROS 6 SEIS MESES. APLICA A PAQUETES CON FECHA DE ALTA HASTA EL 31.12.2025 INCLUSIVE.
14;BANCO DE LA PROVINCIA DE BUENOS AIRES;2026-03-05;INCLUSION;INCLUSION;24700,00;318000;0;100;Personas humanas Monotributistas;Premium gold;CUENTA CORRIENTE PERSONAS HUMANAS EN PESOS, TARJETA DE DEBITO, TARJETA DE CREDITO VISA Y/O, DE ACUERDO A NIVEL DE INGRESOS, MASTERCARD EN SU VERSION INTERNACIONAL;Ciudad Autónoma de Buenos Aires;COMISION DE MANTENIMIENTO MENSUAL Y RENOVACION ANUAL DE LA TARJETA DE CREDITO BONIFICADAS. SE BONIFICARA POR 6 SEIS MESES EL 100 POR CIENTO  DE LA COMISION DE MANTENIMIENTO DEL PAQUETE. CUANDO EL CLIENTE HAYA OPERADO CON ADHESION DE COMERCIOS VISA O MASTERCARD O CUENTA DNI COMERCIOS EN EL MES DE FINALIZACION DE LA BONIFICACION INICIAL, SE EXTENDERA POR OTROS 6 SEIS MESES. APLICA A PAQUETES CON FECHA DE ALTA HASTA EL 31.12.2025 INCLUSIVE.
93;BANCO DE LA PAMPA SA;2026-03-20;PAQUETE 2 DORADO;PAQ 2;35000,00;900000;6;83;Beneficiarios de cuentas de          Seguridad Social;Premium gold;TARJETA CALDEN MASTERCARD GOLD Y/O CALDEN VISA GOLD, CAJA DE AHORRO EN DOLARES, CUENTA CORRIENTE INDIVIDUOS, DESCUBIERTO EN CTA CTE DE 70000 PESOS;Ciudad Autónoma de Buenos Aires;EXENCION DE: COMISION MANTENIMIENTO DE CUENTA TARJ DE CREDITO, COMISION SERV ANUAL RENOVACION TARJ DE CREDITO, COMISION MANTENIMIENTO C/A EN DOLARES, COMISION MANTENIMIENTO DE CTA CTE. PREST PERSONAL PREACORDADO SUJETO A POLITICA DE CREDITO CON TASA PREFERENCIAL, PUNTOS PAMPA CLUB, DESCUBIERTO EN CTA CTE DE 70000 PESOS
93;BANCO DE LA PAMPA SA;2026-03-20;PAQUETE 3 PLATINO;PAQ 3;52000,00;2250000;12;83;Personas humanas en relación de dependencia;Premium platinum;TARJETA CALDEN MASTERCARD PLATINUM Y/O CALDEN VISA PLATINUM, CAJA DE AHORRO EN DOLARES, CUENTA CORRIENTE INDIVIDUOS, DESCUBIERTO EN CUENTA CORRIENTE INDIVIDUOS DE 175000 PESOS;Ciudad Autónoma de Buenos Aires;EXENCION DE: COMISION MANTENIMIENTO DE CUENTA TARJ DE CREDITO, COMISION SERV ANUAL RENOVACION TARJ DE CREDITO, COMISION MANTENIMIENTO C/A EN DOLARES, COMISION MANTENIMIENTO DE CTA CTE, COMISION ALTA DE ACUERDO. PREST PERSONAL PREACORDADO SUJETO A POLITICA DE CREDITO CON TASA PREFERENCIAL, PUNTOS PAMPA CLUB, DESCUBIERTO EN CTA CTE DE 175000 PESOS.
93;BANCO DE LA PAMPA SA;2026-03-20;PAQUETE 3 PLATINO;PAQ 3;52000,00;2250000;12;83;Empleados públicos;Premium platinum;TARJETA CALDEN MASTERCARD PLATINUM Y/O CALDEN VISA PLATINUM, CAJA DE AHORRO EN DOLARES, CUENTA CORRIENTE INDIVIDUOS, DESCUBIERTO EN CUENTA CORRIENTE INDIVIDUOS DE 175000 PESOS;Ciudad Autónoma de Buenos Aires;EXENCION DE: COMISION MANTENIMIENTO DE CUENTA TARJ DE CREDITO, COMISION SERV ANUAL RENOVACION TARJ DE CREDITO, COMISION MANTENIMIENTO C/A EN DOLARES, COMISION MANTENIMIENTO DE CTA CTE, COMISION ALTA DE ACUERDO. PREST PERSONAL PREACORDADO SUJETO A POLITICA DE CREDITO CON TASA PREFERENCIAL, PUNTOS PAMPA CLUB, DESCUBIERTO EN CTA CTE DE 175000 PESOS.
14;BANCO DE LA PROVINCIA DE BUENOS AIRES;2026-03-05;LOGROS;LOGROS;85000,00;3000000;12;100;Personas humanas en relación de dependencia;Premium signature, black o similar;CUENTA CORRIENTE CON ACUERDO DE GIRO EN DESCUBIERTO SUJETO A EVALUACION CREDITICIA, TARJETA DE CREDITO VISA SIGNATURE Y MASTERCARD BLACK Y TARJETA DE DEBITO;Ciudad Autónoma de Buenos Aires;COMISION DE MANTENIMIENTO MENSUAL Y RENOVACION ANUAL DE LA TARJETA DE CREDITO BONIFICADAS. COMISION DE MANTENIMIENTO BASICO MENSUAL DEL PAQUETE BONIFICADO POR EL TERMINO DE 6 SEIS MESES. CUANDO EL CLIENTE HAYA RECIBIDO AL MENOS UNA ACREDITACION DE HABERES EN EL MES DE FINALIZACION DE LA BONIFICACION INICIAL, SE EXTENDERA POR OTROS 6 SEIS MESES. APLICA A PAQUETES CON FECHA DE ALTA HASTA EL 31.12.2025 INCLUSIVE.
14;BANCO DE LA PROVINCIA DE BUENOS AIRES;2026-03-05;CONFIANZA;CONFIANZA;35500,00;1300000;12;100;Personas humanas Monotributistas;Premium gold;CUENTA CORRIENTE PERSONAS HUMANAS EN PESOS, ACUERDO CON GIRO EN DESCUBIERTO: SE ENCUENTRA SUJETO A LA CALIFICACION CREDITICIA, TARJETA DE DEBITO, TARJETA DE CREDITO VISA Y MASTERCARD GOLD;Ciudad Autónoma de Buenos Aires;COMISION DE MANTENIMIENTO MENSUAL Y RENOVACION ANUAL DE LA TARJETA DE CREDITO BONIFICADAS. SE BONIFICARA POR 6 SEIS MESES EL 100 POR CIENTO  DE LA COMISION DE MANTENIMIENTO DEL PAQUETE. CUANDO EL CLIENTE HAYA OPERADO CON ADHESION DE COMERCIOS VISA O MASTERCARD O CUENTA DNI COMERCIOS EN EL MES DE FINALIZACION DE LA BONIFICACION INICIAL, SE EXTENDERA POR OTROS 6 SEIS MESES. APLICA A PAQUETES CON FECHA DE ALTA HASTA EL 31.12.2025 INCLUSIVE.
97;BANCO PROVINCIA DEL NEUQUÉN SOCIEDAD ANÓNIMA;2026-04-06;BPN UNICO;BPN UNICO;32654,27;999999;0;100;Clientes con cuenta en la entidad;Premium signature, black o similar;INCLUYE DOS TARJETAS DE CREDITO UNA AL MENOS PLATINUM CUENTA CORRIENTE Y ACUERDO EN CC OPCIONAL;Ciudad Autónoma de Buenos Aires;EL INGRESO MINIMO MENSUAL REQUERIDO ES DE 3000000
14;BANCO DE LA PROVINCIA DE BUENOS AIRES;2026-03-05;INCLUSION;INCLUSION;24700,00;318000;0;100;Personas humanas Responsables Inscriptos;Premium gold;CUENTA CORRIENTE PERSONAS HUMANAS EN PESOS, TARJETA DE DEBITO, TARJETA DE CREDITO VISA Y/O, DE ACUERDO A NIVEL DE INGRESOS, MASTERCARD EN SU VERSION INTERNACIONAL;Ciudad Autónoma de Buenos Aires;COMISION DE MANTENIMIENTO MENSUAL Y RENOVACION ANUAL DE LA TARJETA DE CREDITO BONIFICADAS. SE BONIFICARA POR 6 SEIS MESES EL 100 POR CIENTO  DE LA COMISION DE MANTENIMIENTO DEL PAQUETE. CUANDO EL CLIENTE HAYA OPERADO CON ADHESION DE COMERCIOS VISA O MASTERCARD O CUENTA DNI COMERCIOS EN EL MES DE FINALIZACION DE LA BONIFICACION INICIAL, SE EXTENDERA POR OTROS 6 SEIS MESES. APLICA A PAQUETES CON FECHA DE ALTA HASTA EL 31.12.2025 INCLUSIVE.
97;BANCO PROVINCIA DEL NEUQUÉN SOCIEDAD ANÓNIMA;2026-04-06;BPN UNICO MAS;BPN UNICO MAS;42437,12;999999;0;100;Clientes con cuenta en la entidad;Premium signature, black o similar;INCLUYE DOS TARJETAS DE CREDITO UNA AL MENOS BLACK CUENTA CORRIENTE Y ACUERDO EN CC OPCIONAL;Ciudad Autónoma de Buenos Aires;EL INGRESO MINIMO MENSUAL REQUERIDO ES DE 4000000
14;BANCO DE LA PROVINCIA DE BUENOS AIRES;2026-03-05;CRECIMIENTO;CRECIMIENTO;42000,00;1300000;12;100;Personas humanas Monotributistas;Premium gold;CUENTA CORRIENTE CON ACUERDO DE GIRO EN DESCUBIERTO SUJETO A EVALUACION CREDITICIA, TARJETA DE CREDITO VISA Y MASTERCARD GOLD Y TARJETA DE DEBITO;Ciudad Autónoma de Buenos Aires;COMISION DE MANTENIMIENTO MENSUAL Y RENOVACION ANUAL DE LA TARJETA DE CREDITO BONIFICADAS. COMISION DE MANTENIMIENTO BASICO MENSUAL DEL PAQUETE BONIFICADO POR EL TERMINO DE 6 SEIS MESES. CUANDO EL CLIENTE HAYA RECIBIDO AL MENOS UNA ACREDITACION DE HABERES EN EL MES DE FINALIZACION DE LA BONIFICACION INICIAL, SE EXTENDERA POR OTROS 6 SEIS MESES. APLICA A PAQUETES CON FECHA DE ALTA HASTA EL 31.12.2025 INCLUSIVE.
93;BANCO DE LA PAMPA SA;2026-03-20;PAQUETE 2 DORADO;PAQ 2;35000,00;900000;12;83;Empleados públicos;Premium gold;TARJETA CALDEN MASTERCARD GOLD Y/O CALDEN VISA GOLD, CAJA DE AHORRO EN DOLARES, CUENTA CORRIENTE INDIVIDUOS, DESCUBIERTO EN CTA CTE DE 70000 PESOS;Ciudad Autónoma de Buenos Aires;EXENCION DE: COMISION MANTENIMIENTO DE CUENTA TARJ DE CREDITO, COMISION SERV ANUAL RENOVACION TARJ DE CREDITO, COMISION MANTENIMIENTO C/A EN DOLARES, COMISION MANTENIMIENTO DE CTA CTE. PREST PERSONAL PREACORDADO SUJETO A POLITICA DE CREDITO CON TASA PREFERENCIAL, PUNTOS PAMPA CLUB, DESCUBIERTO EN CTA CTE DE 70000 PESOS
97;BANCO PROVINCIA DEL NEUQUÉN SOCIEDAD ANÓNIMA;2026-04-06;BPN CLASICO;BPN CLASICO;10715,76;357800;0;100;Empleados públicos;Básico;INCLUYE DOS TARJETAS DE CREDITO UNA OBLIGATORIA Y OTRA OPCIONAL;Ciudad Autónoma de Buenos Aires;
97;BANCO PROVINCIA DEL NEUQUÉN SOCIEDAD ANÓNIMA;2026-04-06;BPN SELECTO;BPN SELECTO;22260,37;999999;0;100;Beneficiarios de cuentas de          Seguridad Social;Premium gold;INCLUYE DOS TARJETAS DE CREDITO UNA AL MENOS GOLD CUENTA CORRIENTE Y ACUERDO EN CC OPCIONAL;Ciudad Autónoma de Buenos Aires;EL INGRESO MINIMO MENSUAL REQUERIDO ES DE 1700000
14;BANCO DE LA PROVINCIA DE BUENOS AIRES;2026-03-05;CONFIANZA;CONFIANZA;35500,00;1300000;12;100;MiPyMEs;Premium gold;CUENTA CORRIENTE PERSONAS HUMANAS EN PESOS, ACUERDO CON GIRO EN DESCUBIERTO: SE ENCUENTRA SUJETO A LA CALIFICACION CREDITICIA, TARJETA DE DEBITO, TARJETA DE CREDITO VISA Y MASTERCARD GOLD;Ciudad Autónoma de Buenos Aires;COMISION DE MANTENIMIENTO MENSUAL Y RENOVACION ANUAL DE LA TARJETA DE CREDITO BONIFICADAS. SE BONIFICARA POR 6 SEIS MESES EL 100 POR CIENTO  DE LA COMISION DE MANTENIMIENTO DEL PAQUETE. CUANDO EL CLIENTE HAYA OPERADO CON ADHESION DE COMERCIOS VISA O MASTERCARD O CUENTA DNI COMERCIOS EN EL MES DE FINALIZACION DE LA BONIFICACION INICIAL, SE EXTENDERA POR OTROS 6 SEIS MESES. APLICA A PAQUETES CON FECHA DE ALTA HASTA EL 31.12.2025 INCLUSIVE.
14;BANCO DE LA PROVINCIA DE BUENOS AIRES;2026-03-05;SOLIDEZ;SOLIDEZ;66000,00;3000000;12;100;MiPyMEs;Premium signature, black o similar;CUENTA CORRIENTE PERSONAS HUMANAS EN PESOS, ACUERDO CON GIRO EN DESCUBIERTO: SE ENCUENTRA SUJETO A LA CALIFICACION CREDITICIA, TARJETA DE DEBITO, TARJETA DE CREDITO VISA SIGNATURE Y MASTERCARD BLACK;Ciudad Autónoma de Buenos Aires;COMISION DE MANTENIMIENTO MENSUAL Y RENOVACION ANUAL DE LA TARJETA DE CREDITO BONIFICADAS. SE BONIFICARA POR 6 SEIS MESES EL 100 POR CIENTO  DE LA COMISION DE MANTENIMIENTO DEL PAQUETE. CUANDO EL CLIENTE HAYA OPERADO CON ADHESION DE COMERCIOS VISA O MASTERCARD O CUENTA DNI COMERCIOS EN EL MES DE FINALIZACION DE LA BONIFICACION INICIAL, SE EXTENDERA POR OTROS 6 SEIS MESES. APLICA A PAQUETES CON FECHA DE ALTA HASTA EL 31.12.2025 INCLUSIVE.
97;BANCO PROVINCIA DEL NEUQUÉN SOCIEDAD ANÓNIMA;2026-04-06;BPN UNICO;BPN UNICO;32654,27;999999;0;100;Personas humanas en relación de dependencia;Premium platinum;INCLUYE DOS TARJETAS DE CREDITO UNA AL MENOS PLATINUM CUENTA CORRIENTE Y ACUERDO EN CC OPCIONAL;Ciudad Autónoma de Buenos Aires;EL INGRESO MINIMO MENSUAL REQUERIDO ES DE 3000000
14;BANCO DE LA PROVINCIA DE BUENOS AIRES;2026-03-05;CONFIANZA;CONFIANZA;35500,00;1300000;12;100;Personas humanas Responsables Inscriptos;Premium gold;CUENTA CORRIENTE PERSONAS HUMANAS EN PESOS, ACUERDO CON GIRO EN DESCUBIERTO: SE ENCUENTRA SUJETO A LA CALIFICACION CREDITICIA, TARJETA DE DEBITO, TARJETA DE CREDITO VISA Y MASTERCARD GOLD;Ciudad Autónoma de Buenos Aires;COMISION DE MANTENIMIENTO MENSUAL Y RENOVACION ANUAL DE LA TARJETA DE CREDITO BONIFICADAS. SE BONIFICARA POR 6 SEIS MESES EL 100 POR CIENTO  DE LA COMISION DE MANTENIMIENTO DEL PAQUETE. CUANDO EL CLIENTE HAYA OPERADO CON ADHESION DE COMERCIOS VISA O MASTERCARD O CUENTA DNI COMERCIOS EN EL MES DE FINALIZACION DE LA BONIFICACION INICIAL, SE EXTENDERA POR OTROS 6 SEIS MESES. APLICA A PAQUETES CON FECHA DE ALTA HASTA EL 31.12.2025 INCLUSIVE.
14;BANCO DE LA PROVINCIA DE BUENOS AIRES;2026-03-05;INCLUSION;INCLUSION;24700,00;318000;0;100;MiPyMEs;Premium gold;CUENTA CORRIENTE PERSONAS HUMANAS EN PESOS, TARJETA DE DEBITO, TARJETA DE CREDITO VISA Y/O, DE ACUERDO A NIVEL DE INGRESOS, MASTERCARD EN SU VERSION INTERNACIONAL;Ciudad Autónoma de Buenos Aires;COMISION DE MANTENIMIENTO MENSUAL Y RENOVACION ANUAL DE LA TARJETA DE CREDITO BONIFICADAS. SE BONIFICARA POR 6 SEIS MESES EL 100 POR CIENTO  DE LA COMISION DE MANTENIMIENTO DEL PAQUETE. CUANDO EL CLIENTE HAYA OPERADO CON ADHESION DE COMERCIOS VISA O MASTERCARD O CUENTA DNI COMERCIOS EN EL MES DE FINALIZACION DE LA BONIFICACION INICIAL, SE EXTENDERA POR OTROS 6 SEIS MESES. APLICA A PAQUETES CON FECHA DE ALTA HASTA EL 31.12.2025 INCLUSIVE.
14;BANCO DE LA PROVINCIA DE BUENOS AIRES;2026-03-05;SOLIDEZ;SOLIDEZ;66000,00;3000000;12;100;Personas humanas Monotributistas;Premium signature, black o similar;CUENTA CORRIENTE PERSONAS HUMANAS EN PESOS, ACUERDO CON GIRO EN DESCUBIERTO: SE ENCUENTRA SUJETO A LA CALIFICACION CREDITICIA, TARJETA DE DEBITO, TARJETA DE CREDITO VISA SIGNATURE Y MASTERCARD BLACK;Ciudad Autónoma de Buenos Aires;COMISION DE MANTENIMIENTO MENSUAL Y RENOVACION ANUAL DE LA TARJETA DE CREDITO BONIFICADAS. SE BONIFICARA POR 6 SEIS MESES EL 100 POR CIENTO  DE LA COMISION DE MANTENIMIENTO DEL PAQUETE. CUANDO EL CLIENTE HAYA OPERADO CON ADHESION DE COMERCIOS VISA O MASTERCARD O CUENTA DNI COMERCIOS EN EL MES DE FINALIZACION DE LA BONIFICACION INICIAL, SE EXTENDERA POR OTROS 6 SEIS MESES. APLICA A PAQUETES CON FECHA DE ALTA HASTA EL 31.12.2025 INCLUSIVE.
93;BANCO DE LA PAMPA SA;2026-03-20;PAQUETE 2 DORADO;PAQ 2;35000,00;900000;24;83;Personas humanas Monotributistas;Premium gold;TARJETA CALDEN MASTERCARD GOLD Y/O CALDEN VISA GOLD, CAJA DE AHORRO EN DOLARES, CUENTA CORRIENTE INDIVIDUOS, DESCUBIERTO EN CTA CTE DE 70000 PESOS;Ciudad Autónoma de Buenos Aires;EXENCION DE: COMISION MANTENIMIENTO DE CUENTA TARJ DE CREDITO, COMISION SERV ANUAL RENOVACION TARJ DE CREDITO, COMISION MANTENIMIENTO C/A EN DOLARES, COMISION MANTENIMIENTO DE CTA CTE. PREST PERSONAL PREACORDADO SUJETO A POLITICA DE CREDITO CON TASA PREFERENCIAL, PUNTOS PAMPA CLUB, DESCUBIERTO EN CTA CTE DE 70000 PESOS
93;BANCO DE LA PAMPA SA;2026-03-20;PAQUETE 2 DORADO;PAQ 2;35000,00;900000;24;83;Personas humanas Responsables Inscriptos;Premium gold;TARJETA CALDEN MASTERCARD GOLD Y/O CALDEN VISA GOLD, CAJA DE AHORRO EN DOLARES, CUENTA CORRIENTE INDIVIDUOS, DESCUBIERTO EN CTA CTE DE 70000 PESOS;Ciudad Autónoma de Buenos Aires;EXENCION DE: COMISION MANTENIMIENTO DE CUENTA TARJ DE CREDITO, COMISION SERV ANUAL RENOVACION TARJ DE CREDITO, COMISION MANTENIMIENTO C/A EN DOLARES, COMISION MANTENIMIENTO DE CTA CTE. PREST PERSONAL PREACORDADO SUJETO A POLITICA DE CREDITO CON TASA PREFERENCIAL, PUNTOS PAMPA CLUB, DESCUBIERTO EN CTA CTE DE 70000 PESOS
93;BANCO DE LA PAMPA SA;2026-03-20;PAQUETE 2 DORADO;PAQ 2;35000,00;900000;6;83;Clientes que acrediten sueldos en la entidad;Premium gold;TARJETA CALDEN MASTERCARD GOLD Y/O CALDEN VISA GOLD, CAJA DE AHORRO EN DOLARES, CUENTA CORRIENTE INDIVIDUOS, DESCUBIERTO EN CTA CTE DE 70000 PESOS;Ciudad Autónoma de Buenos Aires;EXENCION DE: COMISION MANTENIMIENTO DE CUENTA TARJ DE CREDITO, COMISION SERV ANUAL RENOVACION TARJ DE CREDITO, COMISION MANTENIMIENTO C/A EN DOLARES, COMISION MANTENIMIENTO DE CTA CTE. PREST PERSONAL PREACORDADO SUJETO A POLITICA DE CREDITO CON TASA PREFERENCIAL, PUNTOS PAMPA CLUB, DESCUBIERTO EN CTA CTE DE 70000 PESOS
14;BANCO DE LA PROVINCIA DE BUENOS AIRES;2026-03-05;IMPULSO;IMPULSO;26000,00;500000;12;100;Empleados públicos;Básico;CUENTA CORRIENTE, TARJETA DE CREDITO VISA Y MASTERCARD INTERNACIONAL Y TARJETA DE DEBITO;Ciudad Autónoma de Buenos Aires;COMISION DE MANTENIMIENTO MENSUAL Y RENOVACION ANUAL DE LA TARJETA DE CREDITO BONIFICADAS. COMISION DE MANTENIMIENTO BASICO MENSUAL DEL PAQUETE BONIFICADO POR EL TERMINO DE 6 SEIS MESES. CUANDO EL CLIENTE HAYA RECIBIDO AL MENOS UNA ACREDITACION DE HABERES EN EL MES DE FINALIZACION DE LA BONIFICACION INICIAL, SE EXTENDERA POR OTROS 6 SEIS MESES. APLICA A PAQUETES CON FECHA DE ALTA HASTA EL 31.12.2025 INCLUSIVE.
93;BANCO DE LA PAMPA SA;2026-03-20;PAQUETE 4 BLACK;PAQ 4;70000,00;5400000;12;83;Clientes con cuenta en la entidad;Premium signature, black o similar;TARJETA CALDEN MASTERCARD BLACK Y/O CALDEN VISA BLACK, CAJA DE AHORRO EN DOLARES, CUENTA CORRIENTE INDIVIDUOS, DESCUBIERTO EN CUENTA CORRIENTE INDIVIDUOS DE 420000 PESOS;Ciudad Autónoma de Buenos Aires;EXENCION DE: COMISION MANTENIMIENTO DE CUENTA TARJ DE CREDITO, COMISION SERVICIO ANUAL RENOVACION TARJETAS DE CREDITO, COMISION MANTENIMIENTO C/A EN DOLARES, COMISION MANTENIMIENTO DE CTA CTE, COMISION ALTA DE ACUERDO, PRESTAMO PERSONAL PREACORDADO SUJETO A POLITICA DE CREDITO CON TASA PREFERENCIAL, PUNTOS PAMPA CLUB, DESCUBIERTO EN CTA CTE DE 420000 PESOS.
14;BANCO DE LA PROVINCIA DE BUENOS AIRES;2026-03-05;CRECIMIENTO;CRECIMIENTO;42000,00;1000000;0;100;Clientes que acrediten sueldos en la entidad;Premium gold;CUENTA CORRIENTE CON ACUERDO DE GIRO EN DESCUBIERTO SUJETO A EVALUACION CREDITICIA, TARJETA DE CREDITO VISA Y MASTERCARD GOLD Y TARJETA DE DEBITO;Ciudad Autónoma de Buenos Aires;COMISION DE MANTENIMIENTO MENSUAL Y RENOVACION ANUAL DE LA TARJETA DE CREDITO BONIFICADAS. COMISION DE MANTENIMIENTO BASICO MENSUAL DEL PAQUETE BONIFICADO POR EL TERMINO DE 6 SEIS MESES. CUANDO EL CLIENTE HAYA RECIBIDO AL MENOS UNA ACREDITACION DE HABERES EN EL MES DE FINALIZACION DE LA BONIFICACION INICIAL, SE EXTENDERA POR OTROS 6 SEIS MESES. APLICA A PAQUETES CON FECHA DE ALTA HASTA EL 31.12.2025 INCLUSIVE.
29;BANCO DE LA CIUDAD DE BUENOS AIRES;2026-01-23;PAQUETE PRODUCTOS - CUENTA CIUDAD- CLIENTELA GENERAL;CUENTA CIUDAD;26734,00;334800;0;100;Empleados públicos;Básico;1 CAJA DE AHORRO EN DOLARES 1 CUENTA CORRIENTE CON ACUERDO 1 TARJETA DE DEBITO 1 TARJETA DE CREDITO VISA INTERNACIONAL;Ciudad Autónoma de Buenos Aires;0
29;BANCO DE LA CIUDAD DE BUENOS AIRES;2026-01-23;PAQUETE PRODUCTOS - CUENTA CIUDAD- CLIENTELA GENERAL;CUENTA CIUDAD;26734,00;334800;0;100;Beneficiarios de cuentas de          Seguridad Social;Básico;1 CAJA DE AHORRO EN DOLARES 1 CUENTA CORRIENTE CON ACUERDO 1 TARJETA DE DEBITO 1 TARJETA DE CREDITO VISA INTERNACIONAL;Ciudad Autónoma de Buenos Aires;0
29;BANCO DE LA CIUDAD DE BUENOS AIRES;2026-01-23;PAQUETE PRODUCTOS - CUENTA CIUDAD- CLIENTELA GENERAL;CUENTA CIUDAD;26734,00;334800;0;100;Clientes que acrediten sueldos en la entidad;Básico;1 CAJA DE AHORRO EN DOLARES 1 CUENTA CORRIENTE CON ACUERDO 1 TARJETA DE DEBITO 1 TARJETA DE CREDITO VISA INTERNACIONAL;Ciudad Autónoma de Buenos Aires;0
97;BANCO PROVINCIA DEL NEUQUÉN SOCIEDAD ANÓNIMA;2026-04-06;BPN UNICO MAS;BPN UNICO MAS;42437,12;999999;0;100;Clientes que acrediten sueldos en la entidad;Premium signature, black o similar;INCLUYE DOS TARJETAS DE CREDITO UNA AL MENOS BLACK CUENTA CORRIENTE Y ACUERDO EN CC OPCIONAL;Ciudad Autónoma de Buenos Aires;EL INGRESO MINIMO MENSUAL REQUERIDO ES DE 4000000
97;BANCO PROVINCIA DEL NEUQUÉN SOCIEDAD ANÓNIMA;2026-04-06;BPN UNICO;BPN UNICO;32654,27;999999;12;100;Personas humanas Monotributistas;Premium signature, black o similar;INCLUYE DOS TARJETAS DE CREDITO UNA AL MENOS PLATINUM CUENTA CORRIENTE Y ACUERDO EN CC OPCIONAL;Ciudad Autónoma de Buenos Aires;EL INGRESO MINIMO MENSUAL REQUERIDO ES DE 3000000
97;BANCO PROVINCIA DEL NEUQUÉN SOCIEDAD ANÓNIMA;2026-04-06;BPN SELECTO;BPN SELECTO;22260,37;999999;12;100;Personas humanas Responsables Inscriptos;Premium gold;INCLUYE DOS TARJETAS DE CREDITO UNA AL MENOS GOLD CUENTA CORRIENTE Y ACUERDO EN CC OPCIONAL;Ciudad Autónoma de Buenos Aires;EL INGRESO MINIMO MENSUAL REQUERIDO ES DE 1700000
97;BANCO PROVINCIA DEL NEUQUÉN SOCIEDAD ANÓNIMA;2026-04-06;BPN UNICO MAS;BPN UNICO MAS;42437,12;999999;0;100;Beneficiarios de cuentas de          Seguridad Social;Premium signature, black o similar;INCLUYE DOS TARJETAS DE CREDITO UNA AL MENOS BLACK CUENTA CORRIENTE Y ACUERDO EN CC OPCIONAL;Ciudad Autónoma de Buenos Aires;EL INGRESO MINIMO MENSUAL REQUERIDO ES DE 4000000
97;BANCO PROVINCIA DEL NEUQUÉN SOCIEDAD ANÓNIMA;2026-04-06;BPN UNICO MAS;BPN UNICO MAS;42437,12;999999;0;100;Empleados públicos;Premium signature, black o similar;INCLUYE DOS TARJETAS DE CREDITO UNA AL MENOS BLACK CUENTA CORRIENTE Y ACUERDO EN CC OPCIONAL;Ciudad Autónoma de Buenos Aires;EL INGRESO MINIMO MENSUAL REQUERIDO ES DE 4000000
93;BANCO DE LA PAMPA SA;2026-03-20;PAQUETE 4 BLACK;PAQ 4;70000,00;5400000;12;83;Empleados públicos;Premium signature, black o similar;TARJETA CALDEN MASTERCARD BLACK Y/O CALDEN VISA BLACK, CAJA DE AHORRO EN DOLARES, CUENTA CORRIENTE INDIVIDUOS, DESCUBIERTO EN CUENTA CORRIENTE INDIVIDUOS DE 420000 PESOS;Ciudad Autónoma de Buenos Aires;EXENCION DE: COMISION MANTENIMIENTO DE CUENTA TARJ DE CREDITO, COMISION SERVICIO ANUAL RENOVACION TARJETAS DE CREDITO, COMISION MANTENIMIENTO C/A EN DOLARES, COMISION MANTENIMIENTO DE CTA CTE, COMISION ALTA DE ACUERDO, PRESTAMO PERSONAL PREACORDADO SUJETO A POLITICA DE CREDITO CON TASA PREFERENCIAL, PUNTOS PAMPA CLUB, DESCUBIERTO EN CTA CTE DE 420000 PESOS.
97;BANCO PROVINCIA DEL NEUQUÉN SOCIEDAD ANÓNIMA;2026-04-06;BPN SELECTO;BPN SELECTO;22260,37;999999;0;100;Empleados públicos;Premium gold;INCLUYE DOS TARJETAS DE CREDITO UNA AL MENOS GOLD CUENTA CORRIENTE Y ACUERDO EN CC OPCIONAL;Ciudad Autónoma de Buenos Aires;EL INGRESO MINIMO MENSUAL REQUERIDO ES DE 1700000
97;BANCO PROVINCIA DEL NEUQUÉN SOCIEDAD ANÓNIMA;2026-04-06;BPN UNICO MAS;BPN UNICO MAS;42437,12;999999;0;100;Personas humanas en relación de dependencia;Premium signature, black o similar;INCLUYE DOS TARJETAS DE CREDITO UNA AL MENOS BLACK CUENTA CORRIENTE Y ACUERDO EN CC OPCIONAL;Ciudad Autónoma de Buenos Aires;EL INGRESO MINIMO MENSUAL REQUERIDO ES DE 4000000
97;BANCO PROVINCIA DEL NEUQUÉN SOCIEDAD ANÓNIMA;2026-04-06;BPN PLUS;BPN PLUS;16328,95;715000;0;100;Clientes que acrediten sueldos en la entidad;Básico;INCLUYE DOS TARJETAS DE CREDITO UNA AL MENOS INTERNACIONAL CUENTA CORRIENTE Y ACUERDO EN CC OPCIONAL;Ciudad Autónoma de Buenos Aires;
14;BANCO DE LA PROVINCIA DE BUENOS AIRES;2026-03-05;LOGROS;LOGROS;85000,00;3000000;12;100;Empleados públicos;Premium signature, black o similar;CUENTA CORRIENTE CON ACUERDO DE GIRO EN DESCUBIERTO SUJETO A EVALUACION CREDITICIA, TARJETA DE CREDITO VISA SIGNATURE Y MASTERCARD BLACK Y TARJETA DE DEBITO;Ciudad Autónoma de Buenos Aires;COMISION DE MANTENIMIENTO MENSUAL Y RENOVACION ANUAL DE LA TARJETA DE CREDITO BONIFICADAS. COMISION DE MANTENIMIENTO BASICO MENSUAL DEL PAQUETE BONIFICADO POR EL TERMINO DE 6 SEIS MESES. CUANDO EL CLIENTE HAYA RECIBIDO AL MENOS UNA ACREDITACION DE HABERES EN EL MES DE FINALIZACION DE LA BONIFICACION INICIAL, SE EXTENDERA POR OTROS 6 SEIS MESES. APLICA A PAQUETES CON FECHA DE ALTA HASTA EL 31.12.2025 INCLUSIVE.
93;BANCO DE LA PAMPA SA;2026-03-20;PAQUETE 1 INTERNACIONAL;PAQ 1;23000,00;380000;12;83;Personas humanas en relación de dependencia;Básico;TARJETA CALDEN MASTERCARD INTERNACIONAL Y/O CALDEN VISA INTERNACIONAL, CAJA DE AHORRO EN DOLARES;Ciudad Autónoma de Buenos Aires;EXENCION DE: COMISION MANTENIMIENTO DE CUENTA TARJ DE CREDITO,  COMISION SERVICIO ANUAL RENOVACION TARJ DE CREDITO, COMISION MANTENIMIENTO C/A EN DOLARES. PREST PERSONAL PREACORDADO SUJETO A POLITICA DE CREDITO CON TASA PREFERENCIAL, PUNTOS PAMPA CLUB
14;BANCO DE LA PROVINCIA DE BUENOS AIRES;2026-03-05;LOGROS;LOGROS;85000,00;3000000;12;100;Personas humanas Responsables Inscriptos;Premium signature, black o similar;CUENTA CORRIENTE CON ACUERDO DE GIRO EN DESCUBIERTO SUJETO A EVALUACION CREDITICIA, TARJETA DE CREDITO VISA SIGNATURE Y MASTERCARD BLACK Y TARJETA DE DEBITO;Ciudad Autónoma de Buenos Aires;COMISION DE MANTENIMIENTO MENSUAL Y RENOVACION ANUAL DE LA TARJETA DE CREDITO BONIFICADAS. COMISION DE MANTENIMIENTO BASICO MENSUAL DEL PAQUETE BONIFICADO POR EL TERMINO DE 6 SEIS MESES. CUANDO EL CLIENTE HAYA RECIBIDO AL MENOS UNA ACREDITACION DE HABERES EN EL MES DE FINALIZACION DE LA BONIFICACION INICIAL, SE EXTENDERA POR OTROS 6 SEIS MESES. APLICA A PAQUETES CON FECHA DE ALTA HASTA EL 31.12.2025 INCLUSIVE.
97;BANCO PROVINCIA DEL NEUQUÉN SOCIEDAD ANÓNIMA;2026-04-06;BPN CLASICO;BPN CLASICO;10715,76;357800;12;100;Personas humanas Monotributistas;Básico;INCLUYE DOS TARJETAS DE CREDITO UNA OBLIGATORIA Y OTRA OPCIONAL;Ciudad Autónoma de Buenos Aires;
97;BANCO PROVINCIA DEL NEUQUÉN SOCIEDAD ANÓNIMA;2026-04-06;BPN CLASICO;BPN CLASICO;10715,76;357800;0;100;Personas humanas en relación de dependencia;Básico;INCLUYE DOS TARJETAS DE CREDITO UNA OBLIGATORIA Y OTRA OPCIONAL;Ciudad Autónoma de Buenos Aires;
14;BANCO DE LA PROVINCIA DE BUENOS AIRES;2026-03-05;EVOLUCION;EVOLUCION;60000,00;1500000;0;100;Clientes que acrediten sueldos en la entidad;Premium platinum;CUENTA CORRIENTE CON ACUERDO DE GIRO EN DESCUBIERTO SUJETO A EVALUACION CREDITICIA, TARJETA DE CREDITO VISA Y MASTERCARD PLATINUM Y TARJETA DE DEBITO;Ciudad Autónoma de Buenos Aires;COMISION DE MANTENIMIENTO MENSUAL Y RENOVACION ANUAL DE LA TARJETA DE CREDITO BONIFICADAS. COMISION DE MANTENIMIENTO BASICO MENSUAL DEL PAQUETE BONIFICADO POR EL TERMINO DE 6 SEIS MESES. CUANDO EL CLIENTE HAYA RECIBIDO AL MENOS UNA ACREDITACION DE HABERES EN EL MES DE FINALIZACION DE LA BONIFICACION INICIAL, SE EXTENDERA POR OTROS 6 SEIS MESES. APLICA A PAQUETES CON FECHA DE ALTA HASTA EL 31.12.2025 INCLUSIVE.
14;BANCO DE LA PROVINCIA DE BUENOS AIRES;2026-03-05;EXPERIENCIA;EXPERIENCIA;47000,00;2000000;12;100;Personas humanas Monotributistas;Premium platinum;CUENTA CORRIENTE PERSONAS HUMANAS EN PESOS, ACUERDO CON GIRO EN DESCUBIERTO: SE ENCUENTRA SUJETO A LA CALIFICACION CREDITICIA, TARJETA DE DEBITO, TARJETA DE CREDITO VISA Y MASTERCARD PLATINUM;Ciudad Autónoma de Buenos Aires;COMISION DE MANTENIMIENTO MENSUAL Y RENOVACION ANUAL DE LA TARJETA DE CREDITO BONIFICADAS. SE BONIFICARA POR 6 SEIS MESES EL 100 POR CIENTO  DE LA COMISION DE MANTENIMIENTO DEL PAQUETE. CUANDO EL CLIENTE HAYA OPERADO CON ADHESION DE COMERCIOS VISA O MASTERCARD O CUENTA DNI COMERCIOS EN EL MES DE FINALIZACION DE LA BONIFICACION INICIAL, SE EXTENDERA POR OTROS 6 SEIS MESES. APLICA A PAQUETES CON FECHA DE ALTA HASTA EL 31.12.2025 INCLUSIVE.
97;BANCO PROVINCIA DEL NEUQUÉN SOCIEDAD ANÓNIMA;2026-04-06;BPN UNICO MAS;BPN UNICO MAS;42437,12;999999;12;100;Personas humanas Responsables Inscriptos;Premium signature, black o similar;INCLUYE DOS TARJETAS DE CREDITO UNA AL MENOS BLACK CUENTA CORRIENTE Y ACUERDO EN CC OPCIONAL;Ciudad Autónoma de Buenos Aires;EL INGRESO MINIMO MENSUAL REQUERIDO ES DE 4000000
93;BANCO DE LA PAMPA SA;2026-03-20;PAQUETE 3 PLATINO;PAQ 3;52000,00;2250000;6;83;Beneficiarios de cuentas de          Seguridad Social;Premium platinum;TARJETA CALDEN MASTERCARD PLATINUM Y/O CALDEN VISA PLATINUM, CAJA DE AHORRO EN DOLARES, CUENTA CORRIENTE INDIVIDUOS, DESCUBIERTO EN CUENTA CORRIENTE INDIVIDUOS DE 175000 PESOS;Ciudad Autónoma de Buenos Aires;EXENCION DE: COMISION MANTENIMIENTO DE CUENTA TARJ DE CREDITO, COMISION SERV ANUAL RENOVACION TARJ DE CREDITO, COMISION MANTENIMIENTO C/A EN DOLARES, COMISION MANTENIMIENTO DE CTA CTE, COMISION ALTA DE ACUERDO. PREST PERSONAL PREACORDADO SUJETO A POLITICA DE CREDITO CON TASA PREFERENCIAL, PUNTOS PAMPA CLUB, DESCUBIERTO EN CTA CTE DE 175000 PESOS.
93;BANCO DE LA PAMPA SA;2026-03-20;PAQUETE 3 PLATINO;PAQ 3;52000,00;2250000;6;83;Clientes que acrediten sueldos en la entidad;Premium platinum;TARJETA CALDEN MASTERCARD PLATINUM Y/O CALDEN VISA PLATINUM, CAJA DE AHORRO EN DOLARES, CUENTA CORRIENTE INDIVIDUOS, DESCUBIERTO EN CUENTA CORRIENTE INDIVIDUOS DE 175000 PESOS;Ciudad Autónoma de Buenos Aires;EXENCION DE: COMISION MANTENIMIENTO DE CUENTA TARJ DE CREDITO, COMISION SERV ANUAL RENOVACION TARJ DE CREDITO, COMISION MANTENIMIENTO C/A EN DOLARES, COMISION MANTENIMIENTO DE CTA CTE, COMISION ALTA DE ACUERDO. PREST PERSONAL PREACORDADO SUJETO A POLITICA DE CREDITO CON TASA PREFERENCIAL, PUNTOS PAMPA CLUB, DESCUBIERTO EN CTA CTE DE 175000 PESOS.
97;BANCO PROVINCIA DEL NEUQUÉN SOCIEDAD ANÓNIMA;2026-04-06;BPN UNICO MAS;BPN UNICO MAS;42437,12;999999;12;100;Personas humanas Monotributistas;Premium platinum;INCLUYE DOS TARJETAS DE CREDITO UNA AL MENOS BLACK CUENTA CORRIENTE Y ACUERDO EN CC OPCIONAL;Ciudad Autónoma de Buenos Aires;EL INGRESO MINIMO MENSUAL REQUERIDO ES DE 4000000
29;BANCO DE LA CIUDAD DE BUENOS AIRES;2026-01-23;PAQUETE PRODUCTOS - CUENTA CIUDAD- CLIENTELA GENERAL;CUENTA CIUDAD;26734,00;334800;0;100;Personas humanas en relación de dependencia;Básico;1 CAJA DE AHORRO EN DOLARES 1 CUENTA CORRIENTE CON ACUERDO 1 TARJETA DE DEBITO 1 TARJETA DE CREDITO VISA INTERNACIONAL;Ciudad Autónoma de Buenos Aires;0
93;BANCO DE LA PAMPA SA;2026-03-20;PAQUETE 3 PLATINO;PAQ 3;52000,00;2250000;24;83;Personas humanas Monotributistas;Premium platinum;TARJETA CALDEN MASTERCARD PLATINUM Y/O CALDEN VISA PLATINUM, CAJA DE AHORRO EN DOLARES, CUENTA CORRIENTE INDIVIDUOS, DESCUBIERTO EN CUENTA CORRIENTE INDIVIDUOS DE 175000 PESOS;Ciudad Autónoma de Buenos Aires;EXENCION DE: COMISION MANTENIMIENTO DE CUENTA TARJ DE CREDITO, COMISION SERV ANUAL RENOVACION TARJ DE CREDITO, COMISION MANTENIMIENTO C/A EN DOLARES, COMISION MANTENIMIENTO DE CTA CTE, COMISION ALTA DE ACUERDO. PREST PERSONAL PREACORDADO SUJETO A POLITICA DE CREDITO CON TASA PREFERENCIAL, PUNTOS PAMPA CLUB, DESCUBIERTO EN CTA CTE DE 175000 PESOS.
97;BANCO PROVINCIA DEL NEUQUÉN SOCIEDAD ANÓNIMA;2026-04-06;BPN UNICO;BPN UNICO;32654,27;999999;0;100;Beneficiarios de cuentas de          Seguridad Social;Premium platinum;INCLUYE DOS TARJETAS DE CREDITO UNA AL MENOS PLATINUM CUENTA CORRIENTE Y ACUERDO EN CC OPCIONAL;Ciudad Autónoma de Buenos Aires;EL INGRESO MINIMO MENSUAL REQUERIDO ES DE 3000000
97;BANCO PROVINCIA DEL NEUQUÉN SOCIEDAD ANÓNIMA;2026-04-06;BPN UNICO;BPN UNICO;32654,27;999999;0;100;Clientes con cuenta en la entidad;Premium platinum;INCLUYE DOS TARJETAS DE CREDITO UNA AL MENOS PLATINUM CUENTA CORRIENTE Y ACUERDO EN CC OPCIONAL;Ciudad Autónoma de Buenos Aires;EL INGRESO MINIMO MENSUAL REQUERIDO ES DE 3000000
97;BANCO PROVINCIA DEL NEUQUÉN SOCIEDAD ANÓNIMA;2026-04-06;BPN PLUS;BPN PLUS;16328,95;715000;0;100;Personas humanas en relación de dependencia;Básico;INCLUYE DOS TARJETAS DE CREDITO UNA AL MENOS INTERNACIONAL CUENTA CORRIENTE Y ACUERDO EN CC OPCIONAL;Ciudad Autónoma de Buenos Aires;
29;BANCO DE LA CIUDAD DE BUENOS AIRES;2026-01-23;PAQUETE PRODUCTOS - CUENTA CIUDAD- CLIENTELA GENERAL;CUENTA CIUDAD;26734,00;334800;0;100;Personas humanas Monotributistas;Básico;1 CAJA DE AHORRO EN DOLARES 1 CUENTA CORRIENTE CON ACUERDO 1 TARJETA DE DEBITO 1 TARJETA DE CREDITO VISA INTERNACIONAL;Ciudad Autónoma de Buenos Aires;0
93;BANCO DE LA PAMPA SA;2026-03-20;PAQUETE 1 INTERNACIONAL;PAQ 1;23000,00;380000;6;83;Clientes que acrediten sueldos en la entidad;Básico;TARJETA CALDEN MASTERCARD INTERNACIONAL Y/O CALDEN VISA INTERNACIONAL, CAJA DE AHORRO EN DOLARES;Ciudad Autónoma de Buenos Aires;EXENCION DE: COMISION MANTENIMIENTO DE CUENTA TARJ DE CREDITO,  COMISION SERVICIO ANUAL RENOVACION TARJ DE CREDITO, COMISION MANTENIMIENTO C/A EN DOLARES. PREST PERSONAL PREACORDADO SUJETO A POLITICA DE CREDITO CON TASA PREFERENCIAL, PUNTOS PAMPA CLUB
97;BANCO PROVINCIA DEL NEUQUÉN SOCIEDAD ANÓNIMA;2026-04-06;BPN UNICO MAS;BPN UNICO MAS;42437,12;999999;0;100;Clientes con cuenta en la entidad;Premium platinum;INCLUYE DOS TARJETAS DE CREDITO UNA AL MENOS BLACK CUENTA CORRIENTE Y ACUERDO EN CC OPCIONAL;Ciudad Autónoma de Buenos Aires;EL INGRESO MINIMO MENSUAL REQUERIDO ES DE 4000000
93;BANCO DE LA PAMPA SA;2026-03-20;PAQUETE 1 INTERNACIONAL;PAQ 1;23000,00;380000;24;83;Personas humanas Responsables Inscriptos;Básico;TARJETA CALDEN MASTERCARD INTERNACIONAL Y/O CALDEN VISA INTERNACIONAL, CAJA DE AHORRO EN DOLARES;Ciudad Autónoma de Buenos Aires;EXENCION DE: COMISION MANTENIMIENTO DE CUENTA TARJ DE CREDITO,  COMISION SERVICIO ANUAL RENOVACION TARJ DE CREDITO, COMISION MANTENIMIENTO C/A EN DOLARES. PREST PERSONAL PREACORDADO SUJETO A POLITICA DE CREDITO CON TASA PREFERENCIAL, PUNTOS PAMPA CLUB
93;BANCO DE LA PAMPA SA;2026-03-20;PAQUETE 3 PLATINO;PAQ 3;52000,00;2250000;12;83;Clientes con cuenta en la entidad;Premium platinum;TARJETA CALDEN MASTERCARD PLATINUM Y/O CALDEN VISA PLATINUM, CAJA DE AHORRO EN DOLARES, CUENTA CORRIENTE INDIVIDUOS, DESCUBIERTO EN CUENTA CORRIENTE INDIVIDUOS DE 175000 PESOS;Ciudad Autónoma de Buenos Aires;EXENCION DE: COMISION MANTENIMIENTO DE CUENTA TARJ DE CREDITO, COMISION SERV ANUAL RENOVACION TARJ DE CREDITO, COMISION MANTENIMIENTO C/A EN DOLARES, COMISION MANTENIMIENTO DE CTA CTE, COMISION ALTA DE ACUERDO. PREST PERSONAL PREACORDADO SUJETO A POLITICA DE CREDITO CON TASA PREFERENCIAL, PUNTOS PAMPA CLUB, DESCUBIERTO EN CTA CTE DE 175000 PESOS.
93;BANCO DE LA PAMPA SA;2026-03-20;PAQUETE 4 BLACK;PAQ 4;70000,00;5400000;24;83;Personas humanas Monotributistas;Premium signature, black o similar;TARJETA CALDEN MASTERCARD BLACK Y/O CALDEN VISA BLACK, CAJA DE AHORRO EN DOLARES, CUENTA CORRIENTE INDIVIDUOS, DESCUBIERTO EN CUENTA CORRIENTE INDIVIDUOS DE 420000 PESOS;Ciudad Autónoma de Buenos Aires;EXENCION DE: COMISION MANTENIMIENTO DE CUENTA TARJ DE CREDITO, COMISION SERVICIO ANUAL RENOVACION TARJETAS DE CREDITO, COMISION MANTENIMIENTO C/A EN DOLARES, COMISION MANTENIMIENTO DE CTA CTE, COMISION ALTA DE ACUERDO, PRESTAMO PERSONAL PREACORDADO SUJETO A POLITICA DE CREDITO CON TASA PREFERENCIAL, PUNTOS PAMPA CLUB, DESCUBIERTO EN CTA CTE DE 420000 PESOS.
14;BANCO DE LA PROVINCIA DE BUENOS AIRES;2026-03-05;EXPERIENCIA;EXPERIENCIA;47000,00;2000000;12;100;Personas humanas Responsables Inscriptos;Premium platinum;CUENTA CORRIENTE PERSONAS HUMANAS EN PESOS, ACUERDO CON GIRO EN DESCUBIERTO: SE ENCUENTRA SUJETO A LA CALIFICACION CREDITICIA, TARJETA DE DEBITO, TARJETA DE CREDITO VISA Y MASTERCARD PLATINUM;Ciudad Autónoma de Buenos Aires;COMISION DE MANTENIMIENTO MENSUAL Y RENOVACION ANUAL DE LA TARJETA DE CREDITO BONIFICADAS. SE BONIFICARA POR 6 SEIS MESES EL 100 POR CIENTO  DE LA COMISION DE MANTENIMIENTO DEL PAQUETE. CUANDO EL CLIENTE HAYA OPERADO CON ADHESION DE COMERCIOS VISA O MASTERCARD O CUENTA DNI COMERCIOS EN EL MES DE FINALIZACION DE LA BONIFICACION INICIAL, SE EXTENDERA POR OTROS 6 SEIS MESES. APLICA A PAQUETES CON FECHA DE ALTA HASTA EL 31.12.2025 INCLUSIVE.
97;BANCO PROVINCIA DEL NEUQUÉN SOCIEDAD ANÓNIMA;2026-04-06;BPN CLASICO;BPN CLASICO;10715,76;357800;0;100;Clientes que acrediten sueldos en la entidad;Básico;INCLUYE DOS TARJETAS DE CREDITO UNA OBLIGATORIA Y OTRA OPCIONAL;Ciudad Autónoma de Buenos Aires;
97;BANCO PROVINCIA DEL NEUQUÉN SOCIEDAD ANÓNIMA;2026-04-06;BPN UNICO;BPN UNICO;32654,27;999999;12;100;Personas humanas Responsables Inscriptos;Premium signature, black o similar;INCLUYE DOS TARJETAS DE CREDITO UNA AL MENOS PLATINUM CUENTA CORRIENTE Y ACUERDO EN CC OPCIONAL;Ciudad Autónoma de Buenos Aires;EL INGRESO MINIMO MENSUAL REQUERIDO ES DE 3000000
93;BANCO DE LA PAMPA SA;2026-03-20;PAQUETE 4 BLACK;PAQ 4;70000,00;5400000;24;83;Personas humanas Responsables Inscriptos;Premium signature, black o similar;TARJETA CALDEN MASTERCARD BLACK Y/O CALDEN VISA BLACK, CAJA DE AHORRO EN DOLARES, CUENTA CORRIENTE INDIVIDUOS, DESCUBIERTO EN CUENTA CORRIENTE INDIVIDUOS DE 420000 PESOS;Ciudad Autónoma de Buenos Aires;EXENCION DE: COMISION MANTENIMIENTO DE CUENTA TARJ DE CREDITO, COMISION SERVICIO ANUAL RENOVACION TARJETAS DE CREDITO, COMISION MANTENIMIENTO C/A EN DOLARES, COMISION MANTENIMIENTO DE CTA CTE, COMISION ALTA DE ACUERDO, PRESTAMO PERSONAL PREACORDADO SUJETO A POLITICA DE CREDITO CON TASA PREFERENCIAL, PUNTOS PAMPA CLUB, DESCUBIERTO EN CTA CTE DE 420000 PESOS.
97;BANCO PROVINCIA DEL NEUQUÉN SOCIEDAD ANÓNIMA;2026-04-06;BPN PLUS;BPN PLUS;16328,95;715000;12;100;Personas humanas Responsables Inscriptos;Básico;INCLUYE DOS TARJETAS DE CREDITO UNA AL MENOS INTERNACIONAL CUENTA CORRIENTE Y ACUERDO EN CC OPCIONAL;Ciudad Autónoma de Buenos Aires;
14;BANCO DE LA PROVINCIA DE BUENOS AIRES;2026-03-05;IMPULSO;IMPULSO;26000,00;500000;12;100;Personas humanas Monotributistas;Básico;CUENTA CORRIENTE, TARJETA DE CREDITO VISA Y MASTERCARD INTERNACIONAL Y TARJETA DE DEBITO;Ciudad Autónoma de Buenos Aires;COMISION DE MANTENIMIENTO MENSUAL Y RENOVACION ANUAL DE LA TARJETA DE CREDITO BONIFICADAS. COMISION DE MANTENIMIENTO BASICO MENSUAL DEL PAQUETE BONIFICADO POR EL TERMINO DE 6 SEIS MESES. CUANDO EL CLIENTE HAYA RECIBIDO AL MENOS UNA ACREDITACION DE HABERES EN EL MES DE FINALIZACION DE LA BONIFICACION INICIAL, SE EXTENDERA POR OTROS 6 SEIS MESES. APLICA A PAQUETES CON FECHA DE ALTA HASTA EL 31.12.2025 INCLUSIVE.
14;BANCO DE LA PROVINCIA DE BUENOS AIRES;2026-03-05;IMPULSO;IMPULSO;26000,00;500000;12;100;Personas humanas en relación de dependencia;Básico;CUENTA CORRIENTE, TARJETA DE CREDITO VISA Y MASTERCARD INTERNACIONAL Y TARJETA DE DEBITO;Ciudad Autónoma de Buenos Aires;COMISION DE MANTENIMIENTO MENSUAL Y RENOVACION ANUAL DE LA TARJETA DE CREDITO BONIFICADAS. COMISION DE MANTENIMIENTO BASICO MENSUAL DEL PAQUETE BONIFICADO POR EL TERMINO DE 6 SEIS MESES. CUANDO EL CLIENTE HAYA RECIBIDO AL MENOS UNA ACREDITACION DE HABERES EN EL MES DE FINALIZACION DE LA BONIFICACION INICIAL, SE EXTENDERA POR OTROS 6 SEIS MESES. APLICA A PAQUETES CON FECHA DE ALTA HASTA EL 31.12.2025 INCLUSIVE.
97;BANCO PROVINCIA DEL NEUQUÉN SOCIEDAD ANÓNIMA;2026-04-06;BPN UNICO MAS;BPN UNICO MAS;42437,12;999999;12;100;Personas humanas Responsables Inscriptos;Premium platinum;INCLUYE DOS TARJETAS DE CREDITO UNA AL MENOS BLACK CUENTA CORRIENTE Y ACUERDO EN CC OPCIONAL;Ciudad Autónoma de Buenos Aires;EL INGRESO MINIMO MENSUAL REQUERIDO ES DE 4000000
93;BANCO DE LA PAMPA SA;2026-03-20;PAQUETE 1 INTERNACIONAL;PAQ 1;23000,00;380000;24;83;Personas humanas Monotributistas;Básico;TARJETA CALDEN MASTERCARD INTERNACIONAL Y/O CALDEN VISA INTERNACIONAL, CAJA DE AHORRO EN DOLARES;Ciudad Autónoma de Buenos Aires;EXENCION DE: COMISION MANTENIMIENTO DE CUENTA TARJ DE CREDITO,  COMISION SERVICIO ANUAL RENOVACION TARJ DE CREDITO, COMISION MANTENIMIENTO C/A EN DOLARES. PREST PERSONAL PREACORDADO SUJETO A POLITICA DE CREDITO CON TASA PREFERENCIAL, PUNTOS PAMPA CLUB
97;BANCO PROVINCIA DEL NEUQUÉN SOCIEDAD ANÓNIMA;2026-04-06;BPN UNICO;BPN UNICO;32654,27;999999;0;100;Clientes que acrediten sueldos en la entidad;Premium platinum;INCLUYE DOS TARJETAS DE CREDITO UNA AL MENOS PLATINUM CUENTA CORRIENTE Y ACUERDO EN CC OPCIONAL;Ciudad Autónoma de Buenos Aires;EL INGRESO MINIMO MENSUAL REQUERIDO ES DE 3000000
14;BANCO DE LA PROVINCIA DE BUENOS AIRES;2026-03-05;EVOLUCION;EVOLUCION;60000,00;2000000;12;100;Personas humanas Monotributistas;Premium platinum;CUENTA CORRIENTE CON ACUERDO DE GIRO EN DESCUBIERTO SUJETO A EVALUACION CREDITICIA, TARJETA DE CREDITO VISA Y MASTERCARD PLATINUM Y TARJETA DE DEBITO;Ciudad Autónoma de Buenos Aires;COMISION DE MANTENIMIENTO MENSUAL Y RENOVACION ANUAL DE LA TARJETA DE CREDITO BONIFICADAS. COMISION DE MANTENIMIENTO BASICO MENSUAL DEL PAQUETE BONIFICADO POR EL TERMINO DE 6 SEIS MESES. CUANDO EL CLIENTE HAYA RECIBIDO AL MENOS UNA ACREDITACION DE HABERES EN EL MES DE FINALIZACION DE LA BONIFICACION INICIAL, SE EXTENDERA POR OTROS 6 SEIS MESES. APLICA A PAQUETES CON FECHA DE ALTA HASTA EL 31.12.2025 INCLUSIVE.
29;BANCO DE LA CIUDAD DE BUENOS AIRES;2026-01-23;PAQUETE PRODUCTOS - CUENTA CIUDAD- CLIENTELA GENERAL;CUENTA CIUDAD;26734,00;334800;0;100;Personas humanas Responsables Inscriptos;Básico;1 CAJA DE AHORRO EN DOLARES 1 CUENTA CORRIENTE CON ACUERDO 1 TARJETA DE DEBITO 1 TARJETA DE CREDITO VISA INTERNACIONAL;Ciudad Autónoma de Buenos Aires;0
97;BANCO PROVINCIA DEL NEUQUÉN SOCIEDAD ANÓNIMA;2026-04-06;BPN UNICO MAS;BPN UNICO MAS;42437,12;999999;0;100;Beneficiarios de cuentas de          Seguridad Social;Premium platinum;INCLUYE DOS TARJETAS DE CREDITO UNA AL MENOS BLACK CUENTA CORRIENTE Y ACUERDO EN CC OPCIONAL;Ciudad Autónoma de Buenos Aires;EL INGRESO MINIMO MENSUAL REQUERIDO ES DE 4000000
14;BANCO DE LA PROVINCIA DE BUENOS AIRES;2026-03-05;SOLIDEZ;SOLIDEZ;66000,00;3000000;12;100;Personas humanas Responsables Inscriptos;Premium signature, black o similar;CUENTA CORRIENTE PERSONAS HUMANAS EN PESOS, ACUERDO CON GIRO EN DESCUBIERTO: SE ENCUENTRA SUJETO A LA CALIFICACION CREDITICIA, TARJETA DE DEBITO, TARJETA DE CREDITO VISA SIGNATURE Y MASTERCARD BLACK;Ciudad Autónoma de Buenos Aires;COMISION DE MANTENIMIENTO MENSUAL Y RENOVACION ANUAL DE LA TARJETA DE CREDITO BONIFICADAS. SE BONIFICARA POR 6 SEIS MESES EL 100 POR CIENTO  DE LA COMISION DE MANTENIMIENTO DEL PAQUETE. CUANDO EL CLIENTE HAYA OPERADO CON ADHESION DE COMERCIOS VISA O MASTERCARD O CUENTA DNI COMERCIOS EN EL MES DE FINALIZACION DE LA BONIFICACION INICIAL, SE EXTENDERA POR OTROS 6 SEIS MESES. APLICA A PAQUETES CON FECHA DE ALTA HASTA EL 31.12.2025 INCLUSIVE.
97;BANCO PROVINCIA DEL NEUQUÉN SOCIEDAD ANÓNIMA;2026-04-06;BPN PLUS;BPN PLUS;16328,95;715000;12;100;Personas humanas Monotributistas;Básico;INCLUYE DOS TARJETAS DE CREDITO UNA AL MENOS INTERNACIONAL CUENTA CORRIENTE Y ACUERDO EN CC OPCIONAL;Ciudad Autónoma de Buenos Aires;
14;BANCO DE LA PROVINCIA DE BUENOS AIRES;2026-03-05;EXPERIENCIA;EXPERIENCIA;47000,00;2000000;12;100;MiPyMEs;Premium platinum;CUENTA CORRIENTE PERSONAS HUMANAS EN PESOS, ACUERDO CON GIRO EN DESCUBIERTO: SE ENCUENTRA SUJETO A LA CALIFICACION CREDITICIA, TARJETA DE DEBITO, TARJETA DE CREDITO VISA Y MASTERCARD PLATINUM;Ciudad Autónoma de Buenos Aires;COMISION DE MANTENIMIENTO MENSUAL Y RENOVACION ANUAL DE LA TARJETA DE CREDITO BONIFICADAS. SE BONIFICARA POR 6 SEIS MESES EL 100 POR CIENTO  DE LA COMISION DE MANTENIMIENTO DEL PAQUETE. CUANDO EL CLIENTE HAYA OPERADO CON ADHESION DE COMERCIOS VISA O MASTERCARD O CUENTA DNI COMERCIOS EN EL MES DE FINALIZACION DE LA BONIFICACION INICIAL, SE EXTENDERA POR OTROS 6 SEIS MESES. APLICA A PAQUETES CON FECHA DE ALTA HASTA EL 31.12.2025 INCLUSIVE.
341;BANCO MASVENTAS S.A.;2022-12-30;MVCARTERAGENERALPUMA;MVCARTGRALPUMA;2946,23;27565;0;69;Clientes con cuenta en la entidad;Premium gold;CACADCCCHEQACUERDOTCVISAMASTER;Provincia de Jujuy;
341;BANCO MASVENTAS S.A.;2022-12-30;MVCARTERAGENERALLLAMA;MVCARTGRALLLAMA;1459,90;20444;0;69;Clientes que acrediten sueldos en la entidad;Básico;CACADCCCHEQACUERDOTCVISAMASTER;Provincia de Jujuy;
341;BANCO MASVENTAS S.A.;2022-12-30;MVCARTERAGENERALPUMA;MVCARTGRALPUMA;2191,58;27565;0;69;Clientes que acrediten sueldos en la entidad;Premium gold;CACADCCCHEQACUERDOTCVISAMASTER;Provincia de Jujuy;
341;BANCO MASVENTAS S.A.;2022-12-30;MVCARTERAGENERALCONDOR;MVCARTGRALCONDOR;4383,11;112940;0;69;Clientes con cuenta en la entidad;Premium platinum;CACADCCCHEQACUERDOTCVISAMASTER;Provincia de Jujuy;
341;BANCO MASVENTAS S.A.;2022-12-30;MVCARTERAGENERALCONDOR;MVCARTGRALCONDOR;2519,43;112940;0;69;Clientes que acrediten sueldos en la entidad;Premium platinum;CACADCCCHEQACUERDOTCVISAMASTER;Provincia de Jujuy;
341;BANCO MASVENTAS S.A.;2022-12-30;MVCARTERAGENERALLLAMA;MVCARTGRALLLAMA;2995,67;20444;0;69;Clientes con cuenta en la entidad;Básico;CACADCCCHEQACUERDOTCVISAMASTER;Provincia de Jujuy;
93;BANCO DE LA PAMPA SA;2026-03-20;PAQUETE 1 INTERNACIONAL;PAQ 1;23000,00;380000;12;83;Clientes con cuenta en la entidad;Básico;TARJETA CALDEN MASTERCARD INTERNACIONAL Y/O CALDEN VISA INTERNACIONAL, CAJA DE AHORRO EN DOLARES;Provincia de La Pampa;EXENCION DE: COMISION MANTENIMIENTO DE CUENTA TARJ DE CREDITO,  COMISION SERVICIO ANUAL RENOVACION TARJ DE CREDITO, COMISION MANTENIMIENTO C/A EN DOLARES. PREST PERSONAL PREACORDADO SUJETO A POLITICA DE CREDITO CON TASA PREFERENCIAL, PUNTOS PAMPA CLUB
93;BANCO DE LA PAMPA SA;2026-03-20;PAQUETE 2 DORADO;PAQ 2;35000,00;900000;6;83;Clientes que acrediten sueldos en la entidad;Premium gold;TARJETA CALDEN MASTERCARD GOLD Y/O CALDEN VISA GOLD, CAJA DE AHORRO EN DOLARES, CUENTA CORRIENTE INDIVIDUOS, DESCUBIERTO EN CTA CTE DE 70000 PESOS;Provincia de La Pampa;EXENCION DE: COMISION MANTENIMIENTO DE CUENTA TARJ DE CREDITO, COMISION SERV ANUAL RENOVACION TARJ DE CREDITO, COMISION MANTENIMIENTO C/A EN DOLARES, COMISION MANTENIMIENTO DE CTA CTE. PREST PERSONAL PREACORDADO SUJETO A POLITICA DE CREDITO CON TASA PREFERENCIAL, PUNTOS PAMPA CLUB, DESCUBIERTO EN CTA CTE DE 70000 PESOS
93;BANCO DE LA PAMPA SA;2026-03-20;PAQUETE 4 BLACK;PAQ 4;70000,00;5400000;24;83;Personas humanas Monotributistas;Premium signature, black o similar;TARJETA CALDEN MASTERCARD BLACK Y/O CALDEN VISA BLACK, CAJA DE AHORRO EN DOLARES, CUENTA CORRIENTE INDIVIDUOS, DESCUBIERTO EN CUENTA CORRIENTE INDIVIDUOS DE 420000 PESOS;Provincia de La Pampa;EXENCION DE: COMISION MANTENIMIENTO DE CUENTA TARJ DE CREDITO, COMISION SERVICIO ANUAL RENOVACION TARJETAS DE CREDITO, COMISION MANTENIMIENTO C/A EN DOLARES, COMISION MANTENIMIENTO DE CTA CTE, COMISION ALTA DE ACUERDO, PRESTAMO PERSONAL PREACORDADO SUJETO A POLITICA DE CREDITO CON TASA PREFERENCIAL, PUNTOS PAMPA CLUB, DESCUBIERTO EN CTA CTE DE 420000 PESOS.
93;BANCO DE LA PAMPA SA;2026-03-20;PAQUETE 4 BLACK;PAQ 4;70000,00;5400000;12;83;Personas humanas en relación de dependencia;Premium signature, black o similar;TARJETA CALDEN MASTERCARD BLACK Y/O CALDEN VISA BLACK, CAJA DE AHORRO EN DOLARES, CUENTA CORRIENTE INDIVIDUOS, DESCUBIERTO EN CUENTA CORRIENTE INDIVIDUOS DE 420000 PESOS;Provincia de La Pampa;EXENCION DE: COMISION MANTENIMIENTO DE CUENTA TARJ DE CREDITO, COMISION SERVICIO ANUAL RENOVACION TARJETAS DE CREDITO, COMISION MANTENIMIENTO C/A EN DOLARES, COMISION MANTENIMIENTO DE CTA CTE, COMISION ALTA DE ACUERDO, PRESTAMO PERSONAL PREACORDADO SUJETO A POLITICA DE CREDITO CON TASA PREFERENCIAL, PUNTOS PAMPA CLUB, DESCUBIERTO EN CTA CTE DE 420000 PESOS.
93;BANCO DE LA PAMPA SA;2026-03-20;PAQUETE 3 PLATINO;PAQ 3;52000,00;2250000;6;83;Clientes que acrediten sueldos en la entidad;Premium platinum;TARJETA CALDEN MASTERCARD PLATINUM Y/O CALDEN VISA PLATINUM, CAJA DE AHORRO EN DOLARES, CUENTA CORRIENTE INDIVIDUOS, DESCUBIERTO EN CUENTA CORRIENTE INDIVIDUOS DE 175000 PESOS;Provincia de La Pampa;EXENCION DE: COMISION MANTENIMIENTO DE CUENTA TARJ DE CREDITO, COMISION SERV ANUAL RENOVACION TARJ DE CREDITO, COMISION MANTENIMIENTO C/A EN DOLARES, COMISION MANTENIMIENTO DE CTA CTE, COMISION ALTA DE ACUERDO. PREST PERSONAL PREACORDADO SUJETO A POLITICA DE CREDITO CON TASA PREFERENCIAL, PUNTOS PAMPA CLUB, DESCUBIERTO EN CTA CTE DE 175000 PESOS.
93;BANCO DE LA PAMPA SA;2026-03-20;PAQUETE 3 PLATINO;PAQ 3;52000,00;2250000;12;83;Personas humanas en relación de dependencia;Premium platinum;TARJETA CALDEN MASTERCARD PLATINUM Y/O CALDEN VISA PLATINUM, CAJA DE AHORRO EN DOLARES, CUENTA CORRIENTE INDIVIDUOS, DESCUBIERTO EN CUENTA CORRIENTE INDIVIDUOS DE 175000 PESOS;Provincia de La Pampa;EXENCION DE: COMISION MANTENIMIENTO DE CUENTA TARJ DE CREDITO, COMISION SERV ANUAL RENOVACION TARJ DE CREDITO, COMISION MANTENIMIENTO C/A EN DOLARES, COMISION MANTENIMIENTO DE CTA CTE, COMISION ALTA DE ACUERDO. PREST PERSONAL PREACORDADO SUJETO A POLITICA DE CREDITO CON TASA PREFERENCIAL, PUNTOS PAMPA CLUB, DESCUBIERTO EN CTA CTE DE 175000 PESOS.
93;BANCO DE LA PAMPA SA;2026-03-20;PAQUETE 3 PLATINO;PAQ 3;52000,00;2250000;24;83;Personas humanas Responsables Inscriptos;Premium platinum;TARJETA CALDEN MASTERCARD PLATINUM Y/O CALDEN VISA PLATINUM, CAJA DE AHORRO EN DOLARES, CUENTA CORRIENTE INDIVIDUOS, DESCUBIERTO EN CUENTA CORRIENTE INDIVIDUOS DE 175000 PESOS;Provincia de La Pampa;EXENCION DE: COMISION MANTENIMIENTO DE CUENTA TARJ DE CREDITO, COMISION SERV ANUAL RENOVACION TARJ DE CREDITO, COMISION MANTENIMIENTO C/A EN DOLARES, COMISION MANTENIMIENTO DE CTA CTE, COMISION ALTA DE ACUERDO. PREST PERSONAL PREACORDADO SUJETO A POLITICA DE CREDITO CON TASA PREFERENCIAL, PUNTOS PAMPA CLUB, DESCUBIERTO EN CTA CTE DE 175000 PESOS.
93;BANCO DE LA PAMPA SA;2026-03-20;PAQUETE 4 BLACK;PAQ 4;70000,00;5400000;6;83;Clientes que acrediten sueldos en la entidad;Premium signature, black o similar;TARJETA CALDEN MASTERCARD BLACK Y/O CALDEN VISA BLACK, CAJA DE AHORRO EN DOLARES, CUENTA CORRIENTE INDIVIDUOS, DESCUBIERTO EN CUENTA CORRIENTE INDIVIDUOS DE 420000 PESOS;Provincia de La Pampa;EXENCION DE: COMISION MANTENIMIENTO DE CUENTA TARJ DE CREDITO, COMISION SERVICIO ANUAL RENOVACION TARJETAS DE CREDITO, COMISION MANTENIMIENTO C/A EN DOLARES, COMISION MANTENIMIENTO DE CTA CTE, COMISION ALTA DE ACUERDO, PRESTAMO PERSONAL PREACORDADO SUJETO A POLITICA DE CREDITO CON TASA PREFERENCIAL, PUNTOS PAMPA CLUB, DESCUBIERTO EN CTA CTE DE 420000 PESOS.
93;BANCO DE LA PAMPA SA;2026-03-20;PAQUETE 1 INTERNACIONAL;PAQ 1;23000,00;380000;12;83;Empleados públicos;Básico;TARJETA CALDEN MASTERCARD INTERNACIONAL Y/O CALDEN VISA INTERNACIONAL, CAJA DE AHORRO EN DOLARES;Provincia de La Pampa;EXENCION DE: COMISION MANTENIMIENTO DE CUENTA TARJ DE CREDITO,  COMISION SERVICIO ANUAL RENOVACION TARJ DE CREDITO, COMISION MANTENIMIENTO C/A EN DOLARES. PREST PERSONAL PREACORDADO SUJETO A POLITICA DE CREDITO CON TASA PREFERENCIAL, PUNTOS PAMPA CLUB
93;BANCO DE LA PAMPA SA;2026-03-20;PAQUETE 2 DORADO;PAQ 2;35000,00;900000;12;83;Clientes con cuenta en la entidad;Premium gold;TARJETA CALDEN MASTERCARD GOLD Y/O CALDEN VISA GOLD, CAJA DE AHORRO EN DOLARES, CUENTA CORRIENTE INDIVIDUOS, DESCUBIERTO EN CTA CTE DE 70000 PESOS;Provincia de La Pampa;EXENCION DE: COMISION MANTENIMIENTO DE CUENTA TARJ DE CREDITO, COMISION SERV ANUAL RENOVACION TARJ DE CREDITO, COMISION MANTENIMIENTO C/A EN DOLARES, COMISION MANTENIMIENTO DE CTA CTE. PREST PERSONAL PREACORDADO SUJETO A POLITICA DE CREDITO CON TASA PREFERENCIAL, PUNTOS PAMPA CLUB, DESCUBIERTO EN CTA CTE DE 70000 PESOS
93;BANCO DE LA PAMPA SA;2026-03-20;PAQUETE 3 PLATINO;PAQ 3;52000,00;2250000;12;83;Clientes con cuenta en la entidad;Premium platinum;TARJETA CALDEN MASTERCARD PLATINUM Y/O CALDEN VISA PLATINUM, CAJA DE AHORRO EN DOLARES, CUENTA CORRIENTE INDIVIDUOS, DESCUBIERTO EN CUENTA CORRIENTE INDIVIDUOS DE 175000 PESOS;Provincia de La Pampa;EXENCION DE: COMISION MANTENIMIENTO DE CUENTA TARJ DE CREDITO, COMISION SERV ANUAL RENOVACION TARJ DE CREDITO, COMISION MANTENIMIENTO C/A EN DOLARES, COMISION MANTENIMIENTO DE CTA CTE, COMISION ALTA DE ACUERDO. PREST PERSONAL PREACORDADO SUJETO A POLITICA DE CREDITO CON TASA PREFERENCIAL, PUNTOS PAMPA CLUB, DESCUBIERTO EN CTA CTE DE 175000 PESOS.
93;BANCO DE LA PAMPA SA;2026-03-20;PAQUETE 2 DORADO;PAQ 2;35000,00;900000;12;83;Empleados públicos;Premium gold;TARJETA CALDEN MASTERCARD GOLD Y/O CALDEN VISA GOLD, CAJA DE AHORRO EN DOLARES, CUENTA CORRIENTE INDIVIDUOS, DESCUBIERTO EN CTA CTE DE 70000 PESOS;Provincia de La Pampa;EXENCION DE: COMISION MANTENIMIENTO DE CUENTA TARJ DE CREDITO, COMISION SERV ANUAL RENOVACION TARJ DE CREDITO, COMISION MANTENIMIENTO C/A EN DOLARES, COMISION MANTENIMIENTO DE CTA CTE. PREST PERSONAL PREACORDADO SUJETO A POLITICA DE CREDITO CON TASA PREFERENCIAL, PUNTOS PAMPA CLUB, DESCUBIERTO EN CTA CTE DE 70000 PESOS
93;BANCO DE LA PAMPA SA;2026-03-20;PAQUETE 1 INTERNACIONAL;PAQ 1;23000,00;380000;6;83;Beneficiarios de cuentas de          Seguridad Social;Básico;TARJETA CALDEN MASTERCARD INTERNACIONAL Y/O CALDEN VISA INTERNACIONAL, CAJA DE AHORRO EN DOLARES;Provincia de La Pampa;EXENCION DE: COMISION MANTENIMIENTO DE CUENTA TARJ DE CREDITO,  COMISION SERVICIO ANUAL RENOVACION TARJ DE CREDITO, COMISION MANTENIMIENTO C/A EN DOLARES. PREST PERSONAL PREACORDADO SUJETO A POLITICA DE CREDITO CON TASA PREFERENCIAL, PUNTOS PAMPA CLUB
93;BANCO DE LA PAMPA SA;2026-03-20;PAQUETE 4 BLACK;PAQ 4;70000,00;5400000;12;83;Empleados públicos;Premium signature, black o similar;TARJETA CALDEN MASTERCARD BLACK Y/O CALDEN VISA BLACK, CAJA DE AHORRO EN DOLARES, CUENTA CORRIENTE INDIVIDUOS, DESCUBIERTO EN CUENTA CORRIENTE INDIVIDUOS DE 420000 PESOS;Provincia de La Pampa;EXENCION DE: COMISION MANTENIMIENTO DE CUENTA TARJ DE CREDITO, COMISION SERVICIO ANUAL RENOVACION TARJETAS DE CREDITO, COMISION MANTENIMIENTO C/A EN DOLARES, COMISION MANTENIMIENTO DE CTA CTE, COMISION ALTA DE ACUERDO, PRESTAMO PERSONAL PREACORDADO SUJETO A POLITICA DE CREDITO CON TASA PREFERENCIAL, PUNTOS PAMPA CLUB, DESCUBIERTO EN CTA CTE DE 420000 PESOS.
93;BANCO DE LA PAMPA SA;2026-03-20;PAQUETE 2 DORADO;PAQ 2;35000,00;900000;6;83;Beneficiarios de cuentas de          Seguridad Social;Premium gold;TARJETA CALDEN MASTERCARD GOLD Y/O CALDEN VISA GOLD, CAJA DE AHORRO EN DOLARES, CUENTA CORRIENTE INDIVIDUOS, DESCUBIERTO EN CTA CTE DE 70000 PESOS;Provincia de La Pampa;EXENCION DE: COMISION MANTENIMIENTO DE CUENTA TARJ DE CREDITO, COMISION SERV ANUAL RENOVACION TARJ DE CREDITO, COMISION MANTENIMIENTO C/A EN DOLARES, COMISION MANTENIMIENTO DE CTA CTE. PREST PERSONAL PREACORDADO SUJETO A POLITICA DE CREDITO CON TASA PREFERENCIAL, PUNTOS PAMPA CLUB, DESCUBIERTO EN CTA CTE DE 70000 PESOS
93;BANCO DE LA PAMPA SA;2026-03-20;PAQUETE 3 PLATINO;PAQ 3;52000,00;2250000;6;83;Beneficiarios de cuentas de          Seguridad Social;Premium platinum;TARJETA CALDEN MASTERCARD PLATINUM Y/O CALDEN VISA PLATINUM, CAJA DE AHORRO EN DOLARES, CUENTA CORRIENTE INDIVIDUOS, DESCUBIERTO EN CUENTA CORRIENTE INDIVIDUOS DE 175000 PESOS;Provincia de La Pampa;EXENCION DE: COMISION MANTENIMIENTO DE CUENTA TARJ DE CREDITO, COMISION SERV ANUAL RENOVACION TARJ DE CREDITO, COMISION MANTENIMIENTO C/A EN DOLARES, COMISION MANTENIMIENTO DE CTA CTE, COMISION ALTA DE ACUERDO. PREST PERSONAL PREACORDADO SUJETO A POLITICA DE CREDITO CON TASA PREFERENCIAL, PUNTOS PAMPA CLUB, DESCUBIERTO EN CTA CTE DE 175000 PESOS.
93;BANCO DE LA PAMPA SA;2026-03-20;PAQUETE 1 INTERNACIONAL;PAQ 1;23000,00;380000;12;83;Personas humanas en relación de dependencia;Básico;TARJETA CALDEN MASTERCARD INTERNACIONAL Y/O CALDEN VISA INTERNACIONAL, CAJA DE AHORRO EN DOLARES;Provincia de La Pampa;EXENCION DE: COMISION MANTENIMIENTO DE CUENTA TARJ DE CREDITO,  COMISION SERVICIO ANUAL RENOVACION TARJ DE CREDITO, COMISION MANTENIMIENTO C/A EN DOLARES. PREST PERSONAL PREACORDADO SUJETO A POLITICA DE CREDITO CON TASA PREFERENCIAL, PUNTOS PAMPA CLUB
93;BANCO DE LA PAMPA SA;2026-03-20;PAQUETE 2 DORADO;PAQ 2;35000,00;900000;12;83;Personas humanas en relación de dependencia;Premium gold;TARJETA CALDEN MASTERCARD GOLD Y/O CALDEN VISA GOLD, CAJA DE AHORRO EN DOLARES, CUENTA CORRIENTE INDIVIDUOS, DESCUBIERTO EN CTA CTE DE 70000 PESOS;Provincia de La Pampa;EXENCION DE: COMISION MANTENIMIENTO DE CUENTA TARJ DE CREDITO, COMISION SERV ANUAL RENOVACION TARJ DE CREDITO, COMISION MANTENIMIENTO C/A EN DOLARES, COMISION MANTENIMIENTO DE CTA CTE. PREST PERSONAL PREACORDADO SUJETO A POLITICA DE CREDITO CON TASA PREFERENCIAL, PUNTOS PAMPA CLUB, DESCUBIERTO EN CTA CTE DE 70000 PESOS
93;BANCO DE LA PAMPA SA;2026-03-20;PAQUETE 4 BLACK;PAQ 4;70000,00;5400000;24;83;Personas humanas Responsables Inscriptos;Premium signature, black o similar;TARJETA CALDEN MASTERCARD BLACK Y/O CALDEN VISA BLACK, CAJA DE AHORRO EN DOLARES, CUENTA CORRIENTE INDIVIDUOS, DESCUBIERTO EN CUENTA CORRIENTE INDIVIDUOS DE 420000 PESOS;Provincia de La Pampa;EXENCION DE: COMISION MANTENIMIENTO DE CUENTA TARJ DE CREDITO, COMISION SERVICIO ANUAL RENOVACION TARJETAS DE CREDITO, COMISION MANTENIMIENTO C/A EN DOLARES, COMISION MANTENIMIENTO DE CTA CTE, COMISION ALTA DE ACUERDO, PRESTAMO PERSONAL PREACORDADO SUJETO A POLITICA DE CREDITO CON TASA PREFERENCIAL, PUNTOS PAMPA CLUB, DESCUBIERTO EN CTA CTE DE 420000 PESOS.
93;BANCO DE LA PAMPA SA;2026-03-20;PAQUETE 3 PLATINO;PAQ 3;52000,00;2250000;12;83;Empleados públicos;Premium platinum;TARJETA CALDEN MASTERCARD PLATINUM Y/O CALDEN VISA PLATINUM, CAJA DE AHORRO EN DOLARES, CUENTA CORRIENTE INDIVIDUOS, DESCUBIERTO EN CUENTA CORRIENTE INDIVIDUOS DE 175000 PESOS;Provincia de La Pampa;EXENCION DE: COMISION MANTENIMIENTO DE CUENTA TARJ DE CREDITO, COMISION SERV ANUAL RENOVACION TARJ DE CREDITO, COMISION MANTENIMIENTO C/A EN DOLARES, COMISION MANTENIMIENTO DE CTA CTE, COMISION ALTA DE ACUERDO. PREST PERSONAL PREACORDADO SUJETO A POLITICA DE CREDITO CON TASA PREFERENCIAL, PUNTOS PAMPA CLUB, DESCUBIERTO EN CTA CTE DE 175000 PESOS.
93;BANCO DE LA PAMPA SA;2026-03-20;PAQUETE 4 BLACK;PAQ 4;70000,00;5400000;12;83;Clientes con cuenta en la entidad;Premium signature, black o similar;TARJETA CALDEN MASTERCARD BLACK Y/O CALDEN VISA BLACK, CAJA DE AHORRO EN DOLARES, CUENTA CORRIENTE INDIVIDUOS, DESCUBIERTO EN CUENTA CORRIENTE INDIVIDUOS DE 420000 PESOS;Provincia de La Pampa;EXENCION DE: COMISION MANTENIMIENTO DE CUENTA TARJ DE CREDITO, COMISION SERVICIO ANUAL RENOVACION TARJETAS DE CREDITO, COMISION MANTENIMIENTO C/A EN DOLARES, COMISION MANTENIMIENTO DE CTA CTE, COMISION ALTA DE ACUERDO, PRESTAMO PERSONAL PREACORDADO SUJETO A POLITICA DE CREDITO CON TASA PREFERENCIAL, PUNTOS PAMPA CLUB, DESCUBIERTO EN CTA CTE DE 420000 PESOS.
93;BANCO DE LA PAMPA SA;2026-03-20;PAQUETE 3 PLATINO;PAQ 3;52000,00;2250000;24;83;Personas humanas Monotributistas;Premium platinum;TARJETA CALDEN MASTERCARD PLATINUM Y/O CALDEN VISA PLATINUM, CAJA DE AHORRO EN DOLARES, CUENTA CORRIENTE INDIVIDUOS, DESCUBIERTO EN CUENTA CORRIENTE INDIVIDUOS DE 175000 PESOS;Provincia de La Pampa;EXENCION DE: COMISION MANTENIMIENTO DE CUENTA TARJ DE CREDITO, COMISION SERV ANUAL RENOVACION TARJ DE CREDITO, COMISION MANTENIMIENTO C/A EN DOLARES, COMISION MANTENIMIENTO DE CTA CTE, COMISION ALTA DE ACUERDO. PREST PERSONAL PREACORDADO SUJETO A POLITICA DE CREDITO CON TASA PREFERENCIAL, PUNTOS PAMPA CLUB, DESCUBIERTO EN CTA CTE DE 175000 PESOS.
93;BANCO DE LA PAMPA SA;2026-03-20;PAQUETE 1 INTERNACIONAL;PAQ 1;23000,00;380000;24;83;Personas humanas Responsables Inscriptos;Básico;TARJETA CALDEN MASTERCARD INTERNACIONAL Y/O CALDEN VISA INTERNACIONAL, CAJA DE AHORRO EN DOLARES;Provincia de La Pampa;EXENCION DE: COMISION MANTENIMIENTO DE CUENTA TARJ DE CREDITO,  COMISION SERVICIO ANUAL RENOVACION TARJ DE CREDITO, COMISION MANTENIMIENTO C/A EN DOLARES. PREST PERSONAL PREACORDADO SUJETO A POLITICA DE CREDITO CON TASA PREFERENCIAL, PUNTOS PAMPA CLUB
93;BANCO DE LA PAMPA SA;2026-03-20;PAQUETE 2 DORADO;PAQ 2;35000,00;900000;24;83;Personas humanas Responsables Inscriptos;Premium gold;TARJETA CALDEN MASTERCARD GOLD Y/O CALDEN VISA GOLD, CAJA DE AHORRO EN DOLARES, CUENTA CORRIENTE INDIVIDUOS, DESCUBIERTO EN CTA CTE DE 70000 PESOS;Provincia de La Pampa;EXENCION DE: COMISION MANTENIMIENTO DE CUENTA TARJ DE CREDITO, COMISION SERV ANUAL RENOVACION TARJ DE CREDITO, COMISION MANTENIMIENTO C/A EN DOLARES, COMISION MANTENIMIENTO DE CTA CTE. PREST PERSONAL PREACORDADO SUJETO A POLITICA DE CREDITO CON TASA PREFERENCIAL, PUNTOS PAMPA CLUB, DESCUBIERTO EN CTA CTE DE 70000 PESOS
93;BANCO DE LA PAMPA SA;2026-03-20;PAQUETE 1 INTERNACIONAL;PAQ 1;23000,00;380000;24;83;Personas humanas Monotributistas;Básico;TARJETA CALDEN MASTERCARD INTERNACIONAL Y/O CALDEN VISA INTERNACIONAL, CAJA DE AHORRO EN DOLARES;Provincia de La Pampa;EXENCION DE: COMISION MANTENIMIENTO DE CUENTA TARJ DE CREDITO,  COMISION SERVICIO ANUAL RENOVACION TARJ DE CREDITO, COMISION MANTENIMIENTO C/A EN DOLARES. PREST PERSONAL PREACORDADO SUJETO A POLITICA DE CREDITO CON TASA PREFERENCIAL, PUNTOS PAMPA CLUB
93;BANCO DE LA PAMPA SA;2026-03-20;PAQUETE 4 BLACK;PAQ 4;70000,00;5400000;6;83;Beneficiarios de cuentas de          Seguridad Social;Premium signature, black o similar;TARJETA CALDEN MASTERCARD BLACK Y/O CALDEN VISA BLACK, CAJA DE AHORRO EN DOLARES, CUENTA CORRIENTE INDIVIDUOS, DESCUBIERTO EN CUENTA CORRIENTE INDIVIDUOS DE 420000 PESOS;Provincia de La Pampa;EXENCION DE: COMISION MANTENIMIENTO DE CUENTA TARJ DE CREDITO, COMISION SERVICIO ANUAL RENOVACION TARJETAS DE CREDITO, COMISION MANTENIMIENTO C/A EN DOLARES, COMISION MANTENIMIENTO DE CTA CTE, COMISION ALTA DE ACUERDO, PRESTAMO PERSONAL PREACORDADO SUJETO A POLITICA DE CREDITO CON TASA PREFERENCIAL, PUNTOS PAMPA CLUB, DESCUBIERTO EN CTA CTE DE 420000 PESOS.
93;BANCO DE LA PAMPA SA;2026-03-20;PAQUETE 1 INTERNACIONAL;PAQ 1;23000,00;380000;6;83;Clientes que acrediten sueldos en la entidad;Básico;TARJETA CALDEN MASTERCARD INTERNACIONAL Y/O CALDEN VISA INTERNACIONAL, CAJA DE AHORRO EN DOLARES;Provincia de La Pampa;EXENCION DE: COMISION MANTENIMIENTO DE CUENTA TARJ DE CREDITO,  COMISION SERVICIO ANUAL RENOVACION TARJ DE CREDITO, COMISION MANTENIMIENTO C/A EN DOLARES. PREST PERSONAL PREACORDADO SUJETO A POLITICA DE CREDITO CON TASA PREFERENCIAL, PUNTOS PAMPA CLUB
93;BANCO DE LA PAMPA SA;2026-03-20;PAQUETE 2 DORADO;PAQ 2;35000,00;900000;24;83;Personas humanas Monotributistas;Premium gold;TARJETA CALDEN MASTERCARD GOLD Y/O CALDEN VISA GOLD, CAJA DE AHORRO EN DOLARES, CUENTA CORRIENTE INDIVIDUOS, DESCUBIERTO EN CTA CTE DE 70000 PESOS;Provincia de La Pampa;EXENCION DE: COMISION MANTENIMIENTO DE CUENTA TARJ DE CREDITO, COMISION SERV ANUAL RENOVACION TARJ DE CREDITO, COMISION MANTENIMIENTO C/A EN DOLARES, COMISION MANTENIMIENTO DE CTA CTE. PREST PERSONAL PREACORDADO SUJETO A POLITICA DE CREDITO CON TASA PREFERENCIAL, PUNTOS PAMPA CLUB, DESCUBIERTO EN CTA CTE DE 70000 PESOS
45056;MONTEMAR COMPAÑIA FINANCIERA S.A.;2026-03-13;PAQUETE CUENTA MONTEMAR I;CUENTA MONTEMAR I;20112,41;0;12;75;Personas humanas Monotributistas;Básico;TARJETA DE CREDITO MONTEMAR - CAJA DE AHORRO EN PESOS Y DOLARES;Provincia de Mendoza;TASA PREFERENCIAL DEPOSITOS A PLAZO FIJO INTRANSFERIBLE EN PESOS - TASA BONIFICADAS PRESTAMOS PERSONALES - SE COBRA ANUALMENTE 241348,92
45056;MONTEMAR COMPAÑIA FINANCIERA S.A.;2026-03-13;PAQUETE CUENTA MONTEMAR PLUS ORO;CUENTA MTM PLUS ORO;108429,02;0;12;75;Personas humanas Monotributistas;Básico;TARJETA DE CREDITO MONTEMAR - CAJA DE AHORRO EN PESOS Y DOLARES - TARJETA DE CREDITO MASTERCARD GOLD- TARJETA DE DEBITO;Provincia de Mendoza;TASA PREFERENCIAL DEPOSITOS A PLAZO FIJO INTRANSFERIBLE EN PESOS - TASA BONIFICADAS PRESTAMOS PERSONALES - PROGRAMA DE BENEFICIOS PREMIA O LOS ANDES PASS - ASISTENCIA MONTEMAR TRANQUI BONIFICADO - DESCUENTO EN SEGUROS DE SAN CRISTOBAL 
45056;MONTEMAR COMPAÑIA FINANCIERA S.A.;2026-03-13;PAQUETE CUENTA MONTEMAR II;CUENTA MONTEMAR II;26816,52;0;12;75;Empleados públicos;Básico;TARJETA DE CREDITO MONTEMAR - CAJA DE AHORRO EN PESOS Y DOLARES;Provincia de Mendoza;TASA PREFERENCIAL DEPOSITOS A PLAZO FIJO INTRANSFERIBLE EN PESOS - TASA BONIFICADAS PRESTAMOS PERSONALES  CON GARANTIA REAL- SE COBRA ANUALMENTE 321798,18
45056;MONTEMAR COMPAÑIA FINANCIERA S.A.;2026-03-13;PAQUETE CUENTA MONTEMAR PLUS PLATINUM;CUENTA MTM PLUS PLATINUM;153076,38;0;12;75;Personas humanas en relación de dependencia;Básico;TARJETA DE CREDITO MONTEMAR - CAJA DE AHORRO EN PESOS Y DOLARES - TARJETA DE CREDITO MASTERCARD PLATINUM- TARJETA DE DEBITO;Provincia de Mendoza;TASA PREFERENCIAL DEPOSITOS A PLAZO FIJO INTRANSFERIBLE EN PESOS - TASA BONIFICADAS PRESTAMOS PERSONALES - PROGRAMA DE BENEFICIOS PREMIA O LOS ANDES PASS - ASISTENCIA MONTEMAR TRANQUI BONIFICADO - DESCUENTO EN SEGUROS DE SAN CRISTOBAL 
45056;MONTEMAR COMPAÑIA FINANCIERA S.A.;2026-03-13;PAQUETE CUENTA MONTEMAR PLUS PLATINUM;CUENTA MTM PLUS PLATINUM;153076,38;0;12;75;Personas humanas Responsables Inscriptos;Básico;TARJETA DE CREDITO MONTEMAR - CAJA DE AHORRO EN PESOS Y DOLARES - TARJETA DE CREDITO MASTERCARD PLATINUM- TARJETA DE DEBITO;Provincia de Mendoza;TASA PREFERENCIAL DEPOSITOS A PLAZO FIJO INTRANSFERIBLE EN PESOS - TASA BONIFICADAS PRESTAMOS PERSONALES - PROGRAMA DE BENEFICIOS PREMIA O LOS ANDES PASS - ASISTENCIA MONTEMAR TRANQUI BONIFICADO - DESCUENTO EN SEGUROS DE SAN CRISTOBAL 
45056;MONTEMAR COMPAÑIA FINANCIERA S.A.;2026-03-13;PAQUETE CUENTA MONTEMAR PLUS PLATINUM;CUENTA MTM PLUS PLATINUM;153076,38;0;12;75;Personas humanas Monotributistas;Básico;TARJETA DE CREDITO MONTEMAR - CAJA DE AHORRO EN PESOS Y DOLARES - TARJETA DE CREDITO MASTERCARD PLATINUM- TARJETA DE DEBITO;Provincia de Mendoza;TASA PREFERENCIAL DEPOSITOS A PLAZO FIJO INTRANSFERIBLE EN PESOS - TASA BONIFICADAS PRESTAMOS PERSONALES - PROGRAMA DE BENEFICIOS PREMIA O LOS ANDES PASS - ASISTENCIA MONTEMAR TRANQUI BONIFICADO - DESCUENTO EN SEGUROS DE SAN CRISTOBAL 
45056;MONTEMAR COMPAÑIA FINANCIERA S.A.;2026-03-13;PAQUETE CUENTA SUELDO PLUS;CUENTA MTM SUELDO PLUS;75569,98;0;12;75;Personas humanas Responsables Inscriptos;Básico;TARJETA DE CREDITO MONTEMAR - CAJA DE AHORRO EN PESOS Y DOLARES - TARJETA DE CREDITO MASTERCARD - TARJETA DE DEBITO;Provincia de Mendoza;TASA PREFERENCIAL DEPOSITOS A PLAZO FIJO INTRANSFERIBLE EN PESOS - TASA BONIFICADAS PRESTAMOS PERSONALES - PROGRAMA DE BENEFICIOS PREMIA O LOS ANDES PASS - ASISTENCIA MONTEMAR TRANQUI BONIFICADO - DESCUENTO EN SEGUROS DE SAN CRISTOBAL - DESCUENTO PLUS
45056;MONTEMAR COMPAÑIA FINANCIERA S.A.;2026-03-13;PAQUETE CUENTA MONTEMAR II;CUENTA MONTEMAR II;26816,52;0;12;75;Personas humanas Monotributistas;Básico;TARJETA DE CREDITO MONTEMAR - CAJA DE AHORRO EN PESOS Y DOLARES;Provincia de Mendoza;TASA PREFERENCIAL DEPOSITOS A PLAZO FIJO INTRANSFERIBLE EN PESOS - TASA BONIFICADAS PRESTAMOS PERSONALES  CON GARANTIA REAL- SE COBRA ANUALMENTE 321798,18
29;BANCO DE LA CIUDAD DE BUENOS AIRES;2026-01-23;PAQUETE PRODUCTOS - CUENTA CIUDAD- CLIENTELA GENERAL;CUENTA CIUDAD;26734,00;334800;0;100;Clientes que acrediten sueldos en la entidad;Básico;1 CAJA DE AHORRO EN DOLARES 1 CUENTA CORRIENTE CON ACUERDO 1 TARJETA DE DEBITO 1 TARJETA DE CREDITO VISA INTERNACIONAL;Provincia de Mendoza;0
29;BANCO DE LA CIUDAD DE BUENOS AIRES;2026-01-23;PAQUETE PRODUCTOS - CUENTA CIUDAD- CLIENTELA GENERAL;CUENTA CIUDAD;26734,00;334800;0;100;Beneficiarios de cuentas de          Seguridad Social;Básico;1 CAJA DE AHORRO EN DOLARES 1 CUENTA CORRIENTE CON ACUERDO 1 TARJETA DE DEBITO 1 TARJETA DE CREDITO VISA INTERNACIONAL;Provincia de Mendoza;0
45056;MONTEMAR COMPAÑIA FINANCIERA S.A.;2026-03-13;PAQUETE CUENTA MONTEMAR I;CUENTA MONTEMAR I;20112,41;0;12;75;Empleados públicos;Básico;TARJETA DE CREDITO MONTEMAR - CAJA DE AHORRO EN PESOS Y DOLARES;Provincia de Mendoza;TASA PREFERENCIAL DEPOSITOS A PLAZO FIJO INTRANSFERIBLE EN PESOS - TASA BONIFICADAS PRESTAMOS PERSONALES - SE COBRA ANUALMENTE 241348,92
45056;MONTEMAR COMPAÑIA FINANCIERA S.A.;2026-03-13;PAQUETE CUENTA SUELDO PLUS;CUENTA MTM SUELDO PLUS;75569,98;0;12;75;Empleados públicos;Básico;TARJETA DE CREDITO MONTEMAR - CAJA DE AHORRO EN PESOS Y DOLARES - TARJETA DE CREDITO MASTERCARD - TARJETA DE DEBITO;Provincia de Mendoza;TASA PREFERENCIAL DEPOSITOS A PLAZO FIJO INTRANSFERIBLE EN PESOS - TASA BONIFICADAS PRESTAMOS PERSONALES - PROGRAMA DE BENEFICIOS PREMIA O LOS ANDES PASS - ASISTENCIA MONTEMAR TRANQUI BONIFICADO - DESCUENTO EN SEGUROS DE SAN CRISTOBAL - DESCUENTO PLUS
45056;MONTEMAR COMPAÑIA FINANCIERA S.A.;2026-03-13;PAQUETE CUENTA MONTEMAR PLUS;CUENTA MTM PLUS;79348,47;0;12;75;Personas humanas en relación de dependencia;Básico;TARJETA DE CREDITO MONTEMAR - CAJA DE AHORRO EN PESOS Y DOLARES - TARJETA DE CREDITO MASTERCARD INTERNACIONAL - TARJETA DE DEBITO;Provincia de Mendoza;TASA PREFERENCIAL DEPOSITOS A PLAZO FIJO INTRANSFERIBLE EN PESOS - TASA BONIFICADAS PRESTAMOS PERSONALES - PROGRAMA DE BENEFICIOS PREMIA O LOS ANDES PASS - ASISTENCIA MONTEMAR TRANQUI BONIFICADO - DESCUENTO EN SEGUROS DE SAN CRISTOBAL 
45056;MONTEMAR COMPAÑIA FINANCIERA S.A.;2026-03-13;PAQUETE CUENTA SUELDO PLUS;CUENTA MTM SUELDO PLUS;75569,98;0;12;75;Personas humanas Monotributistas;Básico;TARJETA DE CREDITO MONTEMAR - CAJA DE AHORRO EN PESOS Y DOLARES - TARJETA DE CREDITO MASTERCARD - TARJETA DE DEBITO;Provincia de Mendoza;TASA PREFERENCIAL DEPOSITOS A PLAZO FIJO INTRANSFERIBLE EN PESOS - TASA BONIFICADAS PRESTAMOS PERSONALES - PROGRAMA DE BENEFICIOS PREMIA O LOS ANDES PASS - ASISTENCIA MONTEMAR TRANQUI BONIFICADO - DESCUENTO EN SEGUROS DE SAN CRISTOBAL - DESCUENTO PLUS
45056;MONTEMAR COMPAÑIA FINANCIERA S.A.;2026-03-13;PAQUETE CUENTA MONTEMAR I;CUENTA MONTEMAR I;20112,41;0;12;75;Clientes que acrediten sueldos en la entidad;Básico;TARJETA DE CREDITO MONTEMAR - CAJA DE AHORRO EN PESOS Y DOLARES;Provincia de Mendoza;TASA PREFERENCIAL DEPOSITOS A PLAZO FIJO INTRANSFERIBLE EN PESOS - TASA BONIFICADAS PRESTAMOS PERSONALES - SE COBRA ANUALMENTE 241348,92
45056;MONTEMAR COMPAÑIA FINANCIERA S.A.;2026-03-13;PAQUETE CUENTA MONTEMAR PLUS;CUENTA MTM PLUS;79348,47;0;12;75;Empleados públicos;Básico;TARJETA DE CREDITO MONTEMAR - CAJA DE AHORRO EN PESOS Y DOLARES - TARJETA DE CREDITO MASTERCARD INTERNACIONAL - TARJETA DE DEBITO;Provincia de Mendoza;TASA PREFERENCIAL DEPOSITOS A PLAZO FIJO INTRANSFERIBLE EN PESOS - TASA BONIFICADAS PRESTAMOS PERSONALES - PROGRAMA DE BENEFICIOS PREMIA O LOS ANDES PASS - ASISTENCIA MONTEMAR TRANQUI BONIFICADO - DESCUENTO EN SEGUROS DE SAN CRISTOBAL 
45056;MONTEMAR COMPAÑIA FINANCIERA S.A.;2026-03-13;PAQUETE CUENTA MONTEMAR PLUS;CUENTA MTM PLUS;79348,47;0;12;75;Clientes con cuenta en la entidad;Básico;TARJETA DE CREDITO MONTEMAR - CAJA DE AHORRO EN PESOS Y DOLARES - TARJETA DE CREDITO MASTERCARD INTERNACIONAL - TARJETA DE DEBITO;Provincia de Mendoza;TASA PREFERENCIAL DEPOSITOS A PLAZO FIJO INTRANSFERIBLE EN PESOS - TASA BONIFICADAS PRESTAMOS PERSONALES - PROGRAMA DE BENEFICIOS PREMIA O LOS ANDES PASS - ASISTENCIA MONTEMAR TRANQUI BONIFICADO - DESCUENTO EN SEGUROS DE SAN CRISTOBAL 
45056;MONTEMAR COMPAÑIA FINANCIERA S.A.;2026-03-13;PAQUETE CUENTA MONTEMAR PLUS BLACK;CUENTA MTM PLUS BLACK;193664,80;0;12;75;Personas humanas Responsables Inscriptos;Básico;TARJETA DE CREDITO MONTEMAR - CAJA DE AHORRO EN PESOS Y DOLARES - TARJETA DE CREDITO MASTERCARD BLACK- TARJETA DE DEBITO;Provincia de Mendoza;TASA PREFERENCIAL DEPOSITOS A PLAZO FIJO INTRANSFERIBLE EN PESOS - TASA BONIFICADAS PRESTAMOS PERSONALES - PROGRAMA DE BENEFICIOS PREMIA O LOS ANDES PASS - ASISTENCIA MONTEMAR TRANQUI BONIFICADO - DESCUENTO EN SEGUROS DE SAN CRISTOBAL 
45056;MONTEMAR COMPAÑIA FINANCIERA S.A.;2026-03-13;PAQUETE CUENTA MONTEMAR PLUS BLACK;CUENTA MTM PLUS BLACK;193664,80;0;12;75;Clientes que acrediten sueldos en la entidad;Básico;TARJETA DE CREDITO MONTEMAR - CAJA DE AHORRO EN PESOS Y DOLARES - TARJETA DE CREDITO MASTERCARD BLACK- TARJETA DE DEBITO;Provincia de Mendoza;TASA PREFERENCIAL DEPOSITOS A PLAZO FIJO INTRANSFERIBLE EN PESOS - TASA BONIFICADAS PRESTAMOS PERSONALES - PROGRAMA DE BENEFICIOS PREMIA O LOS ANDES PASS - ASISTENCIA MONTEMAR TRANQUI BONIFICADO - DESCUENTO EN SEGUROS DE SAN CRISTOBAL 
45056;MONTEMAR COMPAÑIA FINANCIERA S.A.;2026-03-13;PAQUETE CUENTA MONTEMAR PLUS PLATINUM;CUENTA MTM PLUS PLATINUM;153076,38;0;12;75;Clientes con cuenta en la entidad;Básico;TARJETA DE CREDITO MONTEMAR - CAJA DE AHORRO EN PESOS Y DOLARES - TARJETA DE CREDITO MASTERCARD PLATINUM- TARJETA DE DEBITO;Provincia de Mendoza;TASA PREFERENCIAL DEPOSITOS A PLAZO FIJO INTRANSFERIBLE EN PESOS - TASA BONIFICADAS PRESTAMOS PERSONALES - PROGRAMA DE BENEFICIOS PREMIA O LOS ANDES PASS - ASISTENCIA MONTEMAR TRANQUI BONIFICADO - DESCUENTO EN SEGUROS DE SAN CRISTOBAL 
45056;MONTEMAR COMPAÑIA FINANCIERA S.A.;2026-03-13;PAQUETE CUENTA MONTEMAR PLUS BLACK;CUENTA MTM PLUS BLACK;193664,80;0;12;75;Personas humanas Monotributistas;Básico;TARJETA DE CREDITO MONTEMAR - CAJA DE AHORRO EN PESOS Y DOLARES - TARJETA DE CREDITO MASTERCARD BLACK- TARJETA DE DEBITO;Provincia de Mendoza;TASA PREFERENCIAL DEPOSITOS A PLAZO FIJO INTRANSFERIBLE EN PESOS - TASA BONIFICADAS PRESTAMOS PERSONALES - PROGRAMA DE BENEFICIOS PREMIA O LOS ANDES PASS - ASISTENCIA MONTEMAR TRANQUI BONIFICADO - DESCUENTO EN SEGUROS DE SAN CRISTOBAL 
45056;MONTEMAR COMPAÑIA FINANCIERA S.A.;2026-03-13;PAQUETE CUENTA MONTEMAR PLUS PLATINUM;CUENTA MTM PLUS PLATINUM;153076,38;0;12;75;Empleados públicos;Básico;TARJETA DE CREDITO MONTEMAR - CAJA DE AHORRO EN PESOS Y DOLARES - TARJETA DE CREDITO MASTERCARD PLATINUM- TARJETA DE DEBITO;Provincia de Mendoza;TASA PREFERENCIAL DEPOSITOS A PLAZO FIJO INTRANSFERIBLE EN PESOS - TASA BONIFICADAS PRESTAMOS PERSONALES - PROGRAMA DE BENEFICIOS PREMIA O LOS ANDES PASS - ASISTENCIA MONTEMAR TRANQUI BONIFICADO - DESCUENTO EN SEGUROS DE SAN CRISTOBAL 
45056;MONTEMAR COMPAÑIA FINANCIERA S.A.;2026-03-13;PAQUETE CUENTA SUELDO PLUS;CUENTA MTM SUELDO PLUS;75569,98;0;12;75;Clientes que acrediten sueldos en la entidad;Básico;TARJETA DE CREDITO MONTEMAR - CAJA DE AHORRO EN PESOS Y DOLARES - TARJETA DE CREDITO MASTERCARD - TARJETA DE DEBITO;Provincia de Mendoza;TASA PREFERENCIAL DEPOSITOS A PLAZO FIJO INTRANSFERIBLE EN PESOS - TASA BONIFICADAS PRESTAMOS PERSONALES - PROGRAMA DE BENEFICIOS PREMIA O LOS ANDES PASS - ASISTENCIA MONTEMAR TRANQUI BONIFICADO - DESCUENTO EN SEGUROS DE SAN CRISTOBAL - DESCUENTO PLUS
29;BANCO DE LA CIUDAD DE BUENOS AIRES;2026-01-23;PAQUETE PRODUCTOS - CUENTA CIUDAD- CLIENTELA GENERAL;CUENTA CIUDAD;26734,00;334800;0;100;Empleados públicos;Básico;1 CAJA DE AHORRO EN DOLARES 1 CUENTA CORRIENTE CON ACUERDO 1 TARJETA DE DEBITO 1 TARJETA DE CREDITO VISA INTERNACIONAL;Provincia de Mendoza;0
45056;MONTEMAR COMPAÑIA FINANCIERA S.A.;2026-03-13;PAQUETE CUENTA MONTEMAR II;CUENTA MONTEMAR II;26816,52;0;12;75;Clientes con cuenta en la entidad;Básico;TARJETA DE CREDITO MONTEMAR - CAJA DE AHORRO EN PESOS Y DOLARES;Provincia de Mendoza;TASA PREFERENCIAL DEPOSITOS A PLAZO FIJO INTRANSFERIBLE EN PESOS - TASA BONIFICADAS PRESTAMOS PERSONALES  CON GARANTIA REAL- SE COBRA ANUALMENTE 321798,18
45056;MONTEMAR COMPAÑIA FINANCIERA S.A.;2026-03-13;PAQUETE CUENTA MONTEMAR II;CUENTA MONTEMAR II;26816,52;0;12;75;Clientes que acrediten sueldos en la entidad;Básico;TARJETA DE CREDITO MONTEMAR - CAJA DE AHORRO EN PESOS Y DOLARES;Provincia de Mendoza;TASA PREFERENCIAL DEPOSITOS A PLAZO FIJO INTRANSFERIBLE EN PESOS - TASA BONIFICADAS PRESTAMOS PERSONALES  CON GARANTIA REAL- SE COBRA ANUALMENTE 321798,18
45056;MONTEMAR COMPAÑIA FINANCIERA S.A.;2026-03-13;PAQUETE CUENTA MONTEMAR II;CUENTA MONTEMAR II;26816,52;0;12;75;Personas humanas en relación de dependencia;Básico;TARJETA DE CREDITO MONTEMAR - CAJA DE AHORRO EN PESOS Y DOLARES;Provincia de Mendoza;TASA PREFERENCIAL DEPOSITOS A PLAZO FIJO INTRANSFERIBLE EN PESOS - TASA BONIFICADAS PRESTAMOS PERSONALES  CON GARANTIA REAL- SE COBRA ANUALMENTE 321798,18
29;BANCO DE LA CIUDAD DE BUENOS AIRES;2026-01-23;PAQUETE PRODUCTOS - CUENTA CIUDAD- CLIENTELA GENERAL;CUENTA CIUDAD;26734,00;334800;0;100;Personas humanas Responsables Inscriptos;Básico;1 CAJA DE AHORRO EN DOLARES 1 CUENTA CORRIENTE CON ACUERDO 1 TARJETA DE DEBITO 1 TARJETA DE CREDITO VISA INTERNACIONAL;Provincia de Mendoza;0
45056;MONTEMAR COMPAÑIA FINANCIERA S.A.;2026-03-13;PAQUETE CUENTA MONTEMAR I;CUENTA MONTEMAR I;20112,41;0;12;75;Personas humanas en relación de dependencia;Básico;TARJETA DE CREDITO MONTEMAR - CAJA DE AHORRO EN PESOS Y DOLARES;Provincia de Mendoza;TASA PREFERENCIAL DEPOSITOS A PLAZO FIJO INTRANSFERIBLE EN PESOS - TASA BONIFICADAS PRESTAMOS PERSONALES - SE COBRA ANUALMENTE 241348,92
45056;MONTEMAR COMPAÑIA FINANCIERA S.A.;2026-03-13;PAQUETE CUENTA MONTEMAR PLUS ORO;CUENTA MTM PLUS ORO;108429,02;0;12;75;Personas humanas en relación de dependencia;Básico;TARJETA DE CREDITO MONTEMAR - CAJA DE AHORRO EN PESOS Y DOLARES - TARJETA DE CREDITO MASTERCARD GOLD- TARJETA DE DEBITO;Provincia de Mendoza;TASA PREFERENCIAL DEPOSITOS A PLAZO FIJO INTRANSFERIBLE EN PESOS - TASA BONIFICADAS PRESTAMOS PERSONALES - PROGRAMA DE BENEFICIOS PREMIA O LOS ANDES PASS - ASISTENCIA MONTEMAR TRANQUI BONIFICADO - DESCUENTO EN SEGUROS DE SAN CRISTOBAL 
45056;MONTEMAR COMPAÑIA FINANCIERA S.A.;2026-03-13;PAQUETE CUENTA MONTEMAR PLUS;CUENTA MTM PLUS;79348,47;0;12;75;Personas humanas Monotributistas;Básico;TARJETA DE CREDITO MONTEMAR - CAJA DE AHORRO EN PESOS Y DOLARES - TARJETA DE CREDITO MASTERCARD INTERNACIONAL - TARJETA DE DEBITO;Provincia de Mendoza;TASA PREFERENCIAL DEPOSITOS A PLAZO FIJO INTRANSFERIBLE EN PESOS - TASA BONIFICADAS PRESTAMOS PERSONALES - PROGRAMA DE BENEFICIOS PREMIA O LOS ANDES PASS - ASISTENCIA MONTEMAR TRANQUI BONIFICADO - DESCUENTO EN SEGUROS DE SAN CRISTOBAL 
45056;MONTEMAR COMPAÑIA FINANCIERA S.A.;2026-03-13;PAQUETE CUENTA MONTEMAR PLUS ORO;CUENTA MTM PLUS ORO;108429,02;0;12;75;Personas humanas Responsables Inscriptos;Básico;TARJETA DE CREDITO MONTEMAR - CAJA DE AHORRO EN PESOS Y DOLARES - TARJETA DE CREDITO MASTERCARD GOLD- TARJETA DE DEBITO;Provincia de Mendoza;TASA PREFERENCIAL DEPOSITOS A PLAZO FIJO INTRANSFERIBLE EN PESOS - TASA BONIFICADAS PRESTAMOS PERSONALES - PROGRAMA DE BENEFICIOS PREMIA O LOS ANDES PASS - ASISTENCIA MONTEMAR TRANQUI BONIFICADO - DESCUENTO EN SEGUROS DE SAN CRISTOBAL 
45056;MONTEMAR COMPAÑIA FINANCIERA S.A.;2026-03-13;PAQUETE CUENTA MONTEMAR PLUS ORO;CUENTA MTM PLUS ORO;108429,02;0;12;75;Clientes que acrediten sueldos en la entidad;Básico;TARJETA DE CREDITO MONTEMAR - CAJA DE AHORRO EN PESOS Y DOLARES - TARJETA DE CREDITO MASTERCARD GOLD- TARJETA DE DEBITO;Provincia de Mendoza;TASA PREFERENCIAL DEPOSITOS A PLAZO FIJO INTRANSFERIBLE EN PESOS - TASA BONIFICADAS PRESTAMOS PERSONALES - PROGRAMA DE BENEFICIOS PREMIA O LOS ANDES PASS - ASISTENCIA MONTEMAR TRANQUI BONIFICADO - DESCUENTO EN SEGUROS DE SAN CRISTOBAL 
45056;MONTEMAR COMPAÑIA FINANCIERA S.A.;2026-03-13;PAQUETE CUENTA MONTEMAR I;CUENTA MONTEMAR I;20112,41;0;12;75;Personas humanas Responsables Inscriptos;Básico;TARJETA DE CREDITO MONTEMAR - CAJA DE AHORRO EN PESOS Y DOLARES;Provincia de Mendoza;TASA PREFERENCIAL DEPOSITOS A PLAZO FIJO INTRANSFERIBLE EN PESOS - TASA BONIFICADAS PRESTAMOS PERSONALES - SE COBRA ANUALMENTE 241348,92
45056;MONTEMAR COMPAÑIA FINANCIERA S.A.;2026-03-13;PAQUETE CUENTA SUELDO PLUS;CUENTA MTM SUELDO PLUS;75569,98;0;12;75;Personas humanas en relación de dependencia;Básico;TARJETA DE CREDITO MONTEMAR - CAJA DE AHORRO EN PESOS Y DOLARES - TARJETA DE CREDITO MASTERCARD - TARJETA DE DEBITO;Provincia de Mendoza;TASA PREFERENCIAL DEPOSITOS A PLAZO FIJO INTRANSFERIBLE EN PESOS - TASA BONIFICADAS PRESTAMOS PERSONALES - PROGRAMA DE BENEFICIOS PREMIA O LOS ANDES PASS - ASISTENCIA MONTEMAR TRANQUI BONIFICADO - DESCUENTO EN SEGUROS DE SAN CRISTOBAL - DESCUENTO PLUS
29;BANCO DE LA CIUDAD DE BUENOS AIRES;2026-01-23;PAQUETE PRODUCTOS - CUENTA CIUDAD- CLIENTELA GENERAL;CUENTA CIUDAD;26734,00;334800;0;100;Personas humanas Monotributistas;Básico;1 CAJA DE AHORRO EN DOLARES 1 CUENTA CORRIENTE CON ACUERDO 1 TARJETA DE DEBITO 1 TARJETA DE CREDITO VISA INTERNACIONAL;Provincia de Mendoza;0
45056;MONTEMAR COMPAÑIA FINANCIERA S.A.;2026-03-13;PAQUETE CUENTA MONTEMAR II;CUENTA MONTEMAR II;26816,52;0;12;75;Personas humanas Responsables Inscriptos;Básico;TARJETA DE CREDITO MONTEMAR - CAJA DE AHORRO EN PESOS Y DOLARES;Provincia de Mendoza;TASA PREFERENCIAL DEPOSITOS A PLAZO FIJO INTRANSFERIBLE EN PESOS - TASA BONIFICADAS PRESTAMOS PERSONALES  CON GARANTIA REAL- SE COBRA ANUALMENTE 321798,18
45056;MONTEMAR COMPAÑIA FINANCIERA S.A.;2026-03-13;PAQUETE CUENTA MONTEMAR PLUS;CUENTA MTM PLUS;79348,47;0;12;75;Personas humanas Responsables Inscriptos;Básico;TARJETA DE CREDITO MONTEMAR - CAJA DE AHORRO EN PESOS Y DOLARES - TARJETA DE CREDITO MASTERCARD INTERNACIONAL - TARJETA DE DEBITO;Provincia de Mendoza;TASA PREFERENCIAL DEPOSITOS A PLAZO FIJO INTRANSFERIBLE EN PESOS - TASA BONIFICADAS PRESTAMOS PERSONALES - PROGRAMA DE BENEFICIOS PREMIA O LOS ANDES PASS - ASISTENCIA MONTEMAR TRANQUI BONIFICADO - DESCUENTO EN SEGUROS DE SAN CRISTOBAL 
29;BANCO DE LA CIUDAD DE BUENOS AIRES;2026-01-23;PAQUETE PRODUCTOS - CUENTA CIUDAD- CLIENTELA GENERAL;CUENTA CIUDAD;26734,00;334800;0;100;Personas humanas en relación de dependencia;Básico;1 CAJA DE AHORRO EN DOLARES 1 CUENTA CORRIENTE CON ACUERDO 1 TARJETA DE DEBITO 1 TARJETA DE CREDITO VISA INTERNACIONAL;Provincia de Mendoza;0
45056;MONTEMAR COMPAÑIA FINANCIERA S.A.;2026-03-13;PAQUETE CUENTA MONTEMAR PLUS ORO;CUENTA MTM PLUS ORO;108429,02;0;12;75;Clientes con cuenta en la entidad;Básico;TARJETA DE CREDITO MONTEMAR - CAJA DE AHORRO EN PESOS Y DOLARES - TARJETA DE CREDITO MASTERCARD GOLD- TARJETA DE DEBITO;Provincia de Mendoza;TASA PREFERENCIAL DEPOSITOS A PLAZO FIJO INTRANSFERIBLE EN PESOS - TASA BONIFICADAS PRESTAMOS PERSONALES - PROGRAMA DE BENEFICIOS PREMIA O LOS ANDES PASS - ASISTENCIA MONTEMAR TRANQUI BONIFICADO - DESCUENTO EN SEGUROS DE SAN CRISTOBAL 
45056;MONTEMAR COMPAÑIA FINANCIERA S.A.;2026-03-13;PAQUETE CUENTA MONTEMAR PLUS BLACK;CUENTA MTM PLUS BLACK;193664,80;0;12;75;Personas humanas en relación de dependencia;Básico;TARJETA DE CREDITO MONTEMAR - CAJA DE AHORRO EN PESOS Y DOLARES - TARJETA DE CREDITO MASTERCARD BLACK- TARJETA DE DEBITO;Provincia de Mendoza;TASA PREFERENCIAL DEPOSITOS A PLAZO FIJO INTRANSFERIBLE EN PESOS - TASA BONIFICADAS PRESTAMOS PERSONALES - PROGRAMA DE BENEFICIOS PREMIA O LOS ANDES PASS - ASISTENCIA MONTEMAR TRANQUI BONIFICADO - DESCUENTO EN SEGUROS DE SAN CRISTOBAL 
45056;MONTEMAR COMPAÑIA FINANCIERA S.A.;2026-03-13;PAQUETE CUENTA MONTEMAR PLUS;CUENTA MTM PLUS;79348,47;0;12;75;Clientes que acrediten sueldos en la entidad;Básico;TARJETA DE CREDITO MONTEMAR - CAJA DE AHORRO EN PESOS Y DOLARES - TARJETA DE CREDITO MASTERCARD INTERNACIONAL - TARJETA DE DEBITO;Provincia de Mendoza;TASA PREFERENCIAL DEPOSITOS A PLAZO FIJO INTRANSFERIBLE EN PESOS - TASA BONIFICADAS PRESTAMOS PERSONALES - PROGRAMA DE BENEFICIOS PREMIA O LOS ANDES PASS - ASISTENCIA MONTEMAR TRANQUI BONIFICADO - DESCUENTO EN SEGUROS DE SAN CRISTOBAL 
45056;MONTEMAR COMPAÑIA FINANCIERA S.A.;2026-03-13;PAQUETE CUENTA SUELDO PLUS;CUENTA MTM SUELDO PLUS;75569,98;0;12;75;Clientes con cuenta en la entidad;Básico;TARJETA DE CREDITO MONTEMAR - CAJA DE AHORRO EN PESOS Y DOLARES - TARJETA DE CREDITO MASTERCARD - TARJETA DE DEBITO;Provincia de Mendoza;TASA PREFERENCIAL DEPOSITOS A PLAZO FIJO INTRANSFERIBLE EN PESOS - TASA BONIFICADAS PRESTAMOS PERSONALES - PROGRAMA DE BENEFICIOS PREMIA O LOS ANDES PASS - ASISTENCIA MONTEMAR TRANQUI BONIFICADO - DESCUENTO EN SEGUROS DE SAN CRISTOBAL - DESCUENTO PLUS
45056;MONTEMAR COMPAÑIA FINANCIERA S.A.;2026-03-13;PAQUETE CUENTA MONTEMAR PLUS BLACK;CUENTA MTM PLUS BLACK;193664,80;0;12;75;Empleados públicos;Básico;TARJETA DE CREDITO MONTEMAR - CAJA DE AHORRO EN PESOS Y DOLARES - TARJETA DE CREDITO MASTERCARD BLACK- TARJETA DE DEBITO;Provincia de Mendoza;TASA PREFERENCIAL DEPOSITOS A PLAZO FIJO INTRANSFERIBLE EN PESOS - TASA BONIFICADAS PRESTAMOS PERSONALES - PROGRAMA DE BENEFICIOS PREMIA O LOS ANDES PASS - ASISTENCIA MONTEMAR TRANQUI BONIFICADO - DESCUENTO EN SEGUROS DE SAN CRISTOBAL 
45056;MONTEMAR COMPAÑIA FINANCIERA S.A.;2026-03-13;PAQUETE CUENTA MONTEMAR PLUS BLACK;CUENTA MTM PLUS BLACK;193664,80;0;12;75;Clientes con cuenta en la entidad;Básico;TARJETA DE CREDITO MONTEMAR - CAJA DE AHORRO EN PESOS Y DOLARES - TARJETA DE CREDITO MASTERCARD BLACK- TARJETA DE DEBITO;Provincia de Mendoza;TASA PREFERENCIAL DEPOSITOS A PLAZO FIJO INTRANSFERIBLE EN PESOS - TASA BONIFICADAS PRESTAMOS PERSONALES - PROGRAMA DE BENEFICIOS PREMIA O LOS ANDES PASS - ASISTENCIA MONTEMAR TRANQUI BONIFICADO - DESCUENTO EN SEGUROS DE SAN CRISTOBAL 
45056;MONTEMAR COMPAÑIA FINANCIERA S.A.;2026-03-13;PAQUETE CUENTA MONTEMAR PLUS PLATINUM;CUENTA MTM PLUS PLATINUM;153076,38;0;12;75;Clientes que acrediten sueldos en la entidad;Básico;TARJETA DE CREDITO MONTEMAR - CAJA DE AHORRO EN PESOS Y DOLARES - TARJETA DE CREDITO MASTERCARD PLATINUM- TARJETA DE DEBITO;Provincia de Mendoza;TASA PREFERENCIAL DEPOSITOS A PLAZO FIJO INTRANSFERIBLE EN PESOS - TASA BONIFICADAS PRESTAMOS PERSONALES - PROGRAMA DE BENEFICIOS PREMIA O LOS ANDES PASS - ASISTENCIA MONTEMAR TRANQUI BONIFICADO - DESCUENTO EN SEGUROS DE SAN CRISTOBAL 
29;BANCO DE LA CIUDAD DE BUENOS AIRES;2026-01-23;PAQUETE PRODUCTOS - CUENTA CIUDAD- CLIENTELA GENERAL;CUENTA CIUDAD;26734,00;334800;0;100;Clientes con cuenta en la entidad;Básico;1 CAJA DE AHORRO EN DOLARES 1 CUENTA CORRIENTE CON ACUERDO 1 TARJETA DE DEBITO 1 TARJETA DE CREDITO VISA INTERNACIONAL;Provincia de Mendoza;0
45056;MONTEMAR COMPAÑIA FINANCIERA S.A.;2026-03-13;PAQUETE CUENTA MONTEMAR I;CUENTA MONTEMAR I;20112,41;0;12;75;Clientes con cuenta en la entidad;Básico;TARJETA DE CREDITO MONTEMAR - CAJA DE AHORRO EN PESOS Y DOLARES;Provincia de Mendoza;TASA PREFERENCIAL DEPOSITOS A PLAZO FIJO INTRANSFERIBLE EN PESOS - TASA BONIFICADAS PRESTAMOS PERSONALES - SE COBRA ANUALMENTE 241348,92
45056;MONTEMAR COMPAÑIA FINANCIERA S.A.;2026-03-13;PAQUETE CUENTA MONTEMAR PLUS ORO;CUENTA MTM PLUS ORO;108429,02;0;12;75;Empleados públicos;Básico;TARJETA DE CREDITO MONTEMAR - CAJA DE AHORRO EN PESOS Y DOLARES - TARJETA DE CREDITO MASTERCARD GOLD- TARJETA DE DEBITO;Provincia de Mendoza;TASA PREFERENCIAL DEPOSITOS A PLAZO FIJO INTRANSFERIBLE EN PESOS - TASA BONIFICADAS PRESTAMOS PERSONALES - PROGRAMA DE BENEFICIOS PREMIA O LOS ANDES PASS - ASISTENCIA MONTEMAR TRANQUI BONIFICADO - DESCUENTO EN SEGUROS DE SAN CRISTOBAL 
97;BANCO PROVINCIA DEL NEUQUÉN SOCIEDAD ANÓNIMA;2026-04-06;BPN UNICO MAS;BPN UNICO MAS;42437,12;999999;12;100;Personas humanas Responsables Inscriptos;Premium platinum;INCLUYE DOS TARJETAS DE CREDITO UNA AL MENOS BLACK CUENTA CORRIENTE Y ACUERDO EN CC OPCIONAL;Provincia del Neuquén;EL INGRESO MINIMO MENSUAL REQUERIDO ES DE 4000000
93;BANCO DE LA PAMPA SA;2026-03-20;PAQUETE 3 PLATINO;PAQ 3;52000,00;2250000;6;83;Clientes que acrediten sueldos en la entidad;Premium platinum;TARJETA CALDEN MASTERCARD PLATINUM Y/O CALDEN VISA PLATINUM, CAJA DE AHORRO EN DOLARES, CUENTA CORRIENTE INDIVIDUOS, DESCUBIERTO EN CUENTA CORRIENTE INDIVIDUOS DE 175000 PESOS;Provincia del Neuquén;EXENCION DE: COMISION MANTENIMIENTO DE CUENTA TARJ DE CREDITO, COMISION SERV ANUAL RENOVACION TARJ DE CREDITO, COMISION MANTENIMIENTO C/A EN DOLARES, COMISION MANTENIMIENTO DE CTA CTE, COMISION ALTA DE ACUERDO. PREST PERSONAL PREACORDADO SUJETO A POLITICA DE CREDITO CON TASA PREFERENCIAL, PUNTOS PAMPA CLUB, DESCUBIERTO EN CTA CTE DE 175000 PESOS.
97;BANCO PROVINCIA DEL NEUQUÉN SOCIEDAD ANÓNIMA;2026-04-06;BPN UNICO MAS;BPN UNICO MAS;42437,12;999999;0;100;Clientes que acrediten sueldos en la entidad;Premium signature, black o similar;INCLUYE DOS TARJETAS DE CREDITO UNA AL MENOS BLACK CUENTA CORRIENTE Y ACUERDO EN CC OPCIONAL;Provincia del Neuquén;EL INGRESO MINIMO MENSUAL REQUERIDO ES DE 4000000
97;BANCO PROVINCIA DEL NEUQUÉN SOCIEDAD ANÓNIMA;2026-04-06;BPN UNICO;BPN UNICO;32654,27;999999;0;100;Clientes con cuenta en la entidad;Premium signature, black o similar;INCLUYE DOS TARJETAS DE CREDITO UNA AL MENOS PLATINUM CUENTA CORRIENTE Y ACUERDO EN CC OPCIONAL;Provincia del Neuquén;EL INGRESO MINIMO MENSUAL REQUERIDO ES DE 3000000
93;BANCO DE LA PAMPA SA;2026-03-20;PAQUETE 2 DORADO;PAQ 2;35000,00;900000;24;83;Personas humanas Monotributistas;Premium gold;TARJETA CALDEN MASTERCARD GOLD Y/O CALDEN VISA GOLD, CAJA DE AHORRO EN DOLARES, CUENTA CORRIENTE INDIVIDUOS, DESCUBIERTO EN CTA CTE DE 70000 PESOS;Provincia del Neuquén;EXENCION DE: COMISION MANTENIMIENTO DE CUENTA TARJ DE CREDITO, COMISION SERV ANUAL RENOVACION TARJ DE CREDITO, COMISION MANTENIMIENTO C/A EN DOLARES, COMISION MANTENIMIENTO DE CTA CTE. PREST PERSONAL PREACORDADO SUJETO A POLITICA DE CREDITO CON TASA PREFERENCIAL, PUNTOS PAMPA CLUB, DESCUBIERTO EN CTA CTE DE 70000 PESOS
97;BANCO PROVINCIA DEL NEUQUÉN SOCIEDAD ANÓNIMA;2026-04-06;BPN UNICO MAS;BPN UNICO MAS;42437,12;999999;0;100;Personas humanas en relación de dependencia;Premium signature, black o similar;INCLUYE DOS TARJETAS DE CREDITO UNA AL MENOS BLACK CUENTA CORRIENTE Y ACUERDO EN CC OPCIONAL;Provincia del Neuquén;EL INGRESO MINIMO MENSUAL REQUERIDO ES DE 4000000
93;BANCO DE LA PAMPA SA;2026-03-20;PAQUETE 4 BLACK;PAQ 4;70000,00;5400000;12;83;Empleados públicos;Premium signature, black o similar;TARJETA CALDEN MASTERCARD BLACK Y/O CALDEN VISA BLACK, CAJA DE AHORRO EN DOLARES, CUENTA CORRIENTE INDIVIDUOS, DESCUBIERTO EN CUENTA CORRIENTE INDIVIDUOS DE 420000 PESOS;Provincia del Neuquén;EXENCION DE: COMISION MANTENIMIENTO DE CUENTA TARJ DE CREDITO, COMISION SERVICIO ANUAL RENOVACION TARJETAS DE CREDITO, COMISION MANTENIMIENTO C/A EN DOLARES, COMISION MANTENIMIENTO DE CTA CTE, COMISION ALTA DE ACUERDO, PRESTAMO PERSONAL PREACORDADO SUJETO A POLITICA DE CREDITO CON TASA PREFERENCIAL, PUNTOS PAMPA CLUB, DESCUBIERTO EN CTA CTE DE 420000 PESOS.
97;BANCO PROVINCIA DEL NEUQUÉN SOCIEDAD ANÓNIMA;2026-04-06;BPN UNICO;BPN UNICO;32654,27;999999;0;100;Personas humanas en relación de dependencia;Premium platinum;INCLUYE DOS TARJETAS DE CREDITO UNA AL MENOS PLATINUM CUENTA CORRIENTE Y ACUERDO EN CC OPCIONAL;Provincia del Neuquén;EL INGRESO MINIMO MENSUAL REQUERIDO ES DE 3000000
93;BANCO DE LA PAMPA SA;2026-03-20;PAQUETE 4 BLACK;PAQ 4;70000,00;5400000;12;83;Personas humanas en relación de dependencia;Premium signature, black o similar;TARJETA CALDEN MASTERCARD BLACK Y/O CALDEN VISA BLACK, CAJA DE AHORRO EN DOLARES, CUENTA CORRIENTE INDIVIDUOS, DESCUBIERTO EN CUENTA CORRIENTE INDIVIDUOS DE 420000 PESOS;Provincia del Neuquén;EXENCION DE: COMISION MANTENIMIENTO DE CUENTA TARJ DE CREDITO, COMISION SERVICIO ANUAL RENOVACION TARJETAS DE CREDITO, COMISION MANTENIMIENTO C/A EN DOLARES, COMISION MANTENIMIENTO DE CTA CTE, COMISION ALTA DE ACUERDO, PRESTAMO PERSONAL PREACORDADO SUJETO A POLITICA DE CREDITO CON TASA PREFERENCIAL, PUNTOS PAMPA CLUB, DESCUBIERTO EN CTA CTE DE 420000 PESOS.
93;BANCO DE LA PAMPA SA;2026-03-20;PAQUETE 4 BLACK;PAQ 4;70000,00;5400000;12;83;Clientes con cuenta en la entidad;Premium signature, black o similar;TARJETA CALDEN MASTERCARD BLACK Y/O CALDEN VISA BLACK, CAJA DE AHORRO EN DOLARES, CUENTA CORRIENTE INDIVIDUOS, DESCUBIERTO EN CUENTA CORRIENTE INDIVIDUOS DE 420000 PESOS;Provincia del Neuquén;EXENCION DE: COMISION MANTENIMIENTO DE CUENTA TARJ DE CREDITO, COMISION SERVICIO ANUAL RENOVACION TARJETAS DE CREDITO, COMISION MANTENIMIENTO C/A EN DOLARES, COMISION MANTENIMIENTO DE CTA CTE, COMISION ALTA DE ACUERDO, PRESTAMO PERSONAL PREACORDADO SUJETO A POLITICA DE CREDITO CON TASA PREFERENCIAL, PUNTOS PAMPA CLUB, DESCUBIERTO EN CTA CTE DE 420000 PESOS.
93;BANCO DE LA PAMPA SA;2026-03-20;PAQUETE 3 PLATINO;PAQ 3;52000,00;2250000;12;83;Empleados públicos;Premium platinum;TARJETA CALDEN MASTERCARD PLATINUM Y/O CALDEN VISA PLATINUM, CAJA DE AHORRO EN DOLARES, CUENTA CORRIENTE INDIVIDUOS, DESCUBIERTO EN CUENTA CORRIENTE INDIVIDUOS DE 175000 PESOS;Provincia del Neuquén;EXENCION DE: COMISION MANTENIMIENTO DE CUENTA TARJ DE CREDITO, COMISION SERV ANUAL RENOVACION TARJ DE CREDITO, COMISION MANTENIMIENTO C/A EN DOLARES, COMISION MANTENIMIENTO DE CTA CTE, COMISION ALTA DE ACUERDO. PREST PERSONAL PREACORDADO SUJETO A POLITICA DE CREDITO CON TASA PREFERENCIAL, PUNTOS PAMPA CLUB, DESCUBIERTO EN CTA CTE DE 175000 PESOS.
97;BANCO PROVINCIA DEL NEUQUÉN SOCIEDAD ANÓNIMA;2026-04-06;BPN UNICO;BPN UNICO;32654,27;999999;12;100;Personas humanas Responsables Inscriptos;Premium signature, black o similar;INCLUYE DOS TARJETAS DE CREDITO UNA AL MENOS PLATINUM CUENTA CORRIENTE Y ACUERDO EN CC OPCIONAL;Provincia del Neuquén;EL INGRESO MINIMO MENSUAL REQUERIDO ES DE 3000000
93;BANCO DE LA PAMPA SA;2026-03-20;PAQUETE 4 BLACK;PAQ 4;70000,00;5400000;6;83;Beneficiarios de cuentas de          Seguridad Social;Premium signature, black o similar;TARJETA CALDEN MASTERCARD BLACK Y/O CALDEN VISA BLACK, CAJA DE AHORRO EN DOLARES, CUENTA CORRIENTE INDIVIDUOS, DESCUBIERTO EN CUENTA CORRIENTE INDIVIDUOS DE 420000 PESOS;Provincia del Neuquén;EXENCION DE: COMISION MANTENIMIENTO DE CUENTA TARJ DE CREDITO, COMISION SERVICIO ANUAL RENOVACION TARJETAS DE CREDITO, COMISION MANTENIMIENTO C/A EN DOLARES, COMISION MANTENIMIENTO DE CTA CTE, COMISION ALTA DE ACUERDO, PRESTAMO PERSONAL PREACORDADO SUJETO A POLITICA DE CREDITO CON TASA PREFERENCIAL, PUNTOS PAMPA CLUB, DESCUBIERTO EN CTA CTE DE 420000 PESOS.
97;BANCO PROVINCIA DEL NEUQUÉN SOCIEDAD ANÓNIMA;2026-04-06;BPN UNICO MAS;BPN UNICO MAS;42437,12;999999;0;100;Clientes con cuenta en la entidad;Premium signature, black o similar;INCLUYE DOS TARJETAS DE CREDITO UNA AL MENOS BLACK CUENTA CORRIENTE Y ACUERDO EN CC OPCIONAL;Provincia del Neuquén;EL INGRESO MINIMO MENSUAL REQUERIDO ES DE 4000000
97;BANCO PROVINCIA DEL NEUQUÉN SOCIEDAD ANÓNIMA;2026-04-06;BPN UNICO MAS;BPN UNICO MAS;42437,12;999999;12;100;Personas humanas Monotributistas;Premium platinum;INCLUYE DOS TARJETAS DE CREDITO UNA AL MENOS BLACK CUENTA CORRIENTE Y ACUERDO EN CC OPCIONAL;Provincia del Neuquén;EL INGRESO MINIMO MENSUAL REQUERIDO ES DE 4000000
97;BANCO PROVINCIA DEL NEUQUÉN SOCIEDAD ANÓNIMA;2026-04-06;BPN UNICO MAS;BPN UNICO MAS;42437,12;999999;0;100;Clientes con cuenta en la entidad;Premium platinum;INCLUYE DOS TARJETAS DE CREDITO UNA AL MENOS BLACK CUENTA CORRIENTE Y ACUERDO EN CC OPCIONAL;Provincia del Neuquén;EL INGRESO MINIMO MENSUAL REQUERIDO ES DE 4000000
97;BANCO PROVINCIA DEL NEUQUÉN SOCIEDAD ANÓNIMA;2026-04-06;BPN UNICO;BPN UNICO;32654,27;999999;0;100;Clientes con cuenta en la entidad;Premium platinum;INCLUYE DOS TARJETAS DE CREDITO UNA AL MENOS PLATINUM CUENTA CORRIENTE Y ACUERDO EN CC OPCIONAL;Provincia del Neuquén;EL INGRESO MINIMO MENSUAL REQUERIDO ES DE 3000000
97;BANCO PROVINCIA DEL NEUQUÉN SOCIEDAD ANÓNIMA;2026-04-06;BPN UNICO;BPN UNICO;32654,27;999999;0;100;Clientes que acrediten sueldos en la entidad;Premium platinum;INCLUYE DOS TARJETAS DE CREDITO UNA AL MENOS PLATINUM CUENTA CORRIENTE Y ACUERDO EN CC OPCIONAL;Provincia del Neuquén;EL INGRESO MINIMO MENSUAL REQUERIDO ES DE 3000000
97;BANCO PROVINCIA DEL NEUQUÉN SOCIEDAD ANÓNIMA;2026-04-06;BPN UNICO;BPN UNICO;32654,27;999999;0;100;Beneficiarios de cuentas de          Seguridad Social;Premium signature, black o similar;INCLUYE DOS TARJETAS DE CREDITO UNA AL MENOS PLATINUM CUENTA CORRIENTE Y ACUERDO EN CC OPCIONAL;Provincia del Neuquén;EL INGRESO MINIMO MENSUAL REQUERIDO ES DE 3000000
93;BANCO DE LA PAMPA SA;2026-03-20;PAQUETE 3 PLATINO;PAQ 3;52000,00;2250000;24;83;Personas humanas Monotributistas;Premium platinum;TARJETA CALDEN MASTERCARD PLATINUM Y/O CALDEN VISA PLATINUM, CAJA DE AHORRO EN DOLARES, CUENTA CORRIENTE INDIVIDUOS, DESCUBIERTO EN CUENTA CORRIENTE INDIVIDUOS DE 175000 PESOS;Provincia del Neuquén;EXENCION DE: COMISION MANTENIMIENTO DE CUENTA TARJ DE CREDITO, COMISION SERV ANUAL RENOVACION TARJ DE CREDITO, COMISION MANTENIMIENTO C/A EN DOLARES, COMISION MANTENIMIENTO DE CTA CTE, COMISION ALTA DE ACUERDO. PREST PERSONAL PREACORDADO SUJETO A POLITICA DE CREDITO CON TASA PREFERENCIAL, PUNTOS PAMPA CLUB, DESCUBIERTO EN CTA CTE DE 175000 PESOS.
97;BANCO PROVINCIA DEL NEUQUÉN SOCIEDAD ANÓNIMA;2026-04-06;BPN UNICO;BPN UNICO;32654,27;999999;12;100;Personas humanas Monotributistas;Premium signature, black o similar;INCLUYE DOS TARJETAS DE CREDITO UNA AL MENOS PLATINUM CUENTA CORRIENTE Y ACUERDO EN CC OPCIONAL;Provincia del Neuquén;EL INGRESO MINIMO MENSUAL REQUERIDO ES DE 3000000
97;BANCO PROVINCIA DEL NEUQUÉN SOCIEDAD ANÓNIMA;2026-04-06;BPN UNICO MAS;BPN UNICO MAS;42437,12;999999;0;100;Empleados públicos;Premium platinum;INCLUYE DOS TARJETAS DE CREDITO UNA AL MENOS BLACK CUENTA CORRIENTE Y ACUERDO EN CC OPCIONAL;Provincia del Neuquén;EL INGRESO MINIMO MENSUAL REQUERIDO ES DE 4000000
97;BANCO PROVINCIA DEL NEUQUÉN SOCIEDAD ANÓNIMA;2026-04-06;BPN UNICO;BPN UNICO;32654,27;999999;12;100;Personas humanas Responsables Inscriptos;Premium platinum;INCLUYE DOS TARJETAS DE CREDITO UNA AL MENOS PLATINUM CUENTA CORRIENTE Y ACUERDO EN CC OPCIONAL;Provincia del Neuquén;EL INGRESO MINIMO MENSUAL REQUERIDO ES DE 3000000
97;BANCO PROVINCIA DEL NEUQUÉN SOCIEDAD ANÓNIMA;2026-04-06;BPN UNICO MAS;BPN UNICO MAS;42437,12;999999;12;100;Personas humanas Monotributistas;Premium signature, black o similar;INCLUYE DOS TARJETAS DE CREDITO UNA AL MENOS BLACK CUENTA CORRIENTE Y ACUERDO EN CC OPCIONAL;Provincia del Neuquén;EL INGRESO MINIMO MENSUAL REQUERIDO ES DE 4000000
93;BANCO DE LA PAMPA SA;2026-03-20;PAQUETE 4 BLACK;PAQ 4;70000,00;5400000;6;83;Clientes que acrediten sueldos en la entidad;Premium signature, black o similar;TARJETA CALDEN MASTERCARD BLACK Y/O CALDEN VISA BLACK, CAJA DE AHORRO EN DOLARES, CUENTA CORRIENTE INDIVIDUOS, DESCUBIERTO EN CUENTA CORRIENTE INDIVIDUOS DE 420000 PESOS;Provincia del Neuquén;EXENCION DE: COMISION MANTENIMIENTO DE CUENTA TARJ DE CREDITO, COMISION SERVICIO ANUAL RENOVACION TARJETAS DE CREDITO, COMISION MANTENIMIENTO C/A EN DOLARES, COMISION MANTENIMIENTO DE CTA CTE, COMISION ALTA DE ACUERDO, PRESTAMO PERSONAL PREACORDADO SUJETO A POLITICA DE CREDITO CON TASA PREFERENCIAL, PUNTOS PAMPA CLUB, DESCUBIERTO EN CTA CTE DE 420000 PESOS.
93;BANCO DE LA PAMPA SA;2026-03-20;PAQUETE 3 PLATINO;PAQ 3;52000,00;2250000;12;83;Personas humanas en relación de dependencia;Premium platinum;TARJETA CALDEN MASTERCARD PLATINUM Y/O CALDEN VISA PLATINUM, CAJA DE AHORRO EN DOLARES, CUENTA CORRIENTE INDIVIDUOS, DESCUBIERTO EN CUENTA CORRIENTE INDIVIDUOS DE 175000 PESOS;Provincia del Neuquén;EXENCION DE: COMISION MANTENIMIENTO DE CUENTA TARJ DE CREDITO, COMISION SERV ANUAL RENOVACION TARJ DE CREDITO, COMISION MANTENIMIENTO C/A EN DOLARES, COMISION MANTENIMIENTO DE CTA CTE, COMISION ALTA DE ACUERDO. PREST PERSONAL PREACORDADO SUJETO A POLITICA DE CREDITO CON TASA PREFERENCIAL, PUNTOS PAMPA CLUB, DESCUBIERTO EN CTA CTE DE 175000 PESOS.
93;BANCO DE LA PAMPA SA;2026-03-20;PAQUETE 3 PLATINO;PAQ 3;52000,00;2250000;12;83;Clientes con cuenta en la entidad;Premium platinum;TARJETA CALDEN MASTERCARD PLATINUM Y/O CALDEN VISA PLATINUM, CAJA DE AHORRO EN DOLARES, CUENTA CORRIENTE INDIVIDUOS, DESCUBIERTO EN CUENTA CORRIENTE INDIVIDUOS DE 175000 PESOS;Provincia del Neuquén;EXENCION DE: COMISION MANTENIMIENTO DE CUENTA TARJ DE CREDITO, COMISION SERV ANUAL RENOVACION TARJ DE CREDITO, COMISION MANTENIMIENTO C/A EN DOLARES, COMISION MANTENIMIENTO DE CTA CTE, COMISION ALTA DE ACUERDO. PREST PERSONAL PREACORDADO SUJETO A POLITICA DE CREDITO CON TASA PREFERENCIAL, PUNTOS PAMPA CLUB, DESCUBIERTO EN CTA CTE DE 175000 PESOS.
97;BANCO PROVINCIA DEL NEUQUÉN SOCIEDAD ANÓNIMA;2026-04-06;BPN UNICO;BPN UNICO;32654,27;999999;0;100;Clientes que acrediten sueldos en la entidad;Premium signature, black o similar;INCLUYE DOS TARJETAS DE CREDITO UNA AL MENOS PLATINUM CUENTA CORRIENTE Y ACUERDO EN CC OPCIONAL;Provincia del Neuquén;EL INGRESO MINIMO MENSUAL REQUERIDO ES DE 3000000
97;BANCO PROVINCIA DEL NEUQUÉN SOCIEDAD ANÓNIMA;2026-04-06;BPN UNICO;BPN UNICO;32654,27;999999;0;100;Empleados públicos;Premium signature, black o similar;INCLUYE DOS TARJETAS DE CREDITO UNA AL MENOS PLATINUM CUENTA CORRIENTE Y ACUERDO EN CC OPCIONAL;Provincia del Neuquén;EL INGRESO MINIMO MENSUAL REQUERIDO ES DE 3000000
93;BANCO DE LA PAMPA SA;2026-03-20;PAQUETE 2 DORADO;PAQ 2;35000,00;900000;24;83;Personas humanas Responsables Inscriptos;Premium gold;TARJETA CALDEN MASTERCARD GOLD Y/O CALDEN VISA GOLD, CAJA DE AHORRO EN DOLARES, CUENTA CORRIENTE INDIVIDUOS, DESCUBIERTO EN CTA CTE DE 70000 PESOS;Provincia del Neuquén;EXENCION DE: COMISION MANTENIMIENTO DE CUENTA TARJ DE CREDITO, COMISION SERV ANUAL RENOVACION TARJ DE CREDITO, COMISION MANTENIMIENTO C/A EN DOLARES, COMISION MANTENIMIENTO DE CTA CTE. PREST PERSONAL PREACORDADO SUJETO A POLITICA DE CREDITO CON TASA PREFERENCIAL, PUNTOS PAMPA CLUB, DESCUBIERTO EN CTA CTE DE 70000 PESOS
97;BANCO PROVINCIA DEL NEUQUÉN SOCIEDAD ANÓNIMA;2026-04-06;BPN UNICO;BPN UNICO;32654,27;999999;12;100;Personas humanas Monotributistas;Premium platinum;INCLUYE DOS TARJETAS DE CREDITO UNA AL MENOS PLATINUM CUENTA CORRIENTE Y ACUERDO EN CC OPCIONAL;Provincia del Neuquén;EL INGRESO MINIMO MENSUAL REQUERIDO ES DE 3000000
97;BANCO PROVINCIA DEL NEUQUÉN SOCIEDAD ANÓNIMA;2026-04-06;BPN UNICO MAS;BPN UNICO MAS;42437,12;999999;0;100;Personas humanas en relación de dependencia;Premium platinum;INCLUYE DOS TARJETAS DE CREDITO UNA AL MENOS BLACK CUENTA CORRIENTE Y ACUERDO EN CC OPCIONAL;Provincia del Neuquén;EL INGRESO MINIMO MENSUAL REQUERIDO ES DE 4000000
93;BANCO DE LA PAMPA SA;2026-03-20;PAQUETE 3 PLATINO;PAQ 3;52000,00;2250000;6;83;Beneficiarios de cuentas de          Seguridad Social;Premium platinum;TARJETA CALDEN MASTERCARD PLATINUM Y/O CALDEN VISA PLATINUM, CAJA DE AHORRO EN DOLARES, CUENTA CORRIENTE INDIVIDUOS, DESCUBIERTO EN CUENTA CORRIENTE INDIVIDUOS DE 175000 PESOS;Provincia del Neuquén;EXENCION DE: COMISION MANTENIMIENTO DE CUENTA TARJ DE CREDITO, COMISION SERV ANUAL RENOVACION TARJ DE CREDITO, COMISION MANTENIMIENTO C/A EN DOLARES, COMISION MANTENIMIENTO DE CTA CTE, COMISION ALTA DE ACUERDO. PREST PERSONAL PREACORDADO SUJETO A POLITICA DE CREDITO CON TASA PREFERENCIAL, PUNTOS PAMPA CLUB, DESCUBIERTO EN CTA CTE DE 175000 PESOS.
93;BANCO DE LA PAMPA SA;2026-03-20;PAQUETE 4 BLACK;PAQ 4;70000,00;5400000;24;83;Personas humanas Monotributistas;Premium signature, black o similar;TARJETA CALDEN MASTERCARD BLACK Y/O CALDEN VISA BLACK, CAJA DE AHORRO EN DOLARES, CUENTA CORRIENTE INDIVIDUOS, DESCUBIERTO EN CUENTA CORRIENTE INDIVIDUOS DE 420000 PESOS;Provincia del Neuquén;EXENCION DE: COMISION MANTENIMIENTO DE CUENTA TARJ DE CREDITO, COMISION SERVICIO ANUAL RENOVACION TARJETAS DE CREDITO, COMISION MANTENIMIENTO C/A EN DOLARES, COMISION MANTENIMIENTO DE CTA CTE, COMISION ALTA DE ACUERDO, PRESTAMO PERSONAL PREACORDADO SUJETO A POLITICA DE CREDITO CON TASA PREFERENCIAL, PUNTOS PAMPA CLUB, DESCUBIERTO EN CTA CTE DE 420000 PESOS.
97;BANCO PROVINCIA DEL NEUQUÉN SOCIEDAD ANÓNIMA;2026-04-06;BPN UNICO MAS;BPN UNICO MAS;42437,12;999999;0;100;Beneficiarios de cuentas de          Seguridad Social;Premium platinum;INCLUYE DOS TARJETAS DE CREDITO UNA AL MENOS BLACK CUENTA CORRIENTE Y ACUERDO EN CC OPCIONAL;Provincia del Neuquén;EL INGRESO MINIMO MENSUAL REQUERIDO ES DE 4000000
93;BANCO DE LA PAMPA SA;2026-03-20;PAQUETE 4 BLACK;PAQ 4;70000,00;5400000;24;83;Personas humanas Responsables Inscriptos;Premium signature, black o similar;TARJETA CALDEN MASTERCARD BLACK Y/O CALDEN VISA BLACK, CAJA DE AHORRO EN DOLARES, CUENTA CORRIENTE INDIVIDUOS, DESCUBIERTO EN CUENTA CORRIENTE INDIVIDUOS DE 420000 PESOS;Provincia del Neuquén;EXENCION DE: COMISION MANTENIMIENTO DE CUENTA TARJ DE CREDITO, COMISION SERVICIO ANUAL RENOVACION TARJETAS DE CREDITO, COMISION MANTENIMIENTO C/A EN DOLARES, COMISION MANTENIMIENTO DE CTA CTE, COMISION ALTA DE ACUERDO, PRESTAMO PERSONAL PREACORDADO SUJETO A POLITICA DE CREDITO CON TASA PREFERENCIAL, PUNTOS PAMPA CLUB, DESCUBIERTO EN CTA CTE DE 420000 PESOS.
97;BANCO PROVINCIA DEL NEUQUÉN SOCIEDAD ANÓNIMA;2026-04-06;BPN UNICO MAS;BPN UNICO MAS;42437,12;999999;0;100;Clientes que acrediten sueldos en la entidad;Premium platinum;INCLUYE DOS TARJETAS DE CREDITO UNA AL MENOS BLACK CUENTA CORRIENTE Y ACUERDO EN CC OPCIONAL;Provincia del Neuquén;EL INGRESO MINIMO MENSUAL REQUERIDO ES DE 4000000
97;BANCO PROVINCIA DEL NEUQUÉN SOCIEDAD ANÓNIMA;2026-04-06;BPN UNICO MAS;BPN UNICO MAS;42437,12;999999;0;100;Beneficiarios de cuentas de          Seguridad Social;Premium signature, black o similar;INCLUYE DOS TARJETAS DE CREDITO UNA AL MENOS BLACK CUENTA CORRIENTE Y ACUERDO EN CC OPCIONAL;Provincia del Neuquén;EL INGRESO MINIMO MENSUAL REQUERIDO ES DE 4000000
97;BANCO PROVINCIA DEL NEUQUÉN SOCIEDAD ANÓNIMA;2026-04-06;BPN UNICO MAS;BPN UNICO MAS;42437,12;999999;12;100;Personas humanas Responsables Inscriptos;Premium signature, black o similar;INCLUYE DOS TARJETAS DE CREDITO UNA AL MENOS BLACK CUENTA CORRIENTE Y ACUERDO EN CC OPCIONAL;Provincia del Neuquén;EL INGRESO MINIMO MENSUAL REQUERIDO ES DE 4000000
97;BANCO PROVINCIA DEL NEUQUÉN SOCIEDAD ANÓNIMA;2026-04-06;BPN UNICO;BPN UNICO;32654,27;999999;0;100;Beneficiarios de cuentas de          Seguridad Social;Premium platinum;INCLUYE DOS TARJETAS DE CREDITO UNA AL MENOS PLATINUM CUENTA CORRIENTE Y ACUERDO EN CC OPCIONAL;Provincia del Neuquén;EL INGRESO MINIMO MENSUAL REQUERIDO ES DE 3000000
97;BANCO PROVINCIA DEL NEUQUÉN SOCIEDAD ANÓNIMA;2026-04-06;BPN UNICO;BPN UNICO;32654,27;999999;0;100;Personas humanas en relación de dependencia;Premium signature, black o similar;INCLUYE DOS TARJETAS DE CREDITO UNA AL MENOS PLATINUM CUENTA CORRIENTE Y ACUERDO EN CC OPCIONAL;Provincia del Neuquén;EL INGRESO MINIMO MENSUAL REQUERIDO ES DE 3000000
93;BANCO DE LA PAMPA SA;2026-03-20;PAQUETE 3 PLATINO;PAQ 3;52000,00;2250000;24;83;Personas humanas Responsables Inscriptos;Premium platinum;TARJETA CALDEN MASTERCARD PLATINUM Y/O CALDEN VISA PLATINUM, CAJA DE AHORRO EN DOLARES, CUENTA CORRIENTE INDIVIDUOS, DESCUBIERTO EN CUENTA CORRIENTE INDIVIDUOS DE 175000 PESOS;Provincia del Neuquén;EXENCION DE: COMISION MANTENIMIENTO DE CUENTA TARJ DE CREDITO, COMISION SERV ANUAL RENOVACION TARJ DE CREDITO, COMISION MANTENIMIENTO C/A EN DOLARES, COMISION MANTENIMIENTO DE CTA CTE, COMISION ALTA DE ACUERDO. PREST PERSONAL PREACORDADO SUJETO A POLITICA DE CREDITO CON TASA PREFERENCIAL, PUNTOS PAMPA CLUB, DESCUBIERTO EN CTA CTE DE 175000 PESOS.
97;BANCO PROVINCIA DEL NEUQUÉN SOCIEDAD ANÓNIMA;2026-04-06;BPN UNICO;BPN UNICO;32654,27;999999;0;100;Empleados públicos;Premium platinum;INCLUYE DOS TARJETAS DE CREDITO UNA AL MENOS PLATINUM CUENTA CORRIENTE Y ACUERDO EN CC OPCIONAL;Provincia del Neuquén;EL INGRESO MINIMO MENSUAL REQUERIDO ES DE 3000000
97;BANCO PROVINCIA DEL NEUQUÉN SOCIEDAD ANÓNIMA;2026-04-06;BPN UNICO MAS;BPN UNICO MAS;42437,12;999999;0;100;Empleados públicos;Premium signature, black o similar;INCLUYE DOS TARJETAS DE CREDITO UNA AL MENOS BLACK CUENTA CORRIENTE Y ACUERDO EN CC OPCIONAL;Provincia del Neuquén;EL INGRESO MINIMO MENSUAL REQUERIDO ES DE 4000000
97;BANCO PROVINCIA DEL NEUQUÉN SOCIEDAD ANÓNIMA;2026-04-06;BPN SELECTO;BPN SELECTO;22260,37;999999;0;100;Empleados públicos;Premium gold;INCLUYE DOS TARJETAS DE CREDITO UNA AL MENOS GOLD CUENTA CORRIENTE Y ACUERDO EN CC OPCIONAL;Provincia del Neuquén;EL INGRESO MINIMO MENSUAL REQUERIDO ES DE 1700000
45056;MONTEMAR COMPAÑIA FINANCIERA S.A.;2026-03-13;PAQUETE CUENTA MONTEMAR PLUS BLACK;CUENTA MTM PLUS BLACK;193664,80;0;12;75;Clientes que acrediten sueldos en la entidad;Básico;TARJETA DE CREDITO MONTEMAR - CAJA DE AHORRO EN PESOS Y DOLARES - TARJETA DE CREDITO MASTERCARD BLACK- TARJETA DE DEBITO;Provincia del Neuquén;TASA PREFERENCIAL DEPOSITOS A PLAZO FIJO INTRANSFERIBLE EN PESOS - TASA BONIFICADAS PRESTAMOS PERSONALES - PROGRAMA DE BENEFICIOS PREMIA O LOS ANDES PASS - ASISTENCIA MONTEMAR TRANQUI BONIFICADO - DESCUENTO EN SEGUROS DE SAN CRISTOBAL 
97;BANCO PROVINCIA DEL NEUQUÉN SOCIEDAD ANÓNIMA;2026-04-06;BPN PLUS;BPN PLUS;16328,95;715000;12;100;Personas humanas Monotributistas;Básico;INCLUYE DOS TARJETAS DE CREDITO UNA AL MENOS INTERNACIONAL CUENTA CORRIENTE Y ACUERDO EN CC OPCIONAL;Provincia del Neuquén;
97;BANCO PROVINCIA DEL NEUQUÉN SOCIEDAD ANÓNIMA;2026-04-06;BPN CLASICO;BPN CLASICO;10715,76;357800;12;100;Personas humanas Responsables Inscriptos;Básico;INCLUYE DOS TARJETAS DE CREDITO UNA OBLIGATORIA Y OTRA OPCIONAL;Provincia del Neuquén;
97;BANCO PROVINCIA DEL NEUQUÉN SOCIEDAD ANÓNIMA;2026-04-06;BPN CLASICO;BPN CLASICO;10715,76;357800;12;100;Personas humanas Monotributistas;Básico;INCLUYE DOS TARJETAS DE CREDITO UNA OBLIGATORIA Y OTRA OPCIONAL;Provincia del Neuquén;
93;BANCO DE LA PAMPA SA;2026-03-20;PAQUETE 1 INTERNACIONAL;PAQ 1;23000,00;380000;6;83;Beneficiarios de cuentas de          Seguridad Social;Básico;TARJETA CALDEN MASTERCARD INTERNACIONAL Y/O CALDEN VISA INTERNACIONAL, CAJA DE AHORRO EN DOLARES;Provincia del Neuquén;EXENCION DE: COMISION MANTENIMIENTO DE CUENTA TARJ DE CREDITO,  COMISION SERVICIO ANUAL RENOVACION TARJ DE CREDITO, COMISION MANTENIMIENTO C/A EN DOLARES. PREST PERSONAL PREACORDADO SUJETO A POLITICA DE CREDITO CON TASA PREFERENCIAL, PUNTOS PAMPA CLUB
45056;MONTEMAR COMPAÑIA FINANCIERA S.A.;2026-03-13;PAQUETE CUENTA MONTEMAR PLUS BLACK;CUENTA MTM PLUS BLACK;193664,80;0;12;75;Personas humanas Monotributistas;Básico;TARJETA DE CREDITO MONTEMAR - CAJA DE AHORRO EN PESOS Y DOLARES - TARJETA DE CREDITO MASTERCARD BLACK- TARJETA DE DEBITO;Provincia del Neuquén;TASA PREFERENCIAL DEPOSITOS A PLAZO FIJO INTRANSFERIBLE EN PESOS - TASA BONIFICADAS PRESTAMOS PERSONALES - PROGRAMA DE BENEFICIOS PREMIA O LOS ANDES PASS - ASISTENCIA MONTEMAR TRANQUI BONIFICADO - DESCUENTO EN SEGUROS DE SAN CRISTOBAL 
45056;MONTEMAR COMPAÑIA FINANCIERA S.A.;2026-03-13;PAQUETE CUENTA MONTEMAR II;CUENTA MONTEMAR II;26816,52;0;12;75;Personas humanas Responsables Inscriptos;Básico;TARJETA DE CREDITO MONTEMAR - CAJA DE AHORRO EN PESOS Y DOLARES;Provincia del Neuquén;TASA PREFERENCIAL DEPOSITOS A PLAZO FIJO INTRANSFERIBLE EN PESOS - TASA BONIFICADAS PRESTAMOS PERSONALES  CON GARANTIA REAL- SE COBRA ANUALMENTE 321798,18
45056;MONTEMAR COMPAÑIA FINANCIERA S.A.;2026-03-13;PAQUETE CUENTA MONTEMAR I;CUENTA MONTEMAR I;20112,41;0;12;75;Personas humanas Responsables Inscriptos;Básico;TARJETA DE CREDITO MONTEMAR - CAJA DE AHORRO EN PESOS Y DOLARES;Provincia del Neuquén;TASA PREFERENCIAL DEPOSITOS A PLAZO FIJO INTRANSFERIBLE EN PESOS - TASA BONIFICADAS PRESTAMOS PERSONALES - SE COBRA ANUALMENTE 241348,92
97;BANCO PROVINCIA DEL NEUQUÉN SOCIEDAD ANÓNIMA;2026-04-06;BPN PLUS;BPN PLUS;16328,95;715000;12;100;Personas humanas Responsables Inscriptos;Básico;INCLUYE DOS TARJETAS DE CREDITO UNA AL MENOS INTERNACIONAL CUENTA CORRIENTE Y ACUERDO EN CC OPCIONAL;Provincia del Neuquén;
45056;MONTEMAR COMPAÑIA FINANCIERA S.A.;2026-03-13;PAQUETE CUENTA MONTEMAR PLUS PLATINUM;CUENTA MTM PLUS PLATINUM;153076,38;0;12;75;Personas humanas Monotributistas;Básico;TARJETA DE CREDITO MONTEMAR - CAJA DE AHORRO EN PESOS Y DOLARES - TARJETA DE CREDITO MASTERCARD PLATINUM- TARJETA DE DEBITO;Provincia del Neuquén;TASA PREFERENCIAL DEPOSITOS A PLAZO FIJO INTRANSFERIBLE EN PESOS - TASA BONIFICADAS PRESTAMOS PERSONALES - PROGRAMA DE BENEFICIOS PREMIA O LOS ANDES PASS - ASISTENCIA MONTEMAR TRANQUI BONIFICADO - DESCUENTO EN SEGUROS DE SAN CRISTOBAL 
97;BANCO PROVINCIA DEL NEUQUÉN SOCIEDAD ANÓNIMA;2026-04-06;BPN PLUS;BPN PLUS;16328,95;715000;0;100;Personas humanas en relación de dependencia;Básico;INCLUYE DOS TARJETAS DE CREDITO UNA AL MENOS INTERNACIONAL CUENTA CORRIENTE Y ACUERDO EN CC OPCIONAL;Provincia del Neuquén;
93;BANCO DE LA PAMPA SA;2026-03-20;PAQUETE 1 INTERNACIONAL;PAQ 1;23000,00;380000;24;83;Personas humanas Responsables Inscriptos;Básico;TARJETA CALDEN MASTERCARD INTERNACIONAL Y/O CALDEN VISA INTERNACIONAL, CAJA DE AHORRO EN DOLARES;Provincia del Neuquén;EXENCION DE: COMISION MANTENIMIENTO DE CUENTA TARJ DE CREDITO,  COMISION SERVICIO ANUAL RENOVACION TARJ DE CREDITO, COMISION MANTENIMIENTO C/A EN DOLARES. PREST PERSONAL PREACORDADO SUJETO A POLITICA DE CREDITO CON TASA PREFERENCIAL, PUNTOS PAMPA CLUB
45056;MONTEMAR COMPAÑIA FINANCIERA S.A.;2026-03-13;PAQUETE CUENTA MONTEMAR PLUS;CUENTA MTM PLUS;79348,47;0;12;75;Personas humanas en relación de dependencia;Básico;TARJETA DE CREDITO MONTEMAR - CAJA DE AHORRO EN PESOS Y DOLARES - TARJETA DE CREDITO MASTERCARD INTERNACIONAL - TARJETA DE DEBITO;Provincia del Neuquén;TASA PREFERENCIAL DEPOSITOS A PLAZO FIJO INTRANSFERIBLE EN PESOS - TASA BONIFICADAS PRESTAMOS PERSONALES - PROGRAMA DE BENEFICIOS PREMIA O LOS ANDES PASS - ASISTENCIA MONTEMAR TRANQUI BONIFICADO - DESCUENTO EN SEGUROS DE SAN CRISTOBAL 
45056;MONTEMAR COMPAÑIA FINANCIERA S.A.;2026-03-13;PAQUETE CUENTA MONTEMAR II;CUENTA MONTEMAR II;26816,52;0;12;75;Personas humanas en relación de dependencia;Básico;TARJETA DE CREDITO MONTEMAR - CAJA DE AHORRO EN PESOS Y DOLARES;Provincia del Neuquén;TASA PREFERENCIAL DEPOSITOS A PLAZO FIJO INTRANSFERIBLE EN PESOS - TASA BONIFICADAS PRESTAMOS PERSONALES  CON GARANTIA REAL- SE COBRA ANUALMENTE 321798,18
45056;MONTEMAR COMPAÑIA FINANCIERA S.A.;2026-03-13;PAQUETE CUENTA MONTEMAR II;CUENTA MONTEMAR II;26816,52;0;12;75;Personas humanas Monotributistas;Básico;TARJETA DE CREDITO MONTEMAR - CAJA DE AHORRO EN PESOS Y DOLARES;Provincia del Neuquén;TASA PREFERENCIAL DEPOSITOS A PLAZO FIJO INTRANSFERIBLE EN PESOS - TASA BONIFICADAS PRESTAMOS PERSONALES  CON GARANTIA REAL- SE COBRA ANUALMENTE 321798,18
45056;MONTEMAR COMPAÑIA FINANCIERA S.A.;2026-03-13;PAQUETE CUENTA MONTEMAR PLUS BLACK;CUENTA MTM PLUS BLACK;193664,80;0;12;75;Personas humanas en relación de dependencia;Básico;TARJETA DE CREDITO MONTEMAR - CAJA DE AHORRO EN PESOS Y DOLARES - TARJETA DE CREDITO MASTERCARD BLACK- TARJETA DE DEBITO;Provincia del Neuquén;TASA PREFERENCIAL DEPOSITOS A PLAZO FIJO INTRANSFERIBLE EN PESOS - TASA BONIFICADAS PRESTAMOS PERSONALES - PROGRAMA DE BENEFICIOS PREMIA O LOS ANDES PASS - ASISTENCIA MONTEMAR TRANQUI BONIFICADO - DESCUENTO EN SEGUROS DE SAN CRISTOBAL 
45056;MONTEMAR COMPAÑIA FINANCIERA S.A.;2026-03-13;PAQUETE CUENTA MONTEMAR I;CUENTA MONTEMAR I;20112,41;0;12;75;Personas humanas en relación de dependencia;Básico;TARJETA DE CREDITO MONTEMAR - CAJA DE AHORRO EN PESOS Y DOLARES;Provincia del Neuquén;TASA PREFERENCIAL DEPOSITOS A PLAZO FIJO INTRANSFERIBLE EN PESOS - TASA BONIFICADAS PRESTAMOS PERSONALES - SE COBRA ANUALMENTE 241348,92
45056;MONTEMAR COMPAÑIA FINANCIERA S.A.;2026-03-13;PAQUETE CUENTA SUELDO PLUS;CUENTA MTM SUELDO PLUS;75569,98;0;12;75;Personas humanas en relación de dependencia;Básico;TARJETA DE CREDITO MONTEMAR - CAJA DE AHORRO EN PESOS Y DOLARES - TARJETA DE CREDITO MASTERCARD - TARJETA DE DEBITO;Provincia del Neuquén;TASA PREFERENCIAL DEPOSITOS A PLAZO FIJO INTRANSFERIBLE EN PESOS - TASA BONIFICADAS PRESTAMOS PERSONALES - PROGRAMA DE BENEFICIOS PREMIA O LOS ANDES PASS - ASISTENCIA MONTEMAR TRANQUI BONIFICADO - DESCUENTO EN SEGUROS DE SAN CRISTOBAL - DESCUENTO PLUS
93;BANCO DE LA PAMPA SA;2026-03-20;PAQUETE 1 INTERNACIONAL;PAQ 1;23000,00;380000;24;83;Personas humanas Monotributistas;Básico;TARJETA CALDEN MASTERCARD INTERNACIONAL Y/O CALDEN VISA INTERNACIONAL, CAJA DE AHORRO EN DOLARES;Provincia del Neuquén;EXENCION DE: COMISION MANTENIMIENTO DE CUENTA TARJ DE CREDITO,  COMISION SERVICIO ANUAL RENOVACION TARJ DE CREDITO, COMISION MANTENIMIENTO C/A EN DOLARES. PREST PERSONAL PREACORDADO SUJETO A POLITICA DE CREDITO CON TASA PREFERENCIAL, PUNTOS PAMPA CLUB
45056;MONTEMAR COMPAÑIA FINANCIERA S.A.;2026-03-13;PAQUETE CUENTA MONTEMAR PLUS ORO;CUENTA MTM PLUS ORO;108429,02;0;12;75;Personas humanas en relación de dependencia;Básico;TARJETA DE CREDITO MONTEMAR - CAJA DE AHORRO EN PESOS Y DOLARES - TARJETA DE CREDITO MASTERCARD GOLD- TARJETA DE DEBITO;Provincia del Neuquén;TASA PREFERENCIAL DEPOSITOS A PLAZO FIJO INTRANSFERIBLE EN PESOS - TASA BONIFICADAS PRESTAMOS PERSONALES - PROGRAMA DE BENEFICIOS PREMIA O LOS ANDES PASS - ASISTENCIA MONTEMAR TRANQUI BONIFICADO - DESCUENTO EN SEGUROS DE SAN CRISTOBAL 
97;BANCO PROVINCIA DEL NEUQUÉN SOCIEDAD ANÓNIMA;2026-04-06;BPN PLUS;BPN PLUS;16328,95;715000;0;100;Empleados públicos;Básico;INCLUYE DOS TARJETAS DE CREDITO UNA AL MENOS INTERNACIONAL CUENTA CORRIENTE Y ACUERDO EN CC OPCIONAL;Provincia del Neuquén;
45056;MONTEMAR COMPAÑIA FINANCIERA S.A.;2026-03-13;PAQUETE CUENTA MONTEMAR PLUS ORO;CUENTA MTM PLUS ORO;108429,02;0;12;75;Personas humanas Responsables Inscriptos;Básico;TARJETA DE CREDITO MONTEMAR - CAJA DE AHORRO EN PESOS Y DOLARES - TARJETA DE CREDITO MASTERCARD GOLD- TARJETA DE DEBITO;Provincia del Neuquén;TASA PREFERENCIAL DEPOSITOS A PLAZO FIJO INTRANSFERIBLE EN PESOS - TASA BONIFICADAS PRESTAMOS PERSONALES - PROGRAMA DE BENEFICIOS PREMIA O LOS ANDES PASS - ASISTENCIA MONTEMAR TRANQUI BONIFICADO - DESCUENTO EN SEGUROS DE SAN CRISTOBAL 
45056;MONTEMAR COMPAÑIA FINANCIERA S.A.;2026-03-13;PAQUETE CUENTA SUELDO PLUS;CUENTA MTM SUELDO PLUS;75569,98;0;12;75;Personas humanas Responsables Inscriptos;Básico;TARJETA DE CREDITO MONTEMAR - CAJA DE AHORRO EN PESOS Y DOLARES - TARJETA DE CREDITO MASTERCARD - TARJETA DE DEBITO;Provincia del Neuquén;TASA PREFERENCIAL DEPOSITOS A PLAZO FIJO INTRANSFERIBLE EN PESOS - TASA BONIFICADAS PRESTAMOS PERSONALES - PROGRAMA DE BENEFICIOS PREMIA O LOS ANDES PASS - ASISTENCIA MONTEMAR TRANQUI BONIFICADO - DESCUENTO EN SEGUROS DE SAN CRISTOBAL - DESCUENTO PLUS
45056;MONTEMAR COMPAÑIA FINANCIERA S.A.;2026-03-13;PAQUETE CUENTA MONTEMAR PLUS BLACK;CUENTA MTM PLUS BLACK;193664,80;0;12;75;Personas humanas Responsables Inscriptos;Básico;TARJETA DE CREDITO MONTEMAR - CAJA DE AHORRO EN PESOS Y DOLARES - TARJETA DE CREDITO MASTERCARD BLACK- TARJETA DE DEBITO;Provincia del Neuquén;TASA PREFERENCIAL DEPOSITOS A PLAZO FIJO INTRANSFERIBLE EN PESOS - TASA BONIFICADAS PRESTAMOS PERSONALES - PROGRAMA DE BENEFICIOS PREMIA O LOS ANDES PASS - ASISTENCIA MONTEMAR TRANQUI BONIFICADO - DESCUENTO EN SEGUROS DE SAN CRISTOBAL 
97;BANCO PROVINCIA DEL NEUQUÉN SOCIEDAD ANÓNIMA;2026-04-06;BPN CLASICO;BPN CLASICO;10715,76;357800;0;100;Personas humanas en relación de dependencia;Básico;INCLUYE DOS TARJETAS DE CREDITO UNA OBLIGATORIA Y OTRA OPCIONAL;Provincia del Neuquén;
45056;MONTEMAR COMPAÑIA FINANCIERA S.A.;2026-03-13;PAQUETE CUENTA MONTEMAR PLUS;CUENTA MTM PLUS;79348,47;0;12;75;Personas humanas Monotributistas;Básico;TARJETA DE CREDITO MONTEMAR - CAJA DE AHORRO EN PESOS Y DOLARES - TARJETA DE CREDITO MASTERCARD INTERNACIONAL - TARJETA DE DEBITO;Provincia del Neuquén;TASA PREFERENCIAL DEPOSITOS A PLAZO FIJO INTRANSFERIBLE EN PESOS - TASA BONIFICADAS PRESTAMOS PERSONALES - PROGRAMA DE BENEFICIOS PREMIA O LOS ANDES PASS - ASISTENCIA MONTEMAR TRANQUI BONIFICADO - DESCUENTO EN SEGUROS DE SAN CRISTOBAL 
45056;MONTEMAR COMPAÑIA FINANCIERA S.A.;2026-03-13;PAQUETE CUENTA MONTEMAR PLUS ORO;CUENTA MTM PLUS ORO;108429,02;0;12;75;Personas humanas Monotributistas;Básico;TARJETA DE CREDITO MONTEMAR - CAJA DE AHORRO EN PESOS Y DOLARES - TARJETA DE CREDITO MASTERCARD GOLD- TARJETA DE DEBITO;Provincia del Neuquén;TASA PREFERENCIAL DEPOSITOS A PLAZO FIJO INTRANSFERIBLE EN PESOS - TASA BONIFICADAS PRESTAMOS PERSONALES - PROGRAMA DE BENEFICIOS PREMIA O LOS ANDES PASS - ASISTENCIA MONTEMAR TRANQUI BONIFICADO - DESCUENTO EN SEGUROS DE SAN CRISTOBAL 
45056;MONTEMAR COMPAÑIA FINANCIERA S.A.;2026-03-13;PAQUETE CUENTA MONTEMAR PLUS;CUENTA MTM PLUS;79348,47;0;12;75;Personas humanas Responsables Inscriptos;Básico;TARJETA DE CREDITO MONTEMAR - CAJA DE AHORRO EN PESOS Y DOLARES - TARJETA DE CREDITO MASTERCARD INTERNACIONAL - TARJETA DE DEBITO;Provincia del Neuquén;TASA PREFERENCIAL DEPOSITOS A PLAZO FIJO INTRANSFERIBLE EN PESOS - TASA BONIFICADAS PRESTAMOS PERSONALES - PROGRAMA DE BENEFICIOS PREMIA O LOS ANDES PASS - ASISTENCIA MONTEMAR TRANQUI BONIFICADO - DESCUENTO EN SEGUROS DE SAN CRISTOBAL 
93;BANCO DE LA PAMPA SA;2026-03-20;PAQUETE 1 INTERNACIONAL;PAQ 1;23000,00;380000;12;83;Clientes con cuenta en la entidad;Básico;TARJETA CALDEN MASTERCARD INTERNACIONAL Y/O CALDEN VISA INTERNACIONAL, CAJA DE AHORRO EN DOLARES;Provincia del Neuquén;EXENCION DE: COMISION MANTENIMIENTO DE CUENTA TARJ DE CREDITO,  COMISION SERVICIO ANUAL RENOVACION TARJ DE CREDITO, COMISION MANTENIMIENTO C/A EN DOLARES. PREST PERSONAL PREACORDADO SUJETO A POLITICA DE CREDITO CON TASA PREFERENCIAL, PUNTOS PAMPA CLUB
97;BANCO PROVINCIA DEL NEUQUÉN SOCIEDAD ANÓNIMA;2026-04-06;BPN PLUS;BPN PLUS;16328,95;715000;0;100;Clientes con cuenta en la entidad;Básico;INCLUYE DOS TARJETAS DE CREDITO UNA AL MENOS INTERNACIONAL CUENTA CORRIENTE Y ACUERDO EN CC OPCIONAL;Provincia del Neuquén;
45056;MONTEMAR COMPAÑIA FINANCIERA S.A.;2026-03-13;PAQUETE CUENTA MONTEMAR PLUS;CUENTA MTM PLUS;79348,47;0;12;75;Clientes con cuenta en la entidad;Básico;TARJETA DE CREDITO MONTEMAR - CAJA DE AHORRO EN PESOS Y DOLARES - TARJETA DE CREDITO MASTERCARD INTERNACIONAL - TARJETA DE DEBITO;Provincia del Neuquén;TASA PREFERENCIAL DEPOSITOS A PLAZO FIJO INTRANSFERIBLE EN PESOS - TASA BONIFICADAS PRESTAMOS PERSONALES - PROGRAMA DE BENEFICIOS PREMIA O LOS ANDES PASS - ASISTENCIA MONTEMAR TRANQUI BONIFICADO - DESCUENTO EN SEGUROS DE SAN CRISTOBAL 
97;BANCO PROVINCIA DEL NEUQUÉN SOCIEDAD ANÓNIMA;2026-04-06;BPN PLUS;BPN PLUS;16328,95;715000;0;100;Clientes que acrediten sueldos en la entidad;Básico;INCLUYE DOS TARJETAS DE CREDITO UNA AL MENOS INTERNACIONAL CUENTA CORRIENTE Y ACUERDO EN CC OPCIONAL;Provincia del Neuquén;
93;BANCO DE LA PAMPA SA;2026-03-20;PAQUETE 1 INTERNACIONAL;PAQ 1;23000,00;380000;6;83;Clientes que acrediten sueldos en la entidad;Básico;TARJETA CALDEN MASTERCARD INTERNACIONAL Y/O CALDEN VISA INTERNACIONAL, CAJA DE AHORRO EN DOLARES;Provincia del Neuquén;EXENCION DE: COMISION MANTENIMIENTO DE CUENTA TARJ DE CREDITO,  COMISION SERVICIO ANUAL RENOVACION TARJ DE CREDITO, COMISION MANTENIMIENTO C/A EN DOLARES. PREST PERSONAL PREACORDADO SUJETO A POLITICA DE CREDITO CON TASA PREFERENCIAL, PUNTOS PAMPA CLUB
97;BANCO PROVINCIA DEL NEUQUÉN SOCIEDAD ANÓNIMA;2026-04-06;BPN CLASICO;BPN CLASICO;10715,76;357800;0;100;Clientes que acrediten sueldos en la entidad;Básico;INCLUYE DOS TARJETAS DE CREDITO UNA OBLIGATORIA Y OTRA OPCIONAL;Provincia del Neuquén;
97;BANCO PROVINCIA DEL NEUQUÉN SOCIEDAD ANÓNIMA;2026-04-06;BPN CLASICO;BPN CLASICO;10715,76;357800;0;100;Clientes con cuenta en la entidad;Básico;INCLUYE DOS TARJETAS DE CREDITO UNA OBLIGATORIA Y OTRA OPCIONAL;Provincia del Neuquén;
45056;MONTEMAR COMPAÑIA FINANCIERA S.A.;2026-03-13;PAQUETE CUENTA MONTEMAR II;CUENTA MONTEMAR II;26816,52;0;12;75;Clientes que acrediten sueldos en la entidad;Básico;TARJETA DE CREDITO MONTEMAR - CAJA DE AHORRO EN PESOS Y DOLARES;Provincia del Neuquén;TASA PREFERENCIAL DEPOSITOS A PLAZO FIJO INTRANSFERIBLE EN PESOS - TASA BONIFICADAS PRESTAMOS PERSONALES  CON GARANTIA REAL- SE COBRA ANUALMENTE 321798,18
45056;MONTEMAR COMPAÑIA FINANCIERA S.A.;2026-03-13;PAQUETE CUENTA SUELDO PLUS;CUENTA MTM SUELDO PLUS;75569,98;0;12;75;Clientes que acrediten sueldos en la entidad;Básico;TARJETA DE CREDITO MONTEMAR - CAJA DE AHORRO EN PESOS Y DOLARES - TARJETA DE CREDITO MASTERCARD - TARJETA DE DEBITO;Provincia del Neuquén;TASA PREFERENCIAL DEPOSITOS A PLAZO FIJO INTRANSFERIBLE EN PESOS - TASA BONIFICADAS PRESTAMOS PERSONALES - PROGRAMA DE BENEFICIOS PREMIA O LOS ANDES PASS - ASISTENCIA MONTEMAR TRANQUI BONIFICADO - DESCUENTO EN SEGUROS DE SAN CRISTOBAL - DESCUENTO PLUS
97;BANCO PROVINCIA DEL NEUQUÉN SOCIEDAD ANÓNIMA;2026-04-06;BPN CLASICO;BPN CLASICO;10715,76;357800;0;100;Beneficiarios de cuentas de          Seguridad Social;Básico;INCLUYE DOS TARJETAS DE CREDITO UNA OBLIGATORIA Y OTRA OPCIONAL;Provincia del Neuquén;
45056;MONTEMAR COMPAÑIA FINANCIERA S.A.;2026-03-13;PAQUETE CUENTA MONTEMAR PLUS BLACK;CUENTA MTM PLUS BLACK;193664,80;0;12;75;Clientes con cuenta en la entidad;Básico;TARJETA DE CREDITO MONTEMAR - CAJA DE AHORRO EN PESOS Y DOLARES - TARJETA DE CREDITO MASTERCARD BLACK- TARJETA DE DEBITO;Provincia del Neuquén;TASA PREFERENCIAL DEPOSITOS A PLAZO FIJO INTRANSFERIBLE EN PESOS - TASA BONIFICADAS PRESTAMOS PERSONALES - PROGRAMA DE BENEFICIOS PREMIA O LOS ANDES PASS - ASISTENCIA MONTEMAR TRANQUI BONIFICADO - DESCUENTO EN SEGUROS DE SAN CRISTOBAL 
45056;MONTEMAR COMPAÑIA FINANCIERA S.A.;2026-03-13;PAQUETE CUENTA MONTEMAR I;CUENTA MONTEMAR I;20112,41;0;12;75;Clientes con cuenta en la entidad;Básico;TARJETA DE CREDITO MONTEMAR - CAJA DE AHORRO EN PESOS Y DOLARES;Provincia del Neuquén;TASA PREFERENCIAL DEPOSITOS A PLAZO FIJO INTRANSFERIBLE EN PESOS - TASA BONIFICADAS PRESTAMOS PERSONALES - SE COBRA ANUALMENTE 241348,92
45056;MONTEMAR COMPAÑIA FINANCIERA S.A.;2026-03-13;PAQUETE CUENTA MONTEMAR II;CUENTA MONTEMAR II;26816,52;0;12;75;Clientes con cuenta en la entidad;Básico;TARJETA DE CREDITO MONTEMAR - CAJA DE AHORRO EN PESOS Y DOLARES;Provincia del Neuquén;TASA PREFERENCIAL DEPOSITOS A PLAZO FIJO INTRANSFERIBLE EN PESOS - TASA BONIFICADAS PRESTAMOS PERSONALES  CON GARANTIA REAL- SE COBRA ANUALMENTE 321798,18
45056;MONTEMAR COMPAÑIA FINANCIERA S.A.;2026-03-13;PAQUETE CUENTA SUELDO PLUS;CUENTA MTM SUELDO PLUS;75569,98;0;12;75;Clientes con cuenta en la entidad;Básico;TARJETA DE CREDITO MONTEMAR - CAJA DE AHORRO EN PESOS Y DOLARES - TARJETA DE CREDITO MASTERCARD - TARJETA DE DEBITO;Provincia del Neuquén;TASA PREFERENCIAL DEPOSITOS A PLAZO FIJO INTRANSFERIBLE EN PESOS - TASA BONIFICADAS PRESTAMOS PERSONALES - PROGRAMA DE BENEFICIOS PREMIA O LOS ANDES PASS - ASISTENCIA MONTEMAR TRANQUI BONIFICADO - DESCUENTO EN SEGUROS DE SAN CRISTOBAL - DESCUENTO PLUS
45056;MONTEMAR COMPAÑIA FINANCIERA S.A.;2026-03-13;PAQUETE CUENTA MONTEMAR PLUS PLATINUM;CUENTA MTM PLUS PLATINUM;153076,38;0;12;75;Personas humanas en relación de dependencia;Básico;TARJETA DE CREDITO MONTEMAR - CAJA DE AHORRO EN PESOS Y DOLARES - TARJETA DE CREDITO MASTERCARD PLATINUM- TARJETA DE DEBITO;Provincia del Neuquén;TASA PREFERENCIAL DEPOSITOS A PLAZO FIJO INTRANSFERIBLE EN PESOS - TASA BONIFICADAS PRESTAMOS PERSONALES - PROGRAMA DE BENEFICIOS PREMIA O LOS ANDES PASS - ASISTENCIA MONTEMAR TRANQUI BONIFICADO - DESCUENTO EN SEGUROS DE SAN CRISTOBAL 
93;BANCO DE LA PAMPA SA;2026-03-20;PAQUETE 1 INTERNACIONAL;PAQ 1;23000,00;380000;12;83;Personas humanas en relación de dependencia;Básico;TARJETA CALDEN MASTERCARD INTERNACIONAL Y/O CALDEN VISA INTERNACIONAL, CAJA DE AHORRO EN DOLARES;Provincia del Neuquén;EXENCION DE: COMISION MANTENIMIENTO DE CUENTA TARJ DE CREDITO,  COMISION SERVICIO ANUAL RENOVACION TARJ DE CREDITO, COMISION MANTENIMIENTO C/A EN DOLARES. PREST PERSONAL PREACORDADO SUJETO A POLITICA DE CREDITO CON TASA PREFERENCIAL, PUNTOS PAMPA CLUB
45056;MONTEMAR COMPAÑIA FINANCIERA S.A.;2026-03-13;PAQUETE CUENTA MONTEMAR PLUS BLACK;CUENTA MTM PLUS BLACK;193664,80;0;12;75;Empleados públicos;Básico;TARJETA DE CREDITO MONTEMAR - CAJA DE AHORRO EN PESOS Y DOLARES - TARJETA DE CREDITO MASTERCARD BLACK- TARJETA DE DEBITO;Provincia del Neuquén;TASA PREFERENCIAL DEPOSITOS A PLAZO FIJO INTRANSFERIBLE EN PESOS - TASA BONIFICADAS PRESTAMOS PERSONALES - PROGRAMA DE BENEFICIOS PREMIA O LOS ANDES PASS - ASISTENCIA MONTEMAR TRANQUI BONIFICADO - DESCUENTO EN SEGUROS DE SAN CRISTOBAL 
45056;MONTEMAR COMPAÑIA FINANCIERA S.A.;2026-03-13;PAQUETE CUENTA MONTEMAR I;CUENTA MONTEMAR I;20112,41;0;12;75;Personas humanas Monotributistas;Básico;TARJETA DE CREDITO MONTEMAR - CAJA DE AHORRO EN PESOS Y DOLARES;Provincia del Neuquén;TASA PREFERENCIAL DEPOSITOS A PLAZO FIJO INTRANSFERIBLE EN PESOS - TASA BONIFICADAS PRESTAMOS PERSONALES - SE COBRA ANUALMENTE 241348,92
45056;MONTEMAR COMPAÑIA FINANCIERA S.A.;2026-03-13;PAQUETE CUENTA MONTEMAR I;CUENTA MONTEMAR I;20112,41;0;12;75;Clientes que acrediten sueldos en la entidad;Básico;TARJETA DE CREDITO MONTEMAR - CAJA DE AHORRO EN PESOS Y DOLARES;Provincia del Neuquén;TASA PREFERENCIAL DEPOSITOS A PLAZO FIJO INTRANSFERIBLE EN PESOS - TASA BONIFICADAS PRESTAMOS PERSONALES - SE COBRA ANUALMENTE 241348,92
45056;MONTEMAR COMPAÑIA FINANCIERA S.A.;2026-03-13;PAQUETE CUENTA SUELDO PLUS;CUENTA MTM SUELDO PLUS;75569,98;0;12;75;Personas humanas Monotributistas;Básico;TARJETA DE CREDITO MONTEMAR - CAJA DE AHORRO EN PESOS Y DOLARES - TARJETA DE CREDITO MASTERCARD - TARJETA DE DEBITO;Provincia del Neuquén;TASA PREFERENCIAL DEPOSITOS A PLAZO FIJO INTRANSFERIBLE EN PESOS - TASA BONIFICADAS PRESTAMOS PERSONALES - PROGRAMA DE BENEFICIOS PREMIA O LOS ANDES PASS - ASISTENCIA MONTEMAR TRANQUI BONIFICADO - DESCUENTO EN SEGUROS DE SAN CRISTOBAL - DESCUENTO PLUS
45056;MONTEMAR COMPAÑIA FINANCIERA S.A.;2026-03-13;PAQUETE CUENTA MONTEMAR PLUS PLATINUM;CUENTA MTM PLUS PLATINUM;153076,38;0;12;75;Personas humanas Responsables Inscriptos;Básico;TARJETA DE CREDITO MONTEMAR - CAJA DE AHORRO EN PESOS Y DOLARES - TARJETA DE CREDITO MASTERCARD PLATINUM- TARJETA DE DEBITO;Provincia del Neuquén;TASA PREFERENCIAL DEPOSITOS A PLAZO FIJO INTRANSFERIBLE EN PESOS - TASA BONIFICADAS PRESTAMOS PERSONALES - PROGRAMA DE BENEFICIOS PREMIA O LOS ANDES PASS - ASISTENCIA MONTEMAR TRANQUI BONIFICADO - DESCUENTO EN SEGUROS DE SAN CRISTOBAL 
45056;MONTEMAR COMPAÑIA FINANCIERA S.A.;2026-03-13;PAQUETE CUENTA MONTEMAR PLUS;CUENTA MTM PLUS;79348,47;0;12;75;Clientes que acrediten sueldos en la entidad;Básico;TARJETA DE CREDITO MONTEMAR - CAJA DE AHORRO EN PESOS Y DOLARES - TARJETA DE CREDITO MASTERCARD INTERNACIONAL - TARJETA DE DEBITO;Provincia del Neuquén;TASA PREFERENCIAL DEPOSITOS A PLAZO FIJO INTRANSFERIBLE EN PESOS - TASA BONIFICADAS PRESTAMOS PERSONALES - PROGRAMA DE BENEFICIOS PREMIA O LOS ANDES PASS - ASISTENCIA MONTEMAR TRANQUI BONIFICADO - DESCUENTO EN SEGUROS DE SAN CRISTOBAL 
45056;MONTEMAR COMPAÑIA FINANCIERA S.A.;2026-03-13;PAQUETE CUENTA MONTEMAR PLUS PLATINUM;CUENTA MTM PLUS PLATINUM;153076,38;0;12;75;Clientes que acrediten sueldos en la entidad;Básico;TARJETA DE CREDITO MONTEMAR - CAJA DE AHORRO EN PESOS Y DOLARES - TARJETA DE CREDITO MASTERCARD PLATINUM- TARJETA DE DEBITO;Provincia del Neuquén;TASA PREFERENCIAL DEPOSITOS A PLAZO FIJO INTRANSFERIBLE EN PESOS - TASA BONIFICADAS PRESTAMOS PERSONALES - PROGRAMA DE BENEFICIOS PREMIA O LOS ANDES PASS - ASISTENCIA MONTEMAR TRANQUI BONIFICADO - DESCUENTO EN SEGUROS DE SAN CRISTOBAL 
45056;MONTEMAR COMPAÑIA FINANCIERA S.A.;2026-03-13;PAQUETE CUENTA MONTEMAR PLUS ORO;CUENTA MTM PLUS ORO;108429,02;0;12;75;Clientes que acrediten sueldos en la entidad;Básico;TARJETA DE CREDITO MONTEMAR - CAJA DE AHORRO EN PESOS Y DOLARES - TARJETA DE CREDITO MASTERCARD GOLD- TARJETA DE DEBITO;Provincia del Neuquén;TASA PREFERENCIAL DEPOSITOS A PLAZO FIJO INTRANSFERIBLE EN PESOS - TASA BONIFICADAS PRESTAMOS PERSONALES - PROGRAMA DE BENEFICIOS PREMIA O LOS ANDES PASS - ASISTENCIA MONTEMAR TRANQUI BONIFICADO - DESCUENTO EN SEGUROS DE SAN CRISTOBAL 
45056;MONTEMAR COMPAÑIA FINANCIERA S.A.;2026-03-13;PAQUETE CUENTA MONTEMAR PLUS PLATINUM;CUENTA MTM PLUS PLATINUM;153076,38;0;12;75;Clientes con cuenta en la entidad;Básico;TARJETA DE CREDITO MONTEMAR - CAJA DE AHORRO EN PESOS Y DOLARES - TARJETA DE CREDITO MASTERCARD PLATINUM- TARJETA DE DEBITO;Provincia del Neuquén;TASA PREFERENCIAL DEPOSITOS A PLAZO FIJO INTRANSFERIBLE EN PESOS - TASA BONIFICADAS PRESTAMOS PERSONALES - PROGRAMA DE BENEFICIOS PREMIA O LOS ANDES PASS - ASISTENCIA MONTEMAR TRANQUI BONIFICADO - DESCUENTO EN SEGUROS DE SAN CRISTOBAL 
45056;MONTEMAR COMPAÑIA FINANCIERA S.A.;2026-03-13;PAQUETE CUENTA MONTEMAR PLUS ORO;CUENTA MTM PLUS ORO;108429,02;0;12;75;Clientes con cuenta en la entidad;Básico;TARJETA DE CREDITO MONTEMAR - CAJA DE AHORRO EN PESOS Y DOLARES - TARJETA DE CREDITO MASTERCARD GOLD- TARJETA DE DEBITO;Provincia del Neuquén;TASA PREFERENCIAL DEPOSITOS A PLAZO FIJO INTRANSFERIBLE EN PESOS - TASA BONIFICADAS PRESTAMOS PERSONALES - PROGRAMA DE BENEFICIOS PREMIA O LOS ANDES PASS - ASISTENCIA MONTEMAR TRANQUI BONIFICADO - DESCUENTO EN SEGUROS DE SAN CRISTOBAL 
97;BANCO PROVINCIA DEL NEUQUÉN SOCIEDAD ANÓNIMA;2026-04-06;BPN PLUS;BPN PLUS;16328,95;715000;0;100;Beneficiarios de cuentas de          Seguridad Social;Básico;INCLUYE DOS TARJETAS DE CREDITO UNA AL MENOS INTERNACIONAL CUENTA CORRIENTE Y ACUERDO EN CC OPCIONAL;Provincia del Neuquén;
93;BANCO DE LA PAMPA SA;2026-03-20;PAQUETE 2 DORADO;PAQ 2;35000,00;900000;12;83;Personas humanas en relación de dependencia;Premium gold;TARJETA CALDEN MASTERCARD GOLD Y/O CALDEN VISA GOLD, CAJA DE AHORRO EN DOLARES, CUENTA CORRIENTE INDIVIDUOS, DESCUBIERTO EN CTA CTE DE 70000 PESOS;Provincia del Neuquén;EXENCION DE: COMISION MANTENIMIENTO DE CUENTA TARJ DE CREDITO, COMISION SERV ANUAL RENOVACION TARJ DE CREDITO, COMISION MANTENIMIENTO C/A EN DOLARES, COMISION MANTENIMIENTO DE CTA CTE. PREST PERSONAL PREACORDADO SUJETO A POLITICA DE CREDITO CON TASA PREFERENCIAL, PUNTOS PAMPA CLUB, DESCUBIERTO EN CTA CTE DE 70000 PESOS
93;BANCO DE LA PAMPA SA;2026-03-20;PAQUETE 2 DORADO;PAQ 2;35000,00;900000;12;83;Empleados públicos;Premium gold;TARJETA CALDEN MASTERCARD GOLD Y/O CALDEN VISA GOLD, CAJA DE AHORRO EN DOLARES, CUENTA CORRIENTE INDIVIDUOS, DESCUBIERTO EN CTA CTE DE 70000 PESOS;Provincia del Neuquén;EXENCION DE: COMISION MANTENIMIENTO DE CUENTA TARJ DE CREDITO, COMISION SERV ANUAL RENOVACION TARJ DE CREDITO, COMISION MANTENIMIENTO C/A EN DOLARES, COMISION MANTENIMIENTO DE CTA CTE. PREST PERSONAL PREACORDADO SUJETO A POLITICA DE CREDITO CON TASA PREFERENCIAL, PUNTOS PAMPA CLUB, DESCUBIERTO EN CTA CTE DE 70000 PESOS
93;BANCO DE LA PAMPA SA;2026-03-20;PAQUETE 2 DORADO;PAQ 2;35000,00;900000;12;83;Clientes con cuenta en la entidad;Premium gold;TARJETA CALDEN MASTERCARD GOLD Y/O CALDEN VISA GOLD, CAJA DE AHORRO EN DOLARES, CUENTA CORRIENTE INDIVIDUOS, DESCUBIERTO EN CTA CTE DE 70000 PESOS;Provincia del Neuquén;EXENCION DE: COMISION MANTENIMIENTO DE CUENTA TARJ DE CREDITO, COMISION SERV ANUAL RENOVACION TARJ DE CREDITO, COMISION MANTENIMIENTO C/A EN DOLARES, COMISION MANTENIMIENTO DE CTA CTE. PREST PERSONAL PREACORDADO SUJETO A POLITICA DE CREDITO CON TASA PREFERENCIAL, PUNTOS PAMPA CLUB, DESCUBIERTO EN CTA CTE DE 70000 PESOS
93;BANCO DE LA PAMPA SA;2026-03-20;PAQUETE 2 DORADO;PAQ 2;35000,00;900000;6;83;Beneficiarios de cuentas de          Seguridad Social;Premium gold;TARJETA CALDEN MASTERCARD GOLD Y/O CALDEN VISA GOLD, CAJA DE AHORRO EN DOLARES, CUENTA CORRIENTE INDIVIDUOS, DESCUBIERTO EN CTA CTE DE 70000 PESOS;Provincia del Neuquén;EXENCION DE: COMISION MANTENIMIENTO DE CUENTA TARJ DE CREDITO, COMISION SERV ANUAL RENOVACION TARJ DE CREDITO, COMISION MANTENIMIENTO C/A EN DOLARES, COMISION MANTENIMIENTO DE CTA CTE. PREST PERSONAL PREACORDADO SUJETO A POLITICA DE CREDITO CON TASA PREFERENCIAL, PUNTOS PAMPA CLUB, DESCUBIERTO EN CTA CTE DE 70000 PESOS
45056;MONTEMAR COMPAÑIA FINANCIERA S.A.;2026-03-13;PAQUETE CUENTA MONTEMAR I;CUENTA MONTEMAR I;20112,41;0;12;75;Empleados públicos;Básico;TARJETA DE CREDITO MONTEMAR - CAJA DE AHORRO EN PESOS Y DOLARES;Provincia del Neuquén;TASA PREFERENCIAL DEPOSITOS A PLAZO FIJO INTRANSFERIBLE EN PESOS - TASA BONIFICADAS PRESTAMOS PERSONALES - SE COBRA ANUALMENTE 241348,92
45056;MONTEMAR COMPAÑIA FINANCIERA S.A.;2026-03-13;PAQUETE CUENTA MONTEMAR PLUS;CUENTA MTM PLUS;79348,47;0;12;75;Empleados públicos;Básico;TARJETA DE CREDITO MONTEMAR - CAJA DE AHORRO EN PESOS Y DOLARES - TARJETA DE CREDITO MASTERCARD INTERNACIONAL - TARJETA DE DEBITO;Provincia del Neuquén;TASA PREFERENCIAL DEPOSITOS A PLAZO FIJO INTRANSFERIBLE EN PESOS - TASA BONIFICADAS PRESTAMOS PERSONALES - PROGRAMA DE BENEFICIOS PREMIA O LOS ANDES PASS - ASISTENCIA MONTEMAR TRANQUI BONIFICADO - DESCUENTO EN SEGUROS DE SAN CRISTOBAL 
93;BANCO DE LA PAMPA SA;2026-03-20;PAQUETE 2 DORADO;PAQ 2;35000,00;900000;6;83;Clientes que acrediten sueldos en la entidad;Premium gold;TARJETA CALDEN MASTERCARD GOLD Y/O CALDEN VISA GOLD, CAJA DE AHORRO EN DOLARES, CUENTA CORRIENTE INDIVIDUOS, DESCUBIERTO EN CTA CTE DE 70000 PESOS;Provincia del Neuquén;EXENCION DE: COMISION MANTENIMIENTO DE CUENTA TARJ DE CREDITO, COMISION SERV ANUAL RENOVACION TARJ DE CREDITO, COMISION MANTENIMIENTO C/A EN DOLARES, COMISION MANTENIMIENTO DE CTA CTE. PREST PERSONAL PREACORDADO SUJETO A POLITICA DE CREDITO CON TASA PREFERENCIAL, PUNTOS PAMPA CLUB, DESCUBIERTO EN CTA CTE DE 70000 PESOS
45056;MONTEMAR COMPAÑIA FINANCIERA S.A.;2026-03-13;PAQUETE CUENTA SUELDO PLUS;CUENTA MTM SUELDO PLUS;75569,98;0;12;75;Empleados públicos;Básico;TARJETA DE CREDITO MONTEMAR - CAJA DE AHORRO EN PESOS Y DOLARES - TARJETA DE CREDITO MASTERCARD - TARJETA DE DEBITO;Provincia del Neuquén;TASA PREFERENCIAL DEPOSITOS A PLAZO FIJO INTRANSFERIBLE EN PESOS - TASA BONIFICADAS PRESTAMOS PERSONALES - PROGRAMA DE BENEFICIOS PREMIA O LOS ANDES PASS - ASISTENCIA MONTEMAR TRANQUI BONIFICADO - DESCUENTO EN SEGUROS DE SAN CRISTOBAL - DESCUENTO PLUS
97;BANCO PROVINCIA DEL NEUQUÉN SOCIEDAD ANÓNIMA;2026-04-06;BPN CLASICO;BPN CLASICO;10715,76;357800;0;100;Empleados públicos;Básico;INCLUYE DOS TARJETAS DE CREDITO UNA OBLIGATORIA Y OTRA OPCIONAL;Provincia del Neuquén;
45056;MONTEMAR COMPAÑIA FINANCIERA S.A.;2026-03-13;PAQUETE CUENTA MONTEMAR II;CUENTA MONTEMAR II;26816,52;0;12;75;Empleados públicos;Básico;TARJETA DE CREDITO MONTEMAR - CAJA DE AHORRO EN PESOS Y DOLARES;Provincia del Neuquén;TASA PREFERENCIAL DEPOSITOS A PLAZO FIJO INTRANSFERIBLE EN PESOS - TASA BONIFICADAS PRESTAMOS PERSONALES  CON GARANTIA REAL- SE COBRA ANUALMENTE 321798,18
45056;MONTEMAR COMPAÑIA FINANCIERA S.A.;2026-03-13;PAQUETE CUENTA MONTEMAR PLUS PLATINUM;CUENTA MTM PLUS PLATINUM;153076,38;0;12;75;Empleados públicos;Básico;TARJETA DE CREDITO MONTEMAR - CAJA DE AHORRO EN PESOS Y DOLARES - TARJETA DE CREDITO MASTERCARD PLATINUM- TARJETA DE DEBITO;Provincia del Neuquén;TASA PREFERENCIAL DEPOSITOS A PLAZO FIJO INTRANSFERIBLE EN PESOS - TASA BONIFICADAS PRESTAMOS PERSONALES - PROGRAMA DE BENEFICIOS PREMIA O LOS ANDES PASS - ASISTENCIA MONTEMAR TRANQUI BONIFICADO - DESCUENTO EN SEGUROS DE SAN CRISTOBAL 
97;BANCO PROVINCIA DEL NEUQUÉN SOCIEDAD ANÓNIMA;2026-04-06;BPN SELECTO;BPN SELECTO;22260,37;999999;0;100;Personas humanas en relación de dependencia;Premium gold;INCLUYE DOS TARJETAS DE CREDITO UNA AL MENOS GOLD CUENTA CORRIENTE Y ACUERDO EN CC OPCIONAL;Provincia del Neuquén;EL INGRESO MINIMO MENSUAL REQUERIDO ES DE 1700000
97;BANCO PROVINCIA DEL NEUQUÉN SOCIEDAD ANÓNIMA;2026-04-06;BPN SELECTO;BPN SELECTO;22260,37;999999;12;100;Personas humanas Monotributistas;Premium gold;INCLUYE DOS TARJETAS DE CREDITO UNA AL MENOS GOLD CUENTA CORRIENTE Y ACUERDO EN CC OPCIONAL;Provincia del Neuquén;EL INGRESO MINIMO MENSUAL REQUERIDO ES DE 1700000
97;BANCO PROVINCIA DEL NEUQUÉN SOCIEDAD ANÓNIMA;2026-04-06;BPN SELECTO;BPN SELECTO;22260,37;999999;0;100;Clientes que acrediten sueldos en la entidad;Premium gold;INCLUYE DOS TARJETAS DE CREDITO UNA AL MENOS GOLD CUENTA CORRIENTE Y ACUERDO EN CC OPCIONAL;Provincia del Neuquén;EL INGRESO MINIMO MENSUAL REQUERIDO ES DE 1700000
93;BANCO DE LA PAMPA SA;2026-03-20;PAQUETE 1 INTERNACIONAL;PAQ 1;23000,00;380000;12;83;Empleados públicos;Básico;TARJETA CALDEN MASTERCARD INTERNACIONAL Y/O CALDEN VISA INTERNACIONAL, CAJA DE AHORRO EN DOLARES;Provincia del Neuquén;EXENCION DE: COMISION MANTENIMIENTO DE CUENTA TARJ DE CREDITO,  COMISION SERVICIO ANUAL RENOVACION TARJ DE CREDITO, COMISION MANTENIMIENTO C/A EN DOLARES. PREST PERSONAL PREACORDADO SUJETO A POLITICA DE CREDITO CON TASA PREFERENCIAL, PUNTOS PAMPA CLUB
97;BANCO PROVINCIA DEL NEUQUÉN SOCIEDAD ANÓNIMA;2026-04-06;BPN SELECTO;BPN SELECTO;22260,37;999999;0;100;Clientes con cuenta en la entidad;Premium gold;INCLUYE DOS TARJETAS DE CREDITO UNA AL MENOS GOLD CUENTA CORRIENTE Y ACUERDO EN CC OPCIONAL;Provincia del Neuquén;EL INGRESO MINIMO MENSUAL REQUERIDO ES DE 1700000
97;BANCO PROVINCIA DEL NEUQUÉN SOCIEDAD ANÓNIMA;2026-04-06;BPN SELECTO;BPN SELECTO;22260,37;999999;0;100;Beneficiarios de cuentas de          Seguridad Social;Premium gold;INCLUYE DOS TARJETAS DE CREDITO UNA AL MENOS GOLD CUENTA CORRIENTE Y ACUERDO EN CC OPCIONAL;Provincia del Neuquén;EL INGRESO MINIMO MENSUAL REQUERIDO ES DE 1700000
97;BANCO PROVINCIA DEL NEUQUÉN SOCIEDAD ANÓNIMA;2026-04-06;BPN SELECTO;BPN SELECTO;22260,37;999999;12;100;Personas humanas Responsables Inscriptos;Premium gold;INCLUYE DOS TARJETAS DE CREDITO UNA AL MENOS GOLD CUENTA CORRIENTE Y ACUERDO EN CC OPCIONAL;Provincia del Neuquén;EL INGRESO MINIMO MENSUAL REQUERIDO ES DE 1700000
45056;MONTEMAR COMPAÑIA FINANCIERA S.A.;2026-03-13;PAQUETE CUENTA MONTEMAR PLUS ORO;CUENTA MTM PLUS ORO;108429,02;0;12;75;Empleados públicos;Básico;TARJETA DE CREDITO MONTEMAR - CAJA DE AHORRO EN PESOS Y DOLARES - TARJETA DE CREDITO MASTERCARD GOLD- TARJETA DE DEBITO;Provincia del Neuquén;TASA PREFERENCIAL DEPOSITOS A PLAZO FIJO INTRANSFERIBLE EN PESOS - TASA BONIFICADAS PRESTAMOS PERSONALES - PROGRAMA DE BENEFICIOS PREMIA O LOS ANDES PASS - ASISTENCIA MONTEMAR TRANQUI BONIFICADO - DESCUENTO EN SEGUROS DE SAN CRISTOBAL 
97;BANCO PROVINCIA DEL NEUQUÉN SOCIEDAD ANÓNIMA;2026-04-06;BPN CLASICO;BPN CLASICO;10715,76;357800;12;100;Personas humanas Monotributistas;Básico;INCLUYE DOS TARJETAS DE CREDITO UNA OBLIGATORIA Y OTRA OPCIONAL;Provincia de Río Negro;
97;BANCO PROVINCIA DEL NEUQUÉN SOCIEDAD ANÓNIMA;2026-04-06;BPN PLUS;BPN PLUS;16328,95;715000;0;100;Personas humanas en relación de dependencia;Básico;INCLUYE DOS TARJETAS DE CREDITO UNA AL MENOS INTERNACIONAL CUENTA CORRIENTE Y ACUERDO EN CC OPCIONAL;Provincia de Río Negro;
97;BANCO PROVINCIA DEL NEUQUÉN SOCIEDAD ANÓNIMA;2026-04-06;BPN UNICO MAS;BPN UNICO MAS;42437,12;999999;0;100;Clientes que acrediten sueldos en la entidad;Premium platinum;INCLUYE DOS TARJETAS DE CREDITO UNA AL MENOS BLACK CUENTA CORRIENTE Y ACUERDO EN CC OPCIONAL;Provincia de Río Negro;EL INGRESO MINIMO MENSUAL REQUERIDO ES DE 4000000
93;BANCO DE LA PAMPA SA;2026-03-20;PAQUETE 4 BLACK;PAQ 4;70000,00;5400000;24;83;Personas humanas Responsables Inscriptos;Premium signature, black o similar;TARJETA CALDEN MASTERCARD BLACK Y/O CALDEN VISA BLACK, CAJA DE AHORRO EN DOLARES, CUENTA CORRIENTE INDIVIDUOS, DESCUBIERTO EN CUENTA CORRIENTE INDIVIDUOS DE 420000 PESOS;Provincia de Río Negro;EXENCION DE: COMISION MANTENIMIENTO DE CUENTA TARJ DE CREDITO, COMISION SERVICIO ANUAL RENOVACION TARJETAS DE CREDITO, COMISION MANTENIMIENTO C/A EN DOLARES, COMISION MANTENIMIENTO DE CTA CTE, COMISION ALTA DE ACUERDO, PRESTAMO PERSONAL PREACORDADO SUJETO A POLITICA DE CREDITO CON TASA PREFERENCIAL, PUNTOS PAMPA CLUB, DESCUBIERTO EN CTA CTE DE 420000 PESOS.
97;BANCO PROVINCIA DEL NEUQUÉN SOCIEDAD ANÓNIMA;2026-04-06;BPN UNICO MAS;BPN UNICO MAS;42437,12;999999;0;100;Beneficiarios de cuentas de          Seguridad Social;Premium platinum;INCLUYE DOS TARJETAS DE CREDITO UNA AL MENOS BLACK CUENTA CORRIENTE Y ACUERDO EN CC OPCIONAL;Provincia de Río Negro;EL INGRESO MINIMO MENSUAL REQUERIDO ES DE 4000000
93;BANCO DE LA PAMPA SA;2026-03-20;PAQUETE 4 BLACK;PAQ 4;70000,00;5400000;12;83;Personas humanas en relación de dependencia;Premium signature, black o similar;TARJETA CALDEN MASTERCARD BLACK Y/O CALDEN VISA BLACK, CAJA DE AHORRO EN DOLARES, CUENTA CORRIENTE INDIVIDUOS, DESCUBIERTO EN CUENTA CORRIENTE INDIVIDUOS DE 420000 PESOS;Provincia de Río Negro;EXENCION DE: COMISION MANTENIMIENTO DE CUENTA TARJ DE CREDITO, COMISION SERVICIO ANUAL RENOVACION TARJETAS DE CREDITO, COMISION MANTENIMIENTO C/A EN DOLARES, COMISION MANTENIMIENTO DE CTA CTE, COMISION ALTA DE ACUERDO, PRESTAMO PERSONAL PREACORDADO SUJETO A POLITICA DE CREDITO CON TASA PREFERENCIAL, PUNTOS PAMPA CLUB, DESCUBIERTO EN CTA CTE DE 420000 PESOS.
97;BANCO PROVINCIA DEL NEUQUÉN SOCIEDAD ANÓNIMA;2026-04-06;BPN PLUS;BPN PLUS;16328,95;715000;12;100;Personas humanas Monotributistas;Básico;INCLUYE DOS TARJETAS DE CREDITO UNA AL MENOS INTERNACIONAL CUENTA CORRIENTE Y ACUERDO EN CC OPCIONAL;Provincia de Río Negro;
93;BANCO DE LA PAMPA SA;2026-03-20;PAQUETE 1 INTERNACIONAL;PAQ 1;23000,00;380000;12;83;Personas humanas en relación de dependencia;Básico;TARJETA CALDEN MASTERCARD INTERNACIONAL Y/O CALDEN VISA INTERNACIONAL, CAJA DE AHORRO EN DOLARES;Provincia de Río Negro;EXENCION DE: COMISION MANTENIMIENTO DE CUENTA TARJ DE CREDITO,  COMISION SERVICIO ANUAL RENOVACION TARJ DE CREDITO, COMISION MANTENIMIENTO C/A EN DOLARES. PREST PERSONAL PREACORDADO SUJETO A POLITICA DE CREDITO CON TASA PREFERENCIAL, PUNTOS PAMPA CLUB
93;BANCO DE LA PAMPA SA;2026-03-20;PAQUETE 1 INTERNACIONAL;PAQ 1;23000,00;380000;24;83;Personas humanas Responsables Inscriptos;Básico;TARJETA CALDEN MASTERCARD INTERNACIONAL Y/O CALDEN VISA INTERNACIONAL, CAJA DE AHORRO EN DOLARES;Provincia de Río Negro;EXENCION DE: COMISION MANTENIMIENTO DE CUENTA TARJ DE CREDITO,  COMISION SERVICIO ANUAL RENOVACION TARJ DE CREDITO, COMISION MANTENIMIENTO C/A EN DOLARES. PREST PERSONAL PREACORDADO SUJETO A POLITICA DE CREDITO CON TASA PREFERENCIAL, PUNTOS PAMPA CLUB
97;BANCO PROVINCIA DEL NEUQUÉN SOCIEDAD ANÓNIMA;2026-04-06;BPN UNICO MAS;BPN UNICO MAS;42437,12;999999;12;100;Personas humanas Monotributistas;Premium signature, black o similar;INCLUYE DOS TARJETAS DE CREDITO UNA AL MENOS BLACK CUENTA CORRIENTE Y ACUERDO EN CC OPCIONAL;Provincia de Río Negro;EL INGRESO MINIMO MENSUAL REQUERIDO ES DE 4000000
97;BANCO PROVINCIA DEL NEUQUÉN SOCIEDAD ANÓNIMA;2026-04-06;BPN UNICO MAS;BPN UNICO MAS;42437,12;999999;0;100;Personas humanas en relación de dependencia;Premium signature, black o similar;INCLUYE DOS TARJETAS DE CREDITO UNA AL MENOS BLACK CUENTA CORRIENTE Y ACUERDO EN CC OPCIONAL;Provincia de Río Negro;EL INGRESO MINIMO MENSUAL REQUERIDO ES DE 4000000
93;BANCO DE LA PAMPA SA;2026-03-20;PAQUETE 2 DORADO;PAQ 2;35000,00;900000;12;83;Personas humanas en relación de dependencia;Premium gold;TARJETA CALDEN MASTERCARD GOLD Y/O CALDEN VISA GOLD, CAJA DE AHORRO EN DOLARES, CUENTA CORRIENTE INDIVIDUOS, DESCUBIERTO EN CTA CTE DE 70000 PESOS;Provincia de Río Negro;EXENCION DE: COMISION MANTENIMIENTO DE CUENTA TARJ DE CREDITO, COMISION SERV ANUAL RENOVACION TARJ DE CREDITO, COMISION MANTENIMIENTO C/A EN DOLARES, COMISION MANTENIMIENTO DE CTA CTE. PREST PERSONAL PREACORDADO SUJETO A POLITICA DE CREDITO CON TASA PREFERENCIAL, PUNTOS PAMPA CLUB, DESCUBIERTO EN CTA CTE DE 70000 PESOS
97;BANCO PROVINCIA DEL NEUQUÉN SOCIEDAD ANÓNIMA;2026-04-06;BPN UNICO;BPN UNICO;32654,27;999999;0;100;Empleados públicos;Premium platinum;INCLUYE DOS TARJETAS DE CREDITO UNA AL MENOS PLATINUM CUENTA CORRIENTE Y ACUERDO EN CC OPCIONAL;Provincia de Río Negro;EL INGRESO MINIMO MENSUAL REQUERIDO ES DE 3000000
93;BANCO DE LA PAMPA SA;2026-03-20;PAQUETE 4 BLACK;PAQ 4;70000,00;5400000;12;83;Clientes con cuenta en la entidad;Premium signature, black o similar;TARJETA CALDEN MASTERCARD BLACK Y/O CALDEN VISA BLACK, CAJA DE AHORRO EN DOLARES, CUENTA CORRIENTE INDIVIDUOS, DESCUBIERTO EN CUENTA CORRIENTE INDIVIDUOS DE 420000 PESOS;Provincia de Río Negro;EXENCION DE: COMISION MANTENIMIENTO DE CUENTA TARJ DE CREDITO, COMISION SERVICIO ANUAL RENOVACION TARJETAS DE CREDITO, COMISION MANTENIMIENTO C/A EN DOLARES, COMISION MANTENIMIENTO DE CTA CTE, COMISION ALTA DE ACUERDO, PRESTAMO PERSONAL PREACORDADO SUJETO A POLITICA DE CREDITO CON TASA PREFERENCIAL, PUNTOS PAMPA CLUB, DESCUBIERTO EN CTA CTE DE 420000 PESOS.
97;BANCO PROVINCIA DEL NEUQUÉN SOCIEDAD ANÓNIMA;2026-04-06;BPN SELECTO;BPN SELECTO;22260,37;999999;0;100;Personas humanas en relación de dependencia;Premium gold;INCLUYE DOS TARJETAS DE CREDITO UNA AL MENOS GOLD CUENTA CORRIENTE Y ACUERDO EN CC OPCIONAL;Provincia de Río Negro;EL INGRESO MINIMO MENSUAL REQUERIDO ES DE 1700000
97;BANCO PROVINCIA DEL NEUQUÉN SOCIEDAD ANÓNIMA;2026-04-06;BPN UNICO MAS;BPN UNICO MAS;42437,12;999999;12;100;Personas humanas Monotributistas;Premium platinum;INCLUYE DOS TARJETAS DE CREDITO UNA AL MENOS BLACK CUENTA CORRIENTE Y ACUERDO EN CC OPCIONAL;Provincia de Río Negro;EL INGRESO MINIMO MENSUAL REQUERIDO ES DE 4000000
97;BANCO PROVINCIA DEL NEUQUÉN SOCIEDAD ANÓNIMA;2026-04-06;BPN UNICO;BPN UNICO;32654,27;999999;0;100;Personas humanas en relación de dependencia;Premium platinum;INCLUYE DOS TARJETAS DE CREDITO UNA AL MENOS PLATINUM CUENTA CORRIENTE Y ACUERDO EN CC OPCIONAL;Provincia de Río Negro;EL INGRESO MINIMO MENSUAL REQUERIDO ES DE 3000000
97;BANCO PROVINCIA DEL NEUQUÉN SOCIEDAD ANÓNIMA;2026-04-06;BPN PLUS;BPN PLUS;16328,95;715000;0;100;Beneficiarios de cuentas de          Seguridad Social;Básico;INCLUYE DOS TARJETAS DE CREDITO UNA AL MENOS INTERNACIONAL CUENTA CORRIENTE Y ACUERDO EN CC OPCIONAL;Provincia de Río Negro;
93;BANCO DE LA PAMPA SA;2026-03-20;PAQUETE 2 DORADO;PAQ 2;35000,00;900000;12;83;Clientes con cuenta en la entidad;Premium gold;TARJETA CALDEN MASTERCARD GOLD Y/O CALDEN VISA GOLD, CAJA DE AHORRO EN DOLARES, CUENTA CORRIENTE INDIVIDUOS, DESCUBIERTO EN CTA CTE DE 70000 PESOS;Provincia de Río Negro;EXENCION DE: COMISION MANTENIMIENTO DE CUENTA TARJ DE CREDITO, COMISION SERV ANUAL RENOVACION TARJ DE CREDITO, COMISION MANTENIMIENTO C/A EN DOLARES, COMISION MANTENIMIENTO DE CTA CTE. PREST PERSONAL PREACORDADO SUJETO A POLITICA DE CREDITO CON TASA PREFERENCIAL, PUNTOS PAMPA CLUB, DESCUBIERTO EN CTA CTE DE 70000 PESOS
97;BANCO PROVINCIA DEL NEUQUÉN SOCIEDAD ANÓNIMA;2026-04-06;BPN UNICO;BPN UNICO;32654,27;999999;12;100;Personas humanas Responsables Inscriptos;Premium signature, black o similar;INCLUYE DOS TARJETAS DE CREDITO UNA AL MENOS PLATINUM CUENTA CORRIENTE Y ACUERDO EN CC OPCIONAL;Provincia de Río Negro;EL INGRESO MINIMO MENSUAL REQUERIDO ES DE 3000000
93;BANCO DE LA PAMPA SA;2026-03-20;PAQUETE 3 PLATINO;PAQ 3;52000,00;2250000;12;83;Empleados públicos;Premium platinum;TARJETA CALDEN MASTERCARD PLATINUM Y/O CALDEN VISA PLATINUM, CAJA DE AHORRO EN DOLARES, CUENTA CORRIENTE INDIVIDUOS, DESCUBIERTO EN CUENTA CORRIENTE INDIVIDUOS DE 175000 PESOS;Provincia de Río Negro;EXENCION DE: COMISION MANTENIMIENTO DE CUENTA TARJ DE CREDITO, COMISION SERV ANUAL RENOVACION TARJ DE CREDITO, COMISION MANTENIMIENTO C/A EN DOLARES, COMISION MANTENIMIENTO DE CTA CTE, COMISION ALTA DE ACUERDO. PREST PERSONAL PREACORDADO SUJETO A POLITICA DE CREDITO CON TASA PREFERENCIAL, PUNTOS PAMPA CLUB, DESCUBIERTO EN CTA CTE DE 175000 PESOS.
93;BANCO DE LA PAMPA SA;2026-03-20;PAQUETE 3 PLATINO;PAQ 3;52000,00;2250000;12;83;Clientes con cuenta en la entidad;Premium platinum;TARJETA CALDEN MASTERCARD PLATINUM Y/O CALDEN VISA PLATINUM, CAJA DE AHORRO EN DOLARES, CUENTA CORRIENTE INDIVIDUOS, DESCUBIERTO EN CUENTA CORRIENTE INDIVIDUOS DE 175000 PESOS;Provincia de Río Negro;EXENCION DE: COMISION MANTENIMIENTO DE CUENTA TARJ DE CREDITO, COMISION SERV ANUAL RENOVACION TARJ DE CREDITO, COMISION MANTENIMIENTO C/A EN DOLARES, COMISION MANTENIMIENTO DE CTA CTE, COMISION ALTA DE ACUERDO. PREST PERSONAL PREACORDADO SUJETO A POLITICA DE CREDITO CON TASA PREFERENCIAL, PUNTOS PAMPA CLUB, DESCUBIERTO EN CTA CTE DE 175000 PESOS.
97;BANCO PROVINCIA DEL NEUQUÉN SOCIEDAD ANÓNIMA;2026-04-06;BPN CLASICO;BPN CLASICO;10715,76;357800;12;100;Personas humanas Responsables Inscriptos;Básico;INCLUYE DOS TARJETAS DE CREDITO UNA OBLIGATORIA Y OTRA OPCIONAL;Provincia de Río Negro;
93;BANCO DE LA PAMPA SA;2026-03-20;PAQUETE 3 PLATINO;PAQ 3;52000,00;2250000;24;83;Personas humanas Monotributistas;Premium platinum;TARJETA CALDEN MASTERCARD PLATINUM Y/O CALDEN VISA PLATINUM, CAJA DE AHORRO EN DOLARES, CUENTA CORRIENTE INDIVIDUOS, DESCUBIERTO EN CUENTA CORRIENTE INDIVIDUOS DE 175000 PESOS;Provincia de Río Negro;EXENCION DE: COMISION MANTENIMIENTO DE CUENTA TARJ DE CREDITO, COMISION SERV ANUAL RENOVACION TARJ DE CREDITO, COMISION MANTENIMIENTO C/A EN DOLARES, COMISION MANTENIMIENTO DE CTA CTE, COMISION ALTA DE ACUERDO. PREST PERSONAL PREACORDADO SUJETO A POLITICA DE CREDITO CON TASA PREFERENCIAL, PUNTOS PAMPA CLUB, DESCUBIERTO EN CTA CTE DE 175000 PESOS.
97;BANCO PROVINCIA DEL NEUQUÉN SOCIEDAD ANÓNIMA;2026-04-06;BPN UNICO MAS;BPN UNICO MAS;42437,12;999999;0;100;Clientes con cuenta en la entidad;Premium platinum;INCLUYE DOS TARJETAS DE CREDITO UNA AL MENOS BLACK CUENTA CORRIENTE Y ACUERDO EN CC OPCIONAL;Provincia de Río Negro;EL INGRESO MINIMO MENSUAL REQUERIDO ES DE 4000000
97;BANCO PROVINCIA DEL NEUQUÉN SOCIEDAD ANÓNIMA;2026-04-06;BPN UNICO MAS;BPN UNICO MAS;42437,12;999999;12;100;Personas humanas Responsables Inscriptos;Premium signature, black o similar;INCLUYE DOS TARJETAS DE CREDITO UNA AL MENOS BLACK CUENTA CORRIENTE Y ACUERDO EN CC OPCIONAL;Provincia de Río Negro;EL INGRESO MINIMO MENSUAL REQUERIDO ES DE 4000000
93;BANCO DE LA PAMPA SA;2026-03-20;PAQUETE 2 DORADO;PAQ 2;35000,00;900000;6;83;Clientes que acrediten sueldos en la entidad;Premium gold;TARJETA CALDEN MASTERCARD GOLD Y/O CALDEN VISA GOLD, CAJA DE AHORRO EN DOLARES, CUENTA CORRIENTE INDIVIDUOS, DESCUBIERTO EN CTA CTE DE 70000 PESOS;Provincia de Río Negro;EXENCION DE: COMISION MANTENIMIENTO DE CUENTA TARJ DE CREDITO, COMISION SERV ANUAL RENOVACION TARJ DE CREDITO, COMISION MANTENIMIENTO C/A EN DOLARES, COMISION MANTENIMIENTO DE CTA CTE. PREST PERSONAL PREACORDADO SUJETO A POLITICA DE CREDITO CON TASA PREFERENCIAL, PUNTOS PAMPA CLUB, DESCUBIERTO EN CTA CTE DE 70000 PESOS
97;BANCO PROVINCIA DEL NEUQUÉN SOCIEDAD ANÓNIMA;2026-04-06;BPN UNICO MAS;BPN UNICO MAS;42437,12;999999;0;100;Beneficiarios de cuentas de          Seguridad Social;Premium signature, black o similar;INCLUYE DOS TARJETAS DE CREDITO UNA AL MENOS BLACK CUENTA CORRIENTE Y ACUERDO EN CC OPCIONAL;Provincia de Río Negro;EL INGRESO MINIMO MENSUAL REQUERIDO ES DE 4000000
97;BANCO PROVINCIA DEL NEUQUÉN SOCIEDAD ANÓNIMA;2026-04-06;BPN UNICO MAS;BPN UNICO MAS;42437,12;999999;0;100;Empleados públicos;Premium platinum;INCLUYE DOS TARJETAS DE CREDITO UNA AL MENOS BLACK CUENTA CORRIENTE Y ACUERDO EN CC OPCIONAL;Provincia de Río Negro;EL INGRESO MINIMO MENSUAL REQUERIDO ES DE 4000000
97;BANCO PROVINCIA DEL NEUQUÉN SOCIEDAD ANÓNIMA;2026-04-06;BPN UNICO;BPN UNICO;32654,27;999999;12;100;Personas humanas Monotributistas;Premium platinum;INCLUYE DOS TARJETAS DE CREDITO UNA AL MENOS PLATINUM CUENTA CORRIENTE Y ACUERDO EN CC OPCIONAL;Provincia de Río Negro;EL INGRESO MINIMO MENSUAL REQUERIDO ES DE 3000000
93;BANCO DE LA PAMPA SA;2026-03-20;PAQUETE 2 DORADO;PAQ 2;35000,00;900000;24;83;Personas humanas Responsables Inscriptos;Premium gold;TARJETA CALDEN MASTERCARD GOLD Y/O CALDEN VISA GOLD, CAJA DE AHORRO EN DOLARES, CUENTA CORRIENTE INDIVIDUOS, DESCUBIERTO EN CTA CTE DE 70000 PESOS;Provincia de Río Negro;EXENCION DE: COMISION MANTENIMIENTO DE CUENTA TARJ DE CREDITO, COMISION SERV ANUAL RENOVACION TARJ DE CREDITO, COMISION MANTENIMIENTO C/A EN DOLARES, COMISION MANTENIMIENTO DE CTA CTE. PREST PERSONAL PREACORDADO SUJETO A POLITICA DE CREDITO CON TASA PREFERENCIAL, PUNTOS PAMPA CLUB, DESCUBIERTO EN CTA CTE DE 70000 PESOS
97;BANCO PROVINCIA DEL NEUQUÉN SOCIEDAD ANÓNIMA;2026-04-06;BPN PLUS;BPN PLUS;16328,95;715000;12;100;Personas humanas Responsables Inscriptos;Básico;INCLUYE DOS TARJETAS DE CREDITO UNA AL MENOS INTERNACIONAL CUENTA CORRIENTE Y ACUERDO EN CC OPCIONAL;Provincia de Río Negro;
97;BANCO PROVINCIA DEL NEUQUÉN SOCIEDAD ANÓNIMA;2026-04-06;BPN SELECTO;BPN SELECTO;22260,37;999999;0;100;Clientes con cuenta en la entidad;Premium gold;INCLUYE DOS TARJETAS DE CREDITO UNA AL MENOS GOLD CUENTA CORRIENTE Y ACUERDO EN CC OPCIONAL;Provincia de Río Negro;EL INGRESO MINIMO MENSUAL REQUERIDO ES DE 1700000
93;BANCO DE LA PAMPA SA;2026-03-20;PAQUETE 1 INTERNACIONAL;PAQ 1;23000,00;380000;24;83;Personas humanas Monotributistas;Básico;TARJETA CALDEN MASTERCARD INTERNACIONAL Y/O CALDEN VISA INTERNACIONAL, CAJA DE AHORRO EN DOLARES;Provincia de Río Negro;EXENCION DE: COMISION MANTENIMIENTO DE CUENTA TARJ DE CREDITO,  COMISION SERVICIO ANUAL RENOVACION TARJ DE CREDITO, COMISION MANTENIMIENTO C/A EN DOLARES. PREST PERSONAL PREACORDADO SUJETO A POLITICA DE CREDITO CON TASA PREFERENCIAL, PUNTOS PAMPA CLUB
97;BANCO PROVINCIA DEL NEUQUÉN SOCIEDAD ANÓNIMA;2026-04-06;BPN UNICO;BPN UNICO;32654,27;999999;0;100;Clientes con cuenta en la entidad;Premium platinum;INCLUYE DOS TARJETAS DE CREDITO UNA AL MENOS PLATINUM CUENTA CORRIENTE Y ACUERDO EN CC OPCIONAL;Provincia de Río Negro;EL INGRESO MINIMO MENSUAL REQUERIDO ES DE 3000000
97;BANCO PROVINCIA DEL NEUQUÉN SOCIEDAD ANÓNIMA;2026-04-06;BPN SELECTO;BPN SELECTO;22260,37;999999;0;100;Clientes que acrediten sueldos en la entidad;Premium gold;INCLUYE DOS TARJETAS DE CREDITO UNA AL MENOS GOLD CUENTA CORRIENTE Y ACUERDO EN CC OPCIONAL;Provincia de Río Negro;EL INGRESO MINIMO MENSUAL REQUERIDO ES DE 1700000
97;BANCO PROVINCIA DEL NEUQUÉN SOCIEDAD ANÓNIMA;2026-04-06;BPN CLASICO;BPN CLASICO;10715,76;357800;0;100;Clientes con cuenta en la entidad;Básico;INCLUYE DOS TARJETAS DE CREDITO UNA OBLIGATORIA Y OTRA OPCIONAL;Provincia de Río Negro;
93;BANCO DE LA PAMPA SA;2026-03-20;PAQUETE 3 PLATINO;PAQ 3;52000,00;2250000;12;83;Personas humanas en relación de dependencia;Premium platinum;TARJETA CALDEN MASTERCARD PLATINUM Y/O CALDEN VISA PLATINUM, CAJA DE AHORRO EN DOLARES, CUENTA CORRIENTE INDIVIDUOS, DESCUBIERTO EN CUENTA CORRIENTE INDIVIDUOS DE 175000 PESOS;Provincia de Río Negro;EXENCION DE: COMISION MANTENIMIENTO DE CUENTA TARJ DE CREDITO, COMISION SERV ANUAL RENOVACION TARJ DE CREDITO, COMISION MANTENIMIENTO C/A EN DOLARES, COMISION MANTENIMIENTO DE CTA CTE, COMISION ALTA DE ACUERDO. PREST PERSONAL PREACORDADO SUJETO A POLITICA DE CREDITO CON TASA PREFERENCIAL, PUNTOS PAMPA CLUB, DESCUBIERTO EN CTA CTE DE 175000 PESOS.
97;BANCO PROVINCIA DEL NEUQUÉN SOCIEDAD ANÓNIMA;2026-04-06;BPN UNICO;BPN UNICO;32654,27;999999;0;100;Clientes que acrediten sueldos en la entidad;Premium signature, black o similar;INCLUYE DOS TARJETAS DE CREDITO UNA AL MENOS PLATINUM CUENTA CORRIENTE Y ACUERDO EN CC OPCIONAL;Provincia de Río Negro;EL INGRESO MINIMO MENSUAL REQUERIDO ES DE 3000000
97;BANCO PROVINCIA DEL NEUQUÉN SOCIEDAD ANÓNIMA;2026-04-06;BPN SELECTO;BPN SELECTO;22260,37;999999;0;100;Beneficiarios de cuentas de          Seguridad Social;Premium gold;INCLUYE DOS TARJETAS DE CREDITO UNA AL MENOS GOLD CUENTA CORRIENTE Y ACUERDO EN CC OPCIONAL;Provincia de Río Negro;EL INGRESO MINIMO MENSUAL REQUERIDO ES DE 1700000
97;BANCO PROVINCIA DEL NEUQUÉN SOCIEDAD ANÓNIMA;2026-04-06;BPN UNICO MAS;BPN UNICO MAS;42437,12;999999;12;100;Personas humanas Responsables Inscriptos;Premium platinum;INCLUYE DOS TARJETAS DE CREDITO UNA AL MENOS BLACK CUENTA CORRIENTE Y ACUERDO EN CC OPCIONAL;Provincia de Río Negro;EL INGRESO MINIMO MENSUAL REQUERIDO ES DE 4000000
97;BANCO PROVINCIA DEL NEUQUÉN SOCIEDAD ANÓNIMA;2026-04-06;BPN UNICO MAS;BPN UNICO MAS;42437,12;999999;0;100;Empleados públicos;Premium signature, black o similar;INCLUYE DOS TARJETAS DE CREDITO UNA AL MENOS BLACK CUENTA CORRIENTE Y ACUERDO EN CC OPCIONAL;Provincia de Río Negro;EL INGRESO MINIMO MENSUAL REQUERIDO ES DE 4000000
93;BANCO DE LA PAMPA SA;2026-03-20;PAQUETE 4 BLACK;PAQ 4;70000,00;5400000;12;83;Empleados públicos;Premium signature, black o similar;TARJETA CALDEN MASTERCARD BLACK Y/O CALDEN VISA BLACK, CAJA DE AHORRO EN DOLARES, CUENTA CORRIENTE INDIVIDUOS, DESCUBIERTO EN CUENTA CORRIENTE INDIVIDUOS DE 420000 PESOS;Provincia de Río Negro;EXENCION DE: COMISION MANTENIMIENTO DE CUENTA TARJ DE CREDITO, COMISION SERVICIO ANUAL RENOVACION TARJETAS DE CREDITO, COMISION MANTENIMIENTO C/A EN DOLARES, COMISION MANTENIMIENTO DE CTA CTE, COMISION ALTA DE ACUERDO, PRESTAMO PERSONAL PREACORDADO SUJETO A POLITICA DE CREDITO CON TASA PREFERENCIAL, PUNTOS PAMPA CLUB, DESCUBIERTO EN CTA CTE DE 420000 PESOS.
97;BANCO PROVINCIA DEL NEUQUÉN SOCIEDAD ANÓNIMA;2026-04-06;BPN UNICO;BPN UNICO;32654,27;999999;0;100;Beneficiarios de cuentas de          Seguridad Social;Premium signature, black o similar;INCLUYE DOS TARJETAS DE CREDITO UNA AL MENOS PLATINUM CUENTA CORRIENTE Y ACUERDO EN CC OPCIONAL;Provincia de Río Negro;EL INGRESO MINIMO MENSUAL REQUERIDO ES DE 3000000
97;BANCO PROVINCIA DEL NEUQUÉN SOCIEDAD ANÓNIMA;2026-04-06;BPN CLASICO;BPN CLASICO;10715,76;357800;0;100;Clientes que acrediten sueldos en la entidad;Básico;INCLUYE DOS TARJETAS DE CREDITO UNA OBLIGATORIA Y OTRA OPCIONAL;Provincia de Río Negro;
97;BANCO PROVINCIA DEL NEUQUÉN SOCIEDAD ANÓNIMA;2026-04-06;BPN UNICO;BPN UNICO;32654,27;999999;0;100;Empleados públicos;Premium signature, black o similar;INCLUYE DOS TARJETAS DE CREDITO UNA AL MENOS PLATINUM CUENTA CORRIENTE Y ACUERDO EN CC OPCIONAL;Provincia de Río Negro;EL INGRESO MINIMO MENSUAL REQUERIDO ES DE 3000000
97;BANCO PROVINCIA DEL NEUQUÉN SOCIEDAD ANÓNIMA;2026-04-06;BPN UNICO;BPN UNICO;32654,27;999999;0;100;Personas humanas en relación de dependencia;Premium signature, black o similar;INCLUYE DOS TARJETAS DE CREDITO UNA AL MENOS PLATINUM CUENTA CORRIENTE Y ACUERDO EN CC OPCIONAL;Provincia de Río Negro;EL INGRESO MINIMO MENSUAL REQUERIDO ES DE 3000000
93;BANCO DE LA PAMPA SA;2026-03-20;PAQUETE 4 BLACK;PAQ 4;70000,00;5400000;6;83;Clientes que acrediten sueldos en la entidad;Premium signature, black o similar;TARJETA CALDEN MASTERCARD BLACK Y/O CALDEN VISA BLACK, CAJA DE AHORRO EN DOLARES, CUENTA CORRIENTE INDIVIDUOS, DESCUBIERTO EN CUENTA CORRIENTE INDIVIDUOS DE 420000 PESOS;Provincia de Río Negro;EXENCION DE: COMISION MANTENIMIENTO DE CUENTA TARJ DE CREDITO, COMISION SERVICIO ANUAL RENOVACION TARJETAS DE CREDITO, COMISION MANTENIMIENTO C/A EN DOLARES, COMISION MANTENIMIENTO DE CTA CTE, COMISION ALTA DE ACUERDO, PRESTAMO PERSONAL PREACORDADO SUJETO A POLITICA DE CREDITO CON TASA PREFERENCIAL, PUNTOS PAMPA CLUB, DESCUBIERTO EN CTA CTE DE 420000 PESOS.
93;BANCO DE LA PAMPA SA;2026-03-20;PAQUETE 3 PLATINO;PAQ 3;52000,00;2250000;24;83;Personas humanas Responsables Inscriptos;Premium platinum;TARJETA CALDEN MASTERCARD PLATINUM Y/O CALDEN VISA PLATINUM, CAJA DE AHORRO EN DOLARES, CUENTA CORRIENTE INDIVIDUOS, DESCUBIERTO EN CUENTA CORRIENTE INDIVIDUOS DE 175000 PESOS;Provincia de Río Negro;EXENCION DE: COMISION MANTENIMIENTO DE CUENTA TARJ DE CREDITO, COMISION SERV ANUAL RENOVACION TARJ DE CREDITO, COMISION MANTENIMIENTO C/A EN DOLARES, COMISION MANTENIMIENTO DE CTA CTE, COMISION ALTA DE ACUERDO. PREST PERSONAL PREACORDADO SUJETO A POLITICA DE CREDITO CON TASA PREFERENCIAL, PUNTOS PAMPA CLUB, DESCUBIERTO EN CTA CTE DE 175000 PESOS.
97;BANCO PROVINCIA DEL NEUQUÉN SOCIEDAD ANÓNIMA;2026-04-06;BPN PLUS;BPN PLUS;16328,95;715000;0;100;Clientes con cuenta en la entidad;Básico;INCLUYE DOS TARJETAS DE CREDITO UNA AL MENOS INTERNACIONAL CUENTA CORRIENTE Y ACUERDO EN CC OPCIONAL;Provincia de Río Negro;
97;BANCO PROVINCIA DEL NEUQUÉN SOCIEDAD ANÓNIMA;2026-04-06;BPN UNICO;BPN UNICO;32654,27;999999;12;100;Personas humanas Monotributistas;Premium signature, black o similar;INCLUYE DOS TARJETAS DE CREDITO UNA AL MENOS PLATINUM CUENTA CORRIENTE Y ACUERDO EN CC OPCIONAL;Provincia de Río Negro;EL INGRESO MINIMO MENSUAL REQUERIDO ES DE 3000000
93;BANCO DE LA PAMPA SA;2026-03-20;PAQUETE 1 INTERNACIONAL;PAQ 1;23000,00;380000;6;83;Beneficiarios de cuentas de          Seguridad Social;Básico;TARJETA CALDEN MASTERCARD INTERNACIONAL Y/O CALDEN VISA INTERNACIONAL, CAJA DE AHORRO EN DOLARES;Provincia de Río Negro;EXENCION DE: COMISION MANTENIMIENTO DE CUENTA TARJ DE CREDITO,  COMISION SERVICIO ANUAL RENOVACION TARJ DE CREDITO, COMISION MANTENIMIENTO C/A EN DOLARES. PREST PERSONAL PREACORDADO SUJETO A POLITICA DE CREDITO CON TASA PREFERENCIAL, PUNTOS PAMPA CLUB
97;BANCO PROVINCIA DEL NEUQUÉN SOCIEDAD ANÓNIMA;2026-04-06;BPN SELECTO;BPN SELECTO;22260,37;999999;12;100;Personas humanas Monotributistas;Premium gold;INCLUYE DOS TARJETAS DE CREDITO UNA AL MENOS GOLD CUENTA CORRIENTE Y ACUERDO EN CC OPCIONAL;Provincia de Río Negro;EL INGRESO MINIMO MENSUAL REQUERIDO ES DE 1700000
97;BANCO PROVINCIA DEL NEUQUÉN SOCIEDAD ANÓNIMA;2026-04-06;BPN CLASICO;BPN CLASICO;10715,76;357800;0;100;Empleados públicos;Básico;INCLUYE DOS TARJETAS DE CREDITO UNA OBLIGATORIA Y OTRA OPCIONAL;Provincia de Río Negro;
93;BANCO DE LA PAMPA SA;2026-03-20;PAQUETE 4 BLACK;PAQ 4;70000,00;5400000;6;83;Beneficiarios de cuentas de          Seguridad Social;Premium signature, black o similar;TARJETA CALDEN MASTERCARD BLACK Y/O CALDEN VISA BLACK, CAJA DE AHORRO EN DOLARES, CUENTA CORRIENTE INDIVIDUOS, DESCUBIERTO EN CUENTA CORRIENTE INDIVIDUOS DE 420000 PESOS;Provincia de Río Negro;EXENCION DE: COMISION MANTENIMIENTO DE CUENTA TARJ DE CREDITO, COMISION SERVICIO ANUAL RENOVACION TARJETAS DE CREDITO, COMISION MANTENIMIENTO C/A EN DOLARES, COMISION MANTENIMIENTO DE CTA CTE, COMISION ALTA DE ACUERDO, PRESTAMO PERSONAL PREACORDADO SUJETO A POLITICA DE CREDITO CON TASA PREFERENCIAL, PUNTOS PAMPA CLUB, DESCUBIERTO EN CTA CTE DE 420000 PESOS.
97;BANCO PROVINCIA DEL NEUQUÉN SOCIEDAD ANÓNIMA;2026-04-06;BPN UNICO;BPN UNICO;32654,27;999999;12;100;Personas humanas Responsables Inscriptos;Premium platinum;INCLUYE DOS TARJETAS DE CREDITO UNA AL MENOS PLATINUM CUENTA CORRIENTE Y ACUERDO EN CC OPCIONAL;Provincia de Río Negro;EL INGRESO MINIMO MENSUAL REQUERIDO ES DE 3000000
97;BANCO PROVINCIA DEL NEUQUÉN SOCIEDAD ANÓNIMA;2026-04-06;BPN UNICO MAS;BPN UNICO MAS;42437,12;999999;0;100;Clientes con cuenta en la entidad;Premium signature, black o similar;INCLUYE DOS TARJETAS DE CREDITO UNA AL MENOS BLACK CUENTA CORRIENTE Y ACUERDO EN CC OPCIONAL;Provincia de Río Negro;EL INGRESO MINIMO MENSUAL REQUERIDO ES DE 4000000
97;BANCO PROVINCIA DEL NEUQUÉN SOCIEDAD ANÓNIMA;2026-04-06;BPN UNICO;BPN UNICO;32654,27;999999;0;100;Clientes que acrediten sueldos en la entidad;Premium platinum;INCLUYE DOS TARJETAS DE CREDITO UNA AL MENOS PLATINUM CUENTA CORRIENTE Y ACUERDO EN CC OPCIONAL;Provincia de Río Negro;EL INGRESO MINIMO MENSUAL REQUERIDO ES DE 3000000
97;BANCO PROVINCIA DEL NEUQUÉN SOCIEDAD ANÓNIMA;2026-04-06;BPN UNICO MAS;BPN UNICO MAS;42437,12;999999;0;100;Clientes que acrediten sueldos en la entidad;Premium signature, black o similar;INCLUYE DOS TARJETAS DE CREDITO UNA AL MENOS BLACK CUENTA CORRIENTE Y ACUERDO EN CC OPCIONAL;Provincia de Río Negro;EL INGRESO MINIMO MENSUAL REQUERIDO ES DE 4000000
97;BANCO PROVINCIA DEL NEUQUÉN SOCIEDAD ANÓNIMA;2026-04-06;BPN UNICO;BPN UNICO;32654,27;999999;0;100;Clientes con cuenta en la entidad;Premium signature, black o similar;INCLUYE DOS TARJETAS DE CREDITO UNA AL MENOS PLATINUM CUENTA CORRIENTE Y ACUERDO EN CC OPCIONAL;Provincia de Río Negro;EL INGRESO MINIMO MENSUAL REQUERIDO ES DE 3000000
97;BANCO PROVINCIA DEL NEUQUÉN SOCIEDAD ANÓNIMA;2026-04-06;BPN UNICO MAS;BPN UNICO MAS;42437,12;999999;0;100;Personas humanas en relación de dependencia;Premium platinum;INCLUYE DOS TARJETAS DE CREDITO UNA AL MENOS BLACK CUENTA CORRIENTE Y ACUERDO EN CC OPCIONAL;Provincia de Río Negro;EL INGRESO MINIMO MENSUAL REQUERIDO ES DE 4000000
93;BANCO DE LA PAMPA SA;2026-03-20;PAQUETE 1 INTERNACIONAL;PAQ 1;23000,00;380000;12;83;Empleados públicos;Básico;TARJETA CALDEN MASTERCARD INTERNACIONAL Y/O CALDEN VISA INTERNACIONAL, CAJA DE AHORRO EN DOLARES;Provincia de Río Negro;EXENCION DE: COMISION MANTENIMIENTO DE CUENTA TARJ DE CREDITO,  COMISION SERVICIO ANUAL RENOVACION TARJ DE CREDITO, COMISION MANTENIMIENTO C/A EN DOLARES. PREST PERSONAL PREACORDADO SUJETO A POLITICA DE CREDITO CON TASA PREFERENCIAL, PUNTOS PAMPA CLUB
93;BANCO DE LA PAMPA SA;2026-03-20;PAQUETE 3 PLATINO;PAQ 3;52000,00;2250000;6;83;Beneficiarios de cuentas de          Seguridad Social;Premium platinum;TARJETA CALDEN MASTERCARD PLATINUM Y/O CALDEN VISA PLATINUM, CAJA DE AHORRO EN DOLARES, CUENTA CORRIENTE INDIVIDUOS, DESCUBIERTO EN CUENTA CORRIENTE INDIVIDUOS DE 175000 PESOS;Provincia de Río Negro;EXENCION DE: COMISION MANTENIMIENTO DE CUENTA TARJ DE CREDITO, COMISION SERV ANUAL RENOVACION TARJ DE CREDITO, COMISION MANTENIMIENTO C/A EN DOLARES, COMISION MANTENIMIENTO DE CTA CTE, COMISION ALTA DE ACUERDO. PREST PERSONAL PREACORDADO SUJETO A POLITICA DE CREDITO CON TASA PREFERENCIAL, PUNTOS PAMPA CLUB, DESCUBIERTO EN CTA CTE DE 175000 PESOS.
93;BANCO DE LA PAMPA SA;2026-03-20;PAQUETE 2 DORADO;PAQ 2;35000,00;900000;24;83;Personas humanas Monotributistas;Premium gold;TARJETA CALDEN MASTERCARD GOLD Y/O CALDEN VISA GOLD, CAJA DE AHORRO EN DOLARES, CUENTA CORRIENTE INDIVIDUOS, DESCUBIERTO EN CTA CTE DE 70000 PESOS;Provincia de Río Negro;EXENCION DE: COMISION MANTENIMIENTO DE CUENTA TARJ DE CREDITO, COMISION SERV ANUAL RENOVACION TARJ DE CREDITO, COMISION MANTENIMIENTO C/A EN DOLARES, COMISION MANTENIMIENTO DE CTA CTE. PREST PERSONAL PREACORDADO SUJETO A POLITICA DE CREDITO CON TASA PREFERENCIAL, PUNTOS PAMPA CLUB, DESCUBIERTO EN CTA CTE DE 70000 PESOS
93;BANCO DE LA PAMPA SA;2026-03-20;PAQUETE 3 PLATINO;PAQ 3;52000,00;2250000;6;83;Clientes que acrediten sueldos en la entidad;Premium platinum;TARJETA CALDEN MASTERCARD PLATINUM Y/O CALDEN VISA PLATINUM, CAJA DE AHORRO EN DOLARES, CUENTA CORRIENTE INDIVIDUOS, DESCUBIERTO EN CUENTA CORRIENTE INDIVIDUOS DE 175000 PESOS;Provincia de Río Negro;EXENCION DE: COMISION MANTENIMIENTO DE CUENTA TARJ DE CREDITO, COMISION SERV ANUAL RENOVACION TARJ DE CREDITO, COMISION MANTENIMIENTO C/A EN DOLARES, COMISION MANTENIMIENTO DE CTA CTE, COMISION ALTA DE ACUERDO. PREST PERSONAL PREACORDADO SUJETO A POLITICA DE CREDITO CON TASA PREFERENCIAL, PUNTOS PAMPA CLUB, DESCUBIERTO EN CTA CTE DE 175000 PESOS.
97;BANCO PROVINCIA DEL NEUQUÉN SOCIEDAD ANÓNIMA;2026-04-06;BPN CLASICO;BPN CLASICO;10715,76;357800;0;100;Personas humanas en relación de dependencia;Básico;INCLUYE DOS TARJETAS DE CREDITO UNA OBLIGATORIA Y OTRA OPCIONAL;Provincia de Río Negro;
93;BANCO DE LA PAMPA SA;2026-03-20;PAQUETE 1 INTERNACIONAL;PAQ 1;23000,00;380000;6;83;Clientes que acrediten sueldos en la entidad;Básico;TARJETA CALDEN MASTERCARD INTERNACIONAL Y/O CALDEN VISA INTERNACIONAL, CAJA DE AHORRO EN DOLARES;Provincia de Río Negro;EXENCION DE: COMISION MANTENIMIENTO DE CUENTA TARJ DE CREDITO,  COMISION SERVICIO ANUAL RENOVACION TARJ DE CREDITO, COMISION MANTENIMIENTO C/A EN DOLARES. PREST PERSONAL PREACORDADO SUJETO A POLITICA DE CREDITO CON TASA PREFERENCIAL, PUNTOS PAMPA CLUB
97;BANCO PROVINCIA DEL NEUQUÉN SOCIEDAD ANÓNIMA;2026-04-06;BPN PLUS;BPN PLUS;16328,95;715000;0;100;Empleados públicos;Básico;INCLUYE DOS TARJETAS DE CREDITO UNA AL MENOS INTERNACIONAL CUENTA CORRIENTE Y ACUERDO EN CC OPCIONAL;Provincia de Río Negro;
97;BANCO PROVINCIA DEL NEUQUÉN SOCIEDAD ANÓNIMA;2026-04-06;BPN SELECTO;BPN SELECTO;22260,37;999999;0;100;Empleados públicos;Premium gold;INCLUYE DOS TARJETAS DE CREDITO UNA AL MENOS GOLD CUENTA CORRIENTE Y ACUERDO EN CC OPCIONAL;Provincia de Río Negro;EL INGRESO MINIMO MENSUAL REQUERIDO ES DE 1700000
97;BANCO PROVINCIA DEL NEUQUÉN SOCIEDAD ANÓNIMA;2026-04-06;BPN PLUS;BPN PLUS;16328,95;715000;0;100;Clientes que acrediten sueldos en la entidad;Básico;INCLUYE DOS TARJETAS DE CREDITO UNA AL MENOS INTERNACIONAL CUENTA CORRIENTE Y ACUERDO EN CC OPCIONAL;Provincia de Río Negro;
93;BANCO DE LA PAMPA SA;2026-03-20;PAQUETE 2 DORADO;PAQ 2;35000,00;900000;12;83;Empleados públicos;Premium gold;TARJETA CALDEN MASTERCARD GOLD Y/O CALDEN VISA GOLD, CAJA DE AHORRO EN DOLARES, CUENTA CORRIENTE INDIVIDUOS, DESCUBIERTO EN CTA CTE DE 70000 PESOS;Provincia de Río Negro;EXENCION DE: COMISION MANTENIMIENTO DE CUENTA TARJ DE CREDITO, COMISION SERV ANUAL RENOVACION TARJ DE CREDITO, COMISION MANTENIMIENTO C/A EN DOLARES, COMISION MANTENIMIENTO DE CTA CTE. PREST PERSONAL PREACORDADO SUJETO A POLITICA DE CREDITO CON TASA PREFERENCIAL, PUNTOS PAMPA CLUB, DESCUBIERTO EN CTA CTE DE 70000 PESOS
93;BANCO DE LA PAMPA SA;2026-03-20;PAQUETE 1 INTERNACIONAL;PAQ 1;23000,00;380000;12;83;Clientes con cuenta en la entidad;Básico;TARJETA CALDEN MASTERCARD INTERNACIONAL Y/O CALDEN VISA INTERNACIONAL, CAJA DE AHORRO EN DOLARES;Provincia de Río Negro;EXENCION DE: COMISION MANTENIMIENTO DE CUENTA TARJ DE CREDITO,  COMISION SERVICIO ANUAL RENOVACION TARJ DE CREDITO, COMISION MANTENIMIENTO C/A EN DOLARES. PREST PERSONAL PREACORDADO SUJETO A POLITICA DE CREDITO CON TASA PREFERENCIAL, PUNTOS PAMPA CLUB
93;BANCO DE LA PAMPA SA;2026-03-20;PAQUETE 4 BLACK;PAQ 4;70000,00;5400000;24;83;Personas humanas Monotributistas;Premium signature, black o similar;TARJETA CALDEN MASTERCARD BLACK Y/O CALDEN VISA BLACK, CAJA DE AHORRO EN DOLARES, CUENTA CORRIENTE INDIVIDUOS, DESCUBIERTO EN CUENTA CORRIENTE INDIVIDUOS DE 420000 PESOS;Provincia de Río Negro;EXENCION DE: COMISION MANTENIMIENTO DE CUENTA TARJ DE CREDITO, COMISION SERVICIO ANUAL RENOVACION TARJETAS DE CREDITO, COMISION MANTENIMIENTO C/A EN DOLARES, COMISION MANTENIMIENTO DE CTA CTE, COMISION ALTA DE ACUERDO, PRESTAMO PERSONAL PREACORDADO SUJETO A POLITICA DE CREDITO CON TASA PREFERENCIAL, PUNTOS PAMPA CLUB, DESCUBIERTO EN CTA CTE DE 420000 PESOS.
97;BANCO PROVINCIA DEL NEUQUÉN SOCIEDAD ANÓNIMA;2026-04-06;BPN UNICO;BPN UNICO;32654,27;999999;0;100;Beneficiarios de cuentas de          Seguridad Social;Premium platinum;INCLUYE DOS TARJETAS DE CREDITO UNA AL MENOS PLATINUM CUENTA CORRIENTE Y ACUERDO EN CC OPCIONAL;Provincia de Río Negro;EL INGRESO MINIMO MENSUAL REQUERIDO ES DE 3000000
97;BANCO PROVINCIA DEL NEUQUÉN SOCIEDAD ANÓNIMA;2026-04-06;BPN CLASICO;BPN CLASICO;10715,76;357800;0;100;Beneficiarios de cuentas de          Seguridad Social;Básico;INCLUYE DOS TARJETAS DE CREDITO UNA OBLIGATORIA Y OTRA OPCIONAL;Provincia de Río Negro;
97;BANCO PROVINCIA DEL NEUQUÉN SOCIEDAD ANÓNIMA;2026-04-06;BPN SELECTO;BPN SELECTO;22260,37;999999;12;100;Personas humanas Responsables Inscriptos;Premium gold;INCLUYE DOS TARJETAS DE CREDITO UNA AL MENOS GOLD CUENTA CORRIENTE Y ACUERDO EN CC OPCIONAL;Provincia de Río Negro;EL INGRESO MINIMO MENSUAL REQUERIDO ES DE 1700000
93;BANCO DE LA PAMPA SA;2026-03-20;PAQUETE 2 DORADO;PAQ 2;35000,00;900000;6;83;Beneficiarios de cuentas de          Seguridad Social;Premium gold;TARJETA CALDEN MASTERCARD GOLD Y/O CALDEN VISA GOLD, CAJA DE AHORRO EN DOLARES, CUENTA CORRIENTE INDIVIDUOS, DESCUBIERTO EN CTA CTE DE 70000 PESOS;Provincia de Río Negro;EXENCION DE: COMISION MANTENIMIENTO DE CUENTA TARJ DE CREDITO, COMISION SERV ANUAL RENOVACION TARJ DE CREDITO, COMISION MANTENIMIENTO C/A EN DOLARES, COMISION MANTENIMIENTO DE CTA CTE. PREST PERSONAL PREACORDADO SUJETO A POLITICA DE CREDITO CON TASA PREFERENCIAL, PUNTOS PAMPA CLUB, DESCUBIERTO EN CTA CTE DE 70000 PESOS
29;BANCO DE LA CIUDAD DE BUENOS AIRES;2026-01-23;PAQUETE PRODUCTOS - CUENTA CIUDAD- CLIENTELA GENERAL;CUENTA CIUDAD;26734,00;334800;0;100;Beneficiarios de cuentas de          Seguridad Social;Básico;1 CAJA DE AHORRO EN DOLARES 1 CUENTA CORRIENTE CON ACUERDO 1 TARJETA DE DEBITO 1 TARJETA DE CREDITO VISA INTERNACIONAL;Provincia de Salta;0
341;BANCO MASVENTAS S.A.;2022-12-30;MVCARTERAGENERALLLAMA;MVCARTGRALLLAMA;2995,67;20444;0;69;Clientes con cuenta en la entidad;Básico;CACADCCCHEQACUERDOTCVISAMASTER;Provincia de Salta;
341;BANCO MASVENTAS S.A.;2022-12-30;MVCARTERAGENERALCONDOR;MVCARTGRALCONDOR;4383,11;112940;0;69;Clientes con cuenta en la entidad;Premium platinum;CACADCCCHEQACUERDOTCVISAMASTER;Provincia de Salta;
29;BANCO DE LA CIUDAD DE BUENOS AIRES;2026-01-23;PAQUETE PRODUCTOS - CUENTA CIUDAD- CLIENTELA GENERAL;CUENTA CIUDAD;26734,00;334800;0;100;Personas humanas Responsables Inscriptos;Básico;1 CAJA DE AHORRO EN DOLARES 1 CUENTA CORRIENTE CON ACUERDO 1 TARJETA DE DEBITO 1 TARJETA DE CREDITO VISA INTERNACIONAL;Provincia de Salta;0
341;BANCO MASVENTAS S.A.;2022-12-30;MVCARTERAGENERALLLAMA;MVCARTGRALLLAMA;1459,90;20444;0;69;Clientes que acrediten sueldos en la entidad;Básico;CACADCCCHEQACUERDOTCVISAMASTER;Provincia de Salta;
341;BANCO MASVENTAS S.A.;2022-12-30;MVCARTERAGENERALPUMA;MVCARTGRALPUMA;2946,23;27565;0;69;Clientes con cuenta en la entidad;Premium gold;CACADCCCHEQACUERDOTCVISAMASTER;Provincia de Salta;
29;BANCO DE LA CIUDAD DE BUENOS AIRES;2026-01-23;PAQUETE PRODUCTOS - CUENTA CIUDAD- CLIENTELA GENERAL;CUENTA CIUDAD;26734,00;334800;0;100;Personas humanas Monotributistas;Básico;1 CAJA DE AHORRO EN DOLARES 1 CUENTA CORRIENTE CON ACUERDO 1 TARJETA DE DEBITO 1 TARJETA DE CREDITO VISA INTERNACIONAL;Provincia de Salta;0
29;BANCO DE LA CIUDAD DE BUENOS AIRES;2026-01-23;PAQUETE PRODUCTOS - CUENTA CIUDAD- CLIENTELA GENERAL;CUENTA CIUDAD;26734,00;334800;0;100;Empleados públicos;Básico;1 CAJA DE AHORRO EN DOLARES 1 CUENTA CORRIENTE CON ACUERDO 1 TARJETA DE DEBITO 1 TARJETA DE CREDITO VISA INTERNACIONAL;Provincia de Salta;0
29;BANCO DE LA CIUDAD DE BUENOS AIRES;2026-01-23;PAQUETE PRODUCTOS - CUENTA CIUDAD- CLIENTELA GENERAL;CUENTA CIUDAD;26734,00;334800;0;100;Clientes con cuenta en la entidad;Básico;1 CAJA DE AHORRO EN DOLARES 1 CUENTA CORRIENTE CON ACUERDO 1 TARJETA DE DEBITO 1 TARJETA DE CREDITO VISA INTERNACIONAL;Provincia de Salta;0
29;BANCO DE LA CIUDAD DE BUENOS AIRES;2026-01-23;PAQUETE PRODUCTOS - CUENTA CIUDAD- CLIENTELA GENERAL;CUENTA CIUDAD;26734,00;334800;0;100;Clientes que acrediten sueldos en la entidad;Básico;1 CAJA DE AHORRO EN DOLARES 1 CUENTA CORRIENTE CON ACUERDO 1 TARJETA DE DEBITO 1 TARJETA DE CREDITO VISA INTERNACIONAL;Provincia de Salta;0
29;BANCO DE LA CIUDAD DE BUENOS AIRES;2026-01-23;PAQUETE PRODUCTOS - CUENTA CIUDAD- CLIENTELA GENERAL;CUENTA CIUDAD;26734,00;334800;0;100;Personas humanas en relación de dependencia;Básico;1 CAJA DE AHORRO EN DOLARES 1 CUENTA CORRIENTE CON ACUERDO 1 TARJETA DE DEBITO 1 TARJETA DE CREDITO VISA INTERNACIONAL;Provincia de Salta;0
341;BANCO MASVENTAS S.A.;2022-12-30;MVCARTERAGENERALPUMA;MVCARTGRALPUMA;2191,58;27565;0;69;Clientes que acrediten sueldos en la entidad;Premium gold;CACADCCCHEQACUERDOTCVISAMASTER;Provincia de Salta;
341;BANCO MASVENTAS S.A.;2022-12-30;MVCARTERAGENERALCONDOR;MVCARTGRALCONDOR;2519,43;112940;0;69;Clientes que acrediten sueldos en la entidad;Premium platinum;CACADCCCHEQACUERDOTCVISAMASTER;Provincia de Salta;
45056;MONTEMAR COMPAÑIA FINANCIERA S.A.;2026-03-13;PAQUETE CUENTA MONTEMAR PLUS BLACK;CUENTA MTM PLUS BLACK;193664,80;0;12;75;Clientes con cuenta en la entidad;Básico;TARJETA DE CREDITO MONTEMAR - CAJA DE AHORRO EN PESOS Y DOLARES - TARJETA DE CREDITO MASTERCARD BLACK- TARJETA DE DEBITO;Provincia de San Juan;TASA PREFERENCIAL DEPOSITOS A PLAZO FIJO INTRANSFERIBLE EN PESOS - TASA BONIFICADAS PRESTAMOS PERSONALES - PROGRAMA DE BENEFICIOS PREMIA O LOS ANDES PASS - ASISTENCIA MONTEMAR TRANQUI BONIFICADO - DESCUENTO EN SEGUROS DE SAN CRISTOBAL 
45056;MONTEMAR COMPAÑIA FINANCIERA S.A.;2026-03-13;PAQUETE CUENTA MONTEMAR PLUS PLATINUM;CUENTA MTM PLUS PLATINUM;153076,38;0;12;75;Clientes que acrediten sueldos en la entidad;Básico;TARJETA DE CREDITO MONTEMAR - CAJA DE AHORRO EN PESOS Y DOLARES - TARJETA DE CREDITO MASTERCARD PLATINUM- TARJETA DE DEBITO;Provincia de San Juan;TASA PREFERENCIAL DEPOSITOS A PLAZO FIJO INTRANSFERIBLE EN PESOS - TASA BONIFICADAS PRESTAMOS PERSONALES - PROGRAMA DE BENEFICIOS PREMIA O LOS ANDES PASS - ASISTENCIA MONTEMAR TRANQUI BONIFICADO - DESCUENTO EN SEGUROS DE SAN CRISTOBAL 
45056;MONTEMAR COMPAÑIA FINANCIERA S.A.;2026-03-13;PAQUETE CUENTA MONTEMAR I;CUENTA MONTEMAR I;20112,41;0;12;75;Clientes que acrediten sueldos en la entidad;Básico;TARJETA DE CREDITO MONTEMAR - CAJA DE AHORRO EN PESOS Y DOLARES;Provincia de San Juan;TASA PREFERENCIAL DEPOSITOS A PLAZO FIJO INTRANSFERIBLE EN PESOS - TASA BONIFICADAS PRESTAMOS PERSONALES - SE COBRA ANUALMENTE 241348,92
45056;MONTEMAR COMPAÑIA FINANCIERA S.A.;2026-03-13;PAQUETE CUENTA MONTEMAR PLUS;CUENTA MTM PLUS;79348,47;0;12;75;Clientes que acrediten sueldos en la entidad;Básico;TARJETA DE CREDITO MONTEMAR - CAJA DE AHORRO EN PESOS Y DOLARES - TARJETA DE CREDITO MASTERCARD INTERNACIONAL - TARJETA DE DEBITO;Provincia de San Juan;TASA PREFERENCIAL DEPOSITOS A PLAZO FIJO INTRANSFERIBLE EN PESOS - TASA BONIFICADAS PRESTAMOS PERSONALES - PROGRAMA DE BENEFICIOS PREMIA O LOS ANDES PASS - ASISTENCIA MONTEMAR TRANQUI BONIFICADO - DESCUENTO EN SEGUROS DE SAN CRISTOBAL 
45056;MONTEMAR COMPAÑIA FINANCIERA S.A.;2026-03-13;PAQUETE CUENTA MONTEMAR PLUS ORO;CUENTA MTM PLUS ORO;108429,02;0;12;75;Clientes que acrediten sueldos en la entidad;Básico;TARJETA DE CREDITO MONTEMAR - CAJA DE AHORRO EN PESOS Y DOLARES - TARJETA DE CREDITO MASTERCARD GOLD- TARJETA DE DEBITO;Provincia de San Juan;TASA PREFERENCIAL DEPOSITOS A PLAZO FIJO INTRANSFERIBLE EN PESOS - TASA BONIFICADAS PRESTAMOS PERSONALES - PROGRAMA DE BENEFICIOS PREMIA O LOS ANDES PASS - ASISTENCIA MONTEMAR TRANQUI BONIFICADO - DESCUENTO EN SEGUROS DE SAN CRISTOBAL 
45056;MONTEMAR COMPAÑIA FINANCIERA S.A.;2026-03-13;PAQUETE CUENTA MONTEMAR PLUS BLACK;CUENTA MTM PLUS BLACK;193664,80;0;12;75;Personas humanas Responsables Inscriptos;Básico;TARJETA DE CREDITO MONTEMAR - CAJA DE AHORRO EN PESOS Y DOLARES - TARJETA DE CREDITO MASTERCARD BLACK- TARJETA DE DEBITO;Provincia de San Juan;TASA PREFERENCIAL DEPOSITOS A PLAZO FIJO INTRANSFERIBLE EN PESOS - TASA BONIFICADAS PRESTAMOS PERSONALES - PROGRAMA DE BENEFICIOS PREMIA O LOS ANDES PASS - ASISTENCIA MONTEMAR TRANQUI BONIFICADO - DESCUENTO EN SEGUROS DE SAN CRISTOBAL 
45056;MONTEMAR COMPAÑIA FINANCIERA S.A.;2026-03-13;PAQUETE CUENTA SUELDO PLUS;CUENTA MTM SUELDO PLUS;75569,98;0;12;75;Clientes que acrediten sueldos en la entidad;Básico;TARJETA DE CREDITO MONTEMAR - CAJA DE AHORRO EN PESOS Y DOLARES - TARJETA DE CREDITO MASTERCARD - TARJETA DE DEBITO;Provincia de San Juan;TASA PREFERENCIAL DEPOSITOS A PLAZO FIJO INTRANSFERIBLE EN PESOS - TASA BONIFICADAS PRESTAMOS PERSONALES - PROGRAMA DE BENEFICIOS PREMIA O LOS ANDES PASS - ASISTENCIA MONTEMAR TRANQUI BONIFICADO - DESCUENTO EN SEGUROS DE SAN CRISTOBAL - DESCUENTO PLUS
45056;MONTEMAR COMPAÑIA FINANCIERA S.A.;2026-03-13;PAQUETE CUENTA SUELDO PLUS;CUENTA MTM SUELDO PLUS;75569,98;0;12;75;Clientes con cuenta en la entidad;Básico;TARJETA DE CREDITO MONTEMAR - CAJA DE AHORRO EN PESOS Y DOLARES - TARJETA DE CREDITO MASTERCARD - TARJETA DE DEBITO;Provincia de San Juan;TASA PREFERENCIAL DEPOSITOS A PLAZO FIJO INTRANSFERIBLE EN PESOS - TASA BONIFICADAS PRESTAMOS PERSONALES - PROGRAMA DE BENEFICIOS PREMIA O LOS ANDES PASS - ASISTENCIA MONTEMAR TRANQUI BONIFICADO - DESCUENTO EN SEGUROS DE SAN CRISTOBAL - DESCUENTO PLUS
45056;MONTEMAR COMPAÑIA FINANCIERA S.A.;2026-03-13;PAQUETE CUENTA MONTEMAR PLUS PLATINUM;CUENTA MTM PLUS PLATINUM;153076,38;0;12;75;Clientes con cuenta en la entidad;Básico;TARJETA DE CREDITO MONTEMAR - CAJA DE AHORRO EN PESOS Y DOLARES - TARJETA DE CREDITO MASTERCARD PLATINUM- TARJETA DE DEBITO;Provincia de San Juan;TASA PREFERENCIAL DEPOSITOS A PLAZO FIJO INTRANSFERIBLE EN PESOS - TASA BONIFICADAS PRESTAMOS PERSONALES - PROGRAMA DE BENEFICIOS PREMIA O LOS ANDES PASS - ASISTENCIA MONTEMAR TRANQUI BONIFICADO - DESCUENTO EN SEGUROS DE SAN CRISTOBAL 
45056;MONTEMAR COMPAÑIA FINANCIERA S.A.;2026-03-13;PAQUETE CUENTA SUELDO PLUS;CUENTA MTM SUELDO PLUS;75569,98;0;12;75;Personas humanas Responsables Inscriptos;Básico;TARJETA DE CREDITO MONTEMAR - CAJA DE AHORRO EN PESOS Y DOLARES - TARJETA DE CREDITO MASTERCARD - TARJETA DE DEBITO;Provincia de San Juan;TASA PREFERENCIAL DEPOSITOS A PLAZO FIJO INTRANSFERIBLE EN PESOS - TASA BONIFICADAS PRESTAMOS PERSONALES - PROGRAMA DE BENEFICIOS PREMIA O LOS ANDES PASS - ASISTENCIA MONTEMAR TRANQUI BONIFICADO - DESCUENTO EN SEGUROS DE SAN CRISTOBAL - DESCUENTO PLUS
45056;MONTEMAR COMPAÑIA FINANCIERA S.A.;2026-03-13;PAQUETE CUENTA MONTEMAR PLUS;CUENTA MTM PLUS;79348,47;0;12;75;Clientes con cuenta en la entidad;Básico;TARJETA DE CREDITO MONTEMAR - CAJA DE AHORRO EN PESOS Y DOLARES - TARJETA DE CREDITO MASTERCARD INTERNACIONAL - TARJETA DE DEBITO;Provincia de San Juan;TASA PREFERENCIAL DEPOSITOS A PLAZO FIJO INTRANSFERIBLE EN PESOS - TASA BONIFICADAS PRESTAMOS PERSONALES - PROGRAMA DE BENEFICIOS PREMIA O LOS ANDES PASS - ASISTENCIA MONTEMAR TRANQUI BONIFICADO - DESCUENTO EN SEGUROS DE SAN CRISTOBAL 
45056;MONTEMAR COMPAÑIA FINANCIERA S.A.;2026-03-13;PAQUETE CUENTA MONTEMAR PLUS BLACK;CUENTA MTM PLUS BLACK;193664,80;0;12;75;Clientes que acrediten sueldos en la entidad;Básico;TARJETA DE CREDITO MONTEMAR - CAJA DE AHORRO EN PESOS Y DOLARES - TARJETA DE CREDITO MASTERCARD BLACK- TARJETA DE DEBITO;Provincia de San Juan;TASA PREFERENCIAL DEPOSITOS A PLAZO FIJO INTRANSFERIBLE EN PESOS - TASA BONIFICADAS PRESTAMOS PERSONALES - PROGRAMA DE BENEFICIOS PREMIA O LOS ANDES PASS - ASISTENCIA MONTEMAR TRANQUI BONIFICADO - DESCUENTO EN SEGUROS DE SAN CRISTOBAL 
45056;MONTEMAR COMPAÑIA FINANCIERA S.A.;2026-03-13;PAQUETE CUENTA MONTEMAR II;CUENTA MONTEMAR II;26816,52;0;12;75;Clientes con cuenta en la entidad;Básico;TARJETA DE CREDITO MONTEMAR - CAJA DE AHORRO EN PESOS Y DOLARES;Provincia de San Juan;TASA PREFERENCIAL DEPOSITOS A PLAZO FIJO INTRANSFERIBLE EN PESOS - TASA BONIFICADAS PRESTAMOS PERSONALES  CON GARANTIA REAL- SE COBRA ANUALMENTE 321798,18
45056;MONTEMAR COMPAÑIA FINANCIERA S.A.;2026-03-13;PAQUETE CUENTA MONTEMAR II;CUENTA MONTEMAR II;26816,52;0;12;75;Clientes que acrediten sueldos en la entidad;Básico;TARJETA DE CREDITO MONTEMAR - CAJA DE AHORRO EN PESOS Y DOLARES;Provincia de San Juan;TASA PREFERENCIAL DEPOSITOS A PLAZO FIJO INTRANSFERIBLE EN PESOS - TASA BONIFICADAS PRESTAMOS PERSONALES  CON GARANTIA REAL- SE COBRA ANUALMENTE 321798,18
45056;MONTEMAR COMPAÑIA FINANCIERA S.A.;2026-03-13;PAQUETE CUENTA MONTEMAR PLUS;CUENTA MTM PLUS;79348,47;0;12;75;Personas humanas Responsables Inscriptos;Básico;TARJETA DE CREDITO MONTEMAR - CAJA DE AHORRO EN PESOS Y DOLARES - TARJETA DE CREDITO MASTERCARD INTERNACIONAL - TARJETA DE DEBITO;Provincia de San Juan;TASA PREFERENCIAL DEPOSITOS A PLAZO FIJO INTRANSFERIBLE EN PESOS - TASA BONIFICADAS PRESTAMOS PERSONALES - PROGRAMA DE BENEFICIOS PREMIA O LOS ANDES PASS - ASISTENCIA MONTEMAR TRANQUI BONIFICADO - DESCUENTO EN SEGUROS DE SAN CRISTOBAL 
45056;MONTEMAR COMPAÑIA FINANCIERA S.A.;2026-03-13;PAQUETE CUENTA MONTEMAR PLUS BLACK;CUENTA MTM PLUS BLACK;193664,80;0;12;75;Personas humanas Monotributistas;Básico;TARJETA DE CREDITO MONTEMAR - CAJA DE AHORRO EN PESOS Y DOLARES - TARJETA DE CREDITO MASTERCARD BLACK- TARJETA DE DEBITO;Provincia de San Juan;TASA PREFERENCIAL DEPOSITOS A PLAZO FIJO INTRANSFERIBLE EN PESOS - TASA BONIFICADAS PRESTAMOS PERSONALES - PROGRAMA DE BENEFICIOS PREMIA O LOS ANDES PASS - ASISTENCIA MONTEMAR TRANQUI BONIFICADO - DESCUENTO EN SEGUROS DE SAN CRISTOBAL 
45056;MONTEMAR COMPAÑIA FINANCIERA S.A.;2026-03-13;PAQUETE CUENTA MONTEMAR II;CUENTA MONTEMAR II;26816,52;0;12;75;Personas humanas en relación de dependencia;Básico;TARJETA DE CREDITO MONTEMAR - CAJA DE AHORRO EN PESOS Y DOLARES;Provincia de San Juan;TASA PREFERENCIAL DEPOSITOS A PLAZO FIJO INTRANSFERIBLE EN PESOS - TASA BONIFICADAS PRESTAMOS PERSONALES  CON GARANTIA REAL- SE COBRA ANUALMENTE 321798,18
45056;MONTEMAR COMPAÑIA FINANCIERA S.A.;2026-03-13;PAQUETE CUENTA SUELDO PLUS;CUENTA MTM SUELDO PLUS;75569,98;0;12;75;Empleados públicos;Básico;TARJETA DE CREDITO MONTEMAR - CAJA DE AHORRO EN PESOS Y DOLARES - TARJETA DE CREDITO MASTERCARD - TARJETA DE DEBITO;Provincia de San Juan;TASA PREFERENCIAL DEPOSITOS A PLAZO FIJO INTRANSFERIBLE EN PESOS - TASA BONIFICADAS PRESTAMOS PERSONALES - PROGRAMA DE BENEFICIOS PREMIA O LOS ANDES PASS - ASISTENCIA MONTEMAR TRANQUI BONIFICADO - DESCUENTO EN SEGUROS DE SAN CRISTOBAL - DESCUENTO PLUS
45056;MONTEMAR COMPAÑIA FINANCIERA S.A.;2026-03-13;PAQUETE CUENTA MONTEMAR PLUS PLATINUM;CUENTA MTM PLUS PLATINUM;153076,38;0;12;75;Empleados públicos;Básico;TARJETA DE CREDITO MONTEMAR - CAJA DE AHORRO EN PESOS Y DOLARES - TARJETA DE CREDITO MASTERCARD PLATINUM- TARJETA DE DEBITO;Provincia de San Juan;TASA PREFERENCIAL DEPOSITOS A PLAZO FIJO INTRANSFERIBLE EN PESOS - TASA BONIFICADAS PRESTAMOS PERSONALES - PROGRAMA DE BENEFICIOS PREMIA O LOS ANDES PASS - ASISTENCIA MONTEMAR TRANQUI BONIFICADO - DESCUENTO EN SEGUROS DE SAN CRISTOBAL 
45056;MONTEMAR COMPAÑIA FINANCIERA S.A.;2026-03-13;PAQUETE CUENTA MONTEMAR PLUS ORO;CUENTA MTM PLUS ORO;108429,02;0;12;75;Personas humanas Monotributistas;Básico;TARJETA DE CREDITO MONTEMAR - CAJA DE AHORRO EN PESOS Y DOLARES - TARJETA DE CREDITO MASTERCARD GOLD- TARJETA DE DEBITO;Provincia de San Juan;TASA PREFERENCIAL DEPOSITOS A PLAZO FIJO INTRANSFERIBLE EN PESOS - TASA BONIFICADAS PRESTAMOS PERSONALES - PROGRAMA DE BENEFICIOS PREMIA O LOS ANDES PASS - ASISTENCIA MONTEMAR TRANQUI BONIFICADO - DESCUENTO EN SEGUROS DE SAN CRISTOBAL 
45056;MONTEMAR COMPAÑIA FINANCIERA S.A.;2026-03-13;PAQUETE CUENTA MONTEMAR PLUS ORO;CUENTA MTM PLUS ORO;108429,02;0;12;75;Clientes con cuenta en la entidad;Básico;TARJETA DE CREDITO MONTEMAR - CAJA DE AHORRO EN PESOS Y DOLARES - TARJETA DE CREDITO MASTERCARD GOLD- TARJETA DE DEBITO;Provincia de San Juan;TASA PREFERENCIAL DEPOSITOS A PLAZO FIJO INTRANSFERIBLE EN PESOS - TASA BONIFICADAS PRESTAMOS PERSONALES - PROGRAMA DE BENEFICIOS PREMIA O LOS ANDES PASS - ASISTENCIA MONTEMAR TRANQUI BONIFICADO - DESCUENTO EN SEGUROS DE SAN CRISTOBAL 
45056;MONTEMAR COMPAÑIA FINANCIERA S.A.;2026-03-13;PAQUETE CUENTA MONTEMAR PLUS ORO;CUENTA MTM PLUS ORO;108429,02;0;12;75;Empleados públicos;Básico;TARJETA DE CREDITO MONTEMAR - CAJA DE AHORRO EN PESOS Y DOLARES - TARJETA DE CREDITO MASTERCARD GOLD- TARJETA DE DEBITO;Provincia de San Juan;TASA PREFERENCIAL DEPOSITOS A PLAZO FIJO INTRANSFERIBLE EN PESOS - TASA BONIFICADAS PRESTAMOS PERSONALES - PROGRAMA DE BENEFICIOS PREMIA O LOS ANDES PASS - ASISTENCIA MONTEMAR TRANQUI BONIFICADO - DESCUENTO EN SEGUROS DE SAN CRISTOBAL 
45056;MONTEMAR COMPAÑIA FINANCIERA S.A.;2026-03-13;PAQUETE CUENTA MONTEMAR PLUS;CUENTA MTM PLUS;79348,47;0;12;75;Empleados públicos;Básico;TARJETA DE CREDITO MONTEMAR - CAJA DE AHORRO EN PESOS Y DOLARES - TARJETA DE CREDITO MASTERCARD INTERNACIONAL - TARJETA DE DEBITO;Provincia de San Juan;TASA PREFERENCIAL DEPOSITOS A PLAZO FIJO INTRANSFERIBLE EN PESOS - TASA BONIFICADAS PRESTAMOS PERSONALES - PROGRAMA DE BENEFICIOS PREMIA O LOS ANDES PASS - ASISTENCIA MONTEMAR TRANQUI BONIFICADO - DESCUENTO EN SEGUROS DE SAN CRISTOBAL 
45056;MONTEMAR COMPAÑIA FINANCIERA S.A.;2026-03-13;PAQUETE CUENTA MONTEMAR PLUS ORO;CUENTA MTM PLUS ORO;108429,02;0;12;75;Personas humanas Responsables Inscriptos;Básico;TARJETA DE CREDITO MONTEMAR - CAJA DE AHORRO EN PESOS Y DOLARES - TARJETA DE CREDITO MASTERCARD GOLD- TARJETA DE DEBITO;Provincia de San Juan;TASA PREFERENCIAL DEPOSITOS A PLAZO FIJO INTRANSFERIBLE EN PESOS - TASA BONIFICADAS PRESTAMOS PERSONALES - PROGRAMA DE BENEFICIOS PREMIA O LOS ANDES PASS - ASISTENCIA MONTEMAR TRANQUI BONIFICADO - DESCUENTO EN SEGUROS DE SAN CRISTOBAL 
45056;MONTEMAR COMPAÑIA FINANCIERA S.A.;2026-03-13;PAQUETE CUENTA MONTEMAR PLUS PLATINUM;CUENTA MTM PLUS PLATINUM;153076,38;0;12;75;Personas humanas en relación de dependencia;Básico;TARJETA DE CREDITO MONTEMAR - CAJA DE AHORRO EN PESOS Y DOLARES - TARJETA DE CREDITO MASTERCARD PLATINUM- TARJETA DE DEBITO;Provincia de San Juan;TASA PREFERENCIAL DEPOSITOS A PLAZO FIJO INTRANSFERIBLE EN PESOS - TASA BONIFICADAS PRESTAMOS PERSONALES - PROGRAMA DE BENEFICIOS PREMIA O LOS ANDES PASS - ASISTENCIA MONTEMAR TRANQUI BONIFICADO - DESCUENTO EN SEGUROS DE SAN CRISTOBAL 
45056;MONTEMAR COMPAÑIA FINANCIERA S.A.;2026-03-13;PAQUETE CUENTA MONTEMAR II;CUENTA MONTEMAR II;26816,52;0;12;75;Personas humanas Responsables Inscriptos;Básico;TARJETA DE CREDITO MONTEMAR - CAJA DE AHORRO EN PESOS Y DOLARES;Provincia de San Juan;TASA PREFERENCIAL DEPOSITOS A PLAZO FIJO INTRANSFERIBLE EN PESOS - TASA BONIFICADAS PRESTAMOS PERSONALES  CON GARANTIA REAL- SE COBRA ANUALMENTE 321798,18
45056;MONTEMAR COMPAÑIA FINANCIERA S.A.;2026-03-13;PAQUETE CUENTA MONTEMAR PLUS;CUENTA MTM PLUS;79348,47;0;12;75;Personas humanas en relación de dependencia;Básico;TARJETA DE CREDITO MONTEMAR - CAJA DE AHORRO EN PESOS Y DOLARES - TARJETA DE CREDITO MASTERCARD INTERNACIONAL - TARJETA DE DEBITO;Provincia de San Juan;TASA PREFERENCIAL DEPOSITOS A PLAZO FIJO INTRANSFERIBLE EN PESOS - TASA BONIFICADAS PRESTAMOS PERSONALES - PROGRAMA DE BENEFICIOS PREMIA O LOS ANDES PASS - ASISTENCIA MONTEMAR TRANQUI BONIFICADO - DESCUENTO EN SEGUROS DE SAN CRISTOBAL 
45056;MONTEMAR COMPAÑIA FINANCIERA S.A.;2026-03-13;PAQUETE CUENTA MONTEMAR I;CUENTA MONTEMAR I;20112,41;0;12;75;Personas humanas Responsables Inscriptos;Básico;TARJETA DE CREDITO MONTEMAR - CAJA DE AHORRO EN PESOS Y DOLARES;Provincia de San Juan;TASA PREFERENCIAL DEPOSITOS A PLAZO FIJO INTRANSFERIBLE EN PESOS - TASA BONIFICADAS PRESTAMOS PERSONALES - SE COBRA ANUALMENTE 241348,92
45056;MONTEMAR COMPAÑIA FINANCIERA S.A.;2026-03-13;PAQUETE CUENTA MONTEMAR PLUS;CUENTA MTM PLUS;79348,47;0;12;75;Personas humanas Monotributistas;Básico;TARJETA DE CREDITO MONTEMAR - CAJA DE AHORRO EN PESOS Y DOLARES - TARJETA DE CREDITO MASTERCARD INTERNACIONAL - TARJETA DE DEBITO;Provincia de San Juan;TASA PREFERENCIAL DEPOSITOS A PLAZO FIJO INTRANSFERIBLE EN PESOS - TASA BONIFICADAS PRESTAMOS PERSONALES - PROGRAMA DE BENEFICIOS PREMIA O LOS ANDES PASS - ASISTENCIA MONTEMAR TRANQUI BONIFICADO - DESCUENTO EN SEGUROS DE SAN CRISTOBAL 
45056;MONTEMAR COMPAÑIA FINANCIERA S.A.;2026-03-13;PAQUETE CUENTA SUELDO PLUS;CUENTA MTM SUELDO PLUS;75569,98;0;12;75;Personas humanas en relación de dependencia;Básico;TARJETA DE CREDITO MONTEMAR - CAJA DE AHORRO EN PESOS Y DOLARES - TARJETA DE CREDITO MASTERCARD - TARJETA DE DEBITO;Provincia de San Juan;TASA PREFERENCIAL DEPOSITOS A PLAZO FIJO INTRANSFERIBLE EN PESOS - TASA BONIFICADAS PRESTAMOS PERSONALES - PROGRAMA DE BENEFICIOS PREMIA O LOS ANDES PASS - ASISTENCIA MONTEMAR TRANQUI BONIFICADO - DESCUENTO EN SEGUROS DE SAN CRISTOBAL - DESCUENTO PLUS
45056;MONTEMAR COMPAÑIA FINANCIERA S.A.;2026-03-13;PAQUETE CUENTA MONTEMAR PLUS PLATINUM;CUENTA MTM PLUS PLATINUM;153076,38;0;12;75;Personas humanas Responsables Inscriptos;Básico;TARJETA DE CREDITO MONTEMAR - CAJA DE AHORRO EN PESOS Y DOLARES - TARJETA DE CREDITO MASTERCARD PLATINUM- TARJETA DE DEBITO;Provincia de San Juan;TASA PREFERENCIAL DEPOSITOS A PLAZO FIJO INTRANSFERIBLE EN PESOS - TASA BONIFICADAS PRESTAMOS PERSONALES - PROGRAMA DE BENEFICIOS PREMIA O LOS ANDES PASS - ASISTENCIA MONTEMAR TRANQUI BONIFICADO - DESCUENTO EN SEGUROS DE SAN CRISTOBAL 
45056;MONTEMAR COMPAÑIA FINANCIERA S.A.;2026-03-13;PAQUETE CUENTA MONTEMAR II;CUENTA MONTEMAR II;26816,52;0;12;75;Empleados públicos;Básico;TARJETA DE CREDITO MONTEMAR - CAJA DE AHORRO EN PESOS Y DOLARES;Provincia de San Juan;TASA PREFERENCIAL DEPOSITOS A PLAZO FIJO INTRANSFERIBLE EN PESOS - TASA BONIFICADAS PRESTAMOS PERSONALES  CON GARANTIA REAL- SE COBRA ANUALMENTE 321798,18
45056;MONTEMAR COMPAÑIA FINANCIERA S.A.;2026-03-13;PAQUETE CUENTA MONTEMAR PLUS PLATINUM;CUENTA MTM PLUS PLATINUM;153076,38;0;12;75;Personas humanas Monotributistas;Básico;TARJETA DE CREDITO MONTEMAR - CAJA DE AHORRO EN PESOS Y DOLARES - TARJETA DE CREDITO MASTERCARD PLATINUM- TARJETA DE DEBITO;Provincia de San Juan;TASA PREFERENCIAL DEPOSITOS A PLAZO FIJO INTRANSFERIBLE EN PESOS - TASA BONIFICADAS PRESTAMOS PERSONALES - PROGRAMA DE BENEFICIOS PREMIA O LOS ANDES PASS - ASISTENCIA MONTEMAR TRANQUI BONIFICADO - DESCUENTO EN SEGUROS DE SAN CRISTOBAL 
45056;MONTEMAR COMPAÑIA FINANCIERA S.A.;2026-03-13;PAQUETE CUENTA MONTEMAR I;CUENTA MONTEMAR I;20112,41;0;12;75;Clientes con cuenta en la entidad;Básico;TARJETA DE CREDITO MONTEMAR - CAJA DE AHORRO EN PESOS Y DOLARES;Provincia de San Juan;TASA PREFERENCIAL DEPOSITOS A PLAZO FIJO INTRANSFERIBLE EN PESOS - TASA BONIFICADAS PRESTAMOS PERSONALES - SE COBRA ANUALMENTE 241348,92
45056;MONTEMAR COMPAÑIA FINANCIERA S.A.;2026-03-13;PAQUETE CUENTA SUELDO PLUS;CUENTA MTM SUELDO PLUS;75569,98;0;12;75;Personas humanas Monotributistas;Básico;TARJETA DE CREDITO MONTEMAR - CAJA DE AHORRO EN PESOS Y DOLARES - TARJETA DE CREDITO MASTERCARD - TARJETA DE DEBITO;Provincia de San Juan;TASA PREFERENCIAL DEPOSITOS A PLAZO FIJO INTRANSFERIBLE EN PESOS - TASA BONIFICADAS PRESTAMOS PERSONALES - PROGRAMA DE BENEFICIOS PREMIA O LOS ANDES PASS - ASISTENCIA MONTEMAR TRANQUI BONIFICADO - DESCUENTO EN SEGUROS DE SAN CRISTOBAL - DESCUENTO PLUS
45056;MONTEMAR COMPAÑIA FINANCIERA S.A.;2026-03-13;PAQUETE CUENTA MONTEMAR PLUS ORO;CUENTA MTM PLUS ORO;108429,02;0;12;75;Personas humanas en relación de dependencia;Básico;TARJETA DE CREDITO MONTEMAR - CAJA DE AHORRO EN PESOS Y DOLARES - TARJETA DE CREDITO MASTERCARD GOLD- TARJETA DE DEBITO;Provincia de San Juan;TASA PREFERENCIAL DEPOSITOS A PLAZO FIJO INTRANSFERIBLE EN PESOS - TASA BONIFICADAS PRESTAMOS PERSONALES - PROGRAMA DE BENEFICIOS PREMIA O LOS ANDES PASS - ASISTENCIA MONTEMAR TRANQUI BONIFICADO - DESCUENTO EN SEGUROS DE SAN CRISTOBAL 
45056;MONTEMAR COMPAÑIA FINANCIERA S.A.;2026-03-13;PAQUETE CUENTA MONTEMAR PLUS BLACK;CUENTA MTM PLUS BLACK;193664,80;0;12;75;Empleados públicos;Básico;TARJETA DE CREDITO MONTEMAR - CAJA DE AHORRO EN PESOS Y DOLARES - TARJETA DE CREDITO MASTERCARD BLACK- TARJETA DE DEBITO;Provincia de San Juan;TASA PREFERENCIAL DEPOSITOS A PLAZO FIJO INTRANSFERIBLE EN PESOS - TASA BONIFICADAS PRESTAMOS PERSONALES - PROGRAMA DE BENEFICIOS PREMIA O LOS ANDES PASS - ASISTENCIA MONTEMAR TRANQUI BONIFICADO - DESCUENTO EN SEGUROS DE SAN CRISTOBAL 
45056;MONTEMAR COMPAÑIA FINANCIERA S.A.;2026-03-13;PAQUETE CUENTA MONTEMAR PLUS BLACK;CUENTA MTM PLUS BLACK;193664,80;0;12;75;Personas humanas en relación de dependencia;Básico;TARJETA DE CREDITO MONTEMAR - CAJA DE AHORRO EN PESOS Y DOLARES - TARJETA DE CREDITO MASTERCARD BLACK- TARJETA DE DEBITO;Provincia de San Juan;TASA PREFERENCIAL DEPOSITOS A PLAZO FIJO INTRANSFERIBLE EN PESOS - TASA BONIFICADAS PRESTAMOS PERSONALES - PROGRAMA DE BENEFICIOS PREMIA O LOS ANDES PASS - ASISTENCIA MONTEMAR TRANQUI BONIFICADO - DESCUENTO EN SEGUROS DE SAN CRISTOBAL 
45056;MONTEMAR COMPAÑIA FINANCIERA S.A.;2026-03-13;PAQUETE CUENTA MONTEMAR I;CUENTA MONTEMAR I;20112,41;0;12;75;Empleados públicos;Básico;TARJETA DE CREDITO MONTEMAR - CAJA DE AHORRO EN PESOS Y DOLARES;Provincia de San Juan;TASA PREFERENCIAL DEPOSITOS A PLAZO FIJO INTRANSFERIBLE EN PESOS - TASA BONIFICADAS PRESTAMOS PERSONALES - SE COBRA ANUALMENTE 241348,92
45056;MONTEMAR COMPAÑIA FINANCIERA S.A.;2026-03-13;PAQUETE CUENTA MONTEMAR I;CUENTA MONTEMAR I;20112,41;0;12;75;Personas humanas Monotributistas;Básico;TARJETA DE CREDITO MONTEMAR - CAJA DE AHORRO EN PESOS Y DOLARES;Provincia de San Juan;TASA PREFERENCIAL DEPOSITOS A PLAZO FIJO INTRANSFERIBLE EN PESOS - TASA BONIFICADAS PRESTAMOS PERSONALES - SE COBRA ANUALMENTE 241348,92
45056;MONTEMAR COMPAÑIA FINANCIERA S.A.;2026-03-13;PAQUETE CUENTA MONTEMAR II;CUENTA MONTEMAR II;26816,52;0;12;75;Personas humanas Monotributistas;Básico;TARJETA DE CREDITO MONTEMAR - CAJA DE AHORRO EN PESOS Y DOLARES;Provincia de San Juan;TASA PREFERENCIAL DEPOSITOS A PLAZO FIJO INTRANSFERIBLE EN PESOS - TASA BONIFICADAS PRESTAMOS PERSONALES  CON GARANTIA REAL- SE COBRA ANUALMENTE 321798,18
45056;MONTEMAR COMPAÑIA FINANCIERA S.A.;2026-03-13;PAQUETE CUENTA MONTEMAR I;CUENTA MONTEMAR I;20112,41;0;12;75;Personas humanas en relación de dependencia;Básico;TARJETA DE CREDITO MONTEMAR - CAJA DE AHORRO EN PESOS Y DOLARES;Provincia de San Juan;TASA PREFERENCIAL DEPOSITOS A PLAZO FIJO INTRANSFERIBLE EN PESOS - TASA BONIFICADAS PRESTAMOS PERSONALES - SE COBRA ANUALMENTE 241348,92
45056;MONTEMAR COMPAÑIA FINANCIERA S.A.;2026-03-13;PAQUETE CUENTA MONTEMAR I;CUENTA MONTEMAR I;20112,41;0;12;75;Personas humanas en relación de dependencia;Básico;TARJETA DE CREDITO MONTEMAR - CAJA DE AHORRO EN PESOS Y DOLARES;Provincia de San Luis;TASA PREFERENCIAL DEPOSITOS A PLAZO FIJO INTRANSFERIBLE EN PESOS - TASA BONIFICADAS PRESTAMOS PERSONALES - SE COBRA ANUALMENTE 241348,92
45056;MONTEMAR COMPAÑIA FINANCIERA S.A.;2026-03-13;PAQUETE CUENTA SUELDO PLUS;CUENTA MTM SUELDO PLUS;75569,98;0;12;75;Clientes con cuenta en la entidad;Básico;TARJETA DE CREDITO MONTEMAR - CAJA DE AHORRO EN PESOS Y DOLARES - TARJETA DE CREDITO MASTERCARD - TARJETA DE DEBITO;Provincia de San Luis;TASA PREFERENCIAL DEPOSITOS A PLAZO FIJO INTRANSFERIBLE EN PESOS - TASA BONIFICADAS PRESTAMOS PERSONALES - PROGRAMA DE BENEFICIOS PREMIA O LOS ANDES PASS - ASISTENCIA MONTEMAR TRANQUI BONIFICADO - DESCUENTO EN SEGUROS DE SAN CRISTOBAL - DESCUENTO PLUS
45056;MONTEMAR COMPAÑIA FINANCIERA S.A.;2026-03-13;PAQUETE CUENTA MONTEMAR PLUS ORO;CUENTA MTM PLUS ORO;108429,02;0;12;75;Clientes con cuenta en la entidad;Básico;TARJETA DE CREDITO MONTEMAR - CAJA DE AHORRO EN PESOS Y DOLARES - TARJETA DE CREDITO MASTERCARD GOLD- TARJETA DE DEBITO;Provincia de San Luis;TASA PREFERENCIAL DEPOSITOS A PLAZO FIJO INTRANSFERIBLE EN PESOS - TASA BONIFICADAS PRESTAMOS PERSONALES - PROGRAMA DE BENEFICIOS PREMIA O LOS ANDES PASS - ASISTENCIA MONTEMAR TRANQUI BONIFICADO - DESCUENTO EN SEGUROS DE SAN CRISTOBAL 
45056;MONTEMAR COMPAÑIA FINANCIERA S.A.;2026-03-13;PAQUETE CUENTA MONTEMAR PLUS PLATINUM;CUENTA MTM PLUS PLATINUM;153076,38;0;12;75;Clientes con cuenta en la entidad;Básico;TARJETA DE CREDITO MONTEMAR - CAJA DE AHORRO EN PESOS Y DOLARES - TARJETA DE CREDITO MASTERCARD PLATINUM- TARJETA DE DEBITO;Provincia de San Luis;TASA PREFERENCIAL DEPOSITOS A PLAZO FIJO INTRANSFERIBLE EN PESOS - TASA BONIFICADAS PRESTAMOS PERSONALES - PROGRAMA DE BENEFICIOS PREMIA O LOS ANDES PASS - ASISTENCIA MONTEMAR TRANQUI BONIFICADO - DESCUENTO EN SEGUROS DE SAN CRISTOBAL 
45056;MONTEMAR COMPAÑIA FINANCIERA S.A.;2026-03-13;PAQUETE CUENTA MONTEMAR I;CUENTA MONTEMAR I;20112,41;0;12;75;Clientes con cuenta en la entidad;Básico;TARJETA DE CREDITO MONTEMAR - CAJA DE AHORRO EN PESOS Y DOLARES;Provincia de San Luis;TASA PREFERENCIAL DEPOSITOS A PLAZO FIJO INTRANSFERIBLE EN PESOS - TASA BONIFICADAS PRESTAMOS PERSONALES - SE COBRA ANUALMENTE 241348,92
45056;MONTEMAR COMPAÑIA FINANCIERA S.A.;2026-03-13;PAQUETE CUENTA MONTEMAR PLUS ORO;CUENTA MTM PLUS ORO;108429,02;0;12;75;Empleados públicos;Básico;TARJETA DE CREDITO MONTEMAR - CAJA DE AHORRO EN PESOS Y DOLARES - TARJETA DE CREDITO MASTERCARD GOLD- TARJETA DE DEBITO;Provincia de San Luis;TASA PREFERENCIAL DEPOSITOS A PLAZO FIJO INTRANSFERIBLE EN PESOS - TASA BONIFICADAS PRESTAMOS PERSONALES - PROGRAMA DE BENEFICIOS PREMIA O LOS ANDES PASS - ASISTENCIA MONTEMAR TRANQUI BONIFICADO - DESCUENTO EN SEGUROS DE SAN CRISTOBAL 
45056;MONTEMAR COMPAÑIA FINANCIERA S.A.;2026-03-13;PAQUETE CUENTA MONTEMAR I;CUENTA MONTEMAR I;20112,41;0;12;75;Personas humanas Responsables Inscriptos;Básico;TARJETA DE CREDITO MONTEMAR - CAJA DE AHORRO EN PESOS Y DOLARES;Provincia de San Luis;TASA PREFERENCIAL DEPOSITOS A PLAZO FIJO INTRANSFERIBLE EN PESOS - TASA BONIFICADAS PRESTAMOS PERSONALES - SE COBRA ANUALMENTE 241348,92
45056;MONTEMAR COMPAÑIA FINANCIERA S.A.;2026-03-13;PAQUETE CUENTA MONTEMAR PLUS;CUENTA MTM PLUS;79348,47;0;12;75;Clientes con cuenta en la entidad;Básico;TARJETA DE CREDITO MONTEMAR - CAJA DE AHORRO EN PESOS Y DOLARES - TARJETA DE CREDITO MASTERCARD INTERNACIONAL - TARJETA DE DEBITO;Provincia de San Luis;TASA PREFERENCIAL DEPOSITOS A PLAZO FIJO INTRANSFERIBLE EN PESOS - TASA BONIFICADAS PRESTAMOS PERSONALES - PROGRAMA DE BENEFICIOS PREMIA O LOS ANDES PASS - ASISTENCIA MONTEMAR TRANQUI BONIFICADO - DESCUENTO EN SEGUROS DE SAN CRISTOBAL 
45056;MONTEMAR COMPAÑIA FINANCIERA S.A.;2026-03-13;PAQUETE CUENTA MONTEMAR PLUS BLACK;CUENTA MTM PLUS BLACK;193664,80;0;12;75;Personas humanas Monotributistas;Básico;TARJETA DE CREDITO MONTEMAR - CAJA DE AHORRO EN PESOS Y DOLARES - TARJETA DE CREDITO MASTERCARD BLACK- TARJETA DE DEBITO;Provincia de San Luis;TASA PREFERENCIAL DEPOSITOS A PLAZO FIJO INTRANSFERIBLE EN PESOS - TASA BONIFICADAS PRESTAMOS PERSONALES - PROGRAMA DE BENEFICIOS PREMIA O LOS ANDES PASS - ASISTENCIA MONTEMAR TRANQUI BONIFICADO - DESCUENTO EN SEGUROS DE SAN CRISTOBAL 
45056;MONTEMAR COMPAÑIA FINANCIERA S.A.;2026-03-13;PAQUETE CUENTA MONTEMAR PLUS BLACK;CUENTA MTM PLUS BLACK;193664,80;0;12;75;Personas humanas en relación de dependencia;Básico;TARJETA DE CREDITO MONTEMAR - CAJA DE AHORRO EN PESOS Y DOLARES - TARJETA DE CREDITO MASTERCARD BLACK- TARJETA DE DEBITO;Provincia de San Luis;TASA PREFERENCIAL DEPOSITOS A PLAZO FIJO INTRANSFERIBLE EN PESOS - TASA BONIFICADAS PRESTAMOS PERSONALES - PROGRAMA DE BENEFICIOS PREMIA O LOS ANDES PASS - ASISTENCIA MONTEMAR TRANQUI BONIFICADO - DESCUENTO EN SEGUROS DE SAN CRISTOBAL 
45056;MONTEMAR COMPAÑIA FINANCIERA S.A.;2026-03-13;PAQUETE CUENTA MONTEMAR I;CUENTA MONTEMAR I;20112,41;0;12;75;Personas humanas Monotributistas;Básico;TARJETA DE CREDITO MONTEMAR - CAJA DE AHORRO EN PESOS Y DOLARES;Provincia de San Luis;TASA PREFERENCIAL DEPOSITOS A PLAZO FIJO INTRANSFERIBLE EN PESOS - TASA BONIFICADAS PRESTAMOS PERSONALES - SE COBRA ANUALMENTE 241348,92
45056;MONTEMAR COMPAÑIA FINANCIERA S.A.;2026-03-13;PAQUETE CUENTA MONTEMAR II;CUENTA MONTEMAR II;26816,52;0;12;75;Clientes con cuenta en la entidad;Básico;TARJETA DE CREDITO MONTEMAR - CAJA DE AHORRO EN PESOS Y DOLARES;Provincia de San Luis;TASA PREFERENCIAL DEPOSITOS A PLAZO FIJO INTRANSFERIBLE EN PESOS - TASA BONIFICADAS PRESTAMOS PERSONALES  CON GARANTIA REAL- SE COBRA ANUALMENTE 321798,18
45056;MONTEMAR COMPAÑIA FINANCIERA S.A.;2026-03-13;PAQUETE CUENTA MONTEMAR PLUS PLATINUM;CUENTA MTM PLUS PLATINUM;153076,38;0;12;75;Empleados públicos;Básico;TARJETA DE CREDITO MONTEMAR - CAJA DE AHORRO EN PESOS Y DOLARES - TARJETA DE CREDITO MASTERCARD PLATINUM- TARJETA DE DEBITO;Provincia de San Luis;TASA PREFERENCIAL DEPOSITOS A PLAZO FIJO INTRANSFERIBLE EN PESOS - TASA BONIFICADAS PRESTAMOS PERSONALES - PROGRAMA DE BENEFICIOS PREMIA O LOS ANDES PASS - ASISTENCIA MONTEMAR TRANQUI BONIFICADO - DESCUENTO EN SEGUROS DE SAN CRISTOBAL 
45056;MONTEMAR COMPAÑIA FINANCIERA S.A.;2026-03-13;PAQUETE CUENTA MONTEMAR PLUS ORO;CUENTA MTM PLUS ORO;108429,02;0;12;75;Personas humanas en relación de dependencia;Básico;TARJETA DE CREDITO MONTEMAR - CAJA DE AHORRO EN PESOS Y DOLARES - TARJETA DE CREDITO MASTERCARD GOLD- TARJETA DE DEBITO;Provincia de San Luis;TASA PREFERENCIAL DEPOSITOS A PLAZO FIJO INTRANSFERIBLE EN PESOS - TASA BONIFICADAS PRESTAMOS PERSONALES - PROGRAMA DE BENEFICIOS PREMIA O LOS ANDES PASS - ASISTENCIA MONTEMAR TRANQUI BONIFICADO - DESCUENTO EN SEGUROS DE SAN CRISTOBAL 
45056;MONTEMAR COMPAÑIA FINANCIERA S.A.;2026-03-13;PAQUETE CUENTA SUELDO PLUS;CUENTA MTM SUELDO PLUS;75569,98;0;12;75;Clientes que acrediten sueldos en la entidad;Básico;TARJETA DE CREDITO MONTEMAR - CAJA DE AHORRO EN PESOS Y DOLARES - TARJETA DE CREDITO MASTERCARD - TARJETA DE DEBITO;Provincia de San Luis;TASA PREFERENCIAL DEPOSITOS A PLAZO FIJO INTRANSFERIBLE EN PESOS - TASA BONIFICADAS PRESTAMOS PERSONALES - PROGRAMA DE BENEFICIOS PREMIA O LOS ANDES PASS - ASISTENCIA MONTEMAR TRANQUI BONIFICADO - DESCUENTO EN SEGUROS DE SAN CRISTOBAL - DESCUENTO PLUS
45056;MONTEMAR COMPAÑIA FINANCIERA S.A.;2026-03-13;PAQUETE CUENTA SUELDO PLUS;CUENTA MTM SUELDO PLUS;75569,98;0;12;75;Personas humanas en relación de dependencia;Básico;TARJETA DE CREDITO MONTEMAR - CAJA DE AHORRO EN PESOS Y DOLARES - TARJETA DE CREDITO MASTERCARD - TARJETA DE DEBITO;Provincia de San Luis;TASA PREFERENCIAL DEPOSITOS A PLAZO FIJO INTRANSFERIBLE EN PESOS - TASA BONIFICADAS PRESTAMOS PERSONALES - PROGRAMA DE BENEFICIOS PREMIA O LOS ANDES PASS - ASISTENCIA MONTEMAR TRANQUI BONIFICADO - DESCUENTO EN SEGUROS DE SAN CRISTOBAL - DESCUENTO PLUS
45056;MONTEMAR COMPAÑIA FINANCIERA S.A.;2026-03-13;PAQUETE CUENTA MONTEMAR PLUS PLATINUM;CUENTA MTM PLUS PLATINUM;153076,38;0;12;75;Personas humanas Responsables Inscriptos;Básico;TARJETA DE CREDITO MONTEMAR - CAJA DE AHORRO EN PESOS Y DOLARES - TARJETA DE CREDITO MASTERCARD PLATINUM- TARJETA DE DEBITO;Provincia de San Luis;TASA PREFERENCIAL DEPOSITOS A PLAZO FIJO INTRANSFERIBLE EN PESOS - TASA BONIFICADAS PRESTAMOS PERSONALES - PROGRAMA DE BENEFICIOS PREMIA O LOS ANDES PASS - ASISTENCIA MONTEMAR TRANQUI BONIFICADO - DESCUENTO EN SEGUROS DE SAN CRISTOBAL 
45056;MONTEMAR COMPAÑIA FINANCIERA S.A.;2026-03-13;PAQUETE CUENTA MONTEMAR I;CUENTA MONTEMAR I;20112,41;0;12;75;Clientes que acrediten sueldos en la entidad;Básico;TARJETA DE CREDITO MONTEMAR - CAJA DE AHORRO EN PESOS Y DOLARES;Provincia de San Luis;TASA PREFERENCIAL DEPOSITOS A PLAZO FIJO INTRANSFERIBLE EN PESOS - TASA BONIFICADAS PRESTAMOS PERSONALES - SE COBRA ANUALMENTE 241348,92
45056;MONTEMAR COMPAÑIA FINANCIERA S.A.;2026-03-13;PAQUETE CUENTA MONTEMAR PLUS;CUENTA MTM PLUS;79348,47;0;12;75;Empleados públicos;Básico;TARJETA DE CREDITO MONTEMAR - CAJA DE AHORRO EN PESOS Y DOLARES - TARJETA DE CREDITO MASTERCARD INTERNACIONAL - TARJETA DE DEBITO;Provincia de San Luis;TASA PREFERENCIAL DEPOSITOS A PLAZO FIJO INTRANSFERIBLE EN PESOS - TASA BONIFICADAS PRESTAMOS PERSONALES - PROGRAMA DE BENEFICIOS PREMIA O LOS ANDES PASS - ASISTENCIA MONTEMAR TRANQUI BONIFICADO - DESCUENTO EN SEGUROS DE SAN CRISTOBAL 
45056;MONTEMAR COMPAÑIA FINANCIERA S.A.;2026-03-13;PAQUETE CUENTA MONTEMAR PLUS BLACK;CUENTA MTM PLUS BLACK;193664,80;0;12;75;Clientes que acrediten sueldos en la entidad;Básico;TARJETA DE CREDITO MONTEMAR - CAJA DE AHORRO EN PESOS Y DOLARES - TARJETA DE CREDITO MASTERCARD BLACK- TARJETA DE DEBITO;Provincia de San Luis;TASA PREFERENCIAL DEPOSITOS A PLAZO FIJO INTRANSFERIBLE EN PESOS - TASA BONIFICADAS PRESTAMOS PERSONALES - PROGRAMA DE BENEFICIOS PREMIA O LOS ANDES PASS - ASISTENCIA MONTEMAR TRANQUI BONIFICADO - DESCUENTO EN SEGUROS DE SAN CRISTOBAL 
45056;MONTEMAR COMPAÑIA FINANCIERA S.A.;2026-03-13;PAQUETE CUENTA MONTEMAR II;CUENTA MONTEMAR II;26816,52;0;12;75;Personas humanas Monotributistas;Básico;TARJETA DE CREDITO MONTEMAR - CAJA DE AHORRO EN PESOS Y DOLARES;Provincia de San Luis;TASA PREFERENCIAL DEPOSITOS A PLAZO FIJO INTRANSFERIBLE EN PESOS - TASA BONIFICADAS PRESTAMOS PERSONALES  CON GARANTIA REAL- SE COBRA ANUALMENTE 321798,18
45056;MONTEMAR COMPAÑIA FINANCIERA S.A.;2026-03-13;PAQUETE CUENTA MONTEMAR PLUS ORO;CUENTA MTM PLUS ORO;108429,02;0;12;75;Personas humanas Monotributistas;Básico;TARJETA DE CREDITO MONTEMAR - CAJA DE AHORRO EN PESOS Y DOLARES - TARJETA DE CREDITO MASTERCARD GOLD- TARJETA DE DEBITO;Provincia de San Luis;TASA PREFERENCIAL DEPOSITOS A PLAZO FIJO INTRANSFERIBLE EN PESOS - TASA BONIFICADAS PRESTAMOS PERSONALES - PROGRAMA DE BENEFICIOS PREMIA O LOS ANDES PASS - ASISTENCIA MONTEMAR TRANQUI BONIFICADO - DESCUENTO EN SEGUROS DE SAN CRISTOBAL 
45056;MONTEMAR COMPAÑIA FINANCIERA S.A.;2026-03-13;PAQUETE CUENTA MONTEMAR PLUS PLATINUM;CUENTA MTM PLUS PLATINUM;153076,38;0;12;75;Clientes que acrediten sueldos en la entidad;Básico;TARJETA DE CREDITO MONTEMAR - CAJA DE AHORRO EN PESOS Y DOLARES - TARJETA DE CREDITO MASTERCARD PLATINUM- TARJETA DE DEBITO;Provincia de San Luis;TASA PREFERENCIAL DEPOSITOS A PLAZO FIJO INTRANSFERIBLE EN PESOS - TASA BONIFICADAS PRESTAMOS PERSONALES - PROGRAMA DE BENEFICIOS PREMIA O LOS ANDES PASS - ASISTENCIA MONTEMAR TRANQUI BONIFICADO - DESCUENTO EN SEGUROS DE SAN CRISTOBAL 
45056;MONTEMAR COMPAÑIA FINANCIERA S.A.;2026-03-13;PAQUETE CUENTA SUELDO PLUS;CUENTA MTM SUELDO PLUS;75569,98;0;12;75;Personas humanas Monotributistas;Básico;TARJETA DE CREDITO MONTEMAR - CAJA DE AHORRO EN PESOS Y DOLARES - TARJETA DE CREDITO MASTERCARD - TARJETA DE DEBITO;Provincia de San Luis;TASA PREFERENCIAL DEPOSITOS A PLAZO FIJO INTRANSFERIBLE EN PESOS - TASA BONIFICADAS PRESTAMOS PERSONALES - PROGRAMA DE BENEFICIOS PREMIA O LOS ANDES PASS - ASISTENCIA MONTEMAR TRANQUI BONIFICADO - DESCUENTO EN SEGUROS DE SAN CRISTOBAL - DESCUENTO PLUS
45056;MONTEMAR COMPAÑIA FINANCIERA S.A.;2026-03-13;PAQUETE CUENTA MONTEMAR PLUS BLACK;CUENTA MTM PLUS BLACK;193664,80;0;12;75;Personas humanas Responsables Inscriptos;Básico;TARJETA DE CREDITO MONTEMAR - CAJA DE AHORRO EN PESOS Y DOLARES - TARJETA DE CREDITO MASTERCARD BLACK- TARJETA DE DEBITO;Provincia de San Luis;TASA PREFERENCIAL DEPOSITOS A PLAZO FIJO INTRANSFERIBLE EN PESOS - TASA BONIFICADAS PRESTAMOS PERSONALES - PROGRAMA DE BENEFICIOS PREMIA O LOS ANDES PASS - ASISTENCIA MONTEMAR TRANQUI BONIFICADO - DESCUENTO EN SEGUROS DE SAN CRISTOBAL 
45056;MONTEMAR COMPAÑIA FINANCIERA S.A.;2026-03-13;PAQUETE CUENTA MONTEMAR II;CUENTA MONTEMAR II;26816,52;0;12;75;Empleados públicos;Básico;TARJETA DE CREDITO MONTEMAR - CAJA DE AHORRO EN PESOS Y DOLARES;Provincia de San Luis;TASA PREFERENCIAL DEPOSITOS A PLAZO FIJO INTRANSFERIBLE EN PESOS - TASA BONIFICADAS PRESTAMOS PERSONALES  CON GARANTIA REAL- SE COBRA ANUALMENTE 321798,18
45056;MONTEMAR COMPAÑIA FINANCIERA S.A.;2026-03-13;PAQUETE CUENTA MONTEMAR PLUS PLATINUM;CUENTA MTM PLUS PLATINUM;153076,38;0;12;75;Personas humanas Monotributistas;Básico;TARJETA DE CREDITO MONTEMAR - CAJA DE AHORRO EN PESOS Y DOLARES - TARJETA DE CREDITO MASTERCARD PLATINUM- TARJETA DE DEBITO;Provincia de San Luis;TASA PREFERENCIAL DEPOSITOS A PLAZO FIJO INTRANSFERIBLE EN PESOS - TASA BONIFICADAS PRESTAMOS PERSONALES - PROGRAMA DE BENEFICIOS PREMIA O LOS ANDES PASS - ASISTENCIA MONTEMAR TRANQUI BONIFICADO - DESCUENTO EN SEGUROS DE SAN CRISTOBAL 
45056;MONTEMAR COMPAÑIA FINANCIERA S.A.;2026-03-13;PAQUETE CUENTA MONTEMAR PLUS BLACK;CUENTA MTM PLUS BLACK;193664,80;0;12;75;Empleados públicos;Básico;TARJETA DE CREDITO MONTEMAR - CAJA DE AHORRO EN PESOS Y DOLARES - TARJETA DE CREDITO MASTERCARD BLACK- TARJETA DE DEBITO;Provincia de San Luis;TASA PREFERENCIAL DEPOSITOS A PLAZO FIJO INTRANSFERIBLE EN PESOS - TASA BONIFICADAS PRESTAMOS PERSONALES - PROGRAMA DE BENEFICIOS PREMIA O LOS ANDES PASS - ASISTENCIA MONTEMAR TRANQUI BONIFICADO - DESCUENTO EN SEGUROS DE SAN CRISTOBAL 
45056;MONTEMAR COMPAÑIA FINANCIERA S.A.;2026-03-13;PAQUETE CUENTA MONTEMAR PLUS BLACK;CUENTA MTM PLUS BLACK;193664,80;0;12;75;Clientes con cuenta en la entidad;Básico;TARJETA DE CREDITO MONTEMAR - CAJA DE AHORRO EN PESOS Y DOLARES - TARJETA DE CREDITO MASTERCARD BLACK- TARJETA DE DEBITO;Provincia de San Luis;TASA PREFERENCIAL DEPOSITOS A PLAZO FIJO INTRANSFERIBLE EN PESOS - TASA BONIFICADAS PRESTAMOS PERSONALES - PROGRAMA DE BENEFICIOS PREMIA O LOS ANDES PASS - ASISTENCIA MONTEMAR TRANQUI BONIFICADO - DESCUENTO EN SEGUROS DE SAN CRISTOBAL 
45056;MONTEMAR COMPAÑIA FINANCIERA S.A.;2026-03-13;PAQUETE CUENTA MONTEMAR II;CUENTA MONTEMAR II;26816,52;0;12;75;Personas humanas en relación de dependencia;Básico;TARJETA DE CREDITO MONTEMAR - CAJA DE AHORRO EN PESOS Y DOLARES;Provincia de San Luis;TASA PREFERENCIAL DEPOSITOS A PLAZO FIJO INTRANSFERIBLE EN PESOS - TASA BONIFICADAS PRESTAMOS PERSONALES  CON GARANTIA REAL- SE COBRA ANUALMENTE 321798,18
45056;MONTEMAR COMPAÑIA FINANCIERA S.A.;2026-03-13;PAQUETE CUENTA MONTEMAR PLUS;CUENTA MTM PLUS;79348,47;0;12;75;Personas humanas Responsables Inscriptos;Básico;TARJETA DE CREDITO MONTEMAR - CAJA DE AHORRO EN PESOS Y DOLARES - TARJETA DE CREDITO MASTERCARD INTERNACIONAL - TARJETA DE DEBITO;Provincia de San Luis;TASA PREFERENCIAL DEPOSITOS A PLAZO FIJO INTRANSFERIBLE EN PESOS - TASA BONIFICADAS PRESTAMOS PERSONALES - PROGRAMA DE BENEFICIOS PREMIA O LOS ANDES PASS - ASISTENCIA MONTEMAR TRANQUI BONIFICADO - DESCUENTO EN SEGUROS DE SAN CRISTOBAL 
45056;MONTEMAR COMPAÑIA FINANCIERA S.A.;2026-03-13;PAQUETE CUENTA MONTEMAR PLUS ORO;CUENTA MTM PLUS ORO;108429,02;0;12;75;Clientes que acrediten sueldos en la entidad;Básico;TARJETA DE CREDITO MONTEMAR - CAJA DE AHORRO EN PESOS Y DOLARES - TARJETA DE CREDITO MASTERCARD GOLD- TARJETA DE DEBITO;Provincia de San Luis;TASA PREFERENCIAL DEPOSITOS A PLAZO FIJO INTRANSFERIBLE EN PESOS - TASA BONIFICADAS PRESTAMOS PERSONALES - PROGRAMA DE BENEFICIOS PREMIA O LOS ANDES PASS - ASISTENCIA MONTEMAR TRANQUI BONIFICADO - DESCUENTO EN SEGUROS DE SAN CRISTOBAL 
45056;MONTEMAR COMPAÑIA FINANCIERA S.A.;2026-03-13;PAQUETE CUENTA MONTEMAR PLUS;CUENTA MTM PLUS;79348,47;0;12;75;Personas humanas en relación de dependencia;Básico;TARJETA DE CREDITO MONTEMAR - CAJA DE AHORRO EN PESOS Y DOLARES - TARJETA DE CREDITO MASTERCARD INTERNACIONAL - TARJETA DE DEBITO;Provincia de San Luis;TASA PREFERENCIAL DEPOSITOS A PLAZO FIJO INTRANSFERIBLE EN PESOS - TASA BONIFICADAS PRESTAMOS PERSONALES - PROGRAMA DE BENEFICIOS PREMIA O LOS ANDES PASS - ASISTENCIA MONTEMAR TRANQUI BONIFICADO - DESCUENTO EN SEGUROS DE SAN CRISTOBAL 
45056;MONTEMAR COMPAÑIA FINANCIERA S.A.;2026-03-13;PAQUETE CUENTA MONTEMAR I;CUENTA MONTEMAR I;20112,41;0;12;75;Empleados públicos;Básico;TARJETA DE CREDITO MONTEMAR - CAJA DE AHORRO EN PESOS Y DOLARES;Provincia de San Luis;TASA PREFERENCIAL DEPOSITOS A PLAZO FIJO INTRANSFERIBLE EN PESOS - TASA BONIFICADAS PRESTAMOS PERSONALES - SE COBRA ANUALMENTE 241348,92
45056;MONTEMAR COMPAÑIA FINANCIERA S.A.;2026-03-13;PAQUETE CUENTA MONTEMAR PLUS PLATINUM;CUENTA MTM PLUS PLATINUM;153076,38;0;12;75;Personas humanas en relación de dependencia;Básico;TARJETA DE CREDITO MONTEMAR - CAJA DE AHORRO EN PESOS Y DOLARES - TARJETA DE CREDITO MASTERCARD PLATINUM- TARJETA DE DEBITO;Provincia de San Luis;TASA PREFERENCIAL DEPOSITOS A PLAZO FIJO INTRANSFERIBLE EN PESOS - TASA BONIFICADAS PRESTAMOS PERSONALES - PROGRAMA DE BENEFICIOS PREMIA O LOS ANDES PASS - ASISTENCIA MONTEMAR TRANQUI BONIFICADO - DESCUENTO EN SEGUROS DE SAN CRISTOBAL 
45056;MONTEMAR COMPAÑIA FINANCIERA S.A.;2026-03-13;PAQUETE CUENTA MONTEMAR II;CUENTA MONTEMAR II;26816,52;0;12;75;Clientes que acrediten sueldos en la entidad;Básico;TARJETA DE CREDITO MONTEMAR - CAJA DE AHORRO EN PESOS Y DOLARES;Provincia de San Luis;TASA PREFERENCIAL DEPOSITOS A PLAZO FIJO INTRANSFERIBLE EN PESOS - TASA BONIFICADAS PRESTAMOS PERSONALES  CON GARANTIA REAL- SE COBRA ANUALMENTE 321798,18
45056;MONTEMAR COMPAÑIA FINANCIERA S.A.;2026-03-13;PAQUETE CUENTA MONTEMAR PLUS;CUENTA MTM PLUS;79348,47;0;12;75;Clientes que acrediten sueldos en la entidad;Básico;TARJETA DE CREDITO MONTEMAR - CAJA DE AHORRO EN PESOS Y DOLARES - TARJETA DE CREDITO MASTERCARD INTERNACIONAL - TARJETA DE DEBITO;Provincia de San Luis;TASA PREFERENCIAL DEPOSITOS A PLAZO FIJO INTRANSFERIBLE EN PESOS - TASA BONIFICADAS PRESTAMOS PERSONALES - PROGRAMA DE BENEFICIOS PREMIA O LOS ANDES PASS - ASISTENCIA MONTEMAR TRANQUI BONIFICADO - DESCUENTO EN SEGUROS DE SAN CRISTOBAL 
45056;MONTEMAR COMPAÑIA FINANCIERA S.A.;2026-03-13;PAQUETE CUENTA SUELDO PLUS;CUENTA MTM SUELDO PLUS;75569,98;0;12;75;Personas humanas Responsables Inscriptos;Básico;TARJETA DE CREDITO MONTEMAR - CAJA DE AHORRO EN PESOS Y DOLARES - TARJETA DE CREDITO MASTERCARD - TARJETA DE DEBITO;Provincia de San Luis;TASA PREFERENCIAL DEPOSITOS A PLAZO FIJO INTRANSFERIBLE EN PESOS - TASA BONIFICADAS PRESTAMOS PERSONALES - PROGRAMA DE BENEFICIOS PREMIA O LOS ANDES PASS - ASISTENCIA MONTEMAR TRANQUI BONIFICADO - DESCUENTO EN SEGUROS DE SAN CRISTOBAL - DESCUENTO PLUS
45056;MONTEMAR COMPAÑIA FINANCIERA S.A.;2026-03-13;PAQUETE CUENTA SUELDO PLUS;CUENTA MTM SUELDO PLUS;75569,98;0;12;75;Empleados públicos;Básico;TARJETA DE CREDITO MONTEMAR - CAJA DE AHORRO EN PESOS Y DOLARES - TARJETA DE CREDITO MASTERCARD - TARJETA DE DEBITO;Provincia de San Luis;TASA PREFERENCIAL DEPOSITOS A PLAZO FIJO INTRANSFERIBLE EN PESOS - TASA BONIFICADAS PRESTAMOS PERSONALES - PROGRAMA DE BENEFICIOS PREMIA O LOS ANDES PASS - ASISTENCIA MONTEMAR TRANQUI BONIFICADO - DESCUENTO EN SEGUROS DE SAN CRISTOBAL - DESCUENTO PLUS
45056;MONTEMAR COMPAÑIA FINANCIERA S.A.;2026-03-13;PAQUETE CUENTA MONTEMAR PLUS;CUENTA MTM PLUS;79348,47;0;12;75;Personas humanas Monotributistas;Básico;TARJETA DE CREDITO MONTEMAR - CAJA DE AHORRO EN PESOS Y DOLARES - TARJETA DE CREDITO MASTERCARD INTERNACIONAL - TARJETA DE DEBITO;Provincia de San Luis;TASA PREFERENCIAL DEPOSITOS A PLAZO FIJO INTRANSFERIBLE EN PESOS - TASA BONIFICADAS PRESTAMOS PERSONALES - PROGRAMA DE BENEFICIOS PREMIA O LOS ANDES PASS - ASISTENCIA MONTEMAR TRANQUI BONIFICADO - DESCUENTO EN SEGUROS DE SAN CRISTOBAL 
45056;MONTEMAR COMPAÑIA FINANCIERA S.A.;2026-03-13;PAQUETE CUENTA MONTEMAR PLUS ORO;CUENTA MTM PLUS ORO;108429,02;0;12;75;Personas humanas Responsables Inscriptos;Básico;TARJETA DE CREDITO MONTEMAR - CAJA DE AHORRO EN PESOS Y DOLARES - TARJETA DE CREDITO MASTERCARD GOLD- TARJETA DE DEBITO;Provincia de San Luis;TASA PREFERENCIAL DEPOSITOS A PLAZO FIJO INTRANSFERIBLE EN PESOS - TASA BONIFICADAS PRESTAMOS PERSONALES - PROGRAMA DE BENEFICIOS PREMIA O LOS ANDES PASS - ASISTENCIA MONTEMAR TRANQUI BONIFICADO - DESCUENTO EN SEGUROS DE SAN CRISTOBAL 
45056;MONTEMAR COMPAÑIA FINANCIERA S.A.;2026-03-13;PAQUETE CUENTA MONTEMAR II;CUENTA MONTEMAR II;26816,52;0;12;75;Personas humanas Responsables Inscriptos;Básico;TARJETA DE CREDITO MONTEMAR - CAJA DE AHORRO EN PESOS Y DOLARES;Provincia de San Luis;TASA PREFERENCIAL DEPOSITOS A PLAZO FIJO INTRANSFERIBLE EN PESOS - TASA BONIFICADAS PRESTAMOS PERSONALES  CON GARANTIA REAL- SE COBRA ANUALMENTE 321798,18
93;BANCO DE LA PAMPA SA;2026-03-20;PAQUETE 4 BLACK;PAQ 4;70000,00;5400000;12;83;Clientes con cuenta en la entidad;Premium signature, black o similar;TARJETA CALDEN MASTERCARD BLACK Y/O CALDEN VISA BLACK, CAJA DE AHORRO EN DOLARES, CUENTA CORRIENTE INDIVIDUOS, DESCUBIERTO EN CUENTA CORRIENTE INDIVIDUOS DE 420000 PESOS;Provincia de Buenos Aires;EXENCION DE: COMISION MANTENIMIENTO DE CUENTA TARJ DE CREDITO, COMISION SERVICIO ANUAL RENOVACION TARJETAS DE CREDITO, COMISION MANTENIMIENTO C/A EN DOLARES, COMISION MANTENIMIENTO DE CTA CTE, COMISION ALTA DE ACUERDO, PRESTAMO PERSONAL PREACORDADO SUJETO A POLITICA DE CREDITO CON TASA PREFERENCIAL, PUNTOS PAMPA CLUB, DESCUBIERTO EN CTA CTE DE 420000 PESOS.
93;BANCO DE LA PAMPA SA;2026-03-20;PAQUETE 1 INTERNACIONAL;PAQ 1;23000,00;380000;6;83;Clientes que acrediten sueldos en la entidad;Básico;TARJETA CALDEN MASTERCARD INTERNACIONAL Y/O CALDEN VISA INTERNACIONAL, CAJA DE AHORRO EN DOLARES;Provincia de Buenos Aires;EXENCION DE: COMISION MANTENIMIENTO DE CUENTA TARJ DE CREDITO,  COMISION SERVICIO ANUAL RENOVACION TARJ DE CREDITO, COMISION MANTENIMIENTO C/A EN DOLARES. PREST PERSONAL PREACORDADO SUJETO A POLITICA DE CREDITO CON TASA PREFERENCIAL, PUNTOS PAMPA CLUB
14;BANCO DE LA PROVINCIA DE BUENOS AIRES;2026-03-05;LOGROS;LOGROS;85000,00;3000000;12;100;Personas humanas Responsables Inscriptos;Premium signature, black o similar;CUENTA CORRIENTE CON ACUERDO DE GIRO EN DESCUBIERTO SUJETO A EVALUACION CREDITICIA, TARJETA DE CREDITO VISA SIGNATURE Y MASTERCARD BLACK Y TARJETA DE DEBITO;Provincia de Buenos Aires;COMISION DE MANTENIMIENTO MENSUAL Y RENOVACION ANUAL DE LA TARJETA DE CREDITO BONIFICADAS. COMISION DE MANTENIMIENTO BASICO MENSUAL DEL PAQUETE BONIFICADO POR EL TERMINO DE 6 SEIS MESES. CUANDO EL CLIENTE HAYA RECIBIDO AL MENOS UNA ACREDITACION DE HABERES EN EL MES DE FINALIZACION DE LA BONIFICACION INICIAL, SE EXTENDERA POR OTROS 6 SEIS MESES. APLICA A PAQUETES CON FECHA DE ALTA HASTA EL 31.12.2025 INCLUSIVE.
93;BANCO DE LA PAMPA SA;2026-03-20;PAQUETE 4 BLACK;PAQ 4;70000,00;5400000;24;83;Personas humanas Monotributistas;Premium signature, black o similar;TARJETA CALDEN MASTERCARD BLACK Y/O CALDEN VISA BLACK, CAJA DE AHORRO EN DOLARES, CUENTA CORRIENTE INDIVIDUOS, DESCUBIERTO EN CUENTA CORRIENTE INDIVIDUOS DE 420000 PESOS;Provincia de Buenos Aires;EXENCION DE: COMISION MANTENIMIENTO DE CUENTA TARJ DE CREDITO, COMISION SERVICIO ANUAL RENOVACION TARJETAS DE CREDITO, COMISION MANTENIMIENTO C/A EN DOLARES, COMISION MANTENIMIENTO DE CTA CTE, COMISION ALTA DE ACUERDO, PRESTAMO PERSONAL PREACORDADO SUJETO A POLITICA DE CREDITO CON TASA PREFERENCIAL, PUNTOS PAMPA CLUB, DESCUBIERTO EN CTA CTE DE 420000 PESOS.
29;BANCO DE LA CIUDAD DE BUENOS AIRES;2026-01-23;PAQUETE PRODUCTOS - CUENTA CIUDAD- CLIENTELA GENERAL;CUENTA CIUDAD;26734,00;334800;0;100;Empleados públicos;Básico;1 CAJA DE AHORRO EN DOLARES 1 CUENTA CORRIENTE CON ACUERDO 1 TARJETA DE DEBITO 1 TARJETA DE CREDITO VISA INTERNACIONAL;Provincia de Buenos Aires;0
93;BANCO DE LA PAMPA SA;2026-03-20;PAQUETE 4 BLACK;PAQ 4;70000,00;5400000;6;83;Clientes que acrediten sueldos en la entidad;Premium signature, black o similar;TARJETA CALDEN MASTERCARD BLACK Y/O CALDEN VISA BLACK, CAJA DE AHORRO EN DOLARES, CUENTA CORRIENTE INDIVIDUOS, DESCUBIERTO EN CUENTA CORRIENTE INDIVIDUOS DE 420000 PESOS;Provincia de Buenos Aires;EXENCION DE: COMISION MANTENIMIENTO DE CUENTA TARJ DE CREDITO, COMISION SERVICIO ANUAL RENOVACION TARJETAS DE CREDITO, COMISION MANTENIMIENTO C/A EN DOLARES, COMISION MANTENIMIENTO DE CTA CTE, COMISION ALTA DE ACUERDO, PRESTAMO PERSONAL PREACORDADO SUJETO A POLITICA DE CREDITO CON TASA PREFERENCIAL, PUNTOS PAMPA CLUB, DESCUBIERTO EN CTA CTE DE 420000 PESOS.
93;BANCO DE LA PAMPA SA;2026-03-20;PAQUETE 1 INTERNACIONAL;PAQ 1;23000,00;380000;12;83;Empleados públicos;Básico;TARJETA CALDEN MASTERCARD INTERNACIONAL Y/O CALDEN VISA INTERNACIONAL, CAJA DE AHORRO EN DOLARES;Provincia de Buenos Aires;EXENCION DE: COMISION MANTENIMIENTO DE CUENTA TARJ DE CREDITO,  COMISION SERVICIO ANUAL RENOVACION TARJ DE CREDITO, COMISION MANTENIMIENTO C/A EN DOLARES. PREST PERSONAL PREACORDADO SUJETO A POLITICA DE CREDITO CON TASA PREFERENCIAL, PUNTOS PAMPA CLUB
14;BANCO DE LA PROVINCIA DE BUENOS AIRES;2026-03-05;IMPULSO;IMPULSO;26000,00;500000;12;100;Personas humanas Responsables Inscriptos;Básico;CUENTA CORRIENTE, TARJETA DE CREDITO VISA Y MASTERCARD INTERNACIONAL Y TARJETA DE DEBITO;Provincia de Buenos Aires;COMISION DE MANTENIMIENTO MENSUAL Y RENOVACION ANUAL DE LA TARJETA DE CREDITO BONIFICADAS. COMISION DE MANTENIMIENTO BASICO MENSUAL DEL PAQUETE BONIFICADO POR EL TERMINO DE 6 SEIS MESES. CUANDO EL CLIENTE HAYA RECIBIDO AL MENOS UNA ACREDITACION DE HABERES EN EL MES DE FINALIZACION DE LA BONIFICACION INICIAL, SE EXTENDERA POR OTROS 6 SEIS MESES. APLICA A PAQUETES CON FECHA DE ALTA HASTA EL 31.12.2025 INCLUSIVE.
14;BANCO DE LA PROVINCIA DE BUENOS AIRES;2026-03-05;LOGROS;LOGROS;85000,00;3000000;12;100;Personas humanas Monotributistas;Premium signature, black o similar;CUENTA CORRIENTE CON ACUERDO DE GIRO EN DESCUBIERTO SUJETO A EVALUACION CREDITICIA, TARJETA DE CREDITO VISA SIGNATURE Y MASTERCARD BLACK Y TARJETA DE DEBITO;Provincia de Buenos Aires;COMISION DE MANTENIMIENTO MENSUAL Y RENOVACION ANUAL DE LA TARJETA DE CREDITO BONIFICADAS. COMISION DE MANTENIMIENTO BASICO MENSUAL DEL PAQUETE BONIFICADO POR EL TERMINO DE 6 SEIS MESES. CUANDO EL CLIENTE HAYA RECIBIDO AL MENOS UNA ACREDITACION DE HABERES EN EL MES DE FINALIZACION DE LA BONIFICACION INICIAL, SE EXTENDERA POR OTROS 6 SEIS MESES. APLICA A PAQUETES CON FECHA DE ALTA HASTA EL 31.12.2025 INCLUSIVE.
14;BANCO DE LA PROVINCIA DE BUENOS AIRES;2026-03-05;IMPULSO;IMPULSO;26000,00;500000;12;100;Empleados públicos;Básico;CUENTA CORRIENTE, TARJETA DE CREDITO VISA Y MASTERCARD INTERNACIONAL Y TARJETA DE DEBITO;Provincia de Buenos Aires;COMISION DE MANTENIMIENTO MENSUAL Y RENOVACION ANUAL DE LA TARJETA DE CREDITO BONIFICADAS. COMISION DE MANTENIMIENTO BASICO MENSUAL DEL PAQUETE BONIFICADO POR EL TERMINO DE 6 SEIS MESES. CUANDO EL CLIENTE HAYA RECIBIDO AL MENOS UNA ACREDITACION DE HABERES EN EL MES DE FINALIZACION DE LA BONIFICACION INICIAL, SE EXTENDERA POR OTROS 6 SEIS MESES. APLICA A PAQUETES CON FECHA DE ALTA HASTA EL 31.12.2025 INCLUSIVE.
14;BANCO DE LA PROVINCIA DE BUENOS AIRES;2026-03-05;SOLIDEZ;SOLIDEZ;66000,00;3000000;12;100;Personas humanas Monotributistas;Premium signature, black o similar;CUENTA CORRIENTE PERSONAS HUMANAS EN PESOS, ACUERDO CON GIRO EN DESCUBIERTO: SE ENCUENTRA SUJETO A LA CALIFICACION CREDITICIA, TARJETA DE DEBITO, TARJETA DE CREDITO VISA SIGNATURE Y MASTERCARD BLACK;Provincia de Buenos Aires;COMISION DE MANTENIMIENTO MENSUAL Y RENOVACION ANUAL DE LA TARJETA DE CREDITO BONIFICADAS. SE BONIFICARA POR 6 SEIS MESES EL 100 POR CIENTO  DE LA COMISION DE MANTENIMIENTO DEL PAQUETE. CUANDO EL CLIENTE HAYA OPERADO CON ADHESION DE COMERCIOS VISA O MASTERCARD O CUENTA DNI COMERCIOS EN EL MES DE FINALIZACION DE LA BONIFICACION INICIAL, SE EXTENDERA POR OTROS 6 SEIS MESES. APLICA A PAQUETES CON FECHA DE ALTA HASTA EL 31.12.2025 INCLUSIVE.
14;BANCO DE LA PROVINCIA DE BUENOS AIRES;2026-03-05;LOGROS;LOGROS;85000,00;3000000;12;100;Clientes con cuenta en la entidad;Premium signature, black o similar;CUENTA CORRIENTE CON ACUERDO DE GIRO EN DESCUBIERTO SUJETO A EVALUACION CREDITICIA, TARJETA DE CREDITO VISA SIGNATURE Y MASTERCARD BLACK Y TARJETA DE DEBITO;Provincia de Buenos Aires;COMISION DE MANTENIMIENTO MENSUAL Y RENOVACION ANUAL DE LA TARJETA DE CREDITO BONIFICADAS. COMISION DE MANTENIMIENTO BASICO MENSUAL DEL PAQUETE BONIFICADO POR EL TERMINO DE 6 SEIS MESES. CUANDO EL CLIENTE HAYA RECIBIDO AL MENOS UNA ACREDITACION DE HABERES EN EL MES DE FINALIZACION DE LA BONIFICACION INICIAL, SE EXTENDERA POR OTROS 6 SEIS MESES. APLICA A PAQUETES CON FECHA DE ALTA HASTA EL 31.12.2025 INCLUSIVE.
93;BANCO DE LA PAMPA SA;2026-03-20;PAQUETE 1 INTERNACIONAL;PAQ 1;23000,00;380000;24;83;Personas humanas Responsables Inscriptos;Básico;TARJETA CALDEN MASTERCARD INTERNACIONAL Y/O CALDEN VISA INTERNACIONAL, CAJA DE AHORRO EN DOLARES;Provincia de Buenos Aires;EXENCION DE: COMISION MANTENIMIENTO DE CUENTA TARJ DE CREDITO,  COMISION SERVICIO ANUAL RENOVACION TARJ DE CREDITO, COMISION MANTENIMIENTO C/A EN DOLARES. PREST PERSONAL PREACORDADO SUJETO A POLITICA DE CREDITO CON TASA PREFERENCIAL, PUNTOS PAMPA CLUB
93;BANCO DE LA PAMPA SA;2026-03-20;PAQUETE 4 BLACK;PAQ 4;70000,00;5400000;24;83;Personas humanas Responsables Inscriptos;Premium signature, black o similar;TARJETA CALDEN MASTERCARD BLACK Y/O CALDEN VISA BLACK, CAJA DE AHORRO EN DOLARES, CUENTA CORRIENTE INDIVIDUOS, DESCUBIERTO EN CUENTA CORRIENTE INDIVIDUOS DE 420000 PESOS;Provincia de Buenos Aires;EXENCION DE: COMISION MANTENIMIENTO DE CUENTA TARJ DE CREDITO, COMISION SERVICIO ANUAL RENOVACION TARJETAS DE CREDITO, COMISION MANTENIMIENTO C/A EN DOLARES, COMISION MANTENIMIENTO DE CTA CTE, COMISION ALTA DE ACUERDO, PRESTAMO PERSONAL PREACORDADO SUJETO A POLITICA DE CREDITO CON TASA PREFERENCIAL, PUNTOS PAMPA CLUB, DESCUBIERTO EN CTA CTE DE 420000 PESOS.
29;BANCO DE LA CIUDAD DE BUENOS AIRES;2026-01-23;PAQUETE PRODUCTOS - CUENTA CIUDAD- CLIENTELA GENERAL;CUENTA CIUDAD;26734,00;334800;0;100;Personas humanas Responsables Inscriptos;Básico;1 CAJA DE AHORRO EN DOLARES 1 CUENTA CORRIENTE CON ACUERDO 1 TARJETA DE DEBITO 1 TARJETA DE CREDITO VISA INTERNACIONAL;Provincia de Buenos Aires;0
93;BANCO DE LA PAMPA SA;2026-03-20;PAQUETE 4 BLACK;PAQ 4;70000,00;5400000;12;83;Empleados públicos;Premium signature, black o similar;TARJETA CALDEN MASTERCARD BLACK Y/O CALDEN VISA BLACK, CAJA DE AHORRO EN DOLARES, CUENTA CORRIENTE INDIVIDUOS, DESCUBIERTO EN CUENTA CORRIENTE INDIVIDUOS DE 420000 PESOS;Provincia de Buenos Aires;EXENCION DE: COMISION MANTENIMIENTO DE CUENTA TARJ DE CREDITO, COMISION SERVICIO ANUAL RENOVACION TARJETAS DE CREDITO, COMISION MANTENIMIENTO C/A EN DOLARES, COMISION MANTENIMIENTO DE CTA CTE, COMISION ALTA DE ACUERDO, PRESTAMO PERSONAL PREACORDADO SUJETO A POLITICA DE CREDITO CON TASA PREFERENCIAL, PUNTOS PAMPA CLUB, DESCUBIERTO EN CTA CTE DE 420000 PESOS.
29;BANCO DE LA CIUDAD DE BUENOS AIRES;2026-01-23;PAQUETE PRODUCTOS - CUENTA CIUDAD- CLIENTELA GENERAL;CUENTA CIUDAD;26734,00;334800;0;100;Clientes que acrediten sueldos en la entidad;Básico;1 CAJA DE AHORRO EN DOLARES 1 CUENTA CORRIENTE CON ACUERDO 1 TARJETA DE DEBITO 1 TARJETA DE CREDITO VISA INTERNACIONAL;Provincia de Buenos Aires;0
14;BANCO DE LA PROVINCIA DE BUENOS AIRES;2026-03-05;IMPULSO;IMPULSO;26000,00;500000;0;100;Clientes que acrediten sueldos en la entidad;Básico;CUENTA CORRIENTE, TARJETA DE CREDITO VISA Y MASTERCARD INTERNACIONAL Y TARJETA DE DEBITO;Provincia de Buenos Aires;COMISION DE MANTENIMIENTO MENSUAL Y RENOVACION ANUAL DE LA TARJETA DE CREDITO BONIFICADAS. COMISION DE MANTENIMIENTO BASICO MENSUAL DEL PAQUETE BONIFICADO POR EL TERMINO DE 6 SEIS MESES. CUANDO EL CLIENTE HAYA RECIBIDO AL MENOS UNA ACREDITACION DE HABERES EN EL MES DE FINALIZACION DE LA BONIFICACION INICIAL, SE EXTENDERA POR OTROS 6 SEIS MESES. APLICA A PAQUETES CON FECHA DE ALTA HASTA EL 31.12.2025 INCLUSIVE.
14;BANCO DE LA PROVINCIA DE BUENOS AIRES;2026-03-05;SOLIDEZ;SOLIDEZ;66000,00;3000000;12;100;Personas humanas Responsables Inscriptos;Premium signature, black o similar;CUENTA CORRIENTE PERSONAS HUMANAS EN PESOS, ACUERDO CON GIRO EN DESCUBIERTO: SE ENCUENTRA SUJETO A LA CALIFICACION CREDITICIA, TARJETA DE DEBITO, TARJETA DE CREDITO VISA SIGNATURE Y MASTERCARD BLACK;Provincia de Buenos Aires;COMISION DE MANTENIMIENTO MENSUAL Y RENOVACION ANUAL DE LA TARJETA DE CREDITO BONIFICADAS. SE BONIFICARA POR 6 SEIS MESES EL 100 POR CIENTO  DE LA COMISION DE MANTENIMIENTO DEL PAQUETE. CUANDO EL CLIENTE HAYA OPERADO CON ADHESION DE COMERCIOS VISA O MASTERCARD O CUENTA DNI COMERCIOS EN EL MES DE FINALIZACION DE LA BONIFICACION INICIAL, SE EXTENDERA POR OTROS 6 SEIS MESES. APLICA A PAQUETES CON FECHA DE ALTA HASTA EL 31.12.2025 INCLUSIVE.
14;BANCO DE LA PROVINCIA DE BUENOS AIRES;2026-03-05;IMPULSO;IMPULSO;26000,00;500000;12;100;Clientes con cuenta en la entidad;Básico;CUENTA CORRIENTE, TARJETA DE CREDITO VISA Y MASTERCARD INTERNACIONAL Y TARJETA DE DEBITO;Provincia de Buenos Aires;COMISION DE MANTENIMIENTO MENSUAL Y RENOVACION ANUAL DE LA TARJETA DE CREDITO BONIFICADAS. COMISION DE MANTENIMIENTO BASICO MENSUAL DEL PAQUETE BONIFICADO POR EL TERMINO DE 6 SEIS MESES. CUANDO EL CLIENTE HAYA RECIBIDO AL MENOS UNA ACREDITACION DE HABERES EN EL MES DE FINALIZACION DE LA BONIFICACION INICIAL, SE EXTENDERA POR OTROS 6 SEIS MESES. APLICA A PAQUETES CON FECHA DE ALTA HASTA EL 31.12.2025 INCLUSIVE.
14;BANCO DE LA PROVINCIA DE BUENOS AIRES;2026-03-05;SOLIDEZ;SOLIDEZ;66000,00;3000000;12;100;MiPyMEs;Premium signature, black o similar;CUENTA CORRIENTE PERSONAS HUMANAS EN PESOS, ACUERDO CON GIRO EN DESCUBIERTO: SE ENCUENTRA SUJETO A LA CALIFICACION CREDITICIA, TARJETA DE DEBITO, TARJETA DE CREDITO VISA SIGNATURE Y MASTERCARD BLACK;Provincia de Buenos Aires;COMISION DE MANTENIMIENTO MENSUAL Y RENOVACION ANUAL DE LA TARJETA DE CREDITO BONIFICADAS. SE BONIFICARA POR 6 SEIS MESES EL 100 POR CIENTO  DE LA COMISION DE MANTENIMIENTO DEL PAQUETE. CUANDO EL CLIENTE HAYA OPERADO CON ADHESION DE COMERCIOS VISA O MASTERCARD O CUENTA DNI COMERCIOS EN EL MES DE FINALIZACION DE LA BONIFICACION INICIAL, SE EXTENDERA POR OTROS 6 SEIS MESES. APLICA A PAQUETES CON FECHA DE ALTA HASTA EL 31.12.2025 INCLUSIVE.
14;BANCO DE LA PROVINCIA DE BUENOS AIRES;2026-03-05;EVOLUCION;EVOLUCION;60000,00;2000000;12;100;Personas humanas Responsables Inscriptos;Premium platinum;CUENTA CORRIENTE CON ACUERDO DE GIRO EN DESCUBIERTO SUJETO A EVALUACION CREDITICIA, TARJETA DE CREDITO VISA Y MASTERCARD PLATINUM Y TARJETA DE DEBITO;Provincia de Buenos Aires;COMISION DE MANTENIMIENTO MENSUAL Y RENOVACION ANUAL DE LA TARJETA DE CREDITO BONIFICADAS. COMISION DE MANTENIMIENTO BASICO MENSUAL DEL PAQUETE BONIFICADO POR EL TERMINO DE 6 SEIS MESES. CUANDO EL CLIENTE HAYA RECIBIDO AL MENOS UNA ACREDITACION DE HABERES EN EL MES DE FINALIZACION DE LA BONIFICACION INICIAL, SE EXTENDERA POR OTROS 6 SEIS MESES. APLICA A PAQUETES CON FECHA DE ALTA HASTA EL 31.12.2025 INCLUSIVE.
93;BANCO DE LA PAMPA SA;2026-03-20;PAQUETE 2 DORADO;PAQ 2;35000,00;900000;12;83;Personas humanas en relación de dependencia;Premium gold;TARJETA CALDEN MASTERCARD GOLD Y/O CALDEN VISA GOLD, CAJA DE AHORRO EN DOLARES, CUENTA CORRIENTE INDIVIDUOS, DESCUBIERTO EN CTA CTE DE 70000 PESOS;Provincia de Buenos Aires;EXENCION DE: COMISION MANTENIMIENTO DE CUENTA TARJ DE CREDITO, COMISION SERV ANUAL RENOVACION TARJ DE CREDITO, COMISION MANTENIMIENTO C/A EN DOLARES, COMISION MANTENIMIENTO DE CTA CTE. PREST PERSONAL PREACORDADO SUJETO A POLITICA DE CREDITO CON TASA PREFERENCIAL, PUNTOS PAMPA CLUB, DESCUBIERTO EN CTA CTE DE 70000 PESOS
93;BANCO DE LA PAMPA SA;2026-03-20;PAQUETE 3 PLATINO;PAQ 3;52000,00;2250000;12;83;Empleados públicos;Premium platinum;TARJETA CALDEN MASTERCARD PLATINUM Y/O CALDEN VISA PLATINUM, CAJA DE AHORRO EN DOLARES, CUENTA CORRIENTE INDIVIDUOS, DESCUBIERTO EN CUENTA CORRIENTE INDIVIDUOS DE 175000 PESOS;Provincia de Buenos Aires;EXENCION DE: COMISION MANTENIMIENTO DE CUENTA TARJ DE CREDITO, COMISION SERV ANUAL RENOVACION TARJ DE CREDITO, COMISION MANTENIMIENTO C/A EN DOLARES, COMISION MANTENIMIENTO DE CTA CTE, COMISION ALTA DE ACUERDO. PREST PERSONAL PREACORDADO SUJETO A POLITICA DE CREDITO CON TASA PREFERENCIAL, PUNTOS PAMPA CLUB, DESCUBIERTO EN CTA CTE DE 175000 PESOS.
14;BANCO DE LA PROVINCIA DE BUENOS AIRES;2026-03-05;LOGROS;LOGROS;85000,00;3000000;12;100;Personas humanas en relación de dependencia;Premium signature, black o similar;CUENTA CORRIENTE CON ACUERDO DE GIRO EN DESCUBIERTO SUJETO A EVALUACION CREDITICIA, TARJETA DE CREDITO VISA SIGNATURE Y MASTERCARD BLACK Y TARJETA DE DEBITO;Provincia de Buenos Aires;COMISION DE MANTENIMIENTO MENSUAL Y RENOVACION ANUAL DE LA TARJETA DE CREDITO BONIFICADAS. COMISION DE MANTENIMIENTO BASICO MENSUAL DEL PAQUETE BONIFICADO POR EL TERMINO DE 6 SEIS MESES. CUANDO EL CLIENTE HAYA RECIBIDO AL MENOS UNA ACREDITACION DE HABERES EN EL MES DE FINALIZACION DE LA BONIFICACION INICIAL, SE EXTENDERA POR OTROS 6 SEIS MESES. APLICA A PAQUETES CON FECHA DE ALTA HASTA EL 31.12.2025 INCLUSIVE.
93;BANCO DE LA PAMPA SA;2026-03-20;PAQUETE 1 INTERNACIONAL;PAQ 1;23000,00;380000;24;83;Personas humanas Monotributistas;Básico;TARJETA CALDEN MASTERCARD INTERNACIONAL Y/O CALDEN VISA INTERNACIONAL, CAJA DE AHORRO EN DOLARES;Provincia de Buenos Aires;EXENCION DE: COMISION MANTENIMIENTO DE CUENTA TARJ DE CREDITO,  COMISION SERVICIO ANUAL RENOVACION TARJ DE CREDITO, COMISION MANTENIMIENTO C/A EN DOLARES. PREST PERSONAL PREACORDADO SUJETO A POLITICA DE CREDITO CON TASA PREFERENCIAL, PUNTOS PAMPA CLUB
14;BANCO DE LA PROVINCIA DE BUENOS AIRES;2026-03-05;IMPULSO;IMPULSO;26000,00;500000;12;100;Personas humanas Monotributistas;Básico;CUENTA CORRIENTE, TARJETA DE CREDITO VISA Y MASTERCARD INTERNACIONAL Y TARJETA DE DEBITO;Provincia de Buenos Aires;COMISION DE MANTENIMIENTO MENSUAL Y RENOVACION ANUAL DE LA TARJETA DE CREDITO BONIFICADAS. COMISION DE MANTENIMIENTO BASICO MENSUAL DEL PAQUETE BONIFICADO POR EL TERMINO DE 6 SEIS MESES. CUANDO EL CLIENTE HAYA RECIBIDO AL MENOS UNA ACREDITACION DE HABERES EN EL MES DE FINALIZACION DE LA BONIFICACION INICIAL, SE EXTENDERA POR OTROS 6 SEIS MESES. APLICA A PAQUETES CON FECHA DE ALTA HASTA EL 31.12.2025 INCLUSIVE.
14;BANCO DE LA PROVINCIA DE BUENOS AIRES;2026-03-05;CONFIANZA;CONFIANZA;35500,00;1300000;12;100;Personas humanas Monotributistas;Premium gold;CUENTA CORRIENTE PERSONAS HUMANAS EN PESOS, ACUERDO CON GIRO EN DESCUBIERTO: SE ENCUENTRA SUJETO A LA CALIFICACION CREDITICIA, TARJETA DE DEBITO, TARJETA DE CREDITO VISA Y MASTERCARD GOLD;Provincia de Buenos Aires;COMISION DE MANTENIMIENTO MENSUAL Y RENOVACION ANUAL DE LA TARJETA DE CREDITO BONIFICADAS. SE BONIFICARA POR 6 SEIS MESES EL 100 POR CIENTO  DE LA COMISION DE MANTENIMIENTO DEL PAQUETE. CUANDO EL CLIENTE HAYA OPERADO CON ADHESION DE COMERCIOS VISA O MASTERCARD O CUENTA DNI COMERCIOS EN EL MES DE FINALIZACION DE LA BONIFICACION INICIAL, SE EXTENDERA POR OTROS 6 SEIS MESES. APLICA A PAQUETES CON FECHA DE ALTA HASTA EL 31.12.2025 INCLUSIVE.
93;BANCO DE LA PAMPA SA;2026-03-20;PAQUETE 1 INTERNACIONAL;PAQ 1;23000,00;380000;12;83;Clientes con cuenta en la entidad;Básico;TARJETA CALDEN MASTERCARD INTERNACIONAL Y/O CALDEN VISA INTERNACIONAL, CAJA DE AHORRO EN DOLARES;Provincia de Buenos Aires;EXENCION DE: COMISION MANTENIMIENTO DE CUENTA TARJ DE CREDITO,  COMISION SERVICIO ANUAL RENOVACION TARJ DE CREDITO, COMISION MANTENIMIENTO C/A EN DOLARES. PREST PERSONAL PREACORDADO SUJETO A POLITICA DE CREDITO CON TASA PREFERENCIAL, PUNTOS PAMPA CLUB
14;BANCO DE LA PROVINCIA DE BUENOS AIRES;2026-03-05;EVOLUCION;EVOLUCION;60000,00;2000000;12;100;Personas humanas en relación de dependencia;Premium platinum;CUENTA CORRIENTE CON ACUERDO DE GIRO EN DESCUBIERTO SUJETO A EVALUACION CREDITICIA, TARJETA DE CREDITO VISA Y MASTERCARD PLATINUM Y TARJETA DE DEBITO;Provincia de Buenos Aires;COMISION DE MANTENIMIENTO MENSUAL Y RENOVACION ANUAL DE LA TARJETA DE CREDITO BONIFICADAS. COMISION DE MANTENIMIENTO BASICO MENSUAL DEL PAQUETE BONIFICADO POR EL TERMINO DE 6 SEIS MESES. CUANDO EL CLIENTE HAYA RECIBIDO AL MENOS UNA ACREDITACION DE HABERES EN EL MES DE FINALIZACION DE LA BONIFICACION INICIAL, SE EXTENDERA POR OTROS 6 SEIS MESES. APLICA A PAQUETES CON FECHA DE ALTA HASTA EL 31.12.2025 INCLUSIVE.
14;BANCO DE LA PROVINCIA DE BUENOS AIRES;2026-03-05;CRECIMIENTO;CRECIMIENTO;42000,00;1000000;0;100;Clientes que acrediten sueldos en la entidad;Premium gold;CUENTA CORRIENTE CON ACUERDO DE GIRO EN DESCUBIERTO SUJETO A EVALUACION CREDITICIA, TARJETA DE CREDITO VISA Y MASTERCARD GOLD Y TARJETA DE DEBITO;Provincia de Buenos Aires;COMISION DE MANTENIMIENTO MENSUAL Y RENOVACION ANUAL DE LA TARJETA DE CREDITO BONIFICADAS. COMISION DE MANTENIMIENTO BASICO MENSUAL DEL PAQUETE BONIFICADO POR EL TERMINO DE 6 SEIS MESES. CUANDO EL CLIENTE HAYA RECIBIDO AL MENOS UNA ACREDITACION DE HABERES EN EL MES DE FINALIZACION DE LA BONIFICACION INICIAL, SE EXTENDERA POR OTROS 6 SEIS MESES. APLICA A PAQUETES CON FECHA DE ALTA HASTA EL 31.12.2025 INCLUSIVE.
14;BANCO DE LA PROVINCIA DE BUENOS AIRES;2026-03-05;EVOLUCION;EVOLUCION;60000,00;2000000;12;100;Clientes con cuenta en la entidad;Premium platinum;CUENTA CORRIENTE CON ACUERDO DE GIRO EN DESCUBIERTO SUJETO A EVALUACION CREDITICIA, TARJETA DE CREDITO VISA Y MASTERCARD PLATINUM Y TARJETA DE DEBITO;Provincia de Buenos Aires;COMISION DE MANTENIMIENTO MENSUAL Y RENOVACION ANUAL DE LA TARJETA DE CREDITO BONIFICADAS. COMISION DE MANTENIMIENTO BASICO MENSUAL DEL PAQUETE BONIFICADO POR EL TERMINO DE 6 SEIS MESES. CUANDO EL CLIENTE HAYA RECIBIDO AL MENOS UNA ACREDITACION DE HABERES EN EL MES DE FINALIZACION DE LA BONIFICACION INICIAL, SE EXTENDERA POR OTROS 6 SEIS MESES. APLICA A PAQUETES CON FECHA DE ALTA HASTA EL 31.12.2025 INCLUSIVE.
14;BANCO DE LA PROVINCIA DE BUENOS AIRES;2026-03-05;CRECIMIENTO;CRECIMIENTO;42000,00;1300000;12;100;Personas humanas en relación de dependencia;Premium gold;CUENTA CORRIENTE CON ACUERDO DE GIRO EN DESCUBIERTO SUJETO A EVALUACION CREDITICIA, TARJETA DE CREDITO VISA Y MASTERCARD GOLD Y TARJETA DE DEBITO;Provincia de Buenos Aires;COMISION DE MANTENIMIENTO MENSUAL Y RENOVACION ANUAL DE LA TARJETA DE CREDITO BONIFICADAS. COMISION DE MANTENIMIENTO BASICO MENSUAL DEL PAQUETE BONIFICADO POR EL TERMINO DE 6 SEIS MESES. CUANDO EL CLIENTE HAYA RECIBIDO AL MENOS UNA ACREDITACION DE HABERES EN EL MES DE FINALIZACION DE LA BONIFICACION INICIAL, SE EXTENDERA POR OTROS 6 SEIS MESES. APLICA A PAQUETES CON FECHA DE ALTA HASTA EL 31.12.2025 INCLUSIVE.
93;BANCO DE LA PAMPA SA;2026-03-20;PAQUETE 3 PLATINO;PAQ 3;52000,00;2250000;24;83;Personas humanas Monotributistas;Premium platinum;TARJETA CALDEN MASTERCARD PLATINUM Y/O CALDEN VISA PLATINUM, CAJA DE AHORRO EN DOLARES, CUENTA CORRIENTE INDIVIDUOS, DESCUBIERTO EN CUENTA CORRIENTE INDIVIDUOS DE 175000 PESOS;Provincia de Buenos Aires;EXENCION DE: COMISION MANTENIMIENTO DE CUENTA TARJ DE CREDITO, COMISION SERV ANUAL RENOVACION TARJ DE CREDITO, COMISION MANTENIMIENTO C/A EN DOLARES, COMISION MANTENIMIENTO DE CTA CTE, COMISION ALTA DE ACUERDO. PREST PERSONAL PREACORDADO SUJETO A POLITICA DE CREDITO CON TASA PREFERENCIAL, PUNTOS PAMPA CLUB, DESCUBIERTO EN CTA CTE DE 175000 PESOS.
14;BANCO DE LA PROVINCIA DE BUENOS AIRES;2026-03-05;CRECIMIENTO;CRECIMIENTO;42000,00;1300000;12;100;Clientes con cuenta en la entidad;Premium gold;CUENTA CORRIENTE CON ACUERDO DE GIRO EN DESCUBIERTO SUJETO A EVALUACION CREDITICIA, TARJETA DE CREDITO VISA Y MASTERCARD GOLD Y TARJETA DE DEBITO;Provincia de Buenos Aires;COMISION DE MANTENIMIENTO MENSUAL Y RENOVACION ANUAL DE LA TARJETA DE CREDITO BONIFICADAS. COMISION DE MANTENIMIENTO BASICO MENSUAL DEL PAQUETE BONIFICADO POR EL TERMINO DE 6 SEIS MESES. CUANDO EL CLIENTE HAYA RECIBIDO AL MENOS UNA ACREDITACION DE HABERES EN EL MES DE FINALIZACION DE LA BONIFICACION INICIAL, SE EXTENDERA POR OTROS 6 SEIS MESES. APLICA A PAQUETES CON FECHA DE ALTA HASTA EL 31.12.2025 INCLUSIVE.
93;BANCO DE LA PAMPA SA;2026-03-20;PAQUETE 3 PLATINO;PAQ 3;52000,00;2250000;24;83;Personas humanas Responsables Inscriptos;Premium platinum;TARJETA CALDEN MASTERCARD PLATINUM Y/O CALDEN VISA PLATINUM, CAJA DE AHORRO EN DOLARES, CUENTA CORRIENTE INDIVIDUOS, DESCUBIERTO EN CUENTA CORRIENTE INDIVIDUOS DE 175000 PESOS;Provincia de Buenos Aires;EXENCION DE: COMISION MANTENIMIENTO DE CUENTA TARJ DE CREDITO, COMISION SERV ANUAL RENOVACION TARJ DE CREDITO, COMISION MANTENIMIENTO C/A EN DOLARES, COMISION MANTENIMIENTO DE CTA CTE, COMISION ALTA DE ACUERDO. PREST PERSONAL PREACORDADO SUJETO A POLITICA DE CREDITO CON TASA PREFERENCIAL, PUNTOS PAMPA CLUB, DESCUBIERTO EN CTA CTE DE 175000 PESOS.
93;BANCO DE LA PAMPA SA;2026-03-20;PAQUETE 3 PLATINO;PAQ 3;52000,00;2250000;12;83;Personas humanas en relación de dependencia;Premium platinum;TARJETA CALDEN MASTERCARD PLATINUM Y/O CALDEN VISA PLATINUM, CAJA DE AHORRO EN DOLARES, CUENTA CORRIENTE INDIVIDUOS, DESCUBIERTO EN CUENTA CORRIENTE INDIVIDUOS DE 175000 PESOS;Provincia de Buenos Aires;EXENCION DE: COMISION MANTENIMIENTO DE CUENTA TARJ DE CREDITO, COMISION SERV ANUAL RENOVACION TARJ DE CREDITO, COMISION MANTENIMIENTO C/A EN DOLARES, COMISION MANTENIMIENTO DE CTA CTE, COMISION ALTA DE ACUERDO. PREST PERSONAL PREACORDADO SUJETO A POLITICA DE CREDITO CON TASA PREFERENCIAL, PUNTOS PAMPA CLUB, DESCUBIERTO EN CTA CTE DE 175000 PESOS.
29;BANCO DE LA CIUDAD DE BUENOS AIRES;2026-01-23;PAQUETE PRODUCTOS - CUENTA CIUDAD- CLIENTELA GENERAL;CUENTA CIUDAD;26734,00;334800;0;100;Personas humanas en relación de dependencia;Básico;1 CAJA DE AHORRO EN DOLARES 1 CUENTA CORRIENTE CON ACUERDO 1 TARJETA DE DEBITO 1 TARJETA DE CREDITO VISA INTERNACIONAL;Provincia de Buenos Aires;0
93;BANCO DE LA PAMPA SA;2026-03-20;PAQUETE 1 INTERNACIONAL;PAQ 1;23000,00;380000;12;83;Personas humanas en relación de dependencia;Básico;TARJETA CALDEN MASTERCARD INTERNACIONAL Y/O CALDEN VISA INTERNACIONAL, CAJA DE AHORRO EN DOLARES;Provincia de Buenos Aires;EXENCION DE: COMISION MANTENIMIENTO DE CUENTA TARJ DE CREDITO,  COMISION SERVICIO ANUAL RENOVACION TARJ DE CREDITO, COMISION MANTENIMIENTO C/A EN DOLARES. PREST PERSONAL PREACORDADO SUJETO A POLITICA DE CREDITO CON TASA PREFERENCIAL, PUNTOS PAMPA CLUB
93;BANCO DE LA PAMPA SA;2026-03-20;PAQUETE 3 PLATINO;PAQ 3;52000,00;2250000;6;83;Beneficiarios de cuentas de          Seguridad Social;Premium platinum;TARJETA CALDEN MASTERCARD PLATINUM Y/O CALDEN VISA PLATINUM, CAJA DE AHORRO EN DOLARES, CUENTA CORRIENTE INDIVIDUOS, DESCUBIERTO EN CUENTA CORRIENTE INDIVIDUOS DE 175000 PESOS;Provincia de Buenos Aires;EXENCION DE: COMISION MANTENIMIENTO DE CUENTA TARJ DE CREDITO, COMISION SERV ANUAL RENOVACION TARJ DE CREDITO, COMISION MANTENIMIENTO C/A EN DOLARES, COMISION MANTENIMIENTO DE CTA CTE, COMISION ALTA DE ACUERDO. PREST PERSONAL PREACORDADO SUJETO A POLITICA DE CREDITO CON TASA PREFERENCIAL, PUNTOS PAMPA CLUB, DESCUBIERTO EN CTA CTE DE 175000 PESOS.
14;BANCO DE LA PROVINCIA DE BUENOS AIRES;2026-03-05;EXPERIENCIA;EXPERIENCIA;47000,00;2000000;12;100;Personas humanas Responsables Inscriptos;Premium platinum;CUENTA CORRIENTE PERSONAS HUMANAS EN PESOS, ACUERDO CON GIRO EN DESCUBIERTO: SE ENCUENTRA SUJETO A LA CALIFICACION CREDITICIA, TARJETA DE DEBITO, TARJETA DE CREDITO VISA Y MASTERCARD PLATINUM;Provincia de Buenos Aires;COMISION DE MANTENIMIENTO MENSUAL Y RENOVACION ANUAL DE LA TARJETA DE CREDITO BONIFICADAS. SE BONIFICARA POR 6 SEIS MESES EL 100 POR CIENTO  DE LA COMISION DE MANTENIMIENTO DEL PAQUETE. CUANDO EL CLIENTE HAYA OPERADO CON ADHESION DE COMERCIOS VISA O MASTERCARD O CUENTA DNI COMERCIOS EN EL MES DE FINALIZACION DE LA BONIFICACION INICIAL, SE EXTENDERA POR OTROS 6 SEIS MESES. APLICA A PAQUETES CON FECHA DE ALTA HASTA EL 31.12.2025 INCLUSIVE.
93;BANCO DE LA PAMPA SA;2026-03-20;PAQUETE 3 PLATINO;PAQ 3;52000,00;2250000;6;83;Clientes que acrediten sueldos en la entidad;Premium platinum;TARJETA CALDEN MASTERCARD PLATINUM Y/O CALDEN VISA PLATINUM, CAJA DE AHORRO EN DOLARES, CUENTA CORRIENTE INDIVIDUOS, DESCUBIERTO EN CUENTA CORRIENTE INDIVIDUOS DE 175000 PESOS;Provincia de Buenos Aires;EXENCION DE: COMISION MANTENIMIENTO DE CUENTA TARJ DE CREDITO, COMISION SERV ANUAL RENOVACION TARJ DE CREDITO, COMISION MANTENIMIENTO C/A EN DOLARES, COMISION MANTENIMIENTO DE CTA CTE, COMISION ALTA DE ACUERDO. PREST PERSONAL PREACORDADO SUJETO A POLITICA DE CREDITO CON TASA PREFERENCIAL, PUNTOS PAMPA CLUB, DESCUBIERTO EN CTA CTE DE 175000 PESOS.
14;BANCO DE LA PROVINCIA DE BUENOS AIRES;2026-03-05;EVOLUCION;EVOLUCION;60000,00;2000000;12;100;Personas humanas Monotributistas;Premium platinum;CUENTA CORRIENTE CON ACUERDO DE GIRO EN DESCUBIERTO SUJETO A EVALUACION CREDITICIA, TARJETA DE CREDITO VISA Y MASTERCARD PLATINUM Y TARJETA DE DEBITO;Provincia de Buenos Aires;COMISION DE MANTENIMIENTO MENSUAL Y RENOVACION ANUAL DE LA TARJETA DE CREDITO BONIFICADAS. COMISION DE MANTENIMIENTO BASICO MENSUAL DEL PAQUETE BONIFICADO POR EL TERMINO DE 6 SEIS MESES. CUANDO EL CLIENTE HAYA RECIBIDO AL MENOS UNA ACREDITACION DE HABERES EN EL MES DE FINALIZACION DE LA BONIFICACION INICIAL, SE EXTENDERA POR OTROS 6 SEIS MESES. APLICA A PAQUETES CON FECHA DE ALTA HASTA EL 31.12.2025 INCLUSIVE.
14;BANCO DE LA PROVINCIA DE BUENOS AIRES;2026-03-05;EXPERIENCIA;EXPERIENCIA;47000,00;2000000;12;100;Personas humanas Monotributistas;Premium platinum;CUENTA CORRIENTE PERSONAS HUMANAS EN PESOS, ACUERDO CON GIRO EN DESCUBIERTO: SE ENCUENTRA SUJETO A LA CALIFICACION CREDITICIA, TARJETA DE DEBITO, TARJETA DE CREDITO VISA Y MASTERCARD PLATINUM;Provincia de Buenos Aires;COMISION DE MANTENIMIENTO MENSUAL Y RENOVACION ANUAL DE LA TARJETA DE CREDITO BONIFICADAS. SE BONIFICARA POR 6 SEIS MESES EL 100 POR CIENTO  DE LA COMISION DE MANTENIMIENTO DEL PAQUETE. CUANDO EL CLIENTE HAYA OPERADO CON ADHESION DE COMERCIOS VISA O MASTERCARD O CUENTA DNI COMERCIOS EN EL MES DE FINALIZACION DE LA BONIFICACION INICIAL, SE EXTENDERA POR OTROS 6 SEIS MESES. APLICA A PAQUETES CON FECHA DE ALTA HASTA EL 31.12.2025 INCLUSIVE.
14;BANCO DE LA PROVINCIA DE BUENOS AIRES;2026-03-05;LOGROS;LOGROS;85000,00;3000000;12;100;Empleados públicos;Premium signature, black o similar;CUENTA CORRIENTE CON ACUERDO DE GIRO EN DESCUBIERTO SUJETO A EVALUACION CREDITICIA, TARJETA DE CREDITO VISA SIGNATURE Y MASTERCARD BLACK Y TARJETA DE DEBITO;Provincia de Buenos Aires;COMISION DE MANTENIMIENTO MENSUAL Y RENOVACION ANUAL DE LA TARJETA DE CREDITO BONIFICADAS. COMISION DE MANTENIMIENTO BASICO MENSUAL DEL PAQUETE BONIFICADO POR EL TERMINO DE 6 SEIS MESES. CUANDO EL CLIENTE HAYA RECIBIDO AL MENOS UNA ACREDITACION DE HABERES EN EL MES DE FINALIZACION DE LA BONIFICACION INICIAL, SE EXTENDERA POR OTROS 6 SEIS MESES. APLICA A PAQUETES CON FECHA DE ALTA HASTA EL 31.12.2025 INCLUSIVE.
14;BANCO DE LA PROVINCIA DE BUENOS AIRES;2026-03-05;EVOLUCION;EVOLUCION;60000,00;1500000;0;100;Clientes que acrediten sueldos en la entidad;Premium platinum;CUENTA CORRIENTE CON ACUERDO DE GIRO EN DESCUBIERTO SUJETO A EVALUACION CREDITICIA, TARJETA DE CREDITO VISA Y MASTERCARD PLATINUM Y TARJETA DE DEBITO;Provincia de Buenos Aires;COMISION DE MANTENIMIENTO MENSUAL Y RENOVACION ANUAL DE LA TARJETA DE CREDITO BONIFICADAS. COMISION DE MANTENIMIENTO BASICO MENSUAL DEL PAQUETE BONIFICADO POR EL TERMINO DE 6 SEIS MESES. CUANDO EL CLIENTE HAYA RECIBIDO AL MENOS UNA ACREDITACION DE HABERES EN EL MES DE FINALIZACION DE LA BONIFICACION INICIAL, SE EXTENDERA POR OTROS 6 SEIS MESES. APLICA A PAQUETES CON FECHA DE ALTA HASTA EL 31.12.2025 INCLUSIVE.
14;BANCO DE LA PROVINCIA DE BUENOS AIRES;2026-03-05;IMPULSO;IMPULSO;26000,00;500000;12;100;Personas humanas en relación de dependencia;Básico;CUENTA CORRIENTE, TARJETA DE CREDITO VISA Y MASTERCARD INTERNACIONAL Y TARJETA DE DEBITO;Provincia de Buenos Aires;COMISION DE MANTENIMIENTO MENSUAL Y RENOVACION ANUAL DE LA TARJETA DE CREDITO BONIFICADAS. COMISION DE MANTENIMIENTO BASICO MENSUAL DEL PAQUETE BONIFICADO POR EL TERMINO DE 6 SEIS MESES. CUANDO EL CLIENTE HAYA RECIBIDO AL MENOS UNA ACREDITACION DE HABERES EN EL MES DE FINALIZACION DE LA BONIFICACION INICIAL, SE EXTENDERA POR OTROS 6 SEIS MESES. APLICA A PAQUETES CON FECHA DE ALTA HASTA EL 31.12.2025 INCLUSIVE.
14;BANCO DE LA PROVINCIA DE BUENOS AIRES;2026-03-05;EXPERIENCIA;EXPERIENCIA;47000,00;2000000;12;100;MiPyMEs;Premium platinum;CUENTA CORRIENTE PERSONAS HUMANAS EN PESOS, ACUERDO CON GIRO EN DESCUBIERTO: SE ENCUENTRA SUJETO A LA CALIFICACION CREDITICIA, TARJETA DE DEBITO, TARJETA DE CREDITO VISA Y MASTERCARD PLATINUM;Provincia de Buenos Aires;COMISION DE MANTENIMIENTO MENSUAL Y RENOVACION ANUAL DE LA TARJETA DE CREDITO BONIFICADAS. SE BONIFICARA POR 6 SEIS MESES EL 100 POR CIENTO  DE LA COMISION DE MANTENIMIENTO DEL PAQUETE. CUANDO EL CLIENTE HAYA OPERADO CON ADHESION DE COMERCIOS VISA O MASTERCARD O CUENTA DNI COMERCIOS EN EL MES DE FINALIZACION DE LA BONIFICACION INICIAL, SE EXTENDERA POR OTROS 6 SEIS MESES. APLICA A PAQUETES CON FECHA DE ALTA HASTA EL 31.12.2025 INCLUSIVE.
14;BANCO DE LA PROVINCIA DE BUENOS AIRES;2026-03-05;EVOLUCION;EVOLUCION;60000,00;2000000;12;100;Empleados públicos;Premium platinum;CUENTA CORRIENTE CON ACUERDO DE GIRO EN DESCUBIERTO SUJETO A EVALUACION CREDITICIA, TARJETA DE CREDITO VISA Y MASTERCARD PLATINUM Y TARJETA DE DEBITO;Provincia de Buenos Aires;COMISION DE MANTENIMIENTO MENSUAL Y RENOVACION ANUAL DE LA TARJETA DE CREDITO BONIFICADAS. COMISION DE MANTENIMIENTO BASICO MENSUAL DEL PAQUETE BONIFICADO POR EL TERMINO DE 6 SEIS MESES. CUANDO EL CLIENTE HAYA RECIBIDO AL MENOS UNA ACREDITACION DE HABERES EN EL MES DE FINALIZACION DE LA BONIFICACION INICIAL, SE EXTENDERA POR OTROS 6 SEIS MESES. APLICA A PAQUETES CON FECHA DE ALTA HASTA EL 31.12.2025 INCLUSIVE.
93;BANCO DE LA PAMPA SA;2026-03-20;PAQUETE 3 PLATINO;PAQ 3;52000,00;2250000;12;83;Clientes con cuenta en la entidad;Premium platinum;TARJETA CALDEN MASTERCARD PLATINUM Y/O CALDEN VISA PLATINUM, CAJA DE AHORRO EN DOLARES, CUENTA CORRIENTE INDIVIDUOS, DESCUBIERTO EN CUENTA CORRIENTE INDIVIDUOS DE 175000 PESOS;Provincia de Buenos Aires;EXENCION DE: COMISION MANTENIMIENTO DE CUENTA TARJ DE CREDITO, COMISION SERV ANUAL RENOVACION TARJ DE CREDITO, COMISION MANTENIMIENTO C/A EN DOLARES, COMISION MANTENIMIENTO DE CTA CTE, COMISION ALTA DE ACUERDO. PREST PERSONAL PREACORDADO SUJETO A POLITICA DE CREDITO CON TASA PREFERENCIAL, PUNTOS PAMPA CLUB, DESCUBIERTO EN CTA CTE DE 175000 PESOS.
29;BANCO DE LA CIUDAD DE BUENOS AIRES;2026-01-23;PAQUETE PRODUCTOS - CUENTA CIUDAD- CLIENTELA GENERAL;CUENTA CIUDAD;26734,00;334800;0;100;Personas humanas Monotributistas;Básico;1 CAJA DE AHORRO EN DOLARES 1 CUENTA CORRIENTE CON ACUERDO 1 TARJETA DE DEBITO 1 TARJETA DE CREDITO VISA INTERNACIONAL;Provincia de Buenos Aires;0
14;BANCO DE LA PROVINCIA DE BUENOS AIRES;2026-03-05;INCLUSION;INCLUSION;24700,00;318000;0;100;Personas humanas Monotributistas;Premium gold;CUENTA CORRIENTE PERSONAS HUMANAS EN PESOS, TARJETA DE DEBITO, TARJETA DE CREDITO VISA Y/O, DE ACUERDO A NIVEL DE INGRESOS, MASTERCARD EN SU VERSION INTERNACIONAL;Provincia de Buenos Aires;COMISION DE MANTENIMIENTO MENSUAL Y RENOVACION ANUAL DE LA TARJETA DE CREDITO BONIFICADAS. SE BONIFICARA POR 6 SEIS MESES EL 100 POR CIENTO  DE LA COMISION DE MANTENIMIENTO DEL PAQUETE. CUANDO EL CLIENTE HAYA OPERADO CON ADHESION DE COMERCIOS VISA O MASTERCARD O CUENTA DNI COMERCIOS EN EL MES DE FINALIZACION DE LA BONIFICACION INICIAL, SE EXTENDERA POR OTROS 6 SEIS MESES. APLICA A PAQUETES CON FECHA DE ALTA HASTA EL 31.12.2025 INCLUSIVE.
29;BANCO DE LA CIUDAD DE BUENOS AIRES;2026-01-23;PAQUETE PRODUCTOS - CUENTA CIUDAD- CLIENTELA GENERAL;CUENTA CIUDAD;26734,00;334800;0;100;Beneficiarios de cuentas de          Seguridad Social;Básico;1 CAJA DE AHORRO EN DOLARES 1 CUENTA CORRIENTE CON ACUERDO 1 TARJETA DE DEBITO 1 TARJETA DE CREDITO VISA INTERNACIONAL;Provincia de Buenos Aires;0
93;BANCO DE LA PAMPA SA;2026-03-20;PAQUETE 4 BLACK;PAQ 4;70000,00;5400000;12;83;Personas humanas en relación de dependencia;Premium signature, black o similar;TARJETA CALDEN MASTERCARD BLACK Y/O CALDEN VISA BLACK, CAJA DE AHORRO EN DOLARES, CUENTA CORRIENTE INDIVIDUOS, DESCUBIERTO EN CUENTA CORRIENTE INDIVIDUOS DE 420000 PESOS;Provincia de Buenos Aires;EXENCION DE: COMISION MANTENIMIENTO DE CUENTA TARJ DE CREDITO, COMISION SERVICIO ANUAL RENOVACION TARJETAS DE CREDITO, COMISION MANTENIMIENTO C/A EN DOLARES, COMISION MANTENIMIENTO DE CTA CTE, COMISION ALTA DE ACUERDO, PRESTAMO PERSONAL PREACORDADO SUJETO A POLITICA DE CREDITO CON TASA PREFERENCIAL, PUNTOS PAMPA CLUB, DESCUBIERTO EN CTA CTE DE 420000 PESOS.
93;BANCO DE LA PAMPA SA;2026-03-20;PAQUETE 4 BLACK;PAQ 4;70000,00;5400000;6;83;Beneficiarios de cuentas de          Seguridad Social;Premium signature, black o similar;TARJETA CALDEN MASTERCARD BLACK Y/O CALDEN VISA BLACK, CAJA DE AHORRO EN DOLARES, CUENTA CORRIENTE INDIVIDUOS, DESCUBIERTO EN CUENTA CORRIENTE INDIVIDUOS DE 420000 PESOS;Provincia de Buenos Aires;EXENCION DE: COMISION MANTENIMIENTO DE CUENTA TARJ DE CREDITO, COMISION SERVICIO ANUAL RENOVACION TARJETAS DE CREDITO, COMISION MANTENIMIENTO C/A EN DOLARES, COMISION MANTENIMIENTO DE CTA CTE, COMISION ALTA DE ACUERDO, PRESTAMO PERSONAL PREACORDADO SUJETO A POLITICA DE CREDITO CON TASA PREFERENCIAL, PUNTOS PAMPA CLUB, DESCUBIERTO EN CTA CTE DE 420000 PESOS.
93;BANCO DE LA PAMPA SA;2026-03-20;PAQUETE 2 DORADO;PAQ 2;35000,00;900000;12;83;Clientes con cuenta en la entidad;Premium gold;TARJETA CALDEN MASTERCARD GOLD Y/O CALDEN VISA GOLD, CAJA DE AHORRO EN DOLARES, CUENTA CORRIENTE INDIVIDUOS, DESCUBIERTO EN CTA CTE DE 70000 PESOS;Provincia de Buenos Aires;EXENCION DE: COMISION MANTENIMIENTO DE CUENTA TARJ DE CREDITO, COMISION SERV ANUAL RENOVACION TARJ DE CREDITO, COMISION MANTENIMIENTO C/A EN DOLARES, COMISION MANTENIMIENTO DE CTA CTE. PREST PERSONAL PREACORDADO SUJETO A POLITICA DE CREDITO CON TASA PREFERENCIAL, PUNTOS PAMPA CLUB, DESCUBIERTO EN CTA CTE DE 70000 PESOS
93;BANCO DE LA PAMPA SA;2026-03-20;PAQUETE 2 DORADO;PAQ 2;35000,00;900000;6;83;Beneficiarios de cuentas de          Seguridad Social;Premium gold;TARJETA CALDEN MASTERCARD GOLD Y/O CALDEN VISA GOLD, CAJA DE AHORRO EN DOLARES, CUENTA CORRIENTE INDIVIDUOS, DESCUBIERTO EN CTA CTE DE 70000 PESOS;Provincia de Buenos Aires;EXENCION DE: COMISION MANTENIMIENTO DE CUENTA TARJ DE CREDITO, COMISION SERV ANUAL RENOVACION TARJ DE CREDITO, COMISION MANTENIMIENTO C/A EN DOLARES, COMISION MANTENIMIENTO DE CTA CTE. PREST PERSONAL PREACORDADO SUJETO A POLITICA DE CREDITO CON TASA PREFERENCIAL, PUNTOS PAMPA CLUB, DESCUBIERTO EN CTA CTE DE 70000 PESOS
14;BANCO DE LA PROVINCIA DE BUENOS AIRES;2026-03-05;CONFIANZA;CONFIANZA;35500,00;1300000;12;100;Personas humanas Responsables Inscriptos;Premium gold;CUENTA CORRIENTE PERSONAS HUMANAS EN PESOS, ACUERDO CON GIRO EN DESCUBIERTO: SE ENCUENTRA SUJETO A LA CALIFICACION CREDITICIA, TARJETA DE DEBITO, TARJETA DE CREDITO VISA Y MASTERCARD GOLD;Provincia de Buenos Aires;COMISION DE MANTENIMIENTO MENSUAL Y RENOVACION ANUAL DE LA TARJETA DE CREDITO BONIFICADAS. SE BONIFICARA POR 6 SEIS MESES EL 100 POR CIENTO  DE LA COMISION DE MANTENIMIENTO DEL PAQUETE. CUANDO EL CLIENTE HAYA OPERADO CON ADHESION DE COMERCIOS VISA O MASTERCARD O CUENTA DNI COMERCIOS EN EL MES DE FINALIZACION DE LA BONIFICACION INICIAL, SE EXTENDERA POR OTROS 6 SEIS MESES. APLICA A PAQUETES CON FECHA DE ALTA HASTA EL 31.12.2025 INCLUSIVE.
93;BANCO DE LA PAMPA SA;2026-03-20;PAQUETE 2 DORADO;PAQ 2;35000,00;900000;24;83;Personas humanas Monotributistas;Premium gold;TARJETA CALDEN MASTERCARD GOLD Y/O CALDEN VISA GOLD, CAJA DE AHORRO EN DOLARES, CUENTA CORRIENTE INDIVIDUOS, DESCUBIERTO EN CTA CTE DE 70000 PESOS;Provincia de Buenos Aires;EXENCION DE: COMISION MANTENIMIENTO DE CUENTA TARJ DE CREDITO, COMISION SERV ANUAL RENOVACION TARJ DE CREDITO, COMISION MANTENIMIENTO C/A EN DOLARES, COMISION MANTENIMIENTO DE CTA CTE. PREST PERSONAL PREACORDADO SUJETO A POLITICA DE CREDITO CON TASA PREFERENCIAL, PUNTOS PAMPA CLUB, DESCUBIERTO EN CTA CTE DE 70000 PESOS
93;BANCO DE LA PAMPA SA;2026-03-20;PAQUETE 2 DORADO;PAQ 2;35000,00;900000;12;83;Empleados públicos;Premium gold;TARJETA CALDEN MASTERCARD GOLD Y/O CALDEN VISA GOLD, CAJA DE AHORRO EN DOLARES, CUENTA CORRIENTE INDIVIDUOS, DESCUBIERTO EN CTA CTE DE 70000 PESOS;Provincia de Buenos Aires;EXENCION DE: COMISION MANTENIMIENTO DE CUENTA TARJ DE CREDITO, COMISION SERV ANUAL RENOVACION TARJ DE CREDITO, COMISION MANTENIMIENTO C/A EN DOLARES, COMISION MANTENIMIENTO DE CTA CTE. PREST PERSONAL PREACORDADO SUJETO A POLITICA DE CREDITO CON TASA PREFERENCIAL, PUNTOS PAMPA CLUB, DESCUBIERTO EN CTA CTE DE 70000 PESOS
93;BANCO DE LA PAMPA SA;2026-03-20;PAQUETE 2 DORADO;PAQ 2;35000,00;900000;24;83;Personas humanas Responsables Inscriptos;Premium gold;TARJETA CALDEN MASTERCARD GOLD Y/O CALDEN VISA GOLD, CAJA DE AHORRO EN DOLARES, CUENTA CORRIENTE INDIVIDUOS, DESCUBIERTO EN CTA CTE DE 70000 PESOS;Provincia de Buenos Aires;EXENCION DE: COMISION MANTENIMIENTO DE CUENTA TARJ DE CREDITO, COMISION SERV ANUAL RENOVACION TARJ DE CREDITO, COMISION MANTENIMIENTO C/A EN DOLARES, COMISION MANTENIMIENTO DE CTA CTE. PREST PERSONAL PREACORDADO SUJETO A POLITICA DE CREDITO CON TASA PREFERENCIAL, PUNTOS PAMPA CLUB, DESCUBIERTO EN CTA CTE DE 70000 PESOS
14;BANCO DE LA PROVINCIA DE BUENOS AIRES;2026-03-05;CRECIMIENTO;CRECIMIENTO;42000,00;1300000;12;100;Empleados públicos;Premium gold;CUENTA CORRIENTE CON ACUERDO DE GIRO EN DESCUBIERTO SUJETO A EVALUACION CREDITICIA, TARJETA DE CREDITO VISA Y MASTERCARD GOLD Y TARJETA DE DEBITO;Provincia de Buenos Aires;COMISION DE MANTENIMIENTO MENSUAL Y RENOVACION ANUAL DE LA TARJETA DE CREDITO BONIFICADAS. COMISION DE MANTENIMIENTO BASICO MENSUAL DEL PAQUETE BONIFICADO POR EL TERMINO DE 6 SEIS MESES. CUANDO EL CLIENTE HAYA RECIBIDO AL MENOS UNA ACREDITACION DE HABERES EN EL MES DE FINALIZACION DE LA BONIFICACION INICIAL, SE EXTENDERA POR OTROS 6 SEIS MESES. APLICA A PAQUETES CON FECHA DE ALTA HASTA EL 31.12.2025 INCLUSIVE.
14;BANCO DE LA PROVINCIA DE BUENOS AIRES;2026-03-05;INCLUSION;INCLUSION;24700,00;318000;0;100;Personas humanas Responsables Inscriptos;Premium gold;CUENTA CORRIENTE PERSONAS HUMANAS EN PESOS, TARJETA DE DEBITO, TARJETA DE CREDITO VISA Y/O, DE ACUERDO A NIVEL DE INGRESOS, MASTERCARD EN SU VERSION INTERNACIONAL;Provincia de Buenos Aires;COMISION DE MANTENIMIENTO MENSUAL Y RENOVACION ANUAL DE LA TARJETA DE CREDITO BONIFICADAS. SE BONIFICARA POR 6 SEIS MESES EL 100 POR CIENTO  DE LA COMISION DE MANTENIMIENTO DEL PAQUETE. CUANDO EL CLIENTE HAYA OPERADO CON ADHESION DE COMERCIOS VISA O MASTERCARD O CUENTA DNI COMERCIOS EN EL MES DE FINALIZACION DE LA BONIFICACION INICIAL, SE EXTENDERA POR OTROS 6 SEIS MESES. APLICA A PAQUETES CON FECHA DE ALTA HASTA EL 31.12.2025 INCLUSIVE.
14;BANCO DE LA PROVINCIA DE BUENOS AIRES;2026-03-05;CRECIMIENTO;CRECIMIENTO;42000,00;1300000;12;100;Personas humanas Monotributistas;Premium gold;CUENTA CORRIENTE CON ACUERDO DE GIRO EN DESCUBIERTO SUJETO A EVALUACION CREDITICIA, TARJETA DE CREDITO VISA Y MASTERCARD GOLD Y TARJETA DE DEBITO;Provincia de Buenos Aires;COMISION DE MANTENIMIENTO MENSUAL Y RENOVACION ANUAL DE LA TARJETA DE CREDITO BONIFICADAS. COMISION DE MANTENIMIENTO BASICO MENSUAL DEL PAQUETE BONIFICADO POR EL TERMINO DE 6 SEIS MESES. CUANDO EL CLIENTE HAYA RECIBIDO AL MENOS UNA ACREDITACION DE HABERES EN EL MES DE FINALIZACION DE LA BONIFICACION INICIAL, SE EXTENDERA POR OTROS 6 SEIS MESES. APLICA A PAQUETES CON FECHA DE ALTA HASTA EL 31.12.2025 INCLUSIVE.
14;BANCO DE LA PROVINCIA DE BUENOS AIRES;2026-03-05;CRECIMIENTO;CRECIMIENTO;42000,00;1300000;12;100;Personas humanas Responsables Inscriptos;Premium gold;CUENTA CORRIENTE CON ACUERDO DE GIRO EN DESCUBIERTO SUJETO A EVALUACION CREDITICIA, TARJETA DE CREDITO VISA Y MASTERCARD GOLD Y TARJETA DE DEBITO;Provincia de Buenos Aires;COMISION DE MANTENIMIENTO MENSUAL Y RENOVACION ANUAL DE LA TARJETA DE CREDITO BONIFICADAS. COMISION DE MANTENIMIENTO BASICO MENSUAL DEL PAQUETE BONIFICADO POR EL TERMINO DE 6 SEIS MESES. CUANDO EL CLIENTE HAYA RECIBIDO AL MENOS UNA ACREDITACION DE HABERES EN EL MES DE FINALIZACION DE LA BONIFICACION INICIAL, SE EXTENDERA POR OTROS 6 SEIS MESES. APLICA A PAQUETES CON FECHA DE ALTA HASTA EL 31.12.2025 INCLUSIVE.
29;BANCO DE LA CIUDAD DE BUENOS AIRES;2026-01-23;PAQUETE PRODUCTOS - CUENTA CIUDAD- CLIENTELA GENERAL;CUENTA CIUDAD;26734,00;334800;0;100;Clientes con cuenta en la entidad;Básico;1 CAJA DE AHORRO EN DOLARES 1 CUENTA CORRIENTE CON ACUERDO 1 TARJETA DE DEBITO 1 TARJETA DE CREDITO VISA INTERNACIONAL;Provincia de Buenos Aires;0
93;BANCO DE LA PAMPA SA;2026-03-20;PAQUETE 2 DORADO;PAQ 2;35000,00;900000;6;83;Clientes que acrediten sueldos en la entidad;Premium gold;TARJETA CALDEN MASTERCARD GOLD Y/O CALDEN VISA GOLD, CAJA DE AHORRO EN DOLARES, CUENTA CORRIENTE INDIVIDUOS, DESCUBIERTO EN CTA CTE DE 70000 PESOS;Provincia de Buenos Aires;EXENCION DE: COMISION MANTENIMIENTO DE CUENTA TARJ DE CREDITO, COMISION SERV ANUAL RENOVACION TARJ DE CREDITO, COMISION MANTENIMIENTO C/A EN DOLARES, COMISION MANTENIMIENTO DE CTA CTE. PREST PERSONAL PREACORDADO SUJETO A POLITICA DE CREDITO CON TASA PREFERENCIAL, PUNTOS PAMPA CLUB, DESCUBIERTO EN CTA CTE DE 70000 PESOS
14;BANCO DE LA PROVINCIA DE BUENOS AIRES;2026-03-05;INCLUSION;INCLUSION;24700,00;318000;0;100;MiPyMEs;Premium gold;CUENTA CORRIENTE PERSONAS HUMANAS EN PESOS, TARJETA DE DEBITO, TARJETA DE CREDITO VISA Y/O, DE ACUERDO A NIVEL DE INGRESOS, MASTERCARD EN SU VERSION INTERNACIONAL;Provincia de Buenos Aires;COMISION DE MANTENIMIENTO MENSUAL Y RENOVACION ANUAL DE LA TARJETA DE CREDITO BONIFICADAS. SE BONIFICARA POR 6 SEIS MESES EL 100 POR CIENTO  DE LA COMISION DE MANTENIMIENTO DEL PAQUETE. CUANDO EL CLIENTE HAYA OPERADO CON ADHESION DE COMERCIOS VISA O MASTERCARD O CUENTA DNI COMERCIOS EN EL MES DE FINALIZACION DE LA BONIFICACION INICIAL, SE EXTENDERA POR OTROS 6 SEIS MESES. APLICA A PAQUETES CON FECHA DE ALTA HASTA EL 31.12.2025 INCLUSIVE.
14;BANCO DE LA PROVINCIA DE BUENOS AIRES;2026-03-05;CONFIANZA;CONFIANZA;35500,00;1300000;12;100;MiPyMEs;Premium gold;CUENTA CORRIENTE PERSONAS HUMANAS EN PESOS, ACUERDO CON GIRO EN DESCUBIERTO: SE ENCUENTRA SUJETO A LA CALIFICACION CREDITICIA, TARJETA DE DEBITO, TARJETA DE CREDITO VISA Y MASTERCARD GOLD;Provincia de Buenos Aires;COMISION DE MANTENIMIENTO MENSUAL Y RENOVACION ANUAL DE LA TARJETA DE CREDITO BONIFICADAS. SE BONIFICARA POR 6 SEIS MESES EL 100 POR CIENTO  DE LA COMISION DE MANTENIMIENTO DEL PAQUETE. CUANDO EL CLIENTE HAYA OPERADO CON ADHESION DE COMERCIOS VISA O MASTERCARD O CUENTA DNI COMERCIOS EN EL MES DE FINALIZACION DE LA BONIFICACION INICIAL, SE EXTENDERA POR OTROS 6 SEIS MESES. APLICA A PAQUETES CON FECHA DE ALTA HASTA EL 31.12.2025 INCLUSIVE.
93;BANCO DE LA PAMPA SA;2026-03-20;PAQUETE 1 INTERNACIONAL;PAQ 1;23000,00;380000;6;83;Beneficiarios de cuentas de          Seguridad Social;Básico;TARJETA CALDEN MASTERCARD INTERNACIONAL Y/O CALDEN VISA INTERNACIONAL, CAJA DE AHORRO EN DOLARES;Provincia de Buenos Aires;EXENCION DE: COMISION MANTENIMIENTO DE CUENTA TARJ DE CREDITO,  COMISION SERVICIO ANUAL RENOVACION TARJ DE CREDITO, COMISION MANTENIMIENTO C/A EN DOLARES. PREST PERSONAL PREACORDADO SUJETO A POLITICA DE CREDITO CON TASA PREFERENCIAL, PUNTOS PAMPA CLUB
14;BANCO DE LA PROVINCIA DE BUENOS AIRES;2026-03-05;LOGROS;LOGROS;85000,00;2500000;0;100;Clientes que acrediten sueldos en la entidad;Premium signature, black o similar;CUENTA CORRIENTE CON ACUERDO DE GIRO EN DESCUBIERTO SUJETO A EVALUACION CREDITICIA, TARJETA DE CREDITO VISA SIGNATURE Y MASTERCARD BLACK Y TARJETA DE DEBITO;Provincia de Buenos Aires;COMISION DE MANTENIMIENTO MENSUAL Y RENOVACION ANUAL DE LA TARJETA DE CREDITO BONIFICADAS. COMISION DE MANTENIMIENTO BASICO MENSUAL DEL PAQUETE BONIFICADO POR EL TERMINO DE 6 SEIS MESES. CUANDO EL CLIENTE HAYA RECIBIDO AL MENOS UNA ACREDITACION DE HABERES EN EL MES DE FINALIZACION DE LA BONIFICACION INICIAL, SE EXTENDERA POR OTROS 6 SEIS MESES. APLICA A PAQUETES CON FECHA DE ALTA HASTA EL 31.12.2025 INCLUSIVE.
20;BANCO DE LA PROVINCIA DE CORDOBA S.A.;2025-09-18;PAQUETE MUNDO BANCOR INTERNACIONAL;MUNDO BANCOR INTERNACIONA;14000,00;635600;6;81;Clientes que acrediten sueldos en la entidad;Básico;CAJA DE AHORRO EN DOLARES, CUENTA ADELANTO DE HABERES, TARJETA DE CREDITO CORDOBESA MASTERCARD, TARJETA DE CREDITO CORDOBESA VISA, CUENTA INVERSION;Provincia de Santa Fe;
268;BANCO PROVINCIA DE TIERRA DEL FUEGO;2025-12-09;PAQUETE FUEGUINA SOLUCION;PAQUETE;35581,00;1500000;0;75;Clientes con cuenta en la entidad;Premium gold;TARJETAS FUEGUINAS GOLD. PRESTAMO PERSONAL POR ATM HASTA $20.000;Provincia de Tierra del Fuego Antártida e Islas del Atlántico Sur;OPC. CAJA DE AHORRO DOLARES
268;BANCO PROVINCIA DE TIERRA DEL FUEGO;2025-12-09;PAQUETE FUEGUINA EXCELENCIA;PAQUETE;46512,00;2000000;0;75;Clientes con cuenta en la entidad;Premium platinum;TARJETAS FUEGUINAS PLATINUM, SEGURO DE ROBO EN ATM, SEGURO MODULO SALUD ALTA COMPLEJIDAD. PRESTAMO PERSONAL POR ATM HASTA $30.000;Provincia de Tierra del Fuego Antártida e Islas del Atlántico Sur;0
268;BANCO PROVINCIA DE TIERRA DEL FUEGO;2025-12-09;PAQUETE FUEGUINA AHORRO;PAQUETE;20930,00;700000;0;75;Clientes con cuenta en la entidad;Básico;TARJETAS FUEGUINAS INTERNACIONALES, PRESTAMO PERSONAL POR ATM HASTA $10.000;Provincia de Tierra del Fuego Antártida e Islas del Atlántico Sur;SIN OPCIONALES
268;BANCO PROVINCIA DE TIERRA DEL FUEGO;2025-12-09;PAQUETE FUEGUINA EVOLUCION;PAQUETE;66279,00;3000000;0;75;Clientes con cuenta en la entidad;Premium signature, black o similar;TARJETAS FUEGUINAS SIGNATURE, SEGURO DE ROBO EN ATM, SEGURO POR ACCIDENTES PERSONALES, SEGURO MODULO SALUD ALTA COMPLEJIDAD. PRESTAMO PERSONAL POR ATM HASTA $40.000;Provincia de Tierra del Fuego Antártida e Islas del Atlántico Sur;0
29;BANCO DE LA CIUDAD DE BUENOS AIRES;2026-01-23;PAQUETE PRODUCTOS - CUENTA CIUDAD- CLIENTELA GENERAL;CUENTA CIUDAD;26734,00;334800;0;100;Personas humanas Responsables Inscriptos;Básico;1 CAJA DE AHORRO EN DOLARES 1 CUENTA CORRIENTE CON ACUERDO 1 TARJETA DE DEBITO 1 TARJETA DE CREDITO VISA INTERNACIONAL;Provincia de Tucumán;0
29;BANCO DE LA CIUDAD DE BUENOS AIRES;2026-01-23;PAQUETE PRODUCTOS - CUENTA CIUDAD- CLIENTELA GENERAL;CUENTA CIUDAD;26734,00;334800;0;100;Clientes con cuenta en la entidad;Básico;1 CAJA DE AHORRO EN DOLARES 1 CUENTA CORRIENTE CON ACUERDO 1 TARJETA DE DEBITO 1 TARJETA DE CREDITO VISA INTERNACIONAL;Provincia de Tucumán;0
29;BANCO DE LA CIUDAD DE BUENOS AIRES;2026-01-23;PAQUETE PRODUCTOS - CUENTA CIUDAD- CLIENTELA GENERAL;CUENTA CIUDAD;26734,00;334800;0;100;Personas humanas Monotributistas;Básico;1 CAJA DE AHORRO EN DOLARES 1 CUENTA CORRIENTE CON ACUERDO 1 TARJETA DE DEBITO 1 TARJETA DE CREDITO VISA INTERNACIONAL;Provincia de Tucumán;0
29;BANCO DE LA CIUDAD DE BUENOS AIRES;2026-01-23;PAQUETE PRODUCTOS - CUENTA CIUDAD- CLIENTELA GENERAL;CUENTA CIUDAD;26734,00;334800;0;100;Personas humanas en relación de dependencia;Básico;1 CAJA DE AHORRO EN DOLARES 1 CUENTA CORRIENTE CON ACUERDO 1 TARJETA DE DEBITO 1 TARJETA DE CREDITO VISA INTERNACIONAL;Provincia de Tucumán;0
29;BANCO DE LA CIUDAD DE BUENOS AIRES;2026-01-23;PAQUETE PRODUCTOS - CUENTA CIUDAD- CLIENTELA GENERAL;CUENTA CIUDAD;26734,00;334800;0;100;Clientes que acrediten sueldos en la entidad;Básico;1 CAJA DE AHORRO EN DOLARES 1 CUENTA CORRIENTE CON ACUERDO 1 TARJETA DE DEBITO 1 TARJETA DE CREDITO VISA INTERNACIONAL;Provincia de Tucumán;0
29;BANCO DE LA CIUDAD DE BUENOS AIRES;2026-01-23;PAQUETE PRODUCTOS - CUENTA CIUDAD- CLIENTELA GENERAL;CUENTA CIUDAD;26734,00;334800;0;100;Empleados públicos;Básico;1 CAJA DE AHORRO EN DOLARES 1 CUENTA CORRIENTE CON ACUERDO 1 TARJETA DE DEBITO 1 TARJETA DE CREDITO VISA INTERNACIONAL;Provincia de Tucumán;0
29;BANCO DE LA CIUDAD DE BUENOS AIRES;2026-01-23;PAQUETE PRODUCTOS - CUENTA CIUDAD- CLIENTELA GENERAL;CUENTA CIUDAD;26734,00;334800;0;100;Beneficiarios de cuentas de          Seguridad Social;Básico;1 CAJA DE AHORRO EN DOLARES 1 CUENTA CORRIENTE CON ACUERDO 1 TARJETA DE DEBITO 1 TARJETA DE CREDITO VISA INTERNACIONAL;Provincia de Tucumán;0
29;BANCO DE LA CIUDAD DE BUENOS AIRES;2026-01-23;PAQUETE PRODUCTOS - CUENTA CIUDAD- CLIENTELA GENERAL;CUENTA CIUDAD;26734,00;334800;0;100;Personas humanas Monotributistas;Básico;1 CAJA DE AHORRO EN DOLARES 1 CUENTA CORRIENTE CON ACUERDO 1 TARJETA DE DEBITO 1 TARJETA DE CREDITO VISA INTERNACIONAL;Provincia de Córdoba;0
93;BANCO DE LA PAMPA SA;2026-03-20;PAQUETE 4 BLACK;PAQ 4;70000,00;5400000;6;83;Clientes que acrediten sueldos en la entidad;Premium signature, black o similar;TARJETA CALDEN MASTERCARD BLACK Y/O CALDEN VISA BLACK, CAJA DE AHORRO EN DOLARES, CUENTA CORRIENTE INDIVIDUOS, DESCUBIERTO EN CUENTA CORRIENTE INDIVIDUOS DE 420000 PESOS;Provincia de Córdoba;EXENCION DE: COMISION MANTENIMIENTO DE CUENTA TARJ DE CREDITO, COMISION SERVICIO ANUAL RENOVACION TARJETAS DE CREDITO, COMISION MANTENIMIENTO C/A EN DOLARES, COMISION MANTENIMIENTO DE CTA CTE, COMISION ALTA DE ACUERDO, PRESTAMO PERSONAL PREACORDADO SUJETO A POLITICA DE CREDITO CON TASA PREFERENCIAL, PUNTOS PAMPA CLUB, DESCUBIERTO EN CTA CTE DE 420000 PESOS.
45056;MONTEMAR COMPAÑIA FINANCIERA S.A.;2026-03-13;PAQUETE CUENTA MONTEMAR PLUS PLATINUM;CUENTA MTM PLUS PLATINUM;153076,38;0;12;75;Empleados públicos;Básico;TARJETA DE CREDITO MONTEMAR - CAJA DE AHORRO EN PESOS Y DOLARES - TARJETA DE CREDITO MASTERCARD PLATINUM- TARJETA DE DEBITO;Provincia de Córdoba;TASA PREFERENCIAL DEPOSITOS A PLAZO FIJO INTRANSFERIBLE EN PESOS - TASA BONIFICADAS PRESTAMOS PERSONALES - PROGRAMA DE BENEFICIOS PREMIA O LOS ANDES PASS - ASISTENCIA MONTEMAR TRANQUI BONIFICADO - DESCUENTO EN SEGUROS DE SAN CRISTOBAL 
45056;MONTEMAR COMPAÑIA FINANCIERA S.A.;2026-03-13;PAQUETE CUENTA SUELDO PLUS;CUENTA MTM SUELDO PLUS;75569,98;0;12;75;Personas humanas en relación de dependencia;Básico;TARJETA DE CREDITO MONTEMAR - CAJA DE AHORRO EN PESOS Y DOLARES - TARJETA DE CREDITO MASTERCARD - TARJETA DE DEBITO;Provincia de Córdoba;TASA PREFERENCIAL DEPOSITOS A PLAZO FIJO INTRANSFERIBLE EN PESOS - TASA BONIFICADAS PRESTAMOS PERSONALES - PROGRAMA DE BENEFICIOS PREMIA O LOS ANDES PASS - ASISTENCIA MONTEMAR TRANQUI BONIFICADO - DESCUENTO EN SEGUROS DE SAN CRISTOBAL - DESCUENTO PLUS
45056;MONTEMAR COMPAÑIA FINANCIERA S.A.;2026-03-13;PAQUETE CUENTA MONTEMAR I;CUENTA MONTEMAR I;20112,41;0;12;75;Personas humanas en relación de dependencia;Básico;TARJETA DE CREDITO MONTEMAR - CAJA DE AHORRO EN PESOS Y DOLARES;Provincia de Córdoba;TASA PREFERENCIAL DEPOSITOS A PLAZO FIJO INTRANSFERIBLE EN PESOS - TASA BONIFICADAS PRESTAMOS PERSONALES - SE COBRA ANUALMENTE 241348,92
45056;MONTEMAR COMPAÑIA FINANCIERA S.A.;2026-03-13;PAQUETE CUENTA MONTEMAR PLUS;CUENTA MTM PLUS;79348,47;0;12;75;Personas humanas Monotributistas;Básico;TARJETA DE CREDITO MONTEMAR - CAJA DE AHORRO EN PESOS Y DOLARES - TARJETA DE CREDITO MASTERCARD INTERNACIONAL - TARJETA DE DEBITO;Provincia de Córdoba;TASA PREFERENCIAL DEPOSITOS A PLAZO FIJO INTRANSFERIBLE EN PESOS - TASA BONIFICADAS PRESTAMOS PERSONALES - PROGRAMA DE BENEFICIOS PREMIA O LOS ANDES PASS - ASISTENCIA MONTEMAR TRANQUI BONIFICADO - DESCUENTO EN SEGUROS DE SAN CRISTOBAL 
93;BANCO DE LA PAMPA SA;2026-03-20;PAQUETE 1 INTERNACIONAL;PAQ 1;23000,00;380000;12;83;Personas humanas en relación de dependencia;Básico;TARJETA CALDEN MASTERCARD INTERNACIONAL Y/O CALDEN VISA INTERNACIONAL, CAJA DE AHORRO EN DOLARES;Provincia de Córdoba;EXENCION DE: COMISION MANTENIMIENTO DE CUENTA TARJ DE CREDITO,  COMISION SERVICIO ANUAL RENOVACION TARJ DE CREDITO, COMISION MANTENIMIENTO C/A EN DOLARES. PREST PERSONAL PREACORDADO SUJETO A POLITICA DE CREDITO CON TASA PREFERENCIAL, PUNTOS PAMPA CLUB
93;BANCO DE LA PAMPA SA;2026-03-20;PAQUETE 2 DORADO;PAQ 2;35000,00;900000;6;83;Clientes que acrediten sueldos en la entidad;Premium gold;TARJETA CALDEN MASTERCARD GOLD Y/O CALDEN VISA GOLD, CAJA DE AHORRO EN DOLARES, CUENTA CORRIENTE INDIVIDUOS, DESCUBIERTO EN CTA CTE DE 70000 PESOS;Provincia de Córdoba;EXENCION DE: COMISION MANTENIMIENTO DE CUENTA TARJ DE CREDITO, COMISION SERV ANUAL RENOVACION TARJ DE CREDITO, COMISION MANTENIMIENTO C/A EN DOLARES, COMISION MANTENIMIENTO DE CTA CTE. PREST PERSONAL PREACORDADO SUJETO A POLITICA DE CREDITO CON TASA PREFERENCIAL, PUNTOS PAMPA CLUB, DESCUBIERTO EN CTA CTE DE 70000 PESOS
93;BANCO DE LA PAMPA SA;2026-03-20;PAQUETE 3 PLATINO;PAQ 3;52000,00;2250000;24;83;Personas humanas Responsables Inscriptos;Premium platinum;TARJETA CALDEN MASTERCARD PLATINUM Y/O CALDEN VISA PLATINUM, CAJA DE AHORRO EN DOLARES, CUENTA CORRIENTE INDIVIDUOS, DESCUBIERTO EN CUENTA CORRIENTE INDIVIDUOS DE 175000 PESOS;Provincia de Córdoba;EXENCION DE: COMISION MANTENIMIENTO DE CUENTA TARJ DE CREDITO, COMISION SERV ANUAL RENOVACION TARJ DE CREDITO, COMISION MANTENIMIENTO C/A EN DOLARES, COMISION MANTENIMIENTO DE CTA CTE, COMISION ALTA DE ACUERDO. PREST PERSONAL PREACORDADO SUJETO A POLITICA DE CREDITO CON TASA PREFERENCIAL, PUNTOS PAMPA CLUB, DESCUBIERTO EN CTA CTE DE 175000 PESOS.
45056;MONTEMAR COMPAÑIA FINANCIERA S.A.;2026-03-13;PAQUETE CUENTA MONTEMAR I;CUENTA MONTEMAR I;20112,41;0;12;75;Clientes con cuenta en la entidad;Básico;TARJETA DE CREDITO MONTEMAR - CAJA DE AHORRO EN PESOS Y DOLARES;Provincia de Córdoba;TASA PREFERENCIAL DEPOSITOS A PLAZO FIJO INTRANSFERIBLE EN PESOS - TASA BONIFICADAS PRESTAMOS PERSONALES - SE COBRA ANUALMENTE 241348,92
45056;MONTEMAR COMPAÑIA FINANCIERA S.A.;2026-03-13;PAQUETE CUENTA SUELDO PLUS;CUENTA MTM SUELDO PLUS;75569,98;0;12;75;Empleados públicos;Básico;TARJETA DE CREDITO MONTEMAR - CAJA DE AHORRO EN PESOS Y DOLARES - TARJETA DE CREDITO MASTERCARD - TARJETA DE DEBITO;Provincia de Córdoba;TASA PREFERENCIAL DEPOSITOS A PLAZO FIJO INTRANSFERIBLE EN PESOS - TASA BONIFICADAS PRESTAMOS PERSONALES - PROGRAMA DE BENEFICIOS PREMIA O LOS ANDES PASS - ASISTENCIA MONTEMAR TRANQUI BONIFICADO - DESCUENTO EN SEGUROS DE SAN CRISTOBAL - DESCUENTO PLUS
93;BANCO DE LA PAMPA SA;2026-03-20;PAQUETE 2 DORADO;PAQ 2;35000,00;900000;6;83;Beneficiarios de cuentas de          Seguridad Social;Premium gold;TARJETA CALDEN MASTERCARD GOLD Y/O CALDEN VISA GOLD, CAJA DE AHORRO EN DOLARES, CUENTA CORRIENTE INDIVIDUOS, DESCUBIERTO EN CTA CTE DE 70000 PESOS;Provincia de Córdoba;EXENCION DE: COMISION MANTENIMIENTO DE CUENTA TARJ DE CREDITO, COMISION SERV ANUAL RENOVACION TARJ DE CREDITO, COMISION MANTENIMIENTO C/A EN DOLARES, COMISION MANTENIMIENTO DE CTA CTE. PREST PERSONAL PREACORDADO SUJETO A POLITICA DE CREDITO CON TASA PREFERENCIAL, PUNTOS PAMPA CLUB, DESCUBIERTO EN CTA CTE DE 70000 PESOS
93;BANCO DE LA PAMPA SA;2026-03-20;PAQUETE 2 DORADO;PAQ 2;35000,00;900000;12;83;Empleados públicos;Premium gold;TARJETA CALDEN MASTERCARD GOLD Y/O CALDEN VISA GOLD, CAJA DE AHORRO EN DOLARES, CUENTA CORRIENTE INDIVIDUOS, DESCUBIERTO EN CTA CTE DE 70000 PESOS;Provincia de Córdoba;EXENCION DE: COMISION MANTENIMIENTO DE CUENTA TARJ DE CREDITO, COMISION SERV ANUAL RENOVACION TARJ DE CREDITO, COMISION MANTENIMIENTO C/A EN DOLARES, COMISION MANTENIMIENTO DE CTA CTE. PREST PERSONAL PREACORDADO SUJETO A POLITICA DE CREDITO CON TASA PREFERENCIAL, PUNTOS PAMPA CLUB, DESCUBIERTO EN CTA CTE DE 70000 PESOS
29;BANCO DE LA CIUDAD DE BUENOS AIRES;2026-01-23;PAQUETE PRODUCTOS - CUENTA CIUDAD- CLIENTELA GENERAL;CUENTA CIUDAD;26734,00;334800;0;100;Empleados públicos;Básico;1 CAJA DE AHORRO EN DOLARES 1 CUENTA CORRIENTE CON ACUERDO 1 TARJETA DE DEBITO 1 TARJETA DE CREDITO VISA INTERNACIONAL;Provincia de Córdoba;0
93;BANCO DE LA PAMPA SA;2026-03-20;PAQUETE 4 BLACK;PAQ 4;70000,00;5400000;24;83;Personas humanas Monotributistas;Premium signature, black o similar;TARJETA CALDEN MASTERCARD BLACK Y/O CALDEN VISA BLACK, CAJA DE AHORRO EN DOLARES, CUENTA CORRIENTE INDIVIDUOS, DESCUBIERTO EN CUENTA CORRIENTE INDIVIDUOS DE 420000 PESOS;Provincia de Córdoba;EXENCION DE: COMISION MANTENIMIENTO DE CUENTA TARJ DE CREDITO, COMISION SERVICIO ANUAL RENOVACION TARJETAS DE CREDITO, COMISION MANTENIMIENTO C/A EN DOLARES, COMISION MANTENIMIENTO DE CTA CTE, COMISION ALTA DE ACUERDO, PRESTAMO PERSONAL PREACORDADO SUJETO A POLITICA DE CREDITO CON TASA PREFERENCIAL, PUNTOS PAMPA CLUB, DESCUBIERTO EN CTA CTE DE 420000 PESOS.
45056;MONTEMAR COMPAÑIA FINANCIERA S.A.;2026-03-13;PAQUETE CUENTA MONTEMAR PLUS BLACK;CUENTA MTM PLUS BLACK;193664,80;0;12;75;Personas humanas en relación de dependencia;Básico;TARJETA DE CREDITO MONTEMAR - CAJA DE AHORRO EN PESOS Y DOLARES - TARJETA DE CREDITO MASTERCARD BLACK- TARJETA DE DEBITO;Provincia de Córdoba;TASA PREFERENCIAL DEPOSITOS A PLAZO FIJO INTRANSFERIBLE EN PESOS - TASA BONIFICADAS PRESTAMOS PERSONALES - PROGRAMA DE BENEFICIOS PREMIA O LOS ANDES PASS - ASISTENCIA MONTEMAR TRANQUI BONIFICADO - DESCUENTO EN SEGUROS DE SAN CRISTOBAL 
93;BANCO DE LA PAMPA SA;2026-03-20;PAQUETE 2 DORADO;PAQ 2;35000,00;900000;24;83;Personas humanas Monotributistas;Premium gold;TARJETA CALDEN MASTERCARD GOLD Y/O CALDEN VISA GOLD, CAJA DE AHORRO EN DOLARES, CUENTA CORRIENTE INDIVIDUOS, DESCUBIERTO EN CTA CTE DE 70000 PESOS;Provincia de Córdoba;EXENCION DE: COMISION MANTENIMIENTO DE CUENTA TARJ DE CREDITO, COMISION SERV ANUAL RENOVACION TARJ DE CREDITO, COMISION MANTENIMIENTO C/A EN DOLARES, COMISION MANTENIMIENTO DE CTA CTE. PREST PERSONAL PREACORDADO SUJETO A POLITICA DE CREDITO CON TASA PREFERENCIAL, PUNTOS PAMPA CLUB, DESCUBIERTO EN CTA CTE DE 70000 PESOS
93;BANCO DE LA PAMPA SA;2026-03-20;PAQUETE 1 INTERNACIONAL;PAQ 1;23000,00;380000;12;83;Empleados públicos;Básico;TARJETA CALDEN MASTERCARD INTERNACIONAL Y/O CALDEN VISA INTERNACIONAL, CAJA DE AHORRO EN DOLARES;Provincia de Córdoba;EXENCION DE: COMISION MANTENIMIENTO DE CUENTA TARJ DE CREDITO,  COMISION SERVICIO ANUAL RENOVACION TARJ DE CREDITO, COMISION MANTENIMIENTO C/A EN DOLARES. PREST PERSONAL PREACORDADO SUJETO A POLITICA DE CREDITO CON TASA PREFERENCIAL, PUNTOS PAMPA CLUB
93;BANCO DE LA PAMPA SA;2026-03-20;PAQUETE 2 DORADO;PAQ 2;35000,00;900000;12;83;Clientes con cuenta en la entidad;Premium gold;TARJETA CALDEN MASTERCARD GOLD Y/O CALDEN VISA GOLD, CAJA DE AHORRO EN DOLARES, CUENTA CORRIENTE INDIVIDUOS, DESCUBIERTO EN CTA CTE DE 70000 PESOS;Provincia de Córdoba;EXENCION DE: COMISION MANTENIMIENTO DE CUENTA TARJ DE CREDITO, COMISION SERV ANUAL RENOVACION TARJ DE CREDITO, COMISION MANTENIMIENTO C/A EN DOLARES, COMISION MANTENIMIENTO DE CTA CTE. PREST PERSONAL PREACORDADO SUJETO A POLITICA DE CREDITO CON TASA PREFERENCIAL, PUNTOS PAMPA CLUB, DESCUBIERTO EN CTA CTE DE 70000 PESOS
45056;MONTEMAR COMPAÑIA FINANCIERA S.A.;2026-03-13;PAQUETE CUENTA MONTEMAR PLUS ORO;CUENTA MTM PLUS ORO;108429,02;0;12;75;Empleados públicos;Básico;TARJETA DE CREDITO MONTEMAR - CAJA DE AHORRO EN PESOS Y DOLARES - TARJETA DE CREDITO MASTERCARD GOLD- TARJETA DE DEBITO;Provincia de Córdoba;TASA PREFERENCIAL DEPOSITOS A PLAZO FIJO INTRANSFERIBLE EN PESOS - TASA BONIFICADAS PRESTAMOS PERSONALES - PROGRAMA DE BENEFICIOS PREMIA O LOS ANDES PASS - ASISTENCIA MONTEMAR TRANQUI BONIFICADO - DESCUENTO EN SEGUROS DE SAN CRISTOBAL 
93;BANCO DE LA PAMPA SA;2026-03-20;PAQUETE 2 DORADO;PAQ 2;35000,00;900000;12;83;Personas humanas en relación de dependencia;Premium gold;TARJETA CALDEN MASTERCARD GOLD Y/O CALDEN VISA GOLD, CAJA DE AHORRO EN DOLARES, CUENTA CORRIENTE INDIVIDUOS, DESCUBIERTO EN CTA CTE DE 70000 PESOS;Provincia de Córdoba;EXENCION DE: COMISION MANTENIMIENTO DE CUENTA TARJ DE CREDITO, COMISION SERV ANUAL RENOVACION TARJ DE CREDITO, COMISION MANTENIMIENTO C/A EN DOLARES, COMISION MANTENIMIENTO DE CTA CTE. PREST PERSONAL PREACORDADO SUJETO A POLITICA DE CREDITO CON TASA PREFERENCIAL, PUNTOS PAMPA CLUB, DESCUBIERTO EN CTA CTE DE 70000 PESOS
45056;MONTEMAR COMPAÑIA FINANCIERA S.A.;2026-03-13;PAQUETE CUENTA SUELDO PLUS;CUENTA MTM SUELDO PLUS;75569,98;0;12;75;Personas humanas Monotributistas;Básico;TARJETA DE CREDITO MONTEMAR - CAJA DE AHORRO EN PESOS Y DOLARES - TARJETA DE CREDITO MASTERCARD - TARJETA DE DEBITO;Provincia de Córdoba;TASA PREFERENCIAL DEPOSITOS A PLAZO FIJO INTRANSFERIBLE EN PESOS - TASA BONIFICADAS PRESTAMOS PERSONALES - PROGRAMA DE BENEFICIOS PREMIA O LOS ANDES PASS - ASISTENCIA MONTEMAR TRANQUI BONIFICADO - DESCUENTO EN SEGUROS DE SAN CRISTOBAL - DESCUENTO PLUS
45056;MONTEMAR COMPAÑIA FINANCIERA S.A.;2026-03-13;PAQUETE CUENTA MONTEMAR I;CUENTA MONTEMAR I;20112,41;0;12;75;Empleados públicos;Básico;TARJETA DE CREDITO MONTEMAR - CAJA DE AHORRO EN PESOS Y DOLARES;Provincia de Córdoba;TASA PREFERENCIAL DEPOSITOS A PLAZO FIJO INTRANSFERIBLE EN PESOS - TASA BONIFICADAS PRESTAMOS PERSONALES - SE COBRA ANUALMENTE 241348,92
93;BANCO DE LA PAMPA SA;2026-03-20;PAQUETE 1 INTERNACIONAL;PAQ 1;23000,00;380000;6;83;Beneficiarios de cuentas de          Seguridad Social;Básico;TARJETA CALDEN MASTERCARD INTERNACIONAL Y/O CALDEN VISA INTERNACIONAL, CAJA DE AHORRO EN DOLARES;Provincia de Córdoba;EXENCION DE: COMISION MANTENIMIENTO DE CUENTA TARJ DE CREDITO,  COMISION SERVICIO ANUAL RENOVACION TARJ DE CREDITO, COMISION MANTENIMIENTO C/A EN DOLARES. PREST PERSONAL PREACORDADO SUJETO A POLITICA DE CREDITO CON TASA PREFERENCIAL, PUNTOS PAMPA CLUB
45056;MONTEMAR COMPAÑIA FINANCIERA S.A.;2026-03-13;PAQUETE CUENTA MONTEMAR I;CUENTA MONTEMAR I;20112,41;0;12;75;Personas humanas Responsables Inscriptos;Básico;TARJETA DE CREDITO MONTEMAR - CAJA DE AHORRO EN PESOS Y DOLARES;Provincia de Córdoba;TASA PREFERENCIAL DEPOSITOS A PLAZO FIJO INTRANSFERIBLE EN PESOS - TASA BONIFICADAS PRESTAMOS PERSONALES - SE COBRA ANUALMENTE 241348,92
45056;MONTEMAR COMPAÑIA FINANCIERA S.A.;2026-03-13;PAQUETE CUENTA MONTEMAR PLUS BLACK;CUENTA MTM PLUS BLACK;193664,80;0;12;75;Empleados públicos;Básico;TARJETA DE CREDITO MONTEMAR - CAJA DE AHORRO EN PESOS Y DOLARES - TARJETA DE CREDITO MASTERCARD BLACK- TARJETA DE DEBITO;Provincia de Córdoba;TASA PREFERENCIAL DEPOSITOS A PLAZO FIJO INTRANSFERIBLE EN PESOS - TASA BONIFICADAS PRESTAMOS PERSONALES - PROGRAMA DE BENEFICIOS PREMIA O LOS ANDES PASS - ASISTENCIA MONTEMAR TRANQUI BONIFICADO - DESCUENTO EN SEGUROS DE SAN CRISTOBAL 
45056;MONTEMAR COMPAÑIA FINANCIERA S.A.;2026-03-13;PAQUETE CUENTA SUELDO PLUS;CUENTA MTM SUELDO PLUS;75569,98;0;12;75;Clientes que acrediten sueldos en la entidad;Básico;TARJETA DE CREDITO MONTEMAR - CAJA DE AHORRO EN PESOS Y DOLARES - TARJETA DE CREDITO MASTERCARD - TARJETA DE DEBITO;Provincia de Córdoba;TASA PREFERENCIAL DEPOSITOS A PLAZO FIJO INTRANSFERIBLE EN PESOS - TASA BONIFICADAS PRESTAMOS PERSONALES - PROGRAMA DE BENEFICIOS PREMIA O LOS ANDES PASS - ASISTENCIA MONTEMAR TRANQUI BONIFICADO - DESCUENTO EN SEGUROS DE SAN CRISTOBAL - DESCUENTO PLUS
45056;MONTEMAR COMPAÑIA FINANCIERA S.A.;2026-03-13;PAQUETE CUENTA MONTEMAR PLUS PLATINUM;CUENTA MTM PLUS PLATINUM;153076,38;0;12;75;Personas humanas Responsables Inscriptos;Básico;TARJETA DE CREDITO MONTEMAR - CAJA DE AHORRO EN PESOS Y DOLARES - TARJETA DE CREDITO MASTERCARD PLATINUM- TARJETA DE DEBITO;Provincia de Córdoba;TASA PREFERENCIAL DEPOSITOS A PLAZO FIJO INTRANSFERIBLE EN PESOS - TASA BONIFICADAS PRESTAMOS PERSONALES - PROGRAMA DE BENEFICIOS PREMIA O LOS ANDES PASS - ASISTENCIA MONTEMAR TRANQUI BONIFICADO - DESCUENTO EN SEGUROS DE SAN CRISTOBAL 
45056;MONTEMAR COMPAÑIA FINANCIERA S.A.;2026-03-13;PAQUETE CUENTA MONTEMAR I;CUENTA MONTEMAR I;20112,41;0;12;75;Clientes que acrediten sueldos en la entidad;Básico;TARJETA DE CREDITO MONTEMAR - CAJA DE AHORRO EN PESOS Y DOLARES;Provincia de Córdoba;TASA PREFERENCIAL DEPOSITOS A PLAZO FIJO INTRANSFERIBLE EN PESOS - TASA BONIFICADAS PRESTAMOS PERSONALES - SE COBRA ANUALMENTE 241348,92
45056;MONTEMAR COMPAÑIA FINANCIERA S.A.;2026-03-13;PAQUETE CUENTA MONTEMAR PLUS BLACK;CUENTA MTM PLUS BLACK;193664,80;0;12;75;Personas humanas Responsables Inscriptos;Básico;TARJETA DE CREDITO MONTEMAR - CAJA DE AHORRO EN PESOS Y DOLARES - TARJETA DE CREDITO MASTERCARD BLACK- TARJETA DE DEBITO;Provincia de Córdoba;TASA PREFERENCIAL DEPOSITOS A PLAZO FIJO INTRANSFERIBLE EN PESOS - TASA BONIFICADAS PRESTAMOS PERSONALES - PROGRAMA DE BENEFICIOS PREMIA O LOS ANDES PASS - ASISTENCIA MONTEMAR TRANQUI BONIFICADO - DESCUENTO EN SEGUROS DE SAN CRISTOBAL 
29;BANCO DE LA CIUDAD DE BUENOS AIRES;2026-01-23;PAQUETE PRODUCTOS - CUENTA CIUDAD- CLIENTELA GENERAL;CUENTA CIUDAD;26734,00;334800;0;100;Personas humanas Responsables Inscriptos;Básico;1 CAJA DE AHORRO EN DOLARES 1 CUENTA CORRIENTE CON ACUERDO 1 TARJETA DE DEBITO 1 TARJETA DE CREDITO VISA INTERNACIONAL;Provincia de Córdoba;0
93;BANCO DE LA PAMPA SA;2026-03-20;PAQUETE 4 BLACK;PAQ 4;70000,00;5400000;24;83;Personas humanas Responsables Inscriptos;Premium signature, black o similar;TARJETA CALDEN MASTERCARD BLACK Y/O CALDEN VISA BLACK, CAJA DE AHORRO EN DOLARES, CUENTA CORRIENTE INDIVIDUOS, DESCUBIERTO EN CUENTA CORRIENTE INDIVIDUOS DE 420000 PESOS;Provincia de Córdoba;EXENCION DE: COMISION MANTENIMIENTO DE CUENTA TARJ DE CREDITO, COMISION SERVICIO ANUAL RENOVACION TARJETAS DE CREDITO, COMISION MANTENIMIENTO C/A EN DOLARES, COMISION MANTENIMIENTO DE CTA CTE, COMISION ALTA DE ACUERDO, PRESTAMO PERSONAL PREACORDADO SUJETO A POLITICA DE CREDITO CON TASA PREFERENCIAL, PUNTOS PAMPA CLUB, DESCUBIERTO EN CTA CTE DE 420000 PESOS.
93;BANCO DE LA PAMPA SA;2026-03-20;PAQUETE 1 INTERNACIONAL;PAQ 1;23000,00;380000;24;83;Personas humanas Responsables Inscriptos;Básico;TARJETA CALDEN MASTERCARD INTERNACIONAL Y/O CALDEN VISA INTERNACIONAL, CAJA DE AHORRO EN DOLARES;Provincia de Córdoba;EXENCION DE: COMISION MANTENIMIENTO DE CUENTA TARJ DE CREDITO,  COMISION SERVICIO ANUAL RENOVACION TARJ DE CREDITO, COMISION MANTENIMIENTO C/A EN DOLARES. PREST PERSONAL PREACORDADO SUJETO A POLITICA DE CREDITO CON TASA PREFERENCIAL, PUNTOS PAMPA CLUB
45056;MONTEMAR COMPAÑIA FINANCIERA S.A.;2026-03-13;PAQUETE CUENTA SUELDO PLUS;CUENTA MTM SUELDO PLUS;75569,98;0;12;75;Personas humanas Responsables Inscriptos;Básico;TARJETA DE CREDITO MONTEMAR - CAJA DE AHORRO EN PESOS Y DOLARES - TARJETA DE CREDITO MASTERCARD - TARJETA DE DEBITO;Provincia de Córdoba;TASA PREFERENCIAL DEPOSITOS A PLAZO FIJO INTRANSFERIBLE EN PESOS - TASA BONIFICADAS PRESTAMOS PERSONALES - PROGRAMA DE BENEFICIOS PREMIA O LOS ANDES PASS - ASISTENCIA MONTEMAR TRANQUI BONIFICADO - DESCUENTO EN SEGUROS DE SAN CRISTOBAL - DESCUENTO PLUS
45056;MONTEMAR COMPAÑIA FINANCIERA S.A.;2026-03-13;PAQUETE CUENTA MONTEMAR PLUS;CUENTA MTM PLUS;79348,47;0;12;75;Clientes con cuenta en la entidad;Básico;TARJETA DE CREDITO MONTEMAR - CAJA DE AHORRO EN PESOS Y DOLARES - TARJETA DE CREDITO MASTERCARD INTERNACIONAL - TARJETA DE DEBITO;Provincia de Córdoba;TASA PREFERENCIAL DEPOSITOS A PLAZO FIJO INTRANSFERIBLE EN PESOS - TASA BONIFICADAS PRESTAMOS PERSONALES - PROGRAMA DE BENEFICIOS PREMIA O LOS ANDES PASS - ASISTENCIA MONTEMAR TRANQUI BONIFICADO - DESCUENTO EN SEGUROS DE SAN CRISTOBAL 
20;BANCO DE LA PROVINCIA DE CORDOBA S.A.;2025-09-18;PAQUETE MUNDO BANCOR INTERNACIONAL;MUNDO BANCOR INTERNACIONA;14000,00;635600;6;81;Clientes que acrediten sueldos en la entidad;Básico;CAJA DE AHORRO EN DOLARES, CUENTA ADELANTO DE HABERES, TARJETA DE CREDITO CORDOBESA MASTERCARD, TARJETA DE CREDITO CORDOBESA VISA, CUENTA INVERSION;Provincia de Córdoba;
45056;MONTEMAR COMPAÑIA FINANCIERA S.A.;2026-03-13;PAQUETE CUENTA MONTEMAR II;CUENTA MONTEMAR II;26816,52;0;12;75;Clientes que acrediten sueldos en la entidad;Básico;TARJETA DE CREDITO MONTEMAR - CAJA DE AHORRO EN PESOS Y DOLARES;Provincia de Córdoba;TASA PREFERENCIAL DEPOSITOS A PLAZO FIJO INTRANSFERIBLE EN PESOS - TASA BONIFICADAS PRESTAMOS PERSONALES  CON GARANTIA REAL- SE COBRA ANUALMENTE 321798,18
29;BANCO DE LA CIUDAD DE BUENOS AIRES;2026-01-23;PAQUETE PRODUCTOS - CUENTA CIUDAD- CLIENTELA GENERAL;CUENTA CIUDAD;26734,00;334800;0;100;Clientes que acrediten sueldos en la entidad;Básico;1 CAJA DE AHORRO EN DOLARES 1 CUENTA CORRIENTE CON ACUERDO 1 TARJETA DE DEBITO 1 TARJETA DE CREDITO VISA INTERNACIONAL;Provincia de Córdoba;0
45056;MONTEMAR COMPAÑIA FINANCIERA S.A.;2026-03-13;PAQUETE CUENTA MONTEMAR PLUS BLACK;CUENTA MTM PLUS BLACK;193664,80;0;12;75;Clientes con cuenta en la entidad;Básico;TARJETA DE CREDITO MONTEMAR - CAJA DE AHORRO EN PESOS Y DOLARES - TARJETA DE CREDITO MASTERCARD BLACK- TARJETA DE DEBITO;Provincia de Córdoba;TASA PREFERENCIAL DEPOSITOS A PLAZO FIJO INTRANSFERIBLE EN PESOS - TASA BONIFICADAS PRESTAMOS PERSONALES - PROGRAMA DE BENEFICIOS PREMIA O LOS ANDES PASS - ASISTENCIA MONTEMAR TRANQUI BONIFICADO - DESCUENTO EN SEGUROS DE SAN CRISTOBAL 
29;BANCO DE LA CIUDAD DE BUENOS AIRES;2026-01-23;PAQUETE PRODUCTOS - CUENTA CIUDAD- CLIENTELA GENERAL;CUENTA CIUDAD;26734,00;334800;0;100;Beneficiarios de cuentas de          Seguridad Social;Básico;1 CAJA DE AHORRO EN DOLARES 1 CUENTA CORRIENTE CON ACUERDO 1 TARJETA DE DEBITO 1 TARJETA DE CREDITO VISA INTERNACIONAL;Provincia de Córdoba;0
93;BANCO DE LA PAMPA SA;2026-03-20;PAQUETE 1 INTERNACIONAL;PAQ 1;23000,00;380000;6;83;Clientes que acrediten sueldos en la entidad;Básico;TARJETA CALDEN MASTERCARD INTERNACIONAL Y/O CALDEN VISA INTERNACIONAL, CAJA DE AHORRO EN DOLARES;Provincia de Córdoba;EXENCION DE: COMISION MANTENIMIENTO DE CUENTA TARJ DE CREDITO,  COMISION SERVICIO ANUAL RENOVACION TARJ DE CREDITO, COMISION MANTENIMIENTO C/A EN DOLARES. PREST PERSONAL PREACORDADO SUJETO A POLITICA DE CREDITO CON TASA PREFERENCIAL, PUNTOS PAMPA CLUB
45056;MONTEMAR COMPAÑIA FINANCIERA S.A.;2026-03-13;PAQUETE CUENTA MONTEMAR PLUS ORO;CUENTA MTM PLUS ORO;108429,02;0;12;75;Clientes con cuenta en la entidad;Básico;TARJETA DE CREDITO MONTEMAR - CAJA DE AHORRO EN PESOS Y DOLARES - TARJETA DE CREDITO MASTERCARD GOLD- TARJETA DE DEBITO;Provincia de Córdoba;TASA PREFERENCIAL DEPOSITOS A PLAZO FIJO INTRANSFERIBLE EN PESOS - TASA BONIFICADAS PRESTAMOS PERSONALES - PROGRAMA DE BENEFICIOS PREMIA O LOS ANDES PASS - ASISTENCIA MONTEMAR TRANQUI BONIFICADO - DESCUENTO EN SEGUROS DE SAN CRISTOBAL 
45056;MONTEMAR COMPAÑIA FINANCIERA S.A.;2026-03-13;PAQUETE CUENTA SUELDO PLUS;CUENTA MTM SUELDO PLUS;75569,98;0;12;75;Clientes con cuenta en la entidad;Básico;TARJETA DE CREDITO MONTEMAR - CAJA DE AHORRO EN PESOS Y DOLARES - TARJETA DE CREDITO MASTERCARD - TARJETA DE DEBITO;Provincia de Córdoba;TASA PREFERENCIAL DEPOSITOS A PLAZO FIJO INTRANSFERIBLE EN PESOS - TASA BONIFICADAS PRESTAMOS PERSONALES - PROGRAMA DE BENEFICIOS PREMIA O LOS ANDES PASS - ASISTENCIA MONTEMAR TRANQUI BONIFICADO - DESCUENTO EN SEGUROS DE SAN CRISTOBAL - DESCUENTO PLUS
45056;MONTEMAR COMPAÑIA FINANCIERA S.A.;2026-03-13;PAQUETE CUENTA MONTEMAR PLUS PLATINUM;CUENTA MTM PLUS PLATINUM;153076,38;0;12;75;Clientes que acrediten sueldos en la entidad;Básico;TARJETA DE CREDITO MONTEMAR - CAJA DE AHORRO EN PESOS Y DOLARES - TARJETA DE CREDITO MASTERCARD PLATINUM- TARJETA DE DEBITO;Provincia de Córdoba;TASA PREFERENCIAL DEPOSITOS A PLAZO FIJO INTRANSFERIBLE EN PESOS - TASA BONIFICADAS PRESTAMOS PERSONALES - PROGRAMA DE BENEFICIOS PREMIA O LOS ANDES PASS - ASISTENCIA MONTEMAR TRANQUI BONIFICADO - DESCUENTO EN SEGUROS DE SAN CRISTOBAL 
45056;MONTEMAR COMPAÑIA FINANCIERA S.A.;2026-03-13;PAQUETE CUENTA MONTEMAR II;CUENTA MONTEMAR II;26816,52;0;12;75;Clientes con cuenta en la entidad;Básico;TARJETA DE CREDITO MONTEMAR - CAJA DE AHORRO EN PESOS Y DOLARES;Provincia de Córdoba;TASA PREFERENCIAL DEPOSITOS A PLAZO FIJO INTRANSFERIBLE EN PESOS - TASA BONIFICADAS PRESTAMOS PERSONALES  CON GARANTIA REAL- SE COBRA ANUALMENTE 321798,18
93;BANCO DE LA PAMPA SA;2026-03-20;PAQUETE 4 BLACK;PAQ 4;70000,00;5400000;6;83;Beneficiarios de cuentas de          Seguridad Social;Premium signature, black o similar;TARJETA CALDEN MASTERCARD BLACK Y/O CALDEN VISA BLACK, CAJA DE AHORRO EN DOLARES, CUENTA CORRIENTE INDIVIDUOS, DESCUBIERTO EN CUENTA CORRIENTE INDIVIDUOS DE 420000 PESOS;Provincia de Córdoba;EXENCION DE: COMISION MANTENIMIENTO DE CUENTA TARJ DE CREDITO, COMISION SERVICIO ANUAL RENOVACION TARJETAS DE CREDITO, COMISION MANTENIMIENTO C/A EN DOLARES, COMISION MANTENIMIENTO DE CTA CTE, COMISION ALTA DE ACUERDO, PRESTAMO PERSONAL PREACORDADO SUJETO A POLITICA DE CREDITO CON TASA PREFERENCIAL, PUNTOS PAMPA CLUB, DESCUBIERTO EN CTA CTE DE 420000 PESOS.
93;BANCO DE LA PAMPA SA;2026-03-20;PAQUETE 4 BLACK;PAQ 4;70000,00;5400000;12;83;Personas humanas en relación de dependencia;Premium signature, black o similar;TARJETA CALDEN MASTERCARD BLACK Y/O CALDEN VISA BLACK, CAJA DE AHORRO EN DOLARES, CUENTA CORRIENTE INDIVIDUOS, DESCUBIERTO EN CUENTA CORRIENTE INDIVIDUOS DE 420000 PESOS;Provincia de Córdoba;EXENCION DE: COMISION MANTENIMIENTO DE CUENTA TARJ DE CREDITO, COMISION SERVICIO ANUAL RENOVACION TARJETAS DE CREDITO, COMISION MANTENIMIENTO C/A EN DOLARES, COMISION MANTENIMIENTO DE CTA CTE, COMISION ALTA DE ACUERDO, PRESTAMO PERSONAL PREACORDADO SUJETO A POLITICA DE CREDITO CON TASA PREFERENCIAL, PUNTOS PAMPA CLUB, DESCUBIERTO EN CTA CTE DE 420000 PESOS.
45056;MONTEMAR COMPAÑIA FINANCIERA S.A.;2026-03-13;PAQUETE CUENTA MONTEMAR PLUS PLATINUM;CUENTA MTM PLUS PLATINUM;153076,38;0;12;75;Clientes con cuenta en la entidad;Básico;TARJETA DE CREDITO MONTEMAR - CAJA DE AHORRO EN PESOS Y DOLARES - TARJETA DE CREDITO MASTERCARD PLATINUM- TARJETA DE DEBITO;Provincia de Córdoba;TASA PREFERENCIAL DEPOSITOS A PLAZO FIJO INTRANSFERIBLE EN PESOS - TASA BONIFICADAS PRESTAMOS PERSONALES - PROGRAMA DE BENEFICIOS PREMIA O LOS ANDES PASS - ASISTENCIA MONTEMAR TRANQUI BONIFICADO - DESCUENTO EN SEGUROS DE SAN CRISTOBAL 
29;BANCO DE LA CIUDAD DE BUENOS AIRES;2026-01-23;PAQUETE PRODUCTOS - CUENTA CIUDAD- CLIENTELA GENERAL;CUENTA CIUDAD;26734,00;334800;0;100;Clientes con cuenta en la entidad;Básico;1 CAJA DE AHORRO EN DOLARES 1 CUENTA CORRIENTE CON ACUERDO 1 TARJETA DE DEBITO 1 TARJETA DE CREDITO VISA INTERNACIONAL;Provincia de Córdoba;0
93;BANCO DE LA PAMPA SA;2026-03-20;PAQUETE 1 INTERNACIONAL;PAQ 1;23000,00;380000;12;83;Clientes con cuenta en la entidad;Básico;TARJETA CALDEN MASTERCARD INTERNACIONAL Y/O CALDEN VISA INTERNACIONAL, CAJA DE AHORRO EN DOLARES;Provincia de Córdoba;EXENCION DE: COMISION MANTENIMIENTO DE CUENTA TARJ DE CREDITO,  COMISION SERVICIO ANUAL RENOVACION TARJ DE CREDITO, COMISION MANTENIMIENTO C/A EN DOLARES. PREST PERSONAL PREACORDADO SUJETO A POLITICA DE CREDITO CON TASA PREFERENCIAL, PUNTOS PAMPA CLUB
29;BANCO DE LA CIUDAD DE BUENOS AIRES;2026-01-23;PAQUETE PRODUCTOS - CUENTA CIUDAD- CLIENTELA GENERAL;CUENTA CIUDAD;26734,00;334800;0;100;Personas humanas en relación de dependencia;Básico;1 CAJA DE AHORRO EN DOLARES 1 CUENTA CORRIENTE CON ACUERDO 1 TARJETA DE DEBITO 1 TARJETA DE CREDITO VISA INTERNACIONAL;Provincia de Córdoba;0
45056;MONTEMAR COMPAÑIA FINANCIERA S.A.;2026-03-13;PAQUETE CUENTA MONTEMAR PLUS;CUENTA MTM PLUS;79348,47;0;12;75;Clientes que acrediten sueldos en la entidad;Básico;TARJETA DE CREDITO MONTEMAR - CAJA DE AHORRO EN PESOS Y DOLARES - TARJETA DE CREDITO MASTERCARD INTERNACIONAL - TARJETA DE DEBITO;Provincia de Córdoba;TASA PREFERENCIAL DEPOSITOS A PLAZO FIJO INTRANSFERIBLE EN PESOS - TASA BONIFICADAS PRESTAMOS PERSONALES - PROGRAMA DE BENEFICIOS PREMIA O LOS ANDES PASS - ASISTENCIA MONTEMAR TRANQUI BONIFICADO - DESCUENTO EN SEGUROS DE SAN CRISTOBAL 
45056;MONTEMAR COMPAÑIA FINANCIERA S.A.;2026-03-13;PAQUETE CUENTA MONTEMAR II;CUENTA MONTEMAR II;26816,52;0;12;75;Empleados públicos;Básico;TARJETA DE CREDITO MONTEMAR - CAJA DE AHORRO EN PESOS Y DOLARES;Provincia de Córdoba;TASA PREFERENCIAL DEPOSITOS A PLAZO FIJO INTRANSFERIBLE EN PESOS - TASA BONIFICADAS PRESTAMOS PERSONALES  CON GARANTIA REAL- SE COBRA ANUALMENTE 321798,18
45056;MONTEMAR COMPAÑIA FINANCIERA S.A.;2026-03-13;PAQUETE CUENTA MONTEMAR PLUS ORO;CUENTA MTM PLUS ORO;108429,02;0;12;75;Personas humanas Monotributistas;Básico;TARJETA DE CREDITO MONTEMAR - CAJA DE AHORRO EN PESOS Y DOLARES - TARJETA DE CREDITO MASTERCARD GOLD- TARJETA DE DEBITO;Provincia de Córdoba;TASA PREFERENCIAL DEPOSITOS A PLAZO FIJO INTRANSFERIBLE EN PESOS - TASA BONIFICADAS PRESTAMOS PERSONALES - PROGRAMA DE BENEFICIOS PREMIA O LOS ANDES PASS - ASISTENCIA MONTEMAR TRANQUI BONIFICADO - DESCUENTO EN SEGUROS DE SAN CRISTOBAL 
45056;MONTEMAR COMPAÑIA FINANCIERA S.A.;2026-03-13;PAQUETE CUENTA MONTEMAR PLUS ORO;CUENTA MTM PLUS ORO;108429,02;0;12;75;Personas humanas en relación de dependencia;Básico;TARJETA DE CREDITO MONTEMAR - CAJA DE AHORRO EN PESOS Y DOLARES - TARJETA DE CREDITO MASTERCARD GOLD- TARJETA DE DEBITO;Provincia de Córdoba;TASA PREFERENCIAL DEPOSITOS A PLAZO FIJO INTRANSFERIBLE EN PESOS - TASA BONIFICADAS PRESTAMOS PERSONALES - PROGRAMA DE BENEFICIOS PREMIA O LOS ANDES PASS - ASISTENCIA MONTEMAR TRANQUI BONIFICADO - DESCUENTO EN SEGUROS DE SAN CRISTOBAL 
45056;MONTEMAR COMPAÑIA FINANCIERA S.A.;2026-03-13;PAQUETE CUENTA MONTEMAR PLUS;CUENTA MTM PLUS;79348,47;0;12;75;Personas humanas en relación de dependencia;Básico;TARJETA DE CREDITO MONTEMAR - CAJA DE AHORRO EN PESOS Y DOLARES - TARJETA DE CREDITO MASTERCARD INTERNACIONAL - TARJETA DE DEBITO;Provincia de Córdoba;TASA PREFERENCIAL DEPOSITOS A PLAZO FIJO INTRANSFERIBLE EN PESOS - TASA BONIFICADAS PRESTAMOS PERSONALES - PROGRAMA DE BENEFICIOS PREMIA O LOS ANDES PASS - ASISTENCIA MONTEMAR TRANQUI BONIFICADO - DESCUENTO EN SEGUROS DE SAN CRISTOBAL 
93;BANCO DE LA PAMPA SA;2026-03-20;PAQUETE 3 PLATINO;PAQ 3;52000,00;2250000;6;83;Clientes que acrediten sueldos en la entidad;Premium platinum;TARJETA CALDEN MASTERCARD PLATINUM Y/O CALDEN VISA PLATINUM, CAJA DE AHORRO EN DOLARES, CUENTA CORRIENTE INDIVIDUOS, DESCUBIERTO EN CUENTA CORRIENTE INDIVIDUOS DE 175000 PESOS;Provincia de Córdoba;EXENCION DE: COMISION MANTENIMIENTO DE CUENTA TARJ DE CREDITO, COMISION SERV ANUAL RENOVACION TARJ DE CREDITO, COMISION MANTENIMIENTO C/A EN DOLARES, COMISION MANTENIMIENTO DE CTA CTE, COMISION ALTA DE ACUERDO. PREST PERSONAL PREACORDADO SUJETO A POLITICA DE CREDITO CON TASA PREFERENCIAL, PUNTOS PAMPA CLUB, DESCUBIERTO EN CTA CTE DE 175000 PESOS.
45056;MONTEMAR COMPAÑIA FINANCIERA S.A.;2026-03-13;PAQUETE CUENTA MONTEMAR II;CUENTA MONTEMAR II;26816,52;0;12;75;Personas humanas en relación de dependencia;Básico;TARJETA DE CREDITO MONTEMAR - CAJA DE AHORRO EN PESOS Y DOLARES;Provincia de Córdoba;TASA PREFERENCIAL DEPOSITOS A PLAZO FIJO INTRANSFERIBLE EN PESOS - TASA BONIFICADAS PRESTAMOS PERSONALES  CON GARANTIA REAL- SE COBRA ANUALMENTE 321798,18
93;BANCO DE LA PAMPA SA;2026-03-20;PAQUETE 4 BLACK;PAQ 4;70000,00;5400000;12;83;Clientes con cuenta en la entidad;Premium signature, black o similar;TARJETA CALDEN MASTERCARD BLACK Y/O CALDEN VISA BLACK, CAJA DE AHORRO EN DOLARES, CUENTA CORRIENTE INDIVIDUOS, DESCUBIERTO EN CUENTA CORRIENTE INDIVIDUOS DE 420000 PESOS;Provincia de Córdoba;EXENCION DE: COMISION MANTENIMIENTO DE CUENTA TARJ DE CREDITO, COMISION SERVICIO ANUAL RENOVACION TARJETAS DE CREDITO, COMISION MANTENIMIENTO C/A EN DOLARES, COMISION MANTENIMIENTO DE CTA CTE, COMISION ALTA DE ACUERDO, PRESTAMO PERSONAL PREACORDADO SUJETO A POLITICA DE CREDITO CON TASA PREFERENCIAL, PUNTOS PAMPA CLUB, DESCUBIERTO EN CTA CTE DE 420000 PESOS.
45056;MONTEMAR COMPAÑIA FINANCIERA S.A.;2026-03-13;PAQUETE CUENTA MONTEMAR PLUS ORO;CUENTA MTM PLUS ORO;108429,02;0;12;75;Personas humanas Responsables Inscriptos;Básico;TARJETA DE CREDITO MONTEMAR - CAJA DE AHORRO EN PESOS Y DOLARES - TARJETA DE CREDITO MASTERCARD GOLD- TARJETA DE DEBITO;Provincia de Córdoba;TASA PREFERENCIAL DEPOSITOS A PLAZO FIJO INTRANSFERIBLE EN PESOS - TASA BONIFICADAS PRESTAMOS PERSONALES - PROGRAMA DE BENEFICIOS PREMIA O LOS ANDES PASS - ASISTENCIA MONTEMAR TRANQUI BONIFICADO - DESCUENTO EN SEGUROS DE SAN CRISTOBAL 
45056;MONTEMAR COMPAÑIA FINANCIERA S.A.;2026-03-13;PAQUETE CUENTA MONTEMAR PLUS;CUENTA MTM PLUS;79348,47;0;12;75;Personas humanas Responsables Inscriptos;Básico;TARJETA DE CREDITO MONTEMAR - CAJA DE AHORRO EN PESOS Y DOLARES - TARJETA DE CREDITO MASTERCARD INTERNACIONAL - TARJETA DE DEBITO;Provincia de Córdoba;TASA PREFERENCIAL DEPOSITOS A PLAZO FIJO INTRANSFERIBLE EN PESOS - TASA BONIFICADAS PRESTAMOS PERSONALES - PROGRAMA DE BENEFICIOS PREMIA O LOS ANDES PASS - ASISTENCIA MONTEMAR TRANQUI BONIFICADO - DESCUENTO EN SEGUROS DE SAN CRISTOBAL 
93;BANCO DE LA PAMPA SA;2026-03-20;PAQUETE 3 PLATINO;PAQ 3;52000,00;2250000;6;83;Beneficiarios de cuentas de          Seguridad Social;Premium platinum;TARJETA CALDEN MASTERCARD PLATINUM Y/O CALDEN VISA PLATINUM, CAJA DE AHORRO EN DOLARES, CUENTA CORRIENTE INDIVIDUOS, DESCUBIERTO EN CUENTA CORRIENTE INDIVIDUOS DE 175000 PESOS;Provincia de Córdoba;EXENCION DE: COMISION MANTENIMIENTO DE CUENTA TARJ DE CREDITO, COMISION SERV ANUAL RENOVACION TARJ DE CREDITO, COMISION MANTENIMIENTO C/A EN DOLARES, COMISION MANTENIMIENTO DE CTA CTE, COMISION ALTA DE ACUERDO. PREST PERSONAL PREACORDADO SUJETO A POLITICA DE CREDITO CON TASA PREFERENCIAL, PUNTOS PAMPA CLUB, DESCUBIERTO EN CTA CTE DE 175000 PESOS.
45056;MONTEMAR COMPAÑIA FINANCIERA S.A.;2026-03-13;PAQUETE CUENTA MONTEMAR PLUS BLACK;CUENTA MTM PLUS BLACK;193664,80;0;12;75;Personas humanas Monotributistas;Básico;TARJETA DE CREDITO MONTEMAR - CAJA DE AHORRO EN PESOS Y DOLARES - TARJETA DE CREDITO MASTERCARD BLACK- TARJETA DE DEBITO;Provincia de Córdoba;TASA PREFERENCIAL DEPOSITOS A PLAZO FIJO INTRANSFERIBLE EN PESOS - TASA BONIFICADAS PRESTAMOS PERSONALES - PROGRAMA DE BENEFICIOS PREMIA O LOS ANDES PASS - ASISTENCIA MONTEMAR TRANQUI BONIFICADO - DESCUENTO EN SEGUROS DE SAN CRISTOBAL 
93;BANCO DE LA PAMPA SA;2026-03-20;PAQUETE 3 PLATINO;PAQ 3;52000,00;2250000;12;83;Clientes con cuenta en la entidad;Premium platinum;TARJETA CALDEN MASTERCARD PLATINUM Y/O CALDEN VISA PLATINUM, CAJA DE AHORRO EN DOLARES, CUENTA CORRIENTE INDIVIDUOS, DESCUBIERTO EN CUENTA CORRIENTE INDIVIDUOS DE 175000 PESOS;Provincia de Córdoba;EXENCION DE: COMISION MANTENIMIENTO DE CUENTA TARJ DE CREDITO, COMISION SERV ANUAL RENOVACION TARJ DE CREDITO, COMISION MANTENIMIENTO C/A EN DOLARES, COMISION MANTENIMIENTO DE CTA CTE, COMISION ALTA DE ACUERDO. PREST PERSONAL PREACORDADO SUJETO A POLITICA DE CREDITO CON TASA PREFERENCIAL, PUNTOS PAMPA CLUB, DESCUBIERTO EN CTA CTE DE 175000 PESOS.
93;BANCO DE LA PAMPA SA;2026-03-20;PAQUETE 4 BLACK;PAQ 4;70000,00;5400000;12;83;Empleados públicos;Premium signature, black o similar;TARJETA CALDEN MASTERCARD BLACK Y/O CALDEN VISA BLACK, CAJA DE AHORRO EN DOLARES, CUENTA CORRIENTE INDIVIDUOS, DESCUBIERTO EN CUENTA CORRIENTE INDIVIDUOS DE 420000 PESOS;Provincia de Córdoba;EXENCION DE: COMISION MANTENIMIENTO DE CUENTA TARJ DE CREDITO, COMISION SERVICIO ANUAL RENOVACION TARJETAS DE CREDITO, COMISION MANTENIMIENTO C/A EN DOLARES, COMISION MANTENIMIENTO DE CTA CTE, COMISION ALTA DE ACUERDO, PRESTAMO PERSONAL PREACORDADO SUJETO A POLITICA DE CREDITO CON TASA PREFERENCIAL, PUNTOS PAMPA CLUB, DESCUBIERTO EN CTA CTE DE 420000 PESOS.
93;BANCO DE LA PAMPA SA;2026-03-20;PAQUETE 3 PLATINO;PAQ 3;52000,00;2250000;12;83;Personas humanas en relación de dependencia;Premium platinum;TARJETA CALDEN MASTERCARD PLATINUM Y/O CALDEN VISA PLATINUM, CAJA DE AHORRO EN DOLARES, CUENTA CORRIENTE INDIVIDUOS, DESCUBIERTO EN CUENTA CORRIENTE INDIVIDUOS DE 175000 PESOS;Provincia de Córdoba;EXENCION DE: COMISION MANTENIMIENTO DE CUENTA TARJ DE CREDITO, COMISION SERV ANUAL RENOVACION TARJ DE CREDITO, COMISION MANTENIMIENTO C/A EN DOLARES, COMISION MANTENIMIENTO DE CTA CTE, COMISION ALTA DE ACUERDO. PREST PERSONAL PREACORDADO SUJETO A POLITICA DE CREDITO CON TASA PREFERENCIAL, PUNTOS PAMPA CLUB, DESCUBIERTO EN CTA CTE DE 175000 PESOS.
45056;MONTEMAR COMPAÑIA FINANCIERA S.A.;2026-03-13;PAQUETE CUENTA MONTEMAR PLUS ORO;CUENTA MTM PLUS ORO;108429,02;0;12;75;Clientes que acrediten sueldos en la entidad;Básico;TARJETA DE CREDITO MONTEMAR - CAJA DE AHORRO EN PESOS Y DOLARES - TARJETA DE CREDITO MASTERCARD GOLD- TARJETA DE DEBITO;Provincia de Córdoba;TASA PREFERENCIAL DEPOSITOS A PLAZO FIJO INTRANSFERIBLE EN PESOS - TASA BONIFICADAS PRESTAMOS PERSONALES - PROGRAMA DE BENEFICIOS PREMIA O LOS ANDES PASS - ASISTENCIA MONTEMAR TRANQUI BONIFICADO - DESCUENTO EN SEGUROS DE SAN CRISTOBAL 
45056;MONTEMAR COMPAÑIA FINANCIERA S.A.;2026-03-13;PAQUETE CUENTA MONTEMAR PLUS;CUENTA MTM PLUS;79348,47;0;12;75;Empleados públicos;Básico;TARJETA DE CREDITO MONTEMAR - CAJA DE AHORRO EN PESOS Y DOLARES - TARJETA DE CREDITO MASTERCARD INTERNACIONAL - TARJETA DE DEBITO;Provincia de Córdoba;TASA PREFERENCIAL DEPOSITOS A PLAZO FIJO INTRANSFERIBLE EN PESOS - TASA BONIFICADAS PRESTAMOS PERSONALES - PROGRAMA DE BENEFICIOS PREMIA O LOS ANDES PASS - ASISTENCIA MONTEMAR TRANQUI BONIFICADO - DESCUENTO EN SEGUROS DE SAN CRISTOBAL 
93;BANCO DE LA PAMPA SA;2026-03-20;PAQUETE 1 INTERNACIONAL;PAQ 1;23000,00;380000;24;83;Personas humanas Monotributistas;Básico;TARJETA CALDEN MASTERCARD INTERNACIONAL Y/O CALDEN VISA INTERNACIONAL, CAJA DE AHORRO EN DOLARES;Provincia de Córdoba;EXENCION DE: COMISION MANTENIMIENTO DE CUENTA TARJ DE CREDITO,  COMISION SERVICIO ANUAL RENOVACION TARJ DE CREDITO, COMISION MANTENIMIENTO C/A EN DOLARES. PREST PERSONAL PREACORDADO SUJETO A POLITICA DE CREDITO CON TASA PREFERENCIAL, PUNTOS PAMPA CLUB
45056;MONTEMAR COMPAÑIA FINANCIERA S.A.;2026-03-13;PAQUETE CUENTA MONTEMAR I;CUENTA MONTEMAR I;20112,41;0;12;75;Personas humanas Monotributistas;Básico;TARJETA DE CREDITO MONTEMAR - CAJA DE AHORRO EN PESOS Y DOLARES;Provincia de Córdoba;TASA PREFERENCIAL DEPOSITOS A PLAZO FIJO INTRANSFERIBLE EN PESOS - TASA BONIFICADAS PRESTAMOS PERSONALES - SE COBRA ANUALMENTE 241348,92
45056;MONTEMAR COMPAÑIA FINANCIERA S.A.;2026-03-13;PAQUETE CUENTA MONTEMAR PLUS BLACK;CUENTA MTM PLUS BLACK;193664,80;0;12;75;Clientes que acrediten sueldos en la entidad;Básico;TARJETA DE CREDITO MONTEMAR - CAJA DE AHORRO EN PESOS Y DOLARES - TARJETA DE CREDITO MASTERCARD BLACK- TARJETA DE DEBITO;Provincia de Córdoba;TASA PREFERENCIAL DEPOSITOS A PLAZO FIJO INTRANSFERIBLE EN PESOS - TASA BONIFICADAS PRESTAMOS PERSONALES - PROGRAMA DE BENEFICIOS PREMIA O LOS ANDES PASS - ASISTENCIA MONTEMAR TRANQUI BONIFICADO - DESCUENTO EN SEGUROS DE SAN CRISTOBAL 
45056;MONTEMAR COMPAÑIA FINANCIERA S.A.;2026-03-13;PAQUETE CUENTA MONTEMAR PLUS PLATINUM;CUENTA MTM PLUS PLATINUM;153076,38;0;12;75;Personas humanas en relación de dependencia;Básico;TARJETA DE CREDITO MONTEMAR - CAJA DE AHORRO EN PESOS Y DOLARES - TARJETA DE CREDITO MASTERCARD PLATINUM- TARJETA DE DEBITO;Provincia de Córdoba;TASA PREFERENCIAL DEPOSITOS A PLAZO FIJO INTRANSFERIBLE EN PESOS - TASA BONIFICADAS PRESTAMOS PERSONALES - PROGRAMA DE BENEFICIOS PREMIA O LOS ANDES PASS - ASISTENCIA MONTEMAR TRANQUI BONIFICADO - DESCUENTO EN SEGUROS DE SAN CRISTOBAL 
93;BANCO DE LA PAMPA SA;2026-03-20;PAQUETE 3 PLATINO;PAQ 3;52000,00;2250000;12;83;Empleados públicos;Premium platinum;TARJETA CALDEN MASTERCARD PLATINUM Y/O CALDEN VISA PLATINUM, CAJA DE AHORRO EN DOLARES, CUENTA CORRIENTE INDIVIDUOS, DESCUBIERTO EN CUENTA CORRIENTE INDIVIDUOS DE 175000 PESOS;Provincia de Córdoba;EXENCION DE: COMISION MANTENIMIENTO DE CUENTA TARJ DE CREDITO, COMISION SERV ANUAL RENOVACION TARJ DE CREDITO, COMISION MANTENIMIENTO C/A EN DOLARES, COMISION MANTENIMIENTO DE CTA CTE, COMISION ALTA DE ACUERDO. PREST PERSONAL PREACORDADO SUJETO A POLITICA DE CREDITO CON TASA PREFERENCIAL, PUNTOS PAMPA CLUB, DESCUBIERTO EN CTA CTE DE 175000 PESOS.
45056;MONTEMAR COMPAÑIA FINANCIERA S.A.;2026-03-13;PAQUETE CUENTA MONTEMAR II;CUENTA MONTEMAR II;26816,52;0;12;75;Personas humanas Monotributistas;Básico;TARJETA DE CREDITO MONTEMAR - CAJA DE AHORRO EN PESOS Y DOLARES;Provincia de Córdoba;TASA PREFERENCIAL DEPOSITOS A PLAZO FIJO INTRANSFERIBLE EN PESOS - TASA BONIFICADAS PRESTAMOS PERSONALES  CON GARANTIA REAL- SE COBRA ANUALMENTE 321798,18
45056;MONTEMAR COMPAÑIA FINANCIERA S.A.;2026-03-13;PAQUETE CUENTA MONTEMAR II;CUENTA MONTEMAR II;26816,52;0;12;75;Personas humanas Responsables Inscriptos;Básico;TARJETA DE CREDITO MONTEMAR - CAJA DE AHORRO EN PESOS Y DOLARES;Provincia de Córdoba;TASA PREFERENCIAL DEPOSITOS A PLAZO FIJO INTRANSFERIBLE EN PESOS - TASA BONIFICADAS PRESTAMOS PERSONALES  CON GARANTIA REAL- SE COBRA ANUALMENTE 321798,18
45056;MONTEMAR COMPAÑIA FINANCIERA S.A.;2026-03-13;PAQUETE CUENTA MONTEMAR PLUS PLATINUM;CUENTA MTM PLUS PLATINUM;153076,38;0;12;75;Personas humanas Monotributistas;Básico;TARJETA DE CREDITO MONTEMAR - CAJA DE AHORRO EN PESOS Y DOLARES - TARJETA DE CREDITO MASTERCARD PLATINUM- TARJETA DE DEBITO;Provincia de Córdoba;TASA PREFERENCIAL DEPOSITOS A PLAZO FIJO INTRANSFERIBLE EN PESOS - TASA BONIFICADAS PRESTAMOS PERSONALES - PROGRAMA DE BENEFICIOS PREMIA O LOS ANDES PASS - ASISTENCIA MONTEMAR TRANQUI BONIFICADO - DESCUENTO EN SEGUROS DE SAN CRISTOBAL 
93;BANCO DE LA PAMPA SA;2026-03-20;PAQUETE 3 PLATINO;PAQ 3;52000,00;2250000;24;83;Personas humanas Monotributistas;Premium platinum;TARJETA CALDEN MASTERCARD PLATINUM Y/O CALDEN VISA PLATINUM, CAJA DE AHORRO EN DOLARES, CUENTA CORRIENTE INDIVIDUOS, DESCUBIERTO EN CUENTA CORRIENTE INDIVIDUOS DE 175000 PESOS;Provincia de Córdoba;EXENCION DE: COMISION MANTENIMIENTO DE CUENTA TARJ DE CREDITO, COMISION SERV ANUAL RENOVACION TARJ DE CREDITO, COMISION MANTENIMIENTO C/A EN DOLARES, COMISION MANTENIMIENTO DE CTA CTE, COMISION ALTA DE ACUERDO. PREST PERSONAL PREACORDADO SUJETO A POLITICA DE CREDITO CON TASA PREFERENCIAL, PUNTOS PAMPA CLUB, DESCUBIERTO EN CTA CTE DE 175000 PESOS.
93;BANCO DE LA PAMPA SA;2026-03-20;PAQUETE 2 DORADO;PAQ 2;35000,00;900000;24;83;Personas humanas Responsables Inscriptos;Premium gold;TARJETA CALDEN MASTERCARD GOLD Y/O CALDEN VISA GOLD, CAJA DE AHORRO EN DOLARES, CUENTA CORRIENTE INDIVIDUOS, DESCUBIERTO EN CTA CTE DE 70000 PESOS;Provincia de Córdoba;EXENCION DE: COMISION MANTENIMIENTO DE CUENTA TARJ DE CREDITO, COMISION SERV ANUAL RENOVACION TARJ DE CREDITO, COMISION MANTENIMIENTO C/A EN DOLARES, COMISION MANTENIMIENTO DE CTA CTE. PREST PERSONAL PREACORDADO SUJETO A POLITICA DE CREDITO CON TASA PREFERENCIAL, PUNTOS PAMPA CLUB, DESCUBIERTO EN CTA CTE DE 70000 PESOS
