Código de Entidad;Descripción de Entidad;Fecha de Información;Nombre completo del Préstamo Prendario;Nombre corto del Préstamo Prendario;Denominación;Monto máximo otorgable;Monto mínimo otorgable;Plazo máximo otorgable;Ingreso mínimo mensual solicitado;Antigüedad laboral mínima (meses);Edad máxima solicitada;Relación cuota/ingreso (%);Relación monto/tasación (%);Destino de los fondos;Beneficiario;Cargo máximo por cancelación anticipada;Tasa efectiva anual máxima;Tipo de Tasa;Costo financiero efectivo total máximo;Cuota inicial a plazo máximo cada $10.000;Territorio de validez de la oferta;Más información
7;BANCO DE GALICIA Y BUENOS AIRES S.A.;2026-02-23;PRESTAMOPRENDARIO;PRENDARIO;Pesos;57000000;1000000;60;310000;3;70;40,00;45,00;Adquisición de automotores usados;Clientes con cuenta en la entidad;5,00;88,00;Fija;114,00;67929,00;Todo el territorio nacional;ANTIGUEDAD PRENDA 9 A 10 ANIOS
7;BANCO DE GALICIA Y BUENOS AIRES S.A.;2026-02-23;PRESTAMOPRENDARIOUVA;PRENDARIOUVA;UVA;57000000;1000000;60;310000;3;70;40,00;50,00;Adquisición de automotores usados;Clientes con cuenta en la entidad;5,00;36,00;Fija;45,00;38396,00;Todo el territorio nacional;ANTIGUEDAD PRENDA 7 A 8 ANIOS
7;BANCO DE GALICIA Y BUENOS AIRES S.A.;2026-02-23;PRESTAMOPERSONALPRENDARIO 2.0;PRENDARIO2.0;Pesos;57000000;1000000;60;310000;3;70;40,00;75,00;Adquisición de automotores usados;Clientes con cuenta en la entidad;4,00;88,00;Fija;114,00;67929,00;Todo el territorio nacional;ANTIGUEDAD PRENDA 2 A 3 ANIOS
7;BANCO DE GALICIA Y BUENOS AIRES S.A.;2026-02-23;PRESTAMOPERSONALPRENDARIO 2.0;PRENDARIO2.0;Pesos;57000000;1000000;60;310000;3;70;40,00;45,00;Adquisición de automotores usados;Clientes con cuenta en la entidad;4,00;88,00;Fija;114,00;67929,00;Todo el territorio nacional;ANTIGUEDAD PRENDA 9 A 10 ANIOS
7;BANCO DE GALICIA Y BUENOS AIRES S.A.;2026-02-23;PRESTAMOPRENDARIO;PRENDARIO;Pesos;57000000;1000000;60;310000;3;70;40,00;80,00;Adquisición de automotores usados;Clientes con cuenta en la entidad;5,00;88,00;Fija;114,00;67929,00;Todo el territorio nacional;ANTIGUEDAD PRENDA 1 ANIOS
7;BANCO DE GALICIA Y BUENOS AIRES S.A.;2026-02-23;PRESTAMOPRENDARIO;PRENDARIO;Pesos;57000000;1000000;60;310000;3;70;40,00;65,00;Adquisición de automotores usados;Clientes con cuenta en la entidad;5,00;88,00;Fija;114,00;67929,00;Todo el territorio nacional;ANTIGUEDAD PRENDA 4 A 6 ANIOS
7;BANCO DE GALICIA Y BUENOS AIRES S.A.;2026-02-23;PRESTAMOPRENDARIO;PRENDARIO;Pesos;57000000;1000000;60;310000;3;70;40,00;50,00;Adquisición de automotores usados;Clientes con cuenta en la entidad;5,00;88,00;Fija;114,00;67929,00;Todo el territorio nacional;ANTIGUEDAD PRENDA 7 A 8 ANIOS
7;BANCO DE GALICIA Y BUENOS AIRES S.A.;2026-02-23;PRESTAMOPRENDARIOUVA;PRENDARIOUVA;UVA;57000000;1000000;60;310000;3;70;40,00;45,00;Adquisición de automotores usados;Clientes con cuenta en la entidad;5,00;36,00;Fija;45,00;38396,00;Todo el territorio nacional;ANTIGUEDAD PRENDA 9 A 10 ANIOS
7;BANCO DE GALICIA Y BUENOS AIRES S.A.;2026-02-23;PRESTAMOPRENDARIOUVA;PRENDARIOUVA;UVA;57000000;1000000;60;310000;3;70;40,00;80,00;Adquisición automotores 0 km;Clientes con cuenta en la entidad;5,00;34,00;Fija;43,00;37604,00;Todo el territorio nacional;ANTIGUEDAD PRENDA 0
7;BANCO DE GALICIA Y BUENOS AIRES S.A.;2026-02-23;PRESTAMOPRENDARIOUVA;PRENDARIOUVA;UVA;57000000;1000000;60;310000;3;70;40,00;75,00;Adquisición de automotores usados;Clientes con cuenta en la entidad;5,00;36,00;Fija;45,00;38396,00;Todo el territorio nacional;ANTIGUEDAD PRENDA 2 A 3 ANIOS
7;BANCO DE GALICIA Y BUENOS AIRES S.A.;2026-02-23;PRESTAMOPERSONALPRENDARIO 2.0;PRENDARIO2.0;Pesos;57000000;1000000;60;310000;3;70;40,00;80,00;Adquisición de automotores usados;Clientes con cuenta en la entidad;4,00;88,00;Fija;114,00;67929,00;Todo el territorio nacional;ANTIGUEDAD PRENDA 1  ANIOS
7;BANCO DE GALICIA Y BUENOS AIRES S.A.;2026-02-23;PRESTAMOPERSONALPRENDARIO 2.0;PRENDARIO2.0;Pesos;57000000;1000000;60;310000;3;70;40,00;65,00;Adquisición de automotores usados;Clientes con cuenta en la entidad;4,00;88,00;Fija;114,00;67929,00;Todo el territorio nacional;ANTIGUEDAD PRENDA 4 A 6 ANIOS
7;BANCO DE GALICIA Y BUENOS AIRES S.A.;2026-02-23;PRESTAMOPRENDARIOUVA;PRENDARIOUVA;UVA;57000000;1000000;60;310000;3;70;40,00;65,00;Adquisición de automotores usados;Clientes con cuenta en la entidad;5,00;36,00;Fija;45,00;38396,00;Todo el territorio nacional;ANTIGUEDAD PRENDA 4 A 6 ANIOS
7;BANCO DE GALICIA Y BUENOS AIRES S.A.;2026-02-23;PRESTAMOPRENDARIO;PRENDARIO;Pesos;57000000;1000000;60;310000;3;70;40,00;75,00;Adquisición de automotores usados;Clientes con cuenta en la entidad;5,00;88,00;Fija;114,00;67929,00;Todo el territorio nacional;ANTIGUEDAD PRENDA 2 A 3 ANIOS
7;BANCO DE GALICIA Y BUENOS AIRES S.A.;2026-02-23;PRESTAMOPERSONALPRENDARIO 2.0;PRENDARIO2.0;Pesos;57000000;1000000;60;310000;3;70;40,00;80,00;Adquisición automotores 0 km;Clientes con cuenta en la entidad;4,00;80,00;Fija;102,00;63329,00;Todo el territorio nacional;ANTIGUEDAD PRENDA 0
7;BANCO DE GALICIA Y BUENOS AIRES S.A.;2026-02-23;PRESTAMOPERSONALPRENDARIO 2.0;PRENDARIO2.0;Pesos;57000000;1000000;60;310000;3;70;40,00;50,00;Adquisición de automotores usados;Clientes con cuenta en la entidad;4,00;88,00;Fija;114,00;67929,00;Todo el territorio nacional;ANTIGUEDAD PRENDA 7 A 8 ANIOS
7;BANCO DE GALICIA Y BUENOS AIRES S.A.;2026-02-23;PRESTAMOPRENDARIOUVA;PRENDARIOUVA;UVA;57000000;1000000;60;310000;3;70;40,00;80,00;Adquisición de automotores usados;Clientes con cuenta en la entidad;5,00;36,00;Fija;45,00;38396,00;Todo el territorio nacional;ANTIGUEDAD PRENDA 1 ANIOS
7;BANCO DE GALICIA Y BUENOS AIRES S.A.;2026-02-23;PRESTAMOPRENDARIO;PRENDARIO;Pesos;57000000;1000000;60;310000;3;70;40,00;80,00;Adquisición automotores 0 km;Clientes con cuenta en la entidad;5,00;80,00;Fija;102,00;63329,00;Todo el territorio nacional;ANTIGUEDAD PRENDA 0
15;INDUSTRIAL AND COMMERCIAL BANK OF CHINA (ARGENTINA) S.A.U.;2026-04-01;TASA OPORTUNIDAD;TASA OPORTUNIDAD;Pesos;130000000;10000;60;420000;0;70;30,00;69,00;Adquisición automotores 0 km;Clientes con cuenta en la entidad;5,00;67,97;Fija;64,13;5701,00;Todo el territorio nacional;CAMPO 14: LA CANCELACION ANTICIPADA TENDRA UN RECARGO EQUIVALENTE AL 5 POR CIENTO DEL SALDO ADEUDADO AL TIEMPO DE LA CANCELACION ANTICIPADA. CUANDO AL MOMENTO DE EFECTUARLA LA CANCELACION HAYA TRANSCURRIDO AL MENOS LA CUARTA PARTE DEL PLAZO ORIGINAL DE LA FINANCIACION O 180 DIAS CORRIDOS DESDE SU OTORGAMIENTO, DE AMBOS EL MAYOR, NO SE COBRARA EL RECARGO EQUIVALENTE AL 5 POR CIENTO DEL SALDO ADEUDADO.
15;INDUSTRIAL AND COMMERCIAL BANK OF CHINA (ARGENTINA) S.A.U.;2026-04-01;TASA OPORTUNIDAD;TASA OPORTUNIDAD;Pesos;130000000;10000;60;420000;0;70;30,00;69,00;Adquisición automotores 0 km;Personas humanas Responsables Inscriptos;5,00;67,97;Fija;64,13;5701,00;Todo el territorio nacional;CAMPO 14: LA CANCELACION ANTICIPADA TENDRA UN RECARGO EQUIVALENTE AL 5 POR CIENTO DEL SALDO ADEUDADO AL TIEMPO DE LA CANCELACION ANTICIPADA. CUANDO AL MOMENTO DE EFECTUARLA LA CANCELACION HAYA TRANSCURRIDO AL MENOS LA CUARTA PARTE DEL PLAZO ORIGINAL DE LA FINANCIACION O 180 DIAS CORRIDOS DESDE SU OTORGAMIENTO, DE AMBOS EL MAYOR, NO SE COBRARA EL RECARGO EQUIVALENTE AL 5 POR CIENTO DEL SALDO ADEUDADO.
15;INDUSTRIAL AND COMMERCIAL BANK OF CHINA (ARGENTINA) S.A.U.;2026-04-01;TASA OPORTUNIDAD;TASA OPORTUNIDAD;Pesos;130000000;10000;60;420000;0;70;30,00;69,00;Adquisición automotores 0 km;Beneficiarios de cuentas de la seguridad social;5,00;67,97;Fija;64,13;5701,00;Todo el territorio nacional;CAMPO 14: LA CANCELACION ANTICIPADA TENDRA UN RECARGO EQUIVALENTE AL 5 POR CIENTO DEL SALDO ADEUDADO AL TIEMPO DE LA CANCELACION ANTICIPADA. CUANDO AL MOMENTO DE EFECTUARLA LA CANCELACION HAYA TRANSCURRIDO AL MENOS LA CUARTA PARTE DEL PLAZO ORIGINAL DE LA FINANCIACION O 180 DIAS CORRIDOS DESDE SU OTORGAMIENTO, DE AMBOS EL MAYOR, NO SE COBRARA EL RECARGO EQUIVALENTE AL 5 POR CIENTO DEL SALDO ADEUDADO.
15;INDUSTRIAL AND COMMERCIAL BANK OF CHINA (ARGENTINA) S.A.U.;2026-04-01;TASA OPORTUNIDAD;TASA OPORTUNIDAD;Pesos;130000000;10000;60;420000;0;70;30,00;69,00;Adquisición automotores 0 km;Empleados públicos;5,00;67,97;Fija;64,13;5701,00;Todo el territorio nacional;CAMPO 14: LA CANCELACION ANTICIPADA TENDRA UN RECARGO EQUIVALENTE AL 5 POR CIENTO DEL SALDO ADEUDADO AL TIEMPO DE LA CANCELACION ANTICIPADA. CUANDO AL MOMENTO DE EFECTUARLA LA CANCELACION HAYA TRANSCURRIDO AL MENOS LA CUARTA PARTE DEL PLAZO ORIGINAL DE LA FINANCIACION O 180 DIAS CORRIDOS DESDE SU OTORGAMIENTO, DE AMBOS EL MAYOR, NO SE COBRARA EL RECARGO EQUIVALENTE AL 5 POR CIENTO DEL SALDO ADEUDADO.
15;INDUSTRIAL AND COMMERCIAL BANK OF CHINA (ARGENTINA) S.A.U.;2026-04-01;TASA OPORTUNIDAD;TASA OPORTUNIDAD;Pesos;130000000;10000;60;420000;0;70;30,00;69,00;Adquisición automotores 0 km;Clientes que acrediten sueldos en la entidad;5,00;67,97;Fija;64,13;5701,00;Todo el territorio nacional;CAMPO 14: LA CANCELACION ANTICIPADA TENDRA UN RECARGO EQUIVALENTE AL 5 POR CIENTO DEL SALDO ADEUDADO AL TIEMPO DE LA CANCELACION ANTICIPADA. CUANDO AL MOMENTO DE EFECTUARLA LA CANCELACION HAYA TRANSCURRIDO AL MENOS LA CUARTA PARTE DEL PLAZO ORIGINAL DE LA FINANCIACION O 180 DIAS CORRIDOS DESDE SU OTORGAMIENTO, DE AMBOS EL MAYOR, NO SE COBRARA EL RECARGO EQUIVALENTE AL 5 POR CIENTO DEL SALDO ADEUDADO.
15;INDUSTRIAL AND COMMERCIAL BANK OF CHINA (ARGENTINA) S.A.U.;2026-04-01;TASA OPORTUNIDAD;TASA OPORTUNIDAD;Pesos;130000000;10000;60;420000;18;70;30,00;69,00;Adquisición automotores 0 km;Personas humanas Monotributistas;5,00;67,97;Fija;64,13;5701,00;Todo el territorio nacional;CAMPO 14: LA CANCELACION ANTICIPADA TENDRA UN RECARGO EQUIVALENTE AL 5 POR CIENTO DEL SALDO ADEUDADO AL TIEMPO DE LA CANCELACION ANTICIPADA. CUANDO AL MOMENTO DE EFECTUARLA LA CANCELACION HAYA TRANSCURRIDO AL MENOS LA CUARTA PARTE DEL PLAZO ORIGINAL DE LA FINANCIACION O 180 DIAS CORRIDOS DESDE SU OTORGAMIENTO, DE AMBOS EL MAYOR, NO SE COBRARA EL RECARGO EQUIVALENTE AL 5 POR CIENTO DEL SALDO ADEUDADO.
15;INDUSTRIAL AND COMMERCIAL BANK OF CHINA (ARGENTINA) S.A.U.;2026-04-01;TASA OPORTUNIDAD;TASA OPORTUNIDAD;Pesos;130000000;10000;60;420000;18;70;30,00;69,00;Adquisición automotores 0 km;Personas humanas en relación de dependencia;5,00;67,97;Fija;64,13;5701,00;Todo el territorio nacional;CAMPO 14: LA CANCELACION ANTICIPADA TENDRA UN RECARGO EQUIVALENTE AL 5 POR CIENTO DEL SALDO ADEUDADO AL TIEMPO DE LA CANCELACION ANTICIPADA. CUANDO AL MOMENTO DE EFECTUARLA LA CANCELACION HAYA TRANSCURRIDO AL MENOS LA CUARTA PARTE DEL PLAZO ORIGINAL DE LA FINANCIACION O 180 DIAS CORRIDOS DESDE SU OTORGAMIENTO, DE AMBOS EL MAYOR, NO SE COBRARA EL RECARGO EQUIVALENTE AL 5 POR CIENTO DEL SALDO ADEUDADO.
17;BANCO BBVA ARGENTINA S.A.;2026-01-14;PRESTAMO PRENDARIO TRADICIONAL MOTO 0KM;TRADICIONAL MOTO 0KM;Pesos;46000000;40000;60;0;1;75;60,00;85,00;Adquisición de motocicletas;Personas humanas en relación de dependencia;5,00;60,00;Fija;79,59;57667,00;Todo el territorio nacional;LOS PARAMETROS UTILIZADOS PARA EL CALCULO DEL CFT NO NECESARIAMENTE SERAN LOS QUE EFECTIVAMENTE CORRESPONDAN A CADA UNA DE LAS FINANCIACIONES QUE SE OTORGUEN, DADO QUE ESTAS PODRAN CONCERTARSE POR IMPORTES, VEHICULO EN GARANTIA, COMPANIAS DE SEGURO, COBERTURAS Y ZONAS DE RIESGO DIFERENTES AL EJEMPLO UTILIZADO. EJEMPLO UTILIZADO VEHICULO VALOR $12.91000, MONTO DEL PRESTAMO $10362350 COBERTURA LA CAJA SEGUROS TERCEROS COMPLETOS BASICO EN CABA VALOR MENSUAL $56979CUOTA INICIAL INCLUYE SEGURO DE AUTO POR COBERTURA INDICADA.
17;BANCO BBVA ARGENTINA S.A.;2026-01-14;PRESTAMO PRENDARIO UVA AUTO 0KM;UVA AUTO 0KM;UVA;40000000;40000;48;0;1;75;60,00;80,00;Adquisición automotores 0 km;Personas humanas en relación de dependencia;5,00;28,00;Fija;31,86;83858,00;Todo el territorio nacional;LOS PARAMETROS UTILIZADOS PARA EL CALCULO DEL CFT NO NECESARIAMENTE SERAN LOS QUE EFECTIVAMENTE CORRESPONDAN A CADA UNA DE LAS FINANCIACIONES QUE SE OTORGUEN, DADO QUE ESTAS PODRAN CONCERTARSE POR IMPORTES, VEHICULO EN GARANTIA, COMPANIAS DE SEGURO, COBERTURAS Y ZONAS DE RIESGO DIFERENTES AL EJEMPLO UTILIZADO. EJEMPLO UTILIZADO VEHICULO VALOR $24000000, MONTO DEL PRESTAMO $19.200.000 COBERTURA LA CAJA SEGUROS TERCEROS COMPLETOS BASICO EN CABA VALOR MENSUAL $83427 CUOTA INICIAL INCLUYE SEGURO DE AUTO POR COBERTURA INDICADA.
17;BANCO BBVA ARGENTINA S.A.;2026-01-14;PRESTAMO PRENDARIO TRADICIONAL AUTO 0KM;TRADICIONAL AUTO 0KM;Pesos;55000000;40000;60;0;1;75;60,00;80,00;Adquisición automotores 0 km;Personas humanas en relación de dependencia;5,00;53,00;Fija;67,97;84040,00;Todo el territorio nacional;LOS PARAMETROS UTILIZADOS PARA EL CALCULO DEL CFT NO NECESARIAMENTE SERAN LOS QUE EFECTIVAMENTE CORRESPONDAN A CADA UNA DE LAS FINANCIACIONES QUE SE OTORGUEN, DADO QUE ESTAS PODRAN CONCERTARSE POR IMPORTES, VEHICULO EN GARANTIA, COMPANIAS DE SEGURO, COBERTURAS Y ZONAS DE RIESGO DIFERENTES AL EJEMPLO UTILIZADO. EJEMPLO UTILIZADO VEHICULO VALOR $24000000, MONTO DEL PRESTAMO $19.200.000 COBERTURA LA CAJA SEGUROS TERCEROS COMPLETOS BASICO EN CABA VALOR MENSUAL $83427 CUOTA INICIAL INCLUYE SEGURO DE AUTO POR COBERTURA INDICADA.
17;BANCO BBVA ARGENTINA S.A.;2026-01-14;PRESTAMO PRENDARIO UVA MOTO 0KM;UVA MOTO 0KM;UVA;40000000;40000;48;0;1;75;60,00;80,00;Adquisición de motocicletas;Personas humanas en relación de dependencia;5,00;29,00;Fija;33,18;57415,00;Todo el territorio nacional;LOS PARAMETROS UTILIZADOS PARA EL CALCULO DEL CFT NO NECESARIAMENTE SERAN LOS QUE EFECTIVAMENTE CORRESPONDAN A CADA UNA DE LAS FINANCIACIONES QUE SE OTORGUEN, DADO QUE ESTAS PODRAN CONCERTARSE POR IMPORTES, VEHICULO EN GARANTIA, COMPANIAS DE SEGURO, COBERTURAS Y ZONAS DE RIESGO DIFERENTES AL EJEMPLO UTILIZADO. EJEMPLO UTILIZADO VEHICULO VALOR $12.91000, MONTO DEL PRESTAMO $10362350 COBERTURA LA CAJA SEGUROS TERCEROS COMPLETOS BASICO EN CABA VALOR MENSUAL $56979CUOTA INICIAL INCLUYE SEGURO DE AUTO POR COBERTURA INDICADA.
27;BANCO SUPERVIELLE S.A.;2026-02-20;PRESTAMO PRENDARIO;PRENDARIOS;UVA;85250000;350000;60;341000;12;75;25,00;75,00;Adquisición de automotores usados;Personas humanas en relación de dependencia;4,00;49,65;Fija;49,81;15,00;Todo el territorio nacional;0
27;BANCO SUPERVIELLE S.A.;2026-02-20;PRESTAMO PRENDARIO;PRENDARIOS;Pesos;85250000;350000;60;341000;12;75;30,00;75,00;Adquisición automotores 0 km;Personas humanas Monotributistas;4,00;125,30;Fija;165,43;84820,00;Todo el territorio nacional;0
27;BANCO SUPERVIELLE S.A.;2026-02-20;PRESTAMO PRENDARIO;PRENDARIOS;UVA;85250000;350000;60;341000;12;75;25,00;75,00;Adquisición de automotores usados;Personas humanas Monotributistas;4,00;49,65;Fija;49,81;15,00;Todo el territorio nacional;0
27;BANCO SUPERVIELLE S.A.;2026-02-20;PRESTAMO PRENDARIO;PRENDARIOS;Pesos;85250000;350000;60;341000;12;75;30,00;75,00;Adquisición automotores 0 km;Personas humanas en relación de dependencia;4,00;125,30;Fija;165,43;84820,00;Todo el territorio nacional;0
27;BANCO SUPERVIELLE S.A.;2026-02-20;PRESTAMO PRENDARIO;PRENDARIOS;Pesos;85250000;350000;60;341000;12;75;30,00;75,00;Adquisición de automotores usados;Personas humanas Monotributistas;4,00;125,30;Fija;165,43;84820,00;Todo el territorio nacional;0
27;BANCO SUPERVIELLE S.A.;2026-02-20;PRESTAMO PRENDARIO;PRENDARIOS;UVA;85250000;350000;60;341000;12;75;25,00;75,00;Adquisición automotores 0 km;Personas humanas Monotributistas;4,00;49,65;Fija;49,81;15,00;Todo el territorio nacional;0
27;BANCO SUPERVIELLE S.A.;2026-02-20;PRESTAMO PRENDARIO;PRENDARIOS;UVA;85250000;350000;60;341000;12;75;25,00;75,00;Adquisición automotores 0 km;Personas humanas en relación de dependencia;4,00;49,65;Fija;49,81;15,00;Todo el territorio nacional;0
27;BANCO SUPERVIELLE S.A.;2026-02-20;PRESTAMO PRENDARIO;PRENDARIOS;Pesos;85250000;350000;60;341000;18;75;30,00;75,00;Adquisición de automotores usados;Personas humanas Responsables Inscriptos;4,00;125,30;Fija;165,43;84820,00;Todo el territorio nacional;0
27;BANCO SUPERVIELLE S.A.;2026-02-20;PRESTAMO PRENDARIO;PRENDARIOS;UVA;85250000;350000;60;341000;12;75;25,00;75,00;Adquisición automotores 0 km;Empleados públicos;4,00;49,65;Fija;49,81;15,00;Todo el territorio nacional;0
27;BANCO SUPERVIELLE S.A.;2026-02-20;PRESTAMO PRENDARIO;PRENDARIOS;Pesos;85250000;350000;60;341000;12;75;30,00;75,00;Adquisición automotores 0 km;Empleados públicos;4,00;125,30;Fija;165,43;84820,00;Todo el territorio nacional;0
27;BANCO SUPERVIELLE S.A.;2026-02-20;PRESTAMO PRENDARIO;PRENDARIOS;Pesos;85250000;350000;60;341000;18;75;30,00;75,00;Adquisición automotores 0 km;Personas humanas Responsables Inscriptos;4,00;125,30;Fija;165,43;84820,00;Todo el territorio nacional;0
27;BANCO SUPERVIELLE S.A.;2026-02-20;PRESTAMO PRENDARIO;PRENDARIOS;UVA;85250000;350000;60;341000;18;75;25,00;75,00;Adquisición automotores 0 km;Personas humanas Responsables Inscriptos;4,00;49,65;Fija;49,81;15,00;Todo el territorio nacional;0
27;BANCO SUPERVIELLE S.A.;2026-02-20;PRESTAMO PRENDARIO;PRENDARIOS;UVA;85250000;350000;60;341000;18;75;25,00;75,00;Adquisición de automotores usados;Personas humanas Responsables Inscriptos;4,00;49,65;Fija;49,81;15,00;Todo el territorio nacional;0
27;BANCO SUPERVIELLE S.A.;2026-02-20;PRESTAMO PRENDARIO;PRENDARIOS;Pesos;85250000;350000;60;341000;12;75;30,00;75,00;Adquisición de automotores usados;Empleados públicos;4,00;125,30;Fija;165,43;84820,00;Todo el territorio nacional;0
27;BANCO SUPERVIELLE S.A.;2026-02-20;PRESTAMO PRENDARIO;PRENDARIOS;UVA;85250000;350000;60;341000;12;75;25,00;75,00;Adquisición de automotores usados;Empleados públicos;4,00;49,65;Fija;49,81;15,00;Todo el territorio nacional;0
27;BANCO SUPERVIELLE S.A.;2026-02-20;PRESTAMO PRENDARIO;PRENDARIOS;Pesos;85250000;350000;60;341000;12;75;30,00;75,00;Adquisición de automotores usados;Personas humanas en relación de dependencia;4,00;125,30;Fija;165,43;84820,00;Todo el territorio nacional;0
29;BANCO DE LA CIUDAD DE BUENOS AIRES;2026-01-23;CIUDAD TAXI O REMISES CABA;CIUDAD TAXI O REMISES;Pesos;28000000;1;48;0;12;75;30,00;70,00;Adquisición automotores 0 km;Personas humanas Responsables Inscriptos;4,84;63,21;Fija;71,63;528,00;Ciudad Autónoma de Buenos Aires;ADQUI DE OKM ELECTRICOS O HIBRIDOS
29;BANCO DE LA CIUDAD DE BUENOS AIRES;2026-01-23;CIUDAD TAXI O REMISES CABA;CIUDAD TAXI O REMISES;Pesos;28000000;1;48;0;12;75;30,00;70,00;Adquisición automotores 0 km;Personas humanas Monotributistas;4,84;63,21;Fija;71,63;528,00;Ciudad Autónoma de Buenos Aires;ADQUI DE OKM ELECTRICOS O HIBRIDOS
45;BANCO DE SAN JUAN S.A.;2026-04-06;PRESTAMOS PRENDARIOS UVA;PREND UVA;UVA;50000000;1;60;322000;0;83;70,00;70,00;Adquisición de automotores usados;Empleados públicos;,00;20,75;Fija;35,77;123243,00;Todo el territorio nacional;
45;BANCO DE SAN JUAN S.A.;2026-04-06;PRESTAMOS PRENDARIOS;PREST PREND.;Pesos;50000000;1;60;322000;0;83;70,00;90,00;Adquisición automotores 0 km;Empleados públicos;,00;58,57;Fija;85,39;156520,00;Todo el territorio nacional;
45;BANCO DE SAN JUAN S.A.;2026-04-06;PRESTAMOS PRENDARIOS;PREST PREND.;Pesos;50000000;1;60;322000;0;83;70,00;70,00;Adquisición de automotores usados;Empleados públicos;,00;58,57;Fija;85,39;156520,00;Todo el territorio nacional;
45;BANCO DE SAN JUAN S.A.;2026-04-06;PRESTAMOS PRENDARIOS UVA;PREND UVA;UVA;50000000;1;60;322000;0;83;70,00;90,00;Adquisición automotores 0 km;Empleados públicos;,00;20,75;Fija;35,77;123243,00;Todo el territorio nacional;
72;BANCO SANTANDER ARGENTINA S.A.;2026-01-06;SUPER PRESTAMO PRENDARIO;SUPER PRESTAMO PRENDARIO;Pesos;57000000;2000000;60;810000;6;100;30,00;85,00;Adquisición de automotores usados;Clientes con cuenta en la entidad;,05;106,99;Fija;139,84;642,00;Todo el territorio nacional;
72;BANCO SANTANDER ARGENTINA S.A.;2026-01-06;SUPER PRESTAMO PRENDARIO UVAS;SUPER P PRENDARIO UVAS;UVA;57000000;2000000;48;810000;6;100;30,00;80,00;Adquisición de automotores usados;Empleados públicos;,05;61,65;Fija;78,38;478,00;Todo el territorio nacional;
72;BANCO SANTANDER ARGENTINA S.A.;2026-01-06;SUPER PRESTAMO PRENDARIO;SUPER PRESTAMO PRENDARIO;Pesos;57000000;2000000;60;810000;6;100;30,00;85,00;Adquisición de automotores usados;Personas humanas en relación de dependencia;,05;106,99;Fija;139,84;642,00;Todo el territorio nacional;
72;BANCO SANTANDER ARGENTINA S.A.;2026-01-06;SUPER PRESTAMO PRENDARIO;SUPER PRESTAMO PRENDARIO;Pesos;57000000;2000000;60;810000;6;100;30,00;85,00;Adquisición automotores 0 km;Personas humanas en relación de dependencia;,05;106,99;Fija;139,84;642,00;Todo el territorio nacional;
72;BANCO SANTANDER ARGENTINA S.A.;2026-01-06;SUPER PRESTAMO PRENDARIO;SUPER PRESTAMO PRENDARIO;Pesos;57000000;2000000;60;810000;6;100;30,00;85,00;Adquisición automotores 0 km;Personas humanas Responsables Inscriptos;,05;106,99;Fija;139,84;642,00;Todo el territorio nacional;
72;BANCO SANTANDER ARGENTINA S.A.;2026-01-06;SUPER PRESTAMO PRENDARIO UVAS;SUPER P PRENDARIO UVAS;UVA;57000000;2000000;48;810000;6;100;30,00;80,00;Adquisición de automotores usados;Personas humanas Responsables Inscriptos;,05;61,65;Fija;78,38;478,00;Todo el territorio nacional;
72;BANCO SANTANDER ARGENTINA S.A.;2026-01-06;SUPER PRESTAMO PRENDARIO UVAS;SUPER P PRENDARIO UVAS;UVA;57000000;2000000;48;810000;6;100;30,00;80,00;Adquisición automotores 0 km;Clientes que acrediten sueldos en la entidad;,05;61,65;Fija;78,38;478,00;Todo el territorio nacional;
72;BANCO SANTANDER ARGENTINA S.A.;2026-01-06;SUPER PRESTAMO PRENDARIO;SUPER PRESTAMO PRENDARIO;Pesos;57000000;2000000;60;810000;6;100;30,00;85,00;Adquisición de automotores usados;Empleados públicos;,05;106,99;Fija;139,84;642,00;Todo el territorio nacional;
72;BANCO SANTANDER ARGENTINA S.A.;2026-01-06;SUPER PRESTAMO PRENDARIO;SUPER PRESTAMO PRENDARIO;Pesos;57000000;2000000;60;810000;6;100;30,00;85,00;Adquisición de automotores usados;Personas humanas Monotributistas;,05;106,99;Fija;139,84;642,00;Todo el territorio nacional;
72;BANCO SANTANDER ARGENTINA S.A.;2026-01-06;SUPER PRESTAMO PRENDARIO UVAS;SUPER P PRENDARIO UVAS;UVA;57000000;2000000;48;810000;6;100;30,00;80,00;Adquisición automotores 0 km;Clientes con cuenta en la entidad;,05;61,65;Fija;78,38;478,00;Todo el territorio nacional;
72;BANCO SANTANDER ARGENTINA S.A.;2026-01-06;SUPER PRESTAMO PRENDARIO;SUPER PRESTAMO PRENDARIO;Pesos;57000000;2000000;60;810000;6;100;30,00;85,00;Adquisición de automotores usados;Personas humanas Responsables Inscriptos;,05;106,99;Fija;139,84;642,00;Todo el territorio nacional;
72;BANCO SANTANDER ARGENTINA S.A.;2026-01-06;SUPER PRESTAMO PRENDARIO UVAS;SUPER P PRENDARIO UVAS;UVA;57000000;2000000;48;810000;6;100;30,00;80,00;Adquisición de automotores usados;Clientes con cuenta en la entidad;,05;61,65;Fija;78,38;478,00;Todo el territorio nacional;
72;BANCO SANTANDER ARGENTINA S.A.;2026-01-06;SUPER PRESTAMO PRENDARIO;SUPER PRESTAMO PRENDARIO;Pesos;57000000;2000000;60;810000;6;100;30,00;85,00;Adquisición automotores 0 km;Personas humanas Monotributistas;,05;106,99;Fija;139,84;642,00;Todo el territorio nacional;
72;BANCO SANTANDER ARGENTINA S.A.;2026-01-06;SUPER PRESTAMO PRENDARIO UVAS;SUPER P PRENDARIO UVAS;UVA;57000000;2000000;48;810000;6;100;30,00;80,00;Adquisición automotores 0 km;Personas humanas Monotributistas;,05;61,65;Fija;78,38;478,00;Todo el territorio nacional;
72;BANCO SANTANDER ARGENTINA S.A.;2026-01-06;SUPER PRESTAMO PRENDARIO UVAS;SUPER P PRENDARIO UVAS;UVA;57000000;2000000;48;810000;6;100;30,00;80,00;Adquisición automotores 0 km;Personas humanas en relación de dependencia;,05;61,65;Fija;78,38;478,00;Todo el territorio nacional;
72;BANCO SANTANDER ARGENTINA S.A.;2026-01-06;SUPER PRESTAMO PRENDARIO;SUPER PRESTAMO PRENDARIO;Pesos;57000000;2000000;60;810000;6;100;30,00;85,00;Adquisición automotores 0 km;Clientes que acrediten sueldos en la entidad;,05;106,99;Fija;139,84;642,00;Todo el territorio nacional;
72;BANCO SANTANDER ARGENTINA S.A.;2026-01-06;SUPER PRESTAMO PRENDARIO UVAS;SUPER P PRENDARIO UVAS;UVA;57000000;2000000;48;810000;6;100;30,00;80,00;Adquisición de automotores usados;Personas humanas Monotributistas;,05;61,65;Fija;78,38;478,00;Todo el territorio nacional;
72;BANCO SANTANDER ARGENTINA S.A.;2026-01-06;SUPER PRESTAMO PRENDARIO UVAS;SUPER P PRENDARIO UVAS;UVA;57000000;2000000;48;810000;6;100;30,00;80,00;Adquisición de automotores usados;Clientes que acrediten sueldos en la entidad;,05;61,65;Fija;78,38;478,00;Todo el territorio nacional;
72;BANCO SANTANDER ARGENTINA S.A.;2026-01-06;SUPER PRESTAMO PRENDARIO;SUPER PRESTAMO PRENDARIO;Pesos;57000000;2000000;60;810000;6;100;30,00;85,00;Adquisición de automotores usados;Clientes que acrediten sueldos en la entidad;,05;106,99;Fija;139,84;642,00;Todo el territorio nacional;
72;BANCO SANTANDER ARGENTINA S.A.;2026-01-06;SUPER PRESTAMO PRENDARIO;SUPER PRESTAMO PRENDARIO;Pesos;57000000;2000000;60;810000;6;100;30,00;85,00;Adquisición automotores 0 km;Clientes con cuenta en la entidad;,05;106,99;Fija;139,84;642,00;Todo el territorio nacional;
72;BANCO SANTANDER ARGENTINA S.A.;2026-01-06;SUPER PRESTAMO PRENDARIO;SUPER PRESTAMO PRENDARIO;Pesos;57000000;2000000;60;810000;6;100;30,00;85,00;Adquisición automotores 0 km;Empleados públicos;,05;106,99;Fija;139,84;642,00;Todo el territorio nacional;
72;BANCO SANTANDER ARGENTINA S.A.;2026-01-06;SUPER PRESTAMO PRENDARIO UVAS;SUPER P PRENDARIO UVAS;UVA;57000000;2000000;48;810000;6;100;30,00;80,00;Adquisición de automotores usados;Personas humanas en relación de dependencia;,05;61,65;Fija;78,38;478,00;Todo el territorio nacional;
72;BANCO SANTANDER ARGENTINA S.A.;2026-01-06;SUPER PRESTAMO PRENDARIO UVAS;SUPER P PRENDARIO UVAS;UVA;57000000;2000000;48;810000;6;100;30,00;80,00;Adquisición automotores 0 km;Empleados públicos;,05;61,65;Fija;78,38;478,00;Todo el territorio nacional;
72;BANCO SANTANDER ARGENTINA S.A.;2026-01-06;SUPER PRESTAMO PRENDARIO UVAS;SUPER P PRENDARIO UVAS;UVA;57000000;2000000;48;810000;6;100;30,00;80,00;Adquisición automotores 0 km;Personas humanas Responsables Inscriptos;,05;61,65;Fija;78,38;478,00;Todo el territorio nacional;
83;BANCO DEL CHUBUT S.A.;2026-02-11;PRESTAMOS PRENDARIOS PARA LA ADQUISICION DE VEHICULOS REGISTRABLES NUEVOS O UADOS PARA USO PRIVADO O COMERCIAL;RE 295;Pesos;0;1000000;48;0;0;0;40,00;75,00;Adquisición de automotores usados;Clientes con cuenta en la entidad;4,84;55,55;Fija;72,70;53101,00;Provincia de Río Negro;COMISION APLICABLE CUANDO NO HAYA TRANSCURRIDO AL MENOS LA CUARTA PARTE DE LA FINANCIACION  O 180 DIAS  CORRIDOS DE SU OTORGAMIENTO DE AMBOS EL MAYOR
83;BANCO DEL CHUBUT S.A.;2026-02-11;PRESTAMOS PRENDARIOS PARA LA ADQUISICION DE VEHICULOS REGISTRABLES NUEVOS O UADOS PARA USO PRIVADO O COMERCIAL;RE 295;Pesos;0;1000000;60;0;0;0;40,00;85,00;Adquisición automotores 0 km;Clientes con cuenta en la entidad;4,84;55,55;Fija;72,40;50002,00;Provincia de Río Negro;COMISION APLICABLE CUANDO NO HAYA TRANSCURRIDO AL MENOS LA CUARTA PARTE DE LA FINANCIACION  O 180 DIAS  CORRIDOS DE SU OTORGAMIENTO DE AMBOS EL MAYOR
83;BANCO DEL CHUBUT S.A.;2026-02-11;PRESTAMOS PRENDARIOS PARA LA ADQUISICION DE VEHICULOS REGISTRABLES NUEVOS O UADOS PARA USO PRIVADO O COMERCIAL;RE 295;Pesos;0;1000000;48;0;0;0;40,00;75,00;Adquisición de automotores usados;Clientes con cuenta en la entidad;4,84;55,55;Fija;72,70;53101,00;Provincia del Chubut;COMISION APLICABLE CUANDO NO HAYA TRANSCURRIDO AL MENOS LA CUARTA PARTE DE LA FINANCIACION  O 180 DIAS  CORRIDOS DE SU OTORGAMIENTO DE AMBOS EL MAYOR
83;BANCO DEL CHUBUT S.A.;2026-02-11;PRESTAMOS PRENDARIOS PARA LA ADQUISICION DE VEHICULOS REGISTRABLES NUEVOS O UADOS PARA USO PRIVADO O COMERCIAL;RE 295;Pesos;0;1000000;60;0;0;0;40,00;85,00;Adquisición automotores 0 km;Clientes con cuenta en la entidad;4,84;55,55;Fija;72,40;50002,00;Provincia del Chubut;COMISION APLICABLE CUANDO NO HAYA TRANSCURRIDO AL MENOS LA CUARTA PARTE DE LA FINANCIACION  O 180 DIAS  CORRIDOS DE SU OTORGAMIENTO DE AMBOS EL MAYOR
86;BANCO DE SANTA CRUZ S.A.;2026-04-06;PRENDARIO PESOS;PRENDARIO PESOS;Pesos;50000000;1;60;322000;0;83;70,00;90,00;Adquisición automotores 0 km;Empleados públicos;,00;89,40;Fija;89,40;29266,00;Todo el territorio nacional;
86;BANCO DE SANTA CRUZ S.A.;2026-04-06;PRENDARIO PESOS;PRENDARIO PESOS;Pesos;50000000;1;60;322000;0;83;70,00;70,00;Adquisición de automotores usados;Empleados públicos;,00;89,40;Fija;89,40;29266,00;Todo el territorio nacional;
86;BANCO DE SANTA CRUZ S.A.;2026-04-06;PRESTAMO PRENDARIO A EMPLEADOS PUBLICOS;PRENDARIO UVA;UVA;50000000;1;60;322000;0;83;70,00;90,00;Adquisición automotores 0 km;Empleados públicos;,00;29,03;Fija;29,03;51731,00;Todo el territorio nacional;
86;BANCO DE SANTA CRUZ S.A.;2026-04-06;PRESTAMO PRENDARIO A EMPLEADOS PUBLICOS;PRENDARIO UVA;UVA;50000000;1;60;322000;0;83;70,00;70,00;Adquisición de automotores usados;Empleados públicos;,00;29,03;Fija;29,03;51731,00;Todo el territorio nacional;
94;BANCO DE CORRIENTES S.A.;2026-03-30;LINEA PARA ADQUISICION DE AUTOMOVILES;COMPRA DE AUTOMOVILES;Pesos;99999999;5000;60;5000;6;64;45,00;99,00;Adquisición automotores 0 km;Clientes con cuenta en la entidad;3,00;91,93;Fija;114,94;69788,00;Todo el territorio nacional;CERO KM HASTA EL CIEN POR CIENTO DEL VALOR DE LA UNIDAD
191;BANCO CREDICOOP COOPERATIVO LIMITADO;2025-11-26;PRESTAMOS PRENDARIOS PARA AUTOMOTORES;PRESTAMOS PRENDARIOS;Pesos;20000000;10000;60;220000;24;100;30,00;80,00;Adquisición automotores 0 km;Clientes con cuenta en la entidad;2,00;151,94;Fija;203,01;963,00;Todo el territorio nacional;
191;BANCO CREDICOOP COOPERATIVO LIMITADO;2025-11-26;PRESTAMOS PRENDARIOS PARA AUTOMOTORES;PRESTAMOS PRENDARIOS;Pesos;20000000;10000;60;220000;36;100;30,00;80,00;Adquisición automotores 0 km;Personas humanas Monotributistas;2,00;151,94;Fija;203,01;963,00;Todo el territorio nacional;
191;BANCO CREDICOOP COOPERATIVO LIMITADO;2025-11-26;PRESTAMOS PRENDARIOS PARA AUTOMOTORES;PRESTAMOS PRENDARIOS;Pesos;20000000;10000;60;220000;24;100;30,00;80,00;Adquisición automotores 0 km;Clientes que acrediten sueldos en la entidad;2,00;151,94;Fija;203,01;963,00;Todo el territorio nacional;
191;BANCO CREDICOOP COOPERATIVO LIMITADO;2025-11-26;PRESTAMOS PRENDARIOS PARA AUTOMOTORES;PRESTAMOS PRENDARIOS;Pesos;20000000;10000;60;220000;24;100;30,00;80,00;Adquisición automotores 0 km;Personas humanas en relación de dependencia;2,00;151,94;Fija;203,01;963,00;Todo el territorio nacional;
191;BANCO CREDICOOP COOPERATIVO LIMITADO;2025-11-26;PRESTAMOS PRENDARIOS PARA AUTOMOTORES;PRESTAMOS PRENDARIOS;Pesos;20000000;10000;60;220000;36;100;30,00;80,00;Adquisición automotores 0 km;Personas humanas Responsables Inscriptos;2,00;151,94;Fija;203,01;963,00;Todo el territorio nacional;
191;BANCO CREDICOOP COOPERATIVO LIMITADO;2025-11-26;PRESTAMOS PRENDARIOS PARA AUTOMOTORES;PRESTAMOS PRENDARIOS;Pesos;20000000;10000;60;220000;24;100;30,00;80,00;Adquisición automotores 0 km;Empleados públicos;2,00;151,94;Fija;203,01;963,00;Todo el territorio nacional;
254;BANCO MARIVA S.A.;2025-04-16;PRESTAMO PRENDARIO;PRENDARIO;Pesos;10000000;1000000;36;550000;24;60;30,00;60,00;Adquisición automotores 0 km;Clientes con cuenta en la entidad;5,00;63,23;Fija;72,89;5369,00;Ciudad Autónoma de Buenos Aires;
268;BANCO PROVINCIA DE TIERRA DEL FUEGO;2026-04-17;CON GARANTIA PRENDARIA;PRENDARIO;Pesos;30000000;10000;48;100000;0;74;30,00;90,00;Adquisición automotores 0 km;Clientes que acrediten sueldos en la entidad;1,50;94,68;Variable;94,68;614,00;Provincia de Tierra del Fuego Antártida e Islas del Atlántico Sur;ACTUALIZACION MENSUAL CON PROMEDIO SIMPLE DE LA TASA BADLAR
281;BANCO MERIDIAN S.A.;2026-04-13;PRESTAMOS PRENDARIOS PARA TRANSPORTISTAS;PRENDARIOS TRANSPORTISTAS;Pesos;32000000;5000000;36;0;0;100;,00;,00;Adquisición para capital de trabajo;Personas jurídicas;,00;99,38;Fija;113,53;720,00;Todo el territorio nacional;
310;BANCO DEL SOL S.A.;2025-11-19;PRESTAMO PRENDARIO TASA FIJA;PRENDARIO PRENDO;Pesos;40000000;100000;60;322200;10;74;35,00;75,00;Adquisición de automotores usados;Todos los beneficiarios;10,00;161,30;Fija;216,71;101523,00;Todo el territorio nacional;EL CFTEA INCLUYE CAP E INTERES Y NO INCLUYE SEGURO DEL AUTOMOVIL
310;BANCO DEL SOL S.A.;2025-11-19;PRESTAMO PRENDARIO UVA TASA FIJA;PRENDARIO PRENDO UVA;UVA;40000000;100000;48;322200;10;74;35,00;50,00;Adquisición automotores 0 km;Todos los beneficiarios;10,00;45,37;Fija;57,02;44083,00;Todo el territorio nacional;EL CFTEA INCLUYE CAP E INTERES Y NO INCLUYE SEGURO DEL AUTOMOVIL
310;BANCO DEL SOL S.A.;2025-11-19;PRESTAMO PRENDARIO TASA FIJA;PRENDARIO PRENDO;Pesos;40000000;100000;60;322200;10;74;35,00;75,00;Adquisición automotores 0 km;Todos los beneficiarios;10,00;161,30;Fija;216,71;101523,00;Todo el territorio nacional;EL CFTEA INCLUYE CAP E INTERES Y NO INCLUYE SEGURO DEL AUTOMOVIL
310;BANCO DEL SOL S.A.;2025-11-19;PRESTAMO PRENDARIO UVA TASA FIJA;PRENDARIO PRENDO UVA;UVA;40000000;100000;48;322200;10;74;35,00;50,00;Adquisición de automotores usados;Todos los beneficiarios;10,00;45,37;Fija;57,02;44083,00;Todo el territorio nacional;EL CFTEA INCLUYE CAP E INTERES Y NO INCLUYE SEGURO DEL AUTOMOVIL
311;NUEVO BANCO DEL CHACO S. A.;2026-04-16;PRESTAMOS CON GTIA PRENDARIA P PRIVADOS Y NO BANCARIZADOS;41201 PR PREND PRIVNO BAN;Pesos;50000000;1;60;1;12;85;50,00;99,00;Adquisición de automotores (marcas con convenios con la entidad);Clientes con cuenta en la entidad;3,00;91,93;Fija;119,13;6893,00;Provincia del Chaco;
311;NUEVO BANCO DEL CHACO S. A.;2026-04-16;PRESTAMOS CON GTIA PRENDARIA P EMPL PUBLICOS;41101 PR PREND EMP PCOS;Pesos;50000000;1;60;1;12;85;50,00;99,00;Adquisición de automotores (marcas con convenios con la entidad);Empleados públicos;3,00;91,93;Fija;119,13;6893,00;Provincia del Chaco;
315;BANCO DE FORMOSA S.A.;2026-03-31;PRESTAMO PRENDARIO LINEA AUTOS - UVAS;LINEA AUTOS - UVAS;Pesos;40000000;500000;60;410000;0;75;75,00;75,00;Adquisición automotores 0 km;Clientes que acrediten sueldos en la entidad;3,00;24,36;Mixta;30,13;311,00;Todo el territorio nacional;LOS SALDOS ADEUDADOS POR EL SOLICITANTE SE ACTUALIZARAN MEDIANTE LA APLICACION DEL COEFICIENTE DE ESTABILIZACION DE REFERENCIA -CER- Y ASIMISMO SE EXPRESARAN EN CANTIDADES DE UNIDADES DE VALOR ADQUISITIVO -UVAS- SIENDO EL VALOR EN PESOS DE CADA UVA AL MOMENTO DE SU DESEMBOLSO, EL QUE EL BCRA PUBLIQUE PERIODICAMENTE.LOS PRESTAMOS PRENDARIOS INCLUYE IVA SOBRE INTERESES. PARA EL CALCULO DEL CFTEA SE CONSIDERA UN EJEMPLO DE FINANCIACION BASADO EN MONTO A FINANCIAR PESOS 528.750 - RENAULT KWID 1.0 ZEN 0 KM 48 CUOTAS - SEGURO AUTOMOTOR CTERCEROS PESOS 2701.17 MENSUALES.
315;BANCO DE FORMOSA S.A.;2026-03-31;PRESTAMO PRENDARIO LINEA PREFERENCIAL;LINEA PREFERENCIAL;Pesos;40000000;500000;36;334800;0;86;35,00;75,00;Adquisición automotores 0 km;Clientes que acrediten sueldos en la entidad;3,00;97,51;Fija;126,78;785,00;Todo el territorio nacional;
315;BANCO DE FORMOSA S.A.;2026-03-31;PRESTAMO PRENDARIO LINEA MOTOS - UVAS;PRENDARIO MOTOS UVAS;Pesos;12000000;500000;60;234315;0;87;75,00;75,00;Adquisición de motocicletas;Clientes que acrediten sueldos en la entidad;3,00;24,36;Mixta;30,13;351,00;Todo el territorio nacional;LOS SALDOS ADEUDADOS POR EL SOLICITANTE SE ACTUALIZARAN MEDIANTE LA APLICACION DEL COEFICIENTE DE ESTABILIZACION DE REFERENCIA -CER- Y ASIMISMO SE EXPRESARAN EN CANTIDADES DE UNIDADES DE VALOR ADQUISITIVO -UVAS- SIENDO EL VALOR EN PESOS DE CADA UVA AL MOMENTO DE SU DESEMBOLSO, EL QUE EL BCRA PUBLIQUE PERIODICAMENTE.LOS PRESTAMOS PRENDARIOS INCLUYE IVA SOBRE INTERESES. PARA EL CALCULO DEL CFTEA SE CONSIDERA UN EJEMPLO DE FINANCIACION BASADO EN MONTO A FINANCIAR PESOS 167.000  CORVER ENERGY 110 -0 KM- 36 CUOTAS - SEGURO AUTOMOTOR CTERCEROS PESOS 1.450,48 MENSUALES.
315;BANCO DE FORMOSA S.A.;2026-03-31;PRESTAMO PRENDARIO LINEA AUTOS - UVAS;LINEA AUTOS - UVAS;Pesos;40000000;500000;60;410000;0;75;75,00;75,00;Adquisición automotores 0 km;Beneficiarios de cuentas de la seguridad social;3,00;24,36;Mixta;30,13;311,00;Todo el territorio nacional;LOS SALDOS ADEUDADOS POR EL SOLICITANTE SE ACTUALIZARAN MEDIANTE LA APLICACION DEL COEFICIENTE DE ESTABILIZACION DE REFERENCIA -CER- Y ASIMISMO SE EXPRESARAN EN CANTIDADES DE UNIDADES DE VALOR ADQUISITIVO -UVAS- SIENDO EL VALOR EN PESOS DE CADA UVA AL MOMENTO DE SU DESEMBOLSO, EL QUE EL BCRA PUBLIQUE PERIODICAMENTE.LOS PRESTAMOS PRENDARIOS INCLUYE IVA SOBRE INTERESES. PARA EL CALCULO DEL CFTEA SE CONSIDERA UN EJEMPLO DE FINANCIACION BASADO EN MONTO A FINANCIAR PESOS 528.750 - RENAULT KWID 1.0 ZEN 0 KM 48 CUOTAS - SEGURO AUTOMOTOR CTERCEROS PESOS 2701.17 MENSUALES.
315;BANCO DE FORMOSA S.A.;2026-03-31;PRESTAMO PRENDARIO LINEA MOTOS;PRENDARIO MOTOS;Pesos;12000000;500000;36;334800;0;87;75,00;75,00;Adquisición de motocicletas;Empleados públicos;3,00;97,51;Fija;126,78;785,00;Todo el territorio nacional;
315;BANCO DE FORMOSA S.A.;2026-03-31;PRESTAMO PRENDARIO LINEA AUTOS - UVAS;LINEA AUTOS - UVAS;Pesos;40000000;500000;60;410000;0;75;75,00;75,00;Adquisición automotores 0 km;Empleados públicos;3,00;24,36;Mixta;30,13;311,00;Todo el territorio nacional;LOS SALDOS ADEUDADOS POR EL SOLICITANTE SE ACTUALIZARAN MEDIANTE LA APLICACION DEL COEFICIENTE DE ESTABILIZACION DE REFERENCIA -CER- Y ASIMISMO SE EXPRESARAN EN CANTIDADES DE UNIDADES DE VALOR ADQUISITIVO -UVAS- SIENDO EL VALOR EN PESOS DE CADA UVA AL MOMENTO DE SU DESEMBOLSO, EL QUE EL BCRA PUBLIQUE PERIODICAMENTE.LOS PRESTAMOS PRENDARIOS INCLUYE IVA SOBRE INTERESES. PARA EL CALCULO DEL CFTEA SE CONSIDERA UN EJEMPLO DE FINANCIACION BASADO EN MONTO A FINANCIAR PESOS 528.750 - RENAULT KWID 1.0 ZEN 0 KM 48 CUOTAS - SEGURO AUTOMOTOR CTERCEROS PESOS 2701.17 MENSUALES.
315;BANCO DE FORMOSA S.A.;2026-03-31;PRESTAMO PRENDARIO LINEA PREFERENCIAL;LINEA PREFERENCIAL;Pesos;40000000;500000;36;334800;0;86;35,00;75,00;Adquisición automotores 0 km;Personas humanas en relación de dependencia;3,00;97,51;Fija;126,78;785,00;Todo el territorio nacional;
315;BANCO DE FORMOSA S.A.;2026-03-31;PRESTAMO PRENDARIO LINEA AUTOS - UVAS;LINEA AUTOS - UVAS;Pesos;40000000;500000;60;410000;0;75;75,00;75,00;Adquisición automotores 0 km;Personas humanas en relación de dependencia;3,00;24,36;Mixta;30,13;311,00;Todo el territorio nacional;LOS SALDOS ADEUDADOS POR EL SOLICITANTE SE ACTUALIZARAN MEDIANTE LA APLICACION DEL COEFICIENTE DE ESTABILIZACION DE REFERENCIA -CER- Y ASIMISMO SE EXPRESARAN EN CANTIDADES DE UNIDADES DE VALOR ADQUISITIVO -UVAS- SIENDO EL VALOR EN PESOS DE CADA UVA AL MOMENTO DE SU DESEMBOLSO, EL QUE EL BCRA PUBLIQUE PERIODICAMENTE.LOS PRESTAMOS PRENDARIOS INCLUYE IVA SOBRE INTERESES. PARA EL CALCULO DEL CFTEA SE CONSIDERA UN EJEMPLO DE FINANCIACION BASADO EN MONTO A FINANCIAR PESOS 528.750 - RENAULT KWID 1.0 ZEN 0 KM 48 CUOTAS - SEGURO AUTOMOTOR CTERCEROS PESOS 2701.17 MENSUALES.
315;BANCO DE FORMOSA S.A.;2026-03-31;PRESTAMO PRENDARIO LINEA AUTOS - UVAS;LINEA AUTOS - UVAS;Pesos;40000000;500000;60;410000;0;75;75,00;75,00;Adquisición automotores 0 km;Clientes con cuenta en la entidad;3,00;24,36;Mixta;30,13;311,00;Todo el territorio nacional;LOS SALDOS ADEUDADOS POR EL SOLICITANTE SE ACTUALIZARAN MEDIANTE LA APLICACION DEL COEFICIENTE DE ESTABILIZACION DE REFERENCIA -CER- Y ASIMISMO SE EXPRESARAN EN CANTIDADES DE UNIDADES DE VALOR ADQUISITIVO -UVAS- SIENDO EL VALOR EN PESOS DE CADA UVA AL MOMENTO DE SU DESEMBOLSO, EL QUE EL BCRA PUBLIQUE PERIODICAMENTE.LOS PRESTAMOS PRENDARIOS INCLUYE IVA SOBRE INTERESES. PARA EL CALCULO DEL CFTEA SE CONSIDERA UN EJEMPLO DE FINANCIACION BASADO EN MONTO A FINANCIAR PESOS 528.750 - RENAULT KWID 1.0 ZEN 0 KM 48 CUOTAS - SEGURO AUTOMOTOR CTERCEROS PESOS 2701.17 MENSUALES.
315;BANCO DE FORMOSA S.A.;2026-03-31;PRESTAMO PRENDARIO LINEA AUTOS - UVAS;LINEA AUTOS - UVAS;Pesos;40000000;500000;60;410000;0;75;75,00;75,00;Adquisición automotores 0 km;Personas humanas Responsables Inscriptos;3,00;24,36;Mixta;30,13;311,00;Todo el territorio nacional;LOS SALDOS ADEUDADOS POR EL SOLICITANTE SE ACTUALIZARAN MEDIANTE LA APLICACION DEL COEFICIENTE DE ESTABILIZACION DE REFERENCIA -CER- Y ASIMISMO SE EXPRESARAN EN CANTIDADES DE UNIDADES DE VALOR ADQUISITIVO -UVAS- SIENDO EL VALOR EN PESOS DE CADA UVA AL MOMENTO DE SU DESEMBOLSO, EL QUE EL BCRA PUBLIQUE PERIODICAMENTE.LOS PRESTAMOS PRENDARIOS INCLUYE IVA SOBRE INTERESES. PARA EL CALCULO DEL CFTEA SE CONSIDERA UN EJEMPLO DE FINANCIACION BASADO EN MONTO A FINANCIAR PESOS 528.750 - RENAULT KWID 1.0 ZEN 0 KM 48 CUOTAS - SEGURO AUTOMOTOR CTERCEROS PESOS 2701.17 MENSUALES.
315;BANCO DE FORMOSA S.A.;2026-03-31;PRESTAMO PRENDARIO LINEA AUTOS - UVAS;LINEA AUTOS - UVAS;Pesos;40000000;500000;60;410000;0;75;75,00;75,00;Adquisición automotores 0 km;Personas humanas Monotributistas;3,00;24,36;Mixta;30,13;311,00;Todo el territorio nacional;LOS SALDOS ADEUDADOS POR EL SOLICITANTE SE ACTUALIZARAN MEDIANTE LA APLICACION DEL COEFICIENTE DE ESTABILIZACION DE REFERENCIA -CER- Y ASIMISMO SE EXPRESARAN EN CANTIDADES DE UNIDADES DE VALOR ADQUISITIVO -UVAS- SIENDO EL VALOR EN PESOS DE CADA UVA AL MOMENTO DE SU DESEMBOLSO, EL QUE EL BCRA PUBLIQUE PERIODICAMENTE.LOS PRESTAMOS PRENDARIOS INCLUYE IVA SOBRE INTERESES. PARA EL CALCULO DEL CFTEA SE CONSIDERA UN EJEMPLO DE FINANCIACION BASADO EN MONTO A FINANCIAR PESOS 528.750 - RENAULT KWID 1.0 ZEN 0 KM 48 CUOTAS - SEGURO AUTOMOTOR CTERCEROS PESOS 2701.17 MENSUALES.
315;BANCO DE FORMOSA S.A.;2026-03-31;PRESTAMO PRENDARIO LINEA PREMIUM;LINEA PREMIUM;Pesos;40000000;500000;48;334800;0;86;35,00;75,00;Adquisición automotores 0 km;Beneficiarios de cuentas de la seguridad social;3,00;101,27;Fija;131,97;802,00;Todo el territorio nacional;
315;BANCO DE FORMOSA S.A.;2026-03-31;PRESTAMO PRENDARIO LINEA PREFERENCIAL;LINEA PREFERENCIAL;Pesos;40000000;500000;36;334800;0;86;35,00;75,00;Adquisición automotores 0 km;Personas humanas Monotributistas;3,00;97,51;Fija;126,78;785,00;Todo el territorio nacional;
315;BANCO DE FORMOSA S.A.;2026-03-31;PRESTAMO PRENDARIO LINEA PREMIUM;LINEA PREMIUM;Pesos;40000000;500000;48;334800;0;86;35,00;75,00;Adquisición automotores 0 km;Personas humanas en relación de dependencia;3,00;101,27;Fija;131,92;802,00;Todo el territorio nacional;
315;BANCO DE FORMOSA S.A.;2026-03-31;PRESTAMO PRENDARIO LINEA PREMIUM;LINEA PREMIUM;Pesos;40000000;500000;48;334800;0;86;35,00;75,00;Adquisición automotores 0 km;Clientes que acrediten sueldos en la entidad;3,00;101,27;Fija;131,97;802,00;Todo el territorio nacional;
315;BANCO DE FORMOSA S.A.;2026-03-31;PRESTAMO PRENDARIO LINEA MOTOS;PRENDARIO MOTOS;Pesos;12000000;500000;36;334800;0;87;75,00;75,00;Adquisición de motocicletas;Beneficiarios de cuentas de la seguridad social;3,00;97,51;Fija;126,78;785,00;Todo el territorio nacional;
315;BANCO DE FORMOSA S.A.;2026-03-31;PRESTAMO PRENDARIO LINEA MOTOS - UVAS;PRENDARIO MOTOS UVAS;Pesos;12000000;500000;60;234315;0;87;75,00;75,00;Adquisición de motocicletas;Personas humanas en relación de dependencia;3,00;24,36;Mixta;30,13;351,00;Todo el territorio nacional;LOS SALDOS ADEUDADOS POR EL SOLICITANTE SE ACTUALIZARAN MEDIANTE LA APLICACION DEL COEFICIENTE DE ESTABILIZACION DE REFERENCIA -CER- Y ASIMISMO SE EXPRESARAN EN CANTIDADES DE UNIDADES DE VALOR ADQUISITIVO -UVAS- SIENDO EL VALOR EN PESOS DE CADA UVA AL MOMENTO DE SU DESEMBOLSO, EL QUE EL BCRA PUBLIQUE PERIODICAMENTE.LOS PRESTAMOS PRENDARIOS INCLUYE IVA SOBRE INTERESES. PARA EL CALCULO DEL CFTEA SE CONSIDERA UN EJEMPLO DE FINANCIACION BASADO EN MONTO A FINANCIAR PESOS 167.000  CORVER ENERGY 110 -0 KM- 36 CUOTAS - SEGURO AUTOMOTOR CTERCEROS PESOS 1.450,48 MENSUALES.
315;BANCO DE FORMOSA S.A.;2026-03-31;PRESTAMO PRENDARIO LINEA PREMIUM;LINEA PREMIUM;Pesos;40000000;5000000;48;334800;0;86;35,00;75,00;Adquisición automotores 0 km;Clientes con cuenta en la entidad;3,00;101,27;Fija;131,97;802,00;Todo el territorio nacional;
315;BANCO DE FORMOSA S.A.;2026-03-31;PRESTAMO PRENDARIO LINEA PREMIUM;LINEA PREMIUM;Pesos;40000000;500000;48;334800;0;86;35,00;75,00;Adquisición automotores 0 km;Personas humanas Monotributistas;3,00;101,27;Fija;131,97;802,00;Todo el territorio nacional;
315;BANCO DE FORMOSA S.A.;2026-03-31;PRESTAMO PRENDARIO LINEA PREFERENCIAL;LINEA PREFERENCIAL;Pesos;40000000;500000;36;334800;0;86;35,00;75,00;Adquisición automotores 0 km;Personas humanas Responsables Inscriptos;3,00;97,51;Fija;126,78;785,00;Todo el territorio nacional;
315;BANCO DE FORMOSA S.A.;2026-03-31;PRESTAMO PRENDARIO LINEA MOTOS - UVAS;PRENDARIO MOTOS UVAS;Pesos;12000000;500000;60;234315;0;87;75,00;75,00;Adquisición de motocicletas;Personas humanas Responsables Inscriptos;3,00;24,36;Mixta;30,13;351,00;Todo el territorio nacional;LOS SALDOS ADEUDADOS POR EL SOLICITANTE SE ACTUALIZARAN MEDIANTE LA APLICACION DEL COEFICIENTE DE ESTABILIZACION DE REFERENCIA -CER- Y ASIMISMO SE EXPRESARAN EN CANTIDADES DE UNIDADES DE VALOR ADQUISITIVO -UVAS- SIENDO EL VALOR EN PESOS DE CADA UVA AL MOMENTO DE SU DESEMBOLSO, EL QUE EL BCRA PUBLIQUE PERIODICAMENTE.LOS PRESTAMOS PRENDARIOS INCLUYE IVA SOBRE INTERESES. PARA EL CALCULO DEL CFTEA SE CONSIDERA UN EJEMPLO DE FINANCIACION BASADO EN MONTO A FINANCIAR PESOS 167.000  CORVER ENERGY 110 -0 KM- 36 CUOTAS - SEGURO AUTOMOTOR CTERCEROS PESOS 1.450,48 MENSUALES.
315;BANCO DE FORMOSA S.A.;2026-03-31;PRESTAMO PRENDARIO LINEA PREMIUM;LINEA PREMIUM;Pesos;40000000;500000;48;334800;0;86;35,00;75,00;Adquisición automotores 0 km;Personas humanas Responsables Inscriptos;3,00;101,27;Fija;131,97;802,00;Todo el territorio nacional;
315;BANCO DE FORMOSA S.A.;2026-03-31;PRESTAMO PRENDARIO LINEA PREMIUM;LINEA PREMIUM;Pesos;40000000;500000;48;334800;0;86;35,00;75,00;Adquisición automotores 0 km;Empleados públicos;3,00;101,22;Fija;131,97;802,00;Todo el territorio nacional;
315;BANCO DE FORMOSA S.A.;2026-03-31;PRESTAMO PRENDARIO LINEA MOTOS - UVAS;PRENDARIO MOTOS UVAS;Pesos;12000000;500000;60;234315;0;87;75,00;75,00;Adquisición de motocicletas;Beneficiarios de cuentas de la seguridad social;3,00;24,36;Mixta;30,13;351,00;Provincia de Jujuy;LOS SALDOS ADEUDADOS POR EL SOLICITANTE SE ACTUALIZARAN MEDIANTE LA APLICACION DEL COEFICIENTE DE ESTABILIZACION DE REFERENCIA -CER- Y ASIMISMO SE EXPRESARAN EN CANTIDADES DE UNIDADES DE VALOR ADQUISITIVO -UVAS- SIENDO EL VALOR EN PESOS DE CADA UVA AL MOMENTO DE SU DESEMBOLSO, EL QUE EL BCRA PUBLIQUE PERIODICAMENTE.LOS PRESTAMOS PRENDARIOS INCLUYE IVA SOBRE INTERESES. PARA EL CALCULO DEL CFTEA SE CONSIDERA UN EJEMPLO DE FINANCIACION BASADO EN MONTO A FINANCIAR PESOS 167.000  CORVER ENERGY 110 -0 KM- 36 CUOTAS - SEGURO AUTOMOTOR CTERCEROS PESOS 1.450,48 MENSUALES.
315;BANCO DE FORMOSA S.A.;2026-03-31;PRESTAMO PRENDARIO LINEA MOTOS;PRENDARIO MOTOS;Pesos;12000000;500000;36;334800;0;87;75,00;75,00;Adquisición de motocicletas;Personas humanas Monotributistas;3,00;97,51;Fija;126,78;785,00;Todo el territorio nacional;
315;BANCO DE FORMOSA S.A.;2026-03-31;PRESTAMO PRENDARIO LINEA PREFERENCIAL;LINEA PREFERENCIAL;Pesos;40000000;500000;36;334800;0;86;35,00;75,00;Adquisición automotores 0 km;Clientes con cuenta en la entidad;3,00;97,51;Fija;126,78;785,00;Todo el territorio nacional;
315;BANCO DE FORMOSA S.A.;2026-03-31;PRESTAMO PRENDARIO LINEA MOTOS;PRENDARIO MOTOS;Pesos;12000000;500000;36;334800;0;87;75,00;75,00;Adquisición de motocicletas;Clientes que acrediten sueldos en la entidad;3,00;97,51;Fija;126,78;785,00;Todo el territorio nacional;
315;BANCO DE FORMOSA S.A.;2026-03-31;PRESTAMO PRENDARIO LINEA MOTOS;PRENDARIO MOTOS;Pesos;12000000;500000;36;334800;0;87;75,00;75,00;Adquisición de motocicletas;Personas humanas Responsables Inscriptos;3,00;97,51;Fija;126,78;785,00;Todo el territorio nacional;
315;BANCO DE FORMOSA S.A.;2026-03-31;PRESTAMO PRENDARIO LINEA MOTOS - UVAS;PRENDARIO MOTOS UVAS;Pesos;12000000;500000;60;234315;0;87;75,00;75,00;Adquisición de motocicletas;Personas humanas Monotributistas;3,00;24,36;Mixta;30,13;351,00;Todo el territorio nacional;LOS SALDOS ADEUDADOS POR EL SOLICITANTE SE ACTUALIZARAN MEDIANTE LA APLICACION DEL COEFICIENTE DE ESTABILIZACION DE REFERENCIA -CER- Y ASIMISMO SE EXPRESARAN EN CANTIDADES DE UNIDADES DE VALOR ADQUISITIVO -UVAS- SIENDO EL VALOR EN PESOS DE CADA UVA AL MOMENTO DE SU DESEMBOLSO, EL QUE EL BCRA PUBLIQUE PERIODICAMENTE.LOS PRESTAMOS PRENDARIOS INCLUYE IVA SOBRE INTERESES. PARA EL CALCULO DEL CFTEA SE CONSIDERA UN EJEMPLO DE FINANCIACION BASADO EN MONTO A FINANCIAR PESOS 167.000  CORVER ENERGY 110 -0 KM- 36 CUOTAS - SEGURO AUTOMOTOR CTERCEROS PESOS 1.450,48 MENSUALES.
315;BANCO DE FORMOSA S.A.;2026-03-31;PRESTAMO PRENDARIO LINEA PREFERENCIAL;LINEA PREFERENCIAL;Pesos;40000000;500000;36;334800;0;86;35,00;75,00;Adquisición automotores 0 km;Empleados públicos;3,00;97,51;Fija;126,78;785,00;Todo el territorio nacional;
315;BANCO DE FORMOSA S.A.;2026-03-31;PRESTAMO PRENDARIO LINEA PREFERENCIAL;LINEA PREFERENCIAL;Pesos;40000000;500000;36;334800;0;86;35,00;75,00;Adquisición automotores 0 km;Beneficiarios de cuentas de la seguridad social;3,00;97,51;Fija;126,78;785,00;Todo el territorio nacional;
315;BANCO DE FORMOSA S.A.;2026-03-31;PRESTAMO PRENDARIO LINEA MOTOS;PRENDARIO MOTOS;Pesos;12000000;500000;36;334800;0;87;75,00;75,00;Adquisición de motocicletas;Clientes con cuenta en la entidad;3,00;97,51;Fija;126,78;785,00;Todo el territorio nacional;
315;BANCO DE FORMOSA S.A.;2026-03-31;PRESTAMO PRENDARIO LINEA MOTOS - UVAS;PRENDARIO MOTOS UVAS;Pesos;12000000;500000;60;234315;0;87;75,00;75,00;Adquisición de motocicletas;Empleados públicos;3,00;24,36;Mixta;30,13;351,00;Todo el territorio nacional;LOS SALDOS ADEUDADOS POR EL SOLICITANTE SE ACTUALIZARAN MEDIANTE LA APLICACION DEL COEFICIENTE DE ESTABILIZACION DE REFERENCIA -CER- Y ASIMISMO SE EXPRESARAN EN CANTIDADES DE UNIDADES DE VALOR ADQUISITIVO -UVAS- SIENDO EL VALOR EN PESOS DE CADA UVA AL MOMENTO DE SU DESEMBOLSO, EL QUE EL BCRA PUBLIQUE PERIODICAMENTE.LOS PRESTAMOS PRENDARIOS INCLUYE IVA SOBRE INTERESES. PARA EL CALCULO DEL CFTEA SE CONSIDERA UN EJEMPLO DE FINANCIACION BASADO EN MONTO A FINANCIAR PESOS 167.000  CORVER ENERGY 110 -0 KM- 36 CUOTAS - SEGURO AUTOMOTOR CTERCEROS PESOS 1.450,48 MENSUALES.
315;BANCO DE FORMOSA S.A.;2026-03-31;PRESTAMO PRENDARIO LINEA MOTOS;PRENDARIO MOTOS;Pesos;12000000;500000;36;334800;0;87;75,00;75,00;Adquisición de motocicletas;Personas humanas en relación de dependencia;3,00;97,51;Fija;126,78;785,00;Todo el territorio nacional;
315;BANCO DE FORMOSA S.A.;2026-03-31;PRESTAMO PRENDARIO LINEA MOTOS - UVAS;PRENDARIO MOTOS UVAS;Pesos;12000000;500000;60;234315;0;87;75,00;75,00;Adquisición de motocicletas;Clientes con cuenta en la entidad;3,00;24,36;Mixta;30,13;351,00;Todo el territorio nacional;LOS SALDOS ADEUDADOS POR EL SOLICITANTE SE ACTUALIZARAN MEDIANTE LA APLICACION DEL COEFICIENTE DE ESTABILIZACION DE REFERENCIA -CER- Y ASIMISMO SE EXPRESARAN EN CANTIDADES DE UNIDADES DE VALOR ADQUISITIVO -UVAS- SIENDO EL VALOR EN PESOS DE CADA UVA AL MOMENTO DE SU DESEMBOLSO, EL QUE EL BCRA PUBLIQUE PERIODICAMENTE.LOS PRESTAMOS PRENDARIOS INCLUYE IVA SOBRE INTERESES. PARA EL CALCULO DEL CFTEA SE CONSIDERA UN EJEMPLO DE FINANCIACION BASADO EN MONTO A FINANCIAR PESOS 167.000  CORVER ENERGY 110 -0 KM- 36 CUOTAS - SEGURO AUTOMOTOR CTERCEROS PESOS 1.450,48 MENSUALES.
386;NUEVO BANCO DE ENTRE RÍOS S.A.;2026-04-06;PRESTAMO PRENDARIO EMPLEADOS PUBLICOS;PRENDARIO;Pesos;50000000;1;60;322000;0;83;70,00;90,00;Adquisición automotores 0 km;Empleados públicos;3,00;89,78;Fija;89,78;542,00;Todo el territorio nacional;-.-
386;NUEVO BANCO DE ENTRE RÍOS S.A.;2026-04-06;PRESTAMO PRENDARIO EMPLEADOS PUBLICOS;PRENDARIO;Pesos;50000000;1;60;322000;0;83;70,00;70,00;Adquisición de automotores usados;Empleados públicos;3,00;89,78;Fija;89,78;542,00;Todo el territorio nacional;-.-
386;NUEVO BANCO DE ENTRE RÍOS S.A.;2026-04-06;PRESTAMO PRENDARIO UVA EMPLEADOS PUBLICOS;PRENDARIO UVA;UVA;50000000;1;60;322000;0;83;70,00;70,00;Adquisición de automotores usados;Empleados públicos;3,00;38,16;Fija;38,16;329,00;Todo el territorio nacional;-.-
386;NUEVO BANCO DE ENTRE RÍOS S.A.;2026-04-06;PRESTAMO PRENDARIO UVA EMPLEADOS PUBLICOS;PRENDARIO UVA;UVA;50000000;1;60;322000;0;83;70,00;90,00;Adquisición automotores 0 km;Empleados públicos;3,00;38,16;Fija;38,16;329,00;Todo el territorio nacional;-.-
389;BANCO COLUMBIA S.A.;2026-02-20;COLUMBIA PRENDARIO PLAN CONFORT;COLUMBIA CONFORT;Pesos;50000000;1000000;60;130000;3;75;30,00;50,00;Adquisición automotores 0 km;Todos los beneficiarios;6,05;97,27;Fija;129,03;72500,00;Todo el territorio nacional;
389;BANCO COLUMBIA S.A.;2026-02-20;COLUMBIA PRENDARIO PLAN CONFORT;COLUMBIA CONFORT;Pesos;50000000;1000000;60;130000;3;75;30,00;50,00;Adquisición automotores 0 km;Todos los beneficiarios;6,05;97,27;Fija;129,03;72500,00;Todo el territorio nacional;
389;BANCO COLUMBIA S.A.;2026-02-20;COLUMBIA PRENDARIO PLAN CONFORT;COLUMBIA CONFORT;Pesos;50000000;1000000;60;130000;3;75;30,00;50,00;Adquisición automotores 0 km;Todos los beneficiarios;6,05;97,27;Fija;129,03;72500,00;Todo el territorio nacional;
431;BANCO COINAG S.A.;2025-09-30;PRENDARIOS CONSUMO;PRENDARIOS CONSUMO;Pesos;50000000;100000;60;5000;6;64;40,00;80,00;Adquisición automotores 0 km;Personas humanas Responsables Inscriptos;3,00;88,37;Fija;127,43;67929,00;Provincia de Santa Fe;OKM
431;BANCO COINAG S.A.;2025-09-30;PRENDARIOS CONSUMO;PRENDARIOS CONSUMO;Pesos;50000000;100000;60;5000;6;64;40,00;80,00;Adquisición automotores 0 km;Clientes con cuenta en la entidad;3,00;88,37;Fija;127,43;67929,00;Provincia de Santa Fe;OKM
431;BANCO COINAG S.A.;2025-09-30;PRENDARIOS COMERCIAL;PRENDARIOS COMERCIAL;Pesos;50000000;100000;60;5000;6;64;40,00;70,00;Adquisición para capital de trabajo;Personas jurídicas;3,00;88,37;Fija;127,43;67929,00;Provincia de Santa Fe;USADOS
431;BANCO COINAG S.A.;2025-09-30;PRENDARIOS COMERCIALIZADORAS;PREND COMER;Pesos;50000000;100000;60;5000;6;64;40,00;80,00;Adquisición automotores 0 km;Personas humanas en relación de dependencia;3,00;88,37;Fija;127,43;67929,00;Provincia de Santa Fe;OKM
431;BANCO COINAG S.A.;2025-09-30;PRENDARIOS COMERCIAL;PRENDARIOS COMERCIAL;Pesos;50000000;100000;60;5000;6;64;40,00;80,00;Adquisición para capital de trabajo;Personas jurídicas;3,00;88,37;Fija;127,43;67929,00;Provincia de Santa Fe;OKM
431;BANCO COINAG S.A.;2025-09-30;PRENDARIOS COMERCIAL;PRENDARIOS COMERCIAL;Pesos;50000000;100000;60;5000;6;64;40,00;80,00;Adquisición para capital de trabajo;Personas humanas Responsables Inscriptos;3,00;88,37;Fija;127,43;67929,00;Provincia de Santa Fe;OKM
431;BANCO COINAG S.A.;2025-09-30;PRENDARIOS COMERCIAL;PRENDARIOS COMERCIAL;Pesos;50000000;100000;60;5000;6;64;40,00;80,00;Adquisición para capital de trabajo;Personas humanas Monotributistas;3,00;88,37;Fija;127,43;67929,00;Provincia de Santa Fe;OKM
431;BANCO COINAG S.A.;2025-09-30;PRENDARIOS COMERCIAL;PRENDARIOS COMERCIAL;Pesos;50000000;100000;60;5000;6;64;40,00;70,00;Adquisición para capital de trabajo;Personas humanas Responsables Inscriptos;3,00;88,37;Fija;127,43;67929,00;Provincia de Santa Fe;USADOS
431;BANCO COINAG S.A.;2025-09-30;PRENDARIOS CONSUMO;PRENDARIOS CONSUMO;Pesos;50000000;100000;60;5000;6;64;40,00;80,00;Adquisición automotores 0 km;Personas humanas en relación de dependencia;3,00;88,37;Fija;127,43;67929,00;Provincia de Santa Fe;OKM
431;BANCO COINAG S.A.;2025-09-30;PRENDARIOS COMERCIAL;PRENDARIOS COMERCIAL;Pesos;50000000;100000;60;5000;6;64;40,00;80,00;Adquisición para capital de trabajo;MiPyMEs;3,00;88,37;Fija;127,43;67929,00;Provincia de Santa Fe;OKM
431;BANCO COINAG S.A.;2025-09-30;PRENDARIOS CONSUMO;PRENDARIOS CONSUMO;Pesos;50000000;100000;60;5000;6;64;40,00;70,00;Adquisición de automotores usados;Personas humanas Monotributistas;3,00;88,37;Fija;127,43;67929,00;Provincia de Santa Fe;USADOS
431;BANCO COINAG S.A.;2025-09-30;PRENDARIOS COMERCIALIZADORAS;PREND COMER;Pesos;50000000;100000;60;5000;6;64;40,00;70,00;Adquisición de automotores usados;Personas humanas Monotributistas;3,00;88,37;Fija;127,43;67929,00;Provincia de Santa Fe;USADOS
431;BANCO COINAG S.A.;2025-09-30;PRENDARIOS COMERCIALIZADORAS;PREND COMER;Pesos;50000000;100000;60;5000;6;64;40,00;70,00;Adquisición de automotores usados;Clientes con cuenta en la entidad;3,00;88,37;Fija;127,43;67929,00;Provincia de Santa Fe;USADOS
431;BANCO COINAG S.A.;2025-09-30;PRENDARIOS CONSUMO;PRENDARIOS CONSUMO;Pesos;50000000;100000;60;5000;6;64;40,00;70,00;Adquisición de automotores usados;Personas humanas Responsables Inscriptos;3,00;88,37;Fija;127,43;67929,00;Provincia de Santa Fe;USADOS
431;BANCO COINAG S.A.;2025-09-30;PRENDARIOS COMERCIALIZADORAS;PREND COMER;Pesos;50000000;100000;60;5000;6;64;40,00;80,00;Adquisición automotores 0 km;Personas humanas Monotributistas;3,00;88,37;Fija;127,43;67929,00;Provincia de Santa Fe;OKM
431;BANCO COINAG S.A.;2025-09-30;PRENDARIOS COMERCIALIZADORAS;PREND COMER;Pesos;50000000;100000;60;5000;6;64;40,00;80,00;Adquisición automotores 0 km;Clientes con cuenta en la entidad;3,00;88,37;Fija;127,43;67929,00;Provincia de Santa Fe;OKM
431;BANCO COINAG S.A.;2025-09-30;PRENDARIOS COMERCIAL;PRENDARIOS COMERCIAL;Pesos;50000000;100000;60;5000;6;64;40,00;70,00;Adquisición para capital de trabajo;MiPyMEs;3,00;88,37;Fija;127,43;67929,00;Provincia de Santa Fe;USADOS
431;BANCO COINAG S.A.;2025-09-30;PRENDARIOS COMERCIAL;PRENDARIOS COMERCIAL;Pesos;50000000;100000;60;5000;6;64;40,00;70,00;Adquisición para capital de trabajo;Personas humanas Monotributistas;3,00;88,37;Fija;127,43;67929,00;Provincia de Santa Fe;USADOS
431;BANCO COINAG S.A.;2025-09-30;PRENDARIOS CONSUMO;PRENDARIOS CONSUMO;Pesos;50000000;100000;60;5000;6;64;40,00;80,00;Adquisición automotores 0 km;Personas humanas Monotributistas;3,00;88,37;Fija;127,43;67929,00;Provincia de Santa Fe;OKM
431;BANCO COINAG S.A.;2025-09-30;PRENDARIOS COMERCIALIZADORAS;PREND COMER;Pesos;50000000;100000;60;5000;6;64;40,00;80,00;Adquisición automotores 0 km;Personas humanas Responsables Inscriptos;3,00;88,37;Fija;127,43;67929,00;Provincia de Santa Fe;OKM
431;BANCO COINAG S.A.;2025-09-30;PRENDARIOS COMERCIALIZADORAS;PREND COMER;Pesos;50000000;100000;60;5000;6;64;40,00;70,00;Adquisición de automotores usados;Personas humanas Responsables Inscriptos;3,00;88,37;Fija;127,43;67929,00;Provincia de Santa Fe;USADOS
431;BANCO COINAG S.A.;2025-09-30;PRENDARIOS CONSUMO;PRENDARIOS CONSUMO;Pesos;50000000;100000;60;5000;6;64;40,00;70,00;Adquisición de automotores usados;Clientes con cuenta en la entidad;3,00;88,37;Fija;127,43;67929,00;Provincia de Santa Fe;USADOS
431;BANCO COINAG S.A.;2025-09-30;PRENDARIOS CONSUMO;PRENDARIOS CONSUMO;Pesos;50000000;100000;60;5000;6;64;40,00;70,00;Adquisición de automotores usados;Personas humanas en relación de dependencia;3,00;88,37;Fija;127,43;67929,00;Provincia de Santa Fe;USADOS
431;BANCO COINAG S.A.;2025-09-30;PRENDARIOS COMERCIALIZADORAS;PREND COMER;Pesos;50000000;100000;60;5000;6;64;40,00;70,00;Adquisición de automotores usados;Personas humanas en relación de dependencia;3,00;88,37;Fija;127,43;67929,00;Provincia de Santa Fe;USADOS
432;BANCO DE COMERCIO S.A.;2026-04-16;PRENDARIO;PRENDARIO;Pesos;350000;30000;30;10000;6;70;50,00;65,00;Adquisición automotores 0 km;Personas humanas Monotributistas;,00;131,62;Fija;187,70;619360,00;Todo el territorio nacional;
432;BANCO DE COMERCIO S.A.;2026-04-16;PRENDARIO;PRENDARIO;Pesos;350000;30000;30;10000;6;70;50,00;65,00;Adquisición automotores 0 km;Personas humanas Responsables Inscriptos;,00;131,62;Fija;187,70;619360,00;Todo el territorio nacional;
432;BANCO DE COMERCIO S.A.;2026-04-16;PRENDARIO;PRENDARIO;Pesos;350000;30000;30;10000;6;70;50,00;65,00;Adquisición automotores 0 km;Personas humanas en relación de dependencia;,00;131,62;Fija;187,70;619360,00;Todo el territorio nacional;
44088;VOLKSWAGEN FINANCIAL SERVICES COMPAÑIA FINANCIERA S.A.;2026-04-09;CAMPAÑA UNICA;CAMPAÑA UNICA;Pesos;50000000;10000;24;8000;12;75;30,00;80,00;Adquisición automotores 0 km;Personas humanas Responsables Inscriptos;5,00;64,78;Fija;86,88;762,00;Todo el territorio nacional;CANCELACION ANTICIPADA SIN CARGO TRAS EL 25 POR CIENTO DEL PLAZO PACTADO O 180 DIAS DESDE LA LIQUIDACION, EL MENOR. EL PARAMETRO UTILIZADO PARA EL CALCULO DEL CFT NO NECESARIAMENTE SERA EL QUE EFECTIVAMENTE CORRESPONDA A LAS FINANCIACIONES QUE SE OTORGUEN, LAS QUE PODRAN CONCERTARSE POR IMPORTES, VEHICULO EN GARANTIA, COMPANIAS DE SEGURO, COBERTURAS Y ZONAS DE RIESGO DIFERENTES AL EJEMPLO UTILIZADO, EN ESTE CASO PARA POLO TREND, COBERTURA CONTRA 3ROS COMPLETO PATENTADO EN BAHIA BLANCA, CAMPAÑA EXTENSIBLE A USADOS DESDE 2020 Y PARA RESIDENTES CON NACIONALIDAD ARGENTINA O EXTRANJEROS CON RESIDENCIA PERMANENTE
44088;VOLKSWAGEN FINANCIAL SERVICES COMPAÑIA FINANCIERA S.A.;2026-04-09;CAMPAÑA UNICA;CAMPAÑA UNICA;Pesos;50000000;10000;24;8000;12;75;30,00;80,00;Adquisición automotores 0 km;Personas humanas Monotributistas;5,00;64,78;Fija;86,88;762,00;Todo el territorio nacional;CANCELACION ANTICIPADA SIN CARGO TRAS EL 25 POR CIENTO DEL PLAZO PACTADO O 180 DIAS DESDE LA LIQUIDACION, EL MENOR. EL PARAMETRO UTILIZADO PARA EL CALCULO DEL CFT NO NECESARIAMENTE SERA EL QUE EFECTIVAMENTE CORRESPONDA A LAS FINANCIACIONES QUE SE OTORGUEN, LAS QUE PODRAN CONCERTARSE POR IMPORTES, VEHICULO EN GARANTIA, COMPANIAS DE SEGURO, COBERTURAS Y ZONAS DE RIESGO DIFERENTES AL EJEMPLO UTILIZADO, EN ESTE CASO PARA POLO TREND, COBERTURA CONTRA 3ROS COMPLETO PATENTADO EN BAHIA BLANCA, CAMPAÑA EXTENSIBLE A USADOS DESDE 2020 Y PARA RESIDENTES CON NACIONALIDAD ARGENTINA O EXTRANJEROS CON RESIDENCIA PERMANENTE
44088;VOLKSWAGEN FINANCIAL SERVICES COMPAÑIA FINANCIERA S.A.;2026-04-09;CAMPAÑA UNICA;CAMPAÑA UNICA;Pesos;50000000;10000;24;8000;12;75;30,00;80,00;Adquisición automotores 0 km;Personas humanas en relación de dependencia;5,00;64,78;Fija;86,88;762,00;Todo el territorio nacional;CANCELACION ANTICIPADA SIN CARGO TRAS EL 25 POR CIENTO DEL PLAZO PACTADO O 180 DIAS DESDE LA LIQUIDACION, EL MENOR. EL PARAMETRO UTILIZADO PARA EL CALCULO DEL CFT NO NECESARIAMENTE SERA EL QUE EFECTIVAMENTE CORRESPONDA A LAS FINANCIACIONES QUE SE OTORGUEN, LAS QUE PODRAN CONCERTARSE POR IMPORTES, VEHICULO EN GARANTIA, COMPANIAS DE SEGURO, COBERTURAS Y ZONAS DE RIESGO DIFERENTES AL EJEMPLO UTILIZADO, EN ESTE CASO PARA POLO TREND, COBERTURA CONTRA 3ROS COMPLETO PATENTADO EN BAHIA BLANCA, CAMPAÑA EXTENSIBLE A USADOS DESDE 2020 Y PARA RESIDENTES CON NACIONALIDAD ARGENTINA O EXTRANJEROS CON RESIDENCIA PERMANENTE
44088;VOLKSWAGEN FINANCIAL SERVICES COMPAÑIA FINANCIERA S.A.;2026-04-09;CAMPAÑA UNICA;CAMPAÑA UNICA;Pesos;50000000;10000;24;8000;12;75;30,00;80,00;Adquisición automotores 0 km;Clientes con cuenta en la entidad;5,00;64,78;Fija;86,88;762,00;Todo el territorio nacional;CANCELACION ANTICIPADA SIN CARGO TRAS EL 25 POR CIENTO DEL PLAZO PACTADO O 180 DIAS DESDE LA LIQUIDACION, EL MENOR. EL PARAMETRO UTILIZADO PARA EL CALCULO DEL CFT NO NECESARIAMENTE SERA EL QUE EFECTIVAMENTE CORRESPONDA A LAS FINANCIACIONES QUE SE OTORGUEN, LAS QUE PODRAN CONCERTARSE POR IMPORTES, VEHICULO EN GARANTIA, COMPANIAS DE SEGURO, COBERTURAS Y ZONAS DE RIESGO DIFERENTES AL EJEMPLO UTILIZADO, EN ESTE CASO PARA POLO TREND, COBERTURA CONTRA 3ROS COMPLETO PATENTADO EN BAHIA BLANCA, CAMPAÑA EXTENSIBLE A USADOS DESDE 2020 Y PARA RESIDENTES CON NACIONALIDAD ARGENTINA O EXTRANJEROS CON RESIDENCIA PERMANENTE
44088;VOLKSWAGEN FINANCIAL SERVICES COMPAÑIA FINANCIERA S.A.;2026-04-09;CAMPAÑA UNICA;CAMPAÑA UNICA;Pesos;50000000;10000;24;8000;12;75;30,00;80,00;Adquisición automotores 0 km;Empleados públicos;5,00;64,78;Fija;86,88;762,00;Todo el territorio nacional;CANCELACION ANTICIPADA SIN CARGO TRAS EL 25 POR CIENTO DEL PLAZO PACTADO O 180 DIAS DESDE LA LIQUIDACION, EL MENOR. EL PARAMETRO UTILIZADO PARA EL CALCULO DEL CFT NO NECESARIAMENTE SERA EL QUE EFECTIVAMENTE CORRESPONDA A LAS FINANCIACIONES QUE SE OTORGUEN, LAS QUE PODRAN CONCERTARSE POR IMPORTES, VEHICULO EN GARANTIA, COMPANIAS DE SEGURO, COBERTURAS Y ZONAS DE RIESGO DIFERENTES AL EJEMPLO UTILIZADO, EN ESTE CASO PARA POLO TREND, COBERTURA CONTRA 3ROS COMPLETO PATENTADO EN BAHIA BLANCA, CAMPAÑA EXTENSIBLE A USADOS DESDE 2020 Y PARA RESIDENTES CON NACIONALIDAD ARGENTINA O EXTRANJEROS CON RESIDENCIA PERMANENTE
44092;FCA COMPAÑIA FINANCIERA S.A.;2026-03-31;NUEVO PLAN INTEGRAL TASA FIJA;INTEGRAL TASA FIJA;Pesos;70000000;1;36;352400;3;100;30,00;80,00;Adquisición automotores 0 km;Todos los beneficiarios;10,00;69,45;Fija;126,79;654,00;Todo el territorio nacional;UNIDADES FIAT 0 KM TODOS SUS MODELOS. SEGURO DE LA UNIDAD A CONTRATAR POR EL CLIENTE POLIZA ENDOSADA A FAVOR DE FCA COMPANIA FINANCIERA S.A. TIPO DE PRESTAMO EN PESOS A TASA FIJA
44092;FCA COMPAÑIA FINANCIERA S.A.;2026-03-31;PLAN UVA CON SEGURO CAUTIVO;PLAN UVA;UVA;70000000;1;36;352400;3;100;30,00;80,00;Adquisición automotores 0 km;Todos los beneficiarios;,00;38,35;Fija;88,52;495,00;Ciudad Autónoma de Buenos Aires;UNIDADES FIAT 0 KM TODOS SUS MODELOS. SEGURO DE LA UNIDAD A CONTRATAR POR EL CLIENTE POLIZA ENDOSADA A FAVOR DE FCA COMPANIA FINANCIERA S.A. TIPO DE PRESTAMO PRENDARIO UVA A TASA FIJA
44092;FCA COMPAÑIA FINANCIERA S.A.;2026-03-31;PLAN USADOS A TASA FIJA;USADOS A TASA FIJA;Pesos;70000000;1;60;352400;3;100;30,00;70,00;Adquisición de automotores usados;Todos los beneficiarios;5,00;52,44;Fija;97,40;477,00;Todo el territorio nacional;VEHICULOS USADOS DE TODAS LAS MARCAS HASTA 5 AÑOS DE ANTIGUEDAD. SEGURO DE LA UNIDAD A CONTRATAR POR EL CLIENTE. POLIZA ENDOSADA A FAVOR DE FCA COMPANIA FINANCIERA S.A.
44092;FCA COMPAÑIA FINANCIERA S.A.;2026-03-31;PRESTAMOS UVA USADOS;PLAN USADOS UVA;UVA;70000000;1;60;352400;3;100;30,00;70,00;Adquisición de automotores usados;Todos los beneficiarios;,00;30,48;Fija;67,54;349,00;Todo el territorio nacional;VEHICULOS USADOS DE TODAS LAS MARCAS HASTA 5 AÑOS DE ANTIGUEDAD. SEGURO DE LA UNIDAD A CONTRATAR POR EL CLIENTE. POLIZA ENDOSADA A FAVOR DE FCA COMPANIA FINANCIERA S.A
44093;GPAT COMPAÑIA FINANCIERA S.A.U.;2026-04-16;PLAN PROMOCION 0KM (EXCEPTO TIERRA DEL FUEGO);PLAN PROMO 0KM (EXC. TDF);Pesos;0;357800;60;715600;12;100;30,00;90,00;Adquisición automotores 0 km;MiPyMEs;5,00;78,73;Fija;107,54;130452,00;Todo el territorio nacional;PLAN VALIDO EN TODO EL TERRITORIO NACIONAL, EXCEPTO TIERRA DEL FUEGO (LA CUOTA INICIAL A PLAZO MAXIMO INCLUYE EL CARGO POR SEGURO AUTOMOTOR SEGUN COBERTURA BASICA CONTRA TERCEROS COMPLETOS POR 72327 PESOS) NO HAY MONTO MAXIMO OTORGABLE EL COSTO FINANCIERO EFECTIVO TOTAL MAXIMO CORRESPONDE A UN PRESTAMO POR 1000000 A 12 MESES INCLUYE EL CARGO POR SEGURO AUTOMOTOR SEGUN COBERTURA BASICA CONTRA TERCEROS COMPLETOS POR 72327 PESOS E IVA
44093;GPAT COMPAÑIA FINANCIERA S.A.U.;2026-04-16;PLAN PROMOCION USADOS (EXCEPTO TIERRA DEL FUEGO);PLAN PROMOCION USADOS;Pesos;0;357800;60;715600;12;100;30,00;90,00;Adquisición de automotores (marcas con convenios con la entidad);MiPyMEs;5,00;78,73;Fija;107,54;130452,00;Todo el territorio nacional;PLAN VALIDO EN TODO EL TERRITORIO NACIONAL, EXCEPTO TIERRA DEL FUEGO (LA CUOTA INICIAL A PLAZO MAXIMO INCLUYE EL CARGO POR SEGURO AUTOMOTOR SEGUN COBERTURA BASICA CONTRA TERCEROS COMPLETOS POR 72327 PESOS) NO HAY MONTO MAXIMO OTORGABLE EL COSTO FINANCIERO EFECTIVO TOTAL MAXIMO CORRESPONDE A UN PRESTAMO POR 1000000 A 12 MESES INCLUYE EL CARGO POR SEGURO AUTOMOTOR SEGUN COBERTURA BASICA CONTRA TERCEROS COMPLETOS POR 72327 PESOS E IVA. LA RELACION MONTO / TASACION Y EL PLAZO MAXIMO OTORGABLE DEPENDERA DE LA ANTIGUEDAD DEL VEHICULO. PARA VEHICULOS DE 1 A 3 ANOS LA RELACION ENTRE EL MONTO Y LA TASACION ES DEL 0,70 Y PLAZO MAXIMO 60 MESES, PARA VEHICULOS DE 4 A 5 ANOS DE ANTIGUEDAD LA RELACION ENTRE EL MONTO Y LA TASACION ES DEL 0,60 Y EL PLAZO MAXIMO 48 MESES, PARA VEHICULOS DE 6 A 8 ANOS DE ANTIGUEDAD LA RELACION ENTRE EL MONTO Y LA TASACION ES DEL 0,50 Y EL PLAZO MAXIMO DE 48 MESES Y PARA VEHICULOS DE 9 A 10 ANOS LA RELACION ENTRE EL MONTO Y LA TASACION ES DEL 0,40 Y EL PLAZO MAXIMO DISPONIBLE 48 MESES.
44093;GPAT COMPAÑIA FINANCIERA S.A.U.;2026-04-16;PLAN UNICO MOTOS 0KM/USADAS (EXCEPTO TIERRA DEL FUEGO);PLAN UNICO MOTOS;Pesos;0;357800;60;715600;12;100;30,00;80,00;Adquisición de motocicletas;Personas humanas Monotributistas;5,00;78,73;Fija;193,33;94840,00;Provincia de Mendoza;PLAN VALIDO EN CABA, CATAMARCA, CORDOBA, MENDOZA Y SANTA FE (LA CUOTA INICIAL A PLAZO MAXIMO INCLUYE EL CARGO POR SEGURO AUTOMOTOR SEGUN COBERTURA BASICA CONTRA TERCEROS COMPLETOS POR 4433,09  PESOS) NO HAY MONTO MAXIMO OTORGABLE EL COSTO FINANCIERO EFECTIVO TOTAL MAXIMO CORRESPONDE A UN PRESTAMO POR 1000000 A 12 MESES INCLUYE EL CARGO POR SEGURO AUTOMOTOR SEGUN COBERTURA BASICA CONTRA TERCEROS COMPLETOS POR 4433,09  PESOS E IVA
44093;GPAT COMPAÑIA FINANCIERA S.A.U.;2026-04-16;PLAN UNICO MOTOS 0KM/USADAS (EXCEPTO TIERRA DEL FUEGO);PLAN UNICO MOTOS;Pesos;0;357800;60;715600;12;100;30,00;80,00;Adquisición de motocicletas;MiPyMEs;5,00;78,73;Fija;193,33;94840,00;Provincia de Mendoza;PLAN VALIDO EN CABA, CATAMARCA, CORDOBA, MENDOZA Y SANTA FE (LA CUOTA INICIAL A PLAZO MAXIMO INCLUYE EL CARGO POR SEGURO AUTOMOTOR SEGUN COBERTURA BASICA CONTRA TERCEROS COMPLETOS POR 4433,09  PESOS) NO HAY MONTO MAXIMO OTORGABLE EL COSTO FINANCIERO EFECTIVO TOTAL MAXIMO CORRESPONDE A UN PRESTAMO POR 1000000 A 12 MESES INCLUYE EL CARGO POR SEGURO AUTOMOTOR SEGUN COBERTURA BASICA CONTRA TERCEROS COMPLETOS POR 4433,09  PESOS E IVA
44093;GPAT COMPAÑIA FINANCIERA S.A.U.;2026-04-16;PLAN PROMOCION 0KM (EXCEPTO TIERRA DEL FUEGO);PLAN PROMO 0KM (EXC. TDF);Pesos;0;357800;60;715600;12;100;30,00;90,00;Adquisición automotores 0 km;Empleados públicos;5,00;78,73;Fija;107,54;130452,00;Todo el territorio nacional;PLAN VALIDO EN TODO EL TERRITORIO NACIONAL, EXCEPTO TIERRA DEL FUEGO (LA CUOTA INICIAL A PLAZO MAXIMO INCLUYE EL CARGO POR SEGURO AUTOMOTOR SEGUN COBERTURA BASICA CONTRA TERCEROS COMPLETOS POR 72327 PESOS) NO HAY MONTO MAXIMO OTORGABLE EL COSTO FINANCIERO EFECTIVO TOTAL MAXIMO CORRESPONDE A UN PRESTAMO POR 1000000 A 12 MESES INCLUYE EL CARGO POR SEGURO AUTOMOTOR SEGUN COBERTURA BASICA CONTRA TERCEROS COMPLETOS POR 72327 PESOS E IVA
44093;GPAT COMPAÑIA FINANCIERA S.A.U.;2026-04-16;PLAN PROMOCION USADOS (EXCEPTO TIERRA DEL FUEGO);PLAN PROMOCION USADOS;Pesos;0;357800;60;715600;12;100;30,00;90,00;Adquisición de automotores (marcas con convenios con la entidad);Empleados públicos;5,00;78,73;Fija;107,54;130452,00;Todo el territorio nacional;PLAN VALIDO EN TODO EL TERRITORIO NACIONAL, EXCEPTO TIERRA DEL FUEGO (LA CUOTA INICIAL A PLAZO MAXIMO INCLUYE EL CARGO POR SEGURO AUTOMOTOR SEGUN COBERTURA BASICA CONTRA TERCEROS COMPLETOS POR 72327 PESOS) NO HAY MONTO MAXIMO OTORGABLE EL COSTO FINANCIERO EFECTIVO TOTAL MAXIMO CORRESPONDE A UN PRESTAMO POR 1000000 A 12 MESES INCLUYE EL CARGO POR SEGURO AUTOMOTOR SEGUN COBERTURA BASICA CONTRA TERCEROS COMPLETOS POR 72327 PESOS E IVA. LA RELACION MONTO / TASACION Y EL PLAZO MAXIMO OTORGABLE DEPENDERA DE LA ANTIGUEDAD DEL VEHICULO. PARA VEHICULOS DE 1 A 3 ANOS LA RELACION ENTRE EL MONTO Y LA TASACION ES DEL 0,70 Y PLAZO MAXIMO 60 MESES, PARA VEHICULOS DE 4 A 5 ANOS DE ANTIGUEDAD LA RELACION ENTRE EL MONTO Y LA TASACION ES DEL 0,60 Y EL PLAZO MAXIMO 48 MESES, PARA VEHICULOS DE 6 A 8 ANOS DE ANTIGUEDAD LA RELACION ENTRE EL MONTO Y LA TASACION ES DEL 0,50 Y EL PLAZO MAXIMO DE 48 MESES Y PARA VEHICULOS DE 9 A 10 ANOS LA RELACION ENTRE EL MONTO Y LA TASACION ES DEL 0,40 Y EL PLAZO MAXIMO DISPONIBLE 48 MESES.
44093;GPAT COMPAÑIA FINANCIERA S.A.U.;2026-04-16;PLAN PROMOCION USADOS (EXCEPTO TIERRA DEL FUEGO);PLAN PROMOCION USADOS;Pesos;0;357800;60;715600;12;100;30,00;90,00;Adquisición de automotores (marcas con convenios con la entidad);Personas humanas Responsables Inscriptos;5,00;78,73;Fija;107,54;130452,00;Todo el territorio nacional;PLAN VALIDO EN TODO EL TERRITORIO NACIONAL, EXCEPTO TIERRA DEL FUEGO (LA CUOTA INICIAL A PLAZO MAXIMO INCLUYE EL CARGO POR SEGURO AUTOMOTOR SEGUN COBERTURA BASICA CONTRA TERCEROS COMPLETOS POR 72327 PESOS) NO HAY MONTO MAXIMO OTORGABLE EL COSTO FINANCIERO EFECTIVO TOTAL MAXIMO CORRESPONDE A UN PRESTAMO POR 1000000 A 12 MESES INCLUYE EL CARGO POR SEGURO AUTOMOTOR SEGUN COBERTURA BASICA CONTRA TERCEROS COMPLETOS POR 72327 PESOS E IVA. LA RELACION MONTO / TASACION Y EL PLAZO MAXIMO OTORGABLE DEPENDERA DE LA ANTIGUEDAD DEL VEHICULO. PARA VEHICULOS DE 1 A 3 ANOS LA RELACION ENTRE EL MONTO Y LA TASACION ES DEL 0,70 Y PLAZO MAXIMO 60 MESES, PARA VEHICULOS DE 4 A 5 ANOS DE ANTIGUEDAD LA RELACION ENTRE EL MONTO Y LA TASACION ES DEL 0,60 Y EL PLAZO MAXIMO 48 MESES, PARA VEHICULOS DE 6 A 8 ANOS DE ANTIGUEDAD LA RELACION ENTRE EL MONTO Y LA TASACION ES DEL 0,50 Y EL PLAZO MAXIMO DE 48 MESES Y PARA VEHICULOS DE 9 A 10 ANOS LA RELACION ENTRE EL MONTO Y LA TASACION ES DEL 0,40 Y EL PLAZO MAXIMO DISPONIBLE 48 MESES.
44093;GPAT COMPAÑIA FINANCIERA S.A.U.;2026-04-16;PLAN PROMOCION 0KM (EXCEPTO TIERRA DEL FUEGO);PLAN PROMO 0KM (EXC. TDF);Pesos;0;357800;60;715600;12;100;30,00;90,00;Adquisición automotores 0 km;Personas humanas Responsables Inscriptos;5,00;78,73;Fija;107,54;130452,00;Todo el territorio nacional;PLAN VALIDO EN TODO EL TERRITORIO NACIONAL, EXCEPTO TIERRA DEL FUEGO (LA CUOTA INICIAL A PLAZO MAXIMO INCLUYE EL CARGO POR SEGURO AUTOMOTOR SEGUN COBERTURA BASICA CONTRA TERCEROS COMPLETOS POR 72327 PESOS) NO HAY MONTO MAXIMO OTORGABLE EL COSTO FINANCIERO EFECTIVO TOTAL MAXIMO CORRESPONDE A UN PRESTAMO POR 1000000 A 12 MESES INCLUYE EL CARGO POR SEGURO AUTOMOTOR SEGUN COBERTURA BASICA CONTRA TERCEROS COMPLETOS POR 72327 PESOS E IVA
44093;GPAT COMPAÑIA FINANCIERA S.A.U.;2026-04-16;PLAN UNICO MOTOS 0KM/USADAS (EXCEPTO TIERRA DEL FUEGO);PLAN UNICO MOTOS;Pesos;0;357800;60;715600;12;100;30,00;80,00;Adquisición de motocicletas;MiPyMEs;5,00;78,73;Fija;193,33;94840,00;Ciudad Autónoma de Buenos Aires;PLAN VALIDO EN CABA, CATAMARCA, CORDOBA, MENDOZA Y SANTA FE (LA CUOTA INICIAL A PLAZO MAXIMO INCLUYE EL CARGO POR SEGURO AUTOMOTOR SEGUN COBERTURA BASICA CONTRA TERCEROS COMPLETOS POR 36715 PESOS) NO HAY MONTO MAXIMO OTORGABLE EL COSTO FINANCIERO EFECTIVO TOTAL MAXIMO CORRESPONDE A UN PRESTAMO POR 1000000 A 12 MESES INCLUYE EL CARGO POR SEGURO AUTOMOTOR SEGUN COBERTURA BASICA CONTRA TERCEROS COMPLETOS POR 36715 PESOS E IVA
44093;GPAT COMPAÑIA FINANCIERA S.A.U.;2026-04-16;PLAN UNICO MOTOS 0KM/USADAS (EXCEPTO TIERRA DEL FUEGO);PLAN UNICO MOTOS;Pesos;0;357800;60;715600;12;100;30,00;80,00;Adquisición de motocicletas;Personas humanas Monotributistas;5,00;78,73;Fija;193,33;94840,00;Provincia de Córdoba;PLAN VALIDO EN CABA, CATAMARCA, CORDOBA, MENDOZA Y SANTA FE (LA CUOTA INICIAL A PLAZO MAXIMO INCLUYE EL CARGO POR SEGURO AUTOMOTOR SEGUN COBERTURA BASICA CONTRA TERCEROS COMPLETOS POR 4433,09  PESOS) NO HAY MONTO MAXIMO OTORGABLE EL COSTO FINANCIERO EFECTIVO TOTAL MAXIMO CORRESPONDE A UN PRESTAMO POR 1000000 A 12 MESES INCLUYE EL CARGO POR SEGURO AUTOMOTOR SEGUN COBERTURA BASICA CONTRA TERCEROS COMPLETOS POR 4433,09  PESOS E IVA
44093;GPAT COMPAÑIA FINANCIERA S.A.U.;2026-04-16;PLAN UNICO MOTOS 0KM/USADAS (EXCEPTO TIERRA DEL FUEGO);PLAN UNICO MOTOS;Pesos;0;357800;60;715600;12;100;30,00;80,00;Adquisición de motocicletas;Personas jurídicas;5,00;78,73;Fija;193,33;94840,00;Ciudad Autónoma de Buenos Aires;PLAN VALIDO EN CABA, CATAMARCA, CORDOBA, MENDOZA Y SANTA FE (LA CUOTA INICIAL A PLAZO MAXIMO INCLUYE EL CARGO POR SEGURO AUTOMOTOR SEGUN COBERTURA BASICA CONTRA TERCEROS COMPLETOS POR 36715 PESOS) NO HAY MONTO MAXIMO OTORGABLE EL COSTO FINANCIERO EFECTIVO TOTAL MAXIMO CORRESPONDE A UN PRESTAMO POR 1000000 A 12 MESES INCLUYE EL CARGO POR SEGURO AUTOMOTOR SEGUN COBERTURA BASICA CONTRA TERCEROS COMPLETOS POR 36715 PESOS E IVA
44093;GPAT COMPAÑIA FINANCIERA S.A.U.;2026-04-16;PLAN UNICO MOTOS 0KM/USADAS (EXCEPTO TIERRA DEL FUEGO);PLAN UNICO MOTOS;Pesos;0;357800;60;715600;12;100;30,00;80,00;Adquisición de motocicletas;Personas jurídicas;5,00;78,73;Fija;193,33;94840,00;Provincia de Mendoza;PLAN VALIDO EN CABA, CATAMARCA, CORDOBA, MENDOZA Y SANTA FE (LA CUOTA INICIAL A PLAZO MAXIMO INCLUYE EL CARGO POR SEGURO AUTOMOTOR SEGUN COBERTURA BASICA CONTRA TERCEROS COMPLETOS POR 4433,09  PESOS) NO HAY MONTO MAXIMO OTORGABLE EL COSTO FINANCIERO EFECTIVO TOTAL MAXIMO CORRESPONDE A UN PRESTAMO POR 1000000 A 12 MESES INCLUYE EL CARGO POR SEGURO AUTOMOTOR SEGUN COBERTURA BASICA CONTRA TERCEROS COMPLETOS POR 4433,09  PESOS E IVA
44093;GPAT COMPAÑIA FINANCIERA S.A.U.;2026-04-16;PLAN UNICO MOTOS 0KM/USADAS (EXCEPTO TIERRA DEL FUEGO);PLAN UNICO MOTOS;Pesos;0;357800;60;715600;12;100;30,00;80,00;Adquisición de motocicletas;Personas humanas en relación de dependencia;5,00;78,73;Fija;193,33;94840,00;Ciudad Autónoma de Buenos Aires;PLAN VALIDO EN CABA, CATAMARCA, CORDOBA, MENDOZA Y SANTA FE (LA CUOTA INICIAL A PLAZO MAXIMO INCLUYE EL CARGO POR SEGURO AUTOMOTOR SEGUN COBERTURA BASICA CONTRA TERCEROS COMPLETOS POR 36715 PESOS) NO HAY MONTO MAXIMO OTORGABLE EL COSTO FINANCIERO EFECTIVO TOTAL MAXIMO CORRESPONDE A UN PRESTAMO POR 1000000 A 12 MESES INCLUYE EL CARGO POR SEGURO AUTOMOTOR SEGUN COBERTURA BASICA CONTRA TERCEROS COMPLETOS POR 36715 PESOS E IVA
44093;GPAT COMPAÑIA FINANCIERA S.A.U.;2026-04-16;PLAN UNICO MOTOS 0KM/USADAS (EXCEPTO TIERRA DEL FUEGO);PLAN UNICO MOTOS;Pesos;0;357800;60;715600;12;100;30,00;80,00;Adquisición de motocicletas;Beneficiarios de cuentas de la seguridad social;5,00;78,73;Fija;193,33;94840,00;Provincia de Mendoza;PLAN VALIDO EN CABA, CATAMARCA, CORDOBA, MENDOZA Y SANTA FE (LA CUOTA INICIAL A PLAZO MAXIMO INCLUYE EL CARGO POR SEGURO AUTOMOTOR SEGUN COBERTURA BASICA CONTRA TERCEROS COMPLETOS POR 4433,09  PESOS) NO HAY MONTO MAXIMO OTORGABLE EL COSTO FINANCIERO EFECTIVO TOTAL MAXIMO CORRESPONDE A UN PRESTAMO POR 1000000 A 12 MESES INCLUYE EL CARGO POR SEGURO AUTOMOTOR SEGUN COBERTURA BASICA CONTRA TERCEROS COMPLETOS POR 4433,09  PESOS E IVA
44093;GPAT COMPAÑIA FINANCIERA S.A.U.;2026-04-16;PLAN UNICO MOTOS 0KM/USADAS (EXCEPTO TIERRA DEL FUEGO);PLAN UNICO MOTOS;Pesos;0;357800;60;715600;12;100;30,00;80,00;Adquisición de motocicletas;Personas humanas Responsables Inscriptos;5,00;78,73;Fija;193,33;94840,00;Ciudad Autónoma de Buenos Aires;PLAN VALIDO EN CABA, CATAMARCA, CORDOBA, MENDOZA Y SANTA FE (LA CUOTA INICIAL A PLAZO MAXIMO INCLUYE EL CARGO POR SEGURO AUTOMOTOR SEGUN COBERTURA BASICA CONTRA TERCEROS COMPLETOS POR 36715 PESOS) NO HAY MONTO MAXIMO OTORGABLE EL COSTO FINANCIERO EFECTIVO TOTAL MAXIMO CORRESPONDE A UN PRESTAMO POR 1000000 A 12 MESES INCLUYE EL CARGO POR SEGURO AUTOMOTOR SEGUN COBERTURA BASICA CONTRA TERCEROS COMPLETOS POR 36715 PESOS E IVA
44093;GPAT COMPAÑIA FINANCIERA S.A.U.;2026-04-16;PLAN UNICO MOTOS 0KM/USADAS (EXCEPTO TIERRA DEL FUEGO);PLAN UNICO MOTOS;Pesos;0;357800;60;715600;12;100;30,00;80,00;Adquisición de motocicletas;Beneficiarios de cuentas de la seguridad social;5,00;78,73;Fija;193,33;94840,00;Provincia de Córdoba;PLAN VALIDO EN CABA, CATAMARCA, CORDOBA, MENDOZA Y SANTA FE (LA CUOTA INICIAL A PLAZO MAXIMO INCLUYE EL CARGO POR SEGURO AUTOMOTOR SEGUN COBERTURA BASICA CONTRA TERCEROS COMPLETOS POR 4433,09  PESOS) NO HAY MONTO MAXIMO OTORGABLE EL COSTO FINANCIERO EFECTIVO TOTAL MAXIMO CORRESPONDE A UN PRESTAMO POR 1000000 A 12 MESES INCLUYE EL CARGO POR SEGURO AUTOMOTOR SEGUN COBERTURA BASICA CONTRA TERCEROS COMPLETOS POR 4433,09  PESOS E IVA
44093;GPAT COMPAÑIA FINANCIERA S.A.U.;2026-04-16;PLAN UNICO MOTOS 0KM/USADAS (EXCEPTO TIERRA DEL FUEGO);PLAN UNICO MOTOS;Pesos;0;357800;60;715600;12;100;30,00;80,00;Adquisición de motocicletas;Empleados públicos;5,00;78,73;Fija;193,33;94840,00;Ciudad Autónoma de Buenos Aires;PLAN VALIDO EN CABA, CATAMARCA, CORDOBA, MENDOZA Y SANTA FE (LA CUOTA INICIAL A PLAZO MAXIMO INCLUYE EL CARGO POR SEGURO AUTOMOTOR SEGUN COBERTURA BASICA CONTRA TERCEROS COMPLETOS POR 36715 PESOS) NO HAY MONTO MAXIMO OTORGABLE EL COSTO FINANCIERO EFECTIVO TOTAL MAXIMO CORRESPONDE A UN PRESTAMO POR 1000000 A 12 MESES INCLUYE EL CARGO POR SEGURO AUTOMOTOR SEGUN COBERTURA BASICA CONTRA TERCEROS COMPLETOS POR 36715 PESOS E IVA
44093;GPAT COMPAÑIA FINANCIERA S.A.U.;2026-04-16;PLAN PROMOCION USADOS (EXCEPTO TIERRA DEL FUEGO);PLAN PROMOCION USADOS;Pesos;0;357800;60;715600;12;100;30,00;90,00;Adquisición de automotores (marcas con convenios con la entidad);Personas jurídicas;5,00;78,73;Fija;107,54;130452,00;Todo el territorio nacional;PLAN VALIDO EN TODO EL TERRITORIO NACIONAL, EXCEPTO TIERRA DEL FUEGO (LA CUOTA INICIAL A PLAZO MAXIMO INCLUYE EL CARGO POR SEGURO AUTOMOTOR SEGUN COBERTURA BASICA CONTRA TERCEROS COMPLETOS POR 72327 PESOS) NO HAY MONTO MAXIMO OTORGABLE EL COSTO FINANCIERO EFECTIVO TOTAL MAXIMO CORRESPONDE A UN PRESTAMO POR 1000000 A 12 MESES INCLUYE EL CARGO POR SEGURO AUTOMOTOR SEGUN COBERTURA BASICA CONTRA TERCEROS COMPLETOS POR 72327 PESOS E IVA. LA RELACION MONTO / TASACION Y EL PLAZO MAXIMO OTORGABLE DEPENDERA DE LA ANTIGUEDAD DEL VEHICULO. PARA VEHICULOS DE 1 A 3 ANOS LA RELACION ENTRE EL MONTO Y LA TASACION ES DEL 0,70 Y PLAZO MAXIMO 60 MESES, PARA VEHICULOS DE 4 A 5 ANOS DE ANTIGUEDAD LA RELACION ENTRE EL MONTO Y LA TASACION ES DEL 0,60 Y EL PLAZO MAXIMO 48 MESES, PARA VEHICULOS DE 6 A 8 ANOS DE ANTIGUEDAD LA RELACION ENTRE EL MONTO Y LA TASACION ES DEL 0,50 Y EL PLAZO MAXIMO DE 48 MESES Y PARA VEHICULOS DE 9 A 10 ANOS LA RELACION ENTRE EL MONTO Y LA TASACION ES DEL 0,40 Y EL PLAZO MAXIMO DISPONIBLE 48 MESES.
44093;GPAT COMPAÑIA FINANCIERA S.A.U.;2026-04-16;PLAN UNICO MOTOS 0KM/USADAS (EXCEPTO TIERRA DEL FUEGO);PLAN UNICO MOTOS;Pesos;0;357800;60;715600;12;100;30,00;80,00;Adquisición de motocicletas;Personas humanas Monotributistas;5,00;78,73;Fija;193,33;94840,00;Ciudad Autónoma de Buenos Aires;PLAN VALIDO EN CABA, CATAMARCA, CORDOBA, MENDOZA Y SANTA FE (LA CUOTA INICIAL A PLAZO MAXIMO INCLUYE EL CARGO POR SEGURO AUTOMOTOR SEGUN COBERTURA BASICA CONTRA TERCEROS COMPLETOS POR 36715 PESOS) NO HAY MONTO MAXIMO OTORGABLE EL COSTO FINANCIERO EFECTIVO TOTAL MAXIMO CORRESPONDE A UN PRESTAMO POR 1000000 A 12 MESES INCLUYE EL CARGO POR SEGURO AUTOMOTOR SEGUN COBERTURA BASICA CONTRA TERCEROS COMPLETOS POR 36715 PESOS E IVA
44093;GPAT COMPAÑIA FINANCIERA S.A.U.;2026-04-16;PLAN UNICO MOTOS 0KM/USADAS (EXCEPTO TIERRA DEL FUEGO);PLAN UNICO MOTOS;Pesos;0;357800;60;715600;12;100;30,00;80,00;Adquisición de motocicletas;Beneficiarios de cuentas de la seguridad social;5,00;78,73;Fija;193,33;94840,00;Ciudad Autónoma de Buenos Aires;PLAN VALIDO EN CABA, CATAMARCA, CORDOBA, MENDOZA Y SANTA FE (LA CUOTA INICIAL A PLAZO MAXIMO INCLUYE EL CARGO POR SEGURO AUTOMOTOR SEGUN COBERTURA BASICA CONTRA TERCEROS COMPLETOS POR 36715 PESOS) NO HAY MONTO MAXIMO OTORGABLE EL COSTO FINANCIERO EFECTIVO TOTAL MAXIMO CORRESPONDE A UN PRESTAMO POR 1000000 A 12 MESES INCLUYE EL CARGO POR SEGURO AUTOMOTOR SEGUN COBERTURA BASICA CONTRA TERCEROS COMPLETOS POR 36715 PESOS E IVA
44093;GPAT COMPAÑIA FINANCIERA S.A.U.;2026-04-16;PLAN UNICO MOTOS 0KM/USADAS (EXCEPTO TIERRA DEL FUEGO);PLAN UNICO MOTOS;Pesos;0;357800;60;715600;12;100;30,00;80,00;Adquisición de motocicletas;Personas humanas en relación de dependencia;5,00;78,73;Fija;193,33;94840,00;Provincia de Mendoza;PLAN VALIDO EN CABA, CATAMARCA, CORDOBA, MENDOZA Y SANTA FE (LA CUOTA INICIAL A PLAZO MAXIMO INCLUYE EL CARGO POR SEGURO AUTOMOTOR SEGUN COBERTURA BASICA CONTRA TERCEROS COMPLETOS POR 4433,09  PESOS) NO HAY MONTO MAXIMO OTORGABLE EL COSTO FINANCIERO EFECTIVO TOTAL MAXIMO CORRESPONDE A UN PRESTAMO POR 1000000 A 12 MESES INCLUYE EL CARGO POR SEGURO AUTOMOTOR SEGUN COBERTURA BASICA CONTRA TERCEROS COMPLETOS POR 4433,09  PESOS E IVA
44093;GPAT COMPAÑIA FINANCIERA S.A.U.;2026-04-16;PLAN UNICO MOTOS 0KM/USADAS (EXCEPTO TIERRA DEL FUEGO);PLAN UNICO MOTOS;Pesos;0;357800;60;715600;12;100;30,00;80,00;Adquisición de motocicletas;Empleados públicos;5,00;78,73;Fija;193,33;94840,00;Provincia de Catamarca;PLAN VALIDO EN CABA, CATAMARCA, CORDOBA, MENDOZA Y SANTA FE (LA CUOTA INICIAL A PLAZO MAXIMO INCLUYE EL CARGO POR SEGURO AUTOMOTOR SEGUN COBERTURA BASICA CONTRA TERCEROS COMPLETOS POR 4433,09  PESOS) NO HAY MONTO MAXIMO OTORGABLE EL COSTO FINANCIERO EFECTIVO TOTAL MAXIMO CORRESPONDE A UN PRESTAMO POR 1000000 A 12 MESES INCLUYE EL CARGO POR SEGURO AUTOMOTOR SEGUN COBERTURA BASICA CONTRA TERCEROS COMPLETOS POR 4433,09  PESOS E IVA
44093;GPAT COMPAÑIA FINANCIERA S.A.U.;2026-04-16;PLAN UNICO MOTOS 0KM/USADAS (EXCEPTO TIERRA DEL FUEGO);PLAN UNICO MOTOS;Pesos;0;357800;60;715600;12;100;30,00;80,00;Adquisición de motocicletas;Empleados públicos;5,00;78,73;Fija;193,33;94840,00;Provincia de Mendoza;PLAN VALIDO EN CABA, CATAMARCA, CORDOBA, MENDOZA Y SANTA FE (LA CUOTA INICIAL A PLAZO MAXIMO INCLUYE EL CARGO POR SEGURO AUTOMOTOR SEGUN COBERTURA BASICA CONTRA TERCEROS COMPLETOS POR 4433,09  PESOS) NO HAY MONTO MAXIMO OTORGABLE EL COSTO FINANCIERO EFECTIVO TOTAL MAXIMO CORRESPONDE A UN PRESTAMO POR 1000000 A 12 MESES INCLUYE EL CARGO POR SEGURO AUTOMOTOR SEGUN COBERTURA BASICA CONTRA TERCEROS COMPLETOS POR 4433,09  PESOS E IVA
44093;GPAT COMPAÑIA FINANCIERA S.A.U.;2026-04-16;PLAN UNICO 0KM TIERRA DEL FUEGO;PLAN UNICO 0KM TDF;Pesos;0;357800;60;715600;12;100;30,00;90,00;Adquisición automotores 0 km;Personas humanas Monotributistas;5,00;109,93;Fija;147,87;151906,00;Provincia de Tierra del Fuego Antártida e Islas del Atlántico Sur;PLAN VALIDO UNICAMENTE EN TIERRA DEL FUEGO LA CUOTA INICIAL A PLAZO MAXIMO INCLUYE EL CARGO POR SEGURO AUTOMOTOR SEGUN COBERTURA BASICA CONTRA TERCEROS COMPLETOS POR 79749 PESOS Y NO INCLUYE IVA NO HAY MONTO MAXIMO OTORGABLE EL COSTO FINANCIERO EFECTIVO TOTAL MAXIMO CORRESPONDE A UN PRESTAMO POR 100000 A 12 MESES, INCLUYE EL CARGO POR SEGURO AUTOMOTOR SEGUN COBERTURA BASICA CONTRA TERCEROS COMPLETOS POR 79749 PESOS Y NO INCLUYE IVA
44093;GPAT COMPAÑIA FINANCIERA S.A.U.;2026-04-16;PLAN UNICO 0KM TIERRA DEL FUEGO;PLAN UNICO 0KM TDF;Pesos;0;357800;60;715600;12;100;30,00;90,00;Adquisición automotores 0 km;Beneficiarios de cuentas de la seguridad social;5,00;109,93;Fija;147,87;151906,00;Provincia de Tierra del Fuego Antártida e Islas del Atlántico Sur;PLAN VALIDO UNICAMENTE EN TIERRA DEL FUEGO LA CUOTA INICIAL A PLAZO MAXIMO INCLUYE EL CARGO POR SEGURO AUTOMOTOR SEGUN COBERTURA BASICA CONTRA TERCEROS COMPLETOS POR 79749 PESOS Y NO INCLUYE IVA NO HAY MONTO MAXIMO OTORGABLE EL COSTO FINANCIERO EFECTIVO TOTAL MAXIMO CORRESPONDE A UN PRESTAMO POR 100000 A 12 MESES, INCLUYE EL CARGO POR SEGURO AUTOMOTOR SEGUN COBERTURA BASICA CONTRA TERCEROS COMPLETOS POR 79749 PESOS Y NO INCLUYE IVA
44093;GPAT COMPAÑIA FINANCIERA S.A.U.;2026-04-16;PLAN UNICO MOTOS 0KM/USADAS (EXCEPTO TIERRA DEL FUEGO);PLAN UNICO MOTOS;Pesos;0;357800;60;715600;12;100;30,00;80,00;Adquisición de motocicletas;Empleados públicos;5,00;78,73;Fija;193,33;94840,00;Provincia de Córdoba;PLAN VALIDO EN CABA, CATAMARCA, CORDOBA, MENDOZA Y SANTA FE (LA CUOTA INICIAL A PLAZO MAXIMO INCLUYE EL CARGO POR SEGURO AUTOMOTOR SEGUN COBERTURA BASICA CONTRA TERCEROS COMPLETOS POR 4433,09  PESOS) NO HAY MONTO MAXIMO OTORGABLE EL COSTO FINANCIERO EFECTIVO TOTAL MAXIMO CORRESPONDE A UN PRESTAMO POR 1000000 A 12 MESES INCLUYE EL CARGO POR SEGURO AUTOMOTOR SEGUN COBERTURA BASICA CONTRA TERCEROS COMPLETOS POR 4433,09  PESOS E IVA
44093;GPAT COMPAÑIA FINANCIERA S.A.U.;2026-04-16;PLAN UNICO 0KM TIERRA DEL FUEGO;PLAN UNICO 0KM TDF;Pesos;0;357800;60;715600;12;100;30,00;90,00;Adquisición automotores 0 km;Empleados públicos;5,00;109,93;Fija;147,87;151906,00;Provincia de Tierra del Fuego Antártida e Islas del Atlántico Sur;PLAN VALIDO UNICAMENTE EN TIERRA DEL FUEGO LA CUOTA INICIAL A PLAZO MAXIMO INCLUYE EL CARGO POR SEGURO AUTOMOTOR SEGUN COBERTURA BASICA CONTRA TERCEROS COMPLETOS POR 79749 PESOS Y NO INCLUYE IVA NO HAY MONTO MAXIMO OTORGABLE EL COSTO FINANCIERO EFECTIVO TOTAL MAXIMO CORRESPONDE A UN PRESTAMO POR 100000 A 12 MESES, INCLUYE EL CARGO POR SEGURO AUTOMOTOR SEGUN COBERTURA BASICA CONTRA TERCEROS COMPLETOS POR 79749 PESOS Y NO INCLUYE IVA
44093;GPAT COMPAÑIA FINANCIERA S.A.U.;2026-04-16;PLAN UNICO 0KM TIERRA DEL FUEGO;PLAN UNICO 0KM TDF;Pesos;0;357800;60;715600;12;100;30,00;90,00;Adquisición automotores 0 km;Personas humanas Responsables Inscriptos;5,00;109,93;Fija;147,87;151906,00;Provincia de Tierra del Fuego Antártida e Islas del Atlántico Sur;PLAN VALIDO UNICAMENTE EN TIERRA DEL FUEGO LA CUOTA INICIAL A PLAZO MAXIMO INCLUYE EL CARGO POR SEGURO AUTOMOTOR SEGUN COBERTURA BASICA CONTRA TERCEROS COMPLETOS POR 79749 PESOS Y NO INCLUYE IVA NO HAY MONTO MAXIMO OTORGABLE EL COSTO FINANCIERO EFECTIVO TOTAL MAXIMO CORRESPONDE A UN PRESTAMO POR 100000 A 12 MESES, INCLUYE EL CARGO POR SEGURO AUTOMOTOR SEGUN COBERTURA BASICA CONTRA TERCEROS COMPLETOS POR 79749 PESOS Y NO INCLUYE IVA
44093;GPAT COMPAÑIA FINANCIERA S.A.U.;2026-04-16;PLAN PROMOCION 0KM (EXCEPTO TIERRA DEL FUEGO);PLAN PROMO 0KM (EXC. TDF);Pesos;0;357800;60;715600;12;100;30,00;90,00;Adquisición automotores 0 km;Beneficiarios de cuentas de la seguridad social;5,00;78,73;Fija;107,54;130452,00;Todo el territorio nacional;PLAN VALIDO EN TODO EL TERRITORIO NACIONAL, EXCEPTO TIERRA DEL FUEGO (LA CUOTA INICIAL A PLAZO MAXIMO INCLUYE EL CARGO POR SEGURO AUTOMOTOR SEGUN COBERTURA BASICA CONTRA TERCEROS COMPLETOS POR 72327 PESOS) NO HAY MONTO MAXIMO OTORGABLE EL COSTO FINANCIERO EFECTIVO TOTAL MAXIMO CORRESPONDE A UN PRESTAMO POR 1000000 A 12 MESES INCLUYE EL CARGO POR SEGURO AUTOMOTOR SEGUN COBERTURA BASICA CONTRA TERCEROS COMPLETOS POR 72327 PESOS E IVA
44093;GPAT COMPAÑIA FINANCIERA S.A.U.;2026-04-16;PLAN UNICO MOTOS 0KM/USADAS (EXCEPTO TIERRA DEL FUEGO);PLAN UNICO MOTOS;Pesos;0;357800;60;715600;12;100;30,00;80,00;Adquisición de motocicletas;Personas jurídicas;5,00;78,73;Fija;193,33;94840,00;Provincia de Catamarca;PLAN VALIDO EN CABA, CATAMARCA, CORDOBA, MENDOZA Y SANTA FE (LA CUOTA INICIAL A PLAZO MAXIMO INCLUYE EL CARGO POR SEGURO AUTOMOTOR SEGUN COBERTURA BASICA CONTRA TERCEROS COMPLETOS POR 4433,09  PESOS) NO HAY MONTO MAXIMO OTORGABLE EL COSTO FINANCIERO EFECTIVO TOTAL MAXIMO CORRESPONDE A UN PRESTAMO POR 1000000 A 12 MESES INCLUYE EL CARGO POR SEGURO AUTOMOTOR SEGUN COBERTURA BASICA CONTRA TERCEROS COMPLETOS POR 4433,09  PESOS E IVA
44093;GPAT COMPAÑIA FINANCIERA S.A.U.;2026-04-16;PLAN UNICO MOTOS 0KM/USADAS (EXCEPTO TIERRA DEL FUEGO);PLAN UNICO MOTOS;Pesos;0;357800;60;715600;12;100;30,00;80,00;Adquisición de motocicletas;Personas humanas Responsables Inscriptos;5,00;78,73;Fija;193,33;94840,00;Provincia de Santa Fe;PLAN VALIDO EN CABA, CATAMARCA, CORDOBA, MENDOZA Y SANTA FE (LA CUOTA INICIAL A PLAZO MAXIMO INCLUYE EL CARGO POR SEGURO AUTOMOTOR SEGUN COBERTURA BASICA CONTRA TERCEROS COMPLETOS POR 4433,09  PESOS) NO HAY MONTO MAXIMO OTORGABLE EL COSTO FINANCIERO EFECTIVO TOTAL MAXIMO CORRESPONDE A UN PRESTAMO POR 1000000 A 12 MESES INCLUYE EL CARGO POR SEGURO AUTOMOTOR SEGUN COBERTURA BASICA CONTRA TERCEROS COMPLETOS POR 4433,09  PESOS E IVA
44093;GPAT COMPAÑIA FINANCIERA S.A.U.;2026-04-16;PLAN UNICO MOTOS 0KM/USADAS (EXCEPTO TIERRA DEL FUEGO);PLAN UNICO MOTOS;Pesos;0;357800;60;715600;12;100;30,00;80,00;Adquisición de motocicletas;MiPyMEs;5,00;78,73;Fija;193,33;94840,00;Provincia de Córdoba;PLAN VALIDO EN CABA, CATAMARCA, CORDOBA, MENDOZA Y SANTA FE (LA CUOTA INICIAL A PLAZO MAXIMO INCLUYE EL CARGO POR SEGURO AUTOMOTOR SEGUN COBERTURA BASICA CONTRA TERCEROS COMPLETOS POR 4433,09  PESOS) NO HAY MONTO MAXIMO OTORGABLE EL COSTO FINANCIERO EFECTIVO TOTAL MAXIMO CORRESPONDE A UN PRESTAMO POR 1000000 A 12 MESES INCLUYE EL CARGO POR SEGURO AUTOMOTOR SEGUN COBERTURA BASICA CONTRA TERCEROS COMPLETOS POR 4433,09  PESOS E IVA
44093;GPAT COMPAÑIA FINANCIERA S.A.U.;2026-04-16;PLAN UNICO MOTOS 0KM/USADAS (EXCEPTO TIERRA DEL FUEGO);PLAN UNICO MOTOS;Pesos;0;357800;60;715600;12;100;30,00;80,00;Adquisición de motocicletas;Beneficiarios de cuentas de la seguridad social;5,00;78,73;Fija;193,33;94840,00;Provincia de Santa Fe;PLAN VALIDO EN CABA, CATAMARCA, CORDOBA, MENDOZA Y SANTA FE (LA CUOTA INICIAL A PLAZO MAXIMO INCLUYE EL CARGO POR SEGURO AUTOMOTOR SEGUN COBERTURA BASICA CONTRA TERCEROS COMPLETOS POR 4433,09  PESOS) NO HAY MONTO MAXIMO OTORGABLE EL COSTO FINANCIERO EFECTIVO TOTAL MAXIMO CORRESPONDE A UN PRESTAMO POR 1000000 A 12 MESES INCLUYE EL CARGO POR SEGURO AUTOMOTOR SEGUN COBERTURA BASICA CONTRA TERCEROS COMPLETOS POR 4433,09  PESOS E IVA
44093;GPAT COMPAÑIA FINANCIERA S.A.U.;2026-04-16;PLAN UNICO MOTOS 0KM/USADAS (EXCEPTO TIERRA DEL FUEGO);PLAN UNICO MOTOS;Pesos;0;357800;60;715600;12;100;30,00;80,00;Adquisición de motocicletas;Personas humanas en relación de dependencia;5,00;78,73;Fija;193,33;94840,00;Provincia de Santa Fe;PLAN VALIDO EN CABA, CATAMARCA, CORDOBA, MENDOZA Y SANTA FE (LA CUOTA INICIAL A PLAZO MAXIMO INCLUYE EL CARGO POR SEGURO AUTOMOTOR SEGUN COBERTURA BASICA CONTRA TERCEROS COMPLETOS POR 4433,09  PESOS) NO HAY MONTO MAXIMO OTORGABLE EL COSTO FINANCIERO EFECTIVO TOTAL MAXIMO CORRESPONDE A UN PRESTAMO POR 1000000 A 12 MESES INCLUYE EL CARGO POR SEGURO AUTOMOTOR SEGUN COBERTURA BASICA CONTRA TERCEROS COMPLETOS POR 4433,09  PESOS E IVA
44093;GPAT COMPAÑIA FINANCIERA S.A.U.;2026-04-16;PLAN UNICO MOTOS 0KM/USADAS (EXCEPTO TIERRA DEL FUEGO);PLAN UNICO MOTOS;Pesos;0;357800;60;715600;12;100;30,00;80,00;Adquisición de motocicletas;Personas humanas Monotributistas;5,00;78,73;Fija;193,33;94840,00;Provincia de Santa Fe;PLAN VALIDO EN CABA, CATAMARCA, CORDOBA, MENDOZA Y SANTA FE (LA CUOTA INICIAL A PLAZO MAXIMO INCLUYE EL CARGO POR SEGURO AUTOMOTOR SEGUN COBERTURA BASICA CONTRA TERCEROS COMPLETOS POR 4433,09  PESOS) NO HAY MONTO MAXIMO OTORGABLE EL COSTO FINANCIERO EFECTIVO TOTAL MAXIMO CORRESPONDE A UN PRESTAMO POR 1000000 A 12 MESES INCLUYE EL CARGO POR SEGURO AUTOMOTOR SEGUN COBERTURA BASICA CONTRA TERCEROS COMPLETOS POR 4433,09  PESOS E IVA
44093;GPAT COMPAÑIA FINANCIERA S.A.U.;2026-04-16;PLAN UNICO MOTOS 0KM/USADAS (EXCEPTO TIERRA DEL FUEGO);PLAN UNICO MOTOS;Pesos;0;357800;60;715600;12;100;30,00;80,00;Adquisición de motocicletas;Empleados públicos;5,00;78,73;Fija;193,33;94840,00;Provincia de Santa Fe;PLAN VALIDO EN CABA, CATAMARCA, CORDOBA, MENDOZA Y SANTA FE (LA CUOTA INICIAL A PLAZO MAXIMO INCLUYE EL CARGO POR SEGURO AUTOMOTOR SEGUN COBERTURA BASICA CONTRA TERCEROS COMPLETOS POR 4433,09  PESOS) NO HAY MONTO MAXIMO OTORGABLE EL COSTO FINANCIERO EFECTIVO TOTAL MAXIMO CORRESPONDE A UN PRESTAMO POR 1000000 A 12 MESES INCLUYE EL CARGO POR SEGURO AUTOMOTOR SEGUN COBERTURA BASICA CONTRA TERCEROS COMPLETOS POR 4433,09  PESOS E IVA
44093;GPAT COMPAÑIA FINANCIERA S.A.U.;2026-04-16;PLAN PROMOCION 0KM (EXCEPTO TIERRA DEL FUEGO);PLAN PROMO 0KM (EXC. TDF);Pesos;0;357800;60;715600;12;100;30,00;90,00;Adquisición automotores 0 km;Personas humanas en relación de dependencia;5,00;78,73;Fija;107,54;130452,00;Todo el territorio nacional;PLAN VALIDO EN TODO EL TERRITORIO NACIONAL, EXCEPTO TIERRA DEL FUEGO (LA CUOTA INICIAL A PLAZO MAXIMO INCLUYE EL CARGO POR SEGURO AUTOMOTOR SEGUN COBERTURA BASICA CONTRA TERCEROS COMPLETOS POR 72327 PESOS) NO HAY MONTO MAXIMO OTORGABLE EL COSTO FINANCIERO EFECTIVO TOTAL MAXIMO CORRESPONDE A UN PRESTAMO POR 1000000 A 12 MESES INCLUYE EL CARGO POR SEGURO AUTOMOTOR SEGUN COBERTURA BASICA CONTRA TERCEROS COMPLETOS POR 72327 PESOS E IVA
44093;GPAT COMPAÑIA FINANCIERA S.A.U.;2026-04-16;PLAN PROMOCION USADOS (EXCEPTO TIERRA DEL FUEGO);PLAN PROMOCION USADOS;Pesos;0;357800;60;715600;12;100;30,00;90,00;Adquisición de automotores (marcas con convenios con la entidad);Personas humanas en relación de dependencia;5,00;78,73;Fija;107,54;130452,00;Todo el territorio nacional;PLAN VALIDO EN TODO EL TERRITORIO NACIONAL, EXCEPTO TIERRA DEL FUEGO (LA CUOTA INICIAL A PLAZO MAXIMO INCLUYE EL CARGO POR SEGURO AUTOMOTOR SEGUN COBERTURA BASICA CONTRA TERCEROS COMPLETOS POR 72327 PESOS) NO HAY MONTO MAXIMO OTORGABLE EL COSTO FINANCIERO EFECTIVO TOTAL MAXIMO CORRESPONDE A UN PRESTAMO POR 1000000 A 12 MESES INCLUYE EL CARGO POR SEGURO AUTOMOTOR SEGUN COBERTURA BASICA CONTRA TERCEROS COMPLETOS POR 72327 PESOS E IVA. LA RELACION MONTO / TASACION Y EL PLAZO MAXIMO OTORGABLE DEPENDERA DE LA ANTIGUEDAD DEL VEHICULO. PARA VEHICULOS DE 1 A 3 ANOS LA RELACION ENTRE EL MONTO Y LA TASACION ES DEL 0,70 Y PLAZO MAXIMO 60 MESES, PARA VEHICULOS DE 4 A 5 ANOS DE ANTIGUEDAD LA RELACION ENTRE EL MONTO Y LA TASACION ES DEL 0,60 Y EL PLAZO MAXIMO 48 MESES, PARA VEHICULOS DE 6 A 8 ANOS DE ANTIGUEDAD LA RELACION ENTRE EL MONTO Y LA TASACION ES DEL 0,50 Y EL PLAZO MAXIMO DE 48 MESES Y PARA VEHICULOS DE 9 A 10 ANOS LA RELACION ENTRE EL MONTO Y LA TASACION ES DEL 0,40 Y EL PLAZO MAXIMO DISPONIBLE 48 MESES.
44093;GPAT COMPAÑIA FINANCIERA S.A.U.;2026-04-16;PLAN UNICO MOTOS 0KM/USADAS (EXCEPTO TIERRA DEL FUEGO);PLAN UNICO MOTOS;Pesos;0;357800;60;715600;12;100;30,00;80,00;Adquisición de motocicletas;Personas jurídicas;5,00;78,73;Fija;193,33;94840,00;Provincia de Córdoba;PLAN VALIDO EN CABA, CATAMARCA, CORDOBA, MENDOZA Y SANTA FE (LA CUOTA INICIAL A PLAZO MAXIMO INCLUYE EL CARGO POR SEGURO AUTOMOTOR SEGUN COBERTURA BASICA CONTRA TERCEROS COMPLETOS POR 4433,09  PESOS) NO HAY MONTO MAXIMO OTORGABLE EL COSTO FINANCIERO EFECTIVO TOTAL MAXIMO CORRESPONDE A UN PRESTAMO POR 1000000 A 12 MESES INCLUYE EL CARGO POR SEGURO AUTOMOTOR SEGUN COBERTURA BASICA CONTRA TERCEROS COMPLETOS POR 4433,09  PESOS E IVA
44093;GPAT COMPAÑIA FINANCIERA S.A.U.;2026-04-16;PLAN UNICO 0KM TIERRA DEL FUEGO;PLAN UNICO 0KM TDF;Pesos;0;357800;60;715600;12;100;30,00;90,00;Adquisición automotores 0 km;Personas jurídicas;5,00;109,93;Fija;147,87;151906,00;Provincia de Tierra del Fuego Antártida e Islas del Atlántico Sur;PLAN VALIDO UNICAMENTE EN TIERRA DEL FUEGO LA CUOTA INICIAL A PLAZO MAXIMO INCLUYE EL CARGO POR SEGURO AUTOMOTOR SEGUN COBERTURA BASICA CONTRA TERCEROS COMPLETOS POR 79749 PESOS Y NO INCLUYE IVA NO HAY MONTO MAXIMO OTORGABLE EL COSTO FINANCIERO EFECTIVO TOTAL MAXIMO CORRESPONDE A UN PRESTAMO POR 100000 A 12 MESES, INCLUYE EL CARGO POR SEGURO AUTOMOTOR SEGUN COBERTURA BASICA CONTRA TERCEROS COMPLETOS POR 79749 PESOS Y NO INCLUYE IVA
44093;GPAT COMPAÑIA FINANCIERA S.A.U.;2026-04-16;PLAN UNICO MOTOS 0KM/USADAS (EXCEPTO TIERRA DEL FUEGO);PLAN UNICO MOTOS;Pesos;0;357800;60;715600;12;100;30,00;80,00;Adquisición de motocicletas;Personas jurídicas;5,00;78,73;Fija;193,33;94840,00;Provincia de Santa Fe;PLAN VALIDO EN CABA, CATAMARCA, CORDOBA, MENDOZA Y SANTA FE (LA CUOTA INICIAL A PLAZO MAXIMO INCLUYE EL CARGO POR SEGURO AUTOMOTOR SEGUN COBERTURA BASICA CONTRA TERCEROS COMPLETOS POR 4433,09  PESOS) NO HAY MONTO MAXIMO OTORGABLE EL COSTO FINANCIERO EFECTIVO TOTAL MAXIMO CORRESPONDE A UN PRESTAMO POR 1000000 A 12 MESES INCLUYE EL CARGO POR SEGURO AUTOMOTOR SEGUN COBERTURA BASICA CONTRA TERCEROS COMPLETOS POR 4433,09  PESOS E IVA
44093;GPAT COMPAÑIA FINANCIERA S.A.U.;2026-04-16;PLAN UNICO 0KM TIERRA DEL FUEGO;PLAN UNICO 0KM TDF;Pesos;0;357800;60;715600;12;100;30,00;90,00;Adquisición automotores 0 km;Personas humanas en relación de dependencia;5,00;109,93;Fija;147,87;151906,00;Provincia de Tierra del Fuego Antártida e Islas del Atlántico Sur;PLAN VALIDO UNICAMENTE EN TIERRA DEL FUEGO LA CUOTA INICIAL A PLAZO MAXIMO INCLUYE EL CARGO POR SEGURO AUTOMOTOR SEGUN COBERTURA BASICA CONTRA TERCEROS COMPLETOS POR 79749 PESOS Y NO INCLUYE IVA NO HAY MONTO MAXIMO OTORGABLE EL COSTO FINANCIERO EFECTIVO TOTAL MAXIMO CORRESPONDE A UN PRESTAMO POR 100000 A 12 MESES, INCLUYE EL CARGO POR SEGURO AUTOMOTOR SEGUN COBERTURA BASICA CONTRA TERCEROS COMPLETOS POR 79749 PESOS Y NO INCLUYE IVA
44093;GPAT COMPAÑIA FINANCIERA S.A.U.;2026-04-16;PLAN UNICO MOTOS 0KM/USADAS (EXCEPTO TIERRA DEL FUEGO);PLAN UNICO MOTOS;Pesos;0;357800;60;715600;12;100;30,00;80,00;Adquisición de motocicletas;Personas humanas Responsables Inscriptos;5,00;78,73;Fija;193,33;94840,00;Provincia de Mendoza;PLAN VALIDO EN CABA, CATAMARCA, CORDOBA, MENDOZA Y SANTA FE (LA CUOTA INICIAL A PLAZO MAXIMO INCLUYE EL CARGO POR SEGURO AUTOMOTOR SEGUN COBERTURA BASICA CONTRA TERCEROS COMPLETOS POR 4433,09  PESOS) NO HAY MONTO MAXIMO OTORGABLE EL COSTO FINANCIERO EFECTIVO TOTAL MAXIMO CORRESPONDE A UN PRESTAMO POR 1000000 A 12 MESES INCLUYE EL CARGO POR SEGURO AUTOMOTOR SEGUN COBERTURA BASICA CONTRA TERCEROS COMPLETOS POR 4433,09  PESOS E IVA
44093;GPAT COMPAÑIA FINANCIERA S.A.U.;2026-04-16;PLAN UNICO MOTOS 0KM/USADAS (EXCEPTO TIERRA DEL FUEGO);PLAN UNICO MOTOS;Pesos;0;357800;60;715600;12;100;30,00;80,00;Adquisición de motocicletas;Personas humanas Monotributistas;5,00;78,73;Fija;193,33;94840,00;Provincia de Catamarca;PLAN VALIDO EN CABA, CATAMARCA, CORDOBA, MENDOZA Y SANTA FE (LA CUOTA INICIAL A PLAZO MAXIMO INCLUYE EL CARGO POR SEGURO AUTOMOTOR SEGUN COBERTURA BASICA CONTRA TERCEROS COMPLETOS POR 4433,09  PESOS) NO HAY MONTO MAXIMO OTORGABLE EL COSTO FINANCIERO EFECTIVO TOTAL MAXIMO CORRESPONDE A UN PRESTAMO POR 1000000 A 12 MESES INCLUYE EL CARGO POR SEGURO AUTOMOTOR SEGUN COBERTURA BASICA CONTRA TERCEROS COMPLETOS POR 4433,09  PESOS E IVA
44093;GPAT COMPAÑIA FINANCIERA S.A.U.;2026-04-16;PLAN PROMOCION 0KM (EXCEPTO TIERRA DEL FUEGO);PLAN PROMO 0KM (EXC. TDF);Pesos;0;357800;60;715600;12;100;30,00;90,00;Adquisición automotores 0 km;Personas jurídicas;5,00;78,73;Fija;107,54;130452,00;Todo el territorio nacional;PLAN VALIDO EN TODO EL TERRITORIO NACIONAL, EXCEPTO TIERRA DEL FUEGO (LA CUOTA INICIAL A PLAZO MAXIMO INCLUYE EL CARGO POR SEGURO AUTOMOTOR SEGUN COBERTURA BASICA CONTRA TERCEROS COMPLETOS POR 72327 PESOS) NO HAY MONTO MAXIMO OTORGABLE EL COSTO FINANCIERO EFECTIVO TOTAL MAXIMO CORRESPONDE A UN PRESTAMO POR 1000000 A 12 MESES INCLUYE EL CARGO POR SEGURO AUTOMOTOR SEGUN COBERTURA BASICA CONTRA TERCEROS COMPLETOS POR 72327 PESOS E IVA
44093;GPAT COMPAÑIA FINANCIERA S.A.U.;2026-04-16;PLAN UNICO 0KM TIERRA DEL FUEGO;PLAN UNICO 0KM TDF;Pesos;0;357800;60;715600;12;100;30,00;90,00;Adquisición automotores 0 km;MiPyMEs;5,00;109,93;Fija;147,87;151906,00;Provincia de Tierra del Fuego Antártida e Islas del Atlántico Sur;PLAN VALIDO UNICAMENTE EN TIERRA DEL FUEGO LA CUOTA INICIAL A PLAZO MAXIMO INCLUYE EL CARGO POR SEGURO AUTOMOTOR SEGUN COBERTURA BASICA CONTRA TERCEROS COMPLETOS POR 79749 PESOS Y NO INCLUYE IVA NO HAY MONTO MAXIMO OTORGABLE EL COSTO FINANCIERO EFECTIVO TOTAL MAXIMO CORRESPONDE A UN PRESTAMO POR 100000 A 12 MESES, INCLUYE EL CARGO POR SEGURO AUTOMOTOR SEGUN COBERTURA BASICA CONTRA TERCEROS COMPLETOS POR 79749 PESOS Y NO INCLUYE IVA
44093;GPAT COMPAÑIA FINANCIERA S.A.U.;2026-04-16;PLAN PROMOCION USADOS (EXCEPTO TIERRA DEL FUEGO);PLAN PROMOCION USADOS;Pesos;0;357800;60;715600;12;100;30,00;90,00;Adquisición de automotores (marcas con convenios con la entidad);Beneficiarios de cuentas de la seguridad social;5,00;78,73;Fija;107,54;130452,00;Todo el territorio nacional;PLAN VALIDO EN TODO EL TERRITORIO NACIONAL, EXCEPTO TIERRA DEL FUEGO (LA CUOTA INICIAL A PLAZO MAXIMO INCLUYE EL CARGO POR SEGURO AUTOMOTOR SEGUN COBERTURA BASICA CONTRA TERCEROS COMPLETOS POR 72327 PESOS) NO HAY MONTO MAXIMO OTORGABLE EL COSTO FINANCIERO EFECTIVO TOTAL MAXIMO CORRESPONDE A UN PRESTAMO POR 1000000 A 12 MESES INCLUYE EL CARGO POR SEGURO AUTOMOTOR SEGUN COBERTURA BASICA CONTRA TERCEROS COMPLETOS POR 72327 PESOS E IVA. LA RELACION MONTO / TASACION Y EL PLAZO MAXIMO OTORGABLE DEPENDERA DE LA ANTIGUEDAD DEL VEHICULO. PARA VEHICULOS DE 1 A 3 ANOS LA RELACION ENTRE EL MONTO Y LA TASACION ES DEL 0,70 Y PLAZO MAXIMO 60 MESES, PARA VEHICULOS DE 4 A 5 ANOS DE ANTIGUEDAD LA RELACION ENTRE EL MONTO Y LA TASACION ES DEL 0,60 Y EL PLAZO MAXIMO 48 MESES, PARA VEHICULOS DE 6 A 8 ANOS DE ANTIGUEDAD LA RELACION ENTRE EL MONTO Y LA TASACION ES DEL 0,50 Y EL PLAZO MAXIMO DE 48 MESES Y PARA VEHICULOS DE 9 A 10 ANOS LA RELACION ENTRE EL MONTO Y LA TASACION ES DEL 0,40 Y EL PLAZO MAXIMO DISPONIBLE 48 MESES.
44093;GPAT COMPAÑIA FINANCIERA S.A.U.;2026-04-16;PLAN UNICO MOTOS 0KM/USADAS (EXCEPTO TIERRA DEL FUEGO);PLAN UNICO MOTOS;Pesos;0;357800;60;715600;12;100;30,00;80,00;Adquisición de motocicletas;MiPyMEs;5,00;78,73;Fija;193,33;94840,00;Provincia de Santa Fe;PLAN VALIDO EN CABA, CATAMARCA, CORDOBA, MENDOZA Y SANTA FE (LA CUOTA INICIAL A PLAZO MAXIMO INCLUYE EL CARGO POR SEGURO AUTOMOTOR SEGUN COBERTURA BASICA CONTRA TERCEROS COMPLETOS POR 4433,09  PESOS) NO HAY MONTO MAXIMO OTORGABLE EL COSTO FINANCIERO EFECTIVO TOTAL MAXIMO CORRESPONDE A UN PRESTAMO POR 1000000 A 12 MESES INCLUYE EL CARGO POR SEGURO AUTOMOTOR SEGUN COBERTURA BASICA CONTRA TERCEROS COMPLETOS POR 4433,09  PESOS E IVA
44093;GPAT COMPAÑIA FINANCIERA S.A.U.;2026-04-16;PLAN UNICO MOTOS 0KM/USADAS (EXCEPTO TIERRA DEL FUEGO);PLAN UNICO MOTOS;Pesos;0;357800;60;715600;12;100;30,00;80,00;Adquisición de motocicletas;Personas humanas en relación de dependencia;5,00;78,73;Fija;193,33;94840,00;Provincia de Córdoba;PLAN VALIDO EN CABA, CATAMARCA, CORDOBA, MENDOZA Y SANTA FE (LA CUOTA INICIAL A PLAZO MAXIMO INCLUYE EL CARGO POR SEGURO AUTOMOTOR SEGUN COBERTURA BASICA CONTRA TERCEROS COMPLETOS POR 4433,09  PESOS) NO HAY MONTO MAXIMO OTORGABLE EL COSTO FINANCIERO EFECTIVO TOTAL MAXIMO CORRESPONDE A UN PRESTAMO POR 1000000 A 12 MESES INCLUYE EL CARGO POR SEGURO AUTOMOTOR SEGUN COBERTURA BASICA CONTRA TERCEROS COMPLETOS POR 4433,09  PESOS E IVA
44093;GPAT COMPAÑIA FINANCIERA S.A.U.;2026-04-16;PLAN UNICO MOTOS 0KM/USADAS (EXCEPTO TIERRA DEL FUEGO);PLAN UNICO MOTOS;Pesos;0;357800;60;715600;12;100;30,00;80,00;Adquisición de motocicletas;Personas humanas Responsables Inscriptos;5,00;78,73;Fija;193,33;94840,00;Provincia de Córdoba;PLAN VALIDO EN CABA, CATAMARCA, CORDOBA, MENDOZA Y SANTA FE (LA CUOTA INICIAL A PLAZO MAXIMO INCLUYE EL CARGO POR SEGURO AUTOMOTOR SEGUN COBERTURA BASICA CONTRA TERCEROS COMPLETOS POR 4433,09  PESOS) NO HAY MONTO MAXIMO OTORGABLE EL COSTO FINANCIERO EFECTIVO TOTAL MAXIMO CORRESPONDE A UN PRESTAMO POR 1000000 A 12 MESES INCLUYE EL CARGO POR SEGURO AUTOMOTOR SEGUN COBERTURA BASICA CONTRA TERCEROS COMPLETOS POR 4433,09  PESOS E IVA
44093;GPAT COMPAÑIA FINANCIERA S.A.U.;2026-04-16;PLAN UNICO MOTOS 0KM/USADAS (EXCEPTO TIERRA DEL FUEGO);PLAN UNICO MOTOS;Pesos;0;357800;60;715600;12;100;30,00;80,00;Adquisición de motocicletas;Personas humanas Responsables Inscriptos;5,00;78,73;Fija;193,33;94840,00;Provincia de Catamarca;PLAN VALIDO EN CABA, CATAMARCA, CORDOBA, MENDOZA Y SANTA FE (LA CUOTA INICIAL A PLAZO MAXIMO INCLUYE EL CARGO POR SEGURO AUTOMOTOR SEGUN COBERTURA BASICA CONTRA TERCEROS COMPLETOS POR 4433,09  PESOS) NO HAY MONTO MAXIMO OTORGABLE EL COSTO FINANCIERO EFECTIVO TOTAL MAXIMO CORRESPONDE A UN PRESTAMO POR 1000000 A 12 MESES INCLUYE EL CARGO POR SEGURO AUTOMOTOR SEGUN COBERTURA BASICA CONTRA TERCEROS COMPLETOS POR 4433,09  PESOS E IVA
44093;GPAT COMPAÑIA FINANCIERA S.A.U.;2026-04-16;PLAN PROMOCION USADOS (EXCEPTO TIERRA DEL FUEGO);PLAN PROMOCION USADOS;Pesos;0;357800;60;715600;12;100;30,00;90,00;Adquisición de automotores (marcas con convenios con la entidad);Personas humanas Monotributistas;5,00;78,73;Fija;107,54;130452,00;Todo el territorio nacional;PLAN VALIDO EN TODO EL TERRITORIO NACIONAL, EXCEPTO TIERRA DEL FUEGO (LA CUOTA INICIAL A PLAZO MAXIMO INCLUYE EL CARGO POR SEGURO AUTOMOTOR SEGUN COBERTURA BASICA CONTRA TERCEROS COMPLETOS POR 72327 PESOS) NO HAY MONTO MAXIMO OTORGABLE EL COSTO FINANCIERO EFECTIVO TOTAL MAXIMO CORRESPONDE A UN PRESTAMO POR 1000000 A 12 MESES INCLUYE EL CARGO POR SEGURO AUTOMOTOR SEGUN COBERTURA BASICA CONTRA TERCEROS COMPLETOS POR 72327 PESOS E IVA. LA RELACION MONTO / TASACION Y EL PLAZO MAXIMO OTORGABLE DEPENDERA DE LA ANTIGUEDAD DEL VEHICULO. PARA VEHICULOS DE 1 A 3 ANOS LA RELACION ENTRE EL MONTO Y LA TASACION ES DEL 0,70 Y PLAZO MAXIMO 60 MESES, PARA VEHICULOS DE 4 A 5 ANOS DE ANTIGUEDAD LA RELACION ENTRE EL MONTO Y LA TASACION ES DEL 0,60 Y EL PLAZO MAXIMO 48 MESES, PARA VEHICULOS DE 6 A 8 ANOS DE ANTIGUEDAD LA RELACION ENTRE EL MONTO Y LA TASACION ES DEL 0,50 Y EL PLAZO MAXIMO DE 48 MESES Y PARA VEHICULOS DE 9 A 10 ANOS LA RELACION ENTRE EL MONTO Y LA TASACION ES DEL 0,40 Y EL PLAZO MAXIMO DISPONIBLE 48 MESES.
44093;GPAT COMPAÑIA FINANCIERA S.A.U.;2026-04-16;PLAN UNICO MOTOS 0KM/USADAS (EXCEPTO TIERRA DEL FUEGO);PLAN UNICO MOTOS;Pesos;0;357800;60;715600;12;100;30,00;80,00;Adquisición de motocicletas;Beneficiarios de cuentas de la seguridad social;5,00;78,73;Fija;193,33;94840,00;Provincia de Catamarca;PLAN VALIDO EN CABA, CATAMARCA, CORDOBA, MENDOZA Y SANTA FE (LA CUOTA INICIAL A PLAZO MAXIMO INCLUYE EL CARGO POR SEGURO AUTOMOTOR SEGUN COBERTURA BASICA CONTRA TERCEROS COMPLETOS POR 4433,09  PESOS) NO HAY MONTO MAXIMO OTORGABLE EL COSTO FINANCIERO EFECTIVO TOTAL MAXIMO CORRESPONDE A UN PRESTAMO POR 1000000 A 12 MESES INCLUYE EL CARGO POR SEGURO AUTOMOTOR SEGUN COBERTURA BASICA CONTRA TERCEROS COMPLETOS POR 4433,09  PESOS E IVA
44093;GPAT COMPAÑIA FINANCIERA S.A.U.;2026-04-16;PLAN UNICO MOTOS 0KM/USADAS (EXCEPTO TIERRA DEL FUEGO);PLAN UNICO MOTOS;Pesos;0;357800;60;715600;12;100;30,00;80,00;Adquisición de motocicletas;MiPyMEs;5,00;78,73;Fija;193,33;94840,00;Provincia de Catamarca;PLAN VALIDO EN CABA, CATAMARCA, CORDOBA, MENDOZA Y SANTA FE (LA CUOTA INICIAL A PLAZO MAXIMO INCLUYE EL CARGO POR SEGURO AUTOMOTOR SEGUN COBERTURA BASICA CONTRA TERCEROS COMPLETOS POR 4433,09  PESOS) NO HAY MONTO MAXIMO OTORGABLE EL COSTO FINANCIERO EFECTIVO TOTAL MAXIMO CORRESPONDE A UN PRESTAMO POR 1000000 A 12 MESES INCLUYE EL CARGO POR SEGURO AUTOMOTOR SEGUN COBERTURA BASICA CONTRA TERCEROS COMPLETOS POR 4433,09  PESOS E IVA
44093;GPAT COMPAÑIA FINANCIERA S.A.U.;2026-04-16;PLAN PROMOCION 0KM (EXCEPTO TIERRA DEL FUEGO);PLAN PROMO 0KM (EXC. TDF);Pesos;0;357800;60;715600;12;100;30,00;90,00;Adquisición automotores 0 km;Personas humanas Monotributistas;5,00;78,73;Fija;107,54;130452,00;Todo el territorio nacional;PLAN VALIDO EN TODO EL TERRITORIO NACIONAL, EXCEPTO TIERRA DEL FUEGO (LA CUOTA INICIAL A PLAZO MAXIMO INCLUYE EL CARGO POR SEGURO AUTOMOTOR SEGUN COBERTURA BASICA CONTRA TERCEROS COMPLETOS POR 72327 PESOS) NO HAY MONTO MAXIMO OTORGABLE EL COSTO FINANCIERO EFECTIVO TOTAL MAXIMO CORRESPONDE A UN PRESTAMO POR 1000000 A 12 MESES INCLUYE EL CARGO POR SEGURO AUTOMOTOR SEGUN COBERTURA BASICA CONTRA TERCEROS COMPLETOS POR 72327 PESOS E IVA
44093;GPAT COMPAÑIA FINANCIERA S.A.U.;2026-04-16;PLAN UNICO MOTOS 0KM/USADAS (EXCEPTO TIERRA DEL FUEGO);PLAN UNICO MOTOS;Pesos;0;357800;60;715600;12;100;30,00;80,00;Adquisición de motocicletas;Personas humanas en relación de dependencia;5,00;78,73;Fija;193,33;94840,00;Provincia de Catamarca;PLAN VALIDO EN CABA, CATAMARCA, CORDOBA, MENDOZA Y SANTA FE (LA CUOTA INICIAL A PLAZO MAXIMO INCLUYE EL CARGO POR SEGURO AUTOMOTOR SEGUN COBERTURA BASICA CONTRA TERCEROS COMPLETOS POR 4433,09  PESOS) NO HAY MONTO MAXIMO OTORGABLE EL COSTO FINANCIERO EFECTIVO TOTAL MAXIMO CORRESPONDE A UN PRESTAMO POR 1000000 A 12 MESES INCLUYE EL CARGO POR SEGURO AUTOMOTOR SEGUN COBERTURA BASICA CONTRA TERCEROS COMPLETOS POR 4433,09  PESOS E IVA
44094;MERCEDES-BENZ COMPAÑÍA FINANCIERA ARGENTINA S.A.;2026-04-14;PLAN SPRINTER 90 PORCIENTO LTV;PLAN SPRINTER 90 LTV;Pesos;114092550;10000;;0;0;100;35,00;90,00;Adquisición de automotores (marcas con convenios con la entidad);MiPyMEs;4,00;45,38;Fija;61,80;755299,00;Todo el territorio nacional;MARCA MERCEDES-BENZ ARGENTINA - MODELO SPRINTER MB - LA CUOTA INCIAL A PLAZO MAXIMO INCLUYE EL CARGO POR SEGURO DE LA UNIDAD POR 754795 PESOS
44094;MERCEDES-BENZ COMPAÑÍA FINANCIERA ARGENTINA S.A.;2026-04-14;PLAN GENERAL AUTOS 90 PORCIENTO LTV;PLAN GENERAL AUTOS 90 LTV;Pesos;202500000;10000;;0;0;100;35,00;90,00;Adquisición de automotores (marcas con convenios con la entidad);Personas jurídicas;4,00;45,38;Fija;61,80;1336526,00;Todo el territorio nacional;MARCA MERCEDES-BENZ ARGENTINA - MODELO AUTOS MB - LA CUOTA INCIAL A PLAZO MAXIMO INCLUYE EL CARGO POR SEGURO DE LA UNIDAD POR 1336022 PESOS
44094;MERCEDES-BENZ COMPAÑÍA FINANCIERA ARGENTINA S.A.;2026-04-14;PLAN SPRINTER 90 PORCIENTO LTV;PLAN SPRINTER 90 LTV;Pesos;114092550;10000;;0;24;74;35,00;90,00;Adquisición de automotores (marcas con convenios con la entidad);Personas humanas Responsables Inscriptos;4,00;45,38;Fija;61,80;755299,00;Todo el territorio nacional;MARCA MERCEDES-BENZ ARGENTINA - MODELO SPRINTER MB - LA CUOTA INCIAL A PLAZO MAXIMO INCLUYE EL CARGO POR SEGURO DE LA UNIDAD POR 754795 PESOS
44094;MERCEDES-BENZ COMPAÑÍA FINANCIERA ARGENTINA S.A.;2026-04-14;PLAN GENERAL AUTOS 90 PORCIENTO LTV;PLAN GENERAL AUTOS 90 LTV;Pesos;202500000;10000;;0;24;74;35,00;90,00;Adquisición de automotores (marcas con convenios con la entidad);Personas humanas Responsables Inscriptos;4,00;45,38;Fija;61,80;1336526,00;Todo el territorio nacional;MARCA MERCEDES-BENZ ARGENTINA - MODELO AUTOS MB - LA CUOTA INCIAL A PLAZO MAXIMO INCLUYE EL CARGO POR SEGURO DE LA UNIDAD POR 1336022 PESOS
44094;MERCEDES-BENZ COMPAÑÍA FINANCIERA ARGENTINA S.A.;2026-04-14;PLAN TRUCKS 90 PORCIENTO LTV;PLAN TRUCKS 90 PORC;Pesos;326992500;10000;;0;0;100;35,00;90,00;Adquisición de automotores (marcas con convenios con la entidad);Personas jurídicas;4,00;45,38;Fija;52,75;1050745,00;Todo el territorio nacional;MARCA MERCEDES-BENZ ARGENTINA - MODELO CAMIONES - LA CUOTA INCIAL A PLAZO MAXIMO INCLUYE EL CARGO POR SEGURO DE LA UNIDAD POR 1050303 PESOS
44094;MERCEDES-BENZ COMPAÑÍA FINANCIERA ARGENTINA S.A.;2026-04-14;PLAN TRUCKS 90 PORCIENTO LTV;PLAN TRUCKS 90 PORC;Pesos;326992500;10000;;0;24;74;35,00;90,00;Adquisición de automotores (marcas con convenios con la entidad);Personas humanas Responsables Inscriptos;4,00;45,38;Fija;52,75;1050745,00;Todo el territorio nacional;MARCA MERCEDES-BENZ ARGENTINA - MODELO CAMIONES - LA CUOTA INCIAL A PLAZO MAXIMO INCLUYE EL CARGO POR SEGURO DE LA UNIDAD POR 1050303 PESOS
44094;MERCEDES-BENZ COMPAÑÍA FINANCIERA ARGENTINA S.A.;2026-04-14;PLAN GENERAL AUTOS 90 PORCIENTO LTV;PLAN GENERAL AUTOS 90 LTV;Pesos;202500000;10000;;0;0;100;35,00;90,00;Adquisición de automotores (marcas con convenios con la entidad);MiPyMEs;4,00;45,38;Fija;61,80;1336526,00;Todo el territorio nacional;MARCA MERCEDES-BENZ ARGENTINA - MODELO AUTOS MB - LA CUOTA INCIAL A PLAZO MAXIMO INCLUYE EL CARGO POR SEGURO DE LA UNIDAD POR 1336022 PESOS
44094;MERCEDES-BENZ COMPAÑÍA FINANCIERA ARGENTINA S.A.;2026-04-14;PLAN TRUCKS 90 PORCIENTO LTV;PLAN TRUCKS 90 PORC;Pesos;326992500;10000;;0;24;74;35,00;90,00;Adquisición de automotores (marcas con convenios con la entidad);Personas humanas Monotributistas;4,00;45,38;Fija;52,75;1050745,00;Todo el territorio nacional;MARCA MERCEDES-BENZ ARGENTINA - MODELO CAMIONES - LA CUOTA INCIAL A PLAZO MAXIMO INCLUYE EL CARGO POR SEGURO DE LA UNIDAD POR 1050303 PESOS
44094;MERCEDES-BENZ COMPAÑÍA FINANCIERA ARGENTINA S.A.;2026-04-14;PLAN TRUCKS 90 PORCIENTO LTV;PLAN TRUCKS 90 PORC;Pesos;326992500;10000;;0;24;74;35,00;90,00;Adquisición de automotores (marcas con convenios con la entidad);Personas humanas en relación de dependencia;4,00;45,38;Fija;52,75;1050745,00;Todo el territorio nacional;MARCA MERCEDES-BENZ ARGENTINA - MODELO CAMIONES - LA CUOTA INCIAL A PLAZO MAXIMO INCLUYE EL CARGO POR SEGURO DE LA UNIDAD POR 1050303 PESOS
44094;MERCEDES-BENZ COMPAÑÍA FINANCIERA ARGENTINA S.A.;2026-04-14;PLAN TRUCKS 90 PORCIENTO LTV;PLAN TRUCKS 90 PORC;Pesos;326992500;10000;;0;0;100;35,00;90,00;Adquisición de automotores (marcas con convenios con la entidad);MiPyMEs;4,00;45,38;Fija;52,75;1050745,00;Todo el territorio nacional;MARCA MERCEDES-BENZ ARGENTINA - MODELO CAMIONES - LA CUOTA INCIAL A PLAZO MAXIMO INCLUYE EL CARGO POR SEGURO DE LA UNIDAD POR 1050303 PESOS
44094;MERCEDES-BENZ COMPAÑÍA FINANCIERA ARGENTINA S.A.;2026-04-14;PLAN GENERAL AUTOS 90 PORCIENTO LTV;PLAN GENERAL AUTOS 90 LTV;Pesos;202500000;10000;;0;24;74;35,00;90,00;Adquisición de automotores (marcas con convenios con la entidad);Personas humanas en relación de dependencia;4,00;45,38;Fija;61,80;1336526,00;Todo el territorio nacional;MARCA MERCEDES-BENZ ARGENTINA - MODELO AUTOS MB - LA CUOTA INCIAL A PLAZO MAXIMO INCLUYE EL CARGO POR SEGURO DE LA UNIDAD POR 1336022 PESOS
44094;MERCEDES-BENZ COMPAÑÍA FINANCIERA ARGENTINA S.A.;2026-04-14;PLAN SPRINTER 90 PORCIENTO LTV;PLAN SPRINTER 90 LTV;Pesos;114092550;10000;;0;24;74;35,00;90,00;Adquisición de automotores (marcas con convenios con la entidad);Personas humanas Monotributistas;4,00;45,38;Fija;61,80;755299,00;Todo el territorio nacional;MARCA MERCEDES-BENZ ARGENTINA - MODELO SPRINTER MB - LA CUOTA INCIAL A PLAZO MAXIMO INCLUYE EL CARGO POR SEGURO DE LA UNIDAD POR 754795 PESOS
44094;MERCEDES-BENZ COMPAÑÍA FINANCIERA ARGENTINA S.A.;2026-04-14;PLAN GENERAL AUTOS 90 PORCIENTO LTV;PLAN GENERAL AUTOS 90 LTV;Pesos;202500000;10000;;0;24;74;35,00;90,00;Adquisición de automotores (marcas con convenios con la entidad);Personas humanas Monotributistas;4,00;45,38;Fija;61,80;1336526,00;Todo el territorio nacional;MARCA MERCEDES-BENZ ARGENTINA - MODELO AUTOS MB - LA CUOTA INCIAL A PLAZO MAXIMO INCLUYE EL CARGO POR SEGURO DE LA UNIDAD POR 1336022 PESOS
44094;MERCEDES-BENZ COMPAÑÍA FINANCIERA ARGENTINA S.A.;2026-04-14;PLAN SPRINTER 90 PORCIENTO LTV;PLAN SPRINTER 90 LTV;Pesos;114092550;10000;;0;24;74;35,00;90,00;Adquisición de automotores (marcas con convenios con la entidad);Personas humanas en relación de dependencia;4,00;45,38;Fija;61,80;755299,00;Todo el territorio nacional;MARCA MERCEDES-BENZ ARGENTINA - MODELO SPRINTER MB - LA CUOTA INCIAL A PLAZO MAXIMO INCLUYE EL CARGO POR SEGURO DE LA UNIDAD POR 754795 PESOS
44094;MERCEDES-BENZ COMPAÑÍA FINANCIERA ARGENTINA S.A.;2026-04-14;PLAN SPRINTER 90 PORCIENTO LTV;PLAN SPRINTER 90 LTV;Pesos;114092550;10000;;0;0;100;35,00;90,00;Adquisición de automotores (marcas con convenios con la entidad);Personas jurídicas;4,00;45,38;Fija;61,80;755299,00;Todo el territorio nacional;MARCA MERCEDES-BENZ ARGENTINA - MODELO SPRINTER MB - LA CUOTA INCIAL A PLAZO MAXIMO INCLUYE EL CARGO POR SEGURO DE LA UNIDAD POR 754795 PESOS
44095;ROMBO COMPAÑÍA FINANCIERA S.A.;2026-04-16;R 0KM UVA VN ABR26;R 0KM UVA VN ABR26;UVA;50000000;600000;48;0;1;77;25,00;80,00;Adquisición automotores 0 km;Todos los beneficiarios;6,00;29,21;Fija;43,54;374,00;Todo el territorio nacional;EXCLUSIVO PARA 0KM, INCLUYE SEGURO DE AUTO. LA TEA NO INCLUYE EL VALOR DEL IVA .
44095;ROMBO COMPAÑÍA FINANCIERA S.A.;2026-04-16;R USADOS LTV PLUS VO ABR26;R USADOS LTV PLUS VO ABR2;Pesos;50000000;600000;60;0;1;77;40,00;80,00;Adquisición de automotores usados;Todos los beneficiarios;6,00;69,43;Fija;68,37;533,00;Todo el territorio nacional;EXCLUSIVO PARA USADOS, INCLUYE SEGURO DE AUTO. LA TEA NO INCLUYE EL VALOR DEL IVA .
44095;ROMBO COMPAÑÍA FINANCIERA S.A.;2026-04-16;R 0KM CLASSIC ABR26;R 0KM CLASSIC ABR26;Pesos;50000000;600000;60;0;1;77;40,00;80,00;Adquisición automotores 0 km;Todos los beneficiarios;6,00;88,15;Fija;81,26;618,00;Todo el territorio nacional;EXCLUSIVO PARA 0KM, INCLUYE SEGURO DE AUTO. LA TEA NO INCLUYE EL VALOR DEL IVA .
44096;JOHN DEERE CREDIT COMPAÑÍA FINANCIERA S.A.;2026-04-13;PRENDARIO NUEVO USD FIJA 4,90 GASTOS 1,50 5 ANOS TASA LLENA 12,75 LTV 60,00;5PDMZ PN USD 4,90 5A;Dólares estadounidenses;10650267;15000;60;0;36;100;25,00;70,00;Adquisición para capital de trabajo;MiPyMEs;2,00;5,03;Fija;5,92;1200,00;Todo el territorio nacional;MONTO MAXIMO OTORGABLE: 25 POR CIENTO RPC FEBRERO 2026 EN USD. MONTO MINIMO A OTORGAR MENOR A 15000 USD DE MANERA EXCEPCIONAL. TASA EFVA. ANUAL Y COSTO FINANCIERO TOTAL CALCULADOS CON VTOS SEMESTRALES. VARIABLE DE ACUERDO A LAS FECHA DE DESEMBOLSO. NO INCLUYE IVA POR NO SER UN COSTO PARA LOS CLIENTES. CUOTA INICIAL: VTO 6 MESES DE OTORGADO EL PRESTAMO. RELACION CUOTA INGRESO: VALOR MINIMO ACEPTADO, RESULTA DE DIVIDIR MARGEN BRUTO Y TOTAL DE CUOTAS DE PRESTAMOS DEL CLIENTE. INCLUIDO EL QUE ESTA GESTIONANDO EN LA CIA
44096;JOHN DEERE CREDIT COMPAÑÍA FINANCIERA S.A.;2026-04-13;PRENDARIO NUEVO USD FIJA 4,90 GASTOS 1,50 5 ANOS TASA LLENA 8,90 LTV 70,00;5PDNU PN USD 4,90 5A SUB;Dólares estadounidenses;10650267;15000;60;0;36;100;25,00;70,00;Adquisición para capital de trabajo;MiPyMEs;2,00;5,04;Fija;5,79;1200,00;Todo el territorio nacional;MONTO MAXIMO OTORGABLE: 25 POR CIENTO RPC FEBRERO 2026 EN USD. MONTO MINIMO A OTORGAR MENOR A 15000 USD DE MANERA EXCEPCIONAL. TASA EFVA. ANUAL Y COSTO FINANCIERO TOTAL CALCULADOS CON VTOS SEMESTRALES. VARIABLE DE ACUERDO A LAS FECHA DE DESEMBOLSO. NO INCLUYE IVA POR NO SER UN COSTO PARA LOS CLIENTES. CUOTA INICIAL: VTO 6 MESES DE OTORGADO EL PRESTAMO. RELACION CUOTA INGRESO: VALOR MINIMO ACEPTADO, RESULTA DE DIVIDIR MARGEN BRUTO Y TOTAL DE CUOTAS DE PRESTAMOS DEL CLIENTE. INCLUIDO EL QUE ESTA GESTIONANDO EN LA CIA
44096;JOHN DEERE CREDIT COMPAÑÍA FINANCIERA S.A.;2026-04-13;PRENDARIO NUEVO PESOS FIJA 32,50 GASTOS 1,00 4 ANOS TASA LLENA 47 LTV 70,00;4PAJB PN $ 32,5 4A;Pesos;15005865959;15000;48;0;36;100;25,00;70,00;Adquisición para capital de trabajo;Personas humanas Responsables Inscriptos;2,00;35,71;Fija;37,41;130000,00;Todo el territorio nacional;MONTO MAXIMO OTORGABLE: 25 POR CIENTO RPC FEBRERO 2026 EN USD. MONTO MINIMO A OTORGAR MENOR A 15000 USD DE MANERA EXCEPCIONAL. TASA EFVA. ANUAL Y COSTO FINANCIERO TOTAL CALCULADOS CON VTOS SEMESTRALES. VARIABLE DE ACUERDO A LAS FECHA DE DESEMBOLSO. NO INCLUYE IVA POR NO SER UN COSTO PARA LOS CLIENTES. CUOTA INICIAL: VTO 6 MESES DE OTORGADO EL PRESTAMO. RELACION CUOTA INGRESO: VALOR MINIMO ACEPTADO, RESULTA DE DIVIDIR MARGEN BRUTO Y TOTAL DE CUOTAS DE PRESTAMOS DEL CLIENTE. INCLUIDO EL QUE ESTA GESTIONANDO EN LA CIA
44096;JOHN DEERE CREDIT COMPAÑÍA FINANCIERA S.A.;2026-04-13;PRENDARIO NUEVO USD FIJA 0,00 GASTOS 1,50 3 ANOS TASA LLENA 10,75 LTV 70,00;3PDP2 PN USD 0 3A SUB;Dólares estadounidenses;10650267;15000;36;0;36;100;25,00;70,00;Adquisición para capital de trabajo;Personas humanas Responsables Inscriptos;2,00;,00;Fija;,87;3000,00;Todo el territorio nacional;MONTO MAXIMO OTORGABLE: 25 POR CIENTO RPC FEBRERO 2026 EN USD. MONTO MINIMO A OTORGAR MENOR A 15000 USD DE MANERA EXCEPCIONAL. TASA EFVA. ANUAL Y COSTO FINANCIERO TOTAL CALCULADOS CON VTOS SEMESTRALES. VARIABLE DE ACUERDO A LAS FECHA DE DESEMBOLSO. NO INCLUYE IVA POR NO SER UN COSTO PARA LOS CLIENTES. CUOTA INICIAL: VTO 6 MESES DE OTORGADO EL PRESTAMO. RELACION CUOTA INGRESO: VALOR MINIMO ACEPTADO, RESULTA DE DIVIDIR MARGEN BRUTO Y TOTAL DE CUOTAS DE PRESTAMOS DEL CLIENTE. INCLUIDO EL QUE ESTA GESTIONANDO EN LA CIA
44096;JOHN DEERE CREDIT COMPAÑÍA FINANCIERA S.A.;2026-04-13;PRENDARIO USADO USD FIJA 0,00 GASTOS 1,50 5 ANOS TASA LLENA 13,25 LTV 70,00;5PDPG PU USD 7,90 5A SUB;Dólares estadounidenses;10650267;15000;60;0;36;100;25,00;70,00;Adquisición para capital de trabajo;MiPyMEs;2,00;6,70;Fija;7,70;2500,00;Todo el territorio nacional;MONTO MAXIMO OTORGABLE: 25 POR CIENTO RPC FEBRERO 2026 EN USD. MONTO MINIMO A OTORGAR MENOR A 15000 USD DE MANERA EXCEPCIONAL. TASA EFVA. ANUAL Y COSTO FINANCIERO TOTAL CALCULADOS CON VTOS SEMESTRALES. VARIABLE DE ACUERDO A LAS FECHA DE DESEMBOLSO. NO INCLUYE IVA POR NO SER UN COSTO PARA LOS CLIENTES. CUOTA INICIAL: VTO 6 MESES DE OTORGADO EL PRESTAMO. RELACION CUOTA INGRESO: VALOR MINIMO ACEPTADO, RESULTA DE DIVIDIR MARGEN BRUTO Y TOTAL DE CUOTAS DE PRESTAMOS DEL CLIENTE. INCLUIDO EL QUE ESTA GESTIONANDO EN LA CIA
44096;JOHN DEERE CREDIT COMPAÑÍA FINANCIERA S.A.;2026-04-13;PRENDARIO USADO USD FIJA 0,00 GASTOS 1,50 5 ANOS TASA LLENA 13,25 LTV 70,00;5PDPG PU USD 7,90 5A SUB;Dólares estadounidenses;10650267;15000;60;0;36;100;25,00;70,00;Adquisición para capital de trabajo;Personas jurídicas;2,00;6,70;Fija;7,70;2500,00;Todo el territorio nacional;MONTO MAXIMO OTORGABLE: 25 POR CIENTO RPC FEBRERO 2026 EN USD. MONTO MINIMO A OTORGAR MENOR A 15000 USD DE MANERA EXCEPCIONAL. TASA EFVA. ANUAL Y COSTO FINANCIERO TOTAL CALCULADOS CON VTOS SEMESTRALES. VARIABLE DE ACUERDO A LAS FECHA DE DESEMBOLSO. NO INCLUYE IVA POR NO SER UN COSTO PARA LOS CLIENTES. CUOTA INICIAL: VTO 6 MESES DE OTORGADO EL PRESTAMO. RELACION CUOTA INGRESO: VALOR MINIMO ACEPTADO, RESULTA DE DIVIDIR MARGEN BRUTO Y TOTAL DE CUOTAS DE PRESTAMOS DEL CLIENTE. INCLUIDO EL QUE ESTA GESTIONANDO EN LA CIA
44096;JOHN DEERE CREDIT COMPAÑÍA FINANCIERA S.A.;2026-04-13;PRENDARIO NUEVO USD FIJA 4,90 GASTOS 1,50 5 ANOS TASA LLENA 8,90 LTV 70,00;5PDNU PN USD 4,90 5A SUB;Dólares estadounidenses;10650267;15000;60;0;36;100;25,00;70,00;Adquisición para capital de trabajo;Personas jurídicas;2,00;5,04;Fija;5,79;1200,00;Todo el territorio nacional;MONTO MAXIMO OTORGABLE: 25 POR CIENTO RPC FEBRERO 2026 EN USD. MONTO MINIMO A OTORGAR MENOR A 15000 USD DE MANERA EXCEPCIONAL. TASA EFVA. ANUAL Y COSTO FINANCIERO TOTAL CALCULADOS CON VTOS SEMESTRALES. VARIABLE DE ACUERDO A LAS FECHA DE DESEMBOLSO. NO INCLUYE IVA POR NO SER UN COSTO PARA LOS CLIENTES. CUOTA INICIAL: VTO 6 MESES DE OTORGADO EL PRESTAMO. RELACION CUOTA INGRESO: VALOR MINIMO ACEPTADO, RESULTA DE DIVIDIR MARGEN BRUTO Y TOTAL DE CUOTAS DE PRESTAMOS DEL CLIENTE. INCLUIDO EL QUE ESTA GESTIONANDO EN LA CIA
44096;JOHN DEERE CREDIT COMPAÑÍA FINANCIERA S.A.;2026-04-13;PRENDARIO NUEVO USD FIJA 0,00  GASTOS 1,5 4 ANOS TASA LLENA 10,75 LTV 70,00;4PDJJ PN USD 0 4A;Dólares estadounidenses;10650267;15000;48;0;36;100;25,00;70,00;Adquisición para capital de trabajo;MiPyMEs;2,00;,00;Fija;,67;2150,00;Todo el territorio nacional;MONTO MAXIMO OTORGABLE: 25 POR CIENTO RPC FEBRERO 2026 EN USD. MONTO MINIMO A OTORGAR MENOR A 15000 USD DE MANERA EXCEPCIONAL. TASA EFVA. ANUAL Y COSTO FINANCIERO TOTAL CALCULADOS CON VTOS SEMESTRALES. VARIABLE DE ACUERDO A LAS FECHA DE DESEMBOLSO. NO INCLUYE IVA POR NO SER UN COSTO PARA LOS CLIENTES. CUOTA INICIAL: VTO 6 MESES DE OTORGADO EL PRESTAMO. RELACION CUOTA INGRESO: VALOR MINIMO ACEPTADO, RESULTA DE DIVIDIR MARGEN BRUTO Y TOTAL DE CUOTAS DE PRESTAMOS DEL CLIENTE. INCLUIDO EL QUE ESTA GESTIONANDO EN LA CIA
44096;JOHN DEERE CREDIT COMPAÑÍA FINANCIERA S.A.;2026-04-13;PRENDARIO NUEVO USD FIJA 6,50 GASTOS 1,50 5 ANOS TASA LLENA 12,50 LTV 80,00;5PDMO PN USD 6,50 5A;Dólares estadounidenses;10650267;15000;60;0;36;100;25,00;70,00;Adquisición para capital de trabajo;Personas humanas Responsables Inscriptos;2,00;6,70;Fija;7,50;1200,00;Todo el territorio nacional;MONTO MAXIMO OTORGABLE: 25 POR CIENTO RPC FEBRERO 2026 EN USD. MONTO MINIMO A OTORGAR MENOR A 15000 USD DE MANERA EXCEPCIONAL. TASA EFVA. ANUAL Y COSTO FINANCIERO TOTAL CALCULADOS CON VTOS SEMESTRALES. VARIABLE DE ACUERDO A LAS FECHA DE DESEMBOLSO. NO INCLUYE IVA POR NO SER UN COSTO PARA LOS CLIENTES. CUOTA INICIAL: VTO 6 MESES DE OTORGADO EL PRESTAMO. RELACION CUOTA INGRESO: VALOR MINIMO ACEPTADO, RESULTA DE DIVIDIR MARGEN BRUTO Y TOTAL DE CUOTAS DE PRESTAMOS DEL CLIENTE. INCLUIDO EL QUE ESTA GESTIONANDO EN LA CIA
44096;JOHN DEERE CREDIT COMPAÑÍA FINANCIERA S.A.;2026-04-13;PRENDARIO NUEVO PESOS FIJA 28,90 GASTOS 2,00 4 ANOS TASA LLENA 45 LTV 70,00;4PANN PN $ 28,9 4A;Pesos;15005865959;15000;48;0;36;100;25,00;70,00;Adquisición para capital de trabajo;MiPyMEs;2,00;31,48;Fija;33,18;130000,00;Todo el territorio nacional;MONTO MAXIMO OTORGABLE: 25 POR CIENTO RPC FEBRERO 2026 EN USD. MONTO MINIMO A OTORGAR MENOR A 15000 USD DE MANERA EXCEPCIONAL. TASA EFVA. ANUAL Y COSTO FINANCIERO TOTAL CALCULADOS CON VTOS SEMESTRALES. VARIABLE DE ACUERDO A LAS FECHA DE DESEMBOLSO. NO INCLUYE IVA POR NO SER UN COSTO PARA LOS CLIENTES. CUOTA INICIAL: VTO 6 MESES DE OTORGADO EL PRESTAMO. RELACION CUOTA INGRESO: VALOR MINIMO ACEPTADO, RESULTA DE DIVIDIR MARGEN BRUTO Y TOTAL DE CUOTAS DE PRESTAMOS DEL CLIENTE. INCLUIDO EL QUE ESTA GESTIONANDO EN LA CIA
44096;JOHN DEERE CREDIT COMPAÑÍA FINANCIERA S.A.;2026-04-13;PRENDARIO NUEVO USD FIJA 0,00  GASTOS 1,5 4 ANOS TASA LLENA 10,75 LTV 70,00;4PDJJ PN USD 0 4A;Dólares estadounidenses;10650267;15000;48;0;36;100;25,00;70,00;Adquisición para capital de trabajo;Personas humanas Responsables Inscriptos;2,00;,00;Fija;,67;2150,00;Todo el territorio nacional;MONTO MAXIMO OTORGABLE: 25 POR CIENTO RPC FEBRERO 2026 EN USD. MONTO MINIMO A OTORGAR MENOR A 15000 USD DE MANERA EXCEPCIONAL. TASA EFVA. ANUAL Y COSTO FINANCIERO TOTAL CALCULADOS CON VTOS SEMESTRALES. VARIABLE DE ACUERDO A LAS FECHA DE DESEMBOLSO. NO INCLUYE IVA POR NO SER UN COSTO PARA LOS CLIENTES. CUOTA INICIAL: VTO 6 MESES DE OTORGADO EL PRESTAMO. RELACION CUOTA INGRESO: VALOR MINIMO ACEPTADO, RESULTA DE DIVIDIR MARGEN BRUTO Y TOTAL DE CUOTAS DE PRESTAMOS DEL CLIENTE. INCLUIDO EL QUE ESTA GESTIONANDO EN LA CIA
44096;JOHN DEERE CREDIT COMPAÑÍA FINANCIERA S.A.;2026-04-13;PRENDARIO NUEVO PESOS FIJA 32,50 GASTOS 1,00 4 ANOS TASA LLENA 47 LTV 70,00;4PAJB PN $ 32,5 4A;Pesos;15005865959;15000;48;0;36;100;25,00;70,00;Adquisición para capital de trabajo;Personas jurídicas;2,00;35,71;Fija;37,41;130000,00;Todo el territorio nacional;MONTO MAXIMO OTORGABLE: 25 POR CIENTO RPC FEBRERO 2026 EN USD. MONTO MINIMO A OTORGAR MENOR A 15000 USD DE MANERA EXCEPCIONAL. TASA EFVA. ANUAL Y COSTO FINANCIERO TOTAL CALCULADOS CON VTOS SEMESTRALES. VARIABLE DE ACUERDO A LAS FECHA DE DESEMBOLSO. NO INCLUYE IVA POR NO SER UN COSTO PARA LOS CLIENTES. CUOTA INICIAL: VTO 6 MESES DE OTORGADO EL PRESTAMO. RELACION CUOTA INGRESO: VALOR MINIMO ACEPTADO, RESULTA DE DIVIDIR MARGEN BRUTO Y TOTAL DE CUOTAS DE PRESTAMOS DEL CLIENTE. INCLUIDO EL QUE ESTA GESTIONANDO EN LA CIA
44096;JOHN DEERE CREDIT COMPAÑÍA FINANCIERA S.A.;2026-04-13;PRENDARIO NUEVO PESOS FIJA 28,90 GASTOS 2,00 4 ANOS TASA LLENA 45 LTV 70,00;4PANN PN $ 28,9 4A;Pesos;15005865959;15000;48;0;36;100;25,00;70,00;Adquisición para capital de trabajo;Personas humanas Responsables Inscriptos;2,00;31,48;Fija;33,18;130000,00;Todo el territorio nacional;MONTO MAXIMO OTORGABLE: 25 POR CIENTO RPC FEBRERO 2026 EN USD. MONTO MINIMO A OTORGAR MENOR A 15000 USD DE MANERA EXCEPCIONAL. TASA EFVA. ANUAL Y COSTO FINANCIERO TOTAL CALCULADOS CON VTOS SEMESTRALES. VARIABLE DE ACUERDO A LAS FECHA DE DESEMBOLSO. NO INCLUYE IVA POR NO SER UN COSTO PARA LOS CLIENTES. CUOTA INICIAL: VTO 6 MESES DE OTORGADO EL PRESTAMO. RELACION CUOTA INGRESO: VALOR MINIMO ACEPTADO, RESULTA DE DIVIDIR MARGEN BRUTO Y TOTAL DE CUOTAS DE PRESTAMOS DEL CLIENTE. INCLUIDO EL QUE ESTA GESTIONANDO EN LA CIA
44096;JOHN DEERE CREDIT COMPAÑÍA FINANCIERA S.A.;2026-04-13;PRENDARIO NUEVO USD FIJA 0,00 GASTOS 1,50 3 ANOS TASA LLENA 10,75 LTV 70,00;3PDP2 PN USD 0 3A SUB;Dólares estadounidenses;10650267;15000;36;0;36;100;25,00;70,00;Adquisición para capital de trabajo;MiPyMEs;2,00;,00;Fija;,87;3000,00;Todo el territorio nacional;MONTO MAXIMO OTORGABLE: 25 POR CIENTO RPC FEBRERO 2026 EN USD. MONTO MINIMO A OTORGAR MENOR A 15000 USD DE MANERA EXCEPCIONAL. TASA EFVA. ANUAL Y COSTO FINANCIERO TOTAL CALCULADOS CON VTOS SEMESTRALES. VARIABLE DE ACUERDO A LAS FECHA DE DESEMBOLSO. NO INCLUYE IVA POR NO SER UN COSTO PARA LOS CLIENTES. CUOTA INICIAL: VTO 6 MESES DE OTORGADO EL PRESTAMO. RELACION CUOTA INGRESO: VALOR MINIMO ACEPTADO, RESULTA DE DIVIDIR MARGEN BRUTO Y TOTAL DE CUOTAS DE PRESTAMOS DEL CLIENTE. INCLUIDO EL QUE ESTA GESTIONANDO EN LA CIA
44096;JOHN DEERE CREDIT COMPAÑÍA FINANCIERA S.A.;2026-04-13;PRENDARIO NUEVO USD FIJA 6,50 GASTOS 1,50 5 ANOS TASA LLENA 12,50 LTV 80,00;5PDMO PN USD 6,50 5A;Dólares estadounidenses;10650267;15000;60;0;36;100;25,00;70,00;Adquisición para capital de trabajo;Personas jurídicas;2,00;6,70;Fija;7,50;1200,00;Todo el territorio nacional;MONTO MAXIMO OTORGABLE: 25 POR CIENTO RPC FEBRERO 2026 EN USD. MONTO MINIMO A OTORGAR MENOR A 15000 USD DE MANERA EXCEPCIONAL. TASA EFVA. ANUAL Y COSTO FINANCIERO TOTAL CALCULADOS CON VTOS SEMESTRALES. VARIABLE DE ACUERDO A LAS FECHA DE DESEMBOLSO. NO INCLUYE IVA POR NO SER UN COSTO PARA LOS CLIENTES. CUOTA INICIAL: VTO 6 MESES DE OTORGADO EL PRESTAMO. RELACION CUOTA INGRESO: VALOR MINIMO ACEPTADO, RESULTA DE DIVIDIR MARGEN BRUTO Y TOTAL DE CUOTAS DE PRESTAMOS DEL CLIENTE. INCLUIDO EL QUE ESTA GESTIONANDO EN LA CIA
44096;JOHN DEERE CREDIT COMPAÑÍA FINANCIERA S.A.;2026-04-13;PRENDARIO USADO USD FIJA 0,00 GASTOS 1,50 5 ANOS TASA LLENA 13,25 LTV 70,00;5PDPG PU USD 7,90 5A SUB;Dólares estadounidenses;10650267;15000;60;0;36;100;25,00;70,00;Adquisición para capital de trabajo;Personas humanas Responsables Inscriptos;2,00;6,70;Fija;7,70;2500,00;Todo el territorio nacional;MONTO MAXIMO OTORGABLE: 25 POR CIENTO RPC FEBRERO 2026 EN USD. MONTO MINIMO A OTORGAR MENOR A 15000 USD DE MANERA EXCEPCIONAL. TASA EFVA. ANUAL Y COSTO FINANCIERO TOTAL CALCULADOS CON VTOS SEMESTRALES. VARIABLE DE ACUERDO A LAS FECHA DE DESEMBOLSO. NO INCLUYE IVA POR NO SER UN COSTO PARA LOS CLIENTES. CUOTA INICIAL: VTO 6 MESES DE OTORGADO EL PRESTAMO. RELACION CUOTA INGRESO: VALOR MINIMO ACEPTADO, RESULTA DE DIVIDIR MARGEN BRUTO Y TOTAL DE CUOTAS DE PRESTAMOS DEL CLIENTE. INCLUIDO EL QUE ESTA GESTIONANDO EN LA CIA
44096;JOHN DEERE CREDIT COMPAÑÍA FINANCIERA S.A.;2026-04-13;PRENDARIO NUEVO USD FIJA 4,90 GASTOS 1,50 5 ANOS TASA LLENA 8,90 LTV 70,00;5PDNU PN USD 4,90 5A SUB;Dólares estadounidenses;10650267;15000;60;0;36;100;25,00;70,00;Adquisición para capital de trabajo;Personas humanas Responsables Inscriptos;2,00;5,04;Fija;5,79;1200,00;Todo el territorio nacional;MONTO MAXIMO OTORGABLE: 25 POR CIENTO RPC FEBRERO 2026 EN USD. MONTO MINIMO A OTORGAR MENOR A 15000 USD DE MANERA EXCEPCIONAL. TASA EFVA. ANUAL Y COSTO FINANCIERO TOTAL CALCULADOS CON VTOS SEMESTRALES. VARIABLE DE ACUERDO A LAS FECHA DE DESEMBOLSO. NO INCLUYE IVA POR NO SER UN COSTO PARA LOS CLIENTES. CUOTA INICIAL: VTO 6 MESES DE OTORGADO EL PRESTAMO. RELACION CUOTA INGRESO: VALOR MINIMO ACEPTADO, RESULTA DE DIVIDIR MARGEN BRUTO Y TOTAL DE CUOTAS DE PRESTAMOS DEL CLIENTE. INCLUIDO EL QUE ESTA GESTIONANDO EN LA CIA
44096;JOHN DEERE CREDIT COMPAÑÍA FINANCIERA S.A.;2026-04-13;PRENDARIO NUEVO PESOS FIJA 28,90 GASTOS 2,00 4 ANOS TASA LLENA 45 LTV 70,00;4PANN PN $ 28,9 4A;Pesos;15005865959;15000;48;0;36;100;25,00;70,00;Adquisición para capital de trabajo;Personas jurídicas;2,00;31,48;Fija;33,18;130000,00;Todo el territorio nacional;MONTO MAXIMO OTORGABLE: 25 POR CIENTO RPC FEBRERO 2026 EN USD. MONTO MINIMO A OTORGAR MENOR A 15000 USD DE MANERA EXCEPCIONAL. TASA EFVA. ANUAL Y COSTO FINANCIERO TOTAL CALCULADOS CON VTOS SEMESTRALES. VARIABLE DE ACUERDO A LAS FECHA DE DESEMBOLSO. NO INCLUYE IVA POR NO SER UN COSTO PARA LOS CLIENTES. CUOTA INICIAL: VTO 6 MESES DE OTORGADO EL PRESTAMO. RELACION CUOTA INGRESO: VALOR MINIMO ACEPTADO, RESULTA DE DIVIDIR MARGEN BRUTO Y TOTAL DE CUOTAS DE PRESTAMOS DEL CLIENTE. INCLUIDO EL QUE ESTA GESTIONANDO EN LA CIA
44096;JOHN DEERE CREDIT COMPAÑÍA FINANCIERA S.A.;2026-04-13;PRENDARIO NUEVO USD FIJA 0,00  GASTOS 1,5 4 ANOS TASA LLENA 10,75 LTV 70,00;4PDJJ PN USD 0 4A;Dólares estadounidenses;10650267;15000;48;0;36;100;25,00;70,00;Adquisición para capital de trabajo;Personas jurídicas;2,00;,00;Fija;,67;2150,00;Todo el territorio nacional;MONTO MAXIMO OTORGABLE: 25 POR CIENTO RPC FEBRERO 2026 EN USD. MONTO MINIMO A OTORGAR MENOR A 15000 USD DE MANERA EXCEPCIONAL. TASA EFVA. ANUAL Y COSTO FINANCIERO TOTAL CALCULADOS CON VTOS SEMESTRALES. VARIABLE DE ACUERDO A LAS FECHA DE DESEMBOLSO. NO INCLUYE IVA POR NO SER UN COSTO PARA LOS CLIENTES. CUOTA INICIAL: VTO 6 MESES DE OTORGADO EL PRESTAMO. RELACION CUOTA INGRESO: VALOR MINIMO ACEPTADO, RESULTA DE DIVIDIR MARGEN BRUTO Y TOTAL DE CUOTAS DE PRESTAMOS DEL CLIENTE. INCLUIDO EL QUE ESTA GESTIONANDO EN LA CIA
44096;JOHN DEERE CREDIT COMPAÑÍA FINANCIERA S.A.;2026-04-13;PRENDARIO NUEVO USD FIJA 0,00 GASTOS 1,50 3 ANOS TASA LLENA 10,75 LTV 70,00;3PDP2 PN USD 0 3A SUB;Dólares estadounidenses;10650267;15000;36;0;36;100;25,00;70,00;Adquisición para capital de trabajo;Personas jurídicas;2,00;,00;Fija;,87;3000,00;Todo el territorio nacional;MONTO MAXIMO OTORGABLE: 25 POR CIENTO RPC FEBRERO 2026 EN USD. MONTO MINIMO A OTORGAR MENOR A 15000 USD DE MANERA EXCEPCIONAL. TASA EFVA. ANUAL Y COSTO FINANCIERO TOTAL CALCULADOS CON VTOS SEMESTRALES. VARIABLE DE ACUERDO A LAS FECHA DE DESEMBOLSO. NO INCLUYE IVA POR NO SER UN COSTO PARA LOS CLIENTES. CUOTA INICIAL: VTO 6 MESES DE OTORGADO EL PRESTAMO. RELACION CUOTA INGRESO: VALOR MINIMO ACEPTADO, RESULTA DE DIVIDIR MARGEN BRUTO Y TOTAL DE CUOTAS DE PRESTAMOS DEL CLIENTE. INCLUIDO EL QUE ESTA GESTIONANDO EN LA CIA
44096;JOHN DEERE CREDIT COMPAÑÍA FINANCIERA S.A.;2026-04-13;PRENDARIO NUEVO USD FIJA 6,50 GASTOS 1,50 5 ANOS TASA LLENA 12,50 LTV 80,00;5PDMO PN USD 6,50 5A;Dólares estadounidenses;10650267;15000;60;0;36;100;25,00;70,00;Adquisición para capital de trabajo;MiPyMEs;2,00;6,70;Fija;7,50;1200,00;Todo el territorio nacional;MONTO MAXIMO OTORGABLE: 25 POR CIENTO RPC FEBRERO 2026 EN USD. MONTO MINIMO A OTORGAR MENOR A 15000 USD DE MANERA EXCEPCIONAL. TASA EFVA. ANUAL Y COSTO FINANCIERO TOTAL CALCULADOS CON VTOS SEMESTRALES. VARIABLE DE ACUERDO A LAS FECHA DE DESEMBOLSO. NO INCLUYE IVA POR NO SER UN COSTO PARA LOS CLIENTES. CUOTA INICIAL: VTO 6 MESES DE OTORGADO EL PRESTAMO. RELACION CUOTA INGRESO: VALOR MINIMO ACEPTADO, RESULTA DE DIVIDIR MARGEN BRUTO Y TOTAL DE CUOTAS DE PRESTAMOS DEL CLIENTE. INCLUIDO EL QUE ESTA GESTIONANDO EN LA CIA
44096;JOHN DEERE CREDIT COMPAÑÍA FINANCIERA S.A.;2026-04-13;PRENDARIO NUEVO PESOS FIJA 32,50 GASTOS 1,00 4 ANOS TASA LLENA 47 LTV 70,00;4PAJB PN $ 32,5 4A;Pesos;15005865959;15000;48;0;36;100;25,00;70,00;Adquisición para capital de trabajo;MiPyMEs;2,00;35,71;Fija;37,41;130000,00;Todo el territorio nacional;MONTO MAXIMO OTORGABLE: 25 POR CIENTO RPC FEBRERO 2026 EN USD. MONTO MINIMO A OTORGAR MENOR A 15000 USD DE MANERA EXCEPCIONAL. TASA EFVA. ANUAL Y COSTO FINANCIERO TOTAL CALCULADOS CON VTOS SEMESTRALES. VARIABLE DE ACUERDO A LAS FECHA DE DESEMBOLSO. NO INCLUYE IVA POR NO SER UN COSTO PARA LOS CLIENTES. CUOTA INICIAL: VTO 6 MESES DE OTORGADO EL PRESTAMO. RELACION CUOTA INGRESO: VALOR MINIMO ACEPTADO, RESULTA DE DIVIDIR MARGEN BRUTO Y TOTAL DE CUOTAS DE PRESTAMOS DEL CLIENTE. INCLUIDO EL QUE ESTA GESTIONANDO EN LA CIA
44096;JOHN DEERE CREDIT COMPAÑÍA FINANCIERA S.A.;2026-04-13;PRENDARIO NUEVO USD FIJA 4,90 GASTOS 1,50 5 ANOS TASA LLENA 12,75 LTV 60,00;5PDMZ PN USD 4,90 5A;Dólares estadounidenses;10650267;15000;60;0;36;100;25,00;70,00;Adquisición para capital de trabajo;Personas jurídicas;2,00;5,03;Fija;5,92;1200,00;Todo el territorio nacional;MONTO MAXIMO OTORGABLE: 25 POR CIENTO RPC FEBRERO 2026 EN USD. MONTO MINIMO A OTORGAR MENOR A 15000 USD DE MANERA EXCEPCIONAL. TASA EFVA. ANUAL Y COSTO FINANCIERO TOTAL CALCULADOS CON VTOS SEMESTRALES. VARIABLE DE ACUERDO A LAS FECHA DE DESEMBOLSO. NO INCLUYE IVA POR NO SER UN COSTO PARA LOS CLIENTES. CUOTA INICIAL: VTO 6 MESES DE OTORGADO EL PRESTAMO. RELACION CUOTA INGRESO: VALOR MINIMO ACEPTADO, RESULTA DE DIVIDIR MARGEN BRUTO Y TOTAL DE CUOTAS DE PRESTAMOS DEL CLIENTE. INCLUIDO EL QUE ESTA GESTIONANDO EN LA CIA
44096;JOHN DEERE CREDIT COMPAÑÍA FINANCIERA S.A.;2026-04-13;PRENDARIO NUEVO USD FIJA 4,90 GASTOS 1,50 5 ANOS TASA LLENA 12,75 LTV 60,00;5PDMZ PN USD 4,90 5A;Dólares estadounidenses;10650267;15000;60;0;36;100;25,00;70,00;Adquisición para capital de trabajo;Personas humanas Responsables Inscriptos;2,00;5,03;Fija;5,92;1200,00;Todo el territorio nacional;MONTO MAXIMO OTORGABLE: 25 POR CIENTO RPC FEBRERO 2026 EN USD. MONTO MINIMO A OTORGAR MENOR A 15000 USD DE MANERA EXCEPCIONAL. TASA EFVA. ANUAL Y COSTO FINANCIERO TOTAL CALCULADOS CON VTOS SEMESTRALES. VARIABLE DE ACUERDO A LAS FECHA DE DESEMBOLSO. NO INCLUYE IVA POR NO SER UN COSTO PARA LOS CLIENTES. CUOTA INICIAL: VTO 6 MESES DE OTORGADO EL PRESTAMO. RELACION CUOTA INGRESO: VALOR MINIMO ACEPTADO, RESULTA DE DIVIDIR MARGEN BRUTO Y TOTAL DE CUOTAS DE PRESTAMOS DEL CLIENTE. INCLUIDO EL QUE ESTA GESTIONANDO EN LA CIA
44098;PSA FINANCE ARGENTINA COMPAÑÍA FINANCIERA S.A.;2026-04-07;PRESTAMO PRENDARIO UVA VN VE;PRESTAMO PRENDARIO UVA VN;UVA;45000000;500000;60;0;12;77;25,00;80,00;Adquisición automotores 0 km;Todos los beneficiarios;6,00;27,95;Fija;37,40;90473,00;Todo el territorio nacional;LA CUOTA INICIAL INFORMADA ASI COMO EL CFT EFECTIVO MAXIMO CALCULADO INCLUYEN IVA, CAPITAL, INTERESES Y SEGURO AUTOMOTOR SEGUN COBERTURA CONTRA TERCEROS COMPLETO, VEHICULO PATENTADO EN CABA Y GBA LOS VALORES SE VERAN MODIFICADOS SEGUN VALOR DEL VEHICULO TIPO DE COBERTURA ZONA DE RIESGO Y COMPANIA ASEGURADORA ELEGIDA POR EL CLIENTE EJEMPLO PARA EL MONTO MAXIMO A FINANCIAR CON PRECIO VEHICULO DE REFERENCIA VEINTE   MILLONES PESOS.  EL COSTO DE CANCELACION ANTICIPADA NO INCLUYE IVA.
44098;PSA FINANCE ARGENTINA COMPAÑÍA FINANCIERA S.A.;2026-04-07;CUOTA FIJA PDA;CUOTA FIJA PDA;Pesos;50000000;500000;60;0;12;77;50,00;80,00;Adquisición automotores 0 km;Todos los beneficiarios;6,00;71,22;Fija;94,68;119683,00;Todo el territorio nacional;LA CUOTA INICIAL INFORMADA ASI COMO EL CFT EFECTIVO MAXIMO CALCULADO INCLUYEN IVA, CAPITAL, INTERESES Y SEGURO AUTOMOTOR SEGUN COBERTURA CONTRA TERCEROS COMPLETO, VEHICULO PATENTADO EN CABA Y GBA LOS VALORES SE VERAN MODIFICADOS SEGUN VALOR DEL VEHICULO TIPO DE COBERTURA ZONA DE RIESGO Y COMPANIA ASEGURADORA ELEGIDA POR EL CLIENTE EJEMPLO PARA EL MONTO MAXIMO A FINANCIAR CON PRECIO VEHICULO DE REFERENCIA VEINTE   MILLONES PESOS.  EL COSTO DE CANCELACION ANTICIPADA NO INCLUYE IVA.
44099;TOYOTA COMPAÑÍA FINANCIERA DE ARGENTINA S.A.;2026-04-10;CONTRATO DE PRENDA CON REGISTRO;CONTRATO DE PRENDA;Pesos;25713000;1;60;0;12;74;30,00;75,00;Adquisición de automotores (marcas con convenios con la entidad);Personas humanas Responsables Inscriptos;4,00;78,17;Fija;78,17;534,00;Todo el territorio nacional;MONTO MAXIMO OTORGABLE 75 PORCIENTO DEL VALOR DE LOS VEHICULOS MAS FINANCIADOS DE LA MARCA
44099;TOYOTA COMPAÑÍA FINANCIERA DE ARGENTINA S.A.;2026-04-10;CONTRATO DE PRENDA CON REGISTRO;CONTRATO DE PRENDA;Pesos;25713000;1;60;0;12;74;30,00;75,00;Adquisición de automotores (marcas con convenios con la entidad);MiPyMEs;4,00;78,17;Fija;78,17;534,00;Todo el territorio nacional;MONTO MAXIMO OTORGABLE 75 PORCIENTO DEL VALOR DE LOS VEHICULOS MAS FINANCIADOS DE LA MARCA
44099;TOYOTA COMPAÑÍA FINANCIERA DE ARGENTINA S.A.;2026-04-10;CONTRATO DE PRENDA CON REGISTRO;CONTRATO DE PRENDA;Pesos;25713000;1;60;0;12;74;30,00;75,00;Adquisición de automotores (marcas con convenios con la entidad);Personas jurídicas;4,00;78,17;Fija;78,17;534,00;Todo el territorio nacional;MONTO MAXIMO OTORGABLE 75 PORCIENTO DEL VALOR DE LOS VEHICULOS MAS FINANCIADOS DE LA MARCA
44099;TOYOTA COMPAÑÍA FINANCIERA DE ARGENTINA S.A.;2026-04-10;CONTRATO DE PRENDA CON REGISTRO;CONTRATO DE PRENDA;Pesos;25713000;1;60;0;12;74;30,00;75,00;Adquisición de automotores (marcas con convenios con la entidad);Empleados públicos;4,00;78,17;Fija;78,17;534,00;Todo el territorio nacional;MONTO MAXIMO OTORGABLE 75 PORCIENTO DEL VALOR DE LOS VEHICULOS MAS FINANCIADOS DE LA MARCA
44099;TOYOTA COMPAÑÍA FINANCIERA DE ARGENTINA S.A.;2026-04-10;CONTRATO DE PRENDA CON REGISTRO;CONTRATO DE PRENDA;Pesos;25713000;1;60;0;12;74;30,00;75,00;Adquisición de automotores (marcas con convenios con la entidad);Beneficiarios de cuentas de la seguridad social;4,00;78,17;Fija;78,17;534,00;Todo el territorio nacional;MONTO MAXIMO OTORGABLE 75 PORCIENTO DEL VALOR DE LOS VEHICULOS MAS FINANCIADOS DE LA MARCA
44099;TOYOTA COMPAÑÍA FINANCIERA DE ARGENTINA S.A.;2026-04-10;CONTRATO DE PRENDA CON REGISTRO;CONTRATO DE PRENDA;Pesos;25713000;1;60;0;12;74;30,00;75,00;Adquisición de automotores (marcas con convenios con la entidad);Personas humanas Monotributistas;4,00;78,17;Fija;78,17;534,00;Todo el territorio nacional;MONTO MAXIMO OTORGABLE 75 PORCIENTO DEL VALOR DE LOS VEHICULOS MAS FINANCIADOS DE LA MARCA
44099;TOYOTA COMPAÑÍA FINANCIERA DE ARGENTINA S.A.;2026-04-10;CONTRATO DE PRENDA CON REGISTRO;CONTRATO DE PRENDA;Pesos;25713000;1;60;0;12;74;30,00;75,00;Adquisición de automotores (marcas con convenios con la entidad);Personas humanas en relación de dependencia;4,00;78,17;Fija;78,17;534,00;Todo el territorio nacional;MONTO MAXIMO OTORGABLE 75 PORCIENTO DEL VALOR DE LOS VEHICULOS MAS FINANCIADOS DE LA MARCA
55003;Asociación Mutual Centro Litoral;2022-08-19;PREST. PRENDARIO AUTOCREDITO;PREST. PRENDARIO AUTOCRED;Pesos;2000000;500;36;30000;12;80;30,00;50,00;Adquisición de automotores usados;Empleados públicos;15,00;99,51;Fija;155,97;835,65;Provincia de Entre Ríos;
55003;Asociación Mutual Centro Litoral;2022-08-19;PREST. PRENDARIO AUTOCREDITO;PREST. PRENDARIO AUTOCRED;Pesos;2000000;500;36;30000;24;80;30,00;50,00;Adquisición automotores 0 km;Personas humanas Monotributistas;15,00;99,51;Fija;155,97;835,65;Provincia de Entre Ríos;
55003;Asociación Mutual Centro Litoral;2022-08-19;PREST. PRENDARIO AUTOCREDITO;PREST. PRENDARIO AUTOCRED;Pesos;2000000;500;36;30000;12;80;30,00;50,00;Adquisición de automotores usados;Personas humanas en relación de dependencia;15,00;99,51;Fija;155,97;835,65;Provincia de Entre Ríos;
55003;Asociación Mutual Centro Litoral;2022-08-19;PREST. PRENDARIO AUTOCREDITO;PREST. PRENDARIO AUTOCRED;Pesos;2000000;500;36;30000;12;80;30,00;50,00;Adquisición automotores 0 km;Personas humanas en relación de dependencia;15,00;99,51;Fija;155,97;835,65;Provincia de Entre Ríos;
55003;Asociación Mutual Centro Litoral;2022-08-19;PREST. PRENDARIO AUTOCREDITO;PREST. PRENDARIO AUTOCRED;Pesos;2000000;500;36;30000;24;80;30,00;50,00;Adquisición automotores 0 km;Personas humanas Responsables Inscriptos;15,00;99,51;Fija;155,97;835,65;Provincia de Entre Ríos;
55003;Asociación Mutual Centro Litoral;2022-08-19;PREST. PRENDARIO AUTOCREDITO;PREST. PRENDARIO AUTOCRED;Pesos;2000000;500;36;30000;12;80;30,00;50,00;Adquisición automotores 0 km;Empleados públicos;15,00;99,51;Fija;155,97;835,65;Provincia de Santa Fe;
55003;Asociación Mutual Centro Litoral;2022-08-19;PREST. PRENDARIO AUTOCREDITO;PREST. PRENDARIO AUTOCRED;Pesos;2000000;500;36;30000;12;80;30,00;50,00;Adquisición automotores 0 km;Empleados públicos;15,00;99,51;Fija;155,97;835,65;Provincia de Entre Ríos;
55003;Asociación Mutual Centro Litoral;2022-08-19;PREST. PRENDARIO AUTOCREDITO;PREST. PRENDARIO AUTOCRED;Pesos;2000000;500;36;30000;24;80;30,00;50,00;Adquisición automotores 0 km;Personas humanas Responsables Inscriptos;15,00;99,51;Fija;155,97;835,65;Provincia de Santa Fe;
55003;Asociación Mutual Centro Litoral;2022-08-19;PREST. PRENDARIO AUTOCREDITO;PREST. PRENDARIO AUTOCRED;Pesos;2000000;500;36;30000;24;80;30,00;50,00;Adquisición de automotores usados;Personas humanas Responsables Inscriptos;15,00;99,51;Fija;155,97;835,65;Provincia de Santa Fe;
55003;Asociación Mutual Centro Litoral;2022-08-19;PREST. PRENDARIO AUTOCREDITO;PREST. PRENDARIO AUTOCRED;Pesos;2000000;500;36;30000;12;80;30,00;50,00;Adquisición de automotores usados;Empleados públicos;15,00;99,51;Fija;155,97;835,65;Provincia de Santa Fe;
55003;Asociación Mutual Centro Litoral;2022-08-19;PREST. PRENDARIO AUTOCREDITO;PREST. PRENDARIO AUTOCRED;Pesos;2000000;500;36;30000;24;80;30,00;50,00;Adquisición automotores 0 km;Personas humanas Monotributistas;15,00;99,51;Fija;155,97;835,65;Provincia de Córdoba;
55003;Asociación Mutual Centro Litoral;2022-08-19;PREST. PRENDARIO AUTOCREDITO;PREST. PRENDARIO AUTOCRED;Pesos;2000000;500;36;30000;12;80;30,00;50,00;Adquisición automotores 0 km;Personas humanas en relación de dependencia;15,00;99,51;Fija;155,97;835,65;Provincia de Córdoba;
55003;Asociación Mutual Centro Litoral;2022-08-19;PREST. PRENDARIO AUTOCREDITO;PREST. PRENDARIO AUTOCRED;Pesos;2000000;500;36;30000;24;80;30,00;50,00;Adquisición de automotores usados;Personas humanas Monotributistas;15,00;99,51;Fija;155,97;835,65;Provincia de Santa Fe;
55003;Asociación Mutual Centro Litoral;2022-08-19;PREST. PRENDARIO AUTOCREDITO;PREST. PRENDARIO AUTOCRED;Pesos;2000000;500;36;30000;24;80;30,00;50,00;Adquisición automotores 0 km;Personas humanas Monotributistas;15,00;99,51;Fija;155,97;835,65;Provincia de Santa Fe;
55003;Asociación Mutual Centro Litoral;2022-08-19;PREST. PRENDARIO AUTOCREDITO;PREST. PRENDARIO AUTOCRED;Pesos;2000000;500;36;30000;24;80;30,00;50,00;Adquisición de automotores usados;Personas humanas Responsables Inscriptos;15,00;99,51;Fija;155,97;835,65;Provincia de Entre Ríos;
55003;Asociación Mutual Centro Litoral;2022-08-19;PREST. PRENDARIO AUTOCREDITO;PREST. PRENDARIO AUTOCRED;Pesos;2000000;500;36;30000;12;80;30,00;50,00;Adquisición automotores 0 km;Empleados públicos;15,00;99,51;Fija;155,97;835,65;Provincia de Córdoba;
55003;Asociación Mutual Centro Litoral;2022-08-19;PREST. PRENDARIO AUTOCREDITO;PREST. PRENDARIO AUTOCRED;Pesos;2000000;500;36;30000;12;80;30,00;50,00;Adquisición automotores 0 km;Personas humanas en relación de dependencia;15,00;99,51;Fija;155,97;835,65;Provincia de Santa Fe;
55003;Asociación Mutual Centro Litoral;2022-08-19;PREST. PRENDARIO AUTOCREDITO;PREST. PRENDARIO AUTOCRED;Pesos;2000000;500;36;30000;12;80;30,00;50,00;Adquisición de automotores usados;Personas humanas en relación de dependencia;15,00;99,51;Fija;155,97;835,65;Provincia de Santa Fe;
55003;Asociación Mutual Centro Litoral;2022-08-19;PREST. PRENDARIO AUTOCREDITO;PREST. PRENDARIO AUTOCRED;Pesos;2000000;500;36;30000;12;80;30,00;50,00;Adquisición de automotores usados;Empleados públicos;15,00;99,51;Fija;155,97;835,65;Provincia de Córdoba;
55003;Asociación Mutual Centro Litoral;2022-08-19;PREST. PRENDARIO AUTOCREDITO;PREST. PRENDARIO AUTOCRED;Pesos;2000000;500;36;30000;24;80;30,00;50,00;Adquisición de automotores usados;Personas humanas Monotributistas;15,00;99,51;Fija;155,97;835,65;Provincia de Entre Ríos;
55003;Asociación Mutual Centro Litoral;2022-08-19;PREST. PRENDARIO AUTOCREDITO;PREST. PRENDARIO AUTOCRED;Pesos;2000000;500;36;30000;24;80;30,00;50,00;Adquisición automotores 0 km;Personas humanas Responsables Inscriptos;15,00;99,51;Fija;155,97;835,65;Provincia de Córdoba;
55003;Asociación Mutual Centro Litoral;2022-08-19;PREST. PRENDARIO AUTOCREDITO;PREST. PRENDARIO AUTOCRED;Pesos;2000000;500;36;30000;24;80;30,00;50,00;Adquisición de automotores usados;Personas humanas Responsables Inscriptos;15,00;99,51;Fija;155,97;835,65;Provincia de Córdoba;
55003;Asociación Mutual Centro Litoral;2022-08-19;PREST. PRENDARIO AUTOCREDITO;PREST. PRENDARIO AUTOCRED;Pesos;2000000;500;36;30000;24;80;30,00;50,00;Adquisición de automotores usados;Personas humanas Monotributistas;15,00;99,51;Fija;155,97;835,65;Provincia de Córdoba;
55003;Asociación Mutual Centro Litoral;2022-08-19;PREST. PRENDARIO AUTOCREDITO;PREST. PRENDARIO AUTOCRED;Pesos;2000000;500;36;30000;12;80;30,00;50,00;Adquisición de automotores usados;Personas humanas en relación de dependencia;15,00;99,51;Fija;155,97;835,65;Provincia de Córdoba;
55006;Asociación Mutual del Litoral 17 de Enero;2026-01-05;CREDITOS CON GARANTIA PRENDARIA;PRENDARIOS;Pesos;23000000;100000;48;0;0;100;35,00;65,00;Adquisición de automotores usados;Todos los beneficiarios;7,00;209,20;Fija;209,20;6534,00;Provincia de Santa Fe;
55026;Decréditos S.A.;2025-12-11;BETA SUPERVOLUMEN 2016-2013;USADOS SUPERVOLUMEN A;Pesos;25000000;30000;36;50000;12;70;35,00;50,00;Adquisición de automotores usados;Personas humanas en relación de dependencia;9,00;138,18;Fija;183,60;96744,00;Todo el territorio nacional;
55026;Decréditos S.A.;2025-12-11;BETA SUPERVOLUMEN 2016-2013;USADOS SUPERVOLUMEN A;Pesos;25000000;30000;36;50000;12;70;35,00;50,00;Adquisición de automotores usados;Empleados públicos;9,00;138,18;Fija;183,60;96744,00;Todo el territorio nacional;
55026;Decréditos S.A.;2025-12-11;BETA SUPERVOLUMEN 2025-2017;0KM SUPERVOLUMEN;Pesos;55000000;30000;48;50000;12;70;35,00;70,00;Adquisición de automotores usados;Personas humanas en relación de dependencia;9,00;129,47;Fija;171,27;89398,00;Todo el territorio nacional;
55026;Decréditos S.A.;2025-12-11;BETA SUPERVOLUMEN 2016-2013;USADOS SUPERVOLUMEN A;Pesos;25000000;30000;36;50000;12;70;35,00;50,00;Adquisición de automotores usados;Personas humanas Monotributistas;9,00;138,18;Fija;183,60;96744,00;Todo el territorio nacional;
55026;Decréditos S.A.;2025-12-11;BETA SUPERVOLUMEN 2012-2010;USADOS SUPERVOLUMEN B;Pesos;25000000;30000;36;50000;12;70;35,00;50,00;Adquisición de automotores usados;Personas humanas Responsables Inscriptos;9,00;147,19;Fija;196,44;100337,00;Todo el territorio nacional;
55026;Decréditos S.A.;2025-12-11;BETA SUPERVOLUMEN 2012-2010;USADOS SUPERVOLUMEN B;Pesos;25000000;30000;36;50000;12;70;35,00;50,00;Adquisición de automotores usados;Personas humanas en relación de dependencia;9,00;147,19;Fija;196,44;100337,00;Todo el territorio nacional;
55026;Decréditos S.A.;2025-12-11;BETA SUPERVOLUMEN 2012-2010;USADOS SUPERVOLUMEN B;Pesos;25000000;30000;36;50000;12;70;35,00;50,00;Adquisición de automotores usados;Empleados públicos;9,00;147,19;Fija;196,44;100337,00;Todo el territorio nacional;
55026;Decréditos S.A.;2025-12-11;BETA SUPERVOLUMEN 2012-2010;USADOS SUPERVOLUMEN B;Pesos;25000000;30000;36;50000;12;70;35,00;50,00;Adquisición de automotores usados;Personas humanas Monotributistas;9,00;147,19;Fija;196,44;100337,00;Todo el territorio nacional;
55026;Decréditos S.A.;2025-12-11;BETA SUPERVOLUMEN 2025-2017;0KM SUPERVOLUMEN;Pesos;55000000;30000;48;50000;12;70;35,00;70,00;Adquisición de automotores usados;Personas humanas Responsables Inscriptos;9,00;129,47;Fija;171,27;89398,00;Todo el territorio nacional;
55026;Decréditos S.A.;2025-12-11;BETA SUPERVOLUMEN 2025-2017;0KM SUPERVOLUMEN;Pesos;55000000;30000;48;50000;12;70;35,00;70,00;Adquisición de automotores usados;Personas humanas Monotributistas;9,00;129,47;Fija;171,27;89398,00;Todo el territorio nacional;
55026;Decréditos S.A.;2025-12-11;BETA SUPERVOLUMEN 2016-2013;USADOS SUPERVOLUMEN A;Pesos;25000000;30000;36;50000;12;70;35,00;50,00;Adquisición de automotores usados;Personas humanas Responsables Inscriptos;9,00;138,18;Fija;183,60;96744,00;Todo el territorio nacional;
55026;Decréditos S.A.;2025-12-11;BETA SUPERVOLUMEN 2025-2017;0KM SUPERVOLUMEN;Pesos;55000000;30000;48;50000;12;70;35,00;70,00;Adquisición de automotores usados;Empleados públicos;9,00;129,47;Fija;171,27;89398,00;Todo el territorio nacional;
55052;Asociación Mututal 18 de Julio;2026-04-14;MUTUAL PRENDARIOS USADOS;MUTUAL USADOS;Pesos;40000000;50000;36;800000;12;69;40,00;60,00;Adquisición automotores 0 km;Todos los beneficiarios;3,00;72,86;Fija;87,43;8268,00;Todo el territorio nacional;SIN COMENTARIOS
55052;Asociación Mututal 18 de Julio;2026-04-14;MUTUAL PRENDARIOS 0 KM;MUTUAL 0KM;Pesos;40000000;50000;60;800000;12;69;40,00;70,00;Adquisición automotores 0 km;Todos los beneficiarios;3,00;72,86;Fija;87,43;4914,00;Todo el territorio nacional;SIN COMENTARIOS
55063;Uninverc S.A.;2026-04-13;PRENDARIO USADOS ENTRE 17 Y 20 ANOS ANTIGUEDAD;USADOS ENTRE 17 Y 20;Pesos;10000000;1;30;0;6;75;35,00;70,00;Adquisición de automotores usados;Todos los beneficiarios;8,00;182,26;Fija;240,33;114031,00;Provincia de Buenos Aires;LA TASA SE PUEDE REDUCIR EN BASE AL PERFIL CREDITICIO DEL CLIENTE
55063;Uninverc S.A.;2026-04-13;PRENDARIOS USADOS HASTA 10 ANOS;USADOS MENOR 10;Pesos;40000000;1;36;0;6;75;35,00;70,00;Adquisición de automotores usados;Todos los beneficiarios;8,00;125,20;Fija;151,51;89493,00;Provincia de Buenos Aires;LA TASA SE PUEDE REDUCIR EN BASE AL PERFIL CREDITICIO DEL CLIENTE
55063;Uninverc S.A.;2026-04-13;PRENDARIO LINEA 0KM HASTA 5 ANOS;0KM MENOR 5;Pesos;50000000;1;36;0;6;75;35,00;70,00;Adquisición automotores 0 km;Todos los beneficiarios;8,00;101,21;Fija;122,46;78931,00;Provincia de Buenos Aires;LA TASA SE PUEDE REDUCIR EN BASE AL PERFIL CREDITICIO DEL CLIENTE
55063;Uninverc S.A.;2026-04-13;PRENDARIO USADOS ENTRE 11 Y 16 ANOS ANTIGUEDAD;USADOS ENTRE 11 Y 16;Pesos;20000000;1;30;0;6;75;35,00;70,00;Adquisición de automotores usados;Todos los beneficiarios;8,00;151,81;Fija;183,69;103258,00;Provincia de Buenos Aires;LA TASA SE PUEDE REDUCIR EN BASE AL PERFIL CREDITICIO DEL CLIENTE
55118;Cooperativa de Vivienda, Crédito y Consumo VIXA LTDA;2022-03-10;PRENDARIO HASTA 3 ANOS DE ANT;P2;Pesos;5000000;1;36;0;0;18;,00;50,00;Adquisición de automotores usados;Todos los beneficiarios;5,00;73,00;Fija;76,00;813,00;Todo el territorio nacional;
55118;Cooperativa de Vivienda, Crédito y Consumo VIXA LTDA;2022-03-10;PRENDARIO HASTA 10 ANOS DE ANT;P3;Pesos;5000000;1;24;0;0;18;,00;50,00;Adquisición de automotores usados;Todos los beneficiarios;5,00;73,00;Fija;76,00;918,00;Todo el territorio nacional;
55118;Cooperativa de Vivienda, Crédito y Consumo VIXA LTDA;2022-03-10;PRENDARIO 0 KM;P1;Pesos;5000000;1;36;0;0;18;,00;50,00;Adquisición automotores 0 km;Todos los beneficiarios;5,00;67,00;Fija;70,00;763,00;Todo el territorio nacional;
55141;AD CREDITOS S.A.;2025-09-01;CREDITOS CON GARANTIA PRENDARIA;PRENDARIOS;Pesos;23000000;100000;48;0;0;100;35,00;65,00;Adquisición de automotores usados;Todos los beneficiarios;7,00;370,32;Fija;370,32;9813,00;Provincia de Santa Fe;
55158;San Cristóbal Bienes Raíces S.A.;2022-10-03;PRENDARIO LINEA CLASICA;CLASICA;Pesos;17000000;50000;60;6000;12;80;35,00;70,00;Adquisición de automotores usados;Todos los beneficiarios;,00;154,16;Fija;213,36;1053,72;Todo el territorio nacional;0
55226;MSM Leasing S.A.;2023-05-11;PRESTAMOS PRENDARIOS;PRESTAMOS PRENDARIOS;Pesos;30000000;0;48;0;0;0;,00;,00;Adquisición automotores 0 km;Personas jurídicas;,00;67,00;Mixta;100,83;564,15;Todo el territorio nacional;TASA BADLAR INCREMENTADA EN UN OCHENTA PORCIENTO. EL CARGO MAXIMO POR CANCELACION ANTICIPADA ES EL FLUJO DE FONDOS DESCONTADO AL CINCUENTA PORCIENTO DE LA TASA DEL PRESTAMO
55226;MSM Leasing S.A.;2023-05-11;PRESTAMOS PRENDARIOS;PRESTAMOS PRENDARIOS;Pesos;30000000;0;48;0;0;0;,00;,00;Adquisición automotores 0 km;Personas jurídicas;,00;84,00;Mixta;105,00;589,00;Todo el territorio nacional;TASA BADLAR INCREMENTADA EN UN OCHENTA PORCIENTO. EL CARGO MAXIMO POR CANCELACION ANTICIPADA ES EL FLUJO DE FONDOS DESCONTADO AL CINCUENTA PORCIENTO DE LA TASA DEL PRESTAMO
55226;MSM Leasing S.A.;2023-05-11;PRESTAMOS PRENDARIOS;PRESTAMOS PRENDARIOS;Pesos;30000000;0;48;0;0;0;,00;,00;Adquisición automotores 0 km;Personas jurídicas;,00;98,00;Mixta;105,00;589,00;Todo el territorio nacional;TASA BADLAR INCREMENTADA EN UN OCHENTA PORCIENTO. EL CARGO MAXIMO POR CANCELACION ANTICIPADA ES EL FLUJO DE FONDOS DESCONTADO AL CINCUENTA PORCIENTO DE LA TASA DEL PRESTAMO
55242;MG-Group S.A.;2025-12-05;MG PRENDARIOS USADOS;MGUSADOS;Pesos;40000000;50000;48;322200;12;73;35,00;60,00;Adquisición de automotores usados;Todos los beneficiarios;10,00;186,47;Fija;213,53;113298,00;Todo el territorio nacional;IVA INCLUIDO EN LA CUOTA INICIAL
55242;MG-Group S.A.;2025-12-05;MG PRENDARIOS 0 KM;MG0KM;Pesos;40000000;50000;48;322200;12;73;35,00;70,00;Adquisición automotores 0 km;Todos los beneficiarios;10,00;186,47;Fija;213,53;113298,00;Todo el territorio nacional;IVA INCLUIDO EN LA CUOTA INICIAL
55318;DLL LEASING ARGENTINA S.A.;2022-07-13;PRESTAMO PRENDARIO                                                                                                              ;PRESTAMO PRENDARIO       ;Dólares estadounidenses;41397000;1;36;0;48;75;50,00;90,00;Adquisición para capital de trabajo;MiPyMEs;2,00;7,55;Fija;9,55;5000,00;Todo el territorio nacional;LOS CREDITOS CON PRENDA                                                                                                                                                                                                                                                                                                                                                                                                                                                                                                                                                                                                                                                                                                                                                                                                                                                                                                                                                                                                                                         
55318;DLL LEASING ARGENTINA S.A.;2022-07-13;PRESTAMO PRENDARIO                                                                                                              ;PRESTAMO PRENDARIO       ;Dólares estadounidenses;41397000;1;54;0;48;75;50,00;90,00;Adquisición para capital de trabajo;Personas jurídicas;2,00;7,50;Fija;9,50;5000,00;Todo el territorio nacional;LOS CREDITOS CON PRENDA                                                                                                                                                                                                                                                                                                                                                                                                                                                                                                                                                                                                                                                                                                                                                                                                                                                                                                                                                                                                                                         
55318;DLL LEASING ARGENTINA S.A.;2022-07-13;PRESTAMO PRENDARIO                                                                                                              ;PRESTAMO PRENDARIO       ;Dólares estadounidenses;41397000;1;36;0;48;75;50,00;90,00;Adquisición para capital de trabajo;Personas jurídicas;2,00;7,55;Fija;9,55;5000,00;Todo el territorio nacional;LOS CREDITOS CON PRENDA                                                                                                                                                                                                                                                                                                                                                                                                                                                                                                                                                                                                                                                                                                                                                                                                                                                                                                                                                                                                                                         
55318;DLL LEASING ARGENTINA S.A.;2022-07-13;PRESTAMO PRENDARIO                                                                                                              ;PRESTAMO PRENDARIO       ;Dólares estadounidenses;41397000;1;54;0;48;75;50,00;90,00;Adquisición para capital de trabajo;Personas humanas Monotributistas;2,00;7,50;Fija;9,50;5000,00;Todo el territorio nacional;LOS CREDITOS CON PRENDA                                                                                                                                                                                                                                                                                                                                                                                                                                                                                                                                                                                                                                                                                                                                                                                                                                                                                                                                                                                                                                         
55318;DLL LEASING ARGENTINA S.A.;2022-07-13;PRESTAMO PRENDARIO                                                                                                              ;PRESTAMO PRENDARIO       ;Dólares estadounidenses;41397000;1;54;0;48;75;50,00;90,00;Adquisición para capital de trabajo;Personas humanas Responsables Inscriptos;2,00;7,50;Fija;9,50;5000,00;Todo el territorio nacional;LOS CREDITOS CON PRENDA                                                                                                                                                                                                                                                                                                                                                                                                                                                                                                                                                                                                                                                                                                                                                                                                                                                                                                                                                                                                                                         
55318;DLL LEASING ARGENTINA S.A.;2022-07-13;PRESTAMO PRENDARIO                                                                                                              ;PRESTAMO PRENDARIO       ;Dólares estadounidenses;41397000;1;36;0;48;75;50,00;90,00;Adquisición para capital de trabajo;Personas humanas Monotributistas;2,00;7,55;Fija;9,55;5000,00;Todo el territorio nacional;LOS CREDITOS CON PRENDA                                                                                                                                                                                                                                                                                                                                                                                                                                                                                                                                                                                                                                                                                                                                                                                                                                                                                                                                                                                                                                         
55318;DLL LEASING ARGENTINA S.A.;2022-07-13;PRESTAMO PRENDARIO                                                                                                              ;PRESTAMO PRENDARIO       ;Dólares estadounidenses;41397000;1;54;0;48;75;50,00;90,00;Adquisición para capital de trabajo;MiPyMEs;2,00;7,50;Fija;9,50;5000,00;Todo el territorio nacional;LOS CREDITOS CON PRENDA                                                                                                                                                                                                                                                                                                                                                                                                                                                                                                                                                                                                                                                                                                                                                                                                                                                                                                                                                                                                                                         
55318;DLL LEASING ARGENTINA S.A.;2022-07-13;PRESTAMO PRENDARIO                                                                                                              ;PRESTAMO PRENDARIO       ;Dólares estadounidenses;41397000;1;36;0;48;75;50,00;90,00;Adquisición para capital de trabajo;Personas humanas Responsables Inscriptos;2,00;7,55;Fija;9,55;5000,00;Todo el territorio nacional;LOS CREDITOS CON PRENDA                                                                                                                                                                                                                                                                                                                                                                                                                                                                                                                                                                                                                                                                                                                                                                                                                                                                                                                                                                                                                                         
55319;AGCO CAPITAL ARGENTINA S.A.;2026-01-12;FINANCIACION 24 MESES PP                                                                                                        ;24M                      ;Dólares estadounidenses;7400000000;1;36;1;48;75;66,00;90,00;Adquisición para capital de trabajo;Personas jurídicas;2,00;,00;Fija;,50;250000,00;Todo el territorio nacional;LOS CREDITOS PARA LA FINANCIACION DE MAQUINARIA AGRICOLA CON PRENDA                                                                                                                                                                                                                                                                                                                                                                                                                                                                                                                                                                                                                                                                                                                                                                                                                                                                                                                                                                                             
55319;AGCO CAPITAL ARGENTINA S.A.;2026-01-12;FINANCIACION 60 MESES F T                                                                                                       ;60M                      ;Dólares estadounidenses;7400000000;1;60;1;48;75;66,00;90,00;Adquisición para capital de trabajo;MiPyMEs;2,00;9,00;Fija;9,20;190000,00;Todo el territorio nacional;LOS CREDITOS PARA LA FINANCIACION DE MAQUINARIA AGRICOLA CON PRENDA                                                                                                                                                                                                                                                                                                                                                                                                                                                                                                                                                                                                                                                                                                                                                                                                                                                                                                                                                                                             
55319;AGCO CAPITAL ARGENTINA S.A.;2026-01-12;FINANCIACION 36 MESES F T                                                                                                       ;36M                      ;Dólares estadounidenses;7400000000;1;60;1;48;75;50,00;90,00;Adquisición para capital de trabajo;MiPyMEs;2,00;7,00;Fija;7,33;236666,00;Todo el territorio nacional;LOS CREDITOS PARA LA FINANCIACION DE MAQUINARIA AGRICOLA CON PRENDA                                                                                                                                                                                                                                                                                                                                                                                                                                                                                                                                                                                                                                                                                                                                                                                                                                                                                                                                                                                             
55319;AGCO CAPITAL ARGENTINA S.A.;2026-01-12;FINANCIACION 36 MESES F C                                                                                                       ;36M                      ;Dólares estadounidenses;7400000000;1;72;1;48;75;50,00;90,00;Adquisición para capital de trabajo;MiPyMEs;2,00;7,00;Fija;7,33;236666,00;Todo el territorio nacional;LOS CREDITOS PARA LA FINANCIACION DE MAQUINARIA AGRICOLA CON PRENDA                                                                                                                                                                                                                                                                                                                                                                                                                                                                                                                                                                                                                                                                                                                                                                                                                                                                                                                                                                                             
55319;AGCO CAPITAL ARGENTINA S.A.;2026-01-12;FINANCIACION 60 MESES F T                                                                                                       ;60M                      ;Dólares estadounidenses;7400000000;1;60;1;48;75;50,00;90,00;Adquisición para capital de trabajo;MiPyMEs;2,00;9,00;Fija;9,20;190000,00;Todo el territorio nacional;LOS CREDITOS PARA LA FINANCIACION DE MAQUINARIA AGRICOLA CON PRENDA                                                                                                                                                                                                                                                                                                                                                                                                                                                                                                                                                                                                                                                                                                                                                                                                                                                                                                                                                                                             
55319;AGCO CAPITAL ARGENTINA S.A.;2026-01-12;FINANCIACION 48 MESES F C                                                                                                       ;48M                      ;Dólares estadounidenses;7400000000;1;72;1;48;75;66,00;90,00;Adquisición para capital de trabajo;MiPyMEs;2,00;8,00;Fija;8,25;205000,00;Todo el territorio nacional;LOS CREDITOS PARA LA FINANCIACION DE MAQUINARIA AGRICOLA CON PRENDA                                                                                                                                                                                                                                                                                                                                                                                                                                                                                                                                                                                                                                                                                                                                                                                                                                                                                                                                                                                             
55319;AGCO CAPITAL ARGENTINA S.A.;2026-01-12;FINANCIACION 36 MESES M1                                                                                                        ;36M                      ;Dólares estadounidenses;7400000000;1;36;1;48;75;50,00;90,00;Adquisición para capital de trabajo;Personas jurídicas;2,00;3,00;Fija;3,33;196666,00;Todo el territorio nacional;LOS CREDITOS PARA LA FINANCIACION DE MAQUINARIA AGRICOLA CON PRENDA                                                                                                                                                                                                                                                                                                                                                                                                                                                                                                                                                                                                                                                                                                                                                                                                                                                                                                                                                                                             
55319;AGCO CAPITAL ARGENTINA S.A.;2026-01-12;FINANCIACION C/P V                                                                                                              ;60M                      ;Dólares estadounidenses;7400000000;1;60;1;48;75;50,00;90,00;Adquisición para capital de trabajo;MiPyMEs;2,00;5,00;Fija;5,20;150000,00;Todo el territorio nacional;LOS CREDITOS PARA LA FINANCIACION DE MAQUINARIA AGRICOLA CON PRENDA                                                                                                                                                                                                                                                                                                                                                                                                                                                                                                                                                                                                                                                                                                                                                                                                                                                                                                                                                                                             
55319;AGCO CAPITAL ARGENTINA S.A.;2026-01-12;FINANCIACION 12 MESES                                                                                                           ;12M                      ;Dólares estadounidenses;7400000000;1;60;1;48;75;66,00;90,00;Adquisición para capital de trabajo;MiPyMEs;2,00;,00;Fija;1,00;500000,00;Todo el territorio nacional;LOS CREDITOS PARA LA FINANCIACION DE MAQUINARIA AGRICOLA CON PRENDA                                                                                                                                                                                                                                                                                                                                                                                                                                                                                                                                                                                                                                                                                                                                                                                                                                                                                                                                                                                             
55319;AGCO CAPITAL ARGENTINA S.A.;2026-01-12;FINANCIACION 60 MESES F C                                                                                                       ;60M                      ;Dólares estadounidenses;7400000000;1;72;1;48;75;50,00;90,00;Adquisición para capital de trabajo;MiPyMEs;2,00;9,00;Fija;9,20;190000,00;Todo el territorio nacional;LOS CREDITOS PARA LA FINANCIACION DE MAQUINARIA AGRICOLA CON PRENDA                                                                                                                                                                                                                                                                                                                                                                                                                                                                                                                                                                                                                                                                                                                                                                                                                                                                                                                                                                                             
55319;AGCO CAPITAL ARGENTINA S.A.;2026-01-12;FINANCIACION 48 MESES F T                                                                                                       ;48M                      ;Dólares estadounidenses;7400000000;1;60;1;48;75;50,00;90,00;Adquisición para capital de trabajo;MiPyMEs;2,00;8,00;Fija;8,25;205000,00;Todo el territorio nacional;LOS CREDITOS PARA LA FINANCIACION DE MAQUINARIA AGRICOLA CON PRENDA                                                                                                                                                                                                                                                                                                                                                                                                                                                                                                                                                                                                                                                                                                                                                                                                                                                                                                                                                                                             
55319;AGCO CAPITAL ARGENTINA S.A.;2026-01-12;FINANCIACION C V                                                                                                                ;72M                      ;Dólares estadounidenses;7400000000;1;72;1;48;75;50,00;90,00;Adquisición para capital de trabajo;Personas jurídicas;2,00;6,00;Fija;6,17;143333,00;Todo el territorio nacional;LOS CREDITOS PARA LA FINANCIACION DE MAQUINARIA AGRICOLA CON PRENDA                                                                                                                                                                                                                                                                                                                                                                                                                                                                                                                                                                                                                                                                                                                                                                                                                                                                                                                                                                                             
55319;AGCO CAPITAL ARGENTINA S.A.;2026-01-12;FINANCIACION 60 MESES F C                                                                                                       ;60M                      ;Dólares estadounidenses;7400000000;1;72;1;48;75;66,00;90,00;Adquisición para capital de trabajo;Personas jurídicas;2,00;9,00;Fija;9,20;190000,00;Todo el territorio nacional;LOS CREDITOS PARA LA FINANCIACION DE MAQUINARIA AGRICOLA CON PRENDA                                                                                                                                                                                                                                                                                                                                                                                                                                                                                                                                                                                                                                                                                                                                                                                                                                                                                                                                                                                             
55319;AGCO CAPITAL ARGENTINA S.A.;2026-01-12;FINANCIACION T V                                                                                                                ;60M                      ;Dólares estadounidenses;7400000000;1;60;1;48;75;66,00;90,00;Adquisición para capital de trabajo;MiPyMEs;2,00;6,50;Fija;6,70;165000,00;Todo el territorio nacional;LOS CREDITOS PARA LA FINANCIACION DE MAQUINARIA AGRICOLA CON PRENDA                                                                                                                                                                                                                                                                                                                                                                                                                                                                                                                                                                                                                                                                                                                                                                                                                                                                                                                                                                                             
55319;AGCO CAPITAL ARGENTINA S.A.;2026-01-12;FINANCIACION NO PP M NO C                                                                                                       ;48M                      ;Dólares estadounidenses;7400000000;1;60;1;48;75;66,00;90,00;Adquisición para capital de trabajo;MiPyMEs;2,00;4,50;Fija;4,75;170000,00;Todo el territorio nacional;LOS CREDITOS PARA LA FINANCIACION DE MAQUINARIA AGRICOLA CON PRENDA                                                                                                                                                                                                                                                                                                                                                                                                                                                                                                                                                                                                                                                                                                                                                                                                                                                                                                                                                                                             
55319;AGCO CAPITAL ARGENTINA S.A.;2026-01-12;FINANCIACION 36 MESES                                                                                                           ;36M                      ;Dólares estadounidenses;7400000000;1;60;1;48;75;50,00;90,00;Adquisición para capital de trabajo;Personas jurídicas;2,00;,00;Fija;,33;166666,00;Todo el territorio nacional;LOS CREDITOS PARA LA FINANCIACION DE MAQUINARIA AGRICOLA CON PRENDA                                                                                                                                                                                                                                                                                                                                                                                                                                                                                                                                                                                                                                                                                                                                                                                                                                                                                                                                                                                             
55319;AGCO CAPITAL ARGENTINA S.A.;2026-01-12;FINANCIACION 24 MESES CM 1                                                                                                      ;24M                      ;Dólares estadounidenses;7400000000;1;48;1;48;75;50,00;90,00;Adquisición para capital de trabajo;MiPyMEs;2,00;1,20;Fija;1,70;262000,00;Todo el territorio nacional;LOS CREDITOS PARA LA FINANCIACION DE MAQUINARIA AGRICOLA CON PRENDA                                                                                                                                                                                                                                                                                                                                                                                                                                                                                                                                                                                                                                                                                                                                                                                                                                                                                                                                                                                             
55319;AGCO CAPITAL ARGENTINA S.A.;2026-01-12;FINANCIACION 24 MESES CM 1                                                                                                      ;24M                      ;Dólares estadounidenses;7400000000;1;48;1;48;75;66,00;90,00;Adquisición para capital de trabajo;MiPyMEs;2,00;1,20;Fija;1,70;262000,00;Todo el territorio nacional;LOS CREDITOS PARA LA FINANCIACION DE MAQUINARIA AGRICOLA CON PRENDA                                                                                                                                                                                                                                                                                                                                                                                                                                                                                                                                                                                                                                                                                                                                                                                                                                                                                                                                                                                             
55319;AGCO CAPITAL ARGENTINA S.A.;2026-01-12;FINANCIACION 24 MESES                                                                                                           ;24M                      ;Dólares estadounidenses;7400000000;1;60;1;48;75;50,00;90,00;Adquisición para capital de trabajo;Personas jurídicas;2,00;,00;Fija;,50;250000,00;Todo el territorio nacional;LOS CREDITOS PARA LA FINANCIACION DE MAQUINARIA AGRICOLA CON PRENDA                                                                                                                                                                                                                                                                                                                                                                                                                                                                                                                                                                                                                                                                                                                                                                                                                                                                                                                                                                                             
55319;AGCO CAPITAL ARGENTINA S.A.;2026-01-12;FINANCIACION 12 MESES                                                                                                           ;12M                      ;Dólares estadounidenses;7400000000;1;60;1;48;75;50,00;90,00;Adquisición para capital de trabajo;Personas jurídicas;2,00;,00;Fija;1,00;500000,00;Todo el territorio nacional;LOS CREDITOS PARA LA FINANCIACION DE MAQUINARIA AGRICOLA CON PRENDA                                                                                                                                                                                                                                                                                                                                                                                                                                                                                                                                                                                                                                                                                                                                                                                                                                                                                                                                                                                             
55319;AGCO CAPITAL ARGENTINA S.A.;2026-01-12;FINANCIACION 48 MESES F C                                                                                                       ;48M                      ;Dólares estadounidenses;7400000000;1;72;1;48;75;50,00;90,00;Adquisición para capital de trabajo;Personas jurídicas;2,00;8,00;Fija;8,25;205000,00;Todo el territorio nacional;LOS CREDITOS PARA LA FINANCIACION DE MAQUINARIA AGRICOLA CON PRENDA                                                                                                                                                                                                                                                                                                                                                                                                                                                                                                                                                                                                                                                                                                                                                                                                                                                                                                                                                                                             
55319;AGCO CAPITAL ARGENTINA S.A.;2026-01-12;FINANCIACION 36 MESES F C                                                                                                       ;36M                      ;Dólares estadounidenses;7400000000;1;72;1;48;75;66,00;90,00;Adquisición para capital de trabajo;Personas jurídicas;2,00;7,00;Fija;7,33;236666,00;Todo el territorio nacional;LOS CREDITOS PARA LA FINANCIACION DE MAQUINARIA AGRICOLA CON PRENDA                                                                                                                                                                                                                                                                                                                                                                                                                                                                                                                                                                                                                                                                                                                                                                                                                                                                                                                                                                                             
55319;AGCO CAPITAL ARGENTINA S.A.;2026-01-12;FINANCIACION C V                                                                                                                ;72M                      ;Dólares estadounidenses;7400000000;1;72;1;48;75;66,00;90,00;Adquisición para capital de trabajo;Personas jurídicas;2,00;6,00;Fija;6,17;143333,00;Todo el territorio nacional;LOS CREDITOS PARA LA FINANCIACION DE MAQUINARIA AGRICOLA CON PRENDA                                                                                                                                                                                                                                                                                                                                                                                                                                                                                                                                                                                                                                                                                                                                                                                                                                                                                                                                                                                             
55319;AGCO CAPITAL ARGENTINA S.A.;2026-01-12;FINANCIACION 12 MESES                                                                                                           ;12M                      ;Dólares estadounidenses;7400000000;1;60;1;48;75;66,00;90,00;Adquisición para capital de trabajo;Personas jurídicas;2,00;,00;Fija;1,00;500000,00;Todo el territorio nacional;LOS CREDITOS PARA LA FINANCIACION DE MAQUINARIA AGRICOLA CON PRENDA                                                                                                                                                                                                                                                                                                                                                                                                                                                                                                                                                                                                                                                                                                                                                                                                                                                                                                                                                                                             
55319;AGCO CAPITAL ARGENTINA S.A.;2026-01-12;FINANCIACION 24 MESES PP                                                                                                        ;24M                      ;Dólares estadounidenses;7400000000;1;36;1;48;75;50,00;90,00;Adquisición para capital de trabajo;Personas jurídicas;2,00;,00;Fija;,50;250000,00;Todo el territorio nacional;LOS CREDITOS PARA LA FINANCIACION DE MAQUINARIA AGRICOLA CON PRENDA                                                                                                                                                                                                                                                                                                                                                                                                                                                                                                                                                                                                                                                                                                                                                                                                                                                                                                                                                                                             
55319;AGCO CAPITAL ARGENTINA S.A.;2026-01-12;FINANCIACION 36 MESES M1                                                                                                        ;36M                      ;Dólares estadounidenses;7400000000;1;36;1;48;75;66,00;90,00;Adquisición para capital de trabajo;MiPyMEs;2,00;3,00;Fija;3,33;196666,00;Todo el territorio nacional;LOS CREDITOS PARA LA FINANCIACION DE MAQUINARIA AGRICOLA CON PRENDA                                                                                                                                                                                                                                                                                                                                                                                                                                                                                                                                                                                                                                                                                                                                                                                                                                                                                                                                                                                             
55319;AGCO CAPITAL ARGENTINA S.A.;2026-01-12;FINANCIACION 36 MESES F T                                                                                                       ;36M                      ;Dólares estadounidenses;7400000000;1;60;1;48;75;66,00;90,00;Adquisición para capital de trabajo;MiPyMEs;2,00;7,00;Fija;7,33;236666,00;Todo el territorio nacional;LOS CREDITOS PARA LA FINANCIACION DE MAQUINARIA AGRICOLA CON PRENDA                                                                                                                                                                                                                                                                                                                                                                                                                                                                                                                                                                                                                                                                                                                                                                                                                                                                                                                                                                                             
55319;AGCO CAPITAL ARGENTINA S.A.;2026-01-12;FINANCIACION C/P V                                                                                                              ;60M                      ;Dólares estadounidenses;7400000000;1;60;1;48;75;66,00;90,00;Adquisición para capital de trabajo;Personas jurídicas;2,00;5,00;Fija;5,20;150000,00;Todo el territorio nacional;LOS CREDITOS PARA LA FINANCIACION DE MAQUINARIA AGRICOLA CON PRENDA                                                                                                                                                                                                                                                                                                                                                                                                                                                                                                                                                                                                                                                                                                                                                                                                                                                                                                                                                                                             
55319;AGCO CAPITAL ARGENTINA S.A.;2026-01-12;FINANCIACION NO PP M NO C                                                                                                       ;48M                      ;Dólares estadounidenses;7400000000;1;60;1;48;75;50,00;90,00;Adquisición para capital de trabajo;Personas jurídicas;2,00;4,50;Fija;4,75;170000,00;Todo el territorio nacional;LOS CREDITOS PARA LA FINANCIACION DE MAQUINARIA AGRICOLA CON PRENDA                                                                                                                                                                                                                                                                                                                                                                                                                                                                                                                                                                                                                                                                                                                                                                                                                                                                                                                                                                                             
55319;AGCO CAPITAL ARGENTINA S.A.;2026-01-12;FINANCIACION 24 MESES                                                                                                           ;24M                      ;Dólares estadounidenses;7400000000;1;60;1;48;75;50,00;90,00;Adquisición para capital de trabajo;MiPyMEs;2,00;,00;Fija;,50;250000,00;Todo el territorio nacional;LOS CREDITOS PARA LA FINANCIACION DE MAQUINARIA AGRICOLA CON PRENDA                                                                                                                                                                                                                                                                                                                                                                                                                                                                                                                                                                                                                                                                                                                                                                                                                                                                                                                                                                                             
55319;AGCO CAPITAL ARGENTINA S.A.;2026-01-12;FINANCIACION 36 MESES M1                                                                                                        ;36M                      ;Dólares estadounidenses;7400000000;1;36;1;48;75;66,00;90,00;Adquisición para capital de trabajo;Personas jurídicas;2,00;3,00;Fija;3,33;196666,00;Todo el territorio nacional;LOS CREDITOS PARA LA FINANCIACION DE MAQUINARIA AGRICOLA CON PRENDA                                                                                                                                                                                                                                                                                                                                                                                                                                                                                                                                                                                                                                                                                                                                                                                                                                                                                                                                                                                             
55319;AGCO CAPITAL ARGENTINA S.A.;2026-01-12;FINANCIACION 60 MESES F T                                                                                                       ;60M                      ;Dólares estadounidenses;7400000000;1;60;1;48;75;66,00;90,00;Adquisición para capital de trabajo;Personas jurídicas;2,00;9,00;Fija;9,20;190000,00;Todo el territorio nacional;LOS CREDITOS PARA LA FINANCIACION DE MAQUINARIA AGRICOLA CON PRENDA                                                                                                                                                                                                                                                                                                                                                                                                                                                                                                                                                                                                                                                                                                                                                                                                                                                                                                                                                                                             
55319;AGCO CAPITAL ARGENTINA S.A.;2026-01-12;FINANCIACION 12 MESES PP                                                                                                        ;12M                      ;Dólares estadounidenses;7400000000;1;36;1;48;75;50,00;90,00;Adquisición para capital de trabajo;MiPyMEs;2,00;,00;Fija;1,00;500000,00;Todo el territorio nacional;LOS CREDITOS PARA LA FINANCIACION DE MAQUINARIA AGRICOLA CON PRENDA                                                                                                                                                                                                                                                                                                                                                                                                                                                                                                                                                                                                                                                                                                                                                                                                                                                                                                                                                                                             
55319;AGCO CAPITAL ARGENTINA S.A.;2026-01-12;FINANCIACION 36 MESES                                                                                                           ;36M                      ;Dólares estadounidenses;7400000000;1;60;1;48;75;66,00;90,00;Adquisición para capital de trabajo;MiPyMEs;2,00;,00;Fija;,33;166666,00;Todo el territorio nacional;LOS CREDITOS PARA LA FINANCIACION DE MAQUINARIA AGRICOLA CON PRENDA                                                                                                                                                                                                                                                                                                                                                                                                                                                                                                                                                                                                                                                                                                                                                                                                                                                                                                                                                                                             
55319;AGCO CAPITAL ARGENTINA S.A.;2026-01-12;FINANCIACION C M                                                                                                                ;72M                      ;Dólares estadounidenses;7400000000;1;72;1;48;75;66,00;90,00;Adquisición para capital de trabajo;MiPyMEs;2,00;7,00;Fija;7,17;153333,00;Todo el territorio nacional;LOS CREDITOS PARA LA FINANCIACION DE MAQUINARIA AGRICOLA CON PRENDA                                                                                                                                                                                                                                                                                                                                                                                                                                                                                                                                                                                                                                                                                                                                                                                                                                                                                                                                                                                             
55319;AGCO CAPITAL ARGENTINA S.A.;2026-01-12;FINANCIACION 12 MESES                                                                                                           ;12M                      ;Dólares estadounidenses;7400000000;1;60;1;48;75;50,00;90,00;Adquisición para capital de trabajo;MiPyMEs;2,00;,00;Fija;1,00;500000,00;Todo el territorio nacional;LOS CREDITOS PARA LA FINANCIACION DE MAQUINARIA AGRICOLA CON PRENDA                                                                                                                                                                                                                                                                                                                                                                                                                                                                                                                                                                                                                                                                                                                                                                                                                                                                                                                                                                                             
55319;AGCO CAPITAL ARGENTINA S.A.;2026-01-12;FINANCIACION 24 MESES                                                                                                           ;24M                      ;Dólares estadounidenses;7400000000;1;60;1;48;75;66,00;90,00;Adquisición para capital de trabajo;MiPyMEs;2,00;,00;Fija;,50;250000,00;Todo el territorio nacional;LOS CREDITOS PARA LA FINANCIACION DE MAQUINARIA AGRICOLA CON PRENDA                                                                                                                                                                                                                                                                                                                                                                                                                                                                                                                                                                                                                                                                                                                                                                                                                                                                                                                                                                                             
55319;AGCO CAPITAL ARGENTINA S.A.;2026-01-12;FINANCIACION 36 MESES                                                                                                           ;36M                      ;Dólares estadounidenses;7400000000;1;60;1;48;75;50,00;90,00;Adquisición para capital de trabajo;MiPyMEs;2,00;,00;Fija;,33;166666,00;Todo el territorio nacional;LOS CREDITOS PARA LA FINANCIACION DE MAQUINARIA AGRICOLA CON PRENDA                                                                                                                                                                                                                                                                                                                                                                                                                                                                                                                                                                                                                                                                                                                                                                                                                                                                                                                                                                                             
55319;AGCO CAPITAL ARGENTINA S.A.;2026-01-12;FINANCIACION 24 MESES                                                                                                           ;24M                      ;Dólares estadounidenses;7400000000;1;60;1;48;75;66,00;90,00;Adquisición para capital de trabajo;Personas jurídicas;2,00;,00;Fija;,50;250000,00;Todo el territorio nacional;LOS CREDITOS PARA LA FINANCIACION DE MAQUINARIA AGRICOLA CON PRENDA                                                                                                                                                                                                                                                                                                                                                                                                                                                                                                                                                                                                                                                                                                                                                                                                                                                                                                                                                                                             
55319;AGCO CAPITAL ARGENTINA S.A.;2026-01-12;FINANCIACION T V                                                                                                                ;60M                      ;Dólares estadounidenses;7400000000;1;60;1;48;75;50,00;90,00;Adquisición para capital de trabajo;Personas jurídicas;2,00;6,50;Fija;6,70;165000,00;Todo el territorio nacional;LOS CREDITOS PARA LA FINANCIACION DE MAQUINARIA AGRICOLA CON PRENDA                                                                                                                                                                                                                                                                                                                                                                                                                                                                                                                                                                                                                                                                                                                                                                                                                                                                                                                                                                                             
55319;AGCO CAPITAL ARGENTINA S.A.;2026-01-12;FINANCIACION T V                                                                                                                ;60M                      ;Dólares estadounidenses;7400000000;1;60;1;48;75;50,00;90,00;Adquisición para capital de trabajo;MiPyMEs;2,00;6,50;Fija;6,70;165000,00;Todo el territorio nacional;LOS CREDITOS PARA LA FINANCIACION DE MAQUINARIA AGRICOLA CON PRENDA                                                                                                                                                                                                                                                                                                                                                                                                                                                                                                                                                                                                                                                                                                                                                                                                                                                                                                                                                                                             
55319;AGCO CAPITAL ARGENTINA S.A.;2026-01-12;FINANCIACION 24 MESES PP                                                                                                        ;24M                      ;Dólares estadounidenses;7400000000;1;36;1;48;75;66,00;90,00;Adquisición para capital de trabajo;MiPyMEs;2,00;,00;Fija;,50;250000,00;Todo el territorio nacional;LOS CREDITOS PARA LA FINANCIACION DE MAQUINARIA AGRICOLA CON PRENDA                                                                                                                                                                                                                                                                                                                                                                                                                                                                                                                                                                                                                                                                                                                                                                                                                                                                                                                                                                                             
55319;AGCO CAPITAL ARGENTINA S.A.;2026-01-12;FINANCIACION 36 MESES M2                                                                                                        ;36M                      ;Dólares estadounidenses;7400000000;1;72;1;48;75;50,00;90,00;Adquisición para capital de trabajo;MiPyMEs;2,00;6,00;Fija;6,33;226666,00;Todo el territorio nacional;LOS CREDITOS PARA LA FINANCIACION DE MAQUINARIA AGRICOLA CON PRENDA                                                                                                                                                                                                                                                                                                                                                                                                                                                                                                                                                                                                                                                                                                                                                                                                                                                                                                                                                                                             
55319;AGCO CAPITAL ARGENTINA S.A.;2026-01-12;FINANCIACION 24 MESES CM 1                                                                                                      ;24M                      ;Dólares estadounidenses;7400000000;1;48;1;48;75;66,00;90,00;Adquisición para capital de trabajo;Personas jurídicas;2,00;1,20;Fija;1,70;262000,00;Todo el territorio nacional;LOS CREDITOS PARA LA FINANCIACION DE MAQUINARIA AGRICOLA CON PRENDA                                                                                                                                                                                                                                                                                                                                                                                                                                                                                                                                                                                                                                                                                                                                                                                                                                                                                                                                                                                             
55319;AGCO CAPITAL ARGENTINA S.A.;2026-01-12;FINANCIACION T V                                                                                                                ;60M                      ;Dólares estadounidenses;7400000000;1;60;1;48;75;66,00;90,00;Adquisición para capital de trabajo;Personas jurídicas;2,00;6,50;Fija;6,70;165000,00;Todo el territorio nacional;LOS CREDITOS PARA LA FINANCIACION DE MAQUINARIA AGRICOLA CON PRENDA                                                                                                                                                                                                                                                                                                                                                                                                                                                                                                                                                                                                                                                                                                                                                                                                                                                                                                                                                                                             
55319;AGCO CAPITAL ARGENTINA S.A.;2026-01-12;FINANCIACION NO PP M                                                                                                            ;48M                      ;Dólares estadounidenses;7400000000;1;72;1;48;75;66,00;90,00;Adquisición para capital de trabajo;MiPyMEs;2,00;4,50;Fija;4,75;170000,00;Todo el territorio nacional;LOS CREDITOS PARA LA FINANCIACION DE MAQUINARIA AGRICOLA CON PRENDA                                                                                                                                                                                                                                                                                                                                                                                                                                                                                                                                                                                                                                                                                                                                                                                                                                                                                                                                                                                             
55319;AGCO CAPITAL ARGENTINA S.A.;2026-01-12;FINANCIACION NO PP M                                                                                                            ;60M                      ;Dólares estadounidenses;7400000000;1;60;1;48;75;50,00;90,00;Adquisición para capital de trabajo;MiPyMEs;2,00;6,00;Fija;6,20;160000,00;Todo el territorio nacional;LOS CREDITOS PARA LA FINANCIACION DE MAQUINARIA AGRICOLA CON PRENDA                                                                                                                                                                                                                                                                                                                                                                                                                                                                                                                                                                                                                                                                                                                                                                                                                                                                                                                                                                                             
55319;AGCO CAPITAL ARGENTINA S.A.;2026-01-12;FINANCIACION 24 MESES PP                                                                                                        ;24M                      ;Dólares estadounidenses;7400000000;1;36;1;48;75;50,00;90,00;Adquisición para capital de trabajo;Personas humanas Monotributistas;2,00;,00;Fija;,50;250000,00;Todo el territorio nacional;LOS CREDITOS PARA LA FINANCIACION DE MAQUINARIA AGRICOLA CON PRENDA                                                                                                                                                                                                                                                                                                                                                                                                                                                                                                                                                                                                                                                                                                                                                                                                                                                                                                                                                                                             
55319;AGCO CAPITAL ARGENTINA S.A.;2026-01-12;FINANCIACION 12 MESES PP                                                                                                        ;12M                      ;Dólares estadounidenses;7400000000;1;36;1;48;75;50,00;90,00;Adquisición para capital de trabajo;Personas humanas Monotributistas;2,00;,00;Fija;1,00;500000,00;Todo el territorio nacional;LOS CREDITOS PARA LA FINANCIACION DE MAQUINARIA AGRICOLA CON PRENDA                                                                                                                                                                                                                                                                                                                                                                                                                                                                                                                                                                                                                                                                                                                                                                                                                                                                                                                                                                                             
55319;AGCO CAPITAL ARGENTINA S.A.;2026-01-12;FINANCIACION NO PP M NO C                                                                                                       ;48M                      ;Dólares estadounidenses;7400000000;1;60;1;48;75;50,00;90,00;Adquisición para capital de trabajo;Personas humanas Monotributistas;2,00;4,50;Fija;4,75;170000,00;Todo el territorio nacional;LOS CREDITOS PARA LA FINANCIACION DE MAQUINARIA AGRICOLA CON PRENDA                                                                                                                                                                                                                                                                                                                                                                                                                                                                                                                                                                                                                                                                                                                                                                                                                                                                                                                                                                                             
55319;AGCO CAPITAL ARGENTINA S.A.;2026-01-12;FINANCIACION NO PP M NO C                                                                                                       ;48M                      ;Dólares estadounidenses;7400000000;1;60;1;48;75;66,00;90,00;Adquisición para capital de trabajo;Personas humanas Monotributistas;2,00;4,50;Fija;4,75;170000,00;Todo el territorio nacional;LOS CREDITOS PARA LA FINANCIACION DE MAQUINARIA AGRICOLA CON PRENDA                                                                                                                                                                                                                                                                                                                                                                                                                                                                                                                                                                                                                                                                                                                                                                                                                                                                                                                                                                                             
55319;AGCO CAPITAL ARGENTINA S.A.;2026-01-12;FINANCIACION 48 MESES F C                                                                                                       ;48M                      ;Dólares estadounidenses;7400000000;1;72;1;48;75;66,00;90,00;Adquisición para capital de trabajo;Personas humanas Monotributistas;2,00;8,00;Fija;8,25;205000,00;Todo el territorio nacional;LOS CREDITOS PARA LA FINANCIACION DE MAQUINARIA AGRICOLA CON PRENDA                                                                                                                                                                                                                                                                                                                                                                                                                                                                                                                                                                                                                                                                                                                                                                                                                                                                                                                                                                                             
55319;AGCO CAPITAL ARGENTINA S.A.;2026-01-12;FINANCIACION 12 MESES                                                                                                           ;12M                      ;Dólares estadounidenses;7400000000;1;60;1;48;75;66,00;90,00;Adquisición para capital de trabajo;Personas humanas Responsables Inscriptos;2,00;,00;Fija;1,00;500000,00;Todo el territorio nacional;LOS CREDITOS PARA LA FINANCIACION DE MAQUINARIA AGRICOLA CON PRENDA                                                                                                                                                                                                                                                                                                                                                                                                                                                                                                                                                                                                                                                                                                                                                                                                                                                                                                                                                                                             
55319;AGCO CAPITAL ARGENTINA S.A.;2026-01-12;FINANCIACION 24 MESES CM 1                                                                                                      ;24M                      ;Dólares estadounidenses;7400000000;1;48;1;48;75;66,00;90,00;Adquisición para capital de trabajo;Personas humanas Monotributistas;2,00;1,20;Fija;1,70;262000,00;Todo el territorio nacional;LOS CREDITOS PARA LA FINANCIACION DE MAQUINARIA AGRICOLA CON PRENDA                                                                                                                                                                                                                                                                                                                                                                                                                                                                                                                                                                                                                                                                                                                                                                                                                                                                                                                                                                                             
55319;AGCO CAPITAL ARGENTINA S.A.;2026-01-12;FINANCIACION 24 MESES CM 1                                                                                                      ;24M                      ;Dólares estadounidenses;7400000000;1;48;1;48;75;50,00;90,00;Adquisición para capital de trabajo;Personas humanas Monotributistas;2,00;1,20;Fija;1,70;262000,00;Todo el territorio nacional;LOS CREDITOS PARA LA FINANCIACION DE MAQUINARIA AGRICOLA CON PRENDA                                                                                                                                                                                                                                                                                                                                                                                                                                                                                                                                                                                                                                                                                                                                                                                                                                                                                                                                                                                             
55319;AGCO CAPITAL ARGENTINA S.A.;2026-01-12;FINANCIACION 36 MESES M1                                                                                                        ;36M                      ;Dólares estadounidenses;7400000000;1;36;1;48;75;50,00;90,00;Adquisición para capital de trabajo;Personas humanas Monotributistas;2,00;3,00;Fija;3,33;196666,00;Todo el territorio nacional;LOS CREDITOS PARA LA FINANCIACION DE MAQUINARIA AGRICOLA CON PRENDA                                                                                                                                                                                                                                                                                                                                                                                                                                                                                                                                                                                                                                                                                                                                                                                                                                                                                                                                                                                             
55319;AGCO CAPITAL ARGENTINA S.A.;2026-01-12;FINANCIACION 36 MESES M1                                                                                                        ;36M                      ;Dólares estadounidenses;7400000000;1;36;1;48;75;66,00;90,00;Adquisición para capital de trabajo;Personas humanas Monotributistas;2,00;3,00;Fija;3,33;196666,00;Todo el territorio nacional;LOS CREDITOS PARA LA FINANCIACION DE MAQUINARIA AGRICOLA CON PRENDA                                                                                                                                                                                                                                                                                                                                                                                                                                                                                                                                                                                                                                                                                                                                                                                                                                                                                                                                                                                             
55319;AGCO CAPITAL ARGENTINA S.A.;2026-01-12;FINANCIACION 36 MESES F T                                                                                                       ;36M                      ;Dólares estadounidenses;7400000000;1;60;1;48;75;50,00;90,00;Adquisición para capital de trabajo;Personas humanas Responsables Inscriptos;2,00;7,00;Fija;7,33;236666,00;Todo el territorio nacional;LOS CREDITOS PARA LA FINANCIACION DE MAQUINARIA AGRICOLA CON PRENDA                                                                                                                                                                                                                                                                                                                                                                                                                                                                                                                                                                                                                                                                                                                                                                                                                                                                                                                                                                                             
55319;AGCO CAPITAL ARGENTINA S.A.;2026-01-12;FINANCIACION 36 MESES F T                                                                                                       ;36M                      ;Dólares estadounidenses;7400000000;1;60;1;48;75;66,00;90,00;Adquisición para capital de trabajo;Personas humanas Responsables Inscriptos;2,00;7,00;Fija;7,33;236666,00;Todo el territorio nacional;LOS CREDITOS PARA LA FINANCIACION DE MAQUINARIA AGRICOLA CON PRENDA                                                                                                                                                                                                                                                                                                                                                                                                                                                                                                                                                                                                                                                                                                                                                                                                                                                                                                                                                                                             
55319;AGCO CAPITAL ARGENTINA S.A.;2026-01-12;FINANCIACION 36 MESES M1                                                                                                        ;36M                      ;Dólares estadounidenses;7400000000;1;36;1;48;75;50,00;90,00;Adquisición para capital de trabajo;Personas humanas Responsables Inscriptos;2,00;3,00;Fija;3,33;196666,00;Todo el territorio nacional;LOS CREDITOS PARA LA FINANCIACION DE MAQUINARIA AGRICOLA CON PRENDA                                                                                                                                                                                                                                                                                                                                                                                                                                                                                                                                                                                                                                                                                                                                                                                                                                                                                                                                                                                             
55319;AGCO CAPITAL ARGENTINA S.A.;2026-01-12;FINANCIACION 48 MESES F C                                                                                                       ;48M                      ;Dólares estadounidenses;7400000000;1;72;1;48;75;50,00;90,00;Adquisición para capital de trabajo;Personas humanas Responsables Inscriptos;2,00;8,00;Fija;8,25;205000,00;Todo el territorio nacional;LOS CREDITOS PARA LA FINANCIACION DE MAQUINARIA AGRICOLA CON PRENDA                                                                                                                                                                                                                                                                                                                                                                                                                                                                                                                                                                                                                                                                                                                                                                                                                                                                                                                                                                                             
55319;AGCO CAPITAL ARGENTINA S.A.;2026-01-12;FINANCIACION 24 MESES                                                                                                           ;24M                      ;Dólares estadounidenses;7400000000;1;60;1;48;75;66,00;90,00;Adquisición para capital de trabajo;Personas humanas Responsables Inscriptos;2,00;,00;Fija;,50;250000,00;Todo el territorio nacional;LOS CREDITOS PARA LA FINANCIACION DE MAQUINARIA AGRICOLA CON PRENDA                                                                                                                                                                                                                                                                                                                                                                                                                                                                                                                                                                                                                                                                                                                                                                                                                                                                                                                                                                                             
55319;AGCO CAPITAL ARGENTINA S.A.;2026-01-12;FINANCIACION 36 MESES M2                                                                                                        ;36M                      ;Dólares estadounidenses;7400000000;1;72;1;48;75;50,00;90,00;Adquisición para capital de trabajo;Personas humanas Responsables Inscriptos;2,00;6,00;Fija;6,33;226666,00;Todo el territorio nacional;LOS CREDITOS PARA LA FINANCIACION DE MAQUINARIA AGRICOLA CON PRENDA                                                                                                                                                                                                                                                                                                                                                                                                                                                                                                                                                                                                                                                                                                                                                                                                                                                                                                                                                                                             
55319;AGCO CAPITAL ARGENTINA S.A.;2026-01-12;FINANCIACION 24 MESES CM 2                                                                                                      ;24M                      ;Dólares estadounidenses;7400000000;1;60;1;48;75;66,00;90,00;Adquisición para capital de trabajo;Personas humanas Monotributistas;2,00;3,00;Fija;3,50;250000,00;Todo el territorio nacional;LOS CREDITOS PARA LA FINANCIACION DE MAQUINARIA AGRICOLA CON PRENDA                                                                                                                                                                                                                                                                                                                                                                                                                                                                                                                                                                                                                                                                                                                                                                                                                                                                                                                                                                                             
55319;AGCO CAPITAL ARGENTINA S.A.;2026-01-12;FINANCIACION 48 MESES F T                                                                                                       ;48M                      ;Dólares estadounidenses;7400000000;1;60;1;48;75;66,00;90,00;Adquisición para capital de trabajo;Personas humanas Monotributistas;2,00;8,00;Fija;8,25;205000,00;Todo el territorio nacional;LOS CREDITOS PARA LA FINANCIACION DE MAQUINARIA AGRICOLA CON PRENDA                                                                                                                                                                                                                                                                                                                                                                                                                                                                                                                                                                                                                                                                                                                                                                                                                                                                                                                                                                                             
55319;AGCO CAPITAL ARGENTINA S.A.;2026-01-12;FINANCIACION C M                                                                                                                ;72M                      ;Dólares estadounidenses;7400000000;1;72;1;48;75;66,00;90,00;Adquisición para capital de trabajo;Personas humanas Monotributistas;2,00;7,00;Fija;7,17;153333,00;Todo el territorio nacional;LOS CREDITOS PARA LA FINANCIACION DE MAQUINARIA AGRICOLA CON PRENDA                                                                                                                                                                                                                                                                                                                                                                                                                                                                                                                                                                                                                                                                                                                                                                                                                                                                                                                                                                                             
55319;AGCO CAPITAL ARGENTINA S.A.;2026-01-12;FINANCIACION 60 MESES F T                                                                                                       ;60M                      ;Dólares estadounidenses;7400000000;1;60;1;48;75;50,00;90,00;Adquisición para capital de trabajo;Personas humanas Monotributistas;2,00;9,00;Fija;9,20;190000,00;Todo el territorio nacional;LOS CREDITOS PARA LA FINANCIACION DE MAQUINARIA AGRICOLA CON PRENDA                                                                                                                                                                                                                                                                                                                                                                                                                                                                                                                                                                                                                                                                                                                                                                                                                                                                                                                                                                                             
55319;AGCO CAPITAL ARGENTINA S.A.;2026-01-12;FINANCIACION 12 MESES                                                                                                           ;12M                      ;Dólares estadounidenses;7400000000;1;60;1;48;75;50,00;90,00;Adquisición para capital de trabajo;Personas humanas Responsables Inscriptos;2,00;,00;Fija;1,00;500000,00;Todo el territorio nacional;LOS CREDITOS PARA LA FINANCIACION DE MAQUINARIA AGRICOLA CON PRENDA                                                                                                                                                                                                                                                                                                                                                                                                                                                                                                                                                                                                                                                                                                                                                                                                                                                                                                                                                                                             
55319;AGCO CAPITAL ARGENTINA S.A.;2026-01-12;FINANCIACION 36 MESES                                                                                                           ;36M                      ;Dólares estadounidenses;7400000000;1;60;1;48;75;66,00;90,00;Adquisición para capital de trabajo;Personas humanas Responsables Inscriptos;2,00;,00;Fija;,33;166666,00;Todo el territorio nacional;LOS CREDITOS PARA LA FINANCIACION DE MAQUINARIA AGRICOLA CON PRENDA                                                                                                                                                                                                                                                                                                                                                                                                                                                                                                                                                                                                                                                                                                                                                                                                                                                                                                                                                                                             
55319;AGCO CAPITAL ARGENTINA S.A.;2026-01-12;FINANCIACION NO PP M                                                                                                            ;48M                      ;Dólares estadounidenses;7400000000;1;72;1;48;75;66,00;90,00;Adquisición para capital de trabajo;Personas humanas Monotributistas;2,00;4,50;Fija;4,75;170000,00;Todo el territorio nacional;LOS CREDITOS PARA LA FINANCIACION DE MAQUINARIA AGRICOLA CON PRENDA                                                                                                                                                                                                                                                                                                                                                                                                                                                                                                                                                                                                                                                                                                                                                                                                                                                                                                                                                                                             
55319;AGCO CAPITAL ARGENTINA S.A.;2026-01-12;FINANCIACION 36 MESES M2                                                                                                        ;36M                      ;Dólares estadounidenses;7400000000;1;72;1;48;75;50,00;90,00;Adquisición para capital de trabajo;Personas humanas Monotributistas;2,00;6,00;Fija;6,33;226666,00;Todo el territorio nacional;LOS CREDITOS PARA LA FINANCIACION DE MAQUINARIA AGRICOLA CON PRENDA                                                                                                                                                                                                                                                                                                                                                                                                                                                                                                                                                                                                                                                                                                                                                                                                                                                                                                                                                                                             
55319;AGCO CAPITAL ARGENTINA S.A.;2026-01-12;FINANCIACION NO PP V                                                                                                            ;48M                      ;Dólares estadounidenses;7400000000;1;72;1;48;75;66,00;90,00;Adquisición para capital de trabajo;Personas humanas Monotributistas;2,00;4,00;Fija;4,25;165000,00;Todo el territorio nacional;LOS CREDITOS PARA LA FINANCIACION DE MAQUINARIA AGRICOLA CON PRENDA                                                                                                                                                                                                                                                                                                                                                                                                                                                                                                                                                                                                                                                                                                                                                                                                                                                                                                                                                                                             
55319;AGCO CAPITAL ARGENTINA S.A.;2026-01-12;FINANCIACION C M                                                                                                                ;72M                      ;Dólares estadounidenses;7400000000;1;72;1;48;75;50,00;90,00;Adquisición para capital de trabajo;Personas humanas Monotributistas;2,00;7,00;Fija;7,17;153333,00;Todo el territorio nacional;LOS CREDITOS PARA LA FINANCIACION DE MAQUINARIA AGRICOLA CON PRENDA                                                                                                                                                                                                                                                                                                                                                                                                                                                                                                                                                                                                                                                                                                                                                                                                                                                                                                                                                                                             
55319;AGCO CAPITAL ARGENTINA S.A.;2026-01-12;FINANCIACION 48 MESES F C                                                                                                       ;48M                      ;Dólares estadounidenses;7400000000;1;72;1;48;75;66,00;90,00;Adquisición para capital de trabajo;Personas humanas Responsables Inscriptos;2,00;8,00;Fija;8,25;205000,00;Todo el territorio nacional;LOS CREDITOS PARA LA FINANCIACION DE MAQUINARIA AGRICOLA CON PRENDA                                                                                                                                                                                                                                                                                                                                                                                                                                                                                                                                                                                                                                                                                                                                                                                                                                                                                                                                                                                             
55319;AGCO CAPITAL ARGENTINA S.A.;2026-01-12;FINANCIACION C/P V                                                                                                              ;60M                      ;Dólares estadounidenses;7400000000;1;60;1;48;75;66,00;90,00;Adquisición para capital de trabajo;Personas humanas Monotributistas;2,00;5,00;Fija;5,20;150000,00;Todo el territorio nacional;LOS CREDITOS PARA LA FINANCIACION DE MAQUINARIA AGRICOLA CON PRENDA                                                                                                                                                                                                                                                                                                                                                                                                                                                                                                                                                                                                                                                                                                                                                                                                                                                                                                                                                                                             
55319;AGCO CAPITAL ARGENTINA S.A.;2026-01-12;FINANCIACION 48 MESES F C                                                                                                       ;48M                      ;Dólares estadounidenses;7400000000;1;72;1;48;75;66,00;90,00;Adquisición para capital de trabajo;Personas jurídicas;2,00;8,00;Fija;8,25;205000,00;Todo el territorio nacional;LOS CREDITOS PARA LA FINANCIACION DE MAQUINARIA AGRICOLA CON PRENDA                                                                                                                                                                                                                                                                                                                                                                                                                                                                                                                                                                                                                                                                                                                                                                                                                                                                                                                                                                                             
55319;AGCO CAPITAL ARGENTINA S.A.;2026-01-12;FINANCIACION 12 MESES                                                                                                           ;12M                      ;Dólares estadounidenses;7400000000;1;60;1;48;75;66,00;90,00;Adquisición para capital de trabajo;Personas humanas Monotributistas;2,00;,00;Fija;1,00;500000,00;Todo el territorio nacional;LOS CREDITOS PARA LA FINANCIACION DE MAQUINARIA AGRICOLA CON PRENDA                                                                                                                                                                                                                                                                                                                                                                                                                                                                                                                                                                                                                                                                                                                                                                                                                                                                                                                                                                                             
55319;AGCO CAPITAL ARGENTINA S.A.;2026-01-12;FINANCIACION C/P V                                                                                                              ;60M                      ;Dólares estadounidenses;7400000000;1;60;1;48;75;50,00;90,00;Adquisición para capital de trabajo;Personas humanas Monotributistas;2,00;5,00;Fija;5,20;150000,00;Todo el territorio nacional;LOS CREDITOS PARA LA FINANCIACION DE MAQUINARIA AGRICOLA CON PRENDA                                                                                                                                                                                                                                                                                                                                                                                                                                                                                                                                                                                                                                                                                                                                                                                                                                                                                                                                                                                             
55319;AGCO CAPITAL ARGENTINA S.A.;2026-01-12;FINANCIACION 48 MESES F T                                                                                                       ;48M                      ;Dólares estadounidenses;7400000000;1;60;1;48;75;50,00;90,00;Adquisición para capital de trabajo;Personas humanas Monotributistas;2,00;8,00;Fija;8,25;205000,00;Todo el territorio nacional;LOS CREDITOS PARA LA FINANCIACION DE MAQUINARIA AGRICOLA CON PRENDA                                                                                                                                                                                                                                                                                                                                                                                                                                                                                                                                                                                                                                                                                                                                                                                                                                                                                                                                                                                             
55319;AGCO CAPITAL ARGENTINA S.A.;2026-01-12;FINANCIACION NO PP M                                                                                                            ;48M                      ;Dólares estadounidenses;7400000000;1;72;1;48;75;50,00;90,00;Adquisición para capital de trabajo;Personas humanas Monotributistas;2,00;4,50;Fija;4,75;170000,00;Todo el territorio nacional;LOS CREDITOS PARA LA FINANCIACION DE MAQUINARIA AGRICOLA CON PRENDA                                                                                                                                                                                                                                                                                                                                                                                                                                                                                                                                                                                                                                                                                                                                                                                                                                                                                                                                                                                             
55319;AGCO CAPITAL ARGENTINA S.A.;2026-01-12;FINANCIACION 36 MESES                                                                                                           ;36M                      ;Dólares estadounidenses;7400000000;1;60;1;48;75;66,00;90,00;Adquisición para capital de trabajo;Personas humanas Monotributistas;2,00;,00;Fija;,33;166666,00;Todo el territorio nacional;LOS CREDITOS PARA LA FINANCIACION DE MAQUINARIA AGRICOLA CON PRENDA                                                                                                                                                                                                                                                                                                                                                                                                                                                                                                                                                                                                                                                                                                                                                                                                                                                                                                                                                                                             
55319;AGCO CAPITAL ARGENTINA S.A.;2026-01-12;FINANCIACION C/P V                                                                                                              ;60M                      ;Dólares estadounidenses;7400000000;1;60;1;48;75;50,00;90,00;Adquisición para capital de trabajo;Personas humanas Responsables Inscriptos;2,00;5,00;Fija;5,20;150000,00;Todo el territorio nacional;LOS CREDITOS PARA LA FINANCIACION DE MAQUINARIA AGRICOLA CON PRENDA                                                                                                                                                                                                                                                                                                                                                                                                                                                                                                                                                                                                                                                                                                                                                                                                                                                                                                                                                                                             
55319;AGCO CAPITAL ARGENTINA S.A.;2026-01-12;FINANCIACION 36 MESES                                                                                                           ;36M                      ;Dólares estadounidenses;7400000000;1;60;1;48;75;50,00;90,00;Adquisición para capital de trabajo;Personas humanas Responsables Inscriptos;2,00;,00;Fija;,33;166666,00;Todo el territorio nacional;LOS CREDITOS PARA LA FINANCIACION DE MAQUINARIA AGRICOLA CON PRENDA                                                                                                                                                                                                                                                                                                                                                                                                                                                                                                                                                                                                                                                                                                                                                                                                                                                                                                                                                                                             
55319;AGCO CAPITAL ARGENTINA S.A.;2026-01-12;FINANCIACION 24 MESES CM 2                                                                                                      ;24M                      ;Dólares estadounidenses;7400000000;1;60;1;48;75;50,00;90,00;Adquisición para capital de trabajo;Personas humanas Monotributistas;2,00;3,00;Fija;3,50;250000,00;Todo el territorio nacional;LOS CREDITOS PARA LA FINANCIACION DE MAQUINARIA AGRICOLA CON PRENDA                                                                                                                                                                                                                                                                                                                                                                                                                                                                                                                                                                                                                                                                                                                                                                                                                                                                                                                                                                                             
55319;AGCO CAPITAL ARGENTINA S.A.;2026-01-12;FINANCIACION 12 MESES PP                                                                                                        ;12M                      ;Dólares estadounidenses;7400000000;1;36;1;48;75;66,00;90,00;Adquisición para capital de trabajo;Personas humanas Monotributistas;2,00;,00;Fija;1,00;500000,00;Todo el territorio nacional;LOS CREDITOS PARA LA FINANCIACION DE MAQUINARIA AGRICOLA CON PRENDA                                                                                                                                                                                                                                                                                                                                                                                                                                                                                                                                                                                                                                                                                                                                                                                                                                                                                                                                                                                             
55319;AGCO CAPITAL ARGENTINA S.A.;2026-01-12;FINANCIACION 36 MESES                                                                                                           ;36M                      ;Dólares estadounidenses;7400000000;1;60;1;48;75;66,00;90,00;Adquisición para capital de trabajo;Personas jurídicas;2,00;,00;Fija;,33;166666,00;Todo el territorio nacional;LOS CREDITOS PARA LA FINANCIACION DE MAQUINARIA AGRICOLA CON PRENDA                                                                                                                                                                                                                                                                                                                                                                                                                                                                                                                                                                                                                                                                                                                                                                                                                                                                                                                                                                                             
55319;AGCO CAPITAL ARGENTINA S.A.;2026-01-12;FINANCIACION C M                                                                                                                ;72M                      ;Dólares estadounidenses;7400000000;1;72;1;48;75;66,00;90,00;Adquisición para capital de trabajo;Personas jurídicas;2,00;7,00;Fija;7,17;153333,00;Todo el territorio nacional;LOS CREDITOS PARA LA FINANCIACION DE MAQUINARIA AGRICOLA CON PRENDA                                                                                                                                                                                                                                                                                                                                                                                                                                                                                                                                                                                                                                                                                                                                                                                                                                                                                                                                                                                             
55319;AGCO CAPITAL ARGENTINA S.A.;2026-01-12;FINANCIACION 24 MESES CM 1                                                                                                      ;24M                      ;Dólares estadounidenses;7400000000;1;48;1;48;75;50,00;90,00;Adquisición para capital de trabajo;Personas jurídicas;2,00;1,20;Fija;1,70;262000,00;Todo el territorio nacional;LOS CREDITOS PARA LA FINANCIACION DE MAQUINARIA AGRICOLA CON PRENDA                                                                                                                                                                                                                                                                                                                                                                                                                                                                                                                                                                                                                                                                                                                                                                                                                                                                                                                                                                                             
55319;AGCO CAPITAL ARGENTINA S.A.;2026-01-12;FINANCIACION 12 MESES PP                                                                                                        ;12M                      ;Dólares estadounidenses;7400000000;1;36;1;48;75;66,00;90,00;Adquisición para capital de trabajo;Personas jurídicas;2,00;,00;Fija;1,00;500000,00;Todo el territorio nacional;LOS CREDITOS PARA LA FINANCIACION DE MAQUINARIA AGRICOLA CON PRENDA                                                                                                                                                                                                                                                                                                                                                                                                                                                                                                                                                                                                                                                                                                                                                                                                                                                                                                                                                                                             
55319;AGCO CAPITAL ARGENTINA S.A.;2026-01-12;FINANCIACION C M                                                                                                                ;72M                      ;Dólares estadounidenses;7400000000;1;72;1;48;75;50,00;90,00;Adquisición para capital de trabajo;Personas jurídicas;2,00;7,00;Fija;7,17;153333,00;Todo el territorio nacional;LOS CREDITOS PARA LA FINANCIACION DE MAQUINARIA AGRICOLA CON PRENDA                                                                                                                                                                                                                                                                                                                                                                                                                                                                                                                                                                                                                                                                                                                                                                                                                                                                                                                                                                                             
55319;AGCO CAPITAL ARGENTINA S.A.;2026-01-12;FINANCIACION 36 MESES F T                                                                                                       ;36M                      ;Dólares estadounidenses;7400000000;1;60;1;48;75;50,00;90,00;Adquisición para capital de trabajo;Personas jurídicas;2,00;7,00;Fija;7,33;236666,00;Todo el territorio nacional;LOS CREDITOS PARA LA FINANCIACION DE MAQUINARIA AGRICOLA CON PRENDA                                                                                                                                                                                                                                                                                                                                                                                                                                                                                                                                                                                                                                                                                                                                                                                                                                                                                                                                                                                             
55319;AGCO CAPITAL ARGENTINA S.A.;2026-01-12;FINANCIACION 60 MESES F C                                                                                                       ;60M                      ;Dólares estadounidenses;7400000000;1;72;1;48;75;50,00;90,00;Adquisición para capital de trabajo;Personas humanas Monotributistas;2,00;9,00;Fija;9,20;190000,00;Todo el territorio nacional;LOS CREDITOS PARA LA FINANCIACION DE MAQUINARIA AGRICOLA CON PRENDA                                                                                                                                                                                                                                                                                                                                                                                                                                                                                                                                                                                                                                                                                                                                                                                                                                                                                                                                                                                             
55319;AGCO CAPITAL ARGENTINA S.A.;2026-01-12;FINANCIACION 24 MESES                                                                                                           ;24M                      ;Dólares estadounidenses;7400000000;1;60;1;48;75;50,00;90,00;Adquisición para capital de trabajo;Personas humanas Monotributistas;2,00;,00;Fija;,50;250000,00;Todo el territorio nacional;LOS CREDITOS PARA LA FINANCIACION DE MAQUINARIA AGRICOLA CON PRENDA                                                                                                                                                                                                                                                                                                                                                                                                                                                                                                                                                                                                                                                                                                                                                                                                                                                                                                                                                                                             
55319;AGCO CAPITAL ARGENTINA S.A.;2026-01-12;FINANCIACION 24 MESES CM 2                                                                                                      ;24M                      ;Dólares estadounidenses;7400000000;1;60;1;48;75;66,00;90,00;Adquisición para capital de trabajo;Personas jurídicas;2,00;3,00;Fija;3,50;250000,00;Todo el territorio nacional;LOS CREDITOS PARA LA FINANCIACION DE MAQUINARIA AGRICOLA CON PRENDA                                                                                                                                                                                                                                                                                                                                                                                                                                                                                                                                                                                                                                                                                                                                                                                                                                                                                                                                                                                             
55319;AGCO CAPITAL ARGENTINA S.A.;2026-01-12;FINANCIACION 24 MESES CM 2                                                                                                      ;24M                      ;Dólares estadounidenses;7400000000;1;60;1;48;75;50,00;90,00;Adquisición para capital de trabajo;Personas jurídicas;2,00;3,00;Fija;3,50;250000,00;Todo el territorio nacional;LOS CREDITOS PARA LA FINANCIACION DE MAQUINARIA AGRICOLA CON PRENDA                                                                                                                                                                                                                                                                                                                                                                                                                                                                                                                                                                                                                                                                                                                                                                                                                                                                                                                                                                                             
55319;AGCO CAPITAL ARGENTINA S.A.;2026-01-12;FINANCIACION 36 MESES M2                                                                                                        ;36M                      ;Dólares estadounidenses;7400000000;1;72;1;48;75;66,00;90,00;Adquisición para capital de trabajo;Personas jurídicas;2,00;6,00;Fija;6,33;226666,00;Todo el territorio nacional;LOS CREDITOS PARA LA FINANCIACION DE MAQUINARIA AGRICOLA CON PRENDA                                                                                                                                                                                                                                                                                                                                                                                                                                                                                                                                                                                                                                                                                                                                                                                                                                                                                                                                                                                             
55319;AGCO CAPITAL ARGENTINA S.A.;2026-01-12;FINANCIACION 60 MESES F C                                                                                                       ;60M                      ;Dólares estadounidenses;7400000000;1;72;1;48;75;50,00;90,00;Adquisición para capital de trabajo;Personas jurídicas;2,00;9,00;Fija;9,20;190000,00;Todo el territorio nacional;LOS CREDITOS PARA LA FINANCIACION DE MAQUINARIA AGRICOLA CON PRENDA                                                                                                                                                                                                                                                                                                                                                                                                                                                                                                                                                                                                                                                                                                                                                                                                                                                                                                                                                                                             
55319;AGCO CAPITAL ARGENTINA S.A.;2026-01-12;FINANCIACION C V                                                                                                                ;72M                      ;Dólares estadounidenses;7400000000;1;72;1;48;75;50,00;90,00;Adquisición para capital de trabajo;Personas humanas Monotributistas;2,00;6,00;Fija;6,17;143333,00;Todo el territorio nacional;LOS CREDITOS PARA LA FINANCIACION DE MAQUINARIA AGRICOLA CON PRENDA                                                                                                                                                                                                                                                                                                                                                                                                                                                                                                                                                                                                                                                                                                                                                                                                                                                                                                                                                                                             
55319;AGCO CAPITAL ARGENTINA S.A.;2026-01-12;FINANCIACION 24 MESES PP                                                                                                        ;24M                      ;Dólares estadounidenses;7400000000;1;36;1;48;75;66,00;90,00;Adquisición para capital de trabajo;Personas humanas Monotributistas;2,00;,00;Fija;,50;250000,00;Todo el territorio nacional;LOS CREDITOS PARA LA FINANCIACION DE MAQUINARIA AGRICOLA CON PRENDA                                                                                                                                                                                                                                                                                                                                                                                                                                                                                                                                                                                                                                                                                                                                                                                                                                                                                                                                                                                             
55319;AGCO CAPITAL ARGENTINA S.A.;2026-01-12;FINANCIACION 36 MESES M2                                                                                                        ;36M                      ;Dólares estadounidenses;7400000000;1;72;1;48;75;66,00;90,00;Adquisición para capital de trabajo;Personas humanas Monotributistas;2,00;6,00;Fija;6,33;226666,00;Todo el territorio nacional;LOS CREDITOS PARA LA FINANCIACION DE MAQUINARIA AGRICOLA CON PRENDA                                                                                                                                                                                                                                                                                                                                                                                                                                                                                                                                                                                                                                                                                                                                                                                                                                                                                                                                                                                             
55319;AGCO CAPITAL ARGENTINA S.A.;2026-01-12;FINANCIACION 36 MESES M2                                                                                                        ;36M                      ;Dólares estadounidenses;7400000000;1;72;1;48;75;50,00;90,00;Adquisición para capital de trabajo;Personas jurídicas;2,00;6,00;Fija;6,33;226666,00;Todo el territorio nacional;LOS CREDITOS PARA LA FINANCIACION DE MAQUINARIA AGRICOLA CON PRENDA                                                                                                                                                                                                                                                                                                                                                                                                                                                                                                                                                                                                                                                                                                                                                                                                                                                                                                                                                                                             
55319;AGCO CAPITAL ARGENTINA S.A.;2026-01-12;FINANCIACION NO PP M NO C                                                                                                       ;48M                      ;Dólares estadounidenses;7400000000;1;60;1;48;75;50,00;90,00;Adquisición para capital de trabajo;Personas humanas Responsables Inscriptos;2,00;4,50;Fija;4,75;170000,00;Todo el territorio nacional;LOS CREDITOS PARA LA FINANCIACION DE MAQUINARIA AGRICOLA CON PRENDA                                                                                                                                                                                                                                                                                                                                                                                                                                                                                                                                                                                                                                                                                                                                                                                                                                                                                                                                                                                             
55319;AGCO CAPITAL ARGENTINA S.A.;2026-01-12;FINANCIACION 60 MESES F T                                                                                                       ;60M                      ;Dólares estadounidenses;7400000000;1;60;1;48;75;50,00;90,00;Adquisición para capital de trabajo;Personas jurídicas;2,00;9,00;Fija;9,20;190000,00;Todo el territorio nacional;LOS CREDITOS PARA LA FINANCIACION DE MAQUINARIA AGRICOLA CON PRENDA                                                                                                                                                                                                                                                                                                                                                                                                                                                                                                                                                                                                                                                                                                                                                                                                                                                                                                                                                                                             
55319;AGCO CAPITAL ARGENTINA S.A.;2026-01-12;FINANCIACION 60 MESES F C                                                                                                       ;60M                      ;Dólares estadounidenses;7400000000;1;72;1;48;75;66,00;90,00;Adquisición para capital de trabajo;Personas humanas Monotributistas;2,00;9,00;Fija;9,20;190000,00;Todo el territorio nacional;LOS CREDITOS PARA LA FINANCIACION DE MAQUINARIA AGRICOLA CON PRENDA                                                                                                                                                                                                                                                                                                                                                                                                                                                                                                                                                                                                                                                                                                                                                                                                                                                                                                                                                                                             
55319;AGCO CAPITAL ARGENTINA S.A.;2026-01-12;FINANCIACION T V                                                                                                                ;60M                      ;Dólares estadounidenses;7400000000;1;60;1;48;75;50,00;90,00;Adquisición para capital de trabajo;Personas humanas Monotributistas;2,00;6,50;Fija;6,70;165000,00;Todo el territorio nacional;LOS CREDITOS PARA LA FINANCIACION DE MAQUINARIA AGRICOLA CON PRENDA                                                                                                                                                                                                                                                                                                                                                                                                                                                                                                                                                                                                                                                                                                                                                                                                                                                                                                                                                                                             
55319;AGCO CAPITAL ARGENTINA S.A.;2026-01-12;FINANCIACION 36 MESES F C                                                                                                       ;36M                      ;Dólares estadounidenses;7400000000;1;72;1;48;75;50,00;90,00;Adquisición para capital de trabajo;Personas humanas Monotributistas;2,00;7,00;Fija;7,33;236666,00;Todo el territorio nacional;LOS CREDITOS PARA LA FINANCIACION DE MAQUINARIA AGRICOLA CON PRENDA                                                                                                                                                                                                                                                                                                                                                                                                                                                                                                                                                                                                                                                                                                                                                                                                                                                                                                                                                                                             
55319;AGCO CAPITAL ARGENTINA S.A.;2026-01-12;FINANCIACION 48 MESES F C                                                                                                       ;48M                      ;Dólares estadounidenses;7400000000;1;72;1;48;75;50,00;90,00;Adquisición para capital de trabajo;Personas humanas Monotributistas;2,00;8,00;Fija;8,25;205000,00;Todo el territorio nacional;LOS CREDITOS PARA LA FINANCIACION DE MAQUINARIA AGRICOLA CON PRENDA                                                                                                                                                                                                                                                                                                                                                                                                                                                                                                                                                                                                                                                                                                                                                                                                                                                                                                                                                                                             
55319;AGCO CAPITAL ARGENTINA S.A.;2026-01-12;FINANCIACION 36 MESES F T                                                                                                       ;36M                      ;Dólares estadounidenses;7400000000;1;60;1;48;75;50,00;90,00;Adquisición para capital de trabajo;Personas humanas Monotributistas;2,00;7,00;Fija;7,33;236666,00;Todo el territorio nacional;LOS CREDITOS PARA LA FINANCIACION DE MAQUINARIA AGRICOLA CON PRENDA                                                                                                                                                                                                                                                                                                                                                                                                                                                                                                                                                                                                                                                                                                                                                                                                                                                                                                                                                                                             
55319;AGCO CAPITAL ARGENTINA S.A.;2026-01-12;FINANCIACION 36 MESES F C                                                                                                       ;36M                      ;Dólares estadounidenses;7400000000;1;72;1;48;75;66,00;90,00;Adquisición para capital de trabajo;Personas humanas Monotributistas;2,00;7,00;Fija;7,33;236666,00;Todo el territorio nacional;LOS CREDITOS PARA LA FINANCIACION DE MAQUINARIA AGRICOLA CON PRENDA                                                                                                                                                                                                                                                                                                                                                                                                                                                                                                                                                                                                                                                                                                                                                                                                                                                                                                                                                                                             
55319;AGCO CAPITAL ARGENTINA S.A.;2026-01-12;FINANCIACION 24 MESES                                                                                                           ;24M                      ;Dólares estadounidenses;7400000000;1;60;1;48;75;66,00;90,00;Adquisición para capital de trabajo;Personas humanas Monotributistas;2,00;,00;Fija;,50;250000,00;Todo el territorio nacional;LOS CREDITOS PARA LA FINANCIACION DE MAQUINARIA AGRICOLA CON PRENDA                                                                                                                                                                                                                                                                                                                                                                                                                                                                                                                                                                                                                                                                                                                                                                                                                                                                                                                                                                                             
55319;AGCO CAPITAL ARGENTINA S.A.;2026-01-12;FINANCIACION NO PP M                                                                                                            ;60M                      ;Dólares estadounidenses;7400000000;1;60;1;48;75;66,00;90,00;Adquisición para capital de trabajo;Personas humanas Monotributistas;2,00;6,00;Fija;6,20;160000,00;Todo el territorio nacional;LOS CREDITOS PARA LA FINANCIACION DE MAQUINARIA AGRICOLA CON PRENDA                                                                                                                                                                                                                                                                                                                                                                                                                                                                                                                                                                                                                                                                                                                                                                                                                                                                                                                                                                                             
55319;AGCO CAPITAL ARGENTINA S.A.;2026-01-12;FINANCIACION NO PP V                                                                                                            ;48M                      ;Dólares estadounidenses;7400000000;1;72;1;48;75;50,00;90,00;Adquisición para capital de trabajo;Personas humanas Monotributistas;2,00;4,00;Fija;4,25;165000,00;Todo el territorio nacional;LOS CREDITOS PARA LA FINANCIACION DE MAQUINARIA AGRICOLA CON PRENDA                                                                                                                                                                                                                                                                                                                                                                                                                                                                                                                                                                                                                                                                                                                                                                                                                                                                                                                                                                                             
55319;AGCO CAPITAL ARGENTINA S.A.;2026-01-12;FINANCIACION 36 MESES F T                                                                                                       ;36M                      ;Dólares estadounidenses;7400000000;1;60;1;48;75;66,00;90,00;Adquisición para capital de trabajo;Personas humanas Monotributistas;2,00;7,00;Fija;7,33;236666,00;Todo el territorio nacional;LOS CREDITOS PARA LA FINANCIACION DE MAQUINARIA AGRICOLA CON PRENDA                                                                                                                                                                                                                                                                                                                                                                                                                                                                                                                                                                                                                                                                                                                                                                                                                                                                                                                                                                                             
55319;AGCO CAPITAL ARGENTINA S.A.;2026-01-12;FINANCIACION NO PP M                                                                                                            ;60M                      ;Dólares estadounidenses;7400000000;1;60;1;48;75;50,00;90,00;Adquisición para capital de trabajo;Personas humanas Monotributistas;2,00;6,00;Fija;6,20;160000,00;Todo el territorio nacional;LOS CREDITOS PARA LA FINANCIACION DE MAQUINARIA AGRICOLA CON PRENDA                                                                                                                                                                                                                                                                                                                                                                                                                                                                                                                                                                                                                                                                                                                                                                                                                                                                                                                                                                                             
55319;AGCO CAPITAL ARGENTINA S.A.;2026-01-12;FINANCIACION C V                                                                                                                ;72M                      ;Dólares estadounidenses;7400000000;1;72;1;48;75;66,00;90,00;Adquisición para capital de trabajo;Personas humanas Monotributistas;2,00;6,00;Fija;6,17;143333,00;Todo el territorio nacional;LOS CREDITOS PARA LA FINANCIACION DE MAQUINARIA AGRICOLA CON PRENDA                                                                                                                                                                                                                                                                                                                                                                                                                                                                                                                                                                                                                                                                                                                                                                                                                                                                                                                                                                                             
55319;AGCO CAPITAL ARGENTINA S.A.;2026-01-12;FINANCIACION NO PP V NO C P V                                                                                                   ;48M                      ;Dólares estadounidenses;7400000000;1;60;1;48;75;50,00;90,00;Adquisición para capital de trabajo;Personas humanas Monotributistas;2,00;5,50;Fija;5,75;180000,00;Todo el territorio nacional;LOS CREDITOS PARA LA FINANCIACION DE MAQUINARIA AGRICOLA CON PRENDA                                                                                                                                                                                                                                                                                                                                                                                                                                                                                                                                                                                                                                                                                                                                                                                                                                                                                                                                                                                             
55319;AGCO CAPITAL ARGENTINA S.A.;2026-01-12;FINANCIACION T V                                                                                                                ;60M                      ;Dólares estadounidenses;7400000000;1;60;1;48;75;66,00;90,00;Adquisición para capital de trabajo;Personas humanas Monotributistas;2,00;6,50;Fija;6,70;165000,00;Todo el territorio nacional;LOS CREDITOS PARA LA FINANCIACION DE MAQUINARIA AGRICOLA CON PRENDA                                                                                                                                                                                                                                                                                                                                                                                                                                                                                                                                                                                                                                                                                                                                                                                                                                                                                                                                                                                             
55319;AGCO CAPITAL ARGENTINA S.A.;2026-01-12;FINANCIACION NO PP V NO C P V                                                                                                   ;48M                      ;Dólares estadounidenses;7400000000;1;60;1;48;75;66,00;90,00;Adquisición para capital de trabajo;Personas humanas Monotributistas;2,00;5,50;Fija;5,75;180000,00;Todo el territorio nacional;LOS CREDITOS PARA LA FINANCIACION DE MAQUINARIA AGRICOLA CON PRENDA                                                                                                                                                                                                                                                                                                                                                                                                                                                                                                                                                                                                                                                                                                                                                                                                                                                                                                                                                                                             
55319;AGCO CAPITAL ARGENTINA S.A.;2026-01-12;FINANCIACION 36 MESES                                                                                                           ;36M                      ;Dólares estadounidenses;7400000000;1;60;1;48;75;50,00;90,00;Adquisición para capital de trabajo;Personas humanas Monotributistas;2,00;,00;Fija;,33;166666,00;Todo el territorio nacional;LOS CREDITOS PARA LA FINANCIACION DE MAQUINARIA AGRICOLA CON PRENDA                                                                                                                                                                                                                                                                                                                                                                                                                                                                                                                                                                                                                                                                                                                                                                                                                                                                                                                                                                                             
55319;AGCO CAPITAL ARGENTINA S.A.;2026-01-12;FINANCIACION C/P V                                                                                                              ;60M                      ;Dólares estadounidenses;7400000000;1;60;1;48;75;50,00;90,00;Adquisición para capital de trabajo;Personas jurídicas;2,00;5,00;Fija;5,20;150000,00;Todo el territorio nacional;LOS CREDITOS PARA LA FINANCIACION DE MAQUINARIA AGRICOLA CON PRENDA                                                                                                                                                                                                                                                                                                                                                                                                                                                                                                                                                                                                                                                                                                                                                                                                                                                                                                                                                                                             
55319;AGCO CAPITAL ARGENTINA S.A.;2026-01-12;FINANCIACION C V                                                                                                                ;72M                      ;Dólares estadounidenses;7400000000;1;72;1;48;75;66,00;90,00;Adquisición para capital de trabajo;Personas humanas Responsables Inscriptos;2,00;6,00;Fija;6,17;143333,00;Todo el territorio nacional;LOS CREDITOS PARA LA FINANCIACION DE MAQUINARIA AGRICOLA CON PRENDA                                                                                                                                                                                                                                                                                                                                                                                                                                                                                                                                                                                                                                                                                                                                                                                                                                                                                                                                                                                             
55319;AGCO CAPITAL ARGENTINA S.A.;2026-01-12;FINANCIACION NO PP V                                                                                                            ;48M                      ;Dólares estadounidenses;7400000000;1;72;1;48;75;50,00;90,00;Adquisición para capital de trabajo;Personas humanas Responsables Inscriptos;2,00;4,00;Fija;4,25;165000,00;Todo el territorio nacional;LOS CREDITOS PARA LA FINANCIACION DE MAQUINARIA AGRICOLA CON PRENDA                                                                                                                                                                                                                                                                                                                                                                                                                                                                                                                                                                                                                                                                                                                                                                                                                                                                                                                                                                                             
55319;AGCO CAPITAL ARGENTINA S.A.;2026-01-12;FINANCIACION 60 MESES F T                                                                                                       ;60M                      ;Dólares estadounidenses;7400000000;1;60;1;48;75;66,00;90,00;Adquisición para capital de trabajo;Personas humanas Monotributistas;2,00;9,00;Fija;9,20;190000,00;Todo el territorio nacional;LOS CREDITOS PARA LA FINANCIACION DE MAQUINARIA AGRICOLA CON PRENDA                                                                                                                                                                                                                                                                                                                                                                                                                                                                                                                                                                                                                                                                                                                                                                                                                                                                                                                                                                                             
55319;AGCO CAPITAL ARGENTINA S.A.;2026-01-12;FINANCIACION NO PP V NO C P V                                                                                                   ;48M                      ;Dólares estadounidenses;7400000000;1;60;1;48;75;50,00;90,00;Adquisición para capital de trabajo;MiPyMEs;2,00;5,50;Fija;5,75;180000,00;Todo el territorio nacional;LOS CREDITOS PARA LA FINANCIACION DE MAQUINARIA AGRICOLA CON PRENDA                                                                                                                                                                                                                                                                                                                                                                                                                                                                                                                                                                                                                                                                                                                                                                                                                                                                                                                                                                                             
55319;AGCO CAPITAL ARGENTINA S.A.;2026-01-12;FINANCIACION NO PP V NO C P V                                                                                                   ;48M                      ;Dólares estadounidenses;7400000000;1;60;1;48;75;66,00;90,00;Adquisición para capital de trabajo;MiPyMEs;2,00;5,50;Fija;5,75;180000,00;Todo el territorio nacional;LOS CREDITOS PARA LA FINANCIACION DE MAQUINARIA AGRICOLA CON PRENDA                                                                                                                                                                                                                                                                                                                                                                                                                                                                                                                                                                                                                                                                                                                                                                                                                                                                                                                                                                                             
55319;AGCO CAPITAL ARGENTINA S.A.;2026-01-12;FINANCIACION 24 MESES PP                                                                                                        ;24M                      ;Dólares estadounidenses;7400000000;1;36;1;48;75;50,00;90,00;Adquisición para capital de trabajo;MiPyMEs;2,00;,00;Fija;,50;250000,00;Todo el territorio nacional;LOS CREDITOS PARA LA FINANCIACION DE MAQUINARIA AGRICOLA CON PRENDA                                                                                                                                                                                                                                                                                                                                                                                                                                                                                                                                                                                                                                                                                                                                                                                                                                                                                                                                                                                             
55319;AGCO CAPITAL ARGENTINA S.A.;2026-01-12;FINANCIACION NO PP V NO C P V                                                                                                   ;48M                      ;Dólares estadounidenses;7400000000;1;60;1;48;75;66,00;90,00;Adquisición para capital de trabajo;Personas humanas Responsables Inscriptos;2,00;5,50;Fija;5,75;180000,00;Todo el territorio nacional;LOS CREDITOS PARA LA FINANCIACION DE MAQUINARIA AGRICOLA CON PRENDA                                                                                                                                                                                                                                                                                                                                                                                                                                                                                                                                                                                                                                                                                                                                                                                                                                                                                                                                                                                             
55319;AGCO CAPITAL ARGENTINA S.A.;2026-01-12;FINANCIACION NO PP M                                                                                                            ;48M                      ;Dólares estadounidenses;7400000000;1;72;1;48;75;66,00;90,00;Adquisición para capital de trabajo;Personas humanas Responsables Inscriptos;2,00;4,50;Fija;4,75;170000,00;Todo el territorio nacional;LOS CREDITOS PARA LA FINANCIACION DE MAQUINARIA AGRICOLA CON PRENDA                                                                                                                                                                                                                                                                                                                                                                                                                                                                                                                                                                                                                                                                                                                                                                                                                                                                                                                                                                                             
55319;AGCO CAPITAL ARGENTINA S.A.;2026-01-12;FINANCIACION C V                                                                                                                ;72M                      ;Dólares estadounidenses;7400000000;1;72;1;48;75;50,00;90,00;Adquisición para capital de trabajo;Personas humanas Responsables Inscriptos;2,00;6,00;Fija;6,17;143333,00;Todo el territorio nacional;LOS CREDITOS PARA LA FINANCIACION DE MAQUINARIA AGRICOLA CON PRENDA                                                                                                                                                                                                                                                                                                                                                                                                                                                                                                                                                                                                                                                                                                                                                                                                                                                                                                                                                                                             
55319;AGCO CAPITAL ARGENTINA S.A.;2026-01-12;FINANCIACION 36 MESES F C                                                                                                       ;36M                      ;Dólares estadounidenses;7400000000;1;72;1;48;75;66,00;90,00;Adquisición para capital de trabajo;Personas humanas Responsables Inscriptos;2,00;7,00;Fija;7,33;236666,00;Todo el territorio nacional;LOS CREDITOS PARA LA FINANCIACION DE MAQUINARIA AGRICOLA CON PRENDA                                                                                                                                                                                                                                                                                                                                                                                                                                                                                                                                                                                                                                                                                                                                                                                                                                                                                                                                                                                             
55319;AGCO CAPITAL ARGENTINA S.A.;2026-01-12;FINANCIACION NO PP V                                                                                                            ;48M                      ;Dólares estadounidenses;7400000000;1;72;1;48;75;66,00;90,00;Adquisición para capital de trabajo;MiPyMEs;2,00;4,00;Fija;4,25;165000,00;Todo el territorio nacional;LOS CREDITOS PARA LA FINANCIACION DE MAQUINARIA AGRICOLA CON PRENDA                                                                                                                                                                                                                                                                                                                                                                                                                                                                                                                                                                                                                                                                                                                                                                                                                                                                                                                                                                                             
55319;AGCO CAPITAL ARGENTINA S.A.;2026-01-12;FINANCIACION 24 MESES CM 2                                                                                                      ;24M                      ;Dólares estadounidenses;7400000000;1;60;1;48;75;50,00;90,00;Adquisición para capital de trabajo;Personas humanas Responsables Inscriptos;2,00;3,00;Fija;3,50;250000,00;Todo el territorio nacional;LOS CREDITOS PARA LA FINANCIACION DE MAQUINARIA AGRICOLA CON PRENDA                                                                                                                                                                                                                                                                                                                                                                                                                                                                                                                                                                                                                                                                                                                                                                                                                                                                                                                                                                                             
55319;AGCO CAPITAL ARGENTINA S.A.;2026-01-12;FINANCIACION C V                                                                                                                ;72M                      ;Dólares estadounidenses;7400000000;1;72;1;48;75;50,00;90,00;Adquisición para capital de trabajo;MiPyMEs;2,00;6,00;Fija;6,17;143333,00;Todo el territorio nacional;LOS CREDITOS PARA LA FINANCIACION DE MAQUINARIA AGRICOLA CON PRENDA                                                                                                                                                                                                                                                                                                                                                                                                                                                                                                                                                                                                                                                                                                                                                                                                                                                                                                                                                                                             
55319;AGCO CAPITAL ARGENTINA S.A.;2026-01-12;FINANCIACION 36 MESES F C                                                                                                       ;36M                      ;Dólares estadounidenses;7400000000;1;72;1;48;75;50,00;90,00;Adquisición para capital de trabajo;Personas humanas Responsables Inscriptos;2,00;7,00;Fija;7,33;236666,00;Todo el territorio nacional;LOS CREDITOS PARA LA FINANCIACION DE MAQUINARIA AGRICOLA CON PRENDA                                                                                                                                                                                                                                                                                                                                                                                                                                                                                                                                                                                                                                                                                                                                                                                                                                                                                                                                                                                             
55319;AGCO CAPITAL ARGENTINA S.A.;2026-01-12;FINANCIACION NO PP M                                                                                                            ;48M                      ;Dólares estadounidenses;7400000000;1;72;1;48;75;50,00;90,00;Adquisición para capital de trabajo;MiPyMEs;2,00;4,50;Fija;4,75;170000,00;Todo el territorio nacional;LOS CREDITOS PARA LA FINANCIACION DE MAQUINARIA AGRICOLA CON PRENDA                                                                                                                                                                                                                                                                                                                                                                                                                                                                                                                                                                                                                                                                                                                                                                                                                                                                                                                                                                                             
55319;AGCO CAPITAL ARGENTINA S.A.;2026-01-12;FINANCIACION 48 MESES F T                                                                                                       ;48M                      ;Dólares estadounidenses;7400000000;1;60;1;48;75;66,00;90,00;Adquisición para capital de trabajo;Personas humanas Responsables Inscriptos;2,00;8,00;Fija;8,25;205000,00;Todo el territorio nacional;LOS CREDITOS PARA LA FINANCIACION DE MAQUINARIA AGRICOLA CON PRENDA                                                                                                                                                                                                                                                                                                                                                                                                                                                                                                                                                                                                                                                                                                                                                                                                                                                                                                                                                                                             
55319;AGCO CAPITAL ARGENTINA S.A.;2026-01-12;FINANCIACION NO PP M                                                                                                            ;60M                      ;Dólares estadounidenses;7400000000;1;60;1;48;75;66,00;90,00;Adquisición para capital de trabajo;MiPyMEs;2,00;6,00;Fija;6,20;160000,00;Todo el territorio nacional;LOS CREDITOS PARA LA FINANCIACION DE MAQUINARIA AGRICOLA CON PRENDA                                                                                                                                                                                                                                                                                                                                                                                                                                                                                                                                                                                                                                                                                                                                                                                                                                                                                                                                                                                             
55319;AGCO CAPITAL ARGENTINA S.A.;2026-01-12;FINANCIACION NO PP V                                                                                                            ;48M                      ;Dólares estadounidenses;7400000000;1;72;1;48;75;50,00;90,00;Adquisición para capital de trabajo;MiPyMEs;2,00;4,00;Fija;4,25;165000,00;Todo el territorio nacional;LOS CREDITOS PARA LA FINANCIACION DE MAQUINARIA AGRICOLA CON PRENDA                                                                                                                                                                                                                                                                                                                                                                                                                                                                                                                                                                                                                                                                                                                                                                                                                                                                                                                                                                                             
55319;AGCO CAPITAL ARGENTINA S.A.;2026-01-12;FINANCIACION 48 MESES F C                                                                                                       ;48M                      ;Dólares estadounidenses;7400000000;1;72;1;48;75;50,00;90,00;Adquisición para capital de trabajo;MiPyMEs;2,00;8,00;Fija;8,25;205000,00;Todo el territorio nacional;LOS CREDITOS PARA LA FINANCIACION DE MAQUINARIA AGRICOLA CON PRENDA                                                                                                                                                                                                                                                                                                                                                                                                                                                                                                                                                                                                                                                                                                                                                                                                                                                                                                                                                                                             
55319;AGCO CAPITAL ARGENTINA S.A.;2026-01-12;FINANCIACION C M                                                                                                                ;72M                      ;Dólares estadounidenses;7400000000;1;72;1;48;75;50,00;90,00;Adquisición para capital de trabajo;MiPyMEs;2,00;7,00;Fija;7,17;153333,00;Todo el territorio nacional;LOS CREDITOS PARA LA FINANCIACION DE MAQUINARIA AGRICOLA CON PRENDA                                                                                                                                                                                                                                                                                                                                                                                                                                                                                                                                                                                                                                                                                                                                                                                                                                                                                                                                                                                             
55319;AGCO CAPITAL ARGENTINA S.A.;2026-01-12;FINANCIACION 48 MESES F T                                                                                                       ;48M                      ;Dólares estadounidenses;7400000000;1;60;1;48;75;66,00;90,00;Adquisición para capital de trabajo;Personas jurídicas;2,00;8,00;Fija;8,25;205000,00;Todo el territorio nacional;LOS CREDITOS PARA LA FINANCIACION DE MAQUINARIA AGRICOLA CON PRENDA                                                                                                                                                                                                                                                                                                                                                                                                                                                                                                                                                                                                                                                                                                                                                                                                                                                                                                                                                                                             
55319;AGCO CAPITAL ARGENTINA S.A.;2026-01-12;FINANCIACION 48 MESES F T                                                                                                       ;48M                      ;Dólares estadounidenses;7400000000;1;60;1;48;75;50,00;90,00;Adquisición para capital de trabajo;Personas jurídicas;2,00;8,00;Fija;8,25;205000,00;Todo el territorio nacional;LOS CREDITOS PARA LA FINANCIACION DE MAQUINARIA AGRICOLA CON PRENDA                                                                                                                                                                                                                                                                                                                                                                                                                                                                                                                                                                                                                                                                                                                                                                                                                                                                                                                                                                                             
55319;AGCO CAPITAL ARGENTINA S.A.;2026-01-12;FINANCIACION NO PP M                                                                                                            ;48M                      ;Dólares estadounidenses;7400000000;1;72;1;48;75;66,00;90,00;Adquisición para capital de trabajo;Personas jurídicas;2,00;4,50;Fija;4,75;170000,00;Todo el territorio nacional;LOS CREDITOS PARA LA FINANCIACION DE MAQUINARIA AGRICOLA CON PRENDA                                                                                                                                                                                                                                                                                                                                                                                                                                                                                                                                                                                                                                                                                                                                                                                                                                                                                                                                                                                             
55319;AGCO CAPITAL ARGENTINA S.A.;2026-01-12;FINANCIACION 36 MESES F C                                                                                                       ;36M                      ;Dólares estadounidenses;7400000000;1;72;1;48;75;66,00;90,00;Adquisición para capital de trabajo;MiPyMEs;2,00;7,00;Fija;7,33;236666,00;Todo el territorio nacional;LOS CREDITOS PARA LA FINANCIACION DE MAQUINARIA AGRICOLA CON PRENDA                                                                                                                                                                                                                                                                                                                                                                                                                                                                                                                                                                                                                                                                                                                                                                                                                                                                                                                                                                                             
55319;AGCO CAPITAL ARGENTINA S.A.;2026-01-12;FINANCIACION NO PP M NO C                                                                                                       ;48M                      ;Dólares estadounidenses;7400000000;1;60;1;48;75;50,00;90,00;Adquisición para capital de trabajo;MiPyMEs;2,00;4,50;Fija;4,75;170000,00;Todo el territorio nacional;LOS CREDITOS PARA LA FINANCIACION DE MAQUINARIA AGRICOLA CON PRENDA                                                                                                                                                                                                                                                                                                                                                                                                                                                                                                                                                                                                                                                                                                                                                                                                                                                                                                                                                                                             
55319;AGCO CAPITAL ARGENTINA S.A.;2026-01-12;FINANCIACION C V                                                                                                                ;72M                      ;Dólares estadounidenses;7400000000;1;72;1;48;75;66,00;90,00;Adquisición para capital de trabajo;MiPyMEs;2,00;6,00;Fija;6,17;143333,00;Todo el territorio nacional;LOS CREDITOS PARA LA FINANCIACION DE MAQUINARIA AGRICOLA CON PRENDA                                                                                                                                                                                                                                                                                                                                                                                                                                                                                                                                                                                                                                                                                                                                                                                                                                                                                                                                                                                             
55319;AGCO CAPITAL ARGENTINA S.A.;2026-01-12;FINANCIACION 48 MESES F T                                                                                                       ;48M                      ;Dólares estadounidenses;7400000000;1;60;1;48;75;50,00;90,00;Adquisición para capital de trabajo;Personas humanas Responsables Inscriptos;2,00;8,00;Fija;8,25;205000,00;Todo el territorio nacional;LOS CREDITOS PARA LA FINANCIACION DE MAQUINARIA AGRICOLA CON PRENDA                                                                                                                                                                                                                                                                                                                                                                                                                                                                                                                                                                                                                                                                                                                                                                                                                                                                                                                                                                                             
55319;AGCO CAPITAL ARGENTINA S.A.;2026-01-12;FINANCIACION NO PP M                                                                                                            ;60M                      ;Dólares estadounidenses;7400000000;1;60;1;48;75;66,00;90,00;Adquisición para capital de trabajo;Personas jurídicas;2,00;6,00;Fija;6,20;160000,00;Todo el territorio nacional;LOS CREDITOS PARA LA FINANCIACION DE MAQUINARIA AGRICOLA CON PRENDA                                                                                                                                                                                                                                                                                                                                                                                                                                                                                                                                                                                                                                                                                                                                                                                                                                                                                                                                                                                             
55319;AGCO CAPITAL ARGENTINA S.A.;2026-01-12;FINANCIACION 36 MESES F C                                                                                                       ;36M                      ;Dólares estadounidenses;7400000000;1;72;1;48;75;50,00;90,00;Adquisición para capital de trabajo;Personas jurídicas;2,00;7,00;Fija;7,33;236666,00;Todo el territorio nacional;LOS CREDITOS PARA LA FINANCIACION DE MAQUINARIA AGRICOLA CON PRENDA                                                                                                                                                                                                                                                                                                                                                                                                                                                                                                                                                                                                                                                                                                                                                                                                                                                                                                                                                                                             
55319;AGCO CAPITAL ARGENTINA S.A.;2026-01-12;FINANCIACION 12 MESES PP                                                                                                        ;12M                      ;Dólares estadounidenses;7400000000;1;36;1;48;75;50,00;90,00;Adquisición para capital de trabajo;Personas jurídicas;2,00;,00;Fija;1,00;500000,00;Todo el territorio nacional;LOS CREDITOS PARA LA FINANCIACION DE MAQUINARIA AGRICOLA CON PRENDA                                                                                                                                                                                                                                                                                                                                                                                                                                                                                                                                                                                                                                                                                                                                                                                                                                                                                                                                                                                             
55319;AGCO CAPITAL ARGENTINA S.A.;2026-01-12;FINANCIACION NO PP V                                                                                                            ;48M                      ;Dólares estadounidenses;7400000000;1;72;1;48;75;66,00;90,00;Adquisición para capital de trabajo;Personas jurídicas;2,00;4,00;Fija;4,25;165000,00;Todo el territorio nacional;LOS CREDITOS PARA LA FINANCIACION DE MAQUINARIA AGRICOLA CON PRENDA                                                                                                                                                                                                                                                                                                                                                                                                                                                                                                                                                                                                                                                                                                                                                                                                                                                                                                                                                                                             
55319;AGCO CAPITAL ARGENTINA S.A.;2026-01-12;FINANCIACION 36 MESES M2                                                                                                        ;36M                      ;Dólares estadounidenses;7400000000;1;72;1;48;75;66,00;90,00;Adquisición para capital de trabajo;MiPyMEs;2,00;6,00;Fija;6,33;226666,00;Todo el territorio nacional;LOS CREDITOS PARA LA FINANCIACION DE MAQUINARIA AGRICOLA CON PRENDA                                                                                                                                                                                                                                                                                                                                                                                                                                                                                                                                                                                                                                                                                                                                                                                                                                                                                                                                                                                             
55319;AGCO CAPITAL ARGENTINA S.A.;2026-01-12;FINANCIACION 12 MESES PP                                                                                                        ;12M                      ;Dólares estadounidenses;7400000000;1;36;1;48;75;66,00;90,00;Adquisición para capital de trabajo;MiPyMEs;2,00;,00;Fija;1,00;500000,00;Todo el territorio nacional;LOS CREDITOS PARA LA FINANCIACION DE MAQUINARIA AGRICOLA CON PRENDA                                                                                                                                                                                                                                                                                                                                                                                                                                                                                                                                                                                                                                                                                                                                                                                                                                                                                                                                                                                             
55319;AGCO CAPITAL ARGENTINA S.A.;2026-01-12;FINANCIACION 36 MESES M1                                                                                                        ;36M                      ;Dólares estadounidenses;7400000000;1;36;1;48;75;50,00;90,00;Adquisición para capital de trabajo;MiPyMEs;2,00;3,00;Fija;3,33;196666,00;Todo el territorio nacional;LOS CREDITOS PARA LA FINANCIACION DE MAQUINARIA AGRICOLA CON PRENDA                                                                                                                                                                                                                                                                                                                                                                                                                                                                                                                                                                                                                                                                                                                                                                                                                                                                                                                                                                                             
55319;AGCO CAPITAL ARGENTINA S.A.;2026-01-12;FINANCIACION NO PP M                                                                                                            ;60M                      ;Dólares estadounidenses;7400000000;1;60;1;48;75;50,00;90,00;Adquisición para capital de trabajo;Personas jurídicas;2,00;6,00;Fija;6,20;160000,00;Todo el territorio nacional;LOS CREDITOS PARA LA FINANCIACION DE MAQUINARIA AGRICOLA CON PRENDA                                                                                                                                                                                                                                                                                                                                                                                                                                                                                                                                                                                                                                                                                                                                                                                                                                                                                                                                                                                             
55319;AGCO CAPITAL ARGENTINA S.A.;2026-01-12;FINANCIACION NO PP M                                                                                                            ;48M                      ;Dólares estadounidenses;7400000000;1;72;1;48;75;50,00;90,00;Adquisición para capital de trabajo;Personas humanas Responsables Inscriptos;2,00;4,50;Fija;4,75;170000,00;Todo el territorio nacional;LOS CREDITOS PARA LA FINANCIACION DE MAQUINARIA AGRICOLA CON PRENDA                                                                                                                                                                                                                                                                                                                                                                                                                                                                                                                                                                                                                                                                                                                                                                                                                                                                                                                                                                                             
55319;AGCO CAPITAL ARGENTINA S.A.;2026-01-12;FINANCIACION NO PP V NO C P V                                                                                                   ;48M                      ;Dólares estadounidenses;7400000000;1;60;1;48;75;66,00;90,00;Adquisición para capital de trabajo;Personas jurídicas;2,00;5,50;Fija;5,75;180000,00;Todo el territorio nacional;LOS CREDITOS PARA LA FINANCIACION DE MAQUINARIA AGRICOLA CON PRENDA                                                                                                                                                                                                                                                                                                                                                                                                                                                                                                                                                                                                                                                                                                                                                                                                                                                                                                                                                                                             
55319;AGCO CAPITAL ARGENTINA S.A.;2026-01-12;FINANCIACION NO PP M NO C                                                                                                       ;48M                      ;Dólares estadounidenses;7400000000;1;60;1;48;75;66,00;90,00;Adquisición para capital de trabajo;Personas jurídicas;2,00;4,50;Fija;4,75;170000,00;Todo el territorio nacional;LOS CREDITOS PARA LA FINANCIACION DE MAQUINARIA AGRICOLA CON PRENDA                                                                                                                                                                                                                                                                                                                                                                                                                                                                                                                                                                                                                                                                                                                                                                                                                                                                                                                                                                                             
55319;AGCO CAPITAL ARGENTINA S.A.;2026-01-12;FINANCIACION 24 MESES CM 1                                                                                                      ;24M                      ;Dólares estadounidenses;7400000000;1;48;1;48;75;50,00;90,00;Adquisición para capital de trabajo;Personas humanas Responsables Inscriptos;2,00;1,20;Fija;1,70;262000,00;Todo el territorio nacional;LOS CREDITOS PARA LA FINANCIACION DE MAQUINARIA AGRICOLA CON PRENDA                                                                                                                                                                                                                                                                                                                                                                                                                                                                                                                                                                                                                                                                                                                                                                                                                                                                                                                                                                                             
55319;AGCO CAPITAL ARGENTINA S.A.;2026-01-12;FINANCIACION T V                                                                                                                ;60M                      ;Dólares estadounidenses;7400000000;1;60;1;48;75;66,00;90,00;Adquisición para capital de trabajo;Personas humanas Responsables Inscriptos;2,00;6,50;Fija;6,70;165000,00;Todo el territorio nacional;LOS CREDITOS PARA LA FINANCIACION DE MAQUINARIA AGRICOLA CON PRENDA                                                                                                                                                                                                                                                                                                                                                                                                                                                                                                                                                                                                                                                                                                                                                                                                                                                                                                                                                                                             
55319;AGCO CAPITAL ARGENTINA S.A.;2026-01-12;FINANCIACION 60 MESES F C                                                                                                       ;60M                      ;Dólares estadounidenses;7400000000;1;72;1;48;75;66,00;90,00;Adquisición para capital de trabajo;Personas humanas Responsables Inscriptos;2,00;9,00;Fija;9,20;190000,00;Todo el territorio nacional;LOS CREDITOS PARA LA FINANCIACION DE MAQUINARIA AGRICOLA CON PRENDA                                                                                                                                                                                                                                                                                                                                                                                                                                                                                                                                                                                                                                                                                                                                                                                                                                                                                                                                                                                             
55319;AGCO CAPITAL ARGENTINA S.A.;2026-01-12;FINANCIACION NO PP V                                                                                                            ;48M                      ;Dólares estadounidenses;7400000000;1;72;1;48;75;50,00;90,00;Adquisición para capital de trabajo;Personas jurídicas;2,00;4,00;Fija;4,25;165000,00;Todo el territorio nacional;LOS CREDITOS PARA LA FINANCIACION DE MAQUINARIA AGRICOLA CON PRENDA                                                                                                                                                                                                                                                                                                                                                                                                                                                                                                                                                                                                                                                                                                                                                                                                                                                                                                                                                                                             
55319;AGCO CAPITAL ARGENTINA S.A.;2026-01-12;FINANCIACION 60 MESES F C                                                                                                       ;60M                      ;Dólares estadounidenses;7400000000;1;72;1;48;75;50,00;90,00;Adquisición para capital de trabajo;Personas humanas Responsables Inscriptos;2,00;9,00;Fija;9,20;190000,00;Todo el territorio nacional;LOS CREDITOS PARA LA FINANCIACION DE MAQUINARIA AGRICOLA CON PRENDA                                                                                                                                                                                                                                                                                                                                                                                                                                                                                                                                                                                                                                                                                                                                                                                                                                                                                                                                                                                             
55319;AGCO CAPITAL ARGENTINA S.A.;2026-01-12;FINANCIACION 60 MESES F T                                                                                                       ;60M                      ;Dólares estadounidenses;7400000000;1;60;1;48;75;50,00;90,00;Adquisición para capital de trabajo;Personas humanas Responsables Inscriptos;2,00;9,00;Fija;9,20;190000,00;Todo el territorio nacional;LOS CREDITOS PARA LA FINANCIACION DE MAQUINARIA AGRICOLA CON PRENDA                                                                                                                                                                                                                                                                                                                                                                                                                                                                                                                                                                                                                                                                                                                                                                                                                                                                                                                                                                                             
55319;AGCO CAPITAL ARGENTINA S.A.;2026-01-12;FINANCIACION 24 MESES                                                                                                           ;24M                      ;Dólares estadounidenses;7400000000;1;60;1;48;75;50,00;90,00;Adquisición para capital de trabajo;Personas humanas Responsables Inscriptos;2,00;,00;Fija;,50;250000,00;Todo el territorio nacional;LOS CREDITOS PARA LA FINANCIACION DE MAQUINARIA AGRICOLA CON PRENDA                                                                                                                                                                                                                                                                                                                                                                                                                                                                                                                                                                                                                                                                                                                                                                                                                                                                                                                                                                                             
55319;AGCO CAPITAL ARGENTINA S.A.;2026-01-12;FINANCIACION C M                                                                                                                ;72M                      ;Dólares estadounidenses;7400000000;1;72;1;48;75;66,00;90,00;Adquisición para capital de trabajo;Personas humanas Responsables Inscriptos;2,00;7,00;Fija;7,17;153333,00;Todo el territorio nacional;LOS CREDITOS PARA LA FINANCIACION DE MAQUINARIA AGRICOLA CON PRENDA                                                                                                                                                                                                                                                                                                                                                                                                                                                                                                                                                                                                                                                                                                                                                                                                                                                                                                                                                                                             
55319;AGCO CAPITAL ARGENTINA S.A.;2026-01-12;FINANCIACION 12 MESES PP                                                                                                        ;12M                      ;Dólares estadounidenses;7400000000;1;36;1;48;75;66,00;90,00;Adquisición para capital de trabajo;Personas humanas Responsables Inscriptos;2,00;,00;Fija;1,00;500000,00;Todo el territorio nacional;LOS CREDITOS PARA LA FINANCIACION DE MAQUINARIA AGRICOLA CON PRENDA                                                                                                                                                                                                                                                                                                                                                                                                                                                                                                                                                                                                                                                                                                                                                                                                                                                                                                                                                                                             
55319;AGCO CAPITAL ARGENTINA S.A.;2026-01-12;FINANCIACION NO PP M NO C                                                                                                       ;48M                      ;Dólares estadounidenses;7400000000;1;60;1;48;75;66,00;90,00;Adquisición para capital de trabajo;Personas humanas Responsables Inscriptos;2,00;4,50;Fija;4,75;170000,00;Todo el territorio nacional;LOS CREDITOS PARA LA FINANCIACION DE MAQUINARIA AGRICOLA CON PRENDA                                                                                                                                                                                                                                                                                                                                                                                                                                                                                                                                                                                                                                                                                                                                                                                                                                                                                                                                                                                             
55319;AGCO CAPITAL ARGENTINA S.A.;2026-01-12;FINANCIACION C/P V                                                                                                              ;60M                      ;Dólares estadounidenses;7400000000;1;60;1;48;75;66,00;90,00;Adquisición para capital de trabajo;MiPyMEs;2,00;5,00;Fija;5,20;150000,00;Todo el territorio nacional;LOS CREDITOS PARA LA FINANCIACION DE MAQUINARIA AGRICOLA CON PRENDA                                                                                                                                                                                                                                                                                                                                                                                                                                                                                                                                                                                                                                                                                                                                                                                                                                                                                                                                                                                             
55319;AGCO CAPITAL ARGENTINA S.A.;2026-01-12;FINANCIACION 24 MESES CM 2                                                                                                      ;24M                      ;Dólares estadounidenses;7400000000;1;60;1;48;75;66,00;90,00;Adquisición para capital de trabajo;Personas humanas Responsables Inscriptos;2,00;3,00;Fija;3,50;250000,00;Todo el territorio nacional;LOS CREDITOS PARA LA FINANCIACION DE MAQUINARIA AGRICOLA CON PRENDA                                                                                                                                                                                                                                                                                                                                                                                                                                                                                                                                                                                                                                                                                                                                                                                                                                                                                                                                                                                             
55319;AGCO CAPITAL ARGENTINA S.A.;2026-01-12;FINANCIACION 24 MESES PP                                                                                                        ;24M                      ;Dólares estadounidenses;7400000000;1;36;1;48;75;50,00;90,00;Adquisición para capital de trabajo;Personas humanas Responsables Inscriptos;2,00;,00;Fija;,50;250000,00;Todo el territorio nacional;LOS CREDITOS PARA LA FINANCIACION DE MAQUINARIA AGRICOLA CON PRENDA                                                                                                                                                                                                                                                                                                                                                                                                                                                                                                                                                                                                                                                                                                                                                                                                                                                                                                                                                                                             
55319;AGCO CAPITAL ARGENTINA S.A.;2026-01-12;FINANCIACION 36 MESES M2                                                                                                        ;36M                      ;Dólares estadounidenses;7400000000;1;72;1;48;75;66,00;90,00;Adquisición para capital de trabajo;Personas humanas Responsables Inscriptos;2,00;6,00;Fija;6,33;226666,00;Todo el territorio nacional;LOS CREDITOS PARA LA FINANCIACION DE MAQUINARIA AGRICOLA CON PRENDA                                                                                                                                                                                                                                                                                                                                                                                                                                                                                                                                                                                                                                                                                                                                                                                                                                                                                                                                                                                             
55319;AGCO CAPITAL ARGENTINA S.A.;2026-01-12;FINANCIACION 24 MESES PP                                                                                                        ;24M                      ;Dólares estadounidenses;7400000000;1;36;1;48;75;66,00;90,00;Adquisición para capital de trabajo;Personas humanas Responsables Inscriptos;2,00;,00;Fija;,50;250000,00;Todo el territorio nacional;LOS CREDITOS PARA LA FINANCIACION DE MAQUINARIA AGRICOLA CON PRENDA                                                                                                                                                                                                                                                                                                                                                                                                                                                                                                                                                                                                                                                                                                                                                                                                                                                                                                                                                                                             
55319;AGCO CAPITAL ARGENTINA S.A.;2026-01-12;FINANCIACION NO PP V NO C P V                                                                                                   ;48M                      ;Dólares estadounidenses;7400000000;1;60;1;48;75;50,00;90,00;Adquisición para capital de trabajo;Personas jurídicas;2,00;5,50;Fija;5,75;180000,00;Todo el territorio nacional;LOS CREDITOS PARA LA FINANCIACION DE MAQUINARIA AGRICOLA CON PRENDA                                                                                                                                                                                                                                                                                                                                                                                                                                                                                                                                                                                                                                                                                                                                                                                                                                                                                                                                                                                             
55319;AGCO CAPITAL ARGENTINA S.A.;2026-01-12;FINANCIACION 24 MESES CM 2                                                                                                      ;24M                      ;Dólares estadounidenses;7400000000;1;60;1;48;75;66,00;90,00;Adquisición para capital de trabajo;MiPyMEs;2,00;3,00;Fija;3,50;250000,00;Todo el territorio nacional;LOS CREDITOS PARA LA FINANCIACION DE MAQUINARIA AGRICOLA CON PRENDA                                                                                                                                                                                                                                                                                                                                                                                                                                                                                                                                                                                                                                                                                                                                                                                                                                                                                                                                                                                             
55319;AGCO CAPITAL ARGENTINA S.A.;2026-01-12;FINANCIACION NO PP M                                                                                                            ;60M                      ;Dólares estadounidenses;7400000000;1;60;1;48;75;66,00;90,00;Adquisición para capital de trabajo;Personas humanas Responsables Inscriptos;2,00;6,00;Fija;6,20;160000,00;Todo el territorio nacional;LOS CREDITOS PARA LA FINANCIACION DE MAQUINARIA AGRICOLA CON PRENDA                                                                                                                                                                                                                                                                                                                                                                                                                                                                                                                                                                                                                                                                                                                                                                                                                                                                                                                                                                                             
55319;AGCO CAPITAL ARGENTINA S.A.;2026-01-12;FINANCIACION 12 MESES                                                                                                           ;12M                      ;Dólares estadounidenses;7400000000;1;60;1;48;75;50,00;90,00;Adquisición para capital de trabajo;Personas humanas Monotributistas;2,00;,00;Fija;1,00;500000,00;Todo el territorio nacional;LOS CREDITOS PARA LA FINANCIACION DE MAQUINARIA AGRICOLA CON PRENDA                                                                                                                                                                                                                                                                                                                                                                                                                                                                                                                                                                                                                                                                                                                                                                                                                                                                                                                                                                                             
55319;AGCO CAPITAL ARGENTINA S.A.;2026-01-12;FINANCIACION 36 MESES F T                                                                                                       ;36M                      ;Dólares estadounidenses;7400000000;1;60;1;48;75;66,00;90,00;Adquisición para capital de trabajo;Personas jurídicas;2,00;7,00;Fija;7,33;236666,00;Todo el territorio nacional;LOS CREDITOS PARA LA FINANCIACION DE MAQUINARIA AGRICOLA CON PRENDA                                                                                                                                                                                                                                                                                                                                                                                                                                                                                                                                                                                                                                                                                                                                                                                                                                                                                                                                                                                             
55319;AGCO CAPITAL ARGENTINA S.A.;2026-01-12;FINANCIACION NO PP V NO C P V                                                                                                   ;48M                      ;Dólares estadounidenses;7400000000;1;60;1;48;75;50,00;90,00;Adquisición para capital de trabajo;Personas humanas Responsables Inscriptos;2,00;5,50;Fija;5,75;180000,00;Todo el territorio nacional;LOS CREDITOS PARA LA FINANCIACION DE MAQUINARIA AGRICOLA CON PRENDA                                                                                                                                                                                                                                                                                                                                                                                                                                                                                                                                                                                                                                                                                                                                                                                                                                                                                                                                                                                             
55319;AGCO CAPITAL ARGENTINA S.A.;2026-01-12;FINANCIACION T V                                                                                                                ;60M                      ;Dólares estadounidenses;7400000000;1;60;1;48;75;50,00;90,00;Adquisición para capital de trabajo;Personas humanas Responsables Inscriptos;2,00;6,50;Fija;6,70;165000,00;Todo el territorio nacional;LOS CREDITOS PARA LA FINANCIACION DE MAQUINARIA AGRICOLA CON PRENDA                                                                                                                                                                                                                                                                                                                                                                                                                                                                                                                                                                                                                                                                                                                                                                                                                                                                                                                                                                                             
55319;AGCO CAPITAL ARGENTINA S.A.;2026-01-12;FINANCIACION C/P V                                                                                                              ;60M                      ;Dólares estadounidenses;7400000000;1;60;1;48;75;66,00;90,00;Adquisición para capital de trabajo;Personas humanas Responsables Inscriptos;2,00;5,00;Fija;5,20;150000,00;Todo el territorio nacional;LOS CREDITOS PARA LA FINANCIACION DE MAQUINARIA AGRICOLA CON PRENDA                                                                                                                                                                                                                                                                                                                                                                                                                                                                                                                                                                                                                                                                                                                                                                                                                                                                                                                                                                                             
55319;AGCO CAPITAL ARGENTINA S.A.;2026-01-12;FINANCIACION 24 MESES CM 2                                                                                                      ;24M                      ;Dólares estadounidenses;7400000000;1;60;1;48;75;50,00;90,00;Adquisición para capital de trabajo;MiPyMEs;2,00;3,00;Fija;3,50;250000,00;Todo el territorio nacional;LOS CREDITOS PARA LA FINANCIACION DE MAQUINARIA AGRICOLA CON PRENDA                                                                                                                                                                                                                                                                                                                                                                                                                                                                                                                                                                                                                                                                                                                                                                                                                                                                                                                                                                                             
55319;AGCO CAPITAL ARGENTINA S.A.;2026-01-12;FINANCIACION 24 MESES CM 1                                                                                                      ;24M                      ;Dólares estadounidenses;7400000000;1;48;1;48;75;66,00;90,00;Adquisición para capital de trabajo;Personas humanas Responsables Inscriptos;2,00;1,20;Fija;1,70;262000,00;Todo el territorio nacional;LOS CREDITOS PARA LA FINANCIACION DE MAQUINARIA AGRICOLA CON PRENDA                                                                                                                                                                                                                                                                                                                                                                                                                                                                                                                                                                                                                                                                                                                                                                                                                                                                                                                                                                                             
55319;AGCO CAPITAL ARGENTINA S.A.;2026-01-12;FINANCIACION 60 MESES F T                                                                                                       ;60M                      ;Dólares estadounidenses;7400000000;1;60;1;48;75;66,00;90,00;Adquisición para capital de trabajo;Personas humanas Responsables Inscriptos;2,00;9,00;Fija;9,20;190000,00;Todo el territorio nacional;LOS CREDITOS PARA LA FINANCIACION DE MAQUINARIA AGRICOLA CON PRENDA                                                                                                                                                                                                                                                                                                                                                                                                                                                                                                                                                                                                                                                                                                                                                                                                                                                                                                                                                                                             
55319;AGCO CAPITAL ARGENTINA S.A.;2026-01-12;FINANCIACION 48 MESES F T                                                                                                       ;48M                      ;Dólares estadounidenses;7400000000;1;60;1;48;75;66,00;90,00;Adquisición para capital de trabajo;MiPyMEs;2,00;8,00;Fija;8,25;205000,00;Todo el territorio nacional;LOS CREDITOS PARA LA FINANCIACION DE MAQUINARIA AGRICOLA CON PRENDA                                                                                                                                                                                                                                                                                                                                                                                                                                                                                                                                                                                                                                                                                                                                                                                                                                                                                                                                                                                             
55319;AGCO CAPITAL ARGENTINA S.A.;2026-01-12;FINANCIACION 12 MESES PP                                                                                                        ;12M                      ;Dólares estadounidenses;7400000000;1;36;1;48;75;50,00;90,00;Adquisición para capital de trabajo;Personas humanas Responsables Inscriptos;2,00;,00;Fija;1,00;500000,00;Todo el territorio nacional;LOS CREDITOS PARA LA FINANCIACION DE MAQUINARIA AGRICOLA CON PRENDA                                                                                                                                                                                                                                                                                                                                                                                                                                                                                                                                                                                                                                                                                                                                                                                                                                                                                                                                                                                             
55319;AGCO CAPITAL ARGENTINA S.A.;2026-01-12;FINANCIACION 36 MESES M1                                                                                                        ;36M                      ;Dólares estadounidenses;7400000000;1;36;1;48;75;66,00;90,00;Adquisición para capital de trabajo;Personas humanas Responsables Inscriptos;2,00;3,00;Fija;3,33;196666,00;Todo el territorio nacional;LOS CREDITOS PARA LA FINANCIACION DE MAQUINARIA AGRICOLA CON PRENDA                                                                                                                                                                                                                                                                                                                                                                                                                                                                                                                                                                                                                                                                                                                                                                                                                                                                                                                                                                                             
55319;AGCO CAPITAL ARGENTINA S.A.;2026-01-12;FINANCIACION 60 MESES F C                                                                                                       ;60M                      ;Dólares estadounidenses;7400000000;1;72;1;48;75;66,00;90,00;Adquisición para capital de trabajo;MiPyMEs;2,00;9,00;Fija;9,20;190000,00;Todo el territorio nacional;LOS CREDITOS PARA LA FINANCIACION DE MAQUINARIA AGRICOLA CON PRENDA                                                                                                                                                                                                                                                                                                                                                                                                                                                                                                                                                                                                                                                                                                                                                                                                                                                                                                                                                                                             
55319;AGCO CAPITAL ARGENTINA S.A.;2026-01-12;FINANCIACION C M                                                                                                                ;72M                      ;Dólares estadounidenses;7400000000;1;72;1;48;75;50,00;90,00;Adquisición para capital de trabajo;Personas humanas Responsables Inscriptos;2,00;7,00;Fija;7,17;153333,00;Todo el territorio nacional;LOS CREDITOS PARA LA FINANCIACION DE MAQUINARIA AGRICOLA CON PRENDA                                                                                                                                                                                                                                                                                                                                                                                                                                                                                                                                                                                                                                                                                                                                                                                                                                                                                                                                                                                             
55319;AGCO CAPITAL ARGENTINA S.A.;2026-01-12;FINANCIACION NO PP M                                                                                                            ;60M                      ;Dólares estadounidenses;7400000000;1;60;1;48;75;50,00;90,00;Adquisición para capital de trabajo;Personas humanas Responsables Inscriptos;2,00;6,00;Fija;6,20;160000,00;Todo el territorio nacional;LOS CREDITOS PARA LA FINANCIACION DE MAQUINARIA AGRICOLA CON PRENDA                                                                                                                                                                                                                                                                                                                                                                                                                                                                                                                                                                                                                                                                                                                                                                                                                                                                                                                                                                                             
55319;AGCO CAPITAL ARGENTINA S.A.;2026-01-12;FINANCIACION NO PP V                                                                                                            ;48M                      ;Dólares estadounidenses;7400000000;1;72;1;48;75;66,00;90,00;Adquisición para capital de trabajo;Personas humanas Responsables Inscriptos;2,00;4,00;Fija;4,25;165000,00;Todo el territorio nacional;LOS CREDITOS PARA LA FINANCIACION DE MAQUINARIA AGRICOLA CON PRENDA                                                                                                                                                                                                                                                                                                                                                                                                                                                                                                                                                                                                                                                                                                                                                                                                                                                                                                                                                                                             
55319;AGCO CAPITAL ARGENTINA S.A.;2026-01-12;FINANCIACION NO PP M                                                                                                            ;48M                      ;Dólares estadounidenses;7400000000;1;72;1;48;75;50,00;90,00;Adquisición para capital de trabajo;Personas jurídicas;2,00;4,50;Fija;4,75;170000,00;Todo el territorio nacional;LOS CREDITOS PARA LA FINANCIACION DE MAQUINARIA AGRICOLA CON PRENDA                                                                                                                                                                                                                                                                                                                                                                                                                                                                                                                                                                                                                                                                                                                                                                                                                                                                                                                                                                                             
55408;SCANIA CREDIT ARGENTINA S.A.U.;2026-02-27;PRESTAMOS PRENDARIOS DOLARES ESTADOUNIDENSES;PRESTAMO PRENDARIO;Dólares estadounidenses;0;1;48;0;0;100;,00;,00;Adquisición para capital de trabajo;Personas humanas Responsables Inscriptos;,05;18,39;Fija;23,96;3183,00;Todo el territorio nacional;
55408;SCANIA CREDIT ARGENTINA S.A.U.;2026-02-27;PRESTAMOS SIN GARANTIA DOLARES ESTADOUNIDENSES;PRESTAMO SIN GARANTIA;Dólares estadounidenses;0;1;8;0;0;100;,00;,00;Adquisición para capital de trabajo;Personas jurídicas;,05;14,93;Fija;18,87;13410,00;Todo el territorio nacional;
55408;SCANIA CREDIT ARGENTINA S.A.U.;2026-02-27;PRESTAMOS SIN GARANTIA DOLARES ESTADOUNIDENSES;PRESTAMO SIN GARANTIA;Dólares estadounidenses;0;1;8;0;0;100;,00;,00;Adquisición para capital de trabajo;Personas humanas Responsables Inscriptos;,05;14,93;Fija;18,87;13410,00;Todo el territorio nacional;
55408;SCANIA CREDIT ARGENTINA S.A.U.;2026-02-27;PRESTAMOS PRENDARIOS PESOS TAMAR;PRESTAMO PRENDARIO;Pesos;0;1;36;0;0;100;,00;,00;Adquisición para capital de trabajo;Personas jurídicas;,05;64,35;Variable;77,00;6344,00;Todo el territorio nacional;LA TASA AJUSTARA POR TAMAR CORREGIDA MAS 13 PUNTOS SI ES PARA CAMIONES NUEVOS O POR TAMAR CORREGIDA MAS 15 PUNTOS SI ES PARA CAMIONES USADOS.
55408;SCANIA CREDIT ARGENTINA S.A.U.;2026-02-27;PRESTAMOS PRENDARIOS PESOS TAMAR;PRESTAMO PRENDARIO;Pesos;0;1;36;0;0;100;,00;,00;Adquisición para capital de trabajo;Personas humanas Responsables Inscriptos;,05;64,35;Variable;77,00;6344,00;Todo el territorio nacional;LA TASA AJUSTARA POR TAMAR CORREGIDA MAS 13 PUNTOS SI ES PARA CAMIONES NUEVOS O POR TAMAR CORREGIDA MAS 15 PUNTOS SI ES PARA CAMIONES USADOS.
55408;SCANIA CREDIT ARGENTINA S.A.U.;2026-02-27;PRESTAMOS PRENDARIOS PESOS;PRESTAMO PRENDARIO;Pesos;0;1;24;0;0;100;,00;,00;Adquisición para capital de trabajo;Personas humanas Responsables Inscriptos;,05;69,59;Fija;82,93;7843,00;Todo el territorio nacional;
55408;SCANIA CREDIT ARGENTINA S.A.U.;2026-02-27;PRESTAMOS SIN GARANTIA PESOS;PRESTAMO SIN GARANTIA;Pesos;0;1;8;0;0;100;,00;,00;Adquisición para capital de trabajo;Personas jurídicas;,05;67,97;Fija;80,10;16037,00;Todo el territorio nacional;
55408;SCANIA CREDIT ARGENTINA S.A.U.;2026-02-27;PRESTAMOS PRENDARIOS DOLARES ESTADOUNIDENSES;PRESTAMO PRENDARIO;Dólares estadounidenses;0;1;48;0;0;100;,00;,00;Adquisición para capital de trabajo;Personas jurídicas;,05;18,39;Fija;23,96;3183,00;Todo el territorio nacional;
55408;SCANIA CREDIT ARGENTINA S.A.U.;2026-02-27;LEASING DOLARES ESTADOUNIDENSES;LEASING;Dólares estadounidenses;0;1;49;0;0;100;,00;,00;Adquisición para capital de trabajo;Personas humanas Responsables Inscriptos;,05;19,56;Fija;26,84;3189,00;Todo el territorio nacional;
55408;SCANIA CREDIT ARGENTINA S.A.U.;2026-02-27;LEASING DOLARES ESTADOUNIDENSES;LEASING;Dólares estadounidenses;0;1;49;0;0;100;,00;,00;Adquisición para capital de trabajo;Personas jurídicas;,05;19,56;Fija;26,84;3189,00;Todo el territorio nacional;
55408;SCANIA CREDIT ARGENTINA S.A.U.;2026-02-27;PRESTAMOS PRENDARIOS PESOS;PRESTAMO PRENDARIO;Pesos;0;1;24;0;0;100;,00;,00;Adquisición para capital de trabajo;Personas jurídicas;,05;69,59;Fija;82,93;7843,00;Todo el territorio nacional;
55408;SCANIA CREDIT ARGENTINA S.A.U.;2026-02-27;LEASING PESOS;LEASING;Pesos;0;1;49;0;0;100;,00;,00;Adquisición para capital de trabajo;Personas jurídicas;,05;71,22;Fija;86,27;6123,00;Todo el territorio nacional;
55408;SCANIA CREDIT ARGENTINA S.A.U.;2026-02-27;LEASING PESOS;LEASING;Pesos;0;1;49;0;0;100;,00;,00;Adquisición para capital de trabajo;Personas humanas Responsables Inscriptos;,05;71,22;Fija;86,27;6123,00;Todo el territorio nacional;
55408;SCANIA CREDIT ARGENTINA S.A.U.;2026-02-27;PRESTAMOS SIN GARANTIA PESOS;PRESTAMO SIN GARANTIA;Pesos;0;1;8;0;0;100;,00;,00;Adquisición para capital de trabajo;Personas humanas Responsables Inscriptos;,05;67,97;Fija;80,10;16037,00;Todo el territorio nacional;
70142;ALARFIN S.A.;2026-03-31;PRENDARIOS MOTOCICLETAS;PRENDARIO MOTO;Pesos;15000000;1;48;20000;6;70;30,00;50,00;Adquisición de motocicletas;Personas humanas en relación de dependencia;,00;79,08;Fija;139,36;80783,00;Provincia de Buenos Aires;
70142;ALARFIN S.A.;2026-03-31;PRENDARIO AUTOMOTOR;PRENDARIO AUT;Pesos;50000000;1;48;20000;6;70;30,00;50,00;Adquisición de automotores usados;Todos los beneficiarios;,00;79,08;Fija;139,36;80783,00;Provincia de Buenos Aires;
70142;ALARFIN S.A.;2026-03-31;PRENDARIO AUTOMOTOR;PRENDARIO AUT;Pesos;50000000;1;48;20000;6;70;30,00;50,00;Adquisición automotores 0 km;Todos los beneficiarios;,00;68,13;Fija;113,83;70803,00;Provincia de Buenos Aires;
70142;ALARFIN S.A.;2026-03-31;PRENDARIO PARA CAPITAL DE TRABAJO;PRENDARIO CAP, TRAB;Pesos;50000000;1;36;20000;6;70;30,00;50,00;Adquisición para capital de trabajo;Personas humanas en relación de dependencia;,00;91,25;Fija;170,69;94911,00;Provincia de Buenos Aires;
70142;ALARFIN S.A.;2026-03-31;PRENDARIO AUTOMOTOR;PRENDARIO AUT;Pesos;50000000;1;36;20000;6;70;30,00;50,00;Adquisición de automotores usados;Todos los beneficiarios;,00;91,25;Fija;170,69;94911,00;Provincia de Buenos Aires;
70269;Credinos Cooperativa de Vivienda, Crédito, Consumo, Servicios Asistenciales y de Turismo Ltda.;2024-08-07;PRENDARIOS CREDINOS;PRENDARIO;Pesos;450000;10000;48;12000;6;70;30,00;70,00;Adquisición automotores 0 km;Todos los beneficiarios;4,00;145,70;Fija;194,35;1431,10;Todo el territorio nacional;
70269;Credinos Cooperativa de Vivienda, Crédito, Consumo, Servicios Asistenciales y de Turismo Ltda.;2024-08-07;PRENDARIOS CREDINOS;PRENDARIO;Pesos;450000;10000;48;12000;6;70;30,00;70,00;Adquisición de automotores usados;Todos los beneficiarios;4,00;145,70;Fija;194,35;1431,10;Todo el territorio nacional;
70427;TARJETA GRUPAR S.A.;2017-04-06;;;;;;;;;;;;;;;;;;;;
72102;ASOCIACION MUTUAL DEL CLUB A. ARGENTINO;2026-04-07;PRESTAMOS MUTUAL - TASA VARIABLE (GARANTIA PRENDARIA);TASA VARIABLE;Pesos;100000000;3000000;48;0;0;100;30,00;55,00;Adquisición automotores 0 km;Todos los beneficiarios;,00;54,11;Variable;54,11;47711,00;Todo el territorio nacional;
72102;ASOCIACION MUTUAL DEL CLUB A. ARGENTINO;2026-04-07;PRESTAMOS MUTUAL - TASA VARIABLE (GARANTIA PRENDARIA);TASA VARIABLE;Pesos;100000000;3000000;48;0;0;100;30,00;55,00;Adquisición de automotores usados;Todos los beneficiarios;,00;54,11;Variable;54,11;47711,00;Todo el territorio nacional;
72102;ASOCIACION MUTUAL DEL CLUB A. ARGENTINO;2026-04-07;PRESTAMOS MUTUAL - TASA VARIABLE (GARANTIA PRENDARIA);TASA VARIABLE;Pesos;100000000;3000000;48;0;0;100;30,00;55,00;Adquisición para capital de trabajo;Todos los beneficiarios;,00;54,11;Variable;54,11;47711,00;Todo el territorio nacional;
72102;ASOCIACION MUTUAL DEL CLUB A. ARGENTINO;2026-04-07;PRESTAMOS MUTUAL - TASA VARIABLE (GARANTIA PRENDARIA);TASA VARIABLE;Pesos;100000000;3000000;48;0;0;100;30,00;55,00;Adquisición de motocicletas;Todos los beneficiarios;,00;54,11;Variable;54,11;47711,00;Todo el territorio nacional;
72102;ASOCIACION MUTUAL DEL CLUB A. ARGENTINO;2026-04-07;PRESTAMOS MUTUAL - TASA FIJA (GARANTIA PRENDARIA);TASA FIJA (PRENDARIO);Pesos;30000000;1;36;0;0;100;30,00;55,00;Adquisición de motocicletas;Todos los beneficiarios;,00;84,78;Fija;84,78;66411,00;Todo el territorio nacional;
72102;ASOCIACION MUTUAL DEL CLUB A. ARGENTINO;2026-04-07;PRESTAMOS MUTUAL - TASA FIJA (GARANTIA PRENDARIA);TASA FIJA (PRENDARIO);Pesos;30000000;1;36;0;0;100;30,00;55,00;Adquisición automotores 0 km;Todos los beneficiarios;,00;84,78;Fija;84,78;66411,00;Todo el territorio nacional;
72102;ASOCIACION MUTUAL DEL CLUB A. ARGENTINO;2026-04-07;PRESTAMOS MUTUAL - TASA FIJA (GARANTIA PRENDARIA);TASA FIJA (PRENDARIO);Pesos;30000000;1;36;0;0;100;30,00;55,00;Adquisición de automotores usados;Todos los beneficiarios;,00;84,78;Fija;84,78;66411,00;Todo el territorio nacional;
72102;ASOCIACION MUTUAL DEL CLUB A. ARGENTINO;2026-04-07;PRESTAMOS MUTUAL - TASA FIJA (GARANTIA PRENDARIA);TASA FIJA (PRENDARIO);Pesos;30000000;1;36;0;0;100;30,00;55,00;Adquisición para capital de trabajo;Todos los beneficiarios;,00;84,78;Fija;84,78;66411,00;Todo el territorio nacional;
72113;MUTUAL ENTRE ASOC COOPER MUTUAL PATRONAL;2026-03-03;PRESTAMOS AMORTIZABLES CON GARANTIA PRENDARIA;PRES.AMORT.GTIA.PRENDARIA;Pesos;10000000;10000;36;0;0;100;15,00;20,00;Adquisición para capital de trabajo;Todos los beneficiarios;,00;110,07;Fija;181,28;707809,00;Provincia de Santa Fe;
72113;MUTUAL ENTRE ASOC COOPER MUTUAL PATRONAL;2026-03-03;PRESTAMOS AMORTIZABLES CON GARANTIA PRENDARIA;PRES.AMORT.GTIA.PRENDARIA;Pesos;10000000;10000;36;0;0;100;15,00;20,00;Adquisición para capital de trabajo;Todos los beneficiarios;,00;110,07;Fija;181,28;707809,00;Provincia de Córdoba;
72113;MUTUAL ENTRE ASOC COOPER MUTUAL PATRONAL;2026-03-03;PRESTAMOS AMORTIZABLES CON GARANTIA PRENDARIA;PRES.AMORT.GTIA.PRENDARIA;Pesos;10000000;10000;36;0;0;100;15,00;20,00;Adquisición para capital de trabajo;Todos los beneficiarios;,00;110,07;Fija;181,28;707809,00;Provincia de Buenos Aires;
