Código de Entidad;Descripción de Entidad;Fecha de Información;Nombre completo de la tarjeta de crédito;Nombre corto de la tarjeta de crédito;Comisión máxima por administración y mantenimiento de la cuenta;Comisión máxima por servicio de renovación;Tasa efectiva anual máxima de interés compensatorio por financiación de saldos;Tasa efectiva anual máxima de interés por adelanto en efectivo;Ingreso mínimo mensual solicitado;Antigüedad laboral mínima (meses);Edad máxima solicitada;Segmento;Territorio de validez;Más información
7;BANCO DE GALICIA Y BUENOS AIRES S.A.;2026-03-10;AMERICAN EXPRESS INTERNACIONAL;AMEX INTER;18500,00;163500,00;133,44;133,44;310000;6;100;Internacional;Todo el territorio nacional;0
7;BANCO DE GALICIA Y BUENOS AIRES S.A.;2026-03-10;VISA GOLD;VISA GOLD;21500,00;326000,00;133,44;133,44;900000;6;100;Premium gold;Todo el territorio nacional;0
7;BANCO DE GALICIA Y BUENOS AIRES S.A.;2026-03-10;MASTERCARD PLATINUM;MASTER PLATINUM;31500,00;457600,00;133,44;133,44;999999;6;100;Premium gold;Todo el territorio nacional;EL INGRESO MENSUAL MINIMO ES 2.150.000 PESOS
7;BANCO DE GALICIA Y BUENOS AIRES S.A.;2026-03-10;AMERICAN EXPRESS SIGNATURE;AMEX SIGNATURE;32000,00;582300,00;133,44;133,44;999999;6;100;Premium signature, black o similar;Todo el territorio nacional;EL INGRESO MENSUAL MINIMO ES 3.250.000 PESOS
7;BANCO DE GALICIA Y BUENOS AIRES S.A.;2026-03-10;MASTERCARD INTERNACIONAL;MASTER INTER;27500,00;163500,00;133,44;133,44;310000;6;100;Internacional;Todo el territorio nacional;0
7;BANCO DE GALICIA Y BUENOS AIRES S.A.;2026-03-10;MASTERCARD BLACK;MASTER BLACK;37500,00;582300,00;133,44;133,44;999999;6;100;Premium signature, black o similar;Todo el territorio nacional;EL INGRESO MENSUAL MINIMO ES 3.250.000 PESOS
7;BANCO DE GALICIA Y BUENOS AIRES S.A.;2026-03-10;MASTERCARD GOLD;MASTER GOLD;21500,00;326000,00;133,44;133,44;900000;6;100;Premium gold;Todo el territorio nacional;0
7;BANCO DE GALICIA Y BUENOS AIRES S.A.;2026-03-10;AMERICAN EXPRESS PLATINUM;AMEX PLATINUM;31500,00;457600,00;133,44;133,44;999999;6;100;Premium gold;Todo el territorio nacional;EL INGRESO MENSUAL MINIMO ES 2.150.000 PESOS
7;BANCO DE GALICIA Y BUENOS AIRES S.A.;2026-03-10;VISA SIGNATURE;VISA SIGNATURE;37500,00;582300,00;133,44;133,44;999999;6;100;Premium signature, black o similar;Todo el territorio nacional;EL INGRESO MENSUAL MINIMO ES 3.250.000 PESOS
7;BANCO DE GALICIA Y BUENOS AIRES S.A.;2026-03-10;VISA INTERNACIONAL;VISA INTER;27500,00;163500,00;133,44;133,44;310000;6;100;Internacional;Todo el territorio nacional;0
7;BANCO DE GALICIA Y BUENOS AIRES S.A.;2026-03-10;VISA PLATINUM;VISA PLATINUM;31500,00;457600,00;133,44;133,44;999999;6;100;Premium gold;Todo el territorio nacional;EL INGRESO MENSUAL MINIMO ES 2.150.000 PESOS
7;BANCO DE GALICIA Y BUENOS AIRES S.A.;2026-03-10;AMERICAN EXPRESS GOLD;AMEX GOLD;21500,00;326000,00;133,44;133,44;900000;6;100;Premium gold;Todo el territorio nacional;0
11;BANCO DE LA NACION ARGENTINA;2026-04-14;VISA INTERNACIONAL;VISA INTERNACIONAL;8801,54;156478,41;103,18;103,18;352400;3;100;Internacional;Todo el territorio nacional;
14;BANCO DE LA PROVINCIA DE BUENOS AIRES;2026-04-13;TARJETA PACTAR;TARJETA PACTAR;4500,00;,00;40,42;40,42;0;0;100;Nacional;Todo el territorio nacional;0
14;BANCO DE LA PROVINCIA DE BUENOS AIRES;2026-04-13;TARJETA MASTERCARD GOLD;MASTERCARD GOLD;8500,00;275000,00;147,31;147,31;1400000;1;100;Premium gold;Todo el territorio nacional;0
14;BANCO DE LA PROVINCIA DE BUENOS AIRES;2026-04-13;TARJETA MASTERCARD INTERNACIONAL;MASTERCARD INTERNACIONAL;8500,00;130000,00;147,31;147,31;430000;1;100;Internacional;Todo el territorio nacional;0
14;BANCO DE LA PROVINCIA DE BUENOS AIRES;2026-04-13;TARJETA VISA GOLD;VISA GOLD;8500,00;275000,00;147,31;147,31;1400000;1;100;Premium gold;Todo el territorio nacional;0
14;BANCO DE LA PROVINCIA DE BUENOS AIRES;2026-04-13;TARJETA VISA CLASSIC;VISA CLASSIC;8500,00;130000,00;147,31;147,31;430000;1;100;Internacional;Todo el territorio nacional;0
14;BANCO DE LA PROVINCIA DE BUENOS AIRES;2026-04-13;TARJETA VISA SIGNATURE;VISA SIGNATURE;,00;595000,00;147,31;147,31;3400000;0;100;Premium signature, black o similar;Todo el territorio nacional;0
14;BANCO DE LA PROVINCIA DE BUENOS AIRES;2026-04-13;TARJETA PROCAMPO;TARJETA PROCAMPO;4500,00;,00;53,76;53,76;0;0;100;Nacional;Todo el territorio nacional;0
14;BANCO DE LA PROVINCIA DE BUENOS AIRES;2026-04-13;TARJETA MASTERCARD REGIONAL;MASTERCARD REGIONAL;8500,00;130000,00;147,31;147,31;34560;1;100;Nacional;Todo el territorio nacional;0
14;BANCO DE LA PROVINCIA DE BUENOS AIRES;2026-04-13;TARJETA  MASTERCARD BLACK;MASTERCARD BLACK;,00;595000,00;147,31;147,31;3400000;0;100;Premium signature, black o similar;Todo el territorio nacional;0
14;BANCO DE LA PROVINCIA DE BUENOS AIRES;2026-04-13;TARJETA VISA PLATINUM;VISA PLATINUM;,00;410000,00;147,31;147,31;2100000;0;100;Premium platinum;Todo el territorio nacional;0
14;BANCO DE LA PROVINCIA DE BUENOS AIRES;2026-04-13;TARJETA MASTERCARD PLATINUM;MASTERCARD PLATINUM;,00;410000,00;147,31;147,31;2100000;0;100;Premium platinum;Todo el territorio nacional;0
15;INDUSTRIAL AND COMMERCIAL BANK OF CHINA (ARGENTINA) S.A.U.;2026-04-09;TARJETA ICBC PLATINUM MASTERCARD;ICBC PLATINUM MASTER;9602,56;448341,30;120,78;120,78;3000000;12;79;Internacional;Todo el territorio nacional;
15;INDUSTRIAL AND COMMERCIAL BANK OF CHINA (ARGENTINA) S.A.U.;2026-04-09;TARJETA ICBC GOLD VISA;ICBC GOLD VISA;9602,56;340082,60;120,78;120,78;1500000;12;79;Internacional;Todo el territorio nacional;
15;INDUSTRIAL AND COMMERCIAL BANK OF CHINA (ARGENTINA) S.A.U.;2026-04-09;TARJETA ICBC GOLD MASTERCARD;ICBC GOLD MASTER;9602,56;340082,60;120,78;120,78;1500000;12;79;Internacional;Todo el territorio nacional;
15;INDUSTRIAL AND COMMERCIAL BANK OF CHINA (ARGENTINA) S.A.U.;2026-04-09;TARJETA ICBC INTERNACIONAL MASTERCARD;ICBC INTERNACIONAL MASTER;9602,56;179087,26;120,78;120,78;1000000;12;79;Internacional;Todo el territorio nacional;
15;INDUSTRIAL AND COMMERCIAL BANK OF CHINA (ARGENTINA) S.A.U.;2026-04-09;TARJETA ICBC PLATINUM VISA;ICBC PLATINUM VISA;9602,56;448341,30;120,78;120,78;3000000;12;79;Internacional;Todo el territorio nacional;
15;INDUSTRIAL AND COMMERCIAL BANK OF CHINA (ARGENTINA) S.A.U.;2026-04-09;TARJETA ICBC INTERNACIONAL VISA;ICBC INTERNACIONAL VISA;9602,56;179087,26;120,78;120,78;1000000;12;79;Internacional;Todo el territorio nacional;
15;INDUSTRIAL AND COMMERCIAL BANK OF CHINA (ARGENTINA) S.A.U.;2026-04-09;TARJETA ICBC MASTERCARD BLACK;TARJETA ICBC BLACK;,00;594589,16;120,78;120,78;3800000;12;79;Internacional;Todo el territorio nacional;LA COMISION POR ADMINISTRACION SE ENCUENTRA BONIFICADA PARA BLACK
15;INDUSTRIAL AND COMMERCIAL BANK OF CHINA (ARGENTINA) S.A.U.;2026-04-09;TARJETA ICBC SIGNATURE VISA;TARJETA ICBC SIGNATURE;,00;594589,16;120,78;120,78;3800000;12;79;Internacional;Todo el territorio nacional;LA COMISION POR ADMINISTRACION SE ENCUENTRA BONIFICADA PARA SIGNATURE
17;BANCO BBVA ARGENTINA S.A.;2026-04-10;MASTERCARD BLACK                                                                                                               ;MC BLACK                ;51900,00;,00;106,41;106,41;999999;12;100;Premium signature, black o similar;Todo el territorio nacional;ADELANTO DE DINERO EN CUENTA TEA 76.51
17;BANCO BBVA ARGENTINA S.A.;2026-04-10;MASTERCARD PLATINUM                                                                                                            ;MC PLATINU              ;45900,00;,00;106,41;106,41;500000;12;100;Premium platinum;Todo el territorio nacional;ADELANTO DE DINERO EN CUENTA TEA 76.51
17;BANCO BBVA ARGENTINA S.A.;2026-04-10;MASTERCARD GOLD                                                                                                                ;MC GOLD                 ;34900,00;,00;106,41;106,41;280000;12;100;Premium gold;Todo el territorio nacional;ADELANTO DE DINERO EN CUENTA TEA 76.51
17;BANCO BBVA ARGENTINA S.A.;2026-04-10;VISA PLATINUM                                                                                                                  ;VI PLATIN               ;45900,00;,00;106,41;106,41;500000;12;100;Premium platinum;Todo el territorio nacional;ADELANTO DE DINERO EN CUENTA TEA 76.51
17;BANCO BBVA ARGENTINA S.A.;2026-04-10;VISA SIGNATURE                                                                                                                 ;VI SIGNAT               ;51900,00;,00;106,41;106,41;999000;12;100;Premium signature, black o similar;Todo el territorio nacional;ADELANTO DE DINERO EN CUENTA TEA 76.51
17;BANCO BBVA ARGENTINA S.A.;2026-04-10;VISA GOLD                                                                                                                      ;VI GOLD                 ;34900,00;,00;106,41;106,41;280000;12;100;Premium gold;Todo el territorio nacional;ADELANTO DE DINERO EN CUENTA TEA 76.51
17;BANCO BBVA ARGENTINA S.A.;2026-04-10;MASTERCARD INTERNACIONAL                                                                                                       ;MC INT                  ;28900,00;,00;106,41;106,41;280000;12;100;Internacional;Todo el territorio nacional;ADELANTO DE DINERO EN CUENTA TEA 76.51
17;BANCO BBVA ARGENTINA S.A.;2026-04-10;VISA INTERNACIONAL                                                                                                             ;VI INTER                ;28900,00;,00;106,41;106,41;280000;12;100;Internacional;Todo el territorio nacional;ADELANTO DE DINERO EN CUENTA TEA 76.51
20;BANCO DE LA PROVINCIA DE CORDOBA S.A.;2024-04-05;CORDOBESA MASTERCARD INTERNACIONAL;CORDOBESA MASTER INTER;5581,42;60908,36;369,88;369,88;4000;6;81;Internacional;Ciudad Autónoma de Buenos Aires;
20;BANCO DE LA PROVINCIA DE CORDOBA S.A.;2024-04-05;CORDOBESA MASTERCARD INTERNACIONAL;CORDOBESA MASTER INTER;5581,42;60908,36;369,88;369,88;4000;6;81;Internacional;Provincia de Santa Fe;
20;BANCO DE LA PROVINCIA DE CORDOBA S.A.;2024-04-05;CORDOBESA VISA ORO;CORDOBESA VISA ORO;5874,59;153002,40;369,88;369,88;16000;6;81;Premium gold;Provincia de Santa Fe;
20;BANCO DE LA PROVINCIA DE CORDOBA S.A.;2024-04-05;CORDOBESA MASTERCARD REGIONAL;CORDOBESA MASTER REGIONAL;4345,99;12126,21;369,88;369,88;4000;6;81;Nacional;Ciudad Autónoma de Buenos Aires;
20;BANCO DE LA PROVINCIA DE CORDOBA S.A.;2024-04-05;CORDOBESA MASTERCARD ORO;CORDOBESA MASTER ORO;5874,59;153002,40;369,88;369,88;16000;6;81;Premium gold;Ciudad Autónoma de Buenos Aires;
20;BANCO DE LA PROVINCIA DE CORDOBA S.A.;2024-04-05;CORDOBESA VISA ORO;CORDOBESA VISA ORO;5874,59;153002,40;369,88;369,88;16000;6;81;Premium gold;Ciudad Autónoma de Buenos Aires;
20;BANCO DE LA PROVINCIA DE CORDOBA S.A.;2024-04-05;CORDOBESA MASTERCARD ORO;CORDOBESA MASTER ORO;5874,59;153002,40;369,88;369,88;16000;6;81;Premium gold;Provincia de Santa Fe;
20;BANCO DE LA PROVINCIA DE CORDOBA S.A.;2024-04-05;CORDOBESA VISA INTERNACIONAL;CORDOBESA VISA INTER;5581,42;60908,36;369,88;369,88;4000;6;81;Internacional;Ciudad Autónoma de Buenos Aires;
20;BANCO DE LA PROVINCIA DE CORDOBA S.A.;2024-04-05;CORDOBESA VISA INTERNACIONAL;CORDOBESA VISA INTER;5581,42;60908,36;369,88;369,88;4000;6;81;Internacional;Provincia de Santa Fe;
20;BANCO DE LA PROVINCIA DE CORDOBA S.A.;2024-04-05;CORDOBESA MASTERCARD ORO;CORDOBESA MASTER ORO;5874,59;153002,40;369,88;369,88;16000;6;81;Premium gold;Provincia de Córdoba;
20;BANCO DE LA PROVINCIA DE CORDOBA S.A.;2024-04-05;CORDOBESA MASTERCARD INTERNACIONAL;CORDOBESA MASTER INTER;5581,42;60908,36;369,88;369,88;4000;6;81;Internacional;Provincia de Córdoba;
20;BANCO DE LA PROVINCIA DE CORDOBA S.A.;2024-04-05;CORDOBESA MASTERCARD BLACK;CORDOBESA MASTER BLACK;13918,43;375089,90;369,88;369,88;118125;6;81;Premium platinum;Provincia de Santa Fe;
20;BANCO DE LA PROVINCIA DE CORDOBA S.A.;2024-04-05;CORDOBESA VISA ORO;CORDOBESA VISA ORO;5874,59;153002,40;369,88;369,88;16000;6;81;Premium gold;Provincia de Córdoba;
20;BANCO DE LA PROVINCIA DE CORDOBA S.A.;2024-04-05;CORDOBESA MASTERCARD BLACK;CORDOBESA MASTER BLACK;13918,43;375089,90;369,88;369,88;118125;6;81;Premium platinum;Ciudad Autónoma de Buenos Aires;
20;BANCO DE LA PROVINCIA DE CORDOBA S.A.;2024-04-05;CORDOBESA MASTERCARD REGIONAL;CORDOBESA MASTER REGIONAL;4345,99;12126,21;369,88;369,88;4000;6;81;Nacional;Provincia de Córdoba;
20;BANCO DE LA PROVINCIA DE CORDOBA S.A.;2024-04-05;CORDOBESA MASTERCARD REGIONAL;CORDOBESA MASTER REGIONAL;4345,99;12126,21;369,88;369,88;4000;6;81;Nacional;Provincia de Santa Fe;
20;BANCO DE LA PROVINCIA DE CORDOBA S.A.;2024-04-05;CORDOBESA MASTERCARD BLACK;CORDOBESA MASTER BLACK;13918,43;375089,90;369,88;369,88;118125;6;81;Premium platinum;Provincia de Córdoba;
20;BANCO DE LA PROVINCIA DE CORDOBA S.A.;2024-04-05;CORDOBESA VISA INTERNACIONAL;CORDOBESA VISA INTER;5581,42;60908,36;369,88;369,88;4000;6;81;Internacional;Provincia de Córdoba;
27;BANCO SUPERVIELLE S.A.;2026-04-01;VISA INTERNACIONAL;V INT;10800,00;168000,00;142,75;142,75;340000;6;0;Internacional;Ciudad Autónoma de Buenos Aires;TARJETAS PERTENECIENTES A PAQUETE  LIBERTE DE PRODUCTO BONIFICADAS
27;BANCO SUPERVIELLE S.A.;2026-04-01;VISA PLATINUM;V PLA;10800,00;456000,00;142,75;142,75;1100000;6;0;Premium platinum;Ciudad Autónoma de Buenos Aires;TARJETAS PERTENECIENTES A PAQUETE IDENTITE PLATINUM DE PRODUCTO BONIFICADAS
27;BANCO SUPERVIELLE S.A.;2026-04-01;MASTERCARD INTERNACIONAL;M INT;10800,00;168000,00;142,75;142,75;340000;6;0;Internacional;Ciudad Autónoma de Buenos Aires;TARJETAS PERTENECIENTES A PAQUETE  LIBERTE  DE PRODUCTO BONIFICADAS
27;BANCO SUPERVIELLE S.A.;2026-04-01;MASTERCARD PLATINUM;M PLA;10800,00;456000,00;142,75;142,75;1100000;6;0;Premium platinum;Ciudad Autónoma de Buenos Aires;TARJETAS PERTENECIENTES A PAQUETE IDENTITE PLATINUM DE PRODUCTO BONIFICADAS
27;BANCO SUPERVIELLE S.A.;2026-04-01;VISA ORO;V ORO;10800,00;336000,00;142,75;142,75;590000;6;0;Premium gold;Ciudad Autónoma de Buenos Aires;TARJETAS PERTENECIENTES A PAQUETE LIBERTE GOLD DE PRODUCTO BONIFICADAS
27;BANCO SUPERVIELLE S.A.;2026-04-01;MASTERCARD SIEMPRE MAS;M INT SM;10800,00;168000,00;142,75;142,75;340000;6;0;Internacional;Ciudad Autónoma de Buenos Aires;TARJETAS MONOPRODUCTO
27;BANCO SUPERVIELLE S.A.;2026-04-01;MASTERCARD ORO;M ORO;10800,00;336000,00;142,75;142,75;590000;6;0;Premium gold;Ciudad Autónoma de Buenos Aires;TARJETAS PERTENECIENTES A PAQUETE  LIBERTE GOLD DE PRODUCTO BONIFICADAS
27;BANCO SUPERVIELLE S.A.;2026-04-01;MASTERCARD BLACK;M BLA;10800,00;552000,00;142,75;142,75;3500000;6;0;Premium signature, black o similar;Ciudad Autónoma de Buenos Aires;TARJETAS PERTENECIENTES A PAQUETE IDENTITE BLACK DE PRODUCTO BONIFICADAS
27;BANCO SUPERVIELLE S.A.;2026-04-01;VISA NACIONAL;V NAC;10800,00;100080,00;142,75;142,75;8500;6;0;Nacional;Ciudad Autónoma de Buenos Aires;TARJETAS PERTENECIENTES A PAQUETE ACTIVE DE PRODUCTO BONIFICADAS
27;BANCO SUPERVIELLE S.A.;2026-04-01;VISA SIGNATURE;V SIG;10800,00;552000,00;142,75;142,75;3500000;6;0;Premium signature, black o similar;Ciudad Autónoma de Buenos Aires;TARJETAS PERTENECIENTES A PAQUETE IDENTITE BLACK DE PRODUCTO BONIFICADAS
27;BANCO SUPERVIELLE S.A.;2026-04-01;MASTERCARD REGIONAL;M REG;10800,00;100080,00;142,75;142,75;8500;6;0;Nacional;Ciudad Autónoma de Buenos Aires;TARJETAS PERTENECIENTES A PAQUETE  ACTIVE DE PRODUCTO BONIFICADAS
29;BANCO DE LA CIUDAD DE BUENOS AIRES;2026-01-23;VISA INTERNACIONAL;VISA INTERNACIONAL;6458,00;107660,00;125,30;125,30;334800;3;100;Internacional;Provincia de Tucumán;0
29;BANCO DE LA CIUDAD DE BUENOS AIRES;2026-01-23;VISA INTERNACIONAL;VISA INTERNACIONAL;6458,00;107660,00;125,30;125,30;334800;3;100;Internacional;Provincia de Mendoza;0
29;BANCO DE LA CIUDAD DE BUENOS AIRES;2026-01-23;VISA INTERNACIONAL;VISA INTERNACIONAL;6458,00;107660,00;125,30;125,30;334800;3;100;Internacional;Ciudad Autónoma de Buenos Aires;0
29;BANCO DE LA CIUDAD DE BUENOS AIRES;2026-01-23;VISA INTERNACIONAL;VISA INTERNACIONAL;6458,00;107660,00;125,30;125,30;334800;3;100;Internacional;Provincia de Córdoba;0
29;BANCO DE LA CIUDAD DE BUENOS AIRES;2026-01-23;VISA INTERNACIONAL;VISA INTERNACIONAL;6458,00;107660,00;125,30;125,30;334800;3;100;Internacional;Provincia de Salta;0
29;BANCO DE LA CIUDAD DE BUENOS AIRES;2026-01-23;VISA INTERNACIONAL;VISA INTERNACIONAL;6458,00;107660,00;125,30;125,30;334800;3;100;Internacional;Provincia de Buenos Aires;0
34;BANCO PATAGONIA S.A.;2026-04-07;TARJETA DE CREDITO INTERNACIONAL;TARJETA INTERNACIONAL;10436,25;180895,00;126,10;126,10;0;0;100;Internacional;Todo el territorio nacional;EL PRODUCTO INFORMADO DISPONE DE ALCANCE INTERNACIONAL, POSIBILIDAD DE REALIZAR ADELANTOS EN EFECTIVO A NIVEL LOCAL E INTERNACIONAL.EL PRODUCTO INFORMADO DISPONE DE UN PROGRAMA DE SUMAPUNTOS EN RELACION AL NIVEL DE CONSUMOS QUE PERMITIRA ACCEDER A LA BONIFICACION DE LA COMISION POR SERVICIO Y RENOVACION. EL PRODUCTO INFORMADO DISPONE DE DESCUENTOS EN SUPERMERCADOS, INDUMENTARIA Y RESTAURANTS COMO PROMOCION DE BIENVENIDA. ADICIONALMENTE DISPONE DE BENEFICIOS EN TURISMO, RESTAURANTS E INDUMENTARIA ENTRE OTROS. LOS TERMINOS Y CONDICIONES APLICABLES SE ENCUENTRAN PUBLICADOS EN EL SITIO WEB DE BANCO PATAGONIA.LAS COMISIONES INFORMADAS INCLUYEN EL IMPUESTO AL VALOR AGREGADO.DE ACUERDO A LA JURISDICCION DE RADICACION DE LA TARJETA, EL PRODUCTO ES SUCEPTIBLE DE SER ALCANZADO POR IMPUESTOS PROVINCIALES.
44;BANCO HIPOTECARIO S.A.;2026-04-13;TARJETA LIBERTAD VISA INTERNACIONAL;LIBERTADVISAINTERNACIONAL;10103,60;180251,00;172,36;172,36;715600;12;85;Internacional;Todo el territorio nacional;
44;BANCO HIPOTECARIO S.A.;2026-04-13;TARJETA LIBERTAD VISA NACIONAL;LIBERTAD VISA NACIONAL;10103,60;101204,64;172,36;172,36;715600;12;85;Nacional;Todo el territorio nacional;
44;BANCO HIPOTECARIO S.A.;2026-04-13;TARJETA VISA INTERNACIONAL BANCO HIPOTECARIO;VISA INTERNACIONAL;13031,00;180251,00;172,36;172,36;715600;12;85;Internacional;Todo el territorio nacional;
44;BANCO HIPOTECARIO S.A.;2026-04-13;TARJETA VISA GOLD BANCO HIPOTECARIO;VISA GOLD;13031,00;335636,00;172,36;172,36;1000000;12;85;Premium gold;Todo el territorio nacional;
44;BANCO HIPOTECARIO S.A.;2026-04-13;TARJETA VISA PLATINUM BANCO HIPOTECARIO;VISA PLATINUM;13031,00;423300,00;172,36;172,36;2000000;12;85;Premium platinum;Todo el territorio nacional;
44;BANCO HIPOTECARIO S.A.;2026-04-13;TARJETA VISA SIGNATURE BANCO HIPOTECARIO;VISA SIGNATURE;13031,00;517367,00;172,36;172,36;3000000;12;85;Premium signature, black o similar;Todo el territorio nacional;
44;BANCO HIPOTECARIO S.A.;2026-04-13;TARJETA VISA NACIONAL BANCO HIPOTECARIO;VISA NACIONAL;13031,00;101204,64;172,36;172,36;715600;12;85;Nacional;Todo el territorio nacional;
45;BANCO DE SAN JUAN S.A.;2026-04-01;VISA INTERNACIONAL;VISA INTERNACIONAL;10350,00;206267,00;108,90;108,90;352400;0;83;Internacional;Todo el territorio nacional;SERVICIO DE RENOVACION ANUAL: SE BONIFICA TOTAL O PARCIALMENTE, EN FUNCION DE LOS CONSUMOS, SEGUN EL PROGRAMA SUMA PUNTOS. SERVICIO DE RENOVACION ANUAL Y MANTENIMIENTO DE CUENTA: TARJETAS ASOCIADAS A PAQUETE DE CUENTAS BONIFICADO 100 POR CIENTO.
65;BANCO MUNICIPAL DE ROSARIO;2026-03-30;TARJETA DE CREDITO VISA INTERNACIONAL;VISA INTERNACIONAL;14375,00;155483,00;123,20;123,20;10000;4;84;Internacional;Todo el territorio nacional;
72;BANCO SANTANDER ARGENTINA S.A.;2026-03-17;TARJETA SANTANDER AMERICAN EXPRESS BLACK;TARJETA AMEX BLACK;7234,00;506748,00;123,41;123,41;3200000;6;100;Premium signature, black o similar;Todo el territorio nacional;
72;BANCO SANTANDER ARGENTINA S.A.;2026-03-17;TARJETA SANTANDER VISA GOLD;TARJETA VISA GOLD;7234,00;301169,00;123,41;123,41;1000000;6;100;Premium gold;Todo el territorio nacional;
72;BANCO SANTANDER ARGENTINA S.A.;2026-03-17;TARJETA SANTANDER VISA INTERNACIONAL;TARJETA VISA INTER;7234,00;132011,00;123,41;123,41;410000;6;100;Internacional;Todo el territorio nacional;
72;BANCO SANTANDER ARGENTINA S.A.;2026-03-17;TARJETA SANTANDER AMERICAN EXPRESS INTERNACIONAL;TARJETA AMEX INTER;7234,00;132011,00;123,41;123,41;410000;6;100;Internacional;Todo el territorio nacional;
72;BANCO SANTANDER ARGENTINA S.A.;2026-03-17;TARJETA SANTANDER AMERICAN EXPRESS GOLD;TARJETA AMEX GOLD;7234,00;301169,00;123,41;123,41;1000000;6;100;Premium gold;Todo el territorio nacional;
72;BANCO SANTANDER ARGENTINA S.A.;2026-03-17;TARJETA SANTANDER VISA BLACK;TARJETA VISA BLACK;7234,00;506748,00;123,41;123,41;3200000;6;100;Premium signature, black o similar;Todo el territorio nacional;
72;BANCO SANTANDER ARGENTINA S.A.;2026-03-17;TARJETA SANTANDER VISA PLATINUM;TARJETA VISA PLATINUM;7234,00;405108,00;123,41;123,41;2100000;6;100;Premium platinum;Todo el territorio nacional;
72;BANCO SANTANDER ARGENTINA S.A.;2026-03-17;TARJETA SANTANDER MASTERCARD GOLD;TARJETA MASTER GOLD;7234,00;301169,00;123,41;123,41;1000000;6;100;Premium gold;Todo el territorio nacional;
72;BANCO SANTANDER ARGENTINA S.A.;2026-03-17;TARJETA SANTANDER MASTERCARD BLACK;TARJETA MASTER BLACK;7234,00;506748,00;123,41;123,41;3200000;6;100;Premium signature, black o similar;Todo el territorio nacional;
72;BANCO SANTANDER ARGENTINA S.A.;2026-03-17;TARJETA SANTANDER MASTERCARD INTERNACIONAL;TARJETA MASTER INTER;7234,00;132011,00;123,41;123,41;410000;6;100;Internacional;Todo el territorio nacional;
72;BANCO SANTANDER ARGENTINA S.A.;2026-03-17;TARJETA SANTANDER AMERICAN EXPRESS PLATINUM;TARJETA AMEX PLATINUM;7234,00;405108,00;123,41;123,41;2100000;6;100;Premium platinum;Todo el territorio nacional;
72;BANCO SANTANDER ARGENTINA S.A.;2026-03-17;TARJETA SANTANDER MASTERCARD PLATINUM;TARJETA MASTER PLATINUM;7234,00;405108,00;123,41;123,41;2100000;6;100;Premium platinum;Todo el territorio nacional;
83;BANCO DEL CHUBUT S.A.;2026-04-13;PATAGONIA 365;P365;2797,52;20052,12;111,01;111,01;0;0;100;Nacional;Provincia del Chubut;
83;BANCO DEL CHUBUT S.A.;2026-04-13;PATAGONIA 365;P365;2797,52;20052,12;111,01;111,01;0;0;100;Nacional;Provincia de Río Negro;
83;BANCO DEL CHUBUT S.A.;2026-04-13;PATAGONIA 365;P365;2797,52;20052,12;111,01;111,01;0;0;100;Nacional;Ciudad Autónoma de Buenos Aires;
86;BANCO DE SANTA CRUZ S.A.;2026-04-06;VISA INTERNACIONAL;VISA INTERNACIONAL;9000,00;179363,00;111,08;111,08;15000;1;83;Internacional;Todo el territorio nacional;SERVICIO DE RENOVACION ANUAL:SE BONIFICA TOTAL O PARCIALMENTE, EN FUNCION DE LOS CONSUMOS,
93;BANCO DE LA PAMPA SA;2026-03-20;CALDEN VISA CLIENTE GENERAL;VISA CLIENTE GRAL;9317,00;158100,00;110,98;110,98;380000;12;83;Nacional;Provincia del Neuquén;PARA CLIENTES PRECALIFICADOS LA ANTIGUEDAD LABORAL MINIMA EXIGIDA ES DE 6 MESES. COMISION DE RENOVACION INCLUYE IMPUESTO A LOS SELLOS POR 2040 PESOS.
93;BANCO DE LA PAMPA SA;2026-03-20;CALDEN VISA CLIENTE GENERAL;VISA CLIENTE GRAL;9317,00;311100,00;110,98;110,98;900000;12;83;Premium gold;Provincia del Neuquén;PARA CLIENTES PRECALIFICADOS LA ANTIGUEDAD LABORAL MINIMA EXIGIDA ES DE 6 MESES. COMISION DE RENOVACION INCLUYE IMPUESTO A LOS SELLOS POR 2040 PESOS.
93;BANCO DE LA PAMPA SA;2026-03-20;CALDEN MASTERCARD CLIENTE GENERAL;MASTER CLIENTE GRAL;9317,00;153000,00;110,98;110,98;380000;12;83;Nacional;Provincia de La Pampa;PARA CLIENTES PRECALIFICADOS LA ANTIGUEDAD LABORAL MINIMA EXIGIDA ES DE 6 MESES.
93;BANCO DE LA PAMPA SA;2026-03-20;CALDEN MASTERCARD CLIENTE GENERAL;MASTER CLIENTE GRAL;9317,00;306000,00;110,98;110,98;900000;12;83;Premium gold;Ciudad Autónoma de Buenos Aires;PARA CLIENTES PRECALIFICADOS LA ANTIGUEDAD LABORAL MINIMA EXIGIDA ES DE 6 MESES.
93;BANCO DE LA PAMPA SA;2026-03-20;CALDEN VISA CLIENTE GENERAL;VISA CLIENTE GRAL;9317,00;307500,00;110,98;110,98;900000;12;83;Premium gold;Provincia de Río Negro;PARA CLIENTES PRECALIFICADOS LA ANTIGUEDAD LABORAL MINIMA EXIGIDA ES DE 6 MESES. COMISION DE RENOVACION INCLUYE IMPUESTO A LOS SELLOS POR 689 PESOS.
93;BANCO DE LA PAMPA SA;2026-03-20;CALDEN VISA CLIENTE GENERAL;VISA CLIENTE GRAL;,00;662500,00;110,98;110,98;5400000;12;83;Premium signature, black o similar;Provincia de La Pampa;PARA CLIENTES PRECALIFICADOS LA ANTIGUEDAD LABORAL MINIMA EXIGIDA ES DE 6 MESES.
93;BANCO DE LA PAMPA SA;2026-03-20;CALDEN MASTERCARD CLIENTE GENERAL;MASTER CLIENTE GRAL;,00;662500,00;110,98;110,98;5400000;12;83;Premium signature, black o similar;Provincia de La Pampa;PARA CLIENTES PRECALIFICADOS LA ANTIGUEDAD LABORAL MINIMA EXIGIDA ES DE 6 MESES.
93;BANCO DE LA PAMPA SA;2026-03-20;CALDEN MASTERCARD CLIENTE GENERAL;MASTER CLIENTE GRAL;9317,00;306000,00;110,98;110,98;900000;12;83;Premium gold;Provincia de La Pampa;PARA CLIENTES PRECALIFICADOS LA ANTIGUEDAD LABORAL MINIMA EXIGIDA ES DE 6 MESES.
93;BANCO DE LA PAMPA SA;2026-03-20;CALDEN MASTERCARD CLIENTE GENERAL;MASTER CLIENTE GRAL;9317,00;153000,00;110,98;110,98;380000;12;83;Nacional;Ciudad Autónoma de Buenos Aires;PARA CLIENTES PRECALIFICADOS LA ANTIGUEDAD LABORAL MINIMA EXIGIDA ES DE 6 MESES.
93;BANCO DE LA PAMPA SA;2026-03-20;CALDEN VISA CLIENTE GENERAL;VISA CLIENTE GRAL;9317,00;153000,00;110,98;110,98;380000;12;83;Internacional;Ciudad Autónoma de Buenos Aires;PARA CLIENTES PRECALIFICADOS LA ANTIGUEDAD LABORAL MINIMA EXIGIDA ES DE 6 MESES.
93;BANCO DE LA PAMPA SA;2026-03-20;CALDEN MASTERCARD CLIENTE GENERAL;MASTER CLIENTE GRAL;,00;459000,00;110,98;110,98;2250000;12;83;Premium platinum;Provincia de La Pampa;PARA CLIENTES PRECALIFICADOS LA ANTIGUEDAD LABORAL MINIMA EXIGIDA ES DE 6 MESES.
93;BANCO DE LA PAMPA SA;2026-03-20;CALDEN VISA CLIENTE GENERAL;VISA CLIENTE GRAL;9317,00;153000,00;110,98;110,98;380000;12;83;Internacional;Provincia de La Pampa;PARA CLIENTES PRECALIFICADOS LA ANTIGUEDAD LABORAL MINIMA EXIGIDA ES DE 6 MESES.
93;BANCO DE LA PAMPA SA;2026-03-20;CALDEN VISA CLIENTE GENERAL;VISA CLIENTE GRAL;9317,00;306000,00;110,98;110,98;900000;12;83;Premium gold;Provincia de La Pampa;PARA CLIENTES PRECALIFICADOS LA ANTIGUEDAD LABORAL MINIMA EXIGIDA ES DE 6 MESES.
93;BANCO DE LA PAMPA SA;2026-03-20;CALDEN VISA CLIENTE GENERAL;VISA CLIENTE GRAL;,00;459000,00;110,98;110,98;2250000;12;83;Premium platinum;Ciudad Autónoma de Buenos Aires;PARA CLIENTES PRECALIFICADOS LA ANTIGUEDAD LABORAL MINIMA EXIGIDA ES DE 6 MESES.
93;BANCO DE LA PAMPA SA;2026-03-20;CALDEN MASTERCARD CLIENTE GENERAL;MASTER CLIENTE GRAL;,00;667600,00;110,98;110,98;5400000;12;83;Premium signature, black o similar;Provincia del Neuquén;PARA CLIENTES PRECALIFICADOS LA ANTIGUEDAD LABORAL MINIMA EXIGIDA ES DE 6 MESES. COMISION DE RENOVACION INCLUYE IMPUESTO A LOS SELLOS POR 2040 PESOS.
93;BANCO DE LA PAMPA SA;2026-03-20;CALDEN MASTERCARD CLIENTE GENERAL;MASTER CLIENTE GRAL;9317,00;153000,00;110,98;110,98;380000;12;83;Nacional;Provincia de Córdoba;PARA CLIENTES PRECALIFICADOS LA ANTIGUEDAD LABORAL MINIMA EXIGIDA ES DE 6 MESES.
93;BANCO DE LA PAMPA SA;2026-03-20;CALDEN MASTERCARD CLIENTE GENERAL;MASTER CLIENTE GRAL;,00;664000,00;110,98;110,98;5400000;12;83;Premium signature, black o similar;Provincia de Río Negro;PARA CLIENTES PRECALIFICADOS LA ANTIGUEDAD LABORAL MINIMA EXIGIDA ES DE 6 MESES. COMISION DE RENOVACION INCLUYE IMPUESTO A LOS SELLOS POR 689 PESOS.
93;BANCO DE LA PAMPA SA;2026-03-20;CALDEN VISA CLIENTE GENERAL;VISA CLIENTE GRAL;,00;664000,00;110,98;110,98;5400000;12;83;Premium signature, black o similar;Provincia de Río Negro;PARA CLIENTES PRECALIFICADOS LA ANTIGUEDAD LABORAL MINIMA EXIGIDA ES DE 6 MESES. COMISION DE RENOVACION INCLUYE IMPUESTO A LOS SELLOS POR 689 PESOS.
93;BANCO DE LA PAMPA SA;2026-03-20;CALDEN MASTERCARD CLIENTE GENERAL;MASTER CLIENTE GRAL;9317,00;153000,00;110,98;110,98;380000;12;83;Internacional;Provincia de La Pampa;PARA CLIENTES PRECALIFICADOS LA ANTIGUEDAD LABORAL MINIMA EXIGIDA ES DE 6 MESES.
93;BANCO DE LA PAMPA SA;2026-03-20;CALDEN VISA CLIENTE GENERAL;VISA CLIENTE GRAL;9317,00;153000,00;110,98;110,98;380000;12;83;Nacional;Provincia de La Pampa;PARA CLIENTES PRECALIFICADOS LA ANTIGUEDAD LABORAL MINIMA EXIGIDA ES DE 6 MESES.
93;BANCO DE LA PAMPA SA;2026-03-20;CALDEN VISA CLIENTE GENERAL;VISA CLIENTE GRAL;,00;464100,00;110,98;110,98;2250000;12;83;Premium platinum;Provincia del Neuquén;PARA CLIENTES PRECALIFICADOS LA ANTIGUEDAD LABORAL MINIMA EXIGIDA ES DE 6 MESES. COMISION DE RENOVACION INCLUYE IMPUESTO A LOS SELLOS POR 2040 PESOS.
93;BANCO DE LA PAMPA SA;2026-03-20;CALDEN MASTERCARD CLIENTE GENERAL;MASTER CLIENTE GRAL;,00;662500,00;110,98;110,98;5400000;12;83;Premium signature, black o similar;Ciudad Autónoma de Buenos Aires;PARA CLIENTES PRECALIFICADOS LA ANTIGUEDAD LABORAL MINIMA EXIGIDA ES DE 6 MESES.
93;BANCO DE LA PAMPA SA;2026-03-20;CALDEN MASTERCARD CLIENTE GENERAL;MASTER CLIENTE GRAL;,00;459000,00;110,98;110,98;2250000;12;83;Premium platinum;Provincia de Córdoba;PARA CLIENTES PRECALIFICADOS LA ANTIGUEDAD LABORAL MINIMA EXIGIDA ES DE 6 MESES.
93;BANCO DE LA PAMPA SA;2026-03-20;CALDEN VISA CLIENTE GENERAL;VISA CLIENTE GRAL;,00;667600,00;110,98;110,98;5400000;12;83;Premium signature, black o similar;Provincia del Neuquén;PARA CLIENTES PRECALIFICADOS LA ANTIGUEDAD LABORAL MINIMA EXIGIDA ES DE 6 MESES. COMISION DE RENOVACION INCLUYE IMPUESTO A LOS SELLOS POR 2040 PESOS.
93;BANCO DE LA PAMPA SA;2026-03-20;CALDEN MASTERCARD CLIENTE GENERAL;MASTER CLIENTE GRAL;9317,00;158100,00;110,98;110,98;380000;12;83;Internacional;Provincia del Neuquén;PARA CLIENTES PRECALIFICADOS LA ANTIGUEDAD LABORAL MINIMA EXIGIDA ES DE 6 MESES. COMISION DE RENOVACION INCLUYE IMPUESTO A LOS SELLOS POR 2040 PESOS.
93;BANCO DE LA PAMPA SA;2026-03-20;CALDEN VISA CLIENTE GENERAL;VISA CLIENTE GRAL;,00;662500,00;110,98;110,98;5400000;12;83;Premium signature, black o similar;Provincia de Córdoba;PARA CLIENTES PRECALIFICADOS LA ANTIGUEDAD LABORAL MINIMA EXIGIDA ES DE 6 MESES.
93;BANCO DE LA PAMPA SA;2026-03-20;CALDEN VISA CLIENTE GENERAL;VISA CLIENTE GRAL;9317,00;158100,00;110,98;110,98;380000;12;83;Internacional;Provincia del Neuquén;PARA CLIENTES PRECALIFICADOS LA ANTIGUEDAD LABORAL MINIMA EXIGIDA ES DE 6 MESES. COMISION DE RENOVACION INCLUYE IMPUESTO A LOS SELLOS POR 2040 PESOS.
93;BANCO DE LA PAMPA SA;2026-03-20;CALDEN MASTERCARD CLIENTE GENERAL;MASTER CLIENTE GRAL;,00;662500,00;110,98;110,98;5400000;12;83;Premium signature, black o similar;Provincia de Córdoba;PARA CLIENTES PRECALIFICADOS LA ANTIGUEDAD LABORAL MINIMA EXIGIDA ES DE 6 MESES.
93;BANCO DE LA PAMPA SA;2026-03-20;CALDEN MASTERCARD CLIENTE GENERAL;MASTER CLIENTE GRAL;9317,00;153000,00;110,98;110,98;380000;12;83;Internacional;Ciudad Autónoma de Buenos Aires;PARA CLIENTES PRECALIFICADOS LA ANTIGUEDAD LABORAL MINIMA EXIGIDA ES DE 6 MESES.
93;BANCO DE LA PAMPA SA;2026-03-20;CALDEN VISA CLIENTE GENERAL;VISA CLIENTE GRAL;9317,00;306000,00;110,98;110,98;900000;12;83;Premium gold;Provincia de Córdoba;PARA CLIENTES PRECALIFICADOS LA ANTIGUEDAD LABORAL MINIMA EXIGIDA ES DE 6 MESES.
93;BANCO DE LA PAMPA SA;2026-03-20;CALDEN MASTERCARD CLIENTE GENERAL;MASTER CLIENTE GRAL;9317,00;306000,00;110,98;110,98;900000;12;83;Premium gold;Provincia de Córdoba;PARA CLIENTES PRECALIFICADOS LA ANTIGUEDAD LABORAL MINIMA EXIGIDA ES DE 6 MESES.
93;BANCO DE LA PAMPA SA;2026-03-20;CALDEN VISA CLIENTE GENERAL;VISA CLIENTE GRAL;,00;460500,00;110,98;110,98;2250000;12;83;Premium platinum;Provincia de Río Negro;PARA CLIENTES PRECALIFICADOS LA ANTIGUEDAD LABORAL MINIMA EXIGIDA ES DE 6 MESES. COMISION DE RENOVACION INCLUYE IMPUESTO A LOS SELLOS POR 689 PESOS.
93;BANCO DE LA PAMPA SA;2026-03-20;CALDEN VISA CLIENTE GENERAL;VISA CLIENTE GRAL;9317,00;153000,00;110,98;110,98;380000;12;83;Nacional;Ciudad Autónoma de Buenos Aires;PARA CLIENTES PRECALIFICADOS LA ANTIGUEDAD LABORAL MINIMA EXIGIDA ES DE 6 MESES.
93;BANCO DE LA PAMPA SA;2026-03-20;CALDEN VISA CLIENTE GENERAL;VISA CLIENTE GRAL;,00;459000,00;110,98;110,98;2250000;12;83;Premium platinum;Provincia de Córdoba;PARA CLIENTES PRECALIFICADOS LA ANTIGUEDAD LABORAL MINIMA EXIGIDA ES DE 6 MESES.
93;BANCO DE LA PAMPA SA;2026-03-20;CALDEN VISA CLIENTE GENERAL;VISA CLIENTE GRAL;9317,00;154500,00;110,98;110,98;380000;12;83;Nacional;Provincia de Río Negro;PARA CLIENTES PRECALIFICADOS LA ANTIGUEDAD LABORAL MINIMA EXIGIDA ES DE 6 MESES. COMISION DE RENOVACION INCLUYE IMPUESTO A LOS SELLOS POR 689 PESOS.
93;BANCO DE LA PAMPA SA;2026-03-20;CALDEN VISA CLIENTE GENERAL;VISA CLIENTE GRAL;9317,00;153000,00;110,98;110,98;380000;12;83;Internacional;Provincia de Córdoba;PARA CLIENTES PRECALIFICADOS LA ANTIGUEDAD LABORAL MINIMA EXIGIDA ES DE 6 MESES.
93;BANCO DE LA PAMPA SA;2026-03-20;CALDEN MASTERCARD CLIENTE GENERAL;MASTER CLIENTE GRAL;,00;460500,00;110,98;110,98;2250000;12;83;Premium platinum;Provincia de Río Negro;PARA CLIENTES PRECALIFICADOS LA ANTIGUEDAD LABORAL MINIMA EXIGIDA ES DE 6 MESES. COMISION DE RENOVACION INCLUYE IMPUESTO A LOS SELLOS POR 689 PESOS.
93;BANCO DE LA PAMPA SA;2026-03-20;CALDEN VISA CLIENTE GENERAL;VISA CLIENTE GRAL;9317,00;153000,00;110,98;110,98;380000;12;83;Nacional;Provincia de Córdoba;PARA CLIENTES PRECALIFICADOS LA ANTIGUEDAD LABORAL MINIMA EXIGIDA ES DE 6 MESES.
93;BANCO DE LA PAMPA SA;2026-03-20;CALDEN MASTERCARD CLIENTE GENERAL;MASTER CLIENTE GRAL;9317,00;158100,00;110,98;110,98;380000;12;83;Nacional;Provincia del Neuquén;PARA CLIENTES PRECALIFICADOS LA ANTIGUEDAD LABORAL MINIMA EXIGIDA ES DE 6 MESES. COMISION DE RENOVACION INCLUYE IMPUESTO A LOS SELLOS POR 2040 PESOS.
93;BANCO DE LA PAMPA SA;2026-03-20;CALDEN VISA CLIENTE GENERAL;VISA CLIENTE GRAL;,00;662500,00;110,98;110,98;5400000;12;83;Premium signature, black o similar;Ciudad Autónoma de Buenos Aires;PARA CLIENTES PRECALIFICADOS LA ANTIGUEDAD LABORAL MINIMA EXIGIDA ES DE 6 MESES.
93;BANCO DE LA PAMPA SA;2026-03-20;CALDEN MASTERCARD CLIENTE GENERAL;MASTER CLIENTE GRAL;,00;464100,00;110,98;110,98;2250000;12;83;Premium platinum;Provincia del Neuquén;PARA CLIENTES PRECALIFICADOS LA ANTIGUEDAD LABORAL MINIMA EXIGIDA ES DE 6 MESES. COMISION DE RENOVACION INCLUYE IMPUESTO A LOS SELLOS POR 2040 PESOS.
93;BANCO DE LA PAMPA SA;2026-03-20;CALDEN MASTERCARD CLIENTE GENERAL;MASTER CLIENTE GRAL;9317,00;307500,00;110,98;110,98;900000;12;83;Premium gold;Provincia de Río Negro;PARA CLIENTES PRECALIFICADOS LA ANTIGUEDAD LABORAL MINIMA EXIGIDA ES DE 6 MESES. COMISION DE RENOVACION INCLUYE IMPUESTO A LOS SELLOS POR 689 PESOS.
93;BANCO DE LA PAMPA SA;2026-03-20;CALDEN VISA CLIENTE GENERAL;VISA CLIENTE GRAL;9317,00;306000,00;110,98;110,98;900000;12;83;Premium gold;Ciudad Autónoma de Buenos Aires;PARA CLIENTES PRECALIFICADOS LA ANTIGUEDAD LABORAL MINIMA EXIGIDA ES DE 6 MESES.
93;BANCO DE LA PAMPA SA;2026-03-20;CALDEN MASTERCARD CLIENTE GENERAL;MASTER CLIENTE GRAL;9317,00;311100,00;110,98;110,98;900000;12;83;Premium gold;Provincia del Neuquén;PARA CLIENTES PRECALIFICADOS LA ANTIGUEDAD LABORAL MINIMA EXIGIDA ES DE 6 MESES. COMISION DE RENOVACION INCLUYE IMPUESTO A LOS SELLOS POR 2040 PESOS.
93;BANCO DE LA PAMPA SA;2026-03-20;CALDEN MASTERCARD CLIENTE GENERAL;MASTER CLIENTE GRAL;,00;459000,00;110,98;110,98;2250000;12;83;Premium platinum;Ciudad Autónoma de Buenos Aires;PARA CLIENTES PRECALIFICADOS LA ANTIGUEDAD LABORAL MINIMA EXIGIDA ES DE 6 MESES.
93;BANCO DE LA PAMPA SA;2026-03-20;CALDEN VISA CLIENTE GENERAL;VISA CLIENTE GRAL;,00;459000,00;110,98;110,98;2250000;12;83;Premium platinum;Provincia de La Pampa;PARA CLIENTES PRECALIFICADOS LA ANTIGUEDAD LABORAL MINIMA EXIGIDA ES DE 6 MESES.
93;BANCO DE LA PAMPA SA;2026-03-20;CALDEN VISA CLIENTE GENERAL;VISA CLIENTE GRAL;9317,00;306000,00;110,98;110,98;900000;12;83;Premium gold;Provincia de Buenos Aires;PARA CLIENTES PRECALIFICADOS LA ANTIGUEDAD LABORAL MINIMA EXIGIDA ES DE 6 MESES.
93;BANCO DE LA PAMPA SA;2026-03-20;CALDEN MASTERCARD CLIENTE GENERAL;MASTER CLIENTE GRAL;9317,00;154500,00;110,98;110,98;380000;12;83;Internacional;Provincia de Río Negro;PARA CLIENTES PRECALIFICADOS LA ANTIGUEDAD LABORAL MINIMA EXIGIDA ES DE 6 MESES. COMISION DE RENOVACION INCLUYE IMPUESTO A LOS SELLOS POR 689 PESOS.
93;BANCO DE LA PAMPA SA;2026-03-20;CALDEN MASTERCARD CLIENTE GENERAL;MASTER CLIENTE GRAL;,00;459000,00;110,98;110,98;2250000;12;83;Premium platinum;Provincia de Buenos Aires;PARA CLIENTES PRECALIFICADOS LA ANTIGUEDAD LABORAL MINIMA EXIGIDA ES DE 6 MESES.
93;BANCO DE LA PAMPA SA;2026-03-20;CALDEN VISA CLIENTE GENERAL;VISA CLIENTE GRAL;9317,00;153000,00;110,98;110,98;380000;12;83;Internacional;Provincia de Buenos Aires;PARA CLIENTES PRECALIFICADOS LA ANTIGUEDAD LABORAL MINIMA EXIGIDA ES DE 6 MESES.
93;BANCO DE LA PAMPA SA;2026-03-20;CALDEN MASTERCARD CLIENTE GENERAL;MASTER CLIENTE GRAL;9317,00;306000,00;110,98;110,98;900000;12;83;Premium gold;Provincia de Buenos Aires;PARA CLIENTES PRECALIFICADOS LA ANTIGUEDAD LABORAL MINIMA EXIGIDA ES DE 6 MESES.
93;BANCO DE LA PAMPA SA;2026-03-20;CALDEN MASTERCARD CLIENTE GENERAL;MASTER CLIENTE GRAL;9317,00;153000,00;110,98;110,98;380000;12;83;Internacional;Provincia de Buenos Aires;PARA CLIENTES PRECALIFICADOS LA ANTIGUEDAD LABORAL MINIMA EXIGIDA ES DE 6 MESES.
93;BANCO DE LA PAMPA SA;2026-03-20;CALDEN VISA CLIENTE GENERAL;VISA CLIENTE GRAL;9317,00;153000,00;110,98;110,98;380000;12;83;Nacional;Provincia de Buenos Aires;PARA CLIENTES PRECALIFICADOS LA ANTIGUEDAD LABORAL MINIMA EXIGIDA ES DE 6 MESES.
93;BANCO DE LA PAMPA SA;2026-03-20;CALDEN VISA CLIENTE GENERAL;VISA CLIENTE GRAL;,00;459000,00;110,98;110,98;2250000;12;83;Premium platinum;Provincia de Buenos Aires;PARA CLIENTES PRECALIFICADOS LA ANTIGUEDAD LABORAL MINIMA EXIGIDA ES DE 6 MESES.
93;BANCO DE LA PAMPA SA;2026-03-20;CALDEN MASTERCARD CLIENTE GENERAL;MASTER CLIENTE GRAL;9317,00;153000,00;110,98;110,98;380000;12;83;Nacional;Provincia de Buenos Aires;PARA CLIENTES PRECALIFICADOS LA ANTIGUEDAD LABORAL MINIMA EXIGIDA ES DE 6 MESES.
93;BANCO DE LA PAMPA SA;2026-03-20;CALDEN VISA CLIENTE GENERAL;VISA CLIENTE GRAL;,00;662500,00;110,98;110,98;5400000;12;83;Premium signature, black o similar;Provincia de Buenos Aires;PARA CLIENTES PRECALIFICADOS LA ANTIGUEDAD LABORAL MINIMA EXIGIDA ES DE 6 MESES.
93;BANCO DE LA PAMPA SA;2026-03-20;CALDEN MASTERCARD CLIENTE GENERAL;MASTER CLIENTE GRAL;9317,00;154500,00;110,98;110,98;380000;12;83;Nacional;Provincia de Río Negro;PARA CLIENTES PRECALIFICADOS LA ANTIGUEDAD LABORAL MINIMA EXIGIDA ES DE 6 MESES. COMISION DE RENOVACION INCLUYE IMPUESTO A LOS SELLOS POR 689 PESOS.
93;BANCO DE LA PAMPA SA;2026-03-20;CALDEN MASTERCARD CLIENTE GENERAL;MASTER CLIENTE GRAL;9317,00;153000,00;110,98;110,98;380000;12;83;Internacional;Provincia de Córdoba;PARA CLIENTES PRECALIFICADOS LA ANTIGUEDAD LABORAL MINIMA EXIGIDA ES DE 6 MESES.
93;BANCO DE LA PAMPA SA;2026-03-20;CALDEN VISA CLIENTE GENERAL;VISA CLIENTE GRAL;9317,00;154500,00;110,98;110,98;380000;12;83;Internacional;Provincia de Río Negro;PARA CLIENTES PRECALIFICADOS LA ANTIGUEDAD LABORAL MINIMA EXIGIDA ES DE 6 MESES. COMISION DE RENOVACION INCLUYE IMPUESTO A LOS SELLOS POR 689 PESOS.
93;BANCO DE LA PAMPA SA;2026-03-20;CALDEN MASTERCARD CLIENTE GENERAL;MASTER CLIENTE GRAL;,00;662500,00;110,98;110,98;5400000;12;83;Premium signature, black o similar;Provincia de Buenos Aires;PARA CLIENTES PRECALIFICADOS LA ANTIGUEDAD LABORAL MINIMA EXIGIDA ES DE 6 MESES.
94;BANCO DE CORRIENTES S.A.;2026-01-09;TARJETA AURUS VISA INTERNACIONAL;AURUS INTERNACIONAL;6790,62;56560,17;136,07;136,07;10000;1;64;Internacional;Todo el territorio nacional;FINANCIACIONES DESDE $ 200.000
97;BANCO PROVINCIA DEL NEUQUÉN SOCIEDAD ANÓNIMA;2026-04-06;CONFIABLE;TC CONFIABLE;4950,11;83468,22;127,42;,00;357800;0;100;Nacional;Ciudad Autónoma de Buenos Aires;0
97;BANCO PROVINCIA DEL NEUQUÉN SOCIEDAD ANÓNIMA;2026-04-06;VISA REGIONAL;TC VISA REG.;4950,11;83468,22;127,42;127,42;357800;0;100;Nacional;Provincia de Río Negro;0
97;BANCO PROVINCIA DEL NEUQUÉN SOCIEDAD ANÓNIMA;2026-04-06;VISA PLATINUM;TC VISA PLATINUM;6162,53;272355,27;127,42;127,42;999999;0;100;Premium platinum;Ciudad Autónoma de Buenos Aires;INGRESO MINIMO SOLICITADO 3000000
97;BANCO PROVINCIA DEL NEUQUÉN SOCIEDAD ANÓNIMA;2026-04-06;MASTERCARD PLATINUM;TC MASTER PLATINUM;6162,53;272355,27;127,42;127,42;999999;0;100;Premium platinum;Ciudad Autónoma de Buenos Aires;INGRESO MINIMO SOLICITADO 3000000
97;BANCO PROVINCIA DEL NEUQUÉN SOCIEDAD ANÓNIMA;2026-04-06;MASTERCARD REGIONAL;TC MASTER REG.;4950,11;83468,22;127,42;127,42;357800;0;100;Nacional;Ciudad Autónoma de Buenos Aires;0
97;BANCO PROVINCIA DEL NEUQUÉN SOCIEDAD ANÓNIMA;2026-04-06;VISA GOLD;TC VISA GOLD;6162,53;204241,95;127,42;127,42;999999;0;100;Premium gold;Provincia de Río Negro;INGRESO MINIMO SOLICITADO 1700000
97;BANCO PROVINCIA DEL NEUQUÉN SOCIEDAD ANÓNIMA;2026-04-06;MASTERCARD PLATINUM;TC MASTER PLATINUM;6162,53;272355,27;127,42;127,42;999999;0;100;Premium platinum;Provincia de Río Negro;INGRESO MINIMO SOLICITADO 3000000
97;BANCO PROVINCIA DEL NEUQUÉN SOCIEDAD ANÓNIMA;2026-04-06;VISA SIGNATURE;TC VISA SIGNATURE;6162,53;354012,12;127,42;127,42;999999;0;100;Premium signature, black o similar;Provincia del Neuquén;INGRESO MINIMO SOLICITADO 4000000
97;BANCO PROVINCIA DEL NEUQUÉN SOCIEDAD ANÓNIMA;2026-04-06;VISA GOLD;TC VISA GOLD;6162,53;204241,95;127,42;127,42;999999;0;100;Premium gold;Ciudad Autónoma de Buenos Aires;INGRESO MINIMO SOLICITADO 1700000
97;BANCO PROVINCIA DEL NEUQUÉN SOCIEDAD ANÓNIMA;2026-04-06;VISA PLATINUM;TC VISA PLATINUM;6162,53;272355,27;127,42;127,42;999999;0;100;Premium platinum;Provincia del Neuquén;INGRESO MINIMO SOLICITADO 3000000
97;BANCO PROVINCIA DEL NEUQUÉN SOCIEDAD ANÓNIMA;2026-04-06;VISA GOLD;TC VISA GOLD;6162,53;204241,95;127,42;127,42;999999;0;100;Premium gold;Provincia del Neuquén;INGRESO MINIMO SOLICITADO 1700000
97;BANCO PROVINCIA DEL NEUQUÉN SOCIEDAD ANÓNIMA;2026-04-06;VISA INTERNACIONAL;TC VISA INT.;5720,88;99247,83;127,42;127,42;357800;0;100;Internacional;Ciudad Autónoma de Buenos Aires;0
97;BANCO PROVINCIA DEL NEUQUÉN SOCIEDAD ANÓNIMA;2026-04-06;MASTERCARD REGIONAL;TC MASTER REG.;4950,11;83468,22;127,42;127,42;357800;0;100;Nacional;Provincia de Río Negro;0
97;BANCO PROVINCIA DEL NEUQUÉN SOCIEDAD ANÓNIMA;2026-04-06;MASTERCARD INTERNACIONAL;TC MASTER INT.;5720,88;99247,83;127,42;127,42;357800;0;100;Internacional;Provincia del Neuquén;0
97;BANCO PROVINCIA DEL NEUQUÉN SOCIEDAD ANÓNIMA;2026-04-06;VISA REGIONAL;TC VISA REG.;4950,11;83468,22;127,42;127,42;357800;0;100;Nacional;Ciudad Autónoma de Buenos Aires;0
97;BANCO PROVINCIA DEL NEUQUÉN SOCIEDAD ANÓNIMA;2026-04-06;MASTERCARD GOLD;TC MASTER GOLD;6162,53;204241,95;127,42;127,42;999999;0;100;Premium gold;Ciudad Autónoma de Buenos Aires;INGRESO MINIMO SOLICITADO 1700000
97;BANCO PROVINCIA DEL NEUQUÉN SOCIEDAD ANÓNIMA;2026-04-06;MASTERCARD INTERNACIONAL;TC MASTER INT.;5720,88;99247,83;127,42;127,42;357800;0;100;Internacional;Ciudad Autónoma de Buenos Aires;0
97;BANCO PROVINCIA DEL NEUQUÉN SOCIEDAD ANÓNIMA;2026-04-06;MASTERCARD BLACK;TC MASTER BLACK;6162,53;354012,12;127,42;127,42;999999;0;100;Premium signature, black o similar;Ciudad Autónoma de Buenos Aires;INGRESO MINIMO SOLICITADO 4000000
97;BANCO PROVINCIA DEL NEUQUÉN SOCIEDAD ANÓNIMA;2026-04-06;VISA PLATINUM;TC VISA PLATINUM;6162,53;272355,27;127,42;127,42;999999;0;100;Premium platinum;Provincia de Río Negro;INGRESO MINIMO SOLICITADO 3000000
97;BANCO PROVINCIA DEL NEUQUÉN SOCIEDAD ANÓNIMA;2026-04-06;VISA SIGNATURE;TC VISA SIGNATURE;6162,53;354012,12;127,42;127,42;999999;0;100;Premium signature, black o similar;Provincia de Río Negro;INGRESO MINIMO SOLICITADO 4000000
97;BANCO PROVINCIA DEL NEUQUÉN SOCIEDAD ANÓNIMA;2026-04-06;VISA INTERNACIONAL;TC VISA INT.;5720,88;99247,83;127,42;127,42;357800;0;100;Internacional;Provincia de Río Negro;0
97;BANCO PROVINCIA DEL NEUQUÉN SOCIEDAD ANÓNIMA;2026-04-06;MASTERCARD GOLD;TC MASTER GOLD;6162,53;204241,95;127,42;127,42;999999;0;100;Premium gold;Provincia de Río Negro;INGRESO MINIMO SOLICITADO 1700000
97;BANCO PROVINCIA DEL NEUQUÉN SOCIEDAD ANÓNIMA;2026-04-06;MASTERCARD BLACK;TC MASTER BLACK;6162,53;354012,12;127,42;127,42;999999;0;100;Premium signature, black o similar;Provincia de Río Negro;INGRESO MINIMO SOLICITADO 4000000
97;BANCO PROVINCIA DEL NEUQUÉN SOCIEDAD ANÓNIMA;2026-04-06;MASTERCARD INTERNACIONAL;TC MASTER INT.;5720,88;99247,83;127,42;127,42;357800;0;100;Internacional;Provincia de Río Negro;0
97;BANCO PROVINCIA DEL NEUQUÉN SOCIEDAD ANÓNIMA;2026-04-06;CONFIABLE;TC CONFIABLE;4950,11;83468,22;127,42;,00;357800;0;100;Nacional;Provincia de Río Negro;0
97;BANCO PROVINCIA DEL NEUQUÉN SOCIEDAD ANÓNIMA;2026-04-06;MASTERCARD PLATINUM;TC MASTER PLATINUM;6162,53;272355,27;127,42;127,42;999999;0;100;Premium platinum;Provincia del Neuquén;INGRESO MINIMO SOLICITADO 3000000
97;BANCO PROVINCIA DEL NEUQUÉN SOCIEDAD ANÓNIMA;2026-04-06;VISA INTERNACIONAL;TC VISA INT.;5720,88;99247,83;127,42;127,42;357800;0;100;Internacional;Provincia del Neuquén;0
97;BANCO PROVINCIA DEL NEUQUÉN SOCIEDAD ANÓNIMA;2026-04-06;MASTERCARD GOLD;TC MASTER GOLD;6162,53;204241,95;127,42;127,42;999999;0;100;Premium gold;Provincia del Neuquén;INGRESO MINIMO SOLICITADO 1700000
97;BANCO PROVINCIA DEL NEUQUÉN SOCIEDAD ANÓNIMA;2026-04-06;VISA REGIONAL;TC VISA REG.;4950,11;83468,22;127,42;127,42;357800;0;100;Nacional;Provincia del Neuquén;0
97;BANCO PROVINCIA DEL NEUQUÉN SOCIEDAD ANÓNIMA;2026-04-06;CONFIABLE;TC CONFIABLE;4950,11;83468,22;127,42;,00;357800;0;100;Nacional;Provincia del Neuquén;0
97;BANCO PROVINCIA DEL NEUQUÉN SOCIEDAD ANÓNIMA;2026-04-06;MASTERCARD REGIONAL;TC MASTER REG.;4950,11;83468,22;127,42;127,42;357800;0;100;Nacional;Provincia del Neuquén;0
97;BANCO PROVINCIA DEL NEUQUÉN SOCIEDAD ANÓNIMA;2026-04-06;VISA SIGNATURE;TC VISA SIGNATURE;6162,53;354012,12;127,42;127,42;999999;0;100;Premium signature, black o similar;Ciudad Autónoma de Buenos Aires;INGRESO MINIMO SOLICITADO 4000000
97;BANCO PROVINCIA DEL NEUQUÉN SOCIEDAD ANÓNIMA;2026-04-06;MASTERCARD BLACK;TC MASTER BLACK;6162,53;354012,12;127,42;127,42;999999;0;100;Premium signature, black o similar;Provincia del Neuquén;INGRESO MINIMO SOLICITADO 4000000
143;BRUBANK S.A.U.;2026-03-31;TARJETA DE CREDITO VISA PLAN FLEX;VISA FLEX;10000,00;,00;154,28;154,28;225000;6;70;Internacional;Todo el territorio nacional;
143;BRUBANK S.A.U.;2026-03-31;TARJETA DE CREDITO VISA PLAN LITE;VISA LITE;6600,00;,00;154,28;154,28;225000;6;70;Internacional;Todo el territorio nacional;
191;BANCO CREDICOOP COOPERATIVO LIMITADO;2026-03-03;TARJETA DE CREDITO MASTERCARD BLACK CREDICOOP;MASTERCARD BLACK;,00;484000,00;133,88;133,88;2900000;12;100;Premium signature, black o similar;Todo el territorio nacional;
191;BANCO CREDICOOP COOPERATIVO LIMITADO;2026-03-03;TARJETA DE CREDITO CABAL CREDICOOP;CABAL CREDITO;7018,00;87120,00;129,55;129,55;1100000;12;100;Nacional;Todo el territorio nacional;
191;BANCO CREDICOOP COOPERATIVO LIMITADO;2026-03-03;TARJETA DE CREDITO VISA GOLD CREDICOOP;VISA GOLD;7260,00;296450,00;133,88;133,88;1600000;12;100;Premium gold;Todo el territorio nacional;
191;BANCO CREDICOOP COOPERATIVO LIMITADO;2026-03-03;TARJETA DE CREDITO VISA SIGNATURE CREDICOOP;VISA SIGNATURE;,00;484000,00;133,88;133,88;2900000;12;100;Premium signature, black o similar;Todo el territorio nacional;
191;BANCO CREDICOOP COOPERATIVO LIMITADO;2026-03-03;TARJETA DE CREDITO MASTERCARD INTERNACIONAL CREDICOOP;MASTERCARD INTERNACIONAL;7260,00;130680,00;133,88;133,88;1100000;12;100;Internacional;Todo el territorio nacional;
191;BANCO CREDICOOP COOPERATIVO LIMITADO;2026-03-03;TARJETA DE CREDITO VISA INTERNACIONAL CREDICOOP;VISA INTERNACIONAL;7260,00;130680,00;133,88;133,88;1100000;12;100;Internacional;Todo el territorio nacional;
191;BANCO CREDICOOP COOPERATIVO LIMITADO;2026-03-03;TARJETA DE CREDITO MASTERCARD GOLD CREDICOOP;MASTERCARD GOLD;7260,00;296450,00;133,88;133,88;1600000;12;100;Premium gold;Todo el territorio nacional;
191;BANCO CREDICOOP COOPERATIVO LIMITADO;2026-03-03;TARJETA DE CREDITO VISA PLATINUM CREDICOOP;VISA PLATINUM;,00;384780,00;133,88;133,88;2000000;12;100;Premium platinum;Todo el territorio nacional;
191;BANCO CREDICOOP COOPERATIVO LIMITADO;2026-03-03;TARJETA DE CREDITO MASTERCARD PLATINUM CREDICOOP;MASTERCARD PLATINUM;,00;384780,00;133,88;133,88;2000000;12;100;Premium platinum;Todo el territorio nacional;
247;BANCO ROELA S.A.;2026-03-17;MASTERCARD PLATINUM;MASTERCARD PLATINUM;5358,73;114656,20;126,60;,00;120000;12;70;Premium platinum;Ciudad Autónoma de Buenos Aires;
247;BANCO ROELA S.A.;2026-03-17;MASTERCARD INTERNACIONAL;MASTERCARD INTERNACIONAL;5358,73;37817,10;126,60;,00;120000;12;70;Internacional;Provincia de Córdoba;
247;BANCO ROELA S.A.;2026-03-17;MASTERCARD PLATINUM;MASTERCARD PLATINUM;5358,73;114656,20;126,60;,00;120000;12;70;Premium platinum;Provincia de Córdoba;
247;BANCO ROELA S.A.;2026-03-17;MASTERCARD GOLD;MASTERCARD GOLD;5358,73;76437,52;126,60;,00;120000;12;70;Premium gold;Ciudad Autónoma de Buenos Aires;
247;BANCO ROELA S.A.;2026-03-17;MASTERCARD GOLD;MASTERCARD GOLD;5358,73;76437,52;126,60;,00;120000;12;70;Premium gold;Provincia de Córdoba;
247;BANCO ROELA S.A.;2026-03-17;MASTERCARD INTERNACIONAL;MASTERCARD INTERNACIONAL;5358,73;37817,10;126,60;,00;120000;12;70;Internacional;Ciudad Autónoma de Buenos Aires;
268;BANCO PROVINCIA DE TIERRA DEL FUEGO;2026-04-17;FUEGUINA MASTERCARD GOLD;TARJETA;9739,00;171473,00;128,71;128,91;1500000;0;75;Premium gold;Provincia de Tierra del Fuego Antártida e Islas del Atlántico Sur;
268;BANCO PROVINCIA DE TIERRA DEL FUEGO;2026-04-17;FUEGUINA VISA GOLD;TARJETA;9739,00;149502,00;128,91;128,91;1500000;0;75;Premium gold;Provincia de Tierra del Fuego Antártida e Islas del Atlántico Sur;
268;BANCO PROVINCIA DE TIERRA DEL FUEGO;2026-04-17;FUEGUINA VISA SIGNATURE;TARJETA;9739,00;442130,00;128,91;128,91;3000000;0;75;Premium signature, black o similar;Provincia de Tierra del Fuego Antártida e Islas del Atlántico Sur;0
268;BANCO PROVINCIA DE TIERRA DEL FUEGO;2026-04-17;FUEGUINA VISA PLATINUM;TARJETA;9739,00;266310,00;128,91;128,91;2000000;0;75;Premium platinum;Provincia de Tierra del Fuego Antártida e Islas del Atlántico Sur;0
268;BANCO PROVINCIA DE TIERRA DEL FUEGO;2026-04-17;FUEGUINA MASTERCARD INTERNACIONAL;TARJETA;9739,00;118721,00;128,71;128,91;700000;0;75;Internacional;Provincia de Tierra del Fuego Antártida e Islas del Atlántico Sur;
268;BANCO PROVINCIA DE TIERRA DEL FUEGO;2026-04-17;FUEGUINA VISA INTERNACIONAL;TARJETA;9739,00;98026,00;128,91;128,91;700000;0;75;Internacional;Provincia de Tierra del Fuego Antártida e Islas del Atlántico Sur;
268;BANCO PROVINCIA DE TIERRA DEL FUEGO;2026-04-17;FUEGUINA MASTERCARD PLATINUM;TARJETA;9739,00;266310,00;128,71;128,91;2000000;0;75;Premium platinum;Provincia de Tierra del Fuego Antártida e Islas del Atlántico Sur;0
268;BANCO PROVINCIA DE TIERRA DEL FUEGO;2026-04-17;FUEGUINA MASTERCARD BLACK;TARJETA;9739,00;442130,00;128,71;128,91;3000000;0;75;Premium signature, black o similar;Provincia de Tierra del Fuego Antártida e Islas del Atlántico Sur;0
268;BANCO PROVINCIA DE TIERRA DEL FUEGO;2026-04-17;FUEGUINA MASTERCARD REGIONAL;TARJETA;9739,00;103881,00;128,71;128,91;400000;0;75;Nacional;Provincia de Tierra del Fuego Antártida e Islas del Atlántico Sur;
268;BANCO PROVINCIA DE TIERRA DEL FUEGO;2026-04-17;FUEGUINA VISA NACIONAL;TARJETA;9739,00;37912,00;128,91;128,91;400000;0;75;Nacional;Provincia de Tierra del Fuego Antártida e Islas del Atlántico Sur;
269;BANCO DE LA REPUBLICA ORIENTAL DEL URUGUAY;2024-06-10;MASTERCARD;MASTERCARD;100,10;484,00;166,31;166,31;0;12;75;Internacional;Ciudad Autónoma de Buenos Aires; 
277;BANCO SAENZ S.A.;2025-12-12;;;;;;;;;;;;
281;BANCO MERIDIAN S.A.;2026-04-14;MASTERCARD PLATINUM BLACK;MASTERCARD;7000,00;200000,00;87,80;;400000;0;75;Premium platinum;Todo el territorio nacional;
285;BANCO MACRO S.A.;2026-04-10;VISA INTERNACIONAL;VISA INTER;15972,00;223608,00;112,70;112,70;28000;6;84;Internacional;Todo el territorio nacional;PUNTO 4 CARGO DE RENOVACION ANUAL SE ENCUENTRA BONIFICADO PARA EL SEGMENTO. PUNTOS 7 Y 8 SE TOMA EL SEGMENTO MERCADO ABIERTO
285;BANCO MACRO S.A.;2026-04-10;AMERICAN EXPRESS INTERNACIONAL;AMEX INTER;15972,00;223608,00;112,70;112,70;28000;6;84;Internacional;Todo el territorio nacional;PUNTO 4 CARGO DE RENOVACION ANUAL SE ENCUENTRA BONIFICADO PARA EL SEGMENTO. PUNTOS 7 Y 8 SE TOMA EL SEGMENTO MERCADO ABIERTO
285;BANCO MACRO S.A.;2026-04-10;MASTERCARD BLACK;MC BLACK;48946,92;999999,99;112,70;112,70;150000;6;84;Premium signature, black o similar;Todo el territorio nacional;PUNTO 4 CARGO DE RENOVACION ANUAL $1021518.30 SE ENCUENTRA BONIFICADO PARA TARJETAS INCLUIDAS EN PAQUETES.
285;BANCO MACRO S.A.;2026-04-10;MASTERCARD INTERNACIONAL;MC INTER;15972,00;223608,00;112,70;112,70;28000;6;84;Internacional;Todo el territorio nacional;PUNTO 4 CARGO DE RENOVACION ANUAL SE ENCUENTRA BONIFICADO PARA EL SEGMENTO. PUNTOS 7 Y 8 SE TOMA EL SEGMENTO MERCADO ABIERTO
285;BANCO MACRO S.A.;2026-04-10;AMERICAN EXPRESS GOLD;AMEX GOLD;19565,70;472989,00;112,70;112,70;48000;6;84;Premium gold;Todo el territorio nacional;PUNTO 4 CARGO DE RENOVACION ANUAL SE ENCUENTRA BONIFICADO PARA TARJETAS INCLUIDAS EN PAQUETES
285;BANCO MACRO S.A.;2026-04-10;VISA CLASSIC NACIONAL;VISA NACIONAL;15972,00;121786,50;112,70;112,70;28000;6;84;Nacional;Todo el territorio nacional;PUNTO 4 CARGO DE RENOVACION ANUAL SE ENCUENTRA BONIFICADO PARA EL SEGMENTO. PUNTOS 7 Y 8 SE TOMA EL SEGMENTO MERCADO ABIERTO
285;BANCO MACRO S.A.;2026-04-10;AMERICAN EXPRESS PLATINUM;AMEX PLAT;22457,60;736944,45;112,70;112,70;96000;6;84;Premium platinum;Todo el territorio nacional;PUNTO 4 CARGO DE RENOVACION ANUAL SE ENCUENTRA BONIFICADO PARA TARJETAS INCLUIDAS EN PAQUETES
285;BANCO MACRO S.A.;2026-04-10;VISA GOLD;VISA GOLD;19565,70;472989,00;112,70;112,70;48000;6;84;Premium gold;Todo el territorio nacional;PUNTO 4 CARGO DE RENOVACION ANUAL SE ENCUENTRA BONIFICADO PARA TARJETAS INCLUIDAS EN PAQUETES
285;BANCO MACRO S.A.;2026-04-10;MASTERCARD PLATINUM;MC PLAT;22457,60;736944,45;112,70;112,70;96000;6;84;Premium platinum;Todo el territorio nacional;PUNTO 4 CARGO DE RENOVACION ANUAL SE ENCUENTRA BONIFICADO PARA TARJETAS INCLUIDAS EN PAQUETES
285;BANCO MACRO S.A.;2026-04-10;VISA SIGNATURE;VISA SIGNAT;48946,92;999999,99;112,70;112,70;150000;6;84;Premium signature, black o similar;Todo el territorio nacional;PUNTO 4 CARGO DE RENOVACION ANUAL $1021518.30 SE ENCUENTRA BONIFICADO PARA TARJETAS INCLUIDAS EN PAQUETES.
285;BANCO MACRO S.A.;2026-04-10;AMERICAN EXPRESS ICON;AMEX ICON;48946,92;999999,99;112,70;112,70;150000;6;84;Premium platinum;Todo el territorio nacional;PUNTO 4 CARGO DE RENOVACION ANUAL $1021518.30 SE ENCUENTRA BONIFICADO PARA TARJETAS INCLUIDAS EN PAQUETES.
285;BANCO MACRO S.A.;2026-04-10;MASTERCARD REGIONAL;MC REG;15972,00;121786,50;112,70;112,70;28000;6;84;Nacional;Todo el territorio nacional;PUNTO 4 CARGO DE RENOVACION ANUAL SE ENCUENTRA BONIFICADO PARA EL SEGMENTO. PUNTOS 7 Y 8 SE TOMA EL SEGMENTO MERCADO ABIERTO
285;BANCO MACRO S.A.;2026-04-10;VISA PLATINUM;VISA PLAT;22457,60;736944,45;112,70;112,70;96000;6;84;Premium platinum;Todo el territorio nacional;PUNTO 4 CARGO DE RENOVACION ANUAL SE ENCUENTRA BONIFICADO PARA TARJETAS INCLUIDAS EN PAQUETES
285;BANCO MACRO S.A.;2026-04-10;MASTERCARD GOLD;MC GOLD;19565,70;472989,00;112,70;112,70;48000;6;84;Premium gold;Todo el territorio nacional;PUNTO 4 CARGO DE RENOVACION ANUAL SE ENCUENTRA BONIFICADO PARA TARJETAS INCLUIDAS EN PAQUETES
299;BANCO COMAFI SOCIEDAD ANONIMA;2026-03-31;MASTERCARD INTERNACIONAL;MC INT;8372,38;137305,17;122,20;122,20;10000;6;100;Internacional;Todo el territorio nacional;PROGRAMAS DE BENEFICIOS TE VA BIEN Y TE VA BIEN SUMA
299;BANCO COMAFI SOCIEDAD ANONIMA;2026-03-31;VISA NACIONAL;VISA NAC;8372,38;81410,63;122,20;122,20;10000;6;100;Nacional;Todo el territorio nacional;PROGRAMAS DE BENEFICIOS TE VA BIEN Y TE VA BIEN SUMA
299;BANCO COMAFI SOCIEDAD ANONIMA;2026-03-31;VISA GOLD ;VISA GOLD;8372,38;276609,51;122,20;122,20;10000;6;100;Premium gold;Todo el territorio nacional;PROGRAMAS DE BENEFICIOS TE VA BIEN Y TE VA BIEN SUMA
299;BANCO COMAFI SOCIEDAD ANONIMA;2026-03-31;MASTECARD GOLD;MC GOLD;8372,38;276609,51;122,20;122,20;10000;6;100;Premium gold;Todo el territorio nacional;PROGRAMAS DE BENEFICIOS TE VA BIEN Y TE VA BIEN SUMA
299;BANCO COMAFI SOCIEDAD ANONIMA;2026-03-31;VISA SIGNATURE;VISA SIG;8372,38;522099,62;122,20;122,20;65000;6;100;Premium signature, black o similar;Todo el territorio nacional;PROGRAMAS DE BENEFICIOS TE VA BIEN Y TE VA BIEN SUMA
299;BANCO COMAFI SOCIEDAD ANONIMA;2026-03-31;VISA PLATINUM;VISA PLAT;8372,38;391530,22;122,20;122,20;35000;6;100;Premium signature, black o similar;Todo el territorio nacional;PROGRAMAS DE BENEFICIOS TE VA BIEN Y TE VA BIEN SUMA
299;BANCO COMAFI SOCIEDAD ANONIMA;2026-03-31;MC BLACK;MC BLACK;8372,38;522099,62;122,20;122,20;65000;6;100;Premium signature, black o similar;Todo el territorio nacional;PROGRAMAS DE BENEFICIOS TE VA BIEN Y TE VA BIEN SUMA
299;BANCO COMAFI SOCIEDAD ANONIMA;2026-03-31;MC PLATINUM;MC PLAT;8372,38;391530,22;122,20;122,20;35000;6;100;Premium signature, black o similar;Todo el territorio nacional;PROGRAMAS DE BENEFICIOS TE VA BIEN Y TE VA BIEN SUMA
299;BANCO COMAFI SOCIEDAD ANONIMA;2026-03-31;VISA CLASSIC INTERNACIONAL;VISA INT;8372,38;137305,17;122,20;122,20;10000;6;100;Internacional;Todo el territorio nacional;PROGRAMAS DE BENEFICIOS TE VA BIEN Y TE VA BIEN SUMA
309;BANCO RIOJA SOCIEDAD ANONIMA UNIPERSONAL;2025-09-18;TC VISA GOLD;VISA;4210,00;110110,00;141,27;141,27;644400;6;95;Premium gold;Todo el territorio nacional;
309;BANCO RIOJA SOCIEDAD ANONIMA UNIPERSONAL;2025-09-18;TC VISA INTERNACIONAL;VISA;4210,00;55055,00;141,27;141,27;161100;6;95;Internacional;Todo el territorio nacional;
309;BANCO RIOJA SOCIEDAD ANONIMA UNIPERSONAL;2025-09-18;TC MASTERCARD INTERNACIONAL;MASTERCARD;4210,00;55055,00;141,27;141,27;161100;6;95;Internacional;Todo el territorio nacional;
309;BANCO RIOJA SOCIEDAD ANONIMA UNIPERSONAL;2025-09-18;TC MASTERCARD GOLD;MASTERCARD;4210,00;110110,00;141,27;141,27;644400;6;95;Premium gold;Todo el territorio nacional;
309;BANCO RIOJA SOCIEDAD ANONIMA UNIPERSONAL;2025-09-18;TC MASTERCARD BLACK;MASTERCARD;4210,00;297700,00;141,27;141,27;1933200;6;95;Premium signature, black o similar;Todo el territorio nacional;
309;BANCO RIOJA SOCIEDAD ANONIMA UNIPERSONAL;2025-09-18;TC VISA BUSINESS;VISA;4210,00;55055,00;141,27;141,27;161100;6;95;Premium platinum;Todo el territorio nacional;
309;BANCO RIOJA SOCIEDAD ANONIMA UNIPERSONAL;2025-09-18;TC MASTERCARD PLATINUM;MASTERCARD;4210,00;213500,00;141,27;141,27;1288800;6;95;Premium platinum;Todo el territorio nacional;
310;BANCO DEL SOL S.A.;2026-04-08;TARJETA DE CREDITO MASTERCARD;MASTER GOLD;15000,00;192500,00;150,42;150,42;40000;3;85;Premium gold;Todo el territorio nacional;LAS TEA NO INCLUYEN IVA
310;BANCO DEL SOL S.A.;2026-04-08;TARJETA DE CREDITO MASTERCARD;MASTER BLACK;15000,00;350000,00;150,42;150,42;40000;3;85;Premium signature, black o similar;Todo el territorio nacional;LAS TEA NO INCLUYEN IVA
310;BANCO DEL SOL S.A.;2026-04-08;TARJETA DE CREDITO MASTERCARD;MASTER PLATINUM;15000,00;262500,00;150,42;150,42;40000;3;85;Premium platinum;Todo el territorio nacional;LAS TEA NO INCLUYEN IVA
310;BANCO DEL SOL S.A.;2026-04-08;TARJETA DE CREDITO MASTERCARD;MASTER INTERNACIONAL;15000,00;90000,00;150,42;150,42;40000;3;85;Internacional;Todo el territorio nacional;LAS TEA NO INCLUYEN IVA
311;NUEVO BANCO DEL CHACO S. A.;2026-04-15;VISA;VISA;8615,20;304745,76;86,50;86,50;0;0;100;Premium gold;Todo el territorio nacional;
311;NUEVO BANCO DEL CHACO S. A.;2026-04-15;MASTERCARD;MASTERCARD;8615,20;183997,44;86,50;86,50;0;0;100;Premium gold;Todo el territorio nacional;
311;NUEVO BANCO DEL CHACO S. A.;2026-04-15;MASTERCARD;MASTERCARD;8615,20;107777,12;86,50;86,50;0;0;100;Premium platinum;Todo el territorio nacional;
311;NUEVO BANCO DEL CHACO S. A.;2026-04-15;MASTERCARD;MASTERCARD;8615,20;304745,76;86,50;86,50;0;0;100;Internacional;Todo el territorio nacional;
311;NUEVO BANCO DEL CHACO S. A.;2026-04-15;VISA;VISA;8615,20;406320,42;86,50;86,50;0;0;100;Internacional;Todo el territorio nacional;
311;NUEVO BANCO DEL CHACO S. A.;2026-04-15;VISA;VISA;8615,20;107777,12;86,50;86,50;0;0;100;Premium signature, black o similar;Todo el territorio nacional;
311;NUEVO BANCO DEL CHACO S. A.;2026-04-15;CABAL;CABAL;8615,20;107777,12;86,50;86,50;0;0;100;Nacional;Todo el territorio nacional;
311;NUEVO BANCO DEL CHACO S. A.;2026-04-15;VISA;VISA;8615,20;107777,12;86,50;86,50;0;0;100;Nacional;Todo el territorio nacional;
311;NUEVO BANCO DEL CHACO S. A.;2026-04-15;MASTERCARD;MASTERCARD;8615,20;107777,12;86,50;86,50;0;0;100;Premium signature, black o similar;Todo el territorio nacional;
311;NUEVO BANCO DEL CHACO S. A.;2026-04-15;MASTERCARD;MASTERCARD;8615,20;406320,42;86,50;86,50;0;0;100;Nacional;Todo el territorio nacional;
311;NUEVO BANCO DEL CHACO S. A.;2026-04-15;TUYA;TUYA;8615,20;64028,36;86,50;86,50;0;0;100;Nacional;Todo el territorio nacional;
311;NUEVO BANCO DEL CHACO S. A.;2026-04-15;VISA;VISA;8615,20;183997,44;86,50;86,50;0;0;100;Premium platinum;Todo el territorio nacional;
315;BANCO DE FORMOSA S.A.;2026-03-31;TARJETA VISA INTERNACIONAL;TARJETA VISA INTERNACIONA;15730,00;125840,00;101,27;101,27;1000;6;85;Internacional;Todo el territorio nacional;
315;BANCO DE FORMOSA S.A.;2026-03-31;TARJETA CABAL CHIGUE;TARJETA CABAL CHIGUE;15730,00;95590,00;101,27;101,27;1000;6;85;Internacional;Todo el territorio nacional;
321;BANCO DE SANTIAGO DEL ESTERO S.A.;2025-09-04;TARJETA MASTERCARD;TARJETA MASTERCARD;4840,00;48400,00;128,48;128,48;2000;3;100;Nacional;Provincia de Catamarca;
321;BANCO DE SANTIAGO DEL ESTERO S.A.;2025-09-04;TARJETA MASTERCARD;TARJETA MASTERCARD;4840,00;48400,00;128,48;128,48;2000;3;100;Nacional;Provincia de Buenos Aires;
321;BANCO DE SANTIAGO DEL ESTERO S.A.;2025-09-04;TARJETA SOL;TARJETA SOL;8470,00;19360,00;128,48;128,48;500;3;77;Nacional;Provincia de Santiago del Estero;
321;BANCO DE SANTIAGO DEL ESTERO S.A.;2025-09-04;TARJETA MASTERCARD;TARJETA MASTERCARD;4840,00;48400,00;128,48;128,48;2000;3;100;Premium gold;Provincia de Buenos Aires;
321;BANCO DE SANTIAGO DEL ESTERO S.A.;2025-09-04;TARJETA MASTERCARD;TARJETA MASTERCARD;4840,00;48400,00;128,48;128,48;2000;3;100;Internacional;Provincia de Buenos Aires;
321;BANCO DE SANTIAGO DEL ESTERO S.A.;2025-09-04;TARJETA VISA;TARJETA VISA;4840,00;48400,00;128,48;128,48;2000;3;100;Internacional;Provincia de Buenos Aires;
321;BANCO DE SANTIAGO DEL ESTERO S.A.;2025-09-04;TARJETA MASTERCARD;TARJETA MASTERCARD;4840,00;48400,00;128,48;128,48;2000;3;100;Internacional;Provincia de Tucumán;
321;BANCO DE SANTIAGO DEL ESTERO S.A.;2025-09-04;TARJETA MASTERCARD;TARJETA MASTERCARD;4840,00;48400,00;128,48;128,48;2000;3;100;Nacional;Provincia de Tucumán;
321;BANCO DE SANTIAGO DEL ESTERO S.A.;2025-09-04;TARJETA MASTERCARD;TARJETA MASTERCARD;4840,00;48400,00;128,48;128,48;2000;3;100;Premium gold;Provincia de Tucumán;
321;BANCO DE SANTIAGO DEL ESTERO S.A.;2025-09-04;TARJETA VISA;TARJETA VISA;285,56;135,52;112,98;112,98;2000;3;100;Nacional;Provincia de Buenos Aires;
321;BANCO DE SANTIAGO DEL ESTERO S.A.;2025-09-04;TARJETA VISA;TARJETA VISA;4840,00;48400,00;128,48;128,48;2000;3;100;Nacional;Provincia de Tucumán;
321;BANCO DE SANTIAGO DEL ESTERO S.A.;2025-09-04;TARJETA SOL;TARJETA SOL;8470,00;19360,00;128,48;128,48;500;3;77;Nacional;Provincia de Tucumán;
321;BANCO DE SANTIAGO DEL ESTERO S.A.;2025-09-04;TARJETA VISA;TARJETA VISA;4840,00;48400,00;128,48;128,48;2000;3;100;Nacional;Provincia de Catamarca;
321;BANCO DE SANTIAGO DEL ESTERO S.A.;2025-09-04;TARJETA SOL;TARJETA SOL;8470,00;19360,00;128,48;128,48;500;3;77;Nacional;Provincia de Salta;
321;BANCO DE SANTIAGO DEL ESTERO S.A.;2025-09-04;TARJETA VISA;TARJETA VISA;4840,00;48400,00;128,48;128,48;2000;3;100;Internacional;Provincia de Catamarca;
321;BANCO DE SANTIAGO DEL ESTERO S.A.;2025-09-04;TARJETA SOL;TARJETA SOL;8470,00;19360,00;128,48;128,48;500;3;77;Nacional;Provincia de Catamarca;
321;BANCO DE SANTIAGO DEL ESTERO S.A.;2025-09-04;TARJETA MASTERCARD;TARJETA MASTERCARD;4840,00;48400,00;128,48;128,48;2000;3;100;Internacional;Provincia de Catamarca;
321;BANCO DE SANTIAGO DEL ESTERO S.A.;2025-09-04;TARJETA MASTERCARD;TARJETA MASTERCARD;4840,00;48400,00;128,48;128,48;2000;3;100;Premium gold;Provincia de Catamarca;
321;BANCO DE SANTIAGO DEL ESTERO S.A.;2025-09-04;TARJETA VISA;TARJETA VISA;4840,00;48400,00;128,48;128,48;2000;3;100;Internacional;Provincia de Tucumán;
321;BANCO DE SANTIAGO DEL ESTERO S.A.;2025-09-04;TARJETA MASTERCARD;TARJETA MASTERCARD;4840,00;48400,00;128,48;128,48;2000;3;100;Nacional;Provincia de Santiago del Estero;
321;BANCO DE SANTIAGO DEL ESTERO S.A.;2025-09-04;TARJETA MASTERCARD;TARJETA MASTERCARD;4840,00;48400,00;128,48;128,48;2000;3;100;Premium gold;Provincia de Santiago del Estero;
321;BANCO DE SANTIAGO DEL ESTERO S.A.;2025-09-04;TARJETA VISA;TARJETA VISA;4840,00;48400,00;128,48;128,48;2000;3;100;Nacional;Provincia de Santiago del Estero;
321;BANCO DE SANTIAGO DEL ESTERO S.A.;2025-09-04;TARJETA VISA;TARJETA VISA;4840,00;48400,00;128,48;128,48;2000;3;100;Internacional;Provincia de Santiago del Estero;
321;BANCO DE SANTIAGO DEL ESTERO S.A.;2025-09-04;TARJETA MASTERCARD;TARJETA MASTERCARD;4840,00;48400,00;128,48;128,48;2000;3;100;Internacional;Provincia de Córdoba;
321;BANCO DE SANTIAGO DEL ESTERO S.A.;2025-09-04;TARJETA MASTERCARD;TARJETA MASTERCARD;4840,00;48400,00;128,48;128,48;2000;3;100;Internacional;Provincia de Santiago del Estero;
321;BANCO DE SANTIAGO DEL ESTERO S.A.;2025-09-04;TARJETA MASTERCARD;TARJETA MASTERCARD;4840,00;48400,00;128,48;128,48;2000;3;100;Premium gold;Provincia de Córdoba;
321;BANCO DE SANTIAGO DEL ESTERO S.A.;2025-09-04;TARJETA MASTERCARD;TARJETA MASTERCARD;4840,00;48400,00;128,48;128,48;2000;3;100;Nacional;Provincia de Córdoba;
321;BANCO DE SANTIAGO DEL ESTERO S.A.;2025-09-04;TARJETA SOL;TARJETA SOL;8470,00;19360,00;128,48;128,48;500;3;77;Nacional;Provincia de Córdoba;
321;BANCO DE SANTIAGO DEL ESTERO S.A.;2025-09-04;TARJETA VISA;TARJETA VISA;4840,00;48400,00;128,48;128,48;2000;3;100;Nacional;Provincia de Córdoba;
321;BANCO DE SANTIAGO DEL ESTERO S.A.;2025-09-04;TARJETA VISA;TARJETA VISA;4840,00;48400,00;128,48;128,48;2000;3;100;Internacional;Provincia de Córdoba;
321;BANCO DE SANTIAGO DEL ESTERO S.A.;2025-09-04;TARJETA VISA;TARJETA VISA;4840,00;145200,00;128,48;128,48;500;3;100;Premium signature, black o similar;Todo el territorio nacional;
321;BANCO DE SANTIAGO DEL ESTERO S.A.;2025-09-04;TARJETA SOL;TARJETA SOL;8470,00;19360,00;128,48;128,48;500;3;77;Nacional;Provincia de Jujuy;
322;BANCO INDUSTRIAL S.A.;2025-08-01;VISA GOLD;VISA GOLD;12116,94;389692,60;214,07;214,07;500000;12;63;Premium gold;Todo el territorio nacional;SERVICIO DE RENOVACION BONIFICADO PARA TARJETAS INCLUIDAS EN PAQUETES
322;BANCO INDUSTRIAL S.A.;2025-08-01;VISA GOLD;VISA GOLD;12116,94;389692,60;214,07;214,07;500000;12;84;Premium gold;Todo el territorio nacional;SERVICIO DE RENOVACION BONIFICADO PARA TARJETAS INCLUIDAS EN PAQUETES
322;BANCO INDUSTRIAL S.A.;2025-08-01;VISA PLATINUM;VISA PLATINUM;12116,94;531905,11;214,07;214,07;1250000;12;84;Premium platinum;Todo el territorio nacional;SERVICIO DE RENOVACION BONIFICADO PARA TARJETAS INCLUIDAS EN PAQUETES
322;BANCO INDUSTRIAL S.A.;2025-08-01;VISA PLATINUM;VISA PLATINUM;12116,94;531905,11;214,07;214,07;1250000;12;63;Premium platinum;Todo el territorio nacional;SERVICIO DE RENOVACION BONIFICADO PARA TARJETAS INCLUIDAS EN PAQUETES
322;BANCO INDUSTRIAL S.A.;2025-08-01;VISA INTERNACIONAL;VISA INTERNACIONAL;12116,94;184307,20;214,07;214,07;80000;12;63;Internacional;Todo el territorio nacional;SERVICIO DE RENOVACION BONIFICADO PARA TARJETAS INCLUIDAS EN PAQUETES
322;BANCO INDUSTRIAL S.A.;2025-08-01;VISA INTERNACIONAL;VISA INTERNACIONAL;12116,94;184307,20;214,07;214,07;80000;12;84;Internacional;Todo el territorio nacional;SERVICIO DE RENOVACION BONIFICADO PARA TARJETAS INCLUIDAS EN PAQUETES
322;BANCO INDUSTRIAL S.A.;2025-08-01;VISA SIGNATURE;VISA SIGNATURE;12116,94;716229,25;214,07;214,07;2000000;12;84;Premium signature, black o similar;Todo el territorio nacional;SERVICIO DE RENOVACION BONIFICADO PARA TARJETAS INCLUIDAS EN PAQUETES
322;BANCO INDUSTRIAL S.A.;2025-08-01;VISA SIGNATURE;VISA SIGNATURE;12116,94;716229,25;214,07;214,07;2000000;12;63;Premium signature, black o similar;Todo el territorio nacional;SERVICIO DE RENOVACION BONIFICADO PARA TARJETAS INCLUIDAS EN PAQUETES
330;NUEVO BANCO DE SANTA FE SOCIEDAD ANONIMA;2026-04-07;VISA INTERNACIONAL;VISA INTERNACIONAL;10350,00;206267,00;145,02;145,02;352400;0;83;Internacional;Todo el territorio nacional;SERVICIO DE RENOVACION ANUAL: SE BONIFICA TOTAL O PARCIALMENTE, EN FUNCION DE LOS CONSUMOS, SEGUN EL PROGRAMA SUMA PUNTOS.SERVICIO DE RENOVACION ANUAL Y MANTENIMIENTO DE CUENTA:TARJETAS ASOCIADAS A PAQUETE DE CUENTAS BONIFICADO 100 PORCIENTO
332;BANCO DE SERVICIOS FINANCIEROS CARREFOUR SAU;2026-03-26;TARJETA CARREFOUR MASTERCARD GOLD;MC GOLD;10695,19;68573,12;118,00;118,00;0;0;100;Premium gold;Todo el territorio nacional;
332;BANCO DE SERVICIOS FINANCIEROS CARREFOUR SAU;2026-03-26;TARJETA CARREFOUR;TARJETA CARREFOUR;10695,19;51578,67;118,00;118,00;0;0;100;Nacional;Todo el territorio nacional;
332;BANCO DE SERVICIOS FINANCIEROS CARREFOUR SAU;2026-03-26;TARJETA CARREFOUR MASTERCARD PLATINIUM;MC PLATINIUM;10695,19;121458,59;118,00;118,00;0;0;100;Premium platinum;Todo el territorio nacional;
332;BANCO DE SERVICIOS FINANCIEROS CARREFOUR SAU;2026-03-26;TARJETA CARREFOUR MASTERCARD INTERNACIONAL;MC INT;10695,19;51578,67;118,00;118,00;0;0;100;Internacional;Todo el territorio nacional;
332;BANCO DE SERVICIOS FINANCIEROS CARREFOUR SAU;2026-03-26;MI CARREFOUR PREPAGA;MI CARREFOUR PREPAGA;1028,50;,00;,00;,00;0;0;100;Nacional;Todo el territorio nacional;
332;BANCO DE SERVICIOS FINANCIEROS CARREFOUR SAU;2026-03-26;TARJETA CARREFOUR MASTERCARD BLACK;MC BLACK;10695,19;176263,12;118,00;118,00;0;0;100;Premium signature, black o similar;Todo el territorio nacional;
341;BANCO MASVENTAS S.A.;2026-03-16;000DMASTERCARD GOLD;MC GOL;8780,97;205635,52;138,28;138,28;900;3;80;Premium gold;Provincia de Salta;000A
341;BANCO MASVENTAS S.A.;2026-03-16;000DMASTERCARD NACIONAL;MC NAC;8780,97;79068,82;138,28;138,28;900;3;80;Nacional;Provincia de Salta;000A
341;BANCO MASVENTAS S.A.;2026-03-16;000DMASTERCARD INTERNACIONAL;MC INT;8780,97;102789,48;138,28;138,28;900;3;80;Internacional;Provincia de Salta;000A
341;BANCO MASVENTAS S.A.;2026-03-16;000DVISA GOLD;VISA GOLD;8780,97;205635,52;138,28;138,28;900;3;80;Premium gold;Provincia de Salta;000A
341;BANCO MASVENTAS S.A.;2026-03-16;000DVISA INTERNACIONAL;VISA INT;8780,97;102789,48;138,28;138,28;900;3;80;Internacional;Provincia de Salta;000A
341;BANCO MASVENTAS S.A.;2026-03-16;000DVISA NACIONAL;VISA NAC;8780,97;79068,82;138,28;138,28;900;3;80;Nacional;Provincia de Salta;000A
341;BANCO MASVENTAS S.A.;2026-03-16;000DMASTERCARD BLACK;MC BLA;8780,97;315307,96;138,28;138,28;900;3;80;Premium signature, black o similar;Provincia de Salta;000A
341;BANCO MASVENTAS S.A.;2026-03-16;000DVISA SIGNATURE;VISA SIG;8780,97;315307,96;138,28;138,28;900;3;80;Premium signature, black o similar;Provincia de Salta;0000A
341;BANCO MASVENTAS S.A.;2026-03-16;000DMASTERCARD PLATINUM;MC PLA;8780,97;274180,78;138,28;138,28;900;3;80;Premium platinum;Provincia de Salta;000A
341;BANCO MASVENTAS S.A.;2026-03-16;000DVISA PLATINUM;VISA PLA;8780,97;315307,96;138,28;138,28;900;3;80;Premium platinum;Provincia de Salta;000A
341;BANCO MASVENTAS S.A.;2026-03-16;000DVISA INTERNACIONAL;VISA INT;8780,97;102789,48;138,28;138,28;900;3;80;Internacional;Provincia de Jujuy;000A
341;BANCO MASVENTAS S.A.;2026-03-16;000DMASTERCARD NACIONAL;MC NAC;8780,97;79068,82;138,28;138,28;900;3;80;Nacional;Provincia de Jujuy;000A
341;BANCO MASVENTAS S.A.;2026-03-16;000DVISA SIGNATURE;VISA SIG;8780,97;315307,96;138,28;138,28;900;3;80;Premium signature, black o similar;Provincia de Jujuy;0000A
341;BANCO MASVENTAS S.A.;2026-03-16;000DMASTERCARD BLACK;MC BLA;8780,97;315307,96;138,28;138,28;900;3;80;Premium signature, black o similar;Provincia de Jujuy;000A
341;BANCO MASVENTAS S.A.;2026-03-16;000DVISA NACIONAL;VISA NAC;8780,97;79068,82;138,28;138,28;900;3;80;Nacional;Provincia de Jujuy;000A
341;BANCO MASVENTAS S.A.;2026-03-16;000DMASTERCARD GOLD;MC GOL;8780,97;205635,52;138,28;138,28;900;3;80;Premium gold;Provincia de Jujuy;000A
341;BANCO MASVENTAS S.A.;2026-03-16;000DMASTERCARD PLATINUM;MC PLA;8780,97;274180,78;138,28;138,28;900;3;80;Premium platinum;Provincia de Jujuy;0000A
341;BANCO MASVENTAS S.A.;2026-03-16;000DMASTERCARD INTERNACIONAL;MC INT;8780,97;102789,48;138,28;138,28;900;3;80;Internacional;Provincia de Jujuy;000A
341;BANCO MASVENTAS S.A.;2026-03-16;000DVISA GOLD;VISA GOLD;8780,97;205635,52;138,28;138,28;900;3;80;Premium gold;Provincia de Jujuy;000A
341;BANCO MASVENTAS S.A.;2026-03-16;000DVISA PLATINUM;VISA PLA;8780,97;315307,96;138,28;138,28;900;3;80;Premium platinum;Provincia de Jujuy;000A
384;UALA BANK S.A.U.;2026-04-08;TARJETA DE CREDITO MASTERCARD INTERNACIONAL;MASTERCARD INTERNACIONAL;,00;,00;211,22;211,22;0;0;100;Internacional;Todo el territorio nacional;
386;NUEVO BANCO DE ENTRE RÍOS S.A.;2026-04-07;VISA INTERNACIONAL;VISA INTERNACIONAL;10350,00;206267,00;112,89;112,89;15000;0;83;Internacional;Todo el territorio nacional;SERVICIO DE RENOVACION ANUAL: SE BONIFICA TOTAL O PARCIALMENTE, EN FUNCION DE LOS CONSUMOS, SEGUN EL PROGRAMA SUMA PUNTOS.SERVICIO DE RENOVACION ANUAL Y MANTENIMIENTO DE CUENTA:TARJETAS ASOCIADAS A PAQUETE DE CUENTAS BONIFICADO 100 POR CIENTO.-
389;BANCO COLUMBIA S.A.;2026-02-20;TARJETA DE CREDITO INTERNACIONAL ESTANDAR;TARJETA DE CREDITO INT;15946,16;202373,71;150,00;150,00;19051;6;85;Internacional;Todo el territorio nacional;ACTIVOS EN RELACION DE DEPENDENCIA, INGRESO MINIMO SOLICITADO 48500 PESOS PARA CLIENTES NUEVOS Y EXISTENTES, EFECTIVO CON ANTIGUEDAD MINIMA DE 6 MESES AUTONOMOS, INGRESO MINIMO SOLICITADO 117000 PESOS PARA CLIENTES NUEVOS Y EXISTENTES CON 1 ANO DE ANTIGUEDAD LABORAL.JUBILADOS, INGRESO MINIMO SOLICITADO 39500 PESOS PARA CLIENTES NUEVOS Y EXISTENTES.
389;BANCO COLUMBIA S.A.;2026-02-20;TARJETA DE CREDITO SIGNATURE/BLACK ESTANDAR;TARJ DE CRED SIGN/BLACK;21166,75;399048,32;150,00;150,00;19051;6;85;Premium signature, black o similar;Todo el territorio nacional;ACTIVOS EN RELACION DE DEPENDENCIA, INGRESO MINIMO SOLICITADO 48500 PESOS PARA CLIENTES NUEVOS Y EXISTENTES, EFECTIVO CON ANTIGUEDAD MINIMA DE 6 MESES.AUTONOMOS, INGRESO MINIMO SOLICITADO 117000 PESOS PARA CLIENTES NUEVOS Y EXISTENTES CON 1 ANO DE ANTIGUEDAD LABORAL.JUBILADOS, INGRESO MINIMO SOLICITADO 39500 PESOS PARA CLIENTES NUEVOS Y EXISTENTES.
389;BANCO COLUMBIA S.A.;2026-02-20;TARJETA DE CREDITO GOLD ESTANDAR;TARJETA DE CREDITO GOLD;18648,45;252962,60;150,00;150,00;19051;6;85;Premium gold;Todo el territorio nacional;ACTIVOS EN RELACION DE DEPENDENCIA, INGRESO MINIMO SOLICITADO 48500 PESOS PARA CLIENTES NUEVOS Y EXISTENTES, EFECTIVO CON ANTIGUEDAD MINIMA DE 6 MESES.AUTONOMOS, INGRESO MINIMO SOLICITADO 117000 PESOS PARA CLIENTES NUEVOS Y EXISTENTES CON 1 ANO DE ANTIGUEDAD LABORAL.JUBILADOS, INGRESO MINIMO SOLICITADO 39500 PESOS PARA CLIENTES NUEVOS Y EXISTENTES.
426;BANCO BICA S.A.;2026-04-15;TARJETA DE CREDITO VISA SIGNATURE;VISA SIGNATURE;28581,00;493653,00;185,34;185,34;300000;12;79;Premium signature, black o similar;Todo el territorio nacional;
426;BANCO BICA S.A.;2026-04-15;TARJETA DE CREDITO MASTERCARD ORO;MASTERCARD ORO;15879,00;244785,00;185,34;185,34;300000;12;79;Premium gold;Todo el territorio nacional;
426;BANCO BICA S.A.;2026-04-15;TARJETA DE CREDITO VISA GOLD;VISA GOLD;15879,00;244785,00;185,34;185,34;300000;12;79;Premium gold;Todo el territorio nacional;
426;BANCO BICA S.A.;2026-04-15;TARJETA DE CREDITO VISA INTERNACIONAL;VISA INTERNACIONAL;13973,00;134326,00;185,34;185,34;300000;12;79;Internacional;Todo el territorio nacional;
426;BANCO BICA S.A.;2026-04-15;TARJETA DE CREDITO MASTERCARD BLACK;MASTERCARD BLACK;28581,00;493653,00;185,34;185,34;300000;12;79;Premium signature, black o similar;Todo el territorio nacional;
426;BANCO BICA S.A.;2026-04-15;TARJETA DE CREDITO VISA PLATINUM;VISA PLATINUM;18420,00;405507,00;185,34;185,34;300000;12;79;Premium platinum;Todo el territorio nacional;
426;BANCO BICA S.A.;2026-04-15;TARJETA DE CREDITO MASTERCARD PLATINUM;MASTERCARD PLATINUM;18420,00;405507,00;185,34;185,34;300000;12;79;Premium platinum;Todo el territorio nacional;
426;BANCO BICA S.A.;2026-04-15;TARJETA DE CREDITO MASTERCARD INTERNACIONAL;MASTERCARD INTERNACIONAL;13973,00;134326,00;185,34;185,34;300000;12;79;Internacional;Todo el territorio nacional;
431;BANCO COINAG S.A.;2026-03-31;VISA SIGNATURE;VISA SIGNATURE;11500,00;225400,00;97,51;97,51;0;6;75;Premium signature, black o similar;Todo el territorio nacional;
431;BANCO COINAG S.A.;2026-03-31;VISA PLATINIUM;VISA PLATINIUM;6200,00;115700,00;97,51;97,51;0;6;75;Premium platinum;Todo el territorio nacional;
431;BANCO COINAG S.A.;2026-03-31;VISA GOLD;VISA GOLD;6200,00;78900,00;97,51;97,51;0;6;75;Premium gold;Todo el territorio nacional;
431;BANCO COINAG S.A.;2026-03-31;VISA INTERNACIONAL;VISA INTERNACIONAL;6200,00;42100,00;97,51;97,51;0;6;75;Internacional;Todo el territorio nacional;
432;BANCO DE COMERCIO S.A.;2026-04-16;TARJETA DE CREDITO;MC INTERNACIONAL;9300,00;82328,00;461,06;103,62;1500;6;70;Internacional;Todo el territorio nacional;
432;BANCO DE COMERCIO S.A.;2026-04-16;TARJETA DE CREDITO;MC GOLD;9300,00;196578,00;968,15;103,62;1500;6;70;Premium gold;Todo el territorio nacional;
432;BANCO DE COMERCIO S.A.;2026-04-16;TARJETA DE CREDITO;MC PLATINUM;9300,00;250190,00;1049,16;103,62;1500;6;70;Premium platinum;Todo el territorio nacional;
435;BANCO SUCREDITO REGIONAL S.A.U.;2025-12-01;TARJETA SUCREDITO;SUCREDITO;7005,90;8823,93;196,08;;1500;4;75;Nacional;Provincia de Tucumán;
435;BANCO SUCREDITO REGIONAL S.A.U.;2025-12-01;TARJETA SUCREDITO;SUCREDITO;7005,90;8823,93;196,08;;1500;4;75;Nacional;Provincia de Salta;
435;BANCO SUCREDITO REGIONAL S.A.U.;2025-12-01;TARJETA SUCREDITO;SUCREDITO;7005,90;8823,93;196,08;;1500;4;75;Nacional;Provincia de Santiago del Estero;
435;BANCO SUCREDITO REGIONAL S.A.U.;2025-12-01;TARJETA SUCREDITO;SUCREDITO;7005,90;8823,93;196,08;;1500;4;75;Nacional;Provincia de Jujuy;
435;BANCO SUCREDITO REGIONAL S.A.U.;2025-12-01;TARJETA SUCREDITO;SUCREDITO;7005,90;8823,93;196,08;;1500;4;75;Nacional;Provincia de Córdoba;
448;BANCO DINO S.A.;2026-03-20;TARJETA DE CREDITO MASTERCARD INTERNACIONAL;MASTERCARD INTERNACIONAL;9084,08;108900,00;149,91;149,91;350000;12;75;Internacional;Provincia de Córdoba;LA COMISION POR SERVICIO DE RENOVACION SE BONIFICA SI EL CONSUMO ANUAL ES SUPERIOR A LOS PESOS 600000
44077;COMPAÑIA FINANCIERA ARGENTINA S.A.;2026-04-01;EFECTIVO SI VISA;EFECTIVO SI VISA;7977,00;92313,00;304,81;304,81;5000;6;83;Premium gold;Todo el territorio nacional;
44077;COMPAÑIA FINANCIERA ARGENTINA S.A.;2026-04-01;EFECTIVO SI VISA;EFECTIVO SI VISA;7977,00;27724,00;304,81;304,81;5000;6;83;Nacional;Todo el territorio nacional;
44077;COMPAÑIA FINANCIERA ARGENTINA S.A.;2026-04-01;EFECTIVO SI VISA;EFECTIVO SI VISA;7977,00;65557,00;304,81;304,81;5000;6;83;Internacional;Todo el territorio nacional;
45056;MONTEMAR COMPAÑIA FINANCIERA S.A.;2026-03-13;MONTEMAR;TM;14305,25;;214,07;214,07;0;12;75;Nacional;Provincia de San Luis;
45056;MONTEMAR COMPAÑIA FINANCIERA S.A.;2026-03-13;MONTEMAR;TM;14305,25;;214,07;214,07;0;12;75;Nacional;Provincia de San Juan;
45056;MONTEMAR COMPAÑIA FINANCIERA S.A.;2026-03-13;MASTERCARD BLACK;MCI;41073,79;504653,76;117,01;214,07;0;12;75;Premium platinum;Todo el territorio nacional;
45056;MONTEMAR COMPAÑIA FINANCIERA S.A.;2026-03-13;MASTERCARD INTERNACIONAL;MCI;18120,06;147190,68;214,07;214,07;0;12;75;Internacional;Todo el territorio nacional;
45056;MONTEMAR COMPAÑIA FINANCIERA S.A.;2026-03-13;MASTERCARD REGIONAL;MCR;18120,06;122340,31;214,07;214,07;0;12;75;Nacional;Todo el territorio nacional;
45056;MONTEMAR COMPAÑIA FINANCIERA S.A.;2026-03-13;MASTERCARD PLATINUM;MCI;18120,06;364935,57;214,07;214,07;0;12;75;Premium platinum;Todo el territorio nacional;
45056;MONTEMAR COMPAÑIA FINANCIERA S.A.;2026-03-13;MONTEMAR;TM;14305,25;;214,07;214,07;0;12;75;Nacional;Provincia del Neuquén;
45056;MONTEMAR COMPAÑIA FINANCIERA S.A.;2026-03-13;MASTERCARD GOLD;MCO;18120,06;266924,30;214,07;214,07;0;12;75;Premium gold;Todo el territorio nacional;
45056;MONTEMAR COMPAÑIA FINANCIERA S.A.;2026-03-13;MONTEMAR;TM;14305,25;;214,07;214,07;0;12;75;Nacional;Provincia de Córdoba;
45056;MONTEMAR COMPAÑIA FINANCIERA S.A.;2026-03-13;MONTEMAR;TM;14305,25;;214,07;214,07;0;12;75;Nacional;Provincia de Mendoza;
55028;Favanet S.A.;2021-09-20;FAVACARD;FAVACARD;125,84;747,78;60,10;60,10;3750;4;75;Nacional;Provincia de Buenos Aires;
55028;Favanet S.A.;2021-09-20;FAVACARD CABAL;FAVACARD CABAL;33,28;132,13;60,10;60,10;3750;4;75;Internacional;Todo el territorio nacional;
65203;CRÉDITO REGIONAL COMPAÑÍA FINANCIERA S.A.U.;2024-09-16;TARJETA DE CREDITO MASTERCARD;MASTER;320,00;4500,00;127,42;127,42;10000;12;68;Premium gold;Todo el territorio nacional;
65203;CRÉDITO REGIONAL COMPAÑÍA FINANCIERA S.A.U.;2024-09-16;TARJETA DE CREDITO MASTERCARD;MASTER;320,00;3500,00;127,42;127,42;10000;12;68;Internacional;Todo el territorio nacional;
70101;AMERICAN EXPRESS ARGENTINA S.A.;2026-04-01;THE PLATINUM CREDIT CARD AEROLINEAS PLUS;PLATINUM AEROLINEAS PLUS;,00;399300,00;158,32;,00;2649113;0;100;Internacional;Todo el territorio nacional;
70140;COTO CENTRO INTEGRAL DE COMERCIALIZAC SA;2026-03-31;TARJETA COTO INTELIGENTE;TCI;2222,77;,00;133,56;,00;2400;6;80;Nacional;Todo el territorio nacional;
70141;YPF S.A.;2026-02-13;YPFENRUTA;YER;636,76;,00;63,33;;0;0;100;Nacional;Todo el territorio nacional;CANONAPP
70141;YPF S.A.;2026-02-13;YPFENRUTA;YER;1273,53;,00;63,33;;0;0;100;Nacional;Todo el territorio nacional;CANONFISICO
70142;ALARFIN S.A.;2026-03-31;TARJETA OMIX;TARJETA OMIX;6292,00;23958,00;160,95;160,95;10000;6;70;Nacional;Todo el territorio nacional;
70142;ALARFIN S.A.;2026-03-31;TARJETA OMIX;TARJETA OMIX;6292,00;23958,00;160,95;160,95;10000;6;70;Nacional;Provincia de Buenos Aires;
70147;CENCOSUD S.A.;2026-04-14;TARJETA CENCOPAY MASTERCARD PLUS;TRJ CENCOPAY MASTER PLUS;8932,22;88172,70;133,42;133,66;400000;0;78;Internacional;Todo el territorio nacional;
70147;CENCOSUD S.A.;2026-04-14;TARJETA CENCOPAY;TRJ CENCOPAY;8932,22;88172,70;133,42;133,66;400000;0;78;Nacional;Todo el territorio nacional;
70147;CENCOSUD S.A.;2026-04-14;TARJETA CENCOPAY MASTERCARD INTERNACIONAL;TRJ CENCOPAY MASTER;8932,22;88172,70;133,42;133,66;400000;0;78;Internacional;Todo el territorio nacional;
70147;CENCOSUD S.A.;2026-04-14;TARJETA CENCOPAY MASTERCARD BLACK;TRJ CENCOPAY MASTER BLACK;8932,22;195294,00;133,42;133,66;400000;0;78;Premium platinum;Todo el territorio nacional;
70151;GRUPO CTALAMOCHITA S.A.;2026-04-14;1A TARJETA CIUDAD;1TC;1573,00;;86,16;;155000;12;100;Nacional;Provincia de Córdoba;
70154;TELEPEAJE S.A.;2026-02-18;TELEPEAJE PLUS;TELEPEAJE PLUS;,00;,00;48,21;,00;0;0;100;Nacional;Todo el territorio nacional;TARJETA DE COMPRA APLICADA A CONSUMOS DE PEAJES U OTROS SERVICIOS ADICIONALES
70156;LIDERAR CARD S.A.;2022-10-31;LIDERAR CARD SA;LIDERAR CARD;242,00;1815,00;48,50;97,00;5000;6;80;Internacional;Todo el territorio nacional;
70161;FIDEN S.A.;2021-04-29;TARJETA GARBARINO MASTERCARD INTERNACIONAL;TARJETA MASTERCARD;234,74;1452,00;97,51;97,51;7500;6;80;Internacional;Todo el territorio nacional;
70161;FIDEN S.A.;2021-04-29;TARJETA COMPUMUNDO MASTERCARD INTERNACIONAL;TARJETA MASTERCARD;234,74;1452,00;97,51;97,51;7500;6;80;Internacional;Todo el territorio nacional;
70165;Propay SRL;2022-07-15;MASTERCARD PROPAY;PROPAY;140,00;1620,00;52,57;52,57;20000;6;60;Nacional;Todo el territorio nacional;
70166;PRESTAMAS S.A.;2026-03-25;HAGAMAS;HAGAMAS;16537,00;209408,00;139,84;139,84;100000;12;90;Nacional;Ciudad Autónoma de Buenos Aires;0
70168;Findi S.A.;2026-03-24;LEMON CASH TARJETA DE CREDITO;LEMON CASH TC;7500,00;,00;109,81;,00;0;0;100;Internacional;Todo el territorio nacional;ENTREGA BONIFICADA. MANTENIMIENTO DESPUES LOS PRIMEROS TRES MESES
70210;ITALCRED S.A.;2026-04-01;ITALCRED;ITALCRED;11601,35;66388,13;133,66;133,66;0;0;75;Nacional;Todo el territorio nacional;0
70212;CREDI-PAZ S.A.;2026-03-04;CABAL CREDIPAZ;CABAL CREDIPAZ;4840,00;,00;228,78;228,78;250000;6;80;Internacional;Todo el territorio nacional;
70224;TARJETAS DEL MAR S.A.;2026-04-15;TARJETA LA ANONIMA PURA;TARJETA LA;7725,85;,00;129,55;129,55;0;3;80;Nacional;Provincia de Tierra del Fuego Antártida e Islas del Atlántico Sur;IMPORTES EXENTOS DE IVA
70224;TARJETAS DEL MAR S.A.;2026-04-15;TARJETA LA ANONIMA PURA;TARJETA LA;7723,00;,00;129,55;129,55;0;3;80;Nacional;Todo el territorio nacional;
70228;SANTA MONICA S.A.;2026-04-08;TARJETA ELEBAR CABAL;ELEBAR CABAL;14397,79;,00;105,23;105,23;150000;4;75;Internacional;Todo el territorio nacional;
70228;SANTA MONICA S.A.;2026-04-08;TARJETA ELEBAR;ELEBAR;11324,29;45679,92;106,36;106,36;15000;4;80;Nacional;Provincia de Buenos Aires;
70229;CONTAR S.A.;2026-03-15;CLIPER CABAL;CLIPER CABAL;8470,00;38720,00;105,99;105,99;1100000;4;70;Internacional;Todo el territorio nacional;
70229;CONTAR S.A.;2026-03-15;CLIPER;CLIPER;10285,00;58080,00;105,99;105,99;700000;4;70;Nacional;Provincia de Buenos Aires;
70231;MUTUAL DE ASOC Y ADHER CLUB SPORTS SALTO;2024-10-31;AMSASS CARD;AMSASS CARD;300,00;,00;88,80;44,40;0;12;100;Nacional;Provincia de Buenos Aires;0
70234;NUEVA CARD S.A.;2026-03-25;COOPEPLUS;COOPEPLUS;7489,90;16044,60;131,50;;1500;6;85;Nacional;Provincia de Buenos Aires;
70234;NUEVA CARD S.A.;2026-03-25;COOPEPLUS;COOPEPLUS;7489,90;16044,60;131,50;;1500;6;85;Nacional;Provincia de Río Negro;
70234;NUEVA CARD S.A.;2026-03-25;BAHIA BLANCA PLAZA SHOPPING;BBPS;3496,90;;131,50;;1500;6;85;Nacional;Provincia de Buenos Aires;
70234;NUEVA CARD S.A.;2026-03-25;COOPEPLUS;COOPEPLUS;7489,90;16044,60;131,50;;1500;6;85;Nacional;Provincia de Córdoba;
70234;NUEVA CARD S.A.;2026-03-25;COOPEPLUS;COOPEPLUS;7489,90;16044,60;131,50;;1500;6;85;Nacional;Ciudad Autónoma de Buenos Aires;
70234;NUEVA CARD S.A.;2026-03-25;COOPEPLUS;COOPEPLUS;7489,90;16044,60;131,50;;1500;6;85;Nacional;Provincia de La Pampa;
70234;NUEVA CARD S.A.;2026-03-25;COOPEPLUS;COOPEPLUS;7489,90;16044,60;131,50;;1500;6;85;Nacional;Provincia de Santa Fe;
70234;NUEVA CARD S.A.;2026-03-25;COOPEPLUS;COOPEPLUS;7489,90;16044,60;131,50;;1500;6;85;Nacional;Provincia del Neuquén;
70234;NUEVA CARD S.A.;2026-03-25;COOPEPLUS;COOPEPLUS;7489,90;16044,60;131,50;;1500;6;85;Nacional;Provincia del Chubut;
70239;FERTIL FINANZAS S.A.;2026-04-10;TARJETA FERTIL;TARJ.FERTIL;8470,00;29040,00;106,36;177,22;8000;4;78;Nacional;Provincia de Buenos Aires;
70248;FAVACARD S.A;2026-04-14;FAVACARD CABAL;FAVACARD CABAL;16704,64;56443,77;133,01;133,01;0;4;75;Internacional;Todo el territorio nacional;
70248;FAVACARD S.A;2026-04-14;FAVACARD;FAVACARD;11180,80;46974,33;133,01;133,01;0;4;75;Nacional;Provincia de Buenos Aires;
70252;JUCARD JUNIN S.R.L.;2026-04-10;JUCARD JUNIN SRL;FULLCARD;9066,53;,00;161,72;161,72;6500;12;100;Nacional;Provincia de Buenos Aires;
70257;TARTAN S.A.;2026-04-17;CLIPER CABAL;CLIPER CABAL;8470,00;38720,00;105,99;105,99;1100000;4;70;Internacional;Todo el territorio nacional;
70257;TARTAN S.A.;2026-04-17;CLIPER;CLIPER;10285,00;58080,00;105,99;105,99;650000;4;70;Nacional;Provincia de Buenos Aires;
70268;Asociación Mutual 20 de Julio;2026-01-27;TARJETA BUENA;TARJETA BUENA;60,00;,00;38,70;,00;0;0;100;Nacional;Todo el territorio nacional;SEGUNDA PRESENTACION
70269;Credinos Cooperativa de Vivienda, Crédito, Consumo, Servicios Asistenciales y de Turismo Ltda.;2026-04-09;TARJETA CLICK VISA;VISA;6050,00;18150,00;116,94;116,94;0;12;64;Internacional;Todo el territorio nacional;
70270;Asociación Mutual Club Social Deportivo Ascensión;2025-03-12;ASOCIACION MUTUAL CLUB SOCIAL DEPORTIVO ASCENSION;TARJETA GAUCHA;700,00;4200,00;110,29;110,29;0;12;500;Nacional;Provincia de Buenos Aires;
70301;Tarjeta Pampeana S.A;2026-03-30;TARJETA PAMPEANA SOCIEDAD ANONIMA;TARJETA PAMPEANA MASTER;36299,99;,00;125,91;125,91;100000;6;78;Internacional;Todo el territorio nacional;
70301;Tarjeta Pampeana S.A;2026-03-30;TARJETA PAMPEANA SOCIEDAD ANONIMA;TARJETA PAMPEANA CLASICA;26619,99;,00;125,91;125,91;100000;6;78;Nacional;Todo el territorio nacional;
70301;Tarjeta Pampeana S.A;2026-03-30;TARJETA PAMPEANA SOCIEDAD ANONIMA;TARJETA PAMPEANA GOLD;31459,99;,00;125,91;125,91;100000;6;78;Nacional;Todo el territorio nacional;
70301;Tarjeta Pampeana S.A;2026-03-30;TARJETA PAMPEANA SOCIEDAD ANONIMA;TARJETA PAMPEANA PREMIUM;29039,99;,00;125,91;125,91;100000;6;78;Nacional;Todo el territorio nacional;
70407;TALOR SOCIEDAD COLECTIVA;2026-04-01;TARJETA LOCAL;TARJETA LOCAL;8300,00;,00;122,54;122,54;30000;1;60;Nacional;Provincia de Córdoba;TARJETA REGIONAL
70408;TARJETA NARANJA S.A.;2026-03-30;TARJETA NARANJA;TARJETA NARANJA;7163,20;8835,97;133,57;133,57;2000;4;80;Nacional;Todo el territorio nacional;PARA TIERRA DEL FUEGO A LAS TARIFAS INFORMADAS DEBE DESCONTARSE EL IVA
70408;TARJETA NARANJA S.A.;2026-03-30;TARJETA NARANJA MASTERCARD;TN MASTERCARD;12699,99;17997,54;133,57;133,57;2000;4;80;Internacional;Todo el territorio nacional;PARA TIERRA DEL FUEGO A LAS TARIFAS INFORMADAS DEBE DESCONTARSE EL IVA
70408;TARJETA NARANJA S.A.;2026-03-30;TARJETA NARANJA VISA;TN VISA;12699,99;17997,54;133,57;133,57;2000;4;80;Internacional;Todo el territorio nacional;PARA TIERRA DEL FUEGO A LAS TARIFAS INFORMADAS DEBE DESCONTARSE EL IVA
70411;TEVISAL S.A.;2026-04-01;PLANPLATINO;PLANPLATINO;10648,00;16032,50;106,36;,00;1500;3;100;Nacional;Provincia de San Luis;
70412;Zafiro S.A.;2026-04-04;PLAN PLATINO;PLAN PLATINO;9852,06;14534,64;106,34;,00;1500;3;100;Nacional;Provincia de Córdoba;
70413;VILLTER S.R.L.;2026-04-01;PLANPLATINO;PLANPLATINO;10648,00;16032,50;106,36;,00;1500;3;100;Nacional;Provincia de Córdoba;
70420;Corfa Servi S.R.L.;2026-04-01;CORFA SERVI SRL;TARJETA BELL VILLE;7900,00;,00;122,54;122,54;10000;1;60;Nacional;Provincia de Córdoba;TARJETA REGIONAL BELL VILLE
70421;MUTUAL COYSPU;2024-01-25;TARJETA COYSPU;TARJETA COYSPU;770,00;441,00;380,99;380,99;0;12;100;;Todo el territorio nacional;
70424;Tarjeta PL S.A.;2026-04-07;PASELIBRE;PL;6279,90;7018,00;103,82;;200000;6;75;Nacional;Provincia de Córdoba;
70427;TARJETA GRUPAR S.A.;2019-11-20;TARJETA GRUPAR S.A.;TG;;;;;;;;;;
70429;MUTUAL DE LAS COMUNIDADES;2026-04-07;MUTUAL DE LAS COMUNIDADES;MUTUAL COMUNIDADES;8000,00;16000,00;122,71;122,71;0;0;100;Internacional;Todo el territorio nacional;TARJETA CON ACEPTACION EN TERRITORIO NACIONAL Y LIMITROFES
70430;ASOC. MUTUAL DEL CLUB ALMAFUERTE DE LAS VARILLAS;2026-03-27;TARJETA MUTUAL ALMAFUERTE;TARJETA MUTUAL;3000,00;12000,00;60,00;60,00;500000;6;100;Internacional;Todo el territorio nacional;TARJETA CON ACEPTACION EN TERRITORIO NACIONAL Y LIMITROFES
70433;SISCOM S.R.L.;2026-04-06;MI CIUDAD;MI CIUDAD;3800,00;18000,00;129,46;129,47;15000;6;99;Nacional;Todo el territorio nacional;
70503;LOCRED SRL;2026-04-16;TARJETA LOCRED BLACK;TARJETA LOCRED BLACK;13024,52;22478,18;133,35;133,35;350000;6;64;;Provincia de Corrientes;
70503;LOCRED SRL;2026-04-16;TARJETA LOCRED;TARJETA LOCRED;10917,73;22478,18;133,35;133,35;350000;6;64;;Provincia de Corrientes;
70503;LOCRED SRL;2026-04-16;TARJETA LOCRED;TARJETA LOCRED;10917,73;22478,18;133,35;133,35;350000;6;64;;Provincia del Chaco;
70503;LOCRED SRL;2026-04-16;TARJETA LOCRED BLACK;TARJETA LOCRED BLACK;13024,52;22478,18;133,35;133,35;350000;6;64;;Provincia del Chaco;
70602;ACTUAL S.A.;2020-10-22;ACTUAL SA;TARJETA ACTUAL;241,99;919,97;101,60;101,60;17000;6;65;Nacional;Todo el territorio nacional;
70603;COOP SERV ADM VTAS CRED Y CRED GUIA LTDA;2025-12-26;COOPERATIVA DE SERVICIOS DE ADMINISTRACION DE VENTAS A CREDITO GUIA LTDA;CREDI GUIA;7006,00;14157,00;127,33;,00;100000;4;100;Nacional;Provincia del Neuquén;A PARTIR DE LOS 75 AÑOS DE EDAD, SE DEBE PRESENTAR GARANTE. ANTIGUEDAD LABORAL, SUJETA A TIPO DE CONTRATO
70603;COOP SERV ADM VTAS CRED Y CRED GUIA LTDA;2025-12-26;COOPERATIVA DE SERVICIOS DE ADMINISTRACION DE VENTAS A CREDITO GUIA LTDA;CREDI GUIA;7006,00;14157,00;127,33;,00;100000;4;100;Nacional;Provincia de Río Negro;A PARTIR DE LOS 75 AÑOS DE EDAD, SE DEBE PRESENTAR GARANTE. ANTIGUEDAD LABORAL, SUJETA A TIPO DE CONTRATO
70704;EMCO San Luis S.A.;2020-06-26;TARJETAPLENA;TARJETAPLENA;241,99;1085,37;155,12;155,12;7500;3;65;Nacional;Todo el territorio nacional;
70802;S.A. CLUB DEL ESTE;2026-04-06;TARJETA CLUB D. ESTE;CLUB DEL ESTE;3025,00;11616,00;133,57;133,57;10000;12;100;Nacional;Todo el territorio nacional;
70803;SISTEMA DE CREDITO DE ENTRE RIOS S.A.;2026-04-01;SISTEMA DE CREDITO DE ENTRE RIOS S.A.;SIDECREER CABAL;12007,92;19990,00;133,66;133,66;0;0;100;Internacional;Todo el territorio nacional;
70803;SISTEMA DE CREDITO DE ENTRE RIOS S.A.;2026-04-01;SISTEMA DE CREDITO DE ENTRE RIOS S.A.;SIDECREER;9990,00;19990,00;133,66;133,66;0;0;100;Nacional;Provincia de Entre Ríos;
70805;DILFER S.A.;2026-04-16;VISA-CONSUMAX VISA CLASSIC;CONSUMAX VISA CLASSIC;7500,79;12098,79;161,73;,00;6000;4;85;Internacional;Todo el territorio nacional;
70805;DILFER S.A.;2026-04-16;VISA-CONSUMAX VISA GOLD;CONSUMAX VISA GOLD;8710,79;14518,79;161,73;,00;6000;4;85;Premium gold;Todo el territorio nacional;
70805;DILFER S.A.;2026-04-16;TARJETA CONSUMAX GOLD;CONSUMAX GOLD;5443,79;9678,79;161,73;,00;6000;4;85;Premium gold;Provincia de Corrientes;
70805;DILFER S.A.;2026-04-16;TARJETA CONSUMAX GOLD;CONSUMAX GOLD;5443,79;9678,79;161,73;,00;6000;4;85;Premium gold;Provincia de Entre Ríos;
70806;EMPRENDER S.A.;2024-12-10;LOCAL PLUS;LOCAL PLUS;153670,00;238854,00;10404,00;,00;300000;6;65;Nacional;Provincia de Entre Ríos;SIN OBSERVACIONES
70808;Caja Municipal de Préstamos Sociedad de Economía Mixta;2026-03-26;TARJETA CAJAMIXTA CAJA MUNICIPAL DE PRESTAMOS SEM;TARJETA CAJA MIXTA;193,60;544,50;158,59;158,59;0;0;60;Nacional;Provincia de Entre Ríos;
70903;Única compañía de Crédito S.A.;2026-03-11;;UNICA CLASICA;5900,00;17300,00;162,31;,00;500000;1;73;Nacional;Provincia de Santiago del Estero;
70903;Única compañía de Crédito S.A.;2026-03-11;UNICA CABAL;UNICA CABAL;1430,00;3640,00;162,31;,00;500000;1;73;Internacional;Todo el territorio nacional;
71101;NOA CARD S.A.;2026-04-01;NOA EXPRESS;NOA EXPRESS;124,17;118,17;87,90;;5000;6;65;Nacional;Provincia de Jujuy;
71103;GLOBAL S.R.L.;2026-04-13;TARJETA GENIAL;GENIAL;580,00;1500,00;133,66;133,66;1500;12;80;Nacional;Provincia de Salta;TARJETA REGIONAL
71103;GLOBAL S.R.L.;2026-04-13;TARJETA GENIAL;GENIAL;580,00;1500,00;133,66;133,66;1500;12;80;Nacional;Provincia de Jujuy;TARJETA REGIONAL
71202;EMPRESUR S.A.;2025-03-10;TARJETAQIDA;QIDA;612,26;1891,23;156,34;156,34;20000;4;74;Nacional;Provincia de Río Negro;
71202;EMPRESUR S.A.;2025-03-10;TARJETAQIDA;QIDA;612,26;1891,23;156,34;156,34;20000;4;74;Nacional;Provincia del Chubut;
71202;EMPRESUR S.A.;2025-03-10;TARJETAQIDA;QIDA;612,26;1891,23;156,34;156,34;20000;4;74;Nacional;Provincia de Santa Cruz;
71202;EMPRESUR S.A.;2025-03-10;TARJETAQIDA;QIDA;612,26;1891,23;156,34;156,34;20000;4;74;Nacional;Provincia del Neuquén;
71302;CUMAR S.A.;2026-04-01;TARJETA MAXI ULTRA;ULTRA;7260,00;,00;161,73;,00;0;0;70;Nacional;Provincia de Mendoza;
71402;CENTRO CARD S.A.;2026-04-06;TARJETA DE CREDITO;TARJETA DE CREDITO;6171,00;9401,70;131,71;,00;500000;6;74;Nacional;Provincia de Catamarca;TERRITORIO DE VALIDEZ DE LA OFERTA: APLICABLE TAMBIEN EN PROVINCIA LA RIOJA
71605;AVALON CREDITOS PERSONALES S.A.;2026-03-17;TARJETA HUILEN;HUILEN;2295,00;4522,50;129,16;,00;750000;4;74;Nacional;Provincia de Río Negro;
71801;DATA 2000 S.A.;2026-04-06;DATA 2000 SA;TARJETA DATA;14187,18;35283,25;133,66;133,66;4000;3;71;Nacional;Provincia de San Juan;
71803;VISION S.A.;2026-03-03;TARJETA FIEL;TARJETA FIEL;11147,73;31922,22;159,37;159,37;4500;6;80;Nacional;Provincia de San Juan;
72101;ASOC MUT AYUDA ASOC ADHER CLUB ATL UNION;2025-10-02;MAS UNION PARA VOS;MAS UNION;800,00;,00;163,68;163,68;322200;24;65;Internacional;Provincia de Santa Fe;IMPORTES EXENTOS DE IVA
72102;ASOCIACION MUTUAL DEL CLUB A. ARGENTINO;2026-04-07;TARJETA MUTUAL;TARJETA MUTUAL;11000,00;16500,00;101,22;101,22;0;0;100;Nacional;Provincia de Santa Fe;
72103;CLUB ATLETICO SAN JORGE MUTUAL Y SOCIAL;2026-04-06;COMPRAS CREDICLUB;COMPRAS CREDICLUB;5000,00;,00;133,00;133,00;5000;6;65;Internacional;Todo el territorio nacional;COMPRAS HASTA EN TRES CUOTAS SIN RECARGO PARA EL USUARIO
72104;MUTUAL SOCIOS ASOC MEDIC ROSARIO;2026-02-02;CABAL EFECTIVO;CABAL EFECTIVO;12000,00;,00;117,02;116,94;4000;1;80;Internacional;Todo el territorio nacional;COMISION POR SERVICIO DE RENOVACION: BONIFICADA
72106;ASOCIACION MUTUAL VENADO TUERTO;2026-04-14;MUTUALCARD;MUTUALCARD;4500,00;,00;130,58;130,58;1000;12;100;Nacional;Provincia de Santa Fe;
72112;ASOC MUTUAL SOC CTRO EC CAÑADA DE GOMEZ;2025-12-22;TARJETA DEL CENTRO;TARJETA DEL CENTRO;50,00;,00;111,01;111,01;0;0;100;Nacional;Provincia de Santa Fe;                                                                                                                                                                                                                                                                                                                                                                                                                                                     
72113;MUTUAL ENTRE ASOC COOPER MUTUAL PATRONAL;2026-04-08;TARJETAPRIMICIA;PRIMICIA;4400,00;,00;133,66;133,66;350000;12;60;Internacional;Todo el territorio nacional;
72115;San Cristóbal Caja Mutual entre Asociados de San Cristobal SMSG;2020-01-08;;;;;;;;;;;;
72117;ASOC MUT CONSEJ ARROYOS COOP EMP MULTIPL;2026-04-15;ASOCIACION MUTUAL CONSEJEROS DE LOS ARROYOS COOP EMP MULT;MUTUAL DE LOS ARROYOS;6500,00;,00;133,66;87,90;500;0;80;Nacional;Todo el territorio nacional;
72120;CREDIFE S.A.;2025-04-03;CRE CARD;CRE CARD;968,00;4356,00;127,29;127,29;10000;12;65;Nacional;Provincia de Santa Fe;
72120;CREDIFE S.A.;2025-04-03;CRE CARD;CRE CARD;968,00;4356,00;127,29;127,29;10000;12;65;Nacional;Provincia de Entre Ríos;
72122;MUTUAL DE RESIDENTES DEL BARRIO TAIS;2019-08-27;EXPRES CARD PLUS;EXPRES CARD PLUS;50,00;,00;48,00;48,00;5000;12;100;Nacional;Provincia de Santa Fe;TARJETA LOCAL CON ACEPTACION EN LA PROVINCIA DE SANTA FE
72123;SOCIEDAD ARG DE SOCORROS MUTUO CORONDA;2026-03-31;TARJETA MUTUA;TARJETA;4000,00;,00;84,29;84,29;2000000;12;73;Premium gold;Provincia de Santa Fe;
72128;ASOCIACION MUTUAL CLUB COLON DE SAN JUSTO;2026-04-13;TARJETA MUTUAL MAS;TARJETA;3000,00;,00;,00;,00;;;8000;Premium gold;Provincia de Santa Fe;
72129;ASOCIACION MUTUAL CLUB ATLETICO PILAR;2025-12-26;MIA CABAL;MIA CABAL;3000,00;,00;101,07;101,07;0;0;100;Nacional;Todo el territorio nacional;
72129;ASOCIACION MUTUAL CLUB ATLETICO PILAR;2025-12-26;MIA;MIA;3000,00;,00;101,07;101,07;0;0;100;Nacional;Provincia de Santa Fe;
72131;Asociación Mutual del Personal Jerárquico de Bancos Oficiales Nacionales;2026-04-10;0DTARJETA JERARQUICOS;TARJETA JERARQUICOS;,00;300,00;,00;,00;76000;0;100;Nacional;Todo el territorio nacional;0A
72132;Asociación Mutual de Ayuda entre Asociados y Adherentes del Club Deportivo Libertad;2026-03-20;TARJETA DE CREDITO LIBER ORO;LIBER;2500,00;,00;124,87;112,90;0;0;100;Nacional;Provincia de Santa Fe;
72133;CREDIFIAR S.A.;2026-03-26;CREDIFIAR;TARJETA;8591,00;11616,00;106,36;106,36;0;0;75;Nacional;Provincia de Santa Fe;
72133;CREDIFIAR S.A.;2026-03-26;CREDIFIAR;TARJETA;8591,00;11616,00;106,36;106,36;0;0;75;Nacional;Provincia de Entre Ríos;
72134;Asociación Mutual de Ayuda entre Asociados y Adherentes del Club Atlético Libertad.;2023-04-25;LIBERT CARD;LIBERT CARD;150,00;,00;80,00;80,00;5000;12;100;Nacional;Provincia de Santa Fe;TARJETA LOCAL CON ACEPTACION EN LA PROVINCIA DE SANTA FE
72135;Asociación Mutual PYME RURAL;2026-04-15;TARJETA PYME RURAL;TARJETA;2000,00;2000,00;125,30;125,30;0;0;0;;Provincia de Santa Fe;TARJETA PYME RURAL
72136;Asociación Mutualista del Club Central San Carlos;2026-01-27;TARJETA CENTRAL;TARJETA CENTRAL;7100,00;,00;139,71;139,71;0;0;100;Nacional;Provincia de Santa Fe;TARJETA LOCAL CON ACEPTACION EN LA PROVINCIA DE SANTA FE
72303;CREDIMAS S.A.;2026-03-25;TARJETA CREDIMAS;CREDIMAS;5867,19;8477,66;132,79;132,79;200000;4;100;Nacional;Provincia de Santiago del Estero;
72303;CREDIMAS S.A.;2026-03-25;TARJETA CREDIMAS;CREDIMAS;5867,19;8477,66;132,79;132,79;200000;4;100;Nacional;Provincia de Tucumán;
72303;CREDIMAS S.A.;2026-03-25;TARJETA CREDIMAS;CREDIMAS;5867,19;8477,66;132,79;132,79;200000;4;100;Nacional;Provincia de Jujuy;
72303;CREDIMAS S.A.;2026-03-25;TARJETA CREDIMAS;CREDIMAS;5867,19;8477,66;132,79;132,79;200000;4;100;Nacional;Provincia de Salta;
72304;TARJETA TITANIO S.A.;2026-04-06;TARJETA TITANIO;TITANIO;7163,20;7622,40;161,60;161,60;100000;6;75;Nacional;Provincia de Tucumán;
72306;VALLE FERTIL S.A.;2026-04-01;TARJETA SUCREDITO;SUCREDITO;9073,79;11433,89;161,58;;1500;4;75;Nacional;Provincia de Salta;
72306;VALLE FERTIL S.A.;2026-04-01;TARJETA SUCREDITO;SUCREDITO;9073,79;11433,89;161,58;;1500;4;75;Nacional;Provincia de Jujuy;
72306;VALLE FERTIL S.A.;2026-04-01;TARJETA SUCREDITO;SUCREDITO;9073,79;11433,89;161,58;;1500;4;75;Nacional;Provincia de Santiago del Estero;
72306;VALLE FERTIL S.A.;2026-04-01;TARJETA SUCREDITO;SUCREDITO;9073,79;11433,89;161,58;;1500;4;75;Nacional;Provincia de Córdoba;
72306;VALLE FERTIL S.A.;2026-04-01;TARJETA SUCREDITO;SUCREDITO;9073,79;11433,89;161,58;;1500;4;75;Nacional;Provincia de Tucumán;
72307;CAJA POPULAR DE AHORROS PCIA DE TUCUMAN;2026-04-16;CABAL;CABAL;4235,00;6050,00;129,46;129,46;20000;0;70;Nacional;Provincia de Salta;
72307;CAJA POPULAR DE AHORROS PCIA DE TUCUMAN;2026-04-16;VISA INTERNACIONAL;VISA INT;6050,00;12100,00;129,46;129,46;20000;0;70;Internacional;Provincia de Buenos Aires;
72307;CAJA POPULAR DE AHORROS PCIA DE TUCUMAN;2026-04-16;VISA GOLD;V. GOLD;6050,00;16940,00;129,46;129,46;40000;0;70;Premium gold;Provincia de Córdoba;
72307;CAJA POPULAR DE AHORROS PCIA DE TUCUMAN;2026-04-16;CABAL;CABAL;4235,00;6050,00;129,46;129,46;20000;0;70;Nacional;Provincia de Córdoba;
72307;CAJA POPULAR DE AHORROS PCIA DE TUCUMAN;2026-04-16;VISA GOLD;V. GOLD;6050,00;16940,00;129,46;129,46;40000;0;70;Premium gold;Provincia de Tucumán;
72307;CAJA POPULAR DE AHORROS PCIA DE TUCUMAN;2026-04-16;VISA GOLD;V. GOLD;6050,00;16940,00;129,46;129,46;40000;0;70;Premium gold;Provincia de Buenos Aires;
72307;CAJA POPULAR DE AHORROS PCIA DE TUCUMAN;2026-04-16;CABAL;CABAL;4235,00;6050,00;129,46;129,46;20000;0;70;Nacional;Provincia de Buenos Aires;
72307;CAJA POPULAR DE AHORROS PCIA DE TUCUMAN;2026-04-16;VISA INTERNACIONAL;VISA INT;6050,00;12100,00;129,46;129,46;20000;0;70;Internacional;Provincia de Córdoba;
72307;CAJA POPULAR DE AHORROS PCIA DE TUCUMAN;2026-04-16;VISA NACIONAL;VISA NAC;1331,00;217,80;129,46;129,46;0;0;0;Nacional;Provincia de Buenos Aires;
72307;CAJA POPULAR DE AHORROS PCIA DE TUCUMAN;2026-04-16;VISA NACIONAL;VISA NAC;1331,00;217,80;129,46;129,46;0;0;0;Nacional;Provincia de Córdoba;
72307;CAJA POPULAR DE AHORROS PCIA DE TUCUMAN;2026-04-16;CABAL;CABAL;4235,00;6050,00;129,46;129,46;20000;0;70;Nacional;Provincia de Tucumán;
72307;CAJA POPULAR DE AHORROS PCIA DE TUCUMAN;2026-04-16;VISA INTERNACIONAL;VISA INT;6050,00;12100,00;129,46;129,46;20000;0;70;Internacional;Provincia de Tucumán;
72307;CAJA POPULAR DE AHORROS PCIA DE TUCUMAN;2026-04-16;VISA NACIONAL;VISA NAC;1331,00;217,80;129,46;129,46;0;0;0;Nacional;Provincia de Tucumán;
72307;CAJA POPULAR DE AHORROS PCIA DE TUCUMAN;2026-04-16;VISA GOLD;V. GOLD;6050,00;16940,00;129,46;129,46;40000;0;70;Premium gold;Provincia de Salta;
72307;CAJA POPULAR DE AHORROS PCIA DE TUCUMAN;2026-04-16;VISA INTERNACIONAL;VISA INT;6050,00;12100,00;129,46;129,46;20000;0;70;Internacional;Provincia de Salta;
72307;CAJA POPULAR DE AHORROS PCIA DE TUCUMAN;2026-04-16;VISA NACIONAL;VISA NAC;1331,00;217,80;129,46;129,46;0;0;0;Nacional;Provincia de Salta;
72308;CASTILLO S.A.C.I.F.I.A.;2026-03-30;TARJETA CREDICASH;CREDICASH;6655,00;8228,00;133,42;;338000;4;75;Nacional;Provincia de Santiago del Estero;
72308;CASTILLO S.A.C.I.F.I.A.;2026-03-30;TARJETA CREDICASH;CREDICASH;6655,00;8228,00;133,42;;338000;4;75;Nacional;Provincia de Salta;
72308;CASTILLO S.A.C.I.F.I.A.;2026-03-30;TARJETA CREDICASH;CREDICASH;6655,00;8228,00;133,42;;338000;4;75;Nacional;Provincia de La Rioja;
72308;CASTILLO S.A.C.I.F.I.A.;2026-03-30;TARJETA CREDICASH;CREDICASH;6655,00;8228,00;133,42;;338000;4;75;Nacional;Provincia de Tucumán;
72308;CASTILLO S.A.C.I.F.I.A.;2026-03-30;TARJETA CREDICASH;CREDICASH;6655,00;8228,00;133,42;;338000;4;75;Nacional;Provincia de Catamarca;
72308;CASTILLO S.A.C.I.F.I.A.;2026-03-30;TARJETA CREDICASH;CREDICASH;6655,00;8228,00;133,42;;338000;4;75;Nacional;Provincia de Jujuy;
72501;TDF S.A.;2026-04-09;TDF S.A.;TDF;125244,68;125244,68;132,79;132,79;0;0;70;Nacional;Provincia del Chubut;
72501;TDF S.A.;2026-04-09;TDF S.A.;TDF;103508,00;103508,00;132,79;132,79;0;0;70;Nacional;Provincia de Tierra del Fuego Antártida e Islas del Atlántico Sur;
72501;TDF S.A.;2026-04-09;TDF S.A.;TDF;125244,68;125244,68;132,79;132,79;0;0;70;Nacional;Provincia de Santa Cruz;
72601;IPLYC-MP HOGAR CONSORCIO DE COOPERACION;2022-10-14;TARJETA NATURAL;TARJETA NATURAL;235,95;722,37;63,21;63,21;750;0;83;Nacional;Provincia de Misiones;
72603;CREDIMAZ S.R.L.;2023-05-23;NACIONAL CREDIMAZ;NACIONAL;108,90;363,00;106,49;106,49;16875;3;65;Nacional;Provincia de Misiones;
72603;CREDIMAZ S.R.L.;2023-05-23;NACIONAL CREDIMAZ;NACIONAL;108,90;363,00;149,61;149,61;16875;3;65;Nacional;Provincia de Misiones;
72603;CREDIMAZ S.R.L.;2023-05-23;NACIONAL CREDIMAZ;NACIONAL;108,90;363,00;96,34;96,34;20588;3;65;Nacional;Provincia de Misiones;
72614;MUTUAL DE DOCENTES DE NEUQUEN;2021-12-14;TARJETA MUDON;MUDON;,00;,00;38,24;,00;0;0;100;Nacional;Todo el territorio nacional;0
72618;ASOCIACION MUTUAL DE ASOCIADOS Y ADHERENTES DEL CENTRO JUVENIL SPORTIVO BELGRANO;2022-01-05;TARJETA AMIGA PLUS;AMIGA PLUS;60,00;,00;51,60;51,60;10000;6;100;Nacional;Provincia de Córdoba;0
72622;ASOCIACION MUTUAL SANTA AGUSTINA;2026-04-17;ASOCIACION MUTUAL SANTA AGUSTINA;PRACTICA;4950,00;17700,00;125,96;,00;8000;12;100;Nacional;Provincia de Buenos Aires;
72631;COOPERATIVA DE PROVISION DE BIENES Y SERVICIOS ALLEN LTDA;2025-01-20;TARJETA LIEN;LIEN;4132,23;,00;,00;,00;700000;6;100;Nacional;Provincia de Río Negro;ALLEN
72633;COOPERATIVA FARO LTDA;2025-01-15;TARJETA FARO;FARO;57600,00;,00;,00;,00;0;6;100;Nacional;Provincia de Río Negro;TARJETA REGIONAL
72634;MERCADOLIBRE S.R.L.;2026-04-07;TARJETA DE CREDITO MERCADO PAGO MASTERCARD;MERCADO PAGO MASTERCARD;,00;,00;133,66;,00;357800;0;100;Nacional;Todo el territorio nacional;
